biosample	assembly_accession	bioproject	taxon	organism_name	infraspecific_name	taxid	species_taxid	seq_rel_date	asm_name	ftp_path	summary_source	refseq_category	genome_size	n_runs_available	run_accession	study_accession	instrument_model	library_selection	read_count	base_count	fastq_ftp	fastq_md5	fastq_bytes	estimated_coverage
SAMD00113925	GCF_033130105.1	PRJNA224116	Enterobacter spp.	Enterobacter asburiae	strain=TA61661	61645	61645	2023-06-30	ASM3313010v1	https://ftp.ncbi.nlm.nih.gov/genomes/all/GCF/033/130/105/GCF_033130105.1_ASM3313010v1/	refseq	na	4869826	2	DRR126716	PRJDB6828	Illumina MiSeq	RANDOM	1209935	477192328	ftp.sra.ebi.ac.uk/vol1/fastq/DRR126/DRR126716/DRR126716_1.fastq.gz;ftp.sra.ebi.ac.uk/vol1/fastq/DRR126/DRR126716/DRR126716_2.fastq.gz	d6f98cf698ec965a6d7ec3b52893e350;faea6239bfa36c3b5231ba5d7ac2984d	139697313;192784174	98.0
SAMD00173594	GCF_059696485.1	PRJNA224116	Enterobacter spp.	Enterobacter asburiae	strain=Keio CL MIC 0002	61645	61645	2023-07-04	ASM5969648v1	https://ftp.ncbi.nlm.nih.gov/genomes/all/GCF/059/696/485/GCF_059696485.1_ASM5969648v1/	refseq	na	4789793	2	DRR180674	PRJDB8412	Illumina MiSeq	RANDOM	2207978	1020708040	ftp.sra.ebi.ac.uk/vol1/fastq/DRR180/DRR180674/DRR180674_1.fastq.gz;ftp.sra.ebi.ac.uk/vol1/fastq/DRR180/DRR180674/DRR180674_2.fastq.gz	6d173e517cffee1026c9ca0a246be2e2;5698e5be1a560fe9c507c694c752db0a	337519183;390895332	213.1
SAMD00499712	GCF_059739495.1	PRJNA224116	Citrobacter spp.	Citrobacter freundii	strain=JBCDAAB-19-0172	546	546	2026-04-07	ASM5973949v1	https://ftp.ncbi.nlm.nih.gov/genomes/all/GCF/059/739/495/GCF_059739495.1_ASM5973949v1/	refseq	na	5092678	1	DRR388216	PRJDB10842	HiSeq X Five	RANDOM	1191554	359849308	ftp.sra.ebi.ac.uk/vol1/fastq/DRR388/DRR388216/DRR388216_1.fastq.gz;ftp.sra.ebi.ac.uk/vol1/fastq/DRR388/DRR388216/DRR388216_2.fastq.gz	9313bb9ba5933643712c84ae97d68153;fdfeae6f0d582022953f2255a7066e4f	63418127;63571667	70.7
SAMD00501318	GCF_059739485.1	PRJNA224116	Klebsiella pneumoniae	Klebsiella pneumoniae subsp. pneumoniae	strain=JBDDABB-19-0155	72407	573	2026-04-07	ASM5973948v1	https://ftp.ncbi.nlm.nih.gov/genomes/all/GCF/059/739/485/GCF_059739485.1_ASM5973948v1/	refseq	na	5827716	1	DRR389822	PRJDB10842	HiSeq X Five	RANDOM	1596150	482037300	ftp.sra.ebi.ac.uk/vol1/fastq/DRR389/DRR389822/DRR389822_1.fastq.gz;ftp.sra.ebi.ac.uk/vol1/fastq/DRR389/DRR389822/DRR389822_2.fastq.gz	1eb39c7d7afb8dfc2e3a5b69a1905439;529cd82fa3e6c8f5b71b3b1dab3d4f9b	123454218;137899006	82.7
SAMD00521555	GCF_030295445.1	PRJNA224116	Enterococcus faecalis	Enterococcus faecalis	strain=JARB-HU0796	1351	1351	2023-02-15	ASM3029544v1	https://ftp.ncbi.nlm.nih.gov/genomes/all/GCF/030/295/445/GCF_030295445.1_ASM3029544v1/	refseq	na	2867453	1	DRR400396	PRJDB14228	HiSeq X Five	RANDOM	1391311	420175922	ftp.sra.ebi.ac.uk/vol1/fastq/DRR400/DRR400396/DRR400396_1.fastq.gz;ftp.sra.ebi.ac.uk/vol1/fastq/DRR400/DRR400396/DRR400396_2.fastq.gz	2e0662e7e3e7591625a3e92a54092180;e879be8ed720ae7bed1fe9d832f1c9f4	72391176;72687816	146.5
SAMD00565567	GCF_040372185.1	PRJNA224116	Enterococcus faecium	Enterococcus faecium	strain=JARB-OU2352	1352	1352	2024-03-14	ASM4037218v1	https://ftp.ncbi.nlm.nih.gov/genomes/all/GCF/040/372/185/GCF_040372185.1_ASM4037218v1/	refseq	na	3105137	1	DRR427953	PRJDB14951	Illumina MiSeq	RANDOM	502685	246095781	ftp.sra.ebi.ac.uk/vol1/fastq/DRR427/DRR427953/DRR427953_1.fastq.gz;ftp.sra.ebi.ac.uk/vol1/fastq/DRR427/DRR427953/DRR427953_2.fastq.gz	83a39166d372fd6e5271f4407a216419;3e44aa31222a3f35acd3b2e2b23767ab	44360966;44502521	79.3
SAMD00565591	GCF_040369085.1	PRJNA224116	Enterococcus faecium	Enterococcus faecium	strain=JARB-OU2377	1352	1352	2024-03-14	ASM4036908v1	https://ftp.ncbi.nlm.nih.gov/genomes/all/GCF/040/369/085/GCF_040369085.1_ASM4036908v1/	refseq	na	3146850	1	DRR427977	PRJDB14951	Illumina MiSeq	RANDOM	487158	235313631	ftp.sra.ebi.ac.uk/vol1/fastq/DRR427/DRR427977/DRR427977_1.fastq.gz;ftp.sra.ebi.ac.uk/vol1/fastq/DRR427/DRR427977/DRR427977_2.fastq.gz	958318647622b055c1e0743b75063fbc;e6544e95edbe9ebc32b9b35a2d83e367	42482931;42647422	74.8
SAMD00565616	GCF_040367385.1	PRJNA224116	Enterococcus faecium	Enterococcus faecium	strain=JARB-OU2402	1352	1352	2024-03-14	ASM4036738v1	https://ftp.ncbi.nlm.nih.gov/genomes/all/GCF/040/367/385/GCF_040367385.1_ASM4036738v1/	refseq	na	3103765	1	DRR428002	PRJDB14951	Illumina MiSeq	RANDOM	356182	158556189	ftp.sra.ebi.ac.uk/vol1/fastq/DRR428/DRR428002/DRR428002_1.fastq.gz;ftp.sra.ebi.ac.uk/vol1/fastq/DRR428/DRR428002/DRR428002_2.fastq.gz	10a5d22ee1dd425b22866b49fd8c761f;e34aedfd5718b1164cb514bddfe5b444	28951412;29057419	51.1
SAMD00574245	GCF_041154375.1	PRJNA224116	Enterobacter spp.	Enterobacter asburiae	strain=CRE21025	61645	61645	2024-06-29	ASM4115437v1	https://ftp.ncbi.nlm.nih.gov/genomes/all/GCF/041/154/375/GCF_041154375.1_ASM4115437v1/	refseq	na	4680860	2	DRR437148	PRJDB15137	Illumina iSeq 100	RANDOM	776057	228851279	ftp.sra.ebi.ac.uk/vol1/fastq/DRR437/DRR437148/DRR437148_1.fastq.gz;ftp.sra.ebi.ac.uk/vol1/fastq/DRR437/DRR437148/DRR437148_2.fastq.gz	dda85fded1602521d3af622df4e9dacb;abff3fcac67f01a2e7a29e2fa565d2de	51532080;53616241	48.9
SAMD00577372	GCF_030295785.1	PRJNA224116	Enterococcus faecium	Enterococcus faecium	strain=K6D	1352	1352	2023-02-21	ASM3029578v1	https://ftp.ncbi.nlm.nih.gov/genomes/all/GCF/030/295/785/GCF_030295785.1_ASM3029578v1/	refseq	na	2840077	1	DRR510783	PRJDB15240	Illumina MiSeq	cDNA	884626	346908197	ftp.sra.ebi.ac.uk/vol1/fastq/DRR510/DRR510783/DRR510783_1.fastq.gz;ftp.sra.ebi.ac.uk/vol1/fastq/DRR510/DRR510783/DRR510783_2.fastq.gz	7905c95cf4fec0820cc66f54bfc653e7;5762aed49e4df8848f0d3357c7025c6e	69101674;69298501	122.1
SAMD00577373	GCF_030295805.1	PRJNA224116	Enterococcus faecalis	Enterococcus faecalis	strain=L6D	1351	1351	2023-02-21	ASM3029580v1	https://ftp.ncbi.nlm.nih.gov/genomes/all/GCF/030/295/805/GCF_030295805.1_ASM3029580v1/	refseq	na	3041860	1	DRR510786	PRJDB15240	Illumina MiSeq	cDNA	716084	223659442	ftp.sra.ebi.ac.uk/vol1/fastq/DRR510/DRR510786/DRR510786_1.fastq.gz;ftp.sra.ebi.ac.uk/vol1/fastq/DRR510/DRR510786/DRR510786_2.fastq.gz	58e583fbd77d27fbb371cff94ca6ab1e;7e6b6c9f3db9448b6aeb47785d054912	46659042;46818520	73.5
SAMD00623430	GCF_033130085.1	PRJNA224116	Enterococcus faecium	Enterococcus faecium	strain=8419	1352	1352	2023-06-24	ASM3313008v1	https://ftp.ncbi.nlm.nih.gov/genomes/all/GCF/033/130/085/GCF_033130085.1_ASM3313008v1/	refseq	na	3094047	1	DRR488523	PRJDB16035	Illumina NovaSeq 6000	PCR	3549863	1065087012	ftp.sra.ebi.ac.uk/vol1/fastq/DRR488/DRR488523/DRR488523_1.fastq.gz;ftp.sra.ebi.ac.uk/vol1/fastq/DRR488/DRR488523/DRR488523_2.fastq.gz	de1fa0e888ca61e0322301906cefd9cf;2da887871937423423856bc035b2657d	210633105;210758361	344.2
SAMD00748008	GCF_040371495.1	PRJNA224116	Enterococcus faecalis	Enterococcus faecalis	strain=EF01	1351	1351	2024-03-08	ASM4037149v1	https://ftp.ncbi.nlm.nih.gov/genomes/all/GCF/040/371/495/GCF_040371495.1_ASM4037149v1/	refseq	na	3224075	1	DRR532495	PRJDB17563	Illumina MiSeq	unspecified	2433235	1474540410	ftp.sra.ebi.ac.uk/vol1/fastq/DRR532/DRR532495/DRR532495_1.fastq.gz;ftp.sra.ebi.ac.uk/vol1/fastq/DRR532/DRR532495/DRR532495_2.fastq.gz	51fd596bed6c41864e05c250716ca64f;f001c595f087dbadb0eef3892f4f3159	256785879;262163165	457.4
SAMD00818410	GCF_047159435.1	PRJNA224116	Enterobacter spp.	Enterobacter asburiae	strain=GPC19-245	61645	61645	2024-11-20	ASM4715943v1	https://ftp.ncbi.nlm.nih.gov/genomes/all/GCF/047/159/435/GCF_047159435.1_ASM4715943v1/	refseq	na	4757522	7	DRR596195	PRJDB18650	Illumina iSeq 100	RANDOM	1948602	584620189	ftp.sra.ebi.ac.uk/vol1/fastq/DRR596/DRR596195/DRR596195_1.fastq.gz;ftp.sra.ebi.ac.uk/vol1/fastq/DRR596/DRR596195/DRR596195_2.fastq.gz	b71c57b52fd20c04730bd4e8b08ba5bf;acbee02c36d818a5aed206b9b05b8be0	151763705;154842237	122.9
SAMD00824839	GCF_045866585.1	PRJNA224116	Enterobacter spp.	Enterobacter hormaechei subsp. xiangfangensis	strain=B12-S377	1296536	158836	2024-10-23	ASM4586658v1	https://ftp.ncbi.nlm.nih.gov/genomes/all/GCF/045/866/585/GCF_045866585.1_ASM4586658v1/	refseq	na	4912375	1	DRR609303	PRJDB18940	Illumina MiSeq	RANDOM	793368	444365615	ftp.sra.ebi.ac.uk/vol1/fastq/DRR609/DRR609303/DRR609303_1.fastq.gz;ftp.sra.ebi.ac.uk/vol1/fastq/DRR609/DRR609303/DRR609303_2.fastq.gz	db6779cd3528198153829dfe5eb4d10a;47949b2069e30137612ae9c9510083ac	159341438;196350788	90.5
SAMD01696781	GCF_059705295.1	PRJNA224116	Klebsiella pneumoniae	Klebsiella pneumoniae	strain=BR251	573	573	2026-04-15	ASM5970529v1	https://ftp.ncbi.nlm.nih.gov/genomes/all/GCF/059/705/295/GCF_059705295.1_ASM5970529v1/	refseq	na	5122792	1	DRR789996	PRJDB37866	NextSeq 2000	RANDOM	1198815	357070023	ftp.sra.ebi.ac.uk/vol1/fastq/DRR789/DRR789996/DRR789996_1.fastq.gz;ftp.sra.ebi.ac.uk/vol1/fastq/DRR789/DRR789996/DRR789996_2.fastq.gz	a075652eb0a7e7cf02fba839aa9d40fd;731a7bdaa95c2b8f2838af2652f52ae2	88029691;92156990	69.7
SAMD01704708	GCF_055398165.1	PRJNA224116	Klebsiella pneumoniae	Klebsiella pneumoniae	na	573	573	2025-12-06	ASM5539816v1	https://ftp.ncbi.nlm.nih.gov/genomes/all/GCF/055/398/165/GCF_055398165.1_ASM5539816v1/	refseq	na	5448556	1	DRR792925	PRJDB9509	Illumina NovaSeq 6000	RANDOM	2049713	599971189	ftp.sra.ebi.ac.uk/vol1/fastq/DRR792/DRR792925/DRR792925_1.fastq.gz;ftp.sra.ebi.ac.uk/vol1/fastq/DRR792/DRR792925/DRR792925_2.fastq.gz	45017bc3991ee412eacc2e7ae4e4b1c5;647eda5d8a03256ebca2408f92f9ff26	125811745;129653552	110.1
SAMD01704709	GCF_055397985.1	PRJNA224116	Klebsiella pneumoniae	Klebsiella pneumoniae	na	573	573	2025-12-06	ASM5539798v1	https://ftp.ncbi.nlm.nih.gov/genomes/all/GCF/055/397/985/GCF_055397985.1_ASM5539798v1/	refseq	na	5463812	1	DRR792926	PRJDB9509	Illumina NovaSeq 6000	RANDOM	2398349	707708325	ftp.sra.ebi.ac.uk/vol1/fastq/DRR792/DRR792926/DRR792926_1.fastq.gz;ftp.sra.ebi.ac.uk/vol1/fastq/DRR792/DRR792926/DRR792926_2.fastq.gz	6ff11513451bcdedc5fd698bf3a1c1e4;5f7f2f1342987dbdf1cbf1101ffaf1e0	149301499;155450582	129.5
SAMD01704710	GCF_055397695.1	PRJNA224116	Klebsiella pneumoniae	Klebsiella pneumoniae	na	573	573	2025-12-06	ASM5539769v1	https://ftp.ncbi.nlm.nih.gov/genomes/all/GCF/055/397/695/GCF_055397695.1_ASM5539769v1/	refseq	na	5386070	1	DRR792927	PRJDB9509	Illumina NovaSeq 6000	RANDOM	2485757	733431353	ftp.sra.ebi.ac.uk/vol1/fastq/DRR792/DRR792927/DRR792927_1.fastq.gz;ftp.sra.ebi.ac.uk/vol1/fastq/DRR792/DRR792927/DRR792927_2.fastq.gz	b3380a5cced359dbf91a77e891da8ac7;15597749e73a9e8020c489e10a5072be	155318725;165026959	136.2
SAMD01704711	GCF_055397515.1	PRJNA224116	Klebsiella pneumoniae	Klebsiella pneumoniae	na	573	573	2025-12-06	ASM5539751v1	https://ftp.ncbi.nlm.nih.gov/genomes/all/GCF/055/397/515/GCF_055397515.1_ASM5539751v1/	refseq	na	5372956	1	DRR792928	PRJDB9509	Illumina NovaSeq 6000	RANDOM	2569173	757675894	ftp.sra.ebi.ac.uk/vol1/fastq/DRR792/DRR792928/DRR792928_1.fastq.gz;ftp.sra.ebi.ac.uk/vol1/fastq/DRR792/DRR792928/DRR792928_2.fastq.gz	d7f13c6bd5e6b7a72eb9d682bf107207;70cfd04d272c114862a9af849d05d213	159710168;167635351	141.0
SAMEA111505541	GCF_032389435.1	PRJNA224116	Enterobacter spp.	Enterobacter sp. DTU_2021_1002640_1_SI_PRY_ASU_LCPMC_013	strain=DTU_2021_1002640_1_SI_PRY_ASU_LCPMC_013	3077940	3077940	2023-10-05	ASM3238943v1	https://ftp.ncbi.nlm.nih.gov/genomes/all/GCF/032/389/435/GCF_032389435.1_ASM3238943v1/	refseq	na	4895951	1	ERR10431730	PRJEB56918	NextSeq 500	RANDOM	13229598	1954402590	ftp.sra.ebi.ac.uk/vol1/fastq/ERR104/030/ERR10431730/ERR10431730_1.fastq.gz;ftp.sra.ebi.ac.uk/vol1/fastq/ERR104/030/ERR10431730/ERR10431730_2.fastq.gz	aa2fae8c169b0584580478549969cfd5;2d27ac743c18dff06fe326d6605b07b5	616779615;626930769	399.2
SAMEA115720014	GCF_964198855.1	PRJNA224116	Klebsiella pneumoniae	Klebsiella pneumoniae	strain=Zagreb011	573	573	2024-07-11	Zagreb011_hybrid_assembly.fa.gz	https://ftp.ncbi.nlm.nih.gov/genomes/all/GCF/964/198/855/GCF_964198855.1_Zagreb011_hybrid_assembly.fa.gz/	refseq	na	5684674	1	ERR13252980	PRJEB76496	Illumina MiSeq	unspecified	1571676	233216717	ftp.sra.ebi.ac.uk/vol1/fastq/ERR132/080/ERR13252980/ERR13252980_1.fastq.gz;ftp.sra.ebi.ac.uk/vol1/fastq/ERR132/080/ERR13252980/ERR13252980_2.fastq.gz	278701a66b6f451b30b26dc4172d1216;e2dfa7c02d44dd9929dd1d7f06382829	87719439;93317543	41.0
SAMEA115720024	GCF_964198675.1	PRJNA224116	Klebsiella pneumoniae	Klebsiella pneumoniae	strain=Zagreb021	573	573	2024-07-11	Zagreb021_hybrid_assembly.fa.gz	https://ftp.ncbi.nlm.nih.gov/genomes/all/GCF/964/198/675/GCF_964198675.1_Zagreb021_hybrid_assembly.fa.gz/	refseq	na	5707687	1	ERR13252990	PRJEB76496	Illumina MiSeq	unspecified	2533254	375827143	ftp.sra.ebi.ac.uk/vol1/fastq/ERR132/090/ERR13252990/ERR13252990_1.fastq.gz;ftp.sra.ebi.ac.uk/vol1/fastq/ERR132/090/ERR13252990/ERR13252990_2.fastq.gz	52c9f3a498868c986d73670208f89b0d;615917cf07051d3267fbfbbbb88b30c6	138791689;144559990	65.8
SAMEA115720039	GCF_964198705.1	PRJNA224116	Klebsiella pneumoniae	Klebsiella pneumoniae	strain=Zagreb036	573	573	2024-07-11	Zagreb036_hybrid_assembly.fa.gz	https://ftp.ncbi.nlm.nih.gov/genomes/all/GCF/964/198/705/GCF_964198705.1_Zagreb036_hybrid_assembly.fa.gz/	refseq	na	5898602	1	ERR13253005	PRJEB76496	Illumina MiSeq	unspecified	2113754	315242256	ftp.sra.ebi.ac.uk/vol1/fastq/ERR132/005/ERR13253005/ERR13253005_1.fastq.gz;ftp.sra.ebi.ac.uk/vol1/fastq/ERR132/005/ERR13253005/ERR13253005_2.fastq.gz	54c58d20c645773723096625d481300a;324168e28f2ef8d626e9fbb80b1ea5a9	119908959;130195324	53.4
SAMEA115720041	GCF_964198955.1	PRJNA224116	Klebsiella pneumoniae	Klebsiella pneumoniae	strain=Zagreb038	573	573	2024-07-11	Zagreb038_hybrid_assembly.fa.gz	https://ftp.ncbi.nlm.nih.gov/genomes/all/GCF/964/198/955/GCF_964198955.1_Zagreb038_hybrid_assembly.fa.gz/	refseq	na	5573982	1	ERR13253007	PRJEB76496	Illumina MiSeq	unspecified	2209188	325359776	ftp.sra.ebi.ac.uk/vol1/fastq/ERR132/007/ERR13253007/ERR13253007_1.fastq.gz;ftp.sra.ebi.ac.uk/vol1/fastq/ERR132/007/ERR13253007/ERR13253007_2.fastq.gz	9b8e6d17f1e248c066228ce9e39b17e1;7a09404e6a7b22623857fb87a721ca0b	124082939;139100225	58.4
SAMEA115720042	GCF_964199005.1	PRJNA224116	Klebsiella pneumoniae	Klebsiella pneumoniae	strain=Zagreb039	573	573	2024-07-11	Zagreb039_hybrid_assembly.fa.gz	https://ftp.ncbi.nlm.nih.gov/genomes/all/GCF/964/199/005/GCF_964199005.1_Zagreb039_hybrid_assembly.fa.gz/	refseq	na	5629644	1	ERR13253008	PRJEB76496	Illumina MiSeq	unspecified	2284874	341035925	ftp.sra.ebi.ac.uk/vol1/fastq/ERR132/008/ERR13253008/ERR13253008_1.fastq.gz;ftp.sra.ebi.ac.uk/vol1/fastq/ERR132/008/ERR13253008/ERR13253008_2.fastq.gz	2cf8ffd9539899f96277128361754773;5b765e745de01ad5c43d19ed14a74099	129950913;141776395	60.6
SAMEA116056799	GCF_964271355.1	PRJNA224116	Klebsiella pneumoniae	Klebsiella pneumoniae	strain=18473	573	573	2024-10-31	18473_hybrid_assembly	https://ftp.ncbi.nlm.nih.gov/genomes/all/GCF/964/271/355/GCF_964271355.1_18473_hybrid_assembly/	refseq	na	5830667	1	ERR13695576	PRJEB80309	Illumina MiSeq	unspecified	1279302	178310650	ftp.sra.ebi.ac.uk/vol1/fastq/ERR136/076/ERR13695576/ERR13695576_1.fastq.gz;ftp.sra.ebi.ac.uk/vol1/fastq/ERR136/076/ERR13695576/ERR13695576_2.fastq.gz	e592719f75b84fed5af9188e4988f7ce;30750b50c644fd5af830d519cfdc771f	63928886;70583483	30.6
SAMEA117852477	GCF_965641755.1	PRJNA224116	Enterococcus faecium	Enterococcus faecium	na	1352	1352	2025-07-08	GPT24-06	https://ftp.ncbi.nlm.nih.gov/genomes/all/GCF/965/641/755/GCF_965641755.1_GPT24-06/	refseq	na	2995648	1	ERR15204808	PRJEB86006	NextSeq 500	RANDOM	1522204	225225744	ftp.sra.ebi.ac.uk/vol1/fastq/ERR152/008/ERR15204808/ERR15204808_1.fastq.gz;ftp.sra.ebi.ac.uk/vol1/fastq/ERR152/008/ERR15204808/ERR15204808_2.fastq.gz	92751fdad046ba3db81ccdb98b8fb464;616655d8b86143940af297db415bc37f	72954219;74665392	75.2
SAMEA117996173	GCF_965244935.1	PRJNA224116	Klebsiella pneumoniae	Klebsiella pneumoniae	na	573	573	2025-04-26	Kp1_KB2018	https://ftp.ncbi.nlm.nih.gov/genomes/all/GCF/965/244/935/GCF_965244935.1_Kp1_KB2018/	refseq	na	5668424	1	ERR14846376	PRJEB88497	Illumina NovaSeq X	PCR	10906470	810337808	ftp.sra.ebi.ac.uk/vol1/fastq/ERR148/076/ERR14846376/ERR14846376_1.fastq.gz;ftp.sra.ebi.ac.uk/vol1/fastq/ERR148/076/ERR14846376/ERR14846376_2.fastq.gz	f4710686377ba459d527922f4a895593;c97c16659eea9b96d6276ee0d589cc30	271102450;278849558	143.0
SAMEA119513739	GCF_978018485.1	PRJNA224116	Klebsiella pneumoniae	Klebsiella pneumoniae	na	573	573	2026-01-20	2024-044372-023-01	https://ftp.ncbi.nlm.nih.gov/genomes/all/GCF/978/018/485/GCF_978018485.1_2024-044372-023-01/	refseq	na	5300946	2	ERR16086015	PRJEB96157	NextSeq 550	RANDOM	5649826	1449176203	ftp.sra.ebi.ac.uk/vol1/fastq/ERR160/015/ERR16086015/ERR16086015_1.fastq.gz;ftp.sra.ebi.ac.uk/vol1/fastq/ERR160/015/ERR16086015/ERR16086015_2.fastq.gz	84797be0b48fe0725f12a16101cafd13;3945c2355d8b460f4af593f021d9ea5f	499597176;633056723	273.4
SAMEA119513748	GCF_978018475.1	PRJNA224116	Klebsiella pneumoniae	Klebsiella pneumoniae	na	573	573	2026-01-20	2024-044372-019-01	https://ftp.ncbi.nlm.nih.gov/genomes/all/GCF/978/018/475/GCF_978018475.1_2024-044372-019-01/	refseq	na	5339968	2	ERR16086027	PRJEB96157	NextSeq 550	RANDOM	3185112	816542660	ftp.sra.ebi.ac.uk/vol1/fastq/ERR160/027/ERR16086027/ERR16086027_1.fastq.gz;ftp.sra.ebi.ac.uk/vol1/fastq/ERR160/027/ERR16086027/ERR16086027_2.fastq.gz	c6e374584d9467863fc3e2b4f7b1358a;a0849efa0820abbf642747195b8c97d4	280805677;350327786	152.9
SAMEA121008655	GCF_978045405.1	PRJNA224116	Serratia spp.	Serratia plymuthica	na	82996	82996	2026-01-22	ASM97804540v1	https://ftp.ncbi.nlm.nih.gov/genomes/all/GCF/978/045/405/GCF_978045405.1_ASM97804540v1/	refseq	na	5765014	1	ERR17019652	PRJEB106064	Illumina NovaSeq X	RANDOM	17296628	2611790828	ftp.sra.ebi.ac.uk/vol1/fastq/ERR170/052/ERR17019652/ERR17019652_1.fastq.gz;ftp.sra.ebi.ac.uk/vol1/fastq/ERR170/052/ERR17019652/ERR17019652_2.fastq.gz	83c24faeda873ec43d2bf62c98dca498;a88627a65c84780fbed8847bdd3a869c	640287918;671295021	453.0
SAMEA123066261	GCF_986741565.1	PRJNA224116	Klebsiella pneumoniae	Klebsiella pneumoniae	strain=ICC8001	573	573	2026-07-11	ICC8001_chromosome_v1	https://ftp.ncbi.nlm.nih.gov/genomes/all/GCF/986/741/565/GCF_986741565.1_ICC8001_chromosome_v1/	refseq	na	5362400	1	ERR17564368	PRJEB120950	Illumina NovaSeq X Plus	RANDOM	7565262	969228164	ftp.sra.ebi.ac.uk/vol1/fastq/ERR175/068/ERR17564368/ERR17564368_1.fastq.gz;ftp.sra.ebi.ac.uk/vol1/fastq/ERR175/068/ERR17564368/ERR17564368_2.fastq.gz	d4c21c8a2735a6cb28f5f4a00f651574;5d96a16aa880de3a48ce495aa4fa2d69	193318613;202939884	180.7
SAMEA6990795	GCF_903936275.2	PRJNA224116	Klebsiella pneumoniae	Klebsiella pneumoniae	na	573	573	2026-06-02	IMP76	https://ftp.ncbi.nlm.nih.gov/genomes/all/GCF/903/936/275/GCF_903936275.2_IMP76/	refseq	na	5973154	1	ERR4280209	PRJEB38818	Illumina HiSeq 4000	RANDOM	5902876	1749259710	ftp.sra.ebi.ac.uk/vol1/fastq/ERR428/009/ERR4280209/ERR4280209_1.fastq.gz;ftp.sra.ebi.ac.uk/vol1/fastq/ERR428/009/ERR4280209/ERR4280209_2.fastq.gz	af4498b077ec101640666d41b90a6b1b;ff5d16af1af0bc8d2388c08e053b09a5	454795617;553112360	292.9
SAMEA8948756	GCF_041941425.1	PRJNA224116	Klebsiella pneumoniae	Klebsiella pneumoniae	strain=KP_NORM_BLD_112590	573	573	2024-09-17	ASM4194142v1	https://ftp.ncbi.nlm.nih.gov/genomes/all/GCF/041/941/425/GCF_041941425.1_ASM4194142v1/	refseq	na	5443784	1	ERR6293512	PRJEB27256	Illumina MiSeq	unspecified	1281350	254120642	ftp.sra.ebi.ac.uk/vol1/fastq/ERR629/002/ERR6293512/ERR6293512_1.fastq.gz;ftp.sra.ebi.ac.uk/vol1/fastq/ERR629/002/ERR6293512/ERR6293512_2.fastq.gz	c7a6e3a24553d7adad3cfb580d4b1ae3;1ad83d568b1e8750b4fdbcc69b2e17a7	90603057;105946891	46.7
SAMN09205472	GCF_036787225.1	PRJNA224116	Klebsiella pneumoniae	Klebsiella pneumoniae	strain=CAVp50	573	573	2024-02-22	ASM3678722v1	https://ftp.ncbi.nlm.nih.gov/genomes/all/GCF/036/787/225/GCF_036787225.1_ASM3678722v1/	refseq	na	5695995	1	SRR7160696	PRJNA411762	Illumina HiSeq 2500	RANDOM	1960992	592219584	ftp.sra.ebi.ac.uk/vol1/fastq/SRR716/006/SRR7160696/SRR7160696_1.fastq.gz;ftp.sra.ebi.ac.uk/vol1/fastq/SRR716/006/SRR7160696/SRR7160696_2.fastq.gz	63f3b3f4a87f7153a90ccbe78e7de949;bcef7031100d1782b9b220c17b27d39b	161618428;133779291	104.0
SAMN10435561	GCF_016505445.2	PRJNA224116	Citrobacter spp.	Citrobacter braakii	strain=CB00017	57706	57706	2025-10-06	ASM1650544v2	https://ftp.ncbi.nlm.nih.gov/genomes/all/GCF/016/505/445/GCF_016505445.2_ASM1650544v2/	refseq	na	5148049	1	SRR8199041	PRJNA475751	NextSeq 500	RANDOM	2074794	626587788	ftp.sra.ebi.ac.uk/vol1/fastq/SRR819/001/SRR8199041/SRR8199041_1.fastq.gz;ftp.sra.ebi.ac.uk/vol1/fastq/SRR819/001/SRR8199041/SRR8199041_2.fastq.gz	64489b5cd9c655e678b770db52fdf5b3;dd8aa54201b45082814ac0d5bbb130cd	181462038;181640852	121.7
SAMN10435572	GCF_016505285.2	PRJNA224116	Citrobacter spp.	Citrobacter freundii	strain=CB00028	546	546	2025-10-06	ASM1650528v2	https://ftp.ncbi.nlm.nih.gov/genomes/all/GCF/016/505/285/GCF_016505285.2_ASM1650528v2/	refseq	na	5663418	1	SRR8198953	PRJNA475751	NextSeq 500	RANDOM	974175	294200850	ftp.sra.ebi.ac.uk/vol1/fastq/SRR819/003/SRR8198953/SRR8198953_1.fastq.gz;ftp.sra.ebi.ac.uk/vol1/fastq/SRR819/003/SRR8198953/SRR8198953_2.fastq.gz	b8819260fcdb0912c9f9228656589e3c;f80629866ca3cfe1d85b5f53613a962c	85675911;86950975	51.9
SAMN13382564	GCF_022790445.2	PRJNA224116	Klebsiella pneumoniae	Klebsiella pneumoniae	strain=2016-563	573	573	2024-09-12	KGMAR-2016-563	https://ftp.ncbi.nlm.nih.gov/genomes/all/GCF/022/790/445/GCF_022790445.2_KGMAR-2016-563/	refseq	na	5472336	1	SRR18543874	PRJNA591480	Illumina MiSeq	unspecified	1163407	466437084	ftp.sra.ebi.ac.uk/vol1/fastq/SRR185/074/SRR18543874/SRR18543874_1.fastq.gz;ftp.sra.ebi.ac.uk/vol1/fastq/SRR185/074/SRR18543874/SRR18543874_2.fastq.gz	bc0778a46aadeaecd89ff2e9fd368d68;2e1642e6727447ea7c2cbe2b0c3cea41	144991393;172029321	85.2
SAMN13382572	GCF_022790305.2	PRJNA224116	Klebsiella pneumoniae	Klebsiella pneumoniae	strain=2016-733	573	573	2024-09-12	KGMAR-2016-733	https://ftp.ncbi.nlm.nih.gov/genomes/all/GCF/022/790/305/GCF_022790305.2_KGMAR-2016-733/	refseq	na	5829750	1	SRR18543904	PRJNA591480	Illumina MiSeq	unspecified	938259	421075845	ftp.sra.ebi.ac.uk/vol1/fastq/SRR185/004/SRR18543904/SRR18543904_1.fastq.gz;ftp.sra.ebi.ac.uk/vol1/fastq/SRR185/004/SRR18543904/SRR18543904_2.fastq.gz	3ae96e7f5fe050297fd106240372b1ff;f7480ba443981b9b0fc73211b96e692a	134429229;159794668	72.2
SAMN13382579	GCF_022790205.2	PRJNA224116	Klebsiella pneumoniae	Klebsiella pneumoniae	strain=2016-1076	573	573	2024-09-12	KGMAR-2016-1076	https://ftp.ncbi.nlm.nih.gov/genomes/all/GCF/022/790/205/GCF_022790205.2_KGMAR-2016-1076/	refseq	na	5605568	1	SRR18543897	PRJNA591480	Illumina MiSeq	unspecified	862191	402948075	ftp.sra.ebi.ac.uk/vol1/fastq/SRR185/097/SRR18543897/SRR18543897_1.fastq.gz;ftp.sra.ebi.ac.uk/vol1/fastq/SRR185/097/SRR18543897/SRR18543897_2.fastq.gz	1f0914bdd3d84736af326a84aac6f887;305573c82888396a90348ea2747f05ce	128491984;156083303	71.9
SAMN13382581	GCF_022790165.2	PRJNA224116	Klebsiella pneumoniae	Klebsiella pneumoniae	strain=2016-1178	573	573	2024-09-12	KGMAR-2016-1178	https://ftp.ncbi.nlm.nih.gov/genomes/all/GCF/022/790/165/GCF_022790165.2_KGMAR-2016-1178/	refseq	na	5467427	1	SRR18543894	PRJNA591480	Illumina MiSeq	unspecified	1458873	587320977	ftp.sra.ebi.ac.uk/vol1/fastq/SRR185/094/SRR18543894/SRR18543894_1.fastq.gz;ftp.sra.ebi.ac.uk/vol1/fastq/SRR185/094/SRR18543894/SRR18543894_2.fastq.gz	adc1061da94aefc6163fe00ba3caedf2;a129dcd6278b3b582dac5c93cc8e72d5	186750500;215023436	107.4
SAMN13382596	GCF_022789985.2	PRJNA224116	Klebsiella pneumoniae	Klebsiella pneumoniae	strain=2016-1396	573	573	2024-09-12	KGMAR-2016-1396	https://ftp.ncbi.nlm.nih.gov/genomes/all/GCF/022/789/985/GCF_022789985.2_KGMAR-2016-1396/	refseq	na	5492653	1	SRR18543878	PRJNA591480	Illumina MiSeq	unspecified	750708	356045318	ftp.sra.ebi.ac.uk/vol1/fastq/SRR185/078/SRR18543878/SRR18543878_1.fastq.gz;ftp.sra.ebi.ac.uk/vol1/fastq/SRR185/078/SRR18543878/SRR18543878_2.fastq.gz	43f00ff6f626033a20442266f4539933;e539034f1b3931fb3a9e389f417e93a8	115219794;143908049	64.8
SAMN13382597	GCF_022789975.2	PRJNA224116	Klebsiella pneumoniae	Klebsiella pneumoniae	strain=2016-1397	573	573	2024-09-12	KGMAR-2016-1397	https://ftp.ncbi.nlm.nih.gov/genomes/all/GCF/022/789/975/GCF_022789975.2_KGMAR-2016-1397/	refseq	na	5531954	1	SRR18543877	PRJNA591480	Illumina MiSeq	unspecified	728921	333499573	ftp.sra.ebi.ac.uk/vol1/fastq/SRR185/077/SRR18543877/SRR18543877_1.fastq.gz;ftp.sra.ebi.ac.uk/vol1/fastq/SRR185/077/SRR18543877/SRR18543877_2.fastq.gz	0813f83dbd5f52ce1dd472a966263798;04a95a1cd78b336871261caebc1ac418	105766766;128044798	60.3
SAMN14640084	GCF_030007575.1	PRJNA224116	Citrobacter spp.	Citrobacter freundii	strain=CF12	546	546	2023-05-13	ASM3000757v1	https://ftp.ncbi.nlm.nih.gov/genomes/all/GCF/030/007/575/GCF_030007575.1_ASM3000757v1/	refseq	na	5197517	1	SRR11585232	PRJNA626430	Illumina HiSeq 4000	unspecified	4383433	1315029900	ftp.sra.ebi.ac.uk/vol1/fastq/SRR115/032/SRR11585232/SRR11585232_1.fastq.gz;ftp.sra.ebi.ac.uk/vol1/fastq/SRR115/032/SRR11585232/SRR11585232_2.fastq.gz	656979d5fc02434c2ae7605b82d8a7b9;6cf5da0925c666ad050e0a69fc7fd03a	365888185;433099521	253.0
SAMN14640085	GCF_030007795.1	PRJNA224116	Citrobacter spp.	Citrobacter freundii	strain=CF13	546	546	2023-05-13	ASM3000779v1	https://ftp.ncbi.nlm.nih.gov/genomes/all/GCF/030/007/795/GCF_030007795.1_ASM3000779v1/	refseq	na	5178605	1	SRR11585121	PRJNA626430	Illumina HiSeq 4000	unspecified	4198916	1259674800	ftp.sra.ebi.ac.uk/vol1/fastq/SRR115/021/SRR11585121/SRR11585121_1.fastq.gz;ftp.sra.ebi.ac.uk/vol1/fastq/SRR115/021/SRR11585121/SRR11585121_2.fastq.gz	443bd0c85d924b12afbe6eba8f88f9df;5c394bcb28b65177b6ee3a72872a2ba5	338890059;399397066	243.2
SAMN14640188	GCF_030007455.1	PRJNA224116	Klebsiella pneumoniae	Klebsiella pneumoniae	strain=H53	573	573	2023-05-13	ASM3000745v1	https://ftp.ncbi.nlm.nih.gov/genomes/all/GCF/030/007/455/GCF_030007455.1_ASM3000745v1/	refseq	na	5542220	1	SRR11585225	PRJNA626430	Illumina HiSeq 4000	unspecified	3173032	951909600	ftp.sra.ebi.ac.uk/vol1/fastq/SRR115/025/SRR11585225/SRR11585225_1.fastq.gz;ftp.sra.ebi.ac.uk/vol1/fastq/SRR115/025/SRR11585225/SRR11585225_2.fastq.gz	e87eb95c2639270e468be7d9e7ef9bed;50d79655a530fd995d961c237aed9df2	254890210;306834634	171.8
SAMN15329758	GCF_014162935.2	PRJNA224116	Klebsiella pneumoniae	Klebsiella pneumoniae	strain=F3-2P(2*)	573	573	2023-06-14	ASM1416293v2	https://ftp.ncbi.nlm.nih.gov/genomes/all/GCF/014/162/935/GCF_014162935.2_ASM1416293v2/	refseq	na	5528167	1	SRR12068826	PRJNA641130	Illumina NovaSeq 6000	RANDOM	9535784	2863867684	ftp.sra.ebi.ac.uk/vol1/fastq/SRR120/026/SRR12068826/SRR12068826_1.fastq.gz;ftp.sra.ebi.ac.uk/vol1/fastq/SRR120/026/SRR12068826/SRR12068826_2.fastq.gz	e12876e71c2571a82dc67f22f9fcf050;c8d6459f263906ebf22909ccc1e419f4	634617242;642352356	518.1
SAMN15488484	GCF_029717985.1	PRJNA224116	Citrobacter spp.	Citrobacter freundii	strain=RHB02-E3-C01	546	546	2023-04-13	ASM2971798v1	https://ftp.ncbi.nlm.nih.gov/genomes/all/GCF/029/717/985/GCF_029717985.1_ASM2971798v1/	refseq	na	5096586	1	SRR12183926	PRJNA605147	Illumina HiSeq 4000	RANDOM	2680750	809211094	ftp.sra.ebi.ac.uk/vol1/fastq/SRR121/026/SRR12183926/SRR12183926_1.fastq.gz;ftp.sra.ebi.ac.uk/vol1/fastq/SRR121/026/SRR12183926/SRR12183926_2.fastq.gz	13e9e9a627de5509af90e86bd1e42d1b;ecbe55216e2ec3e0a0d0d80d058a5b91	157275628;158428598	158.8
SAMN15488486	GCF_029717945.1	PRJNA224116	Citrobacter spp.	Citrobacter braakii	strain=RHB02-E3-C05	57706	57706	2023-04-13	ASM2971794v1	https://ftp.ncbi.nlm.nih.gov/genomes/all/GCF/029/717/945/GCF_029717945.1_ASM2971794v1/	refseq	na	5149681	1	SRR12183904	PRJNA605147	Illumina HiSeq 4000	RANDOM	2278929	688006401	ftp.sra.ebi.ac.uk/vol1/fastq/SRR121/004/SRR12183904/SRR12183904_1.fastq.gz;ftp.sra.ebi.ac.uk/vol1/fastq/SRR121/004/SRR12183904/SRR12183904_2.fastq.gz	097d5de5d842b0c411c0d4a417cf6253;9692b1b875a368b5ad86879de94e0df5	138621318;141516260	133.6
SAMN15488488	GCF_029717925.1	PRJNA224116	Citrobacter spp.	Citrobacter braakii	strain=RHB02-E4-C01	57706	57706	2023-04-13	ASM2971792v1	https://ftp.ncbi.nlm.nih.gov/genomes/all/GCF/029/717/925/GCF_029717925.1_ASM2971792v1/	refseq	na	4956050	1	SRR12183882	PRJNA605147	Illumina HiSeq 4000	RANDOM	1876741	566542985	ftp.sra.ebi.ac.uk/vol1/fastq/SRR121/082/SRR12183882/SRR12183882_1.fastq.gz;ftp.sra.ebi.ac.uk/vol1/fastq/SRR121/082/SRR12183882/SRR12183882_2.fastq.gz	bbc3a4ca0f6d0d2d5c4c84ff75615d7f;497ef6f4116ef8eda78b3a508183aa10	114073680;115770937	114.3
SAMN15488494	GCF_029717885.1	PRJNA224116	Citrobacter spp.	Citrobacter braakii	strain=RHB03-E1-C02	57706	57706	2023-04-13	ASM2971788v1	https://ftp.ncbi.nlm.nih.gov/genomes/all/GCF/029/717/885/GCF_029717885.1_ASM2971788v1/	refseq	na	4948386	1	SRR12184070	PRJNA605147	Illumina HiSeq 4000	RANDOM	2902585	876243989	ftp.sra.ebi.ac.uk/vol1/fastq/SRR121/070/SRR12184070/SRR12184070_1.fastq.gz;ftp.sra.ebi.ac.uk/vol1/fastq/SRR121/070/SRR12184070/SRR12184070_2.fastq.gz	3902e7fb10ea4d999783370bcf0ce5ff;18dba610decddffd6ecb15095ad6a0a7	170353886;174132885	177.1
SAMN15488495	GCF_029717865.1	PRJNA224116	Citrobacter spp.	Citrobacter freundii	strain=RHB03-E1-C03	546	546	2023-04-13	ASM2971786v1	https://ftp.ncbi.nlm.nih.gov/genomes/all/GCF/029/717/865/GCF_029717865.1_ASM2971786v1/	refseq	na	5062122	1	SRR12184059	PRJNA605147	Illumina HiSeq 4000	RANDOM	2930084	884529143	ftp.sra.ebi.ac.uk/vol1/fastq/SRR121/059/SRR12184059/SRR12184059_1.fastq.gz;ftp.sra.ebi.ac.uk/vol1/fastq/SRR121/059/SRR12184059/SRR12184059_2.fastq.gz	18e831924667a016b10f6534d5294a5b;c0cf0ba5b636949e73fd0ee9a56c8ebc	174879978;179042551	174.7
SAMN15488513	GCF_029717665.1	PRJNA224116	Citrobacter spp.	Citrobacter braakii	strain=RHB08-E3-C01	57706	57706	2023-04-13	ASM2971766v1	https://ftp.ncbi.nlm.nih.gov/genomes/all/GCF/029/717/665/GCF_029717665.1_ASM2971766v1/	refseq	na	4988493	1	SRR12183933	PRJNA605147	Illumina HiSeq 4000	RANDOM	2156868	651110248	ftp.sra.ebi.ac.uk/vol1/fastq/SRR121/033/SRR12183933/SRR12183933_1.fastq.gz;ftp.sra.ebi.ac.uk/vol1/fastq/SRR121/033/SRR12183933/SRR12183933_2.fastq.gz	3428b607e64456276ae9099d7c4092ec;e0342c211a24478c4b9eebb9c8bb7aed	130979020;136030819	130.5
SAMN15488525	GCF_029717465.1	PRJNA224116	Citrobacter spp.	Citrobacter braakii	strain=RHB09-E4-C01	57706	57706	2023-04-13	ASM2971746v1	https://ftp.ncbi.nlm.nih.gov/genomes/all/GCF/029/717/465/GCF_029717465.1_ASM2971746v1/	refseq	na	4873383	1	SRR12183920	PRJNA605147	Illumina HiSeq 4000	RANDOM	2240969	676515551	ftp.sra.ebi.ac.uk/vol1/fastq/SRR121/020/SRR12183920/SRR12183920_1.fastq.gz;ftp.sra.ebi.ac.uk/vol1/fastq/SRR121/020/SRR12183920/SRR12183920_2.fastq.gz	aa7c3c21c5dabf59e179c4d59362812a;26e42f9024fb8146fe70309a42258b98	135572166;140832363	138.8
SAMN15488527	GCF_029717445.1	PRJNA224116	Citrobacter spp.	Citrobacter braakii	strain=RHB09-SO-C07	57706	57706	2023-04-13	ASM2971744v1	https://ftp.ncbi.nlm.nih.gov/genomes/all/GCF/029/717/445/GCF_029717445.1_ASM2971744v1/	refseq	na	5012668	1	SRR12183918	PRJNA605147	Illumina HiSeq 4000	RANDOM	2498763	754346249	ftp.sra.ebi.ac.uk/vol1/fastq/SRR121/018/SRR12183918/SRR12183918_1.fastq.gz;ftp.sra.ebi.ac.uk/vol1/fastq/SRR121/018/SRR12183918/SRR12183918_2.fastq.gz	50e562318fd5f79d3fcf28a9350877ed;cbc09166c955518b124c02837a87db9f	150857504;155311479	150.5
SAMN15488542	GCF_029716845.1	PRJNA224116	Citrobacter spp.	Citrobacter braakii	strain=RHB13-SO-C07	57706	57706	2023-04-13	ASM2971684v1	https://ftp.ncbi.nlm.nih.gov/genomes/all/GCF/029/716/845/GCF_029716845.1_ASM2971684v1/	refseq	na	4852323	1	SRR12183901	PRJNA605147	Illumina HiSeq 4000	RANDOM	2064998	623363900	ftp.sra.ebi.ac.uk/vol1/fastq/SRR121/001/SRR12183901/SRR12183901_1.fastq.gz;ftp.sra.ebi.ac.uk/vol1/fastq/SRR121/001/SRR12183901/SRR12183901_2.fastq.gz	49db356de2ec6ab95ac7b3f9d732b25d;ffd033ead6e67a22d0dd4f391c388db9	125798065;129665300	128.5
SAMN15488547	GCF_029716485.1	PRJNA224116	Citrobacter spp.	Citrobacter braakii	strain=RHB14-SO-C08	57706	57706	2023-04-13	ASM2971648v1	https://ftp.ncbi.nlm.nih.gov/genomes/all/GCF/029/716/485/GCF_029716485.1_ASM2971648v1/	refseq	na	5148825	1	SRR12183896	PRJNA605147	Illumina HiSeq 4000	RANDOM	1717181	518369643	ftp.sra.ebi.ac.uk/vol1/fastq/SRR121/096/SRR12183896/SRR12183896_1.fastq.gz;ftp.sra.ebi.ac.uk/vol1/fastq/SRR121/096/SRR12183896/SRR12183896_2.fastq.gz	29740d14d05064a2ac307d2ada3f1da6;ef815ee91945f246e1ff609ea594501e	106968423;109077411	100.7
SAMN15488548	GCF_029716315.1	PRJNA224116	Citrobacter spp.	Citrobacter braakii	strain=RHB16-E2-C02	57706	57706	2023-04-13	ASM2971631v1	https://ftp.ncbi.nlm.nih.gov/genomes/all/GCF/029/716/315/GCF_029716315.1_ASM2971631v1/	refseq	na	5040939	1	SRR12183895	PRJNA605147	Illumina HiSeq 4000	RANDOM	2494026	752935451	ftp.sra.ebi.ac.uk/vol1/fastq/SRR121/095/SRR12183895/SRR12183895_1.fastq.gz;ftp.sra.ebi.ac.uk/vol1/fastq/SRR121/095/SRR12183895/SRR12183895_2.fastq.gz	32778a7440afc4af367025ec78760136;5f47bd6328414580546401c2d3821ecb	152069300;156342353	149.4
SAMN15488551	GCF_029716005.1	PRJNA224116	Citrobacter spp.	Citrobacter freundii	strain=RHB16-SO-C03	546	546	2023-04-13	ASM2971600v1	https://ftp.ncbi.nlm.nih.gov/genomes/all/GCF/029/716/005/GCF_029716005.1_ASM2971600v1/	refseq	na	5376189	1	SRR12183891	PRJNA605147	Illumina HiSeq 4000	RANDOM	1977056	596515645	ftp.sra.ebi.ac.uk/vol1/fastq/SRR121/091/SRR12183891/SRR12183891_1.fastq.gz;ftp.sra.ebi.ac.uk/vol1/fastq/SRR121/091/SRR12183891/SRR12183891_2.fastq.gz	8cd916b8307bff4e788a16f0e8b9a4dd;afe729a5a1830abd140e2c6e130d7a69	123473522;125597773	111.0
SAMN15488553	GCF_029715665.1	PRJNA224116	Citrobacter spp.	Citrobacter braakii	strain=RHB16-SO-C07	57706	57706	2023-04-13	ASM2971566v1	https://ftp.ncbi.nlm.nih.gov/genomes/all/GCF/029/715/665/GCF_029715665.1_ASM2971566v1/	refseq	na	4846470	1	SRR12183889	PRJNA605147	Illumina HiSeq 4000	RANDOM	2057230	621048359	ftp.sra.ebi.ac.uk/vol1/fastq/SRR121/089/SRR12183889/SRR12183889_1.fastq.gz;ftp.sra.ebi.ac.uk/vol1/fastq/SRR121/089/SRR12183889/SRR12183889_2.fastq.gz	34a1da7846418b2c74bb2cffd0f1cd2a;4e62bd07ba84e0f85a78103f1c4b655e	124668771;127497204	128.1
SAMN15488572	GCF_029718635.1	PRJNA224116	Enterobacter spp.	Enterobacter roggenkampii	strain=RHB21-E1-C01	1812935	1812935	2023-04-13	ASM2971863v1	https://ftp.ncbi.nlm.nih.gov/genomes/all/GCF/029/718/635/GCF_029718635.1_ASM2971863v1/	refseq	na	4734159	1	SRR12183868	PRJNA605147	Illumina HiSeq 4000	RANDOM	2335891	705213977	ftp.sra.ebi.ac.uk/vol1/fastq/SRR121/068/SRR12183868/SRR12183868_1.fastq.gz;ftp.sra.ebi.ac.uk/vol1/fastq/SRR121/068/SRR12183868/SRR12183868_2.fastq.gz	8c4f52d1fab192989fbca1a32f8bd5be;55c3a27526237c50b07f98461ccc32b0	131249964;131134454	149.0
SAMN15488574	GCF_029718585.1	PRJNA224116	Citrobacter spp.	Citrobacter braakii	strain=RHB21-E1-C04	57706	57706	2023-04-13	ASM2971858v1	https://ftp.ncbi.nlm.nih.gov/genomes/all/GCF/029/718/585/GCF_029718585.1_ASM2971858v1/	refseq	na	4842073	1	SRR12183866	PRJNA605147	Illumina HiSeq 4000	RANDOM	2353704	710520773	ftp.sra.ebi.ac.uk/vol1/fastq/SRR121/066/SRR12183866/SRR12183866_1.fastq.gz;ftp.sra.ebi.ac.uk/vol1/fastq/SRR121/066/SRR12183866/SRR12183866_2.fastq.gz	e8122125234f1d87e48b0747539f621f;c6a0379dd0f10e0eef814027aeaa3c5f	142338156;144261394	146.7
SAMN15488583	GCF_029718465.1	PRJNA224116	Citrobacter spp.	Citrobacter braakii	strain=RHB23-SO-C01	57706	57706	2023-04-13	ASM2971846v1	https://ftp.ncbi.nlm.nih.gov/genomes/all/GCF/029/718/465/GCF_029718465.1_ASM2971846v1/	refseq	na	4965615	1	SRR12183856	PRJNA605147	Illumina HiSeq 4000	RANDOM	2329764	703305587	ftp.sra.ebi.ac.uk/vol1/fastq/SRR121/056/SRR12183856/SRR12183856_1.fastq.gz;ftp.sra.ebi.ac.uk/vol1/fastq/SRR121/056/SRR12183856/SRR12183856_2.fastq.gz	731c04f885829deef10aad13ed80242b;1990119cdbef639281ac254a7fe94fb8	143841401;146651155	141.6
SAMN15488585	GCF_029718425.1	PRJNA224116	Citrobacter spp.	Citrobacter braakii	strain=RHB23-SO-C04	57706	57706	2023-04-13	ASM2971842v1	https://ftp.ncbi.nlm.nih.gov/genomes/all/GCF/029/718/425/GCF_029718425.1_ASM2971842v1/	refseq	na	4965627	1	SRR12183854	PRJNA605147	Illumina HiSeq 4000	RANDOM	2910275	878558539	ftp.sra.ebi.ac.uk/vol1/fastq/SRR121/054/SRR12183854/SRR12183854_1.fastq.gz;ftp.sra.ebi.ac.uk/vol1/fastq/SRR121/054/SRR12183854/SRR12183854_2.fastq.gz	961359c8b03e752d6f2d2f58639e7e49;fdb832d7bc669a19c7d7c7c7aa168060	173958198;177895116	176.9
SAMN15488591	GCF_029718315.1	PRJNA224116	Enterobacter spp.	Enterobacter ludwigii	strain=RHB25-E3-C07	299767	299767	2023-04-13	ASM2971831v1	https://ftp.ncbi.nlm.nih.gov/genomes/all/GCF/029/718/315/GCF_029718315.1_ASM2971831v1/	refseq	na	4700814	1	SRR12183847	PRJNA605147	Illumina HiSeq 4000	RANDOM	2478720	748292846	ftp.sra.ebi.ac.uk/vol1/fastq/SRR121/047/SRR12183847/SRR12183847_1.fastq.gz;ftp.sra.ebi.ac.uk/vol1/fastq/SRR121/047/SRR12183847/SRR12183847_2.fastq.gz	1095a6436aa07c04e931bee2bee344b0;3980edbdcf1be822f0e2c6516404b3a5	134856618;135157526	159.2
SAMN15488592	GCF_029718295.1	PRJNA224116	Citrobacter spp.	Citrobacter braakii	strain=RHB25-E4-C05	57706	57706	2023-04-13	ASM2971829v1	https://ftp.ncbi.nlm.nih.gov/genomes/all/GCF/029/718/295/GCF_029718295.1_ASM2971829v1/	refseq	na	5060729	1	SRR12183846	PRJNA605147	Illumina HiSeq 4000	RANDOM	2619098	790630137	ftp.sra.ebi.ac.uk/vol1/fastq/SRR121/046/SRR12183846/SRR12183846_1.fastq.gz;ftp.sra.ebi.ac.uk/vol1/fastq/SRR121/046/SRR12183846/SRR12183846_2.fastq.gz	66049861994411c2fdafe60c01a52a72;7e6fffdf33e782e5d21bcd85e04e57fc	156449418;155932326	156.2
SAMN15488594	GCF_029718275.1	PRJNA224116	Citrobacter spp.	Citrobacter braakii	strain=RHB25-SO-C06	57706	57706	2023-04-13	ASM2971827v1	https://ftp.ncbi.nlm.nih.gov/genomes/all/GCF/029/718/275/GCF_029718275.1_ASM2971827v1/	refseq	na	5008845	1	SRR12183844	PRJNA605147	Illumina HiSeq 4000	RANDOM	2925359	883140515	ftp.sra.ebi.ac.uk/vol1/fastq/SRR121/044/SRR12183844/SRR12183844_1.fastq.gz;ftp.sra.ebi.ac.uk/vol1/fastq/SRR121/044/SRR12183844/SRR12183844_2.fastq.gz	96cfa12299014c90b1067334d3a0b9c8;5f1d1a044671284fa97cb8f80e1ebcc1	175984610;180125615	176.3
SAMN15488597	GCF_029718255.1	PRJNA224116	Enterobacter spp.	Enterobacter ludwigii	strain=RHB28-E3-C01	299767	299767	2023-04-13	ASM2971825v1	https://ftp.ncbi.nlm.nih.gov/genomes/all/GCF/029/718/255/GCF_029718255.1_ASM2971825v1/	refseq	na	4687823	1	SRR12183841	PRJNA605147	Illumina HiSeq 4000	RANDOM	2739013	826851410	ftp.sra.ebi.ac.uk/vol1/fastq/SRR121/041/SRR12183841/SRR12183841_1.fastq.gz;ftp.sra.ebi.ac.uk/vol1/fastq/SRR121/041/SRR12183841/SRR12183841_2.fastq.gz	c16498ee6259764f325533a3152be8dc;c072ffbde597d2681dd90094ae50fde5	152981995;154061757	176.4
SAMN15488602	GCF_029718135.1	PRJNA224116	Klebsiella pneumoniae	Klebsiella pneumoniae	strain=RHB28-SO-C05	573	573	2023-04-13	ASM2971813v1	https://ftp.ncbi.nlm.nih.gov/genomes/all/GCF/029/718/135/GCF_029718135.1_ASM2971813v1/	refseq	na	5222894	1	SRR12183835	PRJNA605147	Illumina HiSeq 4000	RANDOM	2865444	865016003	ftp.sra.ebi.ac.uk/vol1/fastq/SRR121/035/SRR12183835/SRR12183835_1.fastq.gz;ftp.sra.ebi.ac.uk/vol1/fastq/SRR121/035/SRR12183835/SRR12183835_2.fastq.gz	2875e9a696a696dfcb07ebbdeaa7c804;a8cfc967836c9f78706aa7299b8f76b7	107906193;101471283	165.6
SAMN15488611	GCF_029719365.1	PRJNA224116	Citrobacter spp.	Citrobacter freundii	strain=RHB31-E4-C06	546	546	2023-04-13	ASM2971936v1	https://ftp.ncbi.nlm.nih.gov/genomes/all/GCF/029/719/365/GCF_029719365.1_ASM2971936v1/	refseq	na	4893505	1	SRR12184079	PRJNA605147	Illumina HiSeq 4000	RANDOM	2121055	640304211	ftp.sra.ebi.ac.uk/vol1/fastq/SRR121/079/SRR12184079/SRR12184079_1.fastq.gz;ftp.sra.ebi.ac.uk/vol1/fastq/SRR121/079/SRR12184079/SRR12184079_2.fastq.gz	d3f4420107901fa56f50f9588774124a;3acccf51460de71fa5fc87a2d47574c5	131017472;139110190	130.8
SAMN15488622	GCF_029719225.1	PRJNA224116	Citrobacter spp.	Citrobacter portucalensis	strain=RHB38-SO-C05	1639133	1639133	2023-04-13	ASM2971922v1	https://ftp.ncbi.nlm.nih.gov/genomes/all/GCF/029/719/225/GCF_029719225.1_ASM2971922v1/	refseq	na	5265547	1	SRR12184067	PRJNA605147	Illumina HiSeq 4000	RANDOM	2229900	673155119	ftp.sra.ebi.ac.uk/vol1/fastq/SRR121/067/SRR12184067/SRR12184067_1.fastq.gz;ftp.sra.ebi.ac.uk/vol1/fastq/SRR121/067/SRR12184067/SRR12184067_2.fastq.gz	f8f72f1b69d8bd45e6f67a9dd9505bbe;8e1988cdc7e30abfe820c935aeb920d0	136517799;139212576	127.8
SAMN15488626	GCF_029719205.1	PRJNA224116	Citrobacter spp.	Citrobacter portucalensis	strain=RHB40-E3-C01	1639133	1639133	2023-04-13	ASM2971920v1	https://ftp.ncbi.nlm.nih.gov/genomes/all/GCF/029/719/205/GCF_029719205.1_ASM2971920v1/	refseq	na	5284470	1	SRR12184063	PRJNA605147	Illumina HiSeq 4000	RANDOM	2557370	771964807	ftp.sra.ebi.ac.uk/vol1/fastq/SRR121/063/SRR12184063/SRR12184063_1.fastq.gz;ftp.sra.ebi.ac.uk/vol1/fastq/SRR121/063/SRR12184063/SRR12184063_2.fastq.gz	13af0a9cd0b7610a516e60f5d730f23f;73081499ee641179fbadefa556e6cbbc	157155951;161261337	146.1
SAMN15488627	GCF_029719185.1	PRJNA224116	Citrobacter spp.	Citrobacter portucalensis	strain=RHB40-E3-C05	1639133	1639133	2023-04-13	ASM2971918v1	https://ftp.ncbi.nlm.nih.gov/genomes/all/GCF/029/719/185/GCF_029719185.1_ASM2971918v1/	refseq	na	5284469	1	SRR12184062	PRJNA605147	Illumina HiSeq 4000	RANDOM	2504645	756066891	ftp.sra.ebi.ac.uk/vol1/fastq/SRR121/062/SRR12184062/SRR12184062_1.fastq.gz;ftp.sra.ebi.ac.uk/vol1/fastq/SRR121/062/SRR12184062/SRR12184062_2.fastq.gz	f86b7b8a141f684d25c4b6dac096fac6;8cc1932f551c49169470b0a34cd71ea6	154662880;162365574	143.1
SAMN15488631	GCF_029719125.1	PRJNA224116	Citrobacter spp.	Citrobacter braakii	strain=RHB41-E2-C02	57706	57706	2023-04-13	ASM2971912v1	https://ftp.ncbi.nlm.nih.gov/genomes/all/GCF/029/719/125/GCF_029719125.1_ASM2971912v1/	refseq	na	4873618	1	SRR12184057	PRJNA605147	Illumina HiSeq 4000	RANDOM	2840741	857440331	ftp.sra.ebi.ac.uk/vol1/fastq/SRR121/057/SRR12184057/SRR12184057_1.fastq.gz;ftp.sra.ebi.ac.uk/vol1/fastq/SRR121/057/SRR12184057/SRR12184057_2.fastq.gz	15bf47e5e66c4a39b74196fd8d9fef00;49f866c4657ff96d131b2af9406863be	166359611;167197903	175.9
SAMN15488648	GCF_029718885.1	PRJNA224116	Enterobacter spp.	Enterobacter ludwigii	strain=RHB43-SE-C05	299767	299767	2023-04-13	ASM2971888v1	https://ftp.ncbi.nlm.nih.gov/genomes/all/GCF/029/718/885/GCF_029718885.1_ASM2971888v1/	refseq	na	5067008	1	SRR12184037	PRJNA605147	Illumina HiSeq 4000	RANDOM	2714019	819398263	ftp.sra.ebi.ac.uk/vol1/fastq/SRR121/037/SRR12184037/SRR12184037_1.fastq.gz;ftp.sra.ebi.ac.uk/vol1/fastq/SRR121/037/SRR12184037/SRR12184037_2.fastq.gz	531cdce7c22eea76af0f6975b064bd37;c95e08421fdc8ee2b010a79c77b9f81d	162558136;164238360	161.7
SAMN15488669	GCF_029719865.1	PRJNA224116	Enterobacter spp.	Enterobacter hormaechei	strain=RHB44-SE-C01	158836	158836	2023-04-13	ASM2971986v1	https://ftp.ncbi.nlm.nih.gov/genomes/all/GCF/029/719/865/GCF_029719865.1_ASM2971986v1/	refseq	na	4822538	1	SRR12184014	PRJNA605147	Illumina HiSeq 4000	RANDOM	3061388	924194794	ftp.sra.ebi.ac.uk/vol1/fastq/SRR121/014/SRR12184014/SRR12184014_1.fastq.gz;ftp.sra.ebi.ac.uk/vol1/fastq/SRR121/014/SRR12184014/SRR12184014_2.fastq.gz	43314deecee0316b05428e4eeb576b8c;d8c2060098fbc7b9040f56565c7d7f45	172897668;172226150	191.6
SAMN15488670	GCF_029719845.1	PRJNA224116	Enterobacter spp.	Enterobacter hormaechei	strain=RHB44-SE-C02	158836	158836	2023-04-13	ASM2971984v1	https://ftp.ncbi.nlm.nih.gov/genomes/all/GCF/029/719/845/GCF_029719845.1_ASM2971984v1/	refseq	na	4822539	1	SRR12184012	PRJNA605147	Illumina HiSeq 4000	RANDOM	3270717	987320377	ftp.sra.ebi.ac.uk/vol1/fastq/SRR121/012/SRR12184012/SRR12184012_1.fastq.gz;ftp.sra.ebi.ac.uk/vol1/fastq/SRR121/012/SRR12184012/SRR12184012_2.fastq.gz	7cdea4e68a3f91fca22b386858906b03;b4386bbb2723f8218ed1478e13111320	183922256;186584705	204.7
SAMN15488675	GCF_029719805.1	PRJNA224116	Citrobacter spp.	Citrobacter braakii	strain=RHB44-SE-C08	57706	57706	2023-04-13	ASM2971980v1	https://ftp.ncbi.nlm.nih.gov/genomes/all/GCF/029/719/805/GCF_029719805.1_ASM2971980v1/	refseq	na	4988796	1	SRR12184007	PRJNA605147	Illumina HiSeq 4000	RANDOM	3085755	931526020	ftp.sra.ebi.ac.uk/vol1/fastq/SRR121/007/SRR12184007/SRR12184007_1.fastq.gz;ftp.sra.ebi.ac.uk/vol1/fastq/SRR121/007/SRR12184007/SRR12184007_2.fastq.gz	fc13c9a66518d7bf5d94dadafc36b0b2;0495a97ca4914b23fc7674a9d870943f	184983681;190802213	186.7
SAMN15488679	GCF_029719765.1	PRJNA224116	Citrobacter spp.	Citrobacter freundii	strain=RHB44-SO-C05	546	546	2023-04-13	ASM2971976v1	https://ftp.ncbi.nlm.nih.gov/genomes/all/GCF/029/719/765/GCF_029719765.1_ASM2971976v1/	refseq	na	5032522	1	SRR12184003	PRJNA605147	Illumina HiSeq 4000	RANDOM	2765860	834884063	ftp.sra.ebi.ac.uk/vol1/fastq/SRR121/003/SRR12184003/SRR12184003_1.fastq.gz;ftp.sra.ebi.ac.uk/vol1/fastq/SRR121/003/SRR12184003/SRR12184003_2.fastq.gz	534951955901ff049ed9c71327217cf0;381986a321ca1c2bb5213b8e0f6e64f3	167117423;170769258	165.9
SAMN15488704	GCF_029721335.1	PRJNA224116	Enterobacter spp.	Enterobacter hormaechei	strain=RHB45-SO-C08	158836	158836	2023-04-13	ASM2972133v1	https://ftp.ncbi.nlm.nih.gov/genomes/all/GCF/029/721/335/GCF_029721335.1_ASM2972133v1/	refseq	na	4538372	1	SRR12183974	PRJNA605147	Illumina HiSeq 4000	RANDOM	2384999	720077920	ftp.sra.ebi.ac.uk/vol1/fastq/SRR121/074/SRR12183974/SRR12183974_1.fastq.gz;ftp.sra.ebi.ac.uk/vol1/fastq/SRR121/074/SRR12183974/SRR12183974_2.fastq.gz	84ad463bb8faa81587a8d456bf4447a8;f98ec0540eda3e9f328c79091bdb3ca0	137975226;142501634	158.7
SAMN15488725	GCF_029721015.1	PRJNA224116	Enterobacter spp.	Enterobacter ludwigii	strain=RHB47-SO-C01	299767	299767	2023-04-13	ASM2972101v1	https://ftp.ncbi.nlm.nih.gov/genomes/all/GCF/029/721/015/GCF_029721015.1_ASM2972101v1/	refseq	na	4905878	1	SRR12183951	PRJNA605147	Illumina HiSeq 4000	RANDOM	3128144	944322078	ftp.sra.ebi.ac.uk/vol1/fastq/SRR121/051/SRR12183951/SRR12183951_1.fastq.gz;ftp.sra.ebi.ac.uk/vol1/fastq/SRR121/051/SRR12183951/SRR12183951_2.fastq.gz	d5d93f48a287e3f00ff49b98d2a6a838;051578449326537693aaa01e3011a098	180118013;181838856	192.5
SAMN15488726	GCF_029720995.1	PRJNA224116	Enterobacter spp.	Enterobacter ludwigii	strain=RHB47-SO-C03	299767	299767	2023-04-13	ASM2972099v1	https://ftp.ncbi.nlm.nih.gov/genomes/all/GCF/029/720/995/GCF_029720995.1_ASM2972099v1/	refseq	na	4811688	1	SRR12183950	PRJNA605147	Illumina HiSeq 4000	RANDOM	2799675	845213597	ftp.sra.ebi.ac.uk/vol1/fastq/SRR121/050/SRR12183950/SRR12183950_1.fastq.gz;ftp.sra.ebi.ac.uk/vol1/fastq/SRR121/050/SRR12183950/SRR12183950_2.fastq.gz	c85cc0ae6ebd1c3ac77f908b9a3856ff;676387f025df3f8356dcc7846eba4cc3	161759472;165189410	175.7
SAMN15907139	GCF_027886525.1	PRJNA224116	Enterobacter spp.	Enterobacter hormaechei	strain=2020CK-00204	158836	158836	2023-01-17	ASM2788652v1	https://ftp.ncbi.nlm.nih.gov/genomes/all/GCF/027/886/525/GCF_027886525.1_ASM2788652v1/	refseq	na	5166182	1	SRR12519121	PRJNA288601	Illumina MiSeq	RANDOM	954981	283129781	ftp.sra.ebi.ac.uk/vol1/fastq/SRR125/021/SRR12519121/SRR12519121_1.fastq.gz;ftp.sra.ebi.ac.uk/vol1/fastq/SRR125/021/SRR12519121/SRR12519121_2.fastq.gz	d1834e49cadbb114262a94af3ed43822;9720061b57b138f71d7a1d75af034cd5	99382500;103002251	54.8
SAMN15907141	GCF_028891505.1	PRJNA224116	Enterobacter spp.	Enterobacter hormaechei	strain=2020CK-00206	158836	158836	2023-03-01	ASM2889150v1	https://ftp.ncbi.nlm.nih.gov/genomes/all/GCF/028/891/505/GCF_028891505.1_ASM2889150v1/	refseq	na	5225279	1	SRR12519119	PRJNA288601	Illumina MiSeq	RANDOM	747615	279563970	ftp.sra.ebi.ac.uk/vol1/fastq/SRR125/019/SRR12519119/SRR12519119_1.fastq.gz;ftp.sra.ebi.ac.uk/vol1/fastq/SRR125/019/SRR12519119/SRR12519119_2.fastq.gz	a2b828799b7e612cbc33ec3c6de4fe0e;521b71c0d9ca1e434a5bac5946503749	56002562;56303118	53.5
SAMN15907158	GCF_028872175.1	PRJNA224116	Klebsiella pneumoniae	Klebsiella pneumoniae	strain=2020CK-00223	573	573	2023-02-27	ASM2887217v1	https://ftp.ncbi.nlm.nih.gov/genomes/all/GCF/028/872/175/GCF_028872175.1_ASM2887217v1/	refseq	na	5558472	1	SRR12519100	PRJNA288601	Illumina MiSeq	RANDOM	791260	296244274	ftp.sra.ebi.ac.uk/vol1/fastq/SRR125/000/SRR12519100/SRR12519100_1.fastq.gz;ftp.sra.ebi.ac.uk/vol1/fastq/SRR125/000/SRR12519100/SRR12519100_2.fastq.gz	cfd885d9690ba83886a2bac805a68828;7d39e3fe12a32b3cf7ce115e2d4f26ef	59173233;59389112	53.3
SAMN15907159	GCF_028872235.1	PRJNA224116	Enterobacter spp.	Enterobacter hormaechei	strain=2020CK-00224	158836	158836	2023-02-27	ASM2887223v1	https://ftp.ncbi.nlm.nih.gov/genomes/all/GCF/028/872/235/GCF_028872235.1_ASM2887223v1/	refseq	na	5192593	1	SRR12519099	PRJNA288601	Illumina MiSeq	RANDOM	811652	310643944	ftp.sra.ebi.ac.uk/vol1/fastq/SRR125/099/SRR12519099/SRR12519099_1.fastq.gz;ftp.sra.ebi.ac.uk/vol1/fastq/SRR125/099/SRR12519099/SRR12519099_2.fastq.gz	6b1b132502706106a95e1065d0966ff4;77c4a8dc49914d3c480d87bd33ba9742	61930959;62160102	59.8
SAMN16387623	GCF_027595525.1	PRJNA224116	Enterobacter spp.	Enterobacter asburiae	strain=S3_CRE3	61645	61645	2023-01-09	ASM2759552v1	https://ftp.ncbi.nlm.nih.gov/genomes/all/GCF/027/595/525/GCF_027595525.1_ASM2759552v1/	refseq	na	4509736	1	SRR12811549	PRJNA667445	NextSeq 500	RANDOM	4240556	1280647912	ftp.sra.ebi.ac.uk/vol1/fastq/SRR128/049/SRR12811549/SRR12811549_1.fastq.gz;ftp.sra.ebi.ac.uk/vol1/fastq/SRR128/049/SRR12811549/SRR12811549_2.fastq.gz	d6fe2ad6b27710f57cd347f2cb2f7028;378afd0323567a4c8af081791bd13234	379869852;385768365	284.0
SAMN16505100	GCF_025398395.2	PRJNA224116	Enterobacter spp.	Enterobacter hormaechei	strain=2020CK-00376	158836	158836	2023-06-02	ASM2539839v2	https://ftp.ncbi.nlm.nih.gov/genomes/all/GCF/025/398/395/GCF_025398395.2_ASM2539839v2/	refseq	na	4689358	1	SRR12865192	PRJNA288601	Illumina MiSeq	RANDOM	569244	212552219	ftp.sra.ebi.ac.uk/vol1/fastq/SRR128/092/SRR12865192/SRR12865192_1.fastq.gz;ftp.sra.ebi.ac.uk/vol1/fastq/SRR128/092/SRR12865192/SRR12865192_2.fastq.gz	6868457eaf61d5bd85b40c9a0bccf4f2;18587af1b990f33def3339f6a136e383	42627098;42832712	45.3
SAMN16822476	GCF_047839715.1	PRJNA224116	Klebsiella pneumoniae	Klebsiella pneumoniae	strain=2020CK-00441	573	573	2025-02-18	ASM4783971v1	https://ftp.ncbi.nlm.nih.gov/genomes/all/GCF/047/839/715/GCF_047839715.1_ASM4783971v1/	refseq	na	5573423	1	SRR13075498	PRJNA288601	Illumina MiSeq	RANDOM	787197	379266480	ftp.sra.ebi.ac.uk/vol1/fastq/SRR130/098/SRR13075498/SRR13075498_1.fastq.gz;ftp.sra.ebi.ac.uk/vol1/fastq/SRR130/098/SRR13075498/SRR13075498_2.fastq.gz	e3f16bacbc8bb5d235f49f95592daa6f;d76399d37798a07da1a5c14b8b2ff387	71555779;71600525	68.0
SAMN17766463	GCF_022789885.2	PRJNA224116	Klebsiella pneumoniae	Klebsiella pneumoniae	strain=2019-400-2	573	573	2024-09-12	KGMAR-2019-400-2	https://ftp.ncbi.nlm.nih.gov/genomes/all/GCF/022/789/885/GCF_022789885.2_KGMAR-2019-400-2/	refseq	na	5508626	1	SRR18543872	PRJNA591480	Illumina MiSeq	unspecified	493997	236232872	ftp.sra.ebi.ac.uk/vol1/fastq/SRR185/072/SRR18543872/SRR18543872_1.fastq.gz;ftp.sra.ebi.ac.uk/vol1/fastq/SRR185/072/SRR18543872/SRR18543872_2.fastq.gz	41098c918af4b26e083ca7488c3a94d4;3ab88273be39b0c2a0d107b87a1e206c	65731402;80840320	42.9
SAMN17766464	GCF_022789905.2	PRJNA224116	Klebsiella pneumoniae	Klebsiella pneumoniae	strain=2019-604	573	573	2024-09-12	KGMAR-2019-604	https://ftp.ncbi.nlm.nih.gov/genomes/all/GCF/022/789/905/GCF_022789905.2_KGMAR-2019-604/	refseq	na	5376068	1	SRR18543871	PRJNA591480	Illumina MiSeq	unspecified	722853	350203920	ftp.sra.ebi.ac.uk/vol1/fastq/SRR185/071/SRR18543871/SRR18543871_1.fastq.gz;ftp.sra.ebi.ac.uk/vol1/fastq/SRR185/071/SRR18543871/SRR18543871_2.fastq.gz	6d5e36916db07dc2286e371c8343d516;e56ad85e7890264f23cf7010c7bfaf20	100036707;120298042	65.1
SAMN17766468	GCF_022789805.2	PRJNA224116	Klebsiella pneumoniae	Klebsiella pneumoniae	strain=2019-1417-2	573	573	2024-09-12	KGMAR-2019-1417-2	https://ftp.ncbi.nlm.nih.gov/genomes/all/GCF/022/789/805/GCF_022789805.2_KGMAR-2019-1417-2/	refseq	na	5320325	1	SRR18543867	PRJNA591480	Illumina MiSeq	unspecified	1140179	518670513	ftp.sra.ebi.ac.uk/vol1/fastq/SRR185/067/SRR18543867/SRR18543867_1.fastq.gz;ftp.sra.ebi.ac.uk/vol1/fastq/SRR185/067/SRR18543867/SRR18543867_2.fastq.gz	0a7c3e44f2306abc173ff5604a182f41;22f989b429e7c1d4a2af2c5d0de815a1	143338358;170767363	97.5
SAMN17766472	GCF_022789725.2	PRJNA224116	Klebsiella pneumoniae	Klebsiella pneumoniae	strain=2019-1459	573	573	2024-09-12	KGMAR-2019-1459	https://ftp.ncbi.nlm.nih.gov/genomes/all/GCF/022/789/725/GCF_022789725.2_KGMAR-2019-1459/	refseq	na	5745149	1	SRR18543862	PRJNA591480	Illumina MiSeq	unspecified	970390	468797342	ftp.sra.ebi.ac.uk/vol1/fastq/SRR185/062/SRR18543862/SRR18543862_1.fastq.gz;ftp.sra.ebi.ac.uk/vol1/fastq/SRR185/062/SRR18543862/SRR18543862_2.fastq.gz	482ac4c79349962af017df3c40dd08da;09413d3783353e410e01eedbb6d6cfd7	132959119;159060916	81.6
SAMN17766480	GCF_022789585.2	PRJNA224116	Klebsiella pneumoniae	Klebsiella pneumoniae	strain=2019-1766	573	573	2024-09-12	KGMAR-2019-1766	https://ftp.ncbi.nlm.nih.gov/genomes/all/GCF/022/789/585/GCF_022789585.2_KGMAR-2019-1766/	refseq	na	5446408	1	SRR18543828	PRJNA591480	Illumina MiSeq	unspecified	574494	276531389	ftp.sra.ebi.ac.uk/vol1/fastq/SRR185/028/SRR18543828/SRR18543828_1.fastq.gz;ftp.sra.ebi.ac.uk/vol1/fastq/SRR185/028/SRR18543828/SRR18543828_2.fastq.gz	dc24b7f65038c071e1beb87a0ee87d58;3da5b437bdf7eaa00aa088a4dbc21737	80358485;95778338	50.8
SAMN17766494	GCF_022789345.2	PRJNA224116	Klebsiella pneumoniae	Klebsiella pneumoniae	strain=2019-2186	573	573	2024-09-12	KGMAR-2019-2186	https://ftp.ncbi.nlm.nih.gov/genomes/all/GCF/022/789/345/GCF_022789345.2_KGMAR-2019-2186/	refseq	na	5306834	1	SRR18543812	PRJNA591480	Illumina MiSeq	unspecified	1006669	549847447	ftp.sra.ebi.ac.uk/vol1/fastq/SRR185/012/SRR18543812/SRR18543812_1.fastq.gz;ftp.sra.ebi.ac.uk/vol1/fastq/SRR185/012/SRR18543812/SRR18543812_2.fastq.gz	47c7eaf20f0acb898dec3f00c15e6ce0;edf56bc89822c0412cc8cb8128c68707	166668398;206856824	103.6
SAMN17766502	GCF_022789205.2	PRJNA224116	Klebsiella pneumoniae	Klebsiella pneumoniae	strain=2020-314	573	573	2024-09-16	ASM2278920v2	https://ftp.ncbi.nlm.nih.gov/genomes/all/GCF/022/789/205/GCF_022789205.2_ASM2278920v2/	refseq	na	6083299	1	SRR18543853	PRJNA591480	Illumina MiSeq	unspecified	466677	255484887	ftp.sra.ebi.ac.uk/vol1/fastq/SRR185/053/SRR18543853/SRR18543853_1.fastq.gz;ftp.sra.ebi.ac.uk/vol1/fastq/SRR185/053/SRR18543853/SRR18543853_2.fastq.gz	8f1016c287b99dd93526f72719611b0a;c3d2ced89b91dfff142ed7feea76369a	76952264;93743404	42.0
SAMN17766507	GCF_022789185.2	PRJNA224116	Klebsiella pneumoniae	Klebsiella pneumoniae	strain=2020-428	573	573	2024-09-05	ASM2278918v2	https://ftp.ncbi.nlm.nih.gov/genomes/all/GCF/022/789/185/GCF_022789185.2_ASM2278918v2/	refseq	na	5600078	1	SRR18543848	PRJNA591480	Illumina MiSeq	unspecified	1294340	567427057	ftp.sra.ebi.ac.uk/vol1/fastq/SRR185/048/SRR18543848/SRR18543848_1.fastq.gz;ftp.sra.ebi.ac.uk/vol1/fastq/SRR185/048/SRR18543848/SRR18543848_2.fastq.gz	fb18c2ecd691e64cae708be80fd0486e;04557f7d807553c1a7bbd34c249a6554	159300471;200524804	101.3
SAMN17766508	GCF_022789105.2	PRJNA224116	Klebsiella pneumoniae	Klebsiella pneumoniae	strain=2020-440	573	573	2024-09-12	KGMAR-2020-440	https://ftp.ncbi.nlm.nih.gov/genomes/all/GCF/022/789/105/GCF_022789105.2_KGMAR-2020-440/	refseq	na	5430337	1	SRR18543847	PRJNA591480	Illumina MiSeq	unspecified	1617434	707489602	ftp.sra.ebi.ac.uk/vol1/fastq/SRR185/047/SRR18543847/SRR18543847_1.fastq.gz;ftp.sra.ebi.ac.uk/vol1/fastq/SRR185/047/SRR18543847/SRR18543847_2.fastq.gz	9c53a911f3216880fac4f7544d8520ff;2bdebd3bac719cb13325ff0c94a4ad27	204400619;232956861	130.3
SAMN18313885	GCF_030272075.1	PRJNA224116	Klebsiella pneumoniae	Klebsiella pneumoniae	strain=2021CK-00720	573	573	2023-06-14	ASM3027207v1	https://ftp.ncbi.nlm.nih.gov/genomes/all/GCF/030/272/075/GCF_030272075.1_ASM3027207v1/	refseq	na	5632733	1	SRR13965555	PRJNA288601	Illumina MiSeq	RANDOM	747936	222623030	ftp.sra.ebi.ac.uk/vol1/fastq/SRR139/055/SRR13965555/SRR13965555_1.fastq.gz;ftp.sra.ebi.ac.uk/vol1/fastq/SRR139/055/SRR13965555/SRR13965555_2.fastq.gz	975925baf53c12534ef033711d36998e;f6c88bf6c8ee36b91dd58785f648525c	45359019;45360925	39.5
SAMN19316169	GCF_018596855.2	PRJNA224116	Enterobacter spp.	Enterobacter roggenkampii	strain=120063	1812935	1812935	2023-01-30	ASM1859685v2	https://ftp.ncbi.nlm.nih.gov/genomes/all/GCF/018/596/855/GCF_018596855.2_ASM1859685v2/	refseq	na	5251768	1	SRR23086529	PRJNA415108	HiSeq X Ten	RANDOM	5702964	1710889200	ftp.sra.ebi.ac.uk/vol1/fastq/SRR230/029/SRR23086529/SRR23086529_1.fastq.gz;ftp.sra.ebi.ac.uk/vol1/fastq/SRR230/029/SRR23086529/SRR23086529_2.fastq.gz	ca7382ca032535280966d1e82951edab;d5f4577f25164acd685202560251869a	397271421;405289262	325.8
SAMN21522362	GCF_028752775.1	PRJNA224116	Enterobacter spp.	Enterobacter hormaechei subsp. xiangfangensis	strain=MDCL 3	1296536	158836	2023-02-21	ASM2875277v1	https://ftp.ncbi.nlm.nih.gov/genomes/all/GCF/028/752/775/GCF_028752775.1_ASM2875277v1/	refseq	na	5000180	1	SRR22795658	PRJNA721536	Illumina NovaSeq 6000	RANDOM	7038187	3519093500	ftp.sra.ebi.ac.uk/vol1/fastq/SRR227/058/SRR22795658/SRR22795658_1.fastq.gz;ftp.sra.ebi.ac.uk/vol1/fastq/SRR227/058/SRR22795658/SRR22795658_2.fastq.gz	a08144768565973f6ec985ecdb08d725;a16c1b1c2630bd880a6a725c5dd9069e	610212813;611401718	703.8
SAMN22837217	GCF_036785855.1	PRJNA224116	Citrobacter spp.	Citrobacter portucalensis	strain=CAVp365	1639133	1639133	2024-02-22	ASM3678585v1	https://ftp.ncbi.nlm.nih.gov/genomes/all/GCF/036/785/855/GCF_036785855.1_ASM3678585v1/	refseq	na	4932743	1	SRR16694229	PRJNA411762	Illumina HiSeq 4000	RANDOM	3192032	478356750	ftp.sra.ebi.ac.uk/vol1/fastq/SRR166/029/SRR16694229/SRR16694229_1.fastq.gz;ftp.sra.ebi.ac.uk/vol1/fastq/SRR166/029/SRR16694229/SRR16694229_2.fastq.gz	30698a01867b3d64ae9e3976b7968e13;07869747bb98288edd0780c09da9eb20	120113210;130158119	97.0
SAMN23424510	GCF_028335705.1	PRJNA224116	Enterococcus faecalis	Enterococcus faecalis	strain=K205-3	1351	1351	2023-01-31	ASM2833570v1	https://ftp.ncbi.nlm.nih.gov/genomes/all/GCF/028/335/705/GCF_028335705.1_ASM2833570v1/	refseq	na	2988362	1	SRR23190396	PRJNA783265	Illumina MiniSeq	RANDOM	798002	235605652	ftp.sra.ebi.ac.uk/vol1/fastq/SRR231/096/SRR23190396/SRR23190396_1.fastq.gz;ftp.sra.ebi.ac.uk/vol1/fastq/SRR231/096/SRR23190396/SRR23190396_2.fastq.gz	6d77f478db244021bad2b3f1e8f2c6d8;b1690d6f6d0ea14cf7af307c951801db	60940543;61500768	78.8
SAMN23424512	GCF_028335305.1	PRJNA224116	Enterococcus faecalis	Enterococcus faecalis	strain=K198-1	1351	1351	2023-01-31	ASM2833530v1	https://ftp.ncbi.nlm.nih.gov/genomes/all/GCF/028/335/305/GCF_028335305.1_ASM2833530v1/	refseq	na	2810354	1	SRR23190394	PRJNA783265	Illumina MiniSeq	RANDOM	974378	287678756	ftp.sra.ebi.ac.uk/vol1/fastq/SRR231/094/SRR23190394/SRR23190394_1.fastq.gz;ftp.sra.ebi.ac.uk/vol1/fastq/SRR231/094/SRR23190394/SRR23190394_2.fastq.gz	218e7a33a5502f271a94a376d49664cb;799687ba0ba356412cfd53ee1f716ddc	73460427;74669132	102.4
SAMN23424516	GCF_028335445.1	PRJNA224116	Enterococcus faecalis	Enterococcus faecalis	strain=K137-1a	1351	1351	2023-01-31	ASM2833544v1	https://ftp.ncbi.nlm.nih.gov/genomes/all/GCF/028/335/445/GCF_028335445.1_ASM2833544v1/	refseq	na	2804651	1	SRR23190422	PRJNA783265	Illumina MiniSeq	RANDOM	1081463	317863556	ftp.sra.ebi.ac.uk/vol1/fastq/SRR231/022/SRR23190422/SRR23190422_1.fastq.gz;ftp.sra.ebi.ac.uk/vol1/fastq/SRR231/022/SRR23190422/SRR23190422_2.fastq.gz	72fc0b9e9719a2166e68bb430f288d8d;a50d83419a88bae637e00bc9745a10ab	85253786;84990703	113.3
SAMN23424517	GCF_028335505.1	PRJNA224116	Enterococcus faecalis	Enterococcus faecalis	strain=K194-1	1351	1351	2023-01-31	ASM2833550v1	https://ftp.ncbi.nlm.nih.gov/genomes/all/GCF/028/335/505/GCF_028335505.1_ASM2833550v1/	refseq	na	2776942	1	SRR23190421	PRJNA783265	Illumina MiniSeq	RANDOM	1008019	297727271	ftp.sra.ebi.ac.uk/vol1/fastq/SRR231/021/SRR23190421/SRR23190421_1.fastq.gz;ftp.sra.ebi.ac.uk/vol1/fastq/SRR231/021/SRR23190421/SRR23190421_2.fastq.gz	593a8da526e18c5164a7fa0c37faacba;c483437a764764f4ef70c8e8eaad1952	76261831;78527555	107.2
SAMN23424518	GCF_028335425.1	PRJNA224116	Enterococcus faecalis	Enterococcus faecalis	strain=K70-12a	1351	1351	2023-01-31	ASM2833542v1	https://ftp.ncbi.nlm.nih.gov/genomes/all/GCF/028/335/425/GCF_028335425.1_ASM2833542v1/	refseq	na	2816739	1	SRR23190420	PRJNA783265	Illumina MiniSeq	RANDOM	1103978	325413658	ftp.sra.ebi.ac.uk/vol1/fastq/SRR231/020/SRR23190420/SRR23190420_1.fastq.gz;ftp.sra.ebi.ac.uk/vol1/fastq/SRR231/020/SRR23190420/SRR23190420_2.fastq.gz	ec3967fc43c26684d3861558da6e3b4a;71525d90ab65d6aecd4c4812237a7042	86662123;87814842	115.5
SAMN23424519	GCF_028335665.1	PRJNA224116	Enterococcus faecalis	Enterococcus faecalis	strain=K80-2b	1351	1351	2023-01-31	ASM2833566v1	https://ftp.ncbi.nlm.nih.gov/genomes/all/GCF/028/335/665/GCF_028335665.1_ASM2833566v1/	refseq	na	2776931	1	SRR23190419	PRJNA783265	Illumina MiniSeq	RANDOM	1449263	427137386	ftp.sra.ebi.ac.uk/vol1/fastq/SRR231/019/SRR23190419/SRR23190419_1.fastq.gz;ftp.sra.ebi.ac.uk/vol1/fastq/SRR231/019/SRR23190419/SRR23190419_2.fastq.gz	0e0456891e602a176e6018a8c634301e;eee7fc30565adceb172d853e41f1aa4e	113706135;114091827	153.8
SAMN23424524	GCF_028335625.1	PRJNA224116	Enterococcus faecium	Enterococcus faecium	strain=K80-15b	1352	1352	2023-01-31	ASM2833562v1	https://ftp.ncbi.nlm.nih.gov/genomes/all/GCF/028/335/625/GCF_028335625.1_ASM2833562v1/	refseq	na	2891890	1	SRR23190414	PRJNA783265	Illumina MiniSeq	RANDOM	1178163	347208074	ftp.sra.ebi.ac.uk/vol1/fastq/SRR231/014/SRR23190414/SRR23190414_1.fastq.gz;ftp.sra.ebi.ac.uk/vol1/fastq/SRR231/014/SRR23190414/SRR23190414_2.fastq.gz	0d78c82bbcd29994741c047ad03f2639;9734a6dc731bbb3b96a25ecb4a01c0bb	91986219;93514973	120.1
SAMN23424525	GCF_028335605.1	PRJNA224116	Enterococcus faecium	Enterococcus faecium	strain=K189-3	1352	1352	2023-01-31	ASM2833560v1	https://ftp.ncbi.nlm.nih.gov/genomes/all/GCF/028/335/605/GCF_028335605.1_ASM2833560v1/	refseq	na	2835173	1	SRR23190412	PRJNA783265	Illumina MiniSeq	RANDOM	922272	271910821	ftp.sra.ebi.ac.uk/vol1/fastq/SRR231/012/SRR23190412/SRR23190412_1.fastq.gz;ftp.sra.ebi.ac.uk/vol1/fastq/SRR231/012/SRR23190412/SRR23190412_2.fastq.gz	ce763c94609cea9d165d49977436317b;36912d5e14b085366c25f574b6da08f8	72423399;72616761	95.9
SAMN23424526	GCF_028335585.1	PRJNA224116	Enterococcus faecium	Enterococcus faecium	strain=K70-1a	1352	1352	2023-01-31	ASM2833558v1	https://ftp.ncbi.nlm.nih.gov/genomes/all/GCF/028/335/585/GCF_028335585.1_ASM2833558v1/	refseq	na	3004965	1	SRR23190411	PRJNA783265	Illumina MiniSeq	RANDOM	1052441	309586166	ftp.sra.ebi.ac.uk/vol1/fastq/SRR231/011/SRR23190411/SRR23190411_1.fastq.gz;ftp.sra.ebi.ac.uk/vol1/fastq/SRR231/011/SRR23190411/SRR23190411_2.fastq.gz	9ec0eebc9201440af093cb2ae0cfcdf1;820be4c4021b405b25a79455734ce37f	82423899;82349146	103.0
SAMN23424527	GCF_028335565.1	PRJNA224116	Enterococcus faecium	Enterococcus faecium	strain=K75-1	1352	1352	2023-01-31	ASM2833556v1	https://ftp.ncbi.nlm.nih.gov/genomes/all/GCF/028/335/565/GCF_028335565.1_ASM2833556v1/	refseq	na	2837343	1	SRR23190410	PRJNA783265	Illumina MiniSeq	RANDOM	869738	256564861	ftp.sra.ebi.ac.uk/vol1/fastq/SRR231/010/SRR23190410/SRR23190410_1.fastq.gz;ftp.sra.ebi.ac.uk/vol1/fastq/SRR231/010/SRR23190410/SRR23190410_2.fastq.gz	c18c6c3015f237bbb522b28803253a5f;410212ddb94f81fb1ae702d52974beab	68551133;67630244	90.4
SAMN23424528	GCF_028335525.1	PRJNA224116	Enterococcus faecium	Enterococcus faecium	strain=K162-1	1352	1352	2023-01-31	ASM2833552v1	https://ftp.ncbi.nlm.nih.gov/genomes/all/GCF/028/335/525/GCF_028335525.1_ASM2833552v1/	refseq	na	2862866	1	SRR23190409	PRJNA783265	Illumina MiniSeq	RANDOM	1277729	376636623	ftp.sra.ebi.ac.uk/vol1/fastq/SRR231/009/SRR23190409/SRR23190409_1.fastq.gz;ftp.sra.ebi.ac.uk/vol1/fastq/SRR231/009/SRR23190409/SRR23190409_2.fastq.gz	1d101eaac89d836e93452c5f6976e8c3;25d8f3fa257869697615952d8c8c8251	99761661;100617530	131.6
SAMN23424529	GCF_028335225.1	PRJNA224116	Enterococcus faecium	Enterococcus faecium	strain=K191-3	1352	1352	2023-01-31	ASM2833522v1	https://ftp.ncbi.nlm.nih.gov/genomes/all/GCF/028/335/225/GCF_028335225.1_ASM2833522v1/	refseq	na	2840562	1	SRR23190408	PRJNA783265	Illumina MiniSeq	RANDOM	1101442	325262256	ftp.sra.ebi.ac.uk/vol1/fastq/SRR231/008/SRR23190408/SRR23190408_1.fastq.gz;ftp.sra.ebi.ac.uk/vol1/fastq/SRR231/008/SRR23190408/SRR23190408_2.fastq.gz	fa3b431b77af90a40da3ec28dff887c2;475488f164a3a0f9fd0fc4d3a8ac9084	82665143;82754235	114.5
SAMN23424531	GCF_028335485.1	PRJNA224116	Enterococcus faecium	Enterococcus faecium	strain=K188-5	1352	1352	2023-01-31	ASM2833548v1	https://ftp.ncbi.nlm.nih.gov/genomes/all/GCF/028/335/485/GCF_028335485.1_ASM2833548v1/	refseq	na	2843926	1	SRR23190406	PRJNA783265	Illumina MiniSeq	RANDOM	1206483	355006024	ftp.sra.ebi.ac.uk/vol1/fastq/SRR231/006/SRR23190406/SRR23190406_1.fastq.gz;ftp.sra.ebi.ac.uk/vol1/fastq/SRR231/006/SRR23190406/SRR23190406_2.fastq.gz	901294210d00625ba971af54f572ef7e;ed9899fbe812c6fd0ff5ddd17040e6fa	95225335;95814426	124.8
SAMN23424532	GCF_028335465.1	PRJNA224116	Enterococcus faecium	Enterococcus faecium	strain=K69-1a	1352	1352	2023-01-31	ASM2833546v1	https://ftp.ncbi.nlm.nih.gov/genomes/all/GCF/028/335/465/GCF_028335465.1_ASM2833546v1/	refseq	na	2916853	1	SRR23190405	PRJNA783265	Illumina MiniSeq	RANDOM	896720	264140487	ftp.sra.ebi.ac.uk/vol1/fastq/SRR231/005/SRR23190405/SRR23190405_1.fastq.gz;ftp.sra.ebi.ac.uk/vol1/fastq/SRR231/005/SRR23190405/SRR23190405_2.fastq.gz	25ab6505f65d9b7d8c953e56bc58365f;699f81dc720a4add1ec59e008df847a8	70069837;69544971	90.6
SAMN23424534	GCF_028335245.1	PRJNA224116	Enterococcus faecium	Enterococcus faecium	strain=R39-1	1352	1352	2023-01-31	ASM2833524v1	https://ftp.ncbi.nlm.nih.gov/genomes/all/GCF/028/335/245/GCF_028335245.1_ASM2833524v1/	refseq	na	2735269	1	SRR23190403	PRJNA783265	Illumina MiniSeq	RANDOM	924048	271446182	ftp.sra.ebi.ac.uk/vol1/fastq/SRR231/003/SRR23190403/SRR23190403_1.fastq.gz;ftp.sra.ebi.ac.uk/vol1/fastq/SRR231/003/SRR23190403/SRR23190403_2.fastq.gz	7139a3a2ef017b2b4e079f9ab1432a9c;e8de218a119ff9907275ca0d03a76f47	72215188;73194567	99.2
SAMN23424535	GCF_028335205.1	PRJNA224116	Enterococcus faecium	Enterococcus faecium	strain=K195-6b	1352	1352	2023-01-31	ASM2833520v1	https://ftp.ncbi.nlm.nih.gov/genomes/all/GCF/028/335/205/GCF_028335205.1_ASM2833520v1/	refseq	na	2798314	1	SRR23190401	PRJNA783265	Illumina MiniSeq	RANDOM	1000547	293484599	ftp.sra.ebi.ac.uk/vol1/fastq/SRR231/001/SRR23190401/SRR23190401_1.fastq.gz;ftp.sra.ebi.ac.uk/vol1/fastq/SRR231/001/SRR23190401/SRR23190401_2.fastq.gz	d7f3d844bddae759a449837361211ad2;6952de60a627ede6b143922971c71196	73837789;74626940	104.9
SAMN26198497	GCF_040591245.1	PRJNA224116	Citrobacter spp.	Citrobacter portucalensis	strain=19MO02SH04	1639133	1639133	2024-07-10	ASM4059124v1	https://ftp.ncbi.nlm.nih.gov/genomes/all/GCF/040/591/245/GCF_040591245.1_ASM4059124v1/	refseq	na	5205676	1	SRR18507812	PRJNA800017	Illumina MiSeq	RANDOM PCR	814634	373940579	ftp.sra.ebi.ac.uk/vol1/fastq/SRR185/012/SRR18507812/SRR18507812_1.fastq.gz;ftp.sra.ebi.ac.uk/vol1/fastq/SRR185/012/SRR18507812/SRR18507812_2.fastq.gz	5af094236d5aa25c99bf237e0f4544c1;02fc349442e0738699396813b5971244	133031681;168808299	71.8
SAMN26198498	GCF_040585435.1	PRJNA224116	Citrobacter spp.	Citrobacter portucalensis	strain=19MO02SH05	1639133	1639133	2024-07-10	ASM4058543v1	https://ftp.ncbi.nlm.nih.gov/genomes/all/GCF/040/585/435/GCF_040585435.1_ASM4058543v1/	refseq	na	5048679	1	SRR18507811	PRJNA800017	Illumina MiSeq	RANDOM PCR	858147	439614110	ftp.sra.ebi.ac.uk/vol1/fastq/SRR185/011/SRR18507811/SRR18507811_1.fastq.gz;ftp.sra.ebi.ac.uk/vol1/fastq/SRR185/011/SRR18507811/SRR18507811_2.fastq.gz	85284369ce1731d5eec91fb62037a0f3;c6b9909d73bf683f811997d99ade268f	162912403;202169561	87.1
SAMN26198684	GCF_051046885.1	PRJNA224116	Enterobacter spp.	Enterobacter cloacae	strain=19MO06SH04	550	550	2025-06-24	ASM5104688v1	https://ftp.ncbi.nlm.nih.gov/genomes/all/GCF/051/046/885/GCF_051046885.1_ASM5104688v1/	refseq	na	4935288	1	SRR18508037	PRJNA800017	Illumina MiSeq	RANDOM PCR	712455	392150805	ftp.sra.ebi.ac.uk/vol1/fastq/SRR185/037/SRR18508037/SRR18508037_1.fastq.gz;ftp.sra.ebi.ac.uk/vol1/fastq/SRR185/037/SRR18508037/SRR18508037_2.fastq.gz	bc84bef4754b220b69119a6b1a790e15;5c0875eb73b24efb797c65dfb131472a	133590258;161322250	79.5
SAMN26198730	GCF_040586835.1	PRJNA224116	Enterococcus faecalis	Enterococcus faecalis	strain=19CA02SA02	1351	1351	2024-07-10	ASM4058683v1	https://ftp.ncbi.nlm.nih.gov/genomes/all/GCF/040/586/835/GCF_040586835.1_ASM4058683v1/	refseq	na	2819902	1	SRR18507859	PRJNA800017	Illumina MiSeq	RANDOM PCR	1035149	505518755	ftp.sra.ebi.ac.uk/vol1/fastq/SRR185/059/SRR18507859/SRR18507859_1.fastq.gz;ftp.sra.ebi.ac.uk/vol1/fastq/SRR185/059/SRR18507859/SRR18507859_2.fastq.gz	8c324aaad61f2ada96bff60af7735867;34c103f810791b080e2466bd5b635b0c	161567906;189349592	179.3
SAMN26567300	GCF_044356415.1	PRJNA224116	Klebsiella pneumoniae	Klebsiella pneumoniae	strain=FUJ80038	573	573	2024-11-04	ASM4435641v1	https://ftp.ncbi.nlm.nih.gov/genomes/all/GCF/044/356/415/GCF_044356415.1_ASM4435641v1/	refseq	na	5701916	1	SRR18297524	PRJNA814816	Illumina MiSeq	RANDOM	3183481	928882800	ftp.sra.ebi.ac.uk/vol1/fastq/SRR182/024/SRR18297524/SRR18297524_1.fastq.gz;ftp.sra.ebi.ac.uk/vol1/fastq/SRR182/024/SRR18297524/SRR18297524_2.fastq.gz	a5d11dc5c69af30067de1f7935004e3f;a6a71cbaf760086c225755a34ac4a175	211058208;212252067	162.9
SAMN26567301	GCF_044355935.1	PRJNA224116	Klebsiella pneumoniae	Klebsiella pneumoniae	strain=FUJ80050	573	573	2024-11-04	ASM4435593v1	https://ftp.ncbi.nlm.nih.gov/genomes/all/GCF/044/355/935/GCF_044355935.1_ASM4435593v1/	refseq	na	5955631	1	SRR18297551	PRJNA814816	Illumina MiSeq	RANDOM	786846	439502911	ftp.sra.ebi.ac.uk/vol1/fastq/SRR182/051/SRR18297551/SRR18297551_1.fastq.gz;ftp.sra.ebi.ac.uk/vol1/fastq/SRR182/051/SRR18297551/SRR18297551_2.fastq.gz	7c9cac0a72d9fa0e40404a99c160299a;50b7729604f1cf89e58a16d8a9139a29	157704210;190000662	73.8
SAMN26796324	GCF_030734145.1	PRJNA224116	Serratia spp.	Serratia marcescens	strain=F61211109	615	615	2023-08-15	ASM3073414v1	https://ftp.ncbi.nlm.nih.gov/genomes/all/GCF/030/734/145/GCF_030734145.1_ASM3073414v1/	refseq	na	5510834	1	SRR18370114	PRJNA799063	Illumina MiSeq	RANDOM	1245168	589689024	ftp.sra.ebi.ac.uk/vol1/fastq/SRR183/014/SRR18370114/SRR18370114_1.fastq.gz;ftp.sra.ebi.ac.uk/vol1/fastq/SRR183/014/SRR18370114/SRR18370114_2.fastq.gz	f53aec3b2355122b0014722360bed7db;32dcd1341bff12edf8e0a7aa7f16219d	205909791;228857184	107.0
SAMN26796377	GCF_059230765.1	PRJNA224116	Citrobacter spp.	Citrobacter freundii	strain=F51220114	546	546	2026-07-11	ASM5923076v1	https://ftp.ncbi.nlm.nih.gov/genomes/all/GCF/059/230/765/GCF_059230765.1_ASM5923076v1/	refseq	na	6123619	1	SRR18369960	PRJNA799063	Illumina MiSeq	RANDOM	8121522	2209360718	ftp.sra.ebi.ac.uk/vol1/fastq/SRR183/060/SRR18369960/SRR18369960_1.fastq.gz;ftp.sra.ebi.ac.uk/vol1/fastq/SRR183/060/SRR18369960/SRR18369960_2.fastq.gz	0d2362bc52c269dcbbea8162463f7bdd;f3883935d12b24ad1ed08836f9b90d61	519608438;540232940	360.8
SAMN26796434	GCF_059233195.1	PRJNA224116	Enterobacter spp.	Enterobacter sichuanensis	strain=V16220114	2071710	2071710	2026-07-11	ASM5923319v1	https://ftp.ncbi.nlm.nih.gov/genomes/all/GCF/059/233/195/GCF_059233195.1_ASM5923319v1/	refseq	na	5413516	1	SRR18370185	PRJNA799063	Illumina MiSeq	RANDOM	4371532	1151770038	ftp.sra.ebi.ac.uk/vol1/fastq/SRR183/085/SRR18370185/SRR18370185_1.fastq.gz;ftp.sra.ebi.ac.uk/vol1/fastq/SRR183/085/SRR18370185/SRR18370185_2.fastq.gz	70f3ef3780e79624843d72b861a335a7;3f443e73705cdf8eac491103a40daba8	269372395;278320980	212.8
SAMN26796439	GCF_059232575.1	PRJNA224116	Citrobacter spp.	Citrobacter braakii	strain=V22220114	57706	57706	2026-07-11	ASM5923257v1	https://ftp.ncbi.nlm.nih.gov/genomes/all/GCF/059/232/575/GCF_059232575.1_ASM5923257v1/	refseq	na	5346041	1	SRR18370082	PRJNA799063	Illumina MiSeq	RANDOM	18509609	5276138558	ftp.sra.ebi.ac.uk/vol1/fastq/SRR183/082/SRR18370082/SRR18370082_1.fastq.gz;ftp.sra.ebi.ac.uk/vol1/fastq/SRR183/082/SRR18370082/SRR18370082_2.fastq.gz	36977e657f8dfafd3970f3c04a088574;ecb9ea07895f8200c55f4eee3b437ae9	1230089367;1273641372	986.9
SAMN26810699	GCF_030062075.1	PRJNA224116	Enterobacter spp.	Enterobacter hormaechei subsp. xiangfangensis	strain=CNCI 7	1296536	158836	2023-05-22	ASM3006207v1	https://ftp.ncbi.nlm.nih.gov/genomes/all/GCF/030/062/075/GCF_030062075.1_ASM3006207v1/	refseq	na	4981346	1	SRR22795659	PRJNA721536	Illumina NovaSeq 6000	RANDOM	6375024	3187512000	ftp.sra.ebi.ac.uk/vol1/fastq/SRR227/059/SRR22795659/SRR22795659_1.fastq.gz;ftp.sra.ebi.ac.uk/vol1/fastq/SRR227/059/SRR22795659/SRR22795659_2.fastq.gz	d92bb2594756f705cf8ae28d8c3fb60f;9e92e84b4c3801361f614331e2e2dac4	551260929;552218701	639.9
SAMN28626224	GCF_041861145.1	PRJNA224116	Klebsiella pneumoniae	Klebsiella pneumoniae	strain=Kpn168	573	573	2024-09-07	ASM4186114v1	https://ftp.ncbi.nlm.nih.gov/genomes/all/GCF/041/861/145/GCF_041861145.1_ASM4186114v1/	refseq	na	5602447	1	SRR19372497	PRJNA835677	Illumina MiSeq	RANDOM	736027	316803700	ftp.sra.ebi.ac.uk/vol1/fastq/SRR193/097/SRR19372497/SRR19372497_1.fastq.gz;ftp.sra.ebi.ac.uk/vol1/fastq/SRR193/097/SRR19372497/SRR19372497_2.fastq.gz	560522643db6a6ed041f41868d71f51b;a22f446024df38ba5e88ab6558130bf9	95160484;111211821	56.5
SAMN28626228	GCF_041861125.1	PRJNA224116	Klebsiella pneumoniae	Klebsiella pneumoniae	strain=Kpn113	573	573	2024-09-07	ASM4186112v1	https://ftp.ncbi.nlm.nih.gov/genomes/all/GCF/041/861/125/GCF_041861125.1_ASM4186112v1/	refseq	na	5599046	1	SRR19372425	PRJNA835677	Illumina MiSeq	RANDOM	1098254	460268671	ftp.sra.ebi.ac.uk/vol1/fastq/SRR193/025/SRR19372425/SRR19372425_1.fastq.gz;ftp.sra.ebi.ac.uk/vol1/fastq/SRR193/025/SRR19372425/SRR19372425_2.fastq.gz	c4ecb250bb72797bc7c03b564ae9276f;5ac243f509dc810b468998fd9f60145c	136108032;162560468	82.2
SAMN28626241	GCF_041861095.1	PRJNA224116	Klebsiella pneumoniae	Klebsiella pneumoniae	strain=Kpn219	573	573	2024-09-07	ASM4186109v1	https://ftp.ncbi.nlm.nih.gov/genomes/all/GCF/041/861/095/GCF_041861095.1_ASM4186109v1/	refseq	na	5471593	1	SRR19372373	PRJNA835677	Illumina MiSeq	RANDOM	706304	302520794	ftp.sra.ebi.ac.uk/vol1/fastq/SRR193/073/SRR19372373/SRR19372373_1.fastq.gz;ftp.sra.ebi.ac.uk/vol1/fastq/SRR193/073/SRR19372373/SRR19372373_2.fastq.gz	bb9158ff19b50b48b90c6b9a534b5d50;81e03240a444b3861d223e71c0fa8a49	99960069;114562039	55.3
SAMN28626242	GCF_041861085.1	PRJNA224116	Klebsiella pneumoniae	Klebsiella pneumoniae	strain=Kpn2411	573	573	2024-09-07	ASM4186108v1	https://ftp.ncbi.nlm.nih.gov/genomes/all/GCF/041/861/085/GCF_041861085.1_ASM4186108v1/	refseq	na	5586924	1	SRR19372372	PRJNA835677	Illumina MiSeq	RANDOM	768960	323812120	ftp.sra.ebi.ac.uk/vol1/fastq/SRR193/072/SRR19372372/SRR19372372_1.fastq.gz;ftp.sra.ebi.ac.uk/vol1/fastq/SRR193/072/SRR19372372/SRR19372372_2.fastq.gz	a422d70279c02ebcbdaf43c5515e8c34;ef40b158c41c3ff6c3a10e0c030e0cff	107128595;119496569	58.0
SAMN28626246	GCF_041861075.1	PRJNA224116	Klebsiella pneumoniae	Klebsiella pneumoniae	strain=Kpn113	573	573	2024-09-07	ASM4186107v1	https://ftp.ncbi.nlm.nih.gov/genomes/all/GCF/041/861/075/GCF_041861075.1_ASM4186107v1/	refseq	na	5616958	1	SRR19372367	PRJNA835677	Illumina MiSeq	RANDOM	684286	287329569	ftp.sra.ebi.ac.uk/vol1/fastq/SRR193/067/SRR19372367/SRR19372367_1.fastq.gz;ftp.sra.ebi.ac.uk/vol1/fastq/SRR193/067/SRR19372367/SRR19372367_2.fastq.gz	9f61d6a5491f743cf1c7d0c09c3da0e3;04f3d1082beefd00ebcdd1f03c308baa	97976258;104420527	51.2
SAMN28626263	GCF_041861055.1	PRJNA224116	Klebsiella pneumoniae	Klebsiella pneumoniae	strain=Kpn289	573	573	2024-09-07	ASM4186105v1	https://ftp.ncbi.nlm.nih.gov/genomes/all/GCF/041/861/055/GCF_041861055.1_ASM4186105v1/	refseq	na	5423540	1	SRR19372461	PRJNA835677	Illumina MiSeq	RANDOM	562665	240851155	ftp.sra.ebi.ac.uk/vol1/fastq/SRR193/061/SRR19372461/SRR19372461_1.fastq.gz;ftp.sra.ebi.ac.uk/vol1/fastq/SRR193/061/SRR19372461/SRR19372461_2.fastq.gz	2a51670510d32ac7e80a189d40e9649e;66cabc460f7a7e38e5de3cbe5fb7830e	79837199;89648836	44.4
SAMN28626275	GCF_041861035.1	PRJNA224116	Klebsiella pneumoniae	Klebsiella pneumoniae	strain=Kpn4717	573	573	2024-09-07	ASM4186103v1	https://ftp.ncbi.nlm.nih.gov/genomes/all/GCF/041/861/035/GCF_041861035.1_ASM4186103v1/	refseq	na	5699850	1	SRR19372447	PRJNA835677	Illumina MiSeq	RANDOM	1492477	571176262	ftp.sra.ebi.ac.uk/vol1/fastq/SRR193/047/SRR19372447/SRR19372447_1.fastq.gz;ftp.sra.ebi.ac.uk/vol1/fastq/SRR193/047/SRR19372447/SRR19372447_2.fastq.gz	2cf88cb0cb621418bb57469022fe09ff;4903e17bccb9c3dc1dd5f1ba656cf774	179136449;198241394	100.2
SAMN28626276	GCF_041861025.1	PRJNA224116	Klebsiella pneumoniae	Klebsiella pneumoniae	strain=Kpn1537	573	573	2024-09-07	ASM4186102v1	https://ftp.ncbi.nlm.nih.gov/genomes/all/GCF/041/861/025/GCF_041861025.1_ASM4186102v1/	refseq	na	5260600	1	SRR19372446	PRJNA835677	Illumina MiSeq	RANDOM	1445840	555151091	ftp.sra.ebi.ac.uk/vol1/fastq/SRR193/046/SRR19372446/SRR19372446_1.fastq.gz;ftp.sra.ebi.ac.uk/vol1/fastq/SRR193/046/SRR19372446/SRR19372446_2.fastq.gz	a94519c5b8107d5200a20568f9ebd67a;99cc9d12d2340a8bf2b9ac458089f41d	173550197;188934126	105.5
SAMN28626287	GCF_041861015.1	PRJNA224116	Klebsiella pneumoniae	Klebsiella pneumoniae	strain=Kpn788	573	573	2024-09-07	ASM4186101v1	https://ftp.ncbi.nlm.nih.gov/genomes/all/GCF/041/861/015/GCF_041861015.1_ASM4186101v1/	refseq	na	5448505	1	SRR19372406	PRJNA835677	Illumina MiSeq	RANDOM	882264	353620500	ftp.sra.ebi.ac.uk/vol1/fastq/SRR193/006/SRR19372406/SRR19372406_1.fastq.gz;ftp.sra.ebi.ac.uk/vol1/fastq/SRR193/006/SRR19372406/SRR19372406_2.fastq.gz	aae3ae504ab7120f7870f56766859de0;da30b7b9756030962c8cd39c815c6f33	109100162;117460335	64.9
SAMN28626300	GCF_041860975.1	PRJNA224116	Klebsiella pneumoniae	Klebsiella pneumoniae	strain=Kpn301	573	573	2024-09-07	ASM4186097v1	https://ftp.ncbi.nlm.nih.gov/genomes/all/GCF/041/860/975/GCF_041860975.1_ASM4186097v1/	refseq	na	5473896	1	SRR19372392	PRJNA835677	Illumina MiSeq	RANDOM	873895	381692403	ftp.sra.ebi.ac.uk/vol1/fastq/SRR193/092/SRR19372392/SRR19372392_1.fastq.gz;ftp.sra.ebi.ac.uk/vol1/fastq/SRR193/092/SRR19372392/SRR19372392_2.fastq.gz	1e1f0aaf304df1db06bfe9db310be050;0be19a45bd95936d1503b2e95b33a8d6	104495659;128901878	69.7
SAMN28626304	GCF_041860965.1	PRJNA224116	Klebsiella pneumoniae	Klebsiella pneumoniae	strain=Kpn116	573	573	2024-09-07	ASM4186096v1	https://ftp.ncbi.nlm.nih.gov/genomes/all/GCF/041/860/965/GCF_041860965.1_ASM4186096v1/	refseq	na	5350119	1	SRR19372359	PRJNA835677	Illumina MiSeq	RANDOM	880216	386143065	ftp.sra.ebi.ac.uk/vol1/fastq/SRR193/059/SRR19372359/SRR19372359_1.fastq.gz;ftp.sra.ebi.ac.uk/vol1/fastq/SRR193/059/SRR19372359/SRR19372359_2.fastq.gz	7ce9ab60cafac55b9a052840846bcb1b;e55ccf3d1fbcb6a39ed9d6f37f4479b6	105412054;132012664	72.2
SAMN28626316	GCF_041860955.1	PRJNA224116	Klebsiella pneumoniae	Klebsiella pneumoniae	strain=Kpn3403	573	573	2024-09-07	ASM4186095v1	https://ftp.ncbi.nlm.nih.gov/genomes/all/GCF/041/860/955/GCF_041860955.1_ASM4186095v1/	refseq	na	5581356	1	SRR19372494	PRJNA835677	Illumina MiSeq	RANDOM	715729	339380047	ftp.sra.ebi.ac.uk/vol1/fastq/SRR193/094/SRR19372494/SRR19372494_1.fastq.gz;ftp.sra.ebi.ac.uk/vol1/fastq/SRR193/094/SRR19372494/SRR19372494_2.fastq.gz	e71fd56be7416a4216405a50f83b42f1;eb2b996f41c7447dd99ec91ffaf03592	95425608;114252837	60.8
SAMN28626323	GCF_041860935.1	PRJNA224116	Klebsiella pneumoniae	Klebsiella pneumoniae	strain=Kpn148	573	573	2024-09-07	ASM4186093v1	https://ftp.ncbi.nlm.nih.gov/genomes/all/GCF/041/860/935/GCF_041860935.1_ASM4186093v1/	refseq	na	5385458	1	SRR19372487	PRJNA835677	Illumina MiSeq	RANDOM	986063	469255136	ftp.sra.ebi.ac.uk/vol1/fastq/SRR193/087/SRR19372487/SRR19372487_1.fastq.gz;ftp.sra.ebi.ac.uk/vol1/fastq/SRR193/087/SRR19372487/SRR19372487_2.fastq.gz	b46e6dfb71c327bfa6f637ba89fe8be8;f2d7f06b558ee964ddda1037399e5fb4	131636146;160043886	87.1
SAMN28626329	GCF_041860925.1	PRJNA224116	Klebsiella pneumoniae	Klebsiella pneumoniae	strain=Kpn60	573	573	2024-09-07	ASM4186092v1	https://ftp.ncbi.nlm.nih.gov/genomes/all/GCF/041/860/925/GCF_041860925.1_ASM4186092v1/	refseq	na	5421685	1	SRR19372480	PRJNA835677	Illumina MiSeq	RANDOM	1055178	450760543	ftp.sra.ebi.ac.uk/vol1/fastq/SRR193/080/SRR19372480/SRR19372480_1.fastq.gz;ftp.sra.ebi.ac.uk/vol1/fastq/SRR193/080/SRR19372480/SRR19372480_2.fastq.gz	0fe1ad101c358aeb867a1f08019dbc22;657a102feb644119fb317aafb398ebc7	136203768;154102225	83.1
SAMN28626331	GCF_041860915.1	PRJNA224116	Klebsiella pneumoniae	Klebsiella pneumoniae	strain=Kpn5459	573	573	2024-09-07	ASM4186091v1	https://ftp.ncbi.nlm.nih.gov/genomes/all/GCF/041/860/915/GCF_041860915.1_ASM4186091v1/	refseq	na	5333331	1	SRR19372478	PRJNA835677	Illumina MiSeq	RANDOM	726684	351792739	ftp.sra.ebi.ac.uk/vol1/fastq/SRR193/078/SRR19372478/SRR19372478_1.fastq.gz;ftp.sra.ebi.ac.uk/vol1/fastq/SRR193/078/SRR19372478/SRR19372478_2.fastq.gz	ebe8c65c1f19264262e61ea17e0ca7cf;7dc089b989d45585bd96951ccdf5c4c6	99950092;123355830	66.0
SAMN28626334	GCF_041860905.1	PRJNA224116	Klebsiella pneumoniae	Klebsiella pneumoniae	strain=Kpn5529	573	573	2024-09-07	ASM4186090v1	https://ftp.ncbi.nlm.nih.gov/genomes/all/GCF/041/860/905/GCF_041860905.1_ASM4186090v1/	refseq	na	5382252	1	SRR19372474	PRJNA835677	Illumina MiSeq	RANDOM	832529	393956677	ftp.sra.ebi.ac.uk/vol1/fastq/SRR193/074/SRR19372474/SRR19372474_1.fastq.gz;ftp.sra.ebi.ac.uk/vol1/fastq/SRR193/074/SRR19372474/SRR19372474_2.fastq.gz	cacb4a81104d6b10d8d772fb0115c4cf;ffa17fdf1ebe133f513c05fc897cd1ed	111639230;136061801	73.2
SAMN28626335	GCF_041860895.1	PRJNA224116	Klebsiella pneumoniae	Klebsiella pneumoniae	strain=Kpn44	573	573	2024-09-07	ASM4186089v1	https://ftp.ncbi.nlm.nih.gov/genomes/all/GCF/041/860/895/GCF_041860895.1_ASM4186089v1/	refseq	na	5545414	1	SRR19372473	PRJNA835677	Illumina MiSeq	RANDOM	1019375	428488061	ftp.sra.ebi.ac.uk/vol1/fastq/SRR193/073/SRR19372473/SRR19372473_1.fastq.gz;ftp.sra.ebi.ac.uk/vol1/fastq/SRR193/073/SRR19372473/SRR19372473_2.fastq.gz	81d8e15348c25e451f2846c110eeeded;08290c8524b68efb148e064787b26ecf	128548428;147019370	77.3
SAMN28626339	GCF_041860885.1	PRJNA224116	Klebsiella pneumoniae	Klebsiella pneumoniae	strain=Kpn629	573	573	2024-09-07	ASM4186088v1	https://ftp.ncbi.nlm.nih.gov/genomes/all/GCF/041/860/885/GCF_041860885.1_ASM4186088v1/	refseq	na	5368913	1	SRR19372441	PRJNA835677	Illumina MiSeq	RANDOM	784401	326537920	ftp.sra.ebi.ac.uk/vol1/fastq/SRR193/041/SRR19372441/SRR19372441_1.fastq.gz;ftp.sra.ebi.ac.uk/vol1/fastq/SRR193/041/SRR19372441/SRR19372441_2.fastq.gz	c5a3f2f201ab0e77f7d3349dc02332e8;f2f9e4a95c27c041048948ba9acb54fb	99226770;111726544	60.8
SAMN28626347	GCF_041860875.1	PRJNA224116	Klebsiella pneumoniae	Klebsiella pneumoniae	strain=Kpn4527	573	573	2024-09-07	ASM4186087v1	https://ftp.ncbi.nlm.nih.gov/genomes/all/GCF/041/860/875/GCF_041860875.1_ASM4186087v1/	refseq	na	5331508	1	SRR19372432	PRJNA835677	Illumina MiSeq	RANDOM	876871	370428442	ftp.sra.ebi.ac.uk/vol1/fastq/SRR193/032/SRR19372432/SRR19372432_1.fastq.gz;ftp.sra.ebi.ac.uk/vol1/fastq/SRR193/032/SRR19372432/SRR19372432_2.fastq.gz	1f94c3a1743f355c757d50d3ae3296d1;039e5786c31545603e155d6dc389f4d8	109797846;125117869	69.5
SAMN29503392	GCF_055901175.1	PRJNA224116	Klebsiella pneumoniae	Klebsiella pneumoniae	strain=03A20CPO006	573	573	2026-03-15	ASM5590117v1	https://ftp.ncbi.nlm.nih.gov/genomes/all/GCF/055/901/175/GCF_055901175.1_ASM5590117v1/	refseq	na	5640292	1	SRR20994633	PRJNA855907	NextSeq 550	RANDOM	1291786	388535933	ftp.sra.ebi.ac.uk/vol1/fastq/SRR209/033/SRR20994633/SRR20994633_1.fastq.gz;ftp.sra.ebi.ac.uk/vol1/fastq/SRR209/033/SRR20994633/SRR20994633_2.fastq.gz	34201ae80d6a02de9c2254c1e4d34f71;f1b44db8228282bd146978f5af2c03c9	112763067;113762562	68.9
SAMN29503395	GCF_055901305.1	PRJNA224116	Klebsiella pneumoniae	Klebsiella pneumoniae	strain=04A19CPO001A	573	573	2026-03-15	ASM5590130v1	https://ftp.ncbi.nlm.nih.gov/genomes/all/GCF/055/901/305/GCF_055901305.1_ASM5590130v1/	refseq	na	5581903	1	SRR20994606	PRJNA855907	NextSeq 550	RANDOM	1888742	568120094	ftp.sra.ebi.ac.uk/vol1/fastq/SRR209/006/SRR20994606/SRR20994606_1.fastq.gz;ftp.sra.ebi.ac.uk/vol1/fastq/SRR209/006/SRR20994606/SRR20994606_2.fastq.gz	84d280ad497bd8ffda814ef1a071fb2f;155c52dbf3561a43b6a76c0ce2dedaf7	159651180;160940904	101.8
SAMN29503399	GCF_059932905.1	PRJNA224116	Klebsiella pneumoniae	Klebsiella pneumoniae	strain=04A19CPO004	573	573	2026-08-07	ASM5993290v1	https://ftp.ncbi.nlm.nih.gov/genomes/all/GCF/059/932/905/GCF_059932905.1_ASM5993290v1/	refseq	na	5615120	1	SRR20994577	PRJNA855907	NextSeq 550	RANDOM	1783526	536433931	ftp.sra.ebi.ac.uk/vol1/fastq/SRR209/077/SRR20994577/SRR20994577_1.fastq.gz;ftp.sra.ebi.ac.uk/vol1/fastq/SRR209/077/SRR20994577/SRR20994577_2.fastq.gz	52ea2ca67063ef1b9dd4c6fcb7d0f60a;0255696b395d4b72d57345c0a30d6ebd	150749984;151699444	95.5
SAMN29503459	GCF_055900855.1	PRJNA224116	Klebsiella pneumoniae	Klebsiella pneumoniae	strain=09A19CPO004A	573	573	2026-03-15	ASM5590085v1	https://ftp.ncbi.nlm.nih.gov/genomes/all/GCF/055/900/855/GCF_055900855.1_ASM5590085v1/	refseq	na	5376237	1	SRR20994708	PRJNA855907	NextSeq 550	RANDOM	847898	229395992	ftp.sra.ebi.ac.uk/vol1/fastq/SRR209/008/SRR20994708/SRR20994708_1.fastq.gz;ftp.sra.ebi.ac.uk/vol1/fastq/SRR209/008/SRR20994708/SRR20994708_2.fastq.gz	b2da585b4f334d8e5c4649c7f1b9d825;cfbcc94fea2b75f7e09ea5b586f00d96	61453314;63298089	42.7
SAMN29503651	GCF_055900535.1	PRJNA224116	Citrobacter spp.	Citrobacter freundii	strain=29A19CPO016	546	546	2026-03-15	ASM5590053v1	https://ftp.ncbi.nlm.nih.gov/genomes/all/GCF/055/900/535/GCF_055900535.1_ASM5590053v1/	refseq	na	5681460	1	SRR20994904	PRJNA855907	NextSeq 550	RANDOM	2586688	778041891	ftp.sra.ebi.ac.uk/vol1/fastq/SRR209/004/SRR20994904/SRR20994904_1.fastq.gz;ftp.sra.ebi.ac.uk/vol1/fastq/SRR209/004/SRR20994904/SRR20994904_2.fastq.gz	e692acfa6a939d76a68daed9ac7d432e;b11f68a64bc04b6cf3726909b29d550b	215998522;221243995	136.9
SAMN29503658	GCF_055900515.1	PRJNA224116	Citrobacter spp.	Citrobacter freundii	strain=29A20CPO001	546	546	2026-03-15	ASM5590051v1	https://ftp.ncbi.nlm.nih.gov/genomes/all/GCF/055/900/515/GCF_055900515.1_ASM5590051v1/	refseq	na	5346084	1	SRR20994877	PRJNA855907	NextSeq 550	RANDOM	2037167	610320180	ftp.sra.ebi.ac.uk/vol1/fastq/SRR209/077/SRR20994877/SRR20994877_1.fastq.gz;ftp.sra.ebi.ac.uk/vol1/fastq/SRR209/077/SRR20994877/SRR20994877_2.fastq.gz	4080090e6a69013999f799b27b35c4e2;24fe1eef3872fc00880b5204e1851bcc	173527050;176329568	114.2
SAMN29503665	GCF_055901455.1	PRJNA224116	Citrobacter spp.	Citrobacter freundii	strain=29A20CPO008	546	546	2026-03-15	ASM5590145v1	https://ftp.ncbi.nlm.nih.gov/genomes/all/GCF/055/901/455/GCF_055901455.1_ASM5590145v1/	refseq	na	5686065	1	SRR20995015	PRJNA855907	NextSeq 550	RANDOM	1581675	471678686	ftp.sra.ebi.ac.uk/vol1/fastq/SRR209/015/SRR20995015/SRR20995015_1.fastq.gz;ftp.sra.ebi.ac.uk/vol1/fastq/SRR209/015/SRR20995015/SRR20995015_2.fastq.gz	b0d9353113a3837751b25b01b5e4713d;1d97634bb8bb35bbdb3a4b9e99200897	134842286;136623001	83.0
SAMN29503686	GCF_059932705.1	PRJNA224116	Citrobacter spp.	Citrobacter freundii	strain=31A19CPO009	546	546	2026-08-07	ASM5993270v1	https://ftp.ncbi.nlm.nih.gov/genomes/all/GCF/059/932/705/GCF_059932705.1_ASM5993270v1/	refseq	na	5409886	1	SRR20994736	PRJNA855907	NextSeq 550	RANDOM	2213835	665993204	ftp.sra.ebi.ac.uk/vol1/fastq/SRR209/036/SRR20994736/SRR20994736_1.fastq.gz;ftp.sra.ebi.ac.uk/vol1/fastq/SRR209/036/SRR20994736/SRR20994736_2.fastq.gz	92cb524ab69d770da8b58474afba5351;5ca1e6456e210af266f8142300231d3d	194983450;201764134	123.1
SAMN29503689	GCF_055901395.1	PRJNA224116	Citrobacter spp.	Citrobacter freundii	strain=31A20CPO001	546	546	2026-03-15	ASM5590139v1	https://ftp.ncbi.nlm.nih.gov/genomes/all/GCF/055/901/395/GCF_055901395.1_ASM5590139v1/	refseq	na	6042633	1	SRR20994883	PRJNA855907	NextSeq 550	RANDOM	2059770	618590053	ftp.sra.ebi.ac.uk/vol1/fastq/SRR209/083/SRR20994883/SRR20994883_1.fastq.gz;ftp.sra.ebi.ac.uk/vol1/fastq/SRR209/083/SRR20994883/SRR20994883_2.fastq.gz	17e13bd6dd78a9eee4c03e18d30fdbac;255040e23b21db409929afe086fcc1a9	180538168;184446346	102.4
SAMN29503774	GCF_056488085.1	PRJNA224116	Klebsiella pneumoniae	Klebsiella pneumoniae	strain=32B20CPO004	573	573	2026-04-01	ASM5648808v1	https://ftp.ncbi.nlm.nih.gov/genomes/all/GCF/056/488/085/GCF_056488085.1_ASM5648808v1/	refseq	na	5694040	1	SRR20994906	PRJNA855907	NextSeq 550	RANDOM	1093537	314192473	ftp.sra.ebi.ac.uk/vol1/fastq/SRR209/006/SRR20994906/SRR20994906_1.fastq.gz;ftp.sra.ebi.ac.uk/vol1/fastq/SRR209/006/SRR20994906/SRR20994906_2.fastq.gz	ee54818a584954c95e93d693959ae120;3716443b92de87626b5737586b20ef4a	93108168;92276828	55.2
SAMN29503815	GCF_055901255.1	PRJNA224116	Citrobacter spp.	Citrobacter freundii	strain=41A20CPO009	546	546	2026-03-15	ASM5590125v1	https://ftp.ncbi.nlm.nih.gov/genomes/all/GCF/055/901/255/GCF_055901255.1_ASM5590125v1/	refseq	na	5276614	1	SRR20994628	PRJNA855907	NextSeq 550	RANDOM	2096870	623760542	ftp.sra.ebi.ac.uk/vol1/fastq/SRR209/028/SRR20994628/SRR20994628_1.fastq.gz;ftp.sra.ebi.ac.uk/vol1/fastq/SRR209/028/SRR20994628/SRR20994628_2.fastq.gz	4e5cc05f0df60f424be7666017e8b02f;92a6757bf72c3eabebd13ce3e5610612	179894364;184076425	118.2
SAMN29512486	GCF_058119565.1	PRJNA224116	Klebsiella pneumoniae	Klebsiella pneumoniae	strain=X2	573	573	2026-06-09	Kpx2	https://ftp.ncbi.nlm.nih.gov/genomes/all/GCF/058/119/565/GCF_058119565.1_Kpx2/	refseq	na	5652802	1	SRR19993380	PRJNA590288	Illumina NovaSeq 6000	RANDOM	6085735	1825720500	ftp.sra.ebi.ac.uk/vol1/fastq/SRR199/080/SRR19993380/SRR19993380_1.fastq.gz;ftp.sra.ebi.ac.uk/vol1/fastq/SRR199/080/SRR19993380/SRR19993380_2.fastq.gz	691815d7e76a7f130b8127fefe4189b6;8ef77de1375a49e5534edaff769552fe	397418960;412520491	323.0
SAMN30692047	GCF_052828165.1	PRJNA224116	Enterococcus faecium	Enterococcus faecium	strain=VRED06-02	1352	1352	2025-09-25	ASM5282816v1	https://ftp.ncbi.nlm.nih.gov/genomes/all/GCF/052/828/165/GCF_052828165.1_ASM5282816v1/	refseq	na	3308448	1	SRR21444836	PRJNA877253	Illumina MiSeq	RANDOM	1448038	768450422	ftp.sra.ebi.ac.uk/vol1/fastq/SRR214/036/SRR21444836/SRR21444836_1.fastq.gz;ftp.sra.ebi.ac.uk/vol1/fastq/SRR214/036/SRR21444836/SRR21444836_2.fastq.gz	1387f92826a7dc1ead4b86bd8432afd5;585b3dac8896590040f890296b80d166	213411285;263013273	232.3
SAMN30692055	GCF_052828105.1	PRJNA224116	Enterococcus faecium	Enterococcus faecium	strain=VRED06-10	1352	1352	2025-09-25	ASM5282810v1	https://ftp.ncbi.nlm.nih.gov/genomes/all/GCF/052/828/105/GCF_052828105.1_ASM5282810v1/	refseq	na	3233380	1	SRR21444828	PRJNA877253	Illumina MiSeq	RANDOM	691639	394700185	ftp.sra.ebi.ac.uk/vol1/fastq/SRR214/028/SRR21444828/SRR21444828_1.fastq.gz;ftp.sra.ebi.ac.uk/vol1/fastq/SRR214/028/SRR21444828/SRR21444828_2.fastq.gz	74877bddd67920f5f39de0fd73970774;f3e38b274754c041c45ef280f9e7aafb	116095471;141895399	122.1
SAMN30974096	GCF_030179635.1	PRJNA224116	Enterobacter spp.	Enterobacter roggenkampii	strain=2017-45-131-01A	1812935	1812935	2023-06-06	ASM3017963v1	https://ftp.ncbi.nlm.nih.gov/genomes/all/GCF/030/179/635/GCF_030179635.1_ASM3017963v1/	refseq	na	5215988	1	SRR21682052	PRJNA288601	Illumina MiSeq	RANDOM	578058	273527790	ftp.sra.ebi.ac.uk/vol1/fastq/SRR216/052/SRR21682052/SRR21682052_1.fastq.gz;ftp.sra.ebi.ac.uk/vol1/fastq/SRR216/052/SRR21682052/SRR21682052_2.fastq.gz	d4956c5c41fc3d09150f6b01751c6be9;25439cee81447b44c87a6ab4bc61fc76	96682685;120767271	52.4
SAMN30974101	GCF_030179595.1	PRJNA224116	Citrobacter spp.	Citrobacter portucalensis	strain=2017-45-163	1639133	1639133	2023-06-06	ASM3017959v1	https://ftp.ncbi.nlm.nih.gov/genomes/all/GCF/030/179/595/GCF_030179595.1_ASM3017959v1/	refseq	na	5571345	1	SRR21682084	PRJNA288601	Illumina MiSeq	RANDOM	737099	331390508	ftp.sra.ebi.ac.uk/vol1/fastq/SRR216/084/SRR21682084/SRR21682084_1.fastq.gz;ftp.sra.ebi.ac.uk/vol1/fastq/SRR216/084/SRR21682084/SRR21682084_2.fastq.gz	c5eff4faae9e0d7d00ea4655177f49c8;471283101fc55eb9d8849703c45d9a4b	117050424;136149428	59.5
SAMN30974103	GCF_030179475.1	PRJNA224116	Serratia spp.	Serratia nevei	strain=2017-45-174	2703794	2703794	2023-06-06	ASM3017947v1	https://ftp.ncbi.nlm.nih.gov/genomes/all/GCF/030/179/475/GCF_030179475.1_ASM3017947v1/	refseq	na	5890971	1	SRR21682081	PRJNA288601	Illumina MiSeq	RANDOM	782908	359270142	ftp.sra.ebi.ac.uk/vol1/fastq/SRR216/081/SRR21682081/SRR21682081_1.fastq.gz;ftp.sra.ebi.ac.uk/vol1/fastq/SRR216/081/SRR21682081/SRR21682081_2.fastq.gz	4a9c058446b03ec70049587dbfbf43ea;0604991999d77e2053e1b6c0880dade1	125225579;156481735	61.0
SAMN30974109	GCF_030179035.1	PRJNA224116	Enterobacter spp.	Enterobacter roggenkampii	strain=2017-45-51-04-01	1812935	1812935	2023-06-06	ASM3017903v1	https://ftp.ncbi.nlm.nih.gov/genomes/all/GCF/030/179/035/GCF_030179035.1_ASM3017903v1/	refseq	na	5689850	1	SRR21682075	PRJNA288601	Illumina MiSeq	RANDOM	400908	188433796	ftp.sra.ebi.ac.uk/vol1/fastq/SRR216/075/SRR21682075/SRR21682075_1.fastq.gz;ftp.sra.ebi.ac.uk/vol1/fastq/SRR216/075/SRR21682075/SRR21682075_2.fastq.gz	b0dea0cb5c49f07e0b1af5ef04733ef9;53aac43225ad0370135b9df0c26824c7	33829299;34011857	33.1
SAMN30974110	GCF_030179835.1	PRJNA224116	Enterobacter spp.	Enterobacter asburiae	strain=2017-45-54-05	61645	61645	2023-06-06	ASM3017983v1	https://ftp.ncbi.nlm.nih.gov/genomes/all/GCF/030/179/835/GCF_030179835.1_ASM3017983v1/	refseq	na	5465707	1	SRR21682073	PRJNA288601	Illumina MiSeq	RANDOM	662732	309910124	ftp.sra.ebi.ac.uk/vol1/fastq/SRR216/073/SRR21682073/SRR21682073_1.fastq.gz;ftp.sra.ebi.ac.uk/vol1/fastq/SRR216/073/SRR21682073/SRR21682073_2.fastq.gz	48bb1cb9ec8c6fe44497817f549228d8;532108848bd7e7f457c30726a4781955	55645713;56075859	56.7
SAMN30974111	GCF_030179805.1	PRJNA224116	Enterobacter spp.	Enterobacter asburiae	strain=2017-45-80	61645	61645	2023-06-06	ASM3017980v1	https://ftp.ncbi.nlm.nih.gov/genomes/all/GCF/030/179/805/GCF_030179805.1_ASM3017980v1/	refseq	na	4784459	1	SRR21682072	PRJNA288601	Illumina MiSeq	RANDOM	630505	291214336	ftp.sra.ebi.ac.uk/vol1/fastq/SRR216/072/SRR21682072/SRR21682072_1.fastq.gz;ftp.sra.ebi.ac.uk/vol1/fastq/SRR216/072/SRR21682072/SRR21682072_2.fastq.gz	e0ed1cdd6b7785c149c23678425a76a6;8b75f4dcd986b9ba260e806ccbbea860	102113413;116736153	60.9
SAMN32093416	GCF_028622735.1	PRJNA224116	Enterobacter spp.	Enterobacter hormaechei	strain=2022CK-00700	158836	158836	2023-02-15	ASM2862273v1	https://ftp.ncbi.nlm.nih.gov/genomes/all/GCF/028/622/735/GCF_028622735.1_ASM2862273v1/	refseq	na	5384973	1	SRR22564893	PRJNA288601	Illumina MiSeq	RANDOM	1171868	562401442	ftp.sra.ebi.ac.uk/vol1/fastq/SRR225/093/SRR22564893/SRR22564893_1.fastq.gz;ftp.sra.ebi.ac.uk/vol1/fastq/SRR225/093/SRR22564893/SRR22564893_2.fastq.gz	3b3d901b3da96153b0013f53cb5ffdf8;0b61dbba536ee273f91fc7034e833e5c	199928002;235599716	104.4
SAMN32541572	GCF_027920365.1	PRJNA224116	Enterobacter spp.	Enterobacter hormaechei subsp. steigerwaltii	strain=WYTS.MG41	299766	158836	2023-01-19	ASM2792036v1	https://ftp.ncbi.nlm.nih.gov/genomes/all/GCF/027/920/365/GCF_027920365.1_ASM2792036v1/	refseq	na	4656323	1	SRR25592469	PRJNA917514	Illumina NovaSeq 6000	RANDOM	2632502	1293141689	ftp.sra.ebi.ac.uk/vol1/fastq/SRR255/069/SRR25592469/SRR25592469_1.fastq.gz;ftp.sra.ebi.ac.uk/vol1/fastq/SRR255/069/SRR25592469/SRR25592469_2.fastq.gz	6aee0a89defcd3896a1ee4c899e31e7d;e12dbec8399a58e2778ce099c8756eb7	215901534;216211891	277.7
SAMN32542113	GCF_040763125.1	PRJNA224116	Klebsiella pneumoniae	Klebsiella pneumoniae	strain=TC_KPN04	573	573	2024-07-18	ASM4076312v1	https://ftp.ncbi.nlm.nih.gov/genomes/all/GCF/040/763/125/GCF_040763125.1_ASM4076312v1/	refseq	na	5592654	3	SRR27241775	PRJNA803387	Illumina HiSeq 4000	unspecified	5650852	1706557304	ftp.sra.ebi.ac.uk/vol1/fastq/SRR272/075/SRR27241775/SRR27241775_1.fastq.gz;ftp.sra.ebi.ac.uk/vol1/fastq/SRR272/075/SRR27241775/SRR27241775_2.fastq.gz	691ff2d6ae2d5debd9d606f168f76a55;8ce23cf145b296a4cb0d61cff9f442e3	328105545;328209385	305.1
SAMN32542116	GCF_040763115.1	PRJNA224116	Klebsiella pneumoniae	Klebsiella pneumoniae	strain=TC_KPN07	573	573	2024-07-18	ASM4076311v1	https://ftp.ncbi.nlm.nih.gov/genomes/all/GCF/040/763/115/GCF_040763115.1_ASM4076311v1/	refseq	na	5750700	2	SRR22955766	PRJNA803387	Illumina HiSeq 4000	unspecified	4913624	1483914448	ftp.sra.ebi.ac.uk/vol1/fastq/SRR229/066/SRR22955766/SRR22955766_1.fastq.gz;ftp.sra.ebi.ac.uk/vol1/fastq/SRR229/066/SRR22955766/SRR22955766_2.fastq.gz	698956bb15cd71fee6e1fbfb13225756;cf404f7dd9c21631463273f5eae495dd	359736472;378340931	258.0
SAMN32542119	GCF_040763085.1	PRJNA224116	Klebsiella pneumoniae	Klebsiella pneumoniae	strain=TC_KPN10	573	573	2024-07-18	ASM4076308v1	https://ftp.ncbi.nlm.nih.gov/genomes/all/GCF/040/763/085/GCF_040763085.1_ASM4076308v1/	refseq	na	5750203	1	SRR22955762	PRJNA803387	Illumina HiSeq 4000	unspecified	3848513	1162250926	ftp.sra.ebi.ac.uk/vol1/fastq/SRR229/062/SRR22955762/SRR22955762_1.fastq.gz;ftp.sra.ebi.ac.uk/vol1/fastq/SRR229/062/SRR22955762/SRR22955762_2.fastq.gz	227c3ebea37f8b7bf8bca5640e2244f3;5b9e428d53ea57cb575a85fd5330011d	282136285;303063269	202.1
SAMN32542159	GCF_044358985.1	PRJNA224116	Klebsiella pneumoniae	Klebsiella pneumoniae	strain=KP20	573	573	2023-02-10	ASM4435898v1	https://ftp.ncbi.nlm.nih.gov/genomes/all/GCF/044/358/985/GCF_044358985.1_ASM4435898v1/	refseq	na	5332292	1	SRR22955928	PRJNA917544	Illumina NovaSeq 6000	PCR	1131940	536179162	ftp.sra.ebi.ac.uk/vol1/fastq/SRR229/028/SRR22955928/SRR22955928_1.fastq.gz;ftp.sra.ebi.ac.uk/vol1/fastq/SRR229/028/SRR22955928/SRR22955928_2.fastq.gz	6a7ce3b68c6905736b5a1c350444b967;156bf1b0c3d3051a67272feefb8cd954	128315250;122965401	100.6
SAMN32542161	GCF_028583665.1	PRJNA224116	Klebsiella pneumoniae	Klebsiella pneumoniae	strain=CPE16	573	573	2023-02-10	ASM2858366v1	https://ftp.ncbi.nlm.nih.gov/genomes/all/GCF/028/583/665/GCF_028583665.1_ASM2858366v1/	refseq	na	5667790	1	SRR22955926	PRJNA917544	Illumina NovaSeq 6000	PCR	499129	178399751	ftp.sra.ebi.ac.uk/vol1/fastq/SRR229/026/SRR22955926/SRR22955926_1.fastq.gz;ftp.sra.ebi.ac.uk/vol1/fastq/SRR229/026/SRR22955926/SRR22955926_2.fastq.gz	7a8508e4eb64ae2663f03621ce9df165;4ec35160d8958a731103f4498b9c316e	78589565;68139808	31.5
SAMN32676047	GCF_041861365.1	PRJNA224116	Klebsiella pneumoniae	Klebsiella pneumoniae	strain=Kpn187	573	573	2024-09-07	ASM4186136v1	https://ftp.ncbi.nlm.nih.gov/genomes/all/GCF/041/861/365/GCF_041861365.1_ASM4186136v1/	refseq	na	5190314	1	SRR23048654	PRJNA922900	Illumina MiSeq	RANDOM	579654	325193522	ftp.sra.ebi.ac.uk/vol1/fastq/SRR230/054/SRR23048654/SRR23048654_1.fastq.gz;ftp.sra.ebi.ac.uk/vol1/fastq/SRR230/054/SRR23048654/SRR23048654_2.fastq.gz	e0e9bcbe5671b3cada618b1b4b9f8187;2bf4cfa9c8d113f5773ac42a39a857e6	102508413;124177674	62.7
SAMN32676060	GCF_041861355.1	PRJNA224116	Klebsiella pneumoniae	Klebsiella pneumoniae	strain=Kpn2097	573	573	2024-09-07	ASM4186135v1	https://ftp.ncbi.nlm.nih.gov/genomes/all/GCF/041/861/355/GCF_041861355.1_ASM4186135v1/	refseq	na	5134070	1	SRR23048659	PRJNA922900	Illumina MiSeq	RANDOM	614270	341140328	ftp.sra.ebi.ac.uk/vol1/fastq/SRR230/059/SRR23048659/SRR23048659_1.fastq.gz;ftp.sra.ebi.ac.uk/vol1/fastq/SRR230/059/SRR23048659/SRR23048659_2.fastq.gz	5a0c52be7c29faa6267f7a3f429a1ab0;30f46780e0f3a1457501a07cf086d065	108407965;135342711	66.4
SAMN32676061	GCF_041861345.1	PRJNA224116	Klebsiella pneumoniae	Klebsiella pneumoniae	strain=Kpn49	573	573	2024-09-07	ASM4186134v1	https://ftp.ncbi.nlm.nih.gov/genomes/all/GCF/041/861/345/GCF_041861345.1_ASM4186134v1/	refseq	na	5368665	1	SRR23048658	PRJNA922900	Illumina MiSeq	RANDOM	500042	281841398	ftp.sra.ebi.ac.uk/vol1/fastq/SRR230/058/SRR23048658/SRR23048658_1.fastq.gz;ftp.sra.ebi.ac.uk/vol1/fastq/SRR230/058/SRR23048658/SRR23048658_2.fastq.gz	b2c8485b1b650cf850cfa8d22b6ff69d;667088f64edf85ee071415463b04ea20	91206013;107629502	52.5
SAMN32676063	GCF_041861335.1	PRJNA224116	Klebsiella pneumoniae	Klebsiella pneumoniae	strain=Kpn4710	573	573	2024-09-07	ASM4186133v1	https://ftp.ncbi.nlm.nih.gov/genomes/all/GCF/041/861/335/GCF_041861335.1_ASM4186133v1/	refseq	na	5511338	1	SRR23048656	PRJNA922900	Illumina MiSeq	RANDOM	762853	365194397	ftp.sra.ebi.ac.uk/vol1/fastq/SRR230/056/SRR23048656/SRR23048656_1.fastq.gz;ftp.sra.ebi.ac.uk/vol1/fastq/SRR230/056/SRR23048656/SRR23048656_2.fastq.gz	f237404c7cb6e1227147ade8dab97e02;71c25eebe396303ff93573168e84f683	118468450;145945122	66.3
SAMN32676066	GCF_041861325.1	PRJNA224116	Klebsiella pneumoniae	Klebsiella pneumoniae	strain=Kpn3020	573	573	2024-09-07	ASM4186132v1	https://ftp.ncbi.nlm.nih.gov/genomes/all/GCF/041/861/325/GCF_041861325.1_ASM4186132v1/	refseq	na	5525431	1	SRR23048652	PRJNA922900	Illumina MiSeq	RANDOM	624982	355363008	ftp.sra.ebi.ac.uk/vol1/fastq/SRR230/052/SRR23048652/SRR23048652_1.fastq.gz;ftp.sra.ebi.ac.uk/vol1/fastq/SRR230/052/SRR23048652/SRR23048652_2.fastq.gz	1f867cf99b1978451993eba348518320;8ab6bcfa62a7dcc05b4fcb84931916b9	113976977;136133125	64.3
SAMN32676075	GCF_041861295.1	PRJNA224116	Klebsiella pneumoniae	Klebsiella pneumoniae	strain=Kpn1241	573	573	2024-09-07	ASM4186129v1	https://ftp.ncbi.nlm.nih.gov/genomes/all/GCF/041/861/295/GCF_041861295.1_ASM4186129v1/	refseq	na	5482177	1	SRR23048642	PRJNA922900	Illumina MiSeq	RANDOM	919496	471504154	ftp.sra.ebi.ac.uk/vol1/fastq/SRR230/042/SRR23048642/SRR23048642_1.fastq.gz;ftp.sra.ebi.ac.uk/vol1/fastq/SRR230/042/SRR23048642/SRR23048642_2.fastq.gz	cdc615dcc7da20fd6125f02e09e5e087;f1e9ca5c3029ddc7d6f46eea1349ce47	143628796;175673684	86.0
SAMN32676082	GCF_041861285.1	PRJNA224116	Klebsiella pneumoniae	Klebsiella pneumoniae	strain=Kpn152	573	573	2024-09-07	ASM4186128v1	https://ftp.ncbi.nlm.nih.gov/genomes/all/GCF/041/861/285/GCF_041861285.1_ASM4186128v1/	refseq	na	5512026	1	SRR23048635	PRJNA922900	Illumina MiSeq	RANDOM	969557	498200613	ftp.sra.ebi.ac.uk/vol1/fastq/SRR230/035/SRR23048635/SRR23048635_1.fastq.gz;ftp.sra.ebi.ac.uk/vol1/fastq/SRR230/035/SRR23048635/SRR23048635_2.fastq.gz	e154e351e9d41b701074e0f7891ebb0e;c0ee7868009e822d3f3f4595413c6368	146302883;187061767	90.4
SAMN32676084	GCF_041861275.1	PRJNA224116	Klebsiella pneumoniae	Klebsiella pneumoniae	strain=Kpn5827	573	573	2024-09-07	ASM4186127v1	https://ftp.ncbi.nlm.nih.gov/genomes/all/GCF/041/861/275/GCF_041861275.1_ASM4186127v1/	refseq	na	5359966	1	SRR23048633	PRJNA922900	Illumina MiSeq	RANDOM	1144260	569659637	ftp.sra.ebi.ac.uk/vol1/fastq/SRR230/033/SRR23048633/SRR23048633_1.fastq.gz;ftp.sra.ebi.ac.uk/vol1/fastq/SRR230/033/SRR23048633/SRR23048633_2.fastq.gz	633e64866c940ae4a2bc35e62553fd2a;7000a9b9468b7d67f992efd04b0caa2e	169303911;202320483	106.3
SAMN32676085	GCF_041861265.1	PRJNA224116	Klebsiella pneumoniae	Klebsiella pneumoniae	strain=Kpn1999	573	573	2024-09-07	ASM4186126v1	https://ftp.ncbi.nlm.nih.gov/genomes/all/GCF/041/861/265/GCF_041861265.1_ASM4186126v1/	refseq	na	5277303	1	SRR23048631	PRJNA922900	Illumina MiSeq	RANDOM	706898	353908868	ftp.sra.ebi.ac.uk/vol1/fastq/SRR230/031/SRR23048631/SRR23048631_1.fastq.gz;ftp.sra.ebi.ac.uk/vol1/fastq/SRR230/031/SRR23048631/SRR23048631_2.fastq.gz	9d3614874de11c8533501c5edbe84887;7329ca485097f9439b811dee95f7b664	103472083;127984773	67.1
SAMN32676088	GCF_041861255.1	PRJNA224116	Klebsiella pneumoniae	Klebsiella pneumoniae	strain=Kpn46	573	573	2024-09-07	ASM4186125v1	https://ftp.ncbi.nlm.nih.gov/genomes/all/GCF/041/861/255/GCF_041861255.1_ASM4186125v1/	refseq	na	5402258	1	SRR23048628	PRJNA922900	Illumina MiSeq	RANDOM	1396528	700309676	ftp.sra.ebi.ac.uk/vol1/fastq/SRR230/028/SRR23048628/SRR23048628_1.fastq.gz;ftp.sra.ebi.ac.uk/vol1/fastq/SRR230/028/SRR23048628/SRR23048628_2.fastq.gz	fc8d13760ac06e6897e4b5ada6c131ed;d92f4d1cba4419b6fc4f4705134881bb	208367960;255576786	129.6
SAMN32676095	GCF_041861245.1	PRJNA224116	Klebsiella pneumoniae	Klebsiella pneumoniae	strain=Kpn13	573	573	2024-09-07	ASM4186124v1	https://ftp.ncbi.nlm.nih.gov/genomes/all/GCF/041/861/245/GCF_041861245.1_ASM4186124v1/	refseq	na	5262089	1	SRR23048620	PRJNA922900	Illumina MiSeq	RANDOM	510056	275655021	ftp.sra.ebi.ac.uk/vol1/fastq/SRR230/020/SRR23048620/SRR23048620_1.fastq.gz;ftp.sra.ebi.ac.uk/vol1/fastq/SRR230/020/SRR23048620/SRR23048620_2.fastq.gz	8352f0b7d710ed6c835bbbe81439ee3e;17f4804929b9666e51628fb63a3c8178	82870508;102954107	52.4
SAMN32676100	GCF_041861235.1	PRJNA224116	Klebsiella pneumoniae	Klebsiella pneumoniae	strain=Kpn290	573	573	2024-09-07	ASM4186123v1	https://ftp.ncbi.nlm.nih.gov/genomes/all/GCF/041/861/235/GCF_041861235.1_ASM4186123v1/	refseq	na	5105113	1	SRR23048615	PRJNA922900	Illumina MiSeq	RANDOM	1055369	486233753	ftp.sra.ebi.ac.uk/vol1/fastq/SRR230/015/SRR23048615/SRR23048615_1.fastq.gz;ftp.sra.ebi.ac.uk/vol1/fastq/SRR230/015/SRR23048615/SRR23048615_2.fastq.gz	63f34fe3fe9a6c3463249c0de1657782;289336c6c62ab2249519d2d0c60f4dcc	141833322;168167478	95.2
SAMN32676111	GCF_041861225.1	PRJNA224116	Klebsiella pneumoniae	Klebsiella pneumoniae	strain=Kpn279	573	573	2024-09-07	ASM4186122v1	https://ftp.ncbi.nlm.nih.gov/genomes/all/GCF/041/861/225/GCF_041861225.1_ASM4186122v1/	refseq	na	5406955	1	SRR23048603	PRJNA922900	Illumina MiSeq	RANDOM	799546	416772983	ftp.sra.ebi.ac.uk/vol1/fastq/SRR230/003/SRR23048603/SRR23048603_1.fastq.gz;ftp.sra.ebi.ac.uk/vol1/fastq/SRR230/003/SRR23048603/SRR23048603_2.fastq.gz	a480d1974b4e94a520d5b63b93af457f;43f0ff51adec9f36c9034a9c4ebfecdc	115435807;142679805	77.1
SAMN32676117	GCF_041861205.1	PRJNA224116	Klebsiella pneumoniae	Klebsiella pneumoniae	strain=Kpn2513	573	573	2024-09-07	ASM4186120v1	https://ftp.ncbi.nlm.nih.gov/genomes/all/GCF/041/861/205/GCF_041861205.1_ASM4186120v1/	refseq	na	5351057	1	SRR23048596	PRJNA922900	Illumina MiSeq	RANDOM	1180644	576062304	ftp.sra.ebi.ac.uk/vol1/fastq/SRR230/096/SRR23048596/SRR23048596_1.fastq.gz;ftp.sra.ebi.ac.uk/vol1/fastq/SRR230/096/SRR23048596/SRR23048596_2.fastq.gz	e0b4d8c8aba6b1b3a0af4b875f973aef;0c02b8ee12db61ff1d5f1805e32c6d44	160753207;186596345	107.7
SAMN32676118	GCF_041861195.1	PRJNA224116	Klebsiella pneumoniae	Klebsiella pneumoniae	strain=Kpn3175	573	573	2024-09-07	ASM4186119v1	https://ftp.ncbi.nlm.nih.gov/genomes/all/GCF/041/861/195/GCF_041861195.1_ASM4186119v1/	refseq	na	5521190	1	SRR23048595	PRJNA922900	Illumina MiSeq	RANDOM	430879	243243689	ftp.sra.ebi.ac.uk/vol1/fastq/SRR230/095/SRR23048595/SRR23048595_1.fastq.gz;ftp.sra.ebi.ac.uk/vol1/fastq/SRR230/095/SRR23048595/SRR23048595_2.fastq.gz	82abe13e573541a9e52cead7614f12e1;2d0ff817069330388a2db7bece2b8a5f	70260971;88996651	44.1
SAMN32676123	GCF_041861185.1	PRJNA224116	Klebsiella pneumoniae	Klebsiella pneumoniae	strain=Kpn187	573	573	2024-09-07	ASM4186118v1	https://ftp.ncbi.nlm.nih.gov/genomes/all/GCF/041/861/185/GCF_041861185.1_ASM4186118v1/	refseq	na	5473829	1	SRR23048590	PRJNA922900	Illumina MiSeq	RANDOM	692205	337438187	ftp.sra.ebi.ac.uk/vol1/fastq/SRR230/090/SRR23048590/SRR23048590_1.fastq.gz;ftp.sra.ebi.ac.uk/vol1/fastq/SRR230/090/SRR23048590/SRR23048590_2.fastq.gz	0cb00efd833f313900e7f2dd1df18262;08cde5c81735aec39862a307cf921279	111669921;135345132	61.6
SAMN32676124	GCF_041861175.1	PRJNA224116	Klebsiella pneumoniae	Klebsiella pneumoniae	strain=Kpn5836	573	573	2024-09-07	ASM4186117v1	https://ftp.ncbi.nlm.nih.gov/genomes/all/GCF/041/861/175/GCF_041861175.1_ASM4186117v1/	refseq	na	5293701	1	SRR23048589	PRJNA922900	Illumina MiSeq	RANDOM	806864	437463664	ftp.sra.ebi.ac.uk/vol1/fastq/SRR230/089/SRR23048589/SRR23048589_1.fastq.gz;ftp.sra.ebi.ac.uk/vol1/fastq/SRR230/089/SRR23048589/SRR23048589_2.fastq.gz	1696bfd3066453c355bd66be6bd01884;9b3468382ad6ec26e2543996ca69ff82	125003422;156031279	82.6
SAMN32676136	GCF_041861115.1	PRJNA224116	Klebsiella pneumoniae	Klebsiella pneumoniae	strain=Kpn292	573	573	2024-09-07	ASM4186111v1	https://ftp.ncbi.nlm.nih.gov/genomes/all/GCF/041/861/115/GCF_041861115.1_ASM4186111v1/	refseq	na	5228811	1	SRR23048575	PRJNA922900	Illumina MiSeq	RANDOM	845005	471815046	ftp.sra.ebi.ac.uk/vol1/fastq/SRR230/075/SRR23048575/SRR23048575_1.fastq.gz;ftp.sra.ebi.ac.uk/vol1/fastq/SRR230/075/SRR23048575/SRR23048575_2.fastq.gz	bd3c41f44fd19bbcc52ff402cb688504;4ad5f49b58a2323cfb5f3317fe274d94	136440433;170876410	90.2
SAMN32676138	GCF_041861165.1	PRJNA224116	Klebsiella pneumoniae	Klebsiella pneumoniae	strain=Kpn4356	573	573	2024-09-07	ASM4186116v1	https://ftp.ncbi.nlm.nih.gov/genomes/all/GCF/041/861/165/GCF_041861165.1_ASM4186116v1/	refseq	na	5392214	1	SRR23048573	PRJNA922900	Illumina MiSeq	RANDOM	908442	444343207	ftp.sra.ebi.ac.uk/vol1/fastq/SRR230/073/SRR23048573/SRR23048573_1.fastq.gz;ftp.sra.ebi.ac.uk/vol1/fastq/SRR230/073/SRR23048573/SRR23048573_2.fastq.gz	55e72604dacc08f49f5964cef1815ddc;881eded14dadaeec65153f035f149972	150045687;172439259	82.4
SAMN32676144	GCF_041861105.1	PRJNA224116	Klebsiella pneumoniae	Klebsiella pneumoniae	strain=Kpn5841	573	573	2024-09-07	ASM4186110v1	https://ftp.ncbi.nlm.nih.gov/genomes/all/GCF/041/861/105/GCF_041861105.1_ASM4186110v1/	refseq	na	5307558	1	SRR23048567	PRJNA922900	Illumina MiSeq	RANDOM	523143	250873053	ftp.sra.ebi.ac.uk/vol1/fastq/SRR230/067/SRR23048567/SRR23048567_1.fastq.gz;ftp.sra.ebi.ac.uk/vol1/fastq/SRR230/067/SRR23048567/SRR23048567_2.fastq.gz	2addd0a2ef63957a81e76b3906d5f594;3f7315323defe76e4d4a4761e2fe1f82	82557004;88172361	47.3
SAMN32676150	GCF_041861155.1	PRJNA224116	Klebsiella pneumoniae	Klebsiella pneumoniae	strain=Kpn394	573	573	2024-09-07	ASM4186115v1	https://ftp.ncbi.nlm.nih.gov/genomes/all/GCF/041/861/155/GCF_041861155.1_ASM4186115v1/	refseq	na	5542103	1	SRR23048673	PRJNA922900	Illumina MiSeq	RANDOM	1367984	652863233	ftp.sra.ebi.ac.uk/vol1/fastq/SRR230/073/SRR23048673/SRR23048673_1.fastq.gz;ftp.sra.ebi.ac.uk/vol1/fastq/SRR230/073/SRR23048673/SRR23048673_2.fastq.gz	cf3ae1ba61b243f039c659695ca38116;44ee8eb54097fca54662b93ad5e6008f	217904489;243990257	117.8
SAMN32727621	GCF_029962605.1	PRJNA224116	Serratia spp.	Serratia sarumanii	strain=K-M0706	3020826	3020826	2023-05-10	ASM2996260v1	https://ftp.ncbi.nlm.nih.gov/genomes/all/GCF/029/962/605/GCF_029962605.1_ASM2996260v1/	refseq	na	5185617	1	SRR24391586	PRJNA923618	Illumina MiSeq	RANDOM	724593	404220311	ftp.sra.ebi.ac.uk/vol1/fastq/SRR243/086/SRR24391586/SRR24391586_1.fastq.gz;ftp.sra.ebi.ac.uk/vol1/fastq/SRR243/086/SRR24391586/SRR24391586_2.fastq.gz	1a891bcaa9e46bf4e6cca5c9d29808f1;24e68af8495b91fc128f372ffa6e6933	124716420;162843079	78.0
SAMN32733969	GCF_028622135.1	PRJNA224116	Enterobacter spp.	Enterobacter asburiae	strain=2022CK-00757	61645	61645	2023-02-15	ASM2862213v1	https://ftp.ncbi.nlm.nih.gov/genomes/all/GCF/028/622/135/GCF_028622135.1_ASM2862213v1/	refseq	na	4986935	1	SRR23080403	PRJNA288601	Illumina MiSeq	RANDOM	886093	427612869	ftp.sra.ebi.ac.uk/vol1/fastq/SRR230/003/SRR23080403/SRR23080403_1.fastq.gz;ftp.sra.ebi.ac.uk/vol1/fastq/SRR230/003/SRR23080403/SRR23080403_2.fastq.gz	a1893858d91efb71bc8824b941a64c63;adbb99802c7e891a64442a915e3d48b1	80700315;80818860	85.7
SAMN32745804	GCF_028198205.1	PRJNA224116	Enterobacter spp.	Enterobacter ludwigii	strain=CM-TZ4	299767	299767	2023-01-28	ASM2819820v1	https://ftp.ncbi.nlm.nih.gov/genomes/all/GCF/028/198/205/GCF_028198205.1_ASM2819820v1/	refseq	na	5711988	1	SRR23095567	PRJNA923839	Illumina HiSeq 2000	RANDOM	9543790	2863137000	ftp.sra.ebi.ac.uk/vol1/fastq/SRR230/067/SRR23095567/SRR23095567_1.fastq.gz;ftp.sra.ebi.ac.uk/vol1/fastq/SRR230/067/SRR23095567/SRR23095567_2.fastq.gz	768084da25c07ffb4af120f38f5cdbe4;1e7f2563949427f9c60e9252474f6a48	622118763;646553039	501.3
SAMN32762131	GCF_029962625.1	PRJNA224116	Serratia spp.	Serratia sp. K-E0102	strain=K-E0102	3021405	3021405	2023-05-10	ASM2996262v1	https://ftp.ncbi.nlm.nih.gov/genomes/all/GCF/029/962/625/GCF_029962625.1_ASM2996262v1/	refseq	na	5160726	1	SRR24391584	PRJNA924557	Illumina MiSeq	RANDOM	656234	380914637	ftp.sra.ebi.ac.uk/vol1/fastq/SRR243/084/SRR24391584/SRR24391584_1.fastq.gz;ftp.sra.ebi.ac.uk/vol1/fastq/SRR243/084/SRR24391584/SRR24391584_2.fastq.gz	54c8c4fbda2c9ba08c26aa099df6ff32;81e8610eba9c9581c29fb995b1758e0b	117856546;151444932	73.8
SAMN32978021	GCF_030706805.1	PRJNA224116	Enterobacter spp.	Enterobacter ludwigii	strain=2023CK-00067	299767	299767	2023-08-10	ASM3070680v1	https://ftp.ncbi.nlm.nih.gov/genomes/all/GCF/030/706/805/GCF_030706805.1_ASM3070680v1/	refseq	na	4866464	1	SRR23290094	PRJNA288601	Illumina MiSeq	RANDOM	898118	432599457	ftp.sra.ebi.ac.uk/vol1/fastq/SRR232/094/SRR23290094/SRR23290094_1.fastq.gz;ftp.sra.ebi.ac.uk/vol1/fastq/SRR232/094/SRR23290094/SRR23290094_2.fastq.gz	cdc730a325c1e5eee5916e007aa6a0e7;804b2bd72107c3a2c7b359f688e5329c	156685683;176734508	88.9
SAMN33238824	GCF_028736255.1	PRJNA224116	Serratia spp.	Serratia ureilytica	strain=KML.E1	300181	300181	2023-02-19	ASM2873625v1	https://ftp.ncbi.nlm.nih.gov/genomes/all/GCF/028/736/255/GCF_028736255.1_ASM2873625v1/	refseq	na	5094661	2	SRR25592465	PRJNA933529	Illumina MiSeq	RANDOM	1823156	739632499	ftp.sra.ebi.ac.uk/vol1/fastq/SRR255/065/SRR25592465/SRR25592465_1.fastq.gz;ftp.sra.ebi.ac.uk/vol1/fastq/SRR255/065/SRR25592465/SRR25592465_2.fastq.gz	867c11892ba190fe8b4c24a83e3066e8;3b174c638d240c98509f6c07a874038e	144280297;145697218	145.2
SAMN33404193	GCF_028994195.1	PRJNA224116	Serratia spp.	Serratia marcescens	strain=AHRB3	615	615	2023-03-05	ASM2899419v1	https://ftp.ncbi.nlm.nih.gov/genomes/all/GCF/028/994/195/GCF_028994195.1_ASM2899419v1/	refseq	na	5038633	1	SRR25511205	PRJNA937384	Illumina NovaSeq 6000	RANDOM	2021811	994369962	ftp.sra.ebi.ac.uk/vol1/fastq/SRR255/005/SRR25511205/SRR25511205_1.fastq.gz;ftp.sra.ebi.ac.uk/vol1/fastq/SRR255/005/SRR25511205/SRR25511205_2.fastq.gz	e7566aa56bc30c35d64aa89a00758be7;b1f62d0098a8d5e2958d8780ddd2691f	161266527;161698023	197.3
SAMN33434791	GCF_029025665.1	PRJNA224116	Serratia spp.	Serratia marcescens	strain=RX11	615	615	2023-03-08	ASM2902566v1	https://ftp.ncbi.nlm.nih.gov/genomes/all/GCF/029/025/665/GCF_029025665.1_ASM2902566v1/	refseq	na	5041121	1	SRR25511191	PRJNA938405	Illumina NovaSeq 6000	RANDOM	2021635	969366228	ftp.sra.ebi.ac.uk/vol1/fastq/SRR255/091/SRR25511191/SRR25511191_1.fastq.gz;ftp.sra.ebi.ac.uk/vol1/fastq/SRR255/091/SRR25511191/SRR25511191_2.fastq.gz	6cda507f813539470c73b99d2639140b;13db931707e64a4e8ba570b2d18e320b	173151413;173157631	192.3
SAMN33453558	GCF_029025805.1	PRJNA224116	Klebsiella pneumoniae	Klebsiella pneumoniae subsp. pneumoniae	strain=RX.G5M15	72407	573	2023-03-08	ASM2902580v1	https://ftp.ncbi.nlm.nih.gov/genomes/all/GCF/029/025/805/GCF_029025805.1_ASM2902580v1/	refseq	na	5381940	1	SRR25511189	PRJNA939005	Illumina MiSeq	RANDOM	813438	349154387	ftp.sra.ebi.ac.uk/vol1/fastq/SRR255/089/SRR25511189/SRR25511189_1.fastq.gz;ftp.sra.ebi.ac.uk/vol1/fastq/SRR255/089/SRR25511189/SRR25511189_2.fastq.gz	9493632921236434b46d0f373b32d8af;823594eb30c681034eb730cab2b79bbe	73846404;62675871	64.9
SAMN33741190	GCF_030517565.1	PRJNA224116	Enterococcus faecalis	Enterococcus faecalis	strain=EfsC1	1351	1351	2023-05-16	ASM3051756v1	https://ftp.ncbi.nlm.nih.gov/genomes/all/GCF/030/517/565/GCF_030517565.1_ASM3051756v1/	refseq	na	3047429	1	SRR24894211	PRJNA944190	NextSeq 500	RANDOM	791976	236718506	ftp.sra.ebi.ac.uk/vol1/fastq/SRR248/011/SRR24894211/SRR24894211_1.fastq.gz;ftp.sra.ebi.ac.uk/vol1/fastq/SRR248/011/SRR24894211/SRR24894211_2.fastq.gz	f4eb29729041f272472d0fbbe135bce4;a44eb1c9e1707aa8fc8cf8a81681c545	48698409;48687935	77.7
SAMN33741191	GCF_030020745.1	PRJNA224116	Enterococcus faecalis	Enterococcus faecalis	strain=EfsC8	1351	1351	2023-05-16	ASM3002074v1	https://ftp.ncbi.nlm.nih.gov/genomes/all/GCF/030/020/745/GCF_030020745.1_ASM3002074v1/	refseq	na	2753347	1	SRR24894210	PRJNA944190	NextSeq 500	RANDOM	883769	264237852	ftp.sra.ebi.ac.uk/vol1/fastq/SRR248/010/SRR24894210/SRR24894210_1.fastq.gz;ftp.sra.ebi.ac.uk/vol1/fastq/SRR248/010/SRR24894210/SRR24894210_2.fastq.gz	50f5115394b58f41cd1cbceaa8e3bccf;80c03bc710ba7470db3848e171602010	54290086;54267828	96.0
SAMN33741192	GCF_030020725.1	PRJNA224116	Enterococcus faecalis	Enterococcus faecalis	strain=EfsC9	1351	1351	2023-05-16	ASM3002072v1	https://ftp.ncbi.nlm.nih.gov/genomes/all/GCF/030/020/725/GCF_030020725.1_ASM3002072v1/	refseq	na	3045092	1	SRR24894199	PRJNA944190	NextSeq 500	RANDOM	1257423	375603478	ftp.sra.ebi.ac.uk/vol1/fastq/SRR248/099/SRR24894199/SRR24894199_1.fastq.gz;ftp.sra.ebi.ac.uk/vol1/fastq/SRR248/099/SRR24894199/SRR24894199_2.fastq.gz	9ef6fde60203af5d9f31a89f8352c870;bf5a4a7520fb98c687df9ee229a964d7	77052393;77038144	123.3
SAMN33741193	GCF_030020705.1	PRJNA224116	Enterococcus faecalis	Enterococcus faecalis	strain=EfsC11	1351	1351	2023-05-16	ASM3002070v1	https://ftp.ncbi.nlm.nih.gov/genomes/all/GCF/030/020/705/GCF_030020705.1_ASM3002070v1/	refseq	na	3004778	1	SRR24894188	PRJNA944190	NextSeq 500	RANDOM	836032	249701386	ftp.sra.ebi.ac.uk/vol1/fastq/SRR248/088/SRR24894188/SRR24894188_1.fastq.gz;ftp.sra.ebi.ac.uk/vol1/fastq/SRR248/088/SRR24894188/SRR24894188_2.fastq.gz	7e02891e90f5230b33a064ca8d7e51d6;5b11ec0e97e2cb9588fe3b0502e89178	51382203;51371831	83.1
SAMN33741195	GCF_030517625.1	PRJNA224116	Enterococcus faecalis	Enterococcus faecalis	strain=EfsC13	1351	1351	2023-05-16	ASM3051762v1	https://ftp.ncbi.nlm.nih.gov/genomes/all/GCF/030/517/625/GCF_030517625.1_ASM3051762v1/	refseq	na	3089487	1	SRR24894179	PRJNA944190	NextSeq 500	RANDOM	4782585	1422712660	ftp.sra.ebi.ac.uk/vol1/fastq/SRR248/079/SRR24894179/SRR24894179_1.fastq.gz;ftp.sra.ebi.ac.uk/vol1/fastq/SRR248/079/SRR24894179/SRR24894179_2.fastq.gz	d1daab7065be68eb0cc1d6031a717ec9;a84ef5b93d6b534d41aef71887e0dc7d	289330941;289261874	460.5
SAMN33741197	GCF_030020645.1	PRJNA224116	Enterococcus faecalis	Enterococcus faecalis	strain=EfsC20	1351	1351	2023-05-16	ASM3002064v1	https://ftp.ncbi.nlm.nih.gov/genomes/all/GCF/030/020/645/GCF_030020645.1_ASM3002064v1/	refseq	na	2904406	1	SRR24894177	PRJNA944190	NextSeq 500	RANDOM	3300548	980997114	ftp.sra.ebi.ac.uk/vol1/fastq/SRR248/077/SRR24894177/SRR24894177_1.fastq.gz;ftp.sra.ebi.ac.uk/vol1/fastq/SRR248/077/SRR24894177/SRR24894177_2.fastq.gz	86554daf2dfff6376b3a3d4361663f76;e4c700418390c8219c3ca3750fbaef11	200221143;200153098	337.8
SAMN33741199	GCF_030517475.1	PRJNA224116	Enterococcus faecalis	Enterococcus faecalis	strain=EfsC29	1351	1351	2023-05-16	ASM3051747v1	https://ftp.ncbi.nlm.nih.gov/genomes/all/GCF/030/517/475/GCF_030517475.1_ASM3051747v1/	refseq	na	2970567	1	SRR24894175	PRJNA944190	NextSeq 500	RANDOM	856666	256109147	ftp.sra.ebi.ac.uk/vol1/fastq/SRR248/075/SRR24894175/SRR24894175_1.fastq.gz;ftp.sra.ebi.ac.uk/vol1/fastq/SRR248/075/SRR24894175/SRR24894175_2.fastq.gz	aab8d9be7595b2c645265a0f05976ac3;689948743a992a1e314709c5da76eacb	52652118;52632089	86.2
SAMN33741200	GCF_030020615.1	PRJNA224116	Enterococcus faecalis	Enterococcus faecalis	strain=EfsC33	1351	1351	2023-05-16	ASM3002061v1	https://ftp.ncbi.nlm.nih.gov/genomes/all/GCF/030/020/615/GCF_030020615.1_ASM3002061v1/	refseq	na	3112897	1	SRR24894209	PRJNA944190	NextSeq 500	RANDOM	968052	289219262	ftp.sra.ebi.ac.uk/vol1/fastq/SRR248/009/SRR24894209/SRR24894209_1.fastq.gz;ftp.sra.ebi.ac.uk/vol1/fastq/SRR248/009/SRR24894209/SRR24894209_2.fastq.gz	e3a797716d28f9d3499b3ba664d5dbc3;f8ea96190cbd0d5ae86118e2fb992c35	59409934;59384073	92.9
SAMN33741201	GCF_030517445.1	PRJNA224116	Enterococcus faecalis	Enterococcus faecalis	strain=EfsC43	1351	1351	2023-05-16	ASM3051744v1	https://ftp.ncbi.nlm.nih.gov/genomes/all/GCF/030/517/445/GCF_030517445.1_ASM3051744v1/	refseq	na	3006985	1	SRR24894208	PRJNA944190	NextSeq 500	RANDOM	654179	195728507	ftp.sra.ebi.ac.uk/vol1/fastq/SRR248/008/SRR24894208/SRR24894208_1.fastq.gz;ftp.sra.ebi.ac.uk/vol1/fastq/SRR248/008/SRR24894208/SRR24894208_2.fastq.gz	61c44db66058879d941a966907a86dc0;b1246d6accfd40ea2313233f4d1674d3	40300420;40284262	65.1
SAMN33741205	GCF_030020555.1	PRJNA224116	Enterococcus faecalis	Enterococcus faecalis	strain=EfsC85	1351	1351	2023-05-16	ASM3002055v1	https://ftp.ncbi.nlm.nih.gov/genomes/all/GCF/030/020/555/GCF_030020555.1_ASM3002055v1/	refseq	na	2859274	1	SRR24894204	PRJNA944190	NextSeq 500	RANDOM	5321221	1586602840	ftp.sra.ebi.ac.uk/vol1/fastq/SRR248/004/SRR24894204/SRR24894204_1.fastq.gz;ftp.sra.ebi.ac.uk/vol1/fastq/SRR248/004/SRR24894204/SRR24894204_2.fastq.gz	c63d464514de6f346d41ea819ec493a7;bb6875e1a9f508045eb16704243600e1	322063678;321986656	554.9
SAMN33741206	GCF_030020535.1	PRJNA224116	Enterococcus faecalis	Enterococcus faecalis	strain=EfsC94	1351	1351	2023-05-16	ASM3002053v1	https://ftp.ncbi.nlm.nih.gov/genomes/all/GCF/030/020/535/GCF_030020535.1_ASM3002053v1/	refseq	na	2953867	1	SRR24894203	PRJNA944190	NextSeq 500	RANDOM	5010026	1493181938	ftp.sra.ebi.ac.uk/vol1/fastq/SRR248/003/SRR24894203/SRR24894203_1.fastq.gz;ftp.sra.ebi.ac.uk/vol1/fastq/SRR248/003/SRR24894203/SRR24894203_2.fastq.gz	dae7ddf6e9fd5dc4f23286a5d251c0bb;d615e327f3e75867ac9c4382d9a15438	301129797;301156227	505.5
SAMN33741207	GCF_030020515.1	PRJNA224116	Enterococcus faecalis	Enterococcus faecalis	strain=EfsC108	1351	1351	2023-05-16	ASM3002051v1	https://ftp.ncbi.nlm.nih.gov/genomes/all/GCF/030/020/515/GCF_030020515.1_ASM3002051v1/	refseq	na	2764125	1	SRR24894202	PRJNA944190	NextSeq 500	RANDOM	5135792	1529097004	ftp.sra.ebi.ac.uk/vol1/fastq/SRR248/002/SRR24894202/SRR24894202_1.fastq.gz;ftp.sra.ebi.ac.uk/vol1/fastq/SRR248/002/SRR24894202/SRR24894202_2.fastq.gz	e53ceab32a31cff62e34f4da07874623;de3c8bb24e106a459f4632402b426f06	310640543;310651016	553.2
SAMN33741208	GCF_030020495.1	PRJNA224116	Enterococcus faecalis	Enterococcus faecalis	strain=EfsC109-2	1351	1351	2023-05-16	ASM3002049v1	https://ftp.ncbi.nlm.nih.gov/genomes/all/GCF/030/020/495/GCF_030020495.1_ASM3002049v1/	refseq	na	2978196	1	SRR24894201	PRJNA944190	NextSeq 500	RANDOM	5122422	1524194144	ftp.sra.ebi.ac.uk/vol1/fastq/SRR248/001/SRR24894201/SRR24894201_1.fastq.gz;ftp.sra.ebi.ac.uk/vol1/fastq/SRR248/001/SRR24894201/SRR24894201_2.fastq.gz	abf2e3718a139359544c837474b3349b;8fe4a2692a920e0926ee021bb3bcb00d	309711972;309718747	511.8
SAMN33741209	GCF_030020475.1	PRJNA224116	Enterococcus faecalis	Enterococcus faecalis	strain=EfsC116	1351	1351	2023-05-16	ASM3002047v1	https://ftp.ncbi.nlm.nih.gov/genomes/all/GCF/030/020/475/GCF_030020475.1_ASM3002047v1/	refseq	na	3090966	1	SRR24894200	PRJNA944190	NextSeq 500	RANDOM	5335580	1586167079	ftp.sra.ebi.ac.uk/vol1/fastq/SRR248/000/SRR24894200/SRR24894200_1.fastq.gz;ftp.sra.ebi.ac.uk/vol1/fastq/SRR248/000/SRR24894200/SRR24894200_2.fastq.gz	80d2ef0bb11481f7dbe0c18913a94b0b;c96cc1dc1fdb49e8a8ebcf05e25afbaa	322208143;322028404	513.2
SAMN33741210	GCF_030020455.1	PRJNA224116	Enterococcus faecalis	Enterococcus faecalis	strain=EfsC123	1351	1351	2023-05-16	ASM3002045v1	https://ftp.ncbi.nlm.nih.gov/genomes/all/GCF/030/020/455/GCF_030020455.1_ASM3002045v1/	refseq	na	2894553	1	SRR24894198	PRJNA944190	NextSeq 500	RANDOM	4493403	1337944141	ftp.sra.ebi.ac.uk/vol1/fastq/SRR248/098/SRR24894198/SRR24894198_1.fastq.gz;ftp.sra.ebi.ac.uk/vol1/fastq/SRR248/098/SRR24894198/SRR24894198_2.fastq.gz	53dba07916679e890db8add0331cba96;8700750c4287ffb243e0f965eaaca9f6	272176228;272062643	462.2
SAMN33741211	GCF_030517415.1	PRJNA224116	Enterococcus faecalis	Enterococcus faecalis	strain=EfsC129	1351	1351	2023-05-16	ASM3051741v1	https://ftp.ncbi.nlm.nih.gov/genomes/all/GCF/030/517/415/GCF_030517415.1_ASM3051741v1/	refseq	na	3050155	1	SRR24894197	PRJNA944190	NextSeq 500	RANDOM	4405872	1307881535	ftp.sra.ebi.ac.uk/vol1/fastq/SRR248/097/SRR24894197/SRR24894197_1.fastq.gz;ftp.sra.ebi.ac.uk/vol1/fastq/SRR248/097/SRR24894197/SRR24894197_2.fastq.gz	d2c374f9f31ab002f7596b23ab6142a7;4a92db1110fa5fb4c54760a8dca449bf	266263240;266239576	428.8
SAMN33741212	GCF_030020255.1	PRJNA224116	Enterococcus faecalis	Enterococcus faecalis	strain=EfsC130	1351	1351	2023-05-16	ASM3002025v1	https://ftp.ncbi.nlm.nih.gov/genomes/all/GCF/030/020/255/GCF_030020255.1_ASM3002025v1/	refseq	na	2886718	1	SRR24894196	PRJNA944190	NextSeq 500	RANDOM	4461792	1325376859	ftp.sra.ebi.ac.uk/vol1/fastq/SRR248/096/SRR24894196/SRR24894196_1.fastq.gz;ftp.sra.ebi.ac.uk/vol1/fastq/SRR248/096/SRR24894196/SRR24894196_2.fastq.gz	1a2dc9ee51e298ed05a0ffde32fce803;4d1c925ecff9e7ec956d28c7c8026411	269767554;269668544	459.1
SAMN33741214	GCF_030020215.1	PRJNA224116	Enterococcus faecalis	Enterococcus faecalis	strain=EfsPF5	1351	1351	2023-05-16	ASM3002021v1	https://ftp.ncbi.nlm.nih.gov/genomes/all/GCF/030/020/215/GCF_030020215.1_ASM3002021v1/	refseq	na	2904543	1	SRR24894194	PRJNA944190	NextSeq 500	RANDOM	1506539	450113478	ftp.sra.ebi.ac.uk/vol1/fastq/SRR248/094/SRR24894194/SRR24894194_1.fastq.gz;ftp.sra.ebi.ac.uk/vol1/fastq/SRR248/094/SRR24894194/SRR24894194_2.fastq.gz	331a645f991a58904ec82e932a8a4bd6;b33b98b165f15029fccf7bc1274fc867	92222312;92203294	155.0
SAMN33741218	GCF_030517385.1	PRJNA224116	Enterococcus faecalis	Enterococcus faecalis	strain=EfsPF23	1351	1351	2023-05-16	ASM3051738v1	https://ftp.ncbi.nlm.nih.gov/genomes/all/GCF/030/517/385/GCF_030517385.1_ASM3051738v1/	refseq	na	3109208	1	SRR24894190	PRJNA944190	NextSeq 500	RANDOM	1091516	326482538	ftp.sra.ebi.ac.uk/vol1/fastq/SRR248/090/SRR24894190/SRR24894190_1.fastq.gz;ftp.sra.ebi.ac.uk/vol1/fastq/SRR248/090/SRR24894190/SRR24894190_2.fastq.gz	1d8f8de7ae75f3b51dc3ce76ff9182e4;c7666eb0d1f3d63a627b0e6a3cd33f50	66977136;66959291	105.0
SAMN33741221	GCF_030517125.1	PRJNA224116	Enterococcus faecalis	Enterococcus faecalis	strain=EfsPF36	1351	1351	2023-05-16	ASM3051712v1	https://ftp.ncbi.nlm.nih.gov/genomes/all/GCF/030/517/125/GCF_030517125.1_ASM3051712v1/	refseq	na	3102070	1	SRR24894186	PRJNA944190	NextSeq 500	RANDOM	6160919	1831978800	ftp.sra.ebi.ac.uk/vol1/fastq/SRR248/086/SRR24894186/SRR24894186_1.fastq.gz;ftp.sra.ebi.ac.uk/vol1/fastq/SRR248/086/SRR24894186/SRR24894186_2.fastq.gz	f2355e3abd96f8c47c34812a0602531a;d659cb962110926716a295411e318c14	371744699;371685564	590.6
SAMN33741222	GCF_030020155.1	PRJNA224116	Enterococcus faecalis	Enterococcus faecalis	strain=EfsPNK7	1351	1351	2023-05-16	ASM3002015v1	https://ftp.ncbi.nlm.nih.gov/genomes/all/GCF/030/020/155/GCF_030020155.1_ASM3002015v1/	refseq	na	2918219	1	SRR24894185	PRJNA944190	NextSeq 500	RANDOM	3513057	975904506	ftp.sra.ebi.ac.uk/vol1/fastq/SRR248/085/SRR24894185/SRR24894185_1.fastq.gz;ftp.sra.ebi.ac.uk/vol1/fastq/SRR248/085/SRR24894185/SRR24894185_2.fastq.gz	7eb84e9435918989bc81511a3b17a06a;86ea557ec9618cd5fbb058e7cb760a32	203463040;203551708	334.4
SAMN34137784	GCF_055900755.1	PRJNA224116	Enterobacter spp.	Enterobacter hormaechei subsp. hoffmannii	strain=09A16CRGN005	1812934	158836	2026-03-15	ASM5590075v1	https://ftp.ncbi.nlm.nih.gov/genomes/all/GCF/055/900/755/GCF_055900755.1_ASM5590075v1/	refseq	na	5259011	1	SRR24127894	PRJNA855907	Illumina MiSeq	RANDOM	712397	332023346	ftp.sra.ebi.ac.uk/vol1/fastq/SRR241/094/SRR24127894/SRR24127894_1.fastq.gz;ftp.sra.ebi.ac.uk/vol1/fastq/SRR241/094/SRR24127894/SRR24127894_2.fastq.gz	45c9b1739099fee1b9bef33fa09166f2;60d4023fda6776262443a20f16763d28	65892196;55048985	63.1
SAMN34137824	GCF_055900935.1	PRJNA224116	Klebsiella pneumoniae	Klebsiella pneumoniae	strain=11A1213CRGN071	573	573	2026-03-15	ASM5590093v1	https://ftp.ncbi.nlm.nih.gov/genomes/all/GCF/055/900/935/GCF_055900935.1_ASM5590093v1/	refseq	na	5451638	1	SRR24127682	PRJNA855907	Illumina MiSeq	RANDOM	1065678	410137306	ftp.sra.ebi.ac.uk/vol1/fastq/SRR241/082/SRR24127682/SRR24127682_1.fastq.gz;ftp.sra.ebi.ac.uk/vol1/fastq/SRR241/082/SRR24127682/SRR24127682_2.fastq.gz	fd595148667a04fc01e0dfb2827210b0;8c1fec6bd4f9d0b44837c8286e62d20e	86736402;66251106	75.2
SAMN34137826	GCF_055900605.1	PRJNA224116	Enterobacter spp.	Enterobacter cloacae subsp. cloacae	strain=11A1213CRGN097B	336306	550	2026-03-15	ASM5590060v1	https://ftp.ncbi.nlm.nih.gov/genomes/all/GCF/055/900/605/GCF_055900605.1_ASM5590060v1/	refseq	na	4998859	1	SRR24127680	PRJNA855907	Illumina MiSeq	RANDOM	725565	272815480	ftp.sra.ebi.ac.uk/vol1/fastq/SRR241/080/SRR24127680/SRR24127680_1.fastq.gz;ftp.sra.ebi.ac.uk/vol1/fastq/SRR241/080/SRR24127680/SRR24127680_2.fastq.gz	aca3c34f70f48c840332610bfeeb3d3b;34173d4840645433937f4f5417a67d66	59043557;43337663	54.6
SAMN34137946	GCF_055900875.1	PRJNA224116	Klebsiella pneumoniae	Klebsiella pneumoniae	strain=11A17CRGN019	573	573	2026-03-15	ASM5590087v1	https://ftp.ncbi.nlm.nih.gov/genomes/all/GCF/055/900/875/GCF_055900875.1_ASM5590087v1/	refseq	na	5548163	1	SRR24127787	PRJNA855907	Illumina MiSeq	RANDOM	825686	386919174	ftp.sra.ebi.ac.uk/vol1/fastq/SRR241/087/SRR24127787/SRR24127787_1.fastq.gz;ftp.sra.ebi.ac.uk/vol1/fastq/SRR241/087/SRR24127787/SRR24127787_2.fastq.gz	e2cdb8c9c0a70901d9c218e42d8127e8;e2e8d0d88fde03d7f0c6b5b99d4ad33f	78014053;62153540	69.7
SAMN34258006	GCF_030020765.1	PRJNA224116	Klebsiella pneumoniae	Klebsiella pneumoniae subsp. pneumoniae	strain=HVKP1	72407	573	2023-05-16	ASM3002076v1	https://ftp.ncbi.nlm.nih.gov/genomes/all/GCF/030/020/765/GCF_030020765.1_ASM3002076v1/	refseq	na	5547821	2	SRR25867762	PRJNA957586	Illumina NovaSeq 6000	PCR	616907	309687314	ftp.sra.ebi.ac.uk/vol1/fastq/SRR258/062/SRR25867762/SRR25867762_1.fastq.gz;ftp.sra.ebi.ac.uk/vol1/fastq/SRR258/062/SRR25867762/SRR25867762_2.fastq.gz	dca7daff3841f7c27545722b474ca354;7a241ab59f09779564d79df8ea8c28e6	55619706;55662564	55.8
SAMN35638176	GCF_030264755.1	PRJNA224116	Enterococcus faecalis	Enterococcus faecalis	strain=90_2023	1351	1351	2023-06-13	ASM3026475v1	https://ftp.ncbi.nlm.nih.gov/genomes/all/GCF/030/264/755/GCF_030264755.1_ASM3026475v1/	refseq	na	2902787	1	SRR24834282	PRJNA980555	Illumina MiniSeq	RANDOM	770833	229846180	ftp.sra.ebi.ac.uk/vol1/fastq/SRR248/082/SRR24834282/SRR24834282_1.fastq.gz;ftp.sra.ebi.ac.uk/vol1/fastq/SRR248/082/SRR24834282/SRR24834282_2.fastq.gz	74076956abf4f4e611f0bfb1f596c5f3;06d701f5f5ec5982b681db23fe7a1e44	46333256;46319766	79.2
SAMN35676739	GCF_030291735.1	PRJNA224116	Serratia spp.	Serratia marcescens	strain=ELP1.10	615	615	2023-06-20	ASM3029173v1	https://ftp.ncbi.nlm.nih.gov/genomes/all/GCF/030/291/735/GCF_030291735.1_ASM3029173v1/	refseq	reference genome	5160776	1	SRR25500207	PRJNA981493	Illumina NovaSeq 6000	RANDOM	2378070	1106181733	ftp.sra.ebi.ac.uk/vol1/fastq/SRR255/007/SRR25500207/SRR25500207_1.fastq.gz;ftp.sra.ebi.ac.uk/vol1/fastq/SRR255/007/SRR25500207/SRR25500207_2.fastq.gz	c5888284e633ba573f9a0c65a0a4b4b3;056f885f1ed6d6174ac3abc8832237e7	195843976;196332630	214.3
SAMN35677778	GCF_030411315.2	PRJNA224116	Enterobacter spp.	Enterobacter hormaechei	strain=EB00131	158836	158836	2025-11-06	ASM3041131v2	https://ftp.ncbi.nlm.nih.gov/genomes/all/GCF/030/411/315/GCF_030411315.2_ASM3041131v2/	refseq	na	5286836	1	SRR24877849	PRJNA981541	NextSeq 550	RANDOM PCR	1240054	686224003	ftp.sra.ebi.ac.uk/vol1/fastq/SRR248/049/SRR24877849/SRR24877849_1.fastq.gz;ftp.sra.ebi.ac.uk/vol1/fastq/SRR248/049/SRR24877849/SRR24877849_2.fastq.gz	ed0f8a44031cf252adc1ceb53ff420ba;264a2c2527d7201c32b2158c18483827	127415176;128521901	129.8
SAMN35677779	GCF_030411295.2	PRJNA224116	Enterobacter spp.	Enterobacter hormaechei	strain=EB00132	158836	158836	2025-11-06	ASM3041129v2	https://ftp.ncbi.nlm.nih.gov/genomes/all/GCF/030/411/295/GCF_030411295.2_ASM3041129v2/	refseq	na	5250638	1	SRR24877848	PRJNA981541	NextSeq 550	RANDOM PCR	981316	548520251	ftp.sra.ebi.ac.uk/vol1/fastq/SRR248/048/SRR24877848/SRR24877848_1.fastq.gz;ftp.sra.ebi.ac.uk/vol1/fastq/SRR248/048/SRR24877848/SRR24877848_2.fastq.gz	bb7ee5a4a5e069735a42d165673fd0c4;52964624d7843b00edeabf05e9932c1f	101581050;102508840	104.5
SAMN35677782	GCF_030411255.2	PRJNA224116	Enterobacter spp.	Enterobacter hormaechei	strain=EB00148	158836	158836	2025-11-06	ASM3041125v2	https://ftp.ncbi.nlm.nih.gov/genomes/all/GCF/030/411/255/GCF_030411255.2_ASM3041125v2/	refseq	na	5055877	1	SRR24877836	PRJNA981541	NextSeq 550	RANDOM PCR	1536210	437782669	ftp.sra.ebi.ac.uk/vol1/fastq/SRR248/036/SRR24877836/SRR24877836_1.fastq.gz;ftp.sra.ebi.ac.uk/vol1/fastq/SRR248/036/SRR24877836/SRR24877836_2.fastq.gz	14005da4cb59a180a8fdcf5c0dc1a8cd;99cc991858fc6de0edebbc23dc00e8ee	83542149;83465189	86.6
SAMN35677785	GCF_030411185.2	PRJNA224116	Enterobacter spp.	Enterobacter hormaechei	strain=EB00147	158836	158836	2025-11-06	ASM3041118v2	https://ftp.ncbi.nlm.nih.gov/genomes/all/GCF/030/411/185/GCF_030411185.2_ASM3041118v2/	refseq	na	4915767	1	SRR24877833	PRJNA981541	NextSeq 550	RANDOM PCR	1766273	509394213	ftp.sra.ebi.ac.uk/vol1/fastq/SRR248/033/SRR24877833/SRR24877833_1.fastq.gz;ftp.sra.ebi.ac.uk/vol1/fastq/SRR248/033/SRR24877833/SRR24877833_2.fastq.gz	aa34477b1e7a80ea4860df2eeefe0234;ccfbfecf57984fbbf6262b8685aab234	97367783;97317276	103.6
SAMN35677788	GCF_030411105.2	PRJNA224116	Enterobacter spp.	Enterobacter hormaechei	strain=EB00158	158836	158836	2025-11-06	ASM3041110v2	https://ftp.ncbi.nlm.nih.gov/genomes/all/GCF/030/411/105/GCF_030411105.2_ASM3041110v2/	refseq	na	4962613	1	SRR24877847	PRJNA981541	NextSeq 550	RANDOM PCR	2390149	703122569	ftp.sra.ebi.ac.uk/vol1/fastq/SRR248/047/SRR24877847/SRR24877847_1.fastq.gz;ftp.sra.ebi.ac.uk/vol1/fastq/SRR248/047/SRR24877847/SRR24877847_2.fastq.gz	7fc976f2d4b4d5fb61979a8d6ca2de57;ae63119737a72dd6bf5ca64aa1e638fe	144600464;144477925	141.7
SAMN35677790	GCF_030411075.2	PRJNA224116	Enterobacter spp.	Enterobacter hormaechei	strain=EB00162	158836	158836	2025-11-06	ASM3041107v2	https://ftp.ncbi.nlm.nih.gov/genomes/all/GCF/030/411/075/GCF_030411075.2_ASM3041107v2/	refseq	na	4926191	1	SRR24877845	PRJNA981541	NextSeq 550	RANDOM PCR	2083839	614550892	ftp.sra.ebi.ac.uk/vol1/fastq/SRR248/045/SRR24877845/SRR24877845_1.fastq.gz;ftp.sra.ebi.ac.uk/vol1/fastq/SRR248/045/SRR24877845/SRR24877845_2.fastq.gz	1ba480bb46544f34f4aed8a1e0d78307;0a23ebfeac3f717000c79f12ebad7810	125876871;125833448	124.8
SAMN35677791	GCF_030411175.2	PRJNA224116	Enterobacter spp.	Enterobacter hormaechei	strain=EB00163	158836	158836	2025-11-06	ASM3041117v2	https://ftp.ncbi.nlm.nih.gov/genomes/all/GCF/030/411/175/GCF_030411175.2_ASM3041117v2/	refseq	na	4849093	1	SRR24877844	PRJNA981541	NextSeq 550	RANDOM PCR	1852587	544393340	ftp.sra.ebi.ac.uk/vol1/fastq/SRR248/044/SRR24877844/SRR24877844_1.fastq.gz;ftp.sra.ebi.ac.uk/vol1/fastq/SRR248/044/SRR24877844/SRR24877844_2.fastq.gz	812a3fd929abc7bdb21e79549919dc69;8d5a5f8613ea5251bb5ee91a6967e39f	112521860;112443365	112.3
SAMN35677794	GCF_030410265.2	PRJNA224116	Enterobacter spp.	Enterobacter roggenkampii	strain=EB00176	1812935	1812935	2025-11-06	ASM3041026v2	https://ftp.ncbi.nlm.nih.gov/genomes/all/GCF/030/410/265/GCF_030410265.2_ASM3041026v2/	refseq	na	4939684	1	SRR24877841	PRJNA981541	NextSeq 550	RANDOM PCR	4034247	1188021077	ftp.sra.ebi.ac.uk/vol1/fastq/SRR248/041/SRR24877841/SRR24877841_1.fastq.gz;ftp.sra.ebi.ac.uk/vol1/fastq/SRR248/041/SRR24877841/SRR24877841_2.fastq.gz	968548ba98987df4adf5ae49cb8a3b7e;ea74b26c490e82e188b83a918fcb9f7b	236700122;236732864	240.5
SAMN35677795	GCF_030410235.2	PRJNA224116	Enterobacter spp.	Enterobacter roggenkampii	strain=EB00178	1812935	1812935	2025-11-06	ASM3041023v2	https://ftp.ncbi.nlm.nih.gov/genomes/all/GCF/030/410/235/GCF_030410235.2_ASM3041023v2/	refseq	na	4939809	1	SRR24877840	PRJNA981541	NextSeq 550	RANDOM PCR	2825326	833017557	ftp.sra.ebi.ac.uk/vol1/fastq/SRR248/040/SRR24877840/SRR24877840_1.fastq.gz;ftp.sra.ebi.ac.uk/vol1/fastq/SRR248/040/SRR24877840/SRR24877840_2.fastq.gz	9efb3bbddedb3596b90dc9e072d2e1ec;91716b0b69ab024de70379290dc934fe	164680380;164932053	168.6
SAMN36766196	GCF_038441155.1	PRJNA224116	Enterococcus faecium	Enterococcus faecium	strain=2010C10-174	1352	1352	2024-04-23	ASM3844115v1	https://ftp.ncbi.nlm.nih.gov/genomes/all/GCF/038/441/155/GCF_038441155.1_ASM3844115v1/	refseq	na	3211428	1	SRR26465569	PRJNA1000275	Illumina iSeq 100	RANDOM	787453	232449255	ftp.sra.ebi.ac.uk/vol1/fastq/SRR264/069/SRR26465569/SRR26465569_1.fastq.gz;ftp.sra.ebi.ac.uk/vol1/fastq/SRR264/069/SRR26465569/SRR26465569_2.fastq.gz	03ac94736305445408f48a214aebf56a;9318086df76feb797a39740154133c88	45256933;45167294	72.4
SAMN36766197	GCF_038441145.1	PRJNA224116	Enterococcus faecium	Enterococcus faecium	strain=2016S01-202	1352	1352	2024-04-23	ASM3844114v1	https://ftp.ncbi.nlm.nih.gov/genomes/all/GCF/038/441/145/GCF_038441145.1_ASM3844114v1/	refseq	na	3182089	1	SRR26465558	PRJNA1000275	Illumina iSeq 100	RANDOM	771353	227978547	ftp.sra.ebi.ac.uk/vol1/fastq/SRR264/058/SRR26465558/SRR26465558_1.fastq.gz;ftp.sra.ebi.ac.uk/vol1/fastq/SRR264/058/SRR26465558/SRR26465558_2.fastq.gz	94ed6cf91543e9efa15e0c944f1b5c3f;15ae9fade3a7bbcaf5a0c44b02d13a72	44136071;44064554	71.6
SAMN36766198	GCF_038441135.1	PRJNA224116	Enterococcus faecium	Enterococcus faecium	strain=2016C01-052	1352	1352	2024-04-23	ASM3844113v1	https://ftp.ncbi.nlm.nih.gov/genomes/all/GCF/038/441/135/GCF_038441135.1_ASM3844113v1/	refseq	na	3327463	1	SRR26465547	PRJNA1000275	Illumina iSeq 100	RANDOM	399313	117437464	ftp.sra.ebi.ac.uk/vol1/fastq/SRR264/047/SRR26465547/SRR26465547_1.fastq.gz;ftp.sra.ebi.ac.uk/vol1/fastq/SRR264/047/SRR26465547/SRR26465547_2.fastq.gz	e588f6924c0a1fffafdc87822afbce97;1504312e6917e023b47e03868fe0dfd7	22680784;22585617	35.3
SAMN36766199	GCF_038441125.1	PRJNA224116	Enterococcus faecium	Enterococcus faecium	strain=2016S06-219	1352	1352	2024-04-23	ASM3844112v1	https://ftp.ncbi.nlm.nih.gov/genomes/all/GCF/038/441/125/GCF_038441125.1_ASM3844112v1/	refseq	na	3142746	1	SRR26465536	PRJNA1000275	Illumina iSeq 100	RANDOM	458356	134615595	ftp.sra.ebi.ac.uk/vol1/fastq/SRR264/036/SRR26465536/SRR26465536_1.fastq.gz;ftp.sra.ebi.ac.uk/vol1/fastq/SRR264/036/SRR26465536/SRR26465536_2.fastq.gz	5a68f75f6feda222afdf8cd4679f962c;a5f4f145b9443390959e1463cbdb786a	26209244;26074158	42.8
SAMN36766200	GCF_038441115.1	PRJNA224116	Enterococcus faecium	Enterococcus faecium	strain=2016S09-053	1352	1352	2024-04-23	ASM3844111v1	https://ftp.ncbi.nlm.nih.gov/genomes/all/GCF/038/441/115/GCF_038441115.1_ASM3844111v1/	refseq	na	3174886	1	SRR26465464	PRJNA1000275	Illumina iSeq 100	RANDOM	901404	266801608	ftp.sra.ebi.ac.uk/vol1/fastq/SRR264/064/SRR26465464/SRR26465464_1.fastq.gz;ftp.sra.ebi.ac.uk/vol1/fastq/SRR264/064/SRR26465464/SRR26465464_2.fastq.gz	2252676e13af8ee2c0121ed6eebb1a43;ccabf43880acc331da64c71b8aca7dac	51603812;51619882	84.0
SAMN36766201	GCF_038441105.1	PRJNA224116	Enterococcus faecium	Enterococcus faecium	strain=2016C07-254	1352	1352	2024-04-23	ASM3844110v1	https://ftp.ncbi.nlm.nih.gov/genomes/all/GCF/038/441/105/GCF_038441105.1_ASM3844110v1/	refseq	na	3117753	1	SRR26465453	PRJNA1000275	Illumina iSeq 100	RANDOM	989775	292596968	ftp.sra.ebi.ac.uk/vol1/fastq/SRR264/053/SRR26465453/SRR26465453_1.fastq.gz;ftp.sra.ebi.ac.uk/vol1/fastq/SRR264/053/SRR26465453/SRR26465453_2.fastq.gz	67b9e851fc103270c02a9e59b3e841e3;f6bc84c42c554429614d9f60e57a0e1d	56593052;56600639	93.8
SAMN36766202	GCF_038441015.1	PRJNA224116	Enterococcus faecium	Enterococcus faecium	strain=2016N17-104	1352	1352	2024-04-23	ASM3844101v1	https://ftp.ncbi.nlm.nih.gov/genomes/all/GCF/038/441/015/GCF_038441015.1_ASM3844101v1/	refseq	na	3173327	1	SRR26465442	PRJNA1000275	Illumina iSeq 100	RANDOM	1093574	322885605	ftp.sra.ebi.ac.uk/vol1/fastq/SRR264/042/SRR26465442/SRR26465442_1.fastq.gz;ftp.sra.ebi.ac.uk/vol1/fastq/SRR264/042/SRR26465442/SRR26465442_2.fastq.gz	0dda708d8448bd96da79024ebfd03afd;90945eaa5f41e356f368330fe85eba55	62636708;62300832	101.7
SAMN36766203	GCF_038439085.1	PRJNA224116	Enterococcus faecium	Enterococcus faecium	strain=2016C08-243	1352	1352	2024-04-23	ASM3843908v1	https://ftp.ncbi.nlm.nih.gov/genomes/all/GCF/038/439/085/GCF_038439085.1_ASM3843908v1/	refseq	na	3266308	1	SRR26465431	PRJNA1000275	Illumina iSeq 100	RANDOM	1058905	313185663	ftp.sra.ebi.ac.uk/vol1/fastq/SRR264/031/SRR26465431/SRR26465431_1.fastq.gz;ftp.sra.ebi.ac.uk/vol1/fastq/SRR264/031/SRR26465431/SRR26465431_2.fastq.gz	fbe73c5b4e6dc578b09d545f6dc7ec64;24239249aa59b1306e7a1d838f0f830b	60560754;60246128	95.9
SAMN36766204	GCF_038437885.1	PRJNA224116	Enterococcus faecium	Enterococcus faecium	strain=2016N21-233	1352	1352	2024-04-23	ASM3843788v1	https://ftp.ncbi.nlm.nih.gov/genomes/all/GCF/038/437/885/GCF_038437885.1_ASM3843788v1/	refseq	na	3198172	1	SRR26465520	PRJNA1000275	Illumina iSeq 100	RANDOM	727221	214915445	ftp.sra.ebi.ac.uk/vol1/fastq/SRR264/020/SRR26465520/SRR26465520_1.fastq.gz;ftp.sra.ebi.ac.uk/vol1/fastq/SRR264/020/SRR26465520/SRR26465520_2.fastq.gz	baaeeb1311586b42dc51e334a26acde9;c56aa81d2823a536682f3d9129c5d674	41536927;41461369	67.2
SAMN36766205	GCF_038436665.1	PRJNA224116	Enterococcus faecium	Enterococcus faecium	strain=2016C10-291	1352	1352	2024-04-23	ASM3843666v1	https://ftp.ncbi.nlm.nih.gov/genomes/all/GCF/038/436/665/GCF_038436665.1_ASM3843666v1/	refseq	na	3176325	1	SRR26465519	PRJNA1000275	Illumina iSeq 100	RANDOM	737833	218440331	ftp.sra.ebi.ac.uk/vol1/fastq/SRR264/019/SRR26465519/SRR26465519_1.fastq.gz;ftp.sra.ebi.ac.uk/vol1/fastq/SRR264/019/SRR26465519/SRR26465519_2.fastq.gz	c4658e70d9297971995edebf049a8949;63f52d9e2f11a272d1c7a04b4b69268c	42487695;42490872	68.8
SAMN36766226	GCF_049617935.1	PRJNA224116	Klebsiella pneumoniae	Klebsiella pneumoniae	strain=2018C01-239	573	573	2025-04-15	ASM4961793v1	https://ftp.ncbi.nlm.nih.gov/genomes/all/GCF/049/617/935/GCF_049617935.1_ASM4961793v1/	refseq	na	5632427	1	SRR26465495	PRJNA1000275	Illumina iSeq 100	RANDOM	640780	189361134	ftp.sra.ebi.ac.uk/vol1/fastq/SRR264/095/SRR26465495/SRR26465495_1.fastq.gz;ftp.sra.ebi.ac.uk/vol1/fastq/SRR264/095/SRR26465495/SRR26465495_2.fastq.gz	ceb340ece915c79d0905488cac8596db;0afff63554ac3eb304e81d6039040196	37082674;37099079	33.6
SAMN36766227	GCF_049617425.1	PRJNA224116	Klebsiella pneumoniae	Klebsiella pneumoniae	strain=2018S07-013	573	573	2025-04-15	ASM4961742v1	https://ftp.ncbi.nlm.nih.gov/genomes/all/GCF/049/617/425/GCF_049617425.1_ASM4961742v1/	refseq	na	5636403	1	SRR26465494	PRJNA1000275	Illumina iSeq 100	RANDOM	755111	223703210	ftp.sra.ebi.ac.uk/vol1/fastq/SRR264/094/SRR26465494/SRR26465494_1.fastq.gz;ftp.sra.ebi.ac.uk/vol1/fastq/SRR264/094/SRR26465494/SRR26465494_2.fastq.gz	644322768de63065513b1e7146f579f7;da668dcb42dfcb831002172ea3ea5908	43679059;43705279	39.7
SAMN36766228	GCF_049617375.1	PRJNA224116	Klebsiella pneumoniae	Klebsiella pneumoniae	strain=2018C01-046	573	573	2025-04-15	ASM4961737v1	https://ftp.ncbi.nlm.nih.gov/genomes/all/GCF/049/617/375/GCF_049617375.1_ASM4961737v1/	refseq	na	5592127	1	SRR26465493	PRJNA1000275	Illumina iSeq 100	RANDOM	887418	262835119	ftp.sra.ebi.ac.uk/vol1/fastq/SRR264/093/SRR26465493/SRR26465493_1.fastq.gz;ftp.sra.ebi.ac.uk/vol1/fastq/SRR264/093/SRR26465493/SRR26465493_2.fastq.gz	525bac43e9204afe27aca3eafd7ee532;63f3201d01f3437342820d2961fc6b9e	51292255;51307543	47.0
SAMN36773911	GCF_030717405.1	PRJNA224116	Enterobacter spp.	Enterobacter hormaechei	strain=MRSN791417	158836	158836	2023-08-12	ASM3071740v1	https://ftp.ncbi.nlm.nih.gov/genomes/all/GCF/030/717/405/GCF_030717405.1_ASM3071740v1/	refseq	na	5668552	1	SRR25468462	PRJNA1000639	NextSeq 1000	RANDOM	2483897	745114550	ftp.sra.ebi.ac.uk/vol1/fastq/SRR254/062/SRR25468462/SRR25468462_1.fastq.gz;ftp.sra.ebi.ac.uk/vol1/fastq/SRR254/062/SRR25468462/SRR25468462_2.fastq.gz	7194b268073efe3e7d0b4fee30759fc0;a3a62c2a817af88b68af7849ce2848d0	153712100;153795796	131.4
SAMN37527804	GCF_032302155.1	PRJNA224116	Enterobacter spp.	Enterobacter hormaechei	strain=IMT49658-1	158836	158836	2023-10-03	ASM3230215v1	https://ftp.ncbi.nlm.nih.gov/genomes/all/GCF/032/302/155/GCF_032302155.1_ASM3230215v1/	refseq	na	5177992	1	SRR26201650	PRJNA1020684	NextSeq 550	RANDOM	1974317	575968114	ftp.sra.ebi.ac.uk/vol1/fastq/SRR262/050/SRR26201650/SRR26201650_1.fastq.gz;ftp.sra.ebi.ac.uk/vol1/fastq/SRR262/050/SRR26201650/SRR26201650_2.fastq.gz	ad9ea61fbf21647353354c93d9532cc7;222bdd655b31578259eaaa6296342320	115170938;115018436	111.2
SAMN37529173	GCF_032352615.1	PRJNA224116	Enterobacter spp.	Enterobacter cloacae	strain=isolateB	550	550	2023-10-04	ASM3235261v1	https://ftp.ncbi.nlm.nih.gov/genomes/all/GCF/032/352/615/GCF_032352615.1_ASM3235261v1/	refseq	na	5239890	1	SRR26162849	PRJNA1020811	Illumina MiSeq	RANDOM	719245	336709364	ftp.sra.ebi.ac.uk/vol1/fastq/SRR261/049/SRR26162849/SRR26162849_1.fastq.gz;ftp.sra.ebi.ac.uk/vol1/fastq/SRR261/049/SRR26162849/SRR26162849_2.fastq.gz	664c29d500d6c539dc20116d2ca129eb;41de2c2f301d6b5579923eb04bd3c3ac	71802446;58517038	64.3
SAMN37529177	GCF_032349915.1	PRJNA224116	Enterobacter spp.	Enterobacter cloacae	strain=isolateF	550	550	2023-10-04	ASM3234991v1	https://ftp.ncbi.nlm.nih.gov/genomes/all/GCF/032/349/915/GCF_032349915.1_ASM3234991v1/	refseq	na	5385662	1	SRR26162831	PRJNA1020811	Illumina MiSeq	RANDOM	556653	237546828	ftp.sra.ebi.ac.uk/vol1/fastq/SRR261/031/SRR26162831/SRR26162831_1.fastq.gz;ftp.sra.ebi.ac.uk/vol1/fastq/SRR261/031/SRR26162831/SRR26162831_2.fastq.gz	91e831b0d51ddbdde0aa177c6c67d912;e036eaab81af54008cce90134f8e32f3	51220771;41578831	44.1
SAMN37529179	GCF_032345935.1	PRJNA224116	Citrobacter spp.	Citrobacter freundii	strain=isolateH	546	546	2023-10-04	ASM3234593v1	https://ftp.ncbi.nlm.nih.gov/genomes/all/GCF/032/345/935/GCF_032345935.1_ASM3234593v1/	refseq	na	5280066	1	SRR26162829	PRJNA1020811	Illumina MiSeq	RANDOM	901167	439806621	ftp.sra.ebi.ac.uk/vol1/fastq/SRR261/029/SRR26162829/SRR26162829_1.fastq.gz;ftp.sra.ebi.ac.uk/vol1/fastq/SRR261/029/SRR26162829/SRR26162829_2.fastq.gz	6f9f5bc1d6694c2a9c561ad74f8b7f67;bbd7d29197e394b2e3c46c40309ccc3e	92435485;76573627	83.3
SAMN37529182	GCF_032343715.1	PRJNA224116	Klebsiella pneumoniae	Klebsiella pneumoniae	strain=isolateK	573	573	2023-10-04	ASM3234371v1	https://ftp.ncbi.nlm.nih.gov/genomes/all/GCF/032/343/715/GCF_032343715.1_ASM3234371v1/	refseq	na	5682215	1	SRR26162848	PRJNA1020811	Illumina MiSeq	RANDOM	2377376	668840670	ftp.sra.ebi.ac.uk/vol1/fastq/SRR261/048/SRR26162848/SRR26162848_1.fastq.gz;ftp.sra.ebi.ac.uk/vol1/fastq/SRR261/048/SRR26162848/SRR26162848_2.fastq.gz	0bbc9170898e8cadd8f7e727ae598adf;f672dc88a8b31623febed824e79ab06a	142151014;140476051	117.7
SAMN37529183	GCF_032347795.1	PRJNA224116	Citrobacter spp.	Citrobacter freundii	strain=isolateL	546	546	2023-10-04	ASM3234779v1	https://ftp.ncbi.nlm.nih.gov/genomes/all/GCF/032/347/795/GCF_032347795.1_ASM3234779v1/	refseq	na	5362247	1	SRR26162847	PRJNA1020811	Illumina MiSeq	RANDOM	734349	357605513	ftp.sra.ebi.ac.uk/vol1/fastq/SRR261/047/SRR26162847/SRR26162847_1.fastq.gz;ftp.sra.ebi.ac.uk/vol1/fastq/SRR261/047/SRR26162847/SRR26162847_2.fastq.gz	053925adfb68e351b07677df384e2938;b78cd031e3ad82d647629353cb73af01	75775282;61838023	66.7
SAMN37639060	GCF_032680945.1	PRJNA224116	Enterococcus faecalis	Enterococcus faecalis	strain=ES-397	1351	1351	2023-10-15	ASM3268094v1	https://ftp.ncbi.nlm.nih.gov/genomes/all/GCF/032/680/945/GCF_032680945.1_ASM3268094v1/	refseq	na	3272531	1	SRR26748299	PRJNA1023047	Illumina MiSeq	RANDOM	1234030	736436923	ftp.sra.ebi.ac.uk/vol1/fastq/SRR267/099/SRR26748299/SRR26748299_1.fastq.gz;ftp.sra.ebi.ac.uk/vol1/fastq/SRR267/099/SRR26748299/SRR26748299_2.fastq.gz	239c32ee62cea5c01ac6f8fc2d0021f4;fe09dfaad612b52fcf8107f6df6f680b	240461725;297695153	225.0
SAMN37639061	GCF_032680965.1	PRJNA224116	Enterococcus faecalis	Enterococcus faecalis	strain=ES-1276	1351	1351	2023-10-15	ASM3268096v1	https://ftp.ncbi.nlm.nih.gov/genomes/all/GCF/032/680/965/GCF_032680965.1_ASM3268096v1/	refseq	na	3137737	1	SRR26748295	PRJNA1023047	Illumina MiSeq	RANDOM	1042749	623163375	ftp.sra.ebi.ac.uk/vol1/fastq/SRR267/095/SRR26748295/SRR26748295_1.fastq.gz;ftp.sra.ebi.ac.uk/vol1/fastq/SRR267/095/SRR26748295/SRR26748295_2.fastq.gz	28f40dd2166cd164be9776a174618eda;e3ec4ea8dd12e781c5291499ae381dfe	204171177;249645715	198.6
SAMN37639062	GCF_032680925.1	PRJNA224116	Enterococcus faecalis	Enterococcus faecalis	strain=ES-1348	1351	1351	2023-10-15	ASM3268092v1	https://ftp.ncbi.nlm.nih.gov/genomes/all/GCF/032/680/925/GCF_032680925.1_ASM3268092v1/	refseq	na	2972316	1	SRR26748293	PRJNA1023047	Illumina MiSeq	RANDOM	1117427	667708396	ftp.sra.ebi.ac.uk/vol1/fastq/SRR267/093/SRR26748293/SRR26748293_1.fastq.gz;ftp.sra.ebi.ac.uk/vol1/fastq/SRR267/093/SRR26748293/SRR26748293_2.fastq.gz	eeced7b4e2737ecb562ad24cc79eb9ff;ec449baa0237e93297dc3f755506d932	218695347;269466593	224.6
SAMN37639063	GCF_032681025.1	PRJNA224116	Enterococcus faecalis	Enterococcus faecalis	strain=ES-1390	1351	1351	2023-10-15	ASM3268102v1	https://ftp.ncbi.nlm.nih.gov/genomes/all/GCF/032/681/025/GCF_032681025.1_ASM3268102v1/	refseq	na	2981276	1	SRR26748291	PRJNA1023047	Illumina MiSeq	RANDOM	1083003	647043456	ftp.sra.ebi.ac.uk/vol1/fastq/SRR267/091/SRR26748291/SRR26748291_1.fastq.gz;ftp.sra.ebi.ac.uk/vol1/fastq/SRR267/091/SRR26748291/SRR26748291_2.fastq.gz	418fc5435258e7c1a29db7e2a59815be;907c9cd68cb2d34218a32d96125a9a41	210862170;258637415	217.0
SAMN37639064	GCF_032680985.1	PRJNA224116	Enterococcus faecalis	Enterococcus faecalis	strain=ES-2953	1351	1351	2023-10-15	ASM3268098v1	https://ftp.ncbi.nlm.nih.gov/genomes/all/GCF/032/680/985/GCF_032680985.1_ASM3268098v1/	refseq	na	3054233	1	SRR26748289	PRJNA1023047	Illumina MiSeq	RANDOM	2780199	1648580004	ftp.sra.ebi.ac.uk/vol1/fastq/SRR267/089/SRR26748289/SRR26748289_1.fastq.gz;ftp.sra.ebi.ac.uk/vol1/fastq/SRR267/089/SRR26748289/SRR26748289_2.fastq.gz	a1d15d53ef35f2b936c5f78808e43403;29effa738d4aa8bf7dc52f9908230d8b	367435515;394438494	539.8
SAMN37639065	GCF_032681005.1	PRJNA224116	Enterococcus faecalis	Enterococcus faecalis	strain=ES-3222	1351	1351	2023-10-15	ASM3268100v1	https://ftp.ncbi.nlm.nih.gov/genomes/all/GCF/032/681/005/GCF_032681005.1_ASM3268100v1/	refseq	na	2770393	1	SRR26748297	PRJNA1023047	Illumina MiSeq	RANDOM	1188921	709571812	ftp.sra.ebi.ac.uk/vol1/fastq/SRR267/097/SRR26748297/SRR26748297_1.fastq.gz;ftp.sra.ebi.ac.uk/vol1/fastq/SRR267/097/SRR26748297/SRR26748297_2.fastq.gz	32406b3809d1336b7715dbb0b984f7b5;1f53f77c437e4d37f80d1e9b7349fa6a	233112370;288380366	256.1
SAMN38049405	GCF_040735615.1	PRJNA224116	Klebsiella pneumoniae	Klebsiella pneumoniae	strain=18Y001710	573	573	2024-07-16	ASM4073561v1	https://ftp.ncbi.nlm.nih.gov/genomes/all/GCF/040/735/615/GCF_040735615.1_ASM4073561v1/	refseq	na	5829258	1	SRR26595505	PRJNA1034027	Illumina MiSeq	RANDOM PCR	711991	179761942	ftp.sra.ebi.ac.uk/vol1/fastq/SRR265/005/SRR26595505/SRR26595505_1.fastq.gz;ftp.sra.ebi.ac.uk/vol1/fastq/SRR265/005/SRR26595505/SRR26595505_2.fastq.gz	18087f06f5fa5c07b874f634fea5c716;97f2814da17859ad198a3b0311087fb3	38060804;38173761	30.8
SAMN38049406	GCF_040735585.1	PRJNA224116	Enterobacter spp.	Enterobacter roggenkampii	strain=18Y001733	1812935	1812935	2024-07-16	ASM4073558v1	https://ftp.ncbi.nlm.nih.gov/genomes/all/GCF/040/735/585/GCF_040735585.1_ASM4073558v1/	refseq	na	4658510	1	SRR26595504	PRJNA1034027	Illumina MiSeq	RANDOM PCR	713655	178876834	ftp.sra.ebi.ac.uk/vol1/fastq/SRR265/004/SRR26595504/SRR26595504_1.fastq.gz;ftp.sra.ebi.ac.uk/vol1/fastq/SRR265/004/SRR26595504/SRR26595504_2.fastq.gz	2d40ba1a7bcbedc5654547a547856ae0;8b96980158489a1542c2f028faeeeee2	37908310;38159071	38.4
SAMN38049408	GCF_040735515.1	PRJNA224116	Enterobacter spp.	Enterobacter hormaechei	strain=19Y000373	158836	158836	2024-07-16	ASM4073551v1	https://ftp.ncbi.nlm.nih.gov/genomes/all/GCF/040/735/515/GCF_040735515.1_ASM4073551v1/	refseq	na	5203737	1	SRR26595502	PRJNA1034027	Illumina MiSeq	RANDOM PCR	754578	196741489	ftp.sra.ebi.ac.uk/vol1/fastq/SRR265/002/SRR26595502/SRR26595502_1.fastq.gz;ftp.sra.ebi.ac.uk/vol1/fastq/SRR265/002/SRR26595502/SRR26595502_2.fastq.gz	f05efa5fa21c4bd6822ab4d7bf2f3ba1;9619531429029b825ceafe8bbb34f1d0	41303681;41323145	37.8
SAMN38086284	GCF_033447315.2	PRJNA224116	Klebsiella pneumoniae	Klebsiella pneumoniae	strain=CR-KP32	573	573	2025-10-28	ASM3344731v2	https://ftp.ncbi.nlm.nih.gov/genomes/all/GCF/033/447/315/GCF_033447315.2_ASM3344731v2/	refseq	na	5653184	1	SRR35757954	PRJNA1035291	Illumina NovaSeq 6000	ChIP	5172362	1551708600	ftp.sra.ebi.ac.uk/vol1/fastq/SRR357/054/SRR35757954/SRR35757954_1.fastq.gz;ftp.sra.ebi.ac.uk/vol1/fastq/SRR357/054/SRR35757954/SRR35757954_2.fastq.gz	a102389fc0c4f8eb4dd561707816fd06;c59318474e9424eca6da77662131b1d6	354663354;365906226	274.5
SAMN38122033	GCF_045689385.1	PRJNA224116	Enterobacter spp.	Enterobacter hormaechei	strain=2023CK-01311	158836	158836	2023-12-20	ASM4568938v1	https://ftp.ncbi.nlm.nih.gov/genomes/all/GCF/045/689/385/GCF_045689385.1_ASM4568938v1/	refseq	na	4714134	1	SRR26683558	PRJNA288601	Illumina MiSeq	RANDOM	786472	381676337	ftp.sra.ebi.ac.uk/vol1/fastq/SRR266/058/SRR26683558/SRR26683558_1.fastq.gz;ftp.sra.ebi.ac.uk/vol1/fastq/SRR266/058/SRR26683558/SRR26683558_2.fastq.gz	886e49a3aeb99f7039040b6cf2a5c299;ac2056775620eb23d97206ebecfb549f	72013497;72094391	81.0
SAMN38122036	GCF_035621195.1	PRJNA224116	Klebsiella pneumoniae	Klebsiella pneumoniae	strain=2023CK-01338	573	573	2024-01-14	ASM3562119v1	https://ftp.ncbi.nlm.nih.gov/genomes/all/GCF/035/621/195/GCF_035621195.1_ASM3562119v1/	refseq	na	5536546	1	SRR26683555	PRJNA288601	Illumina MiSeq	RANDOM	1067757	514261531	ftp.sra.ebi.ac.uk/vol1/fastq/SRR266/055/SRR26683555/SRR26683555_1.fastq.gz;ftp.sra.ebi.ac.uk/vol1/fastq/SRR266/055/SRR26683555/SRR26683555_2.fastq.gz	ce0c8ad34be9c75f5d4146745476e289;43eeee6cdb5b1a15ba01b8b731d473be	96800689;96914873	92.9
SAMN38182635	GCF_036324685.1	PRJNA224116	Serratia spp.	Serratia marcescens	strain=2023CB-00608	615	615	2024-02-01	ASM3632468v1	https://ftp.ncbi.nlm.nih.gov/genomes/all/GCF/036/324/685/GCF_036324685.1_ASM3632468v1/	refseq	na	5380248	1	SRR26763635	PRJNA288601	Illumina MiSeq	RANDOM	1189204	580635427	ftp.sra.ebi.ac.uk/vol1/fastq/SRR267/035/SRR26763635/SRR26763635_1.fastq.gz;ftp.sra.ebi.ac.uk/vol1/fastq/SRR267/035/SRR26763635/SRR26763635_2.fastq.gz	8b4eff1166a64c464c58276a3fb594ce;fba9e4d75a468633b6f08afbccc7f151	108401775;108513983	107.9
SAMN38203339	GCF_033811895.1	PRJNA224116	Enterococcus faecalis	Enterococcus faecalis	strain=ES-3-1	1351	1351	2023-11-20	ASM3381189v1	https://ftp.ncbi.nlm.nih.gov/genomes/all/GCF/033/811/895/GCF_033811895.1_ASM3381189v1/	refseq	na	2965833	1	SRR27204064	PRJNA1039159	Illumina MiSeq	RANDOM	1098479	656177582	ftp.sra.ebi.ac.uk/vol1/fastq/SRR272/064/SRR27204064/SRR27204064_1.fastq.gz;ftp.sra.ebi.ac.uk/vol1/fastq/SRR272/064/SRR27204064/SRR27204064_2.fastq.gz	42ea6b507e5002799606aaa80254448d;e895172916a9646a3fa8850c2bb19b84	120665348;121118692	221.2
SAMN38203340	GCF_033813895.1	PRJNA224116	Enterococcus faecalis	Enterococcus faecalis	strain=ES-90-2	1351	1351	2023-11-20	ASM3381389v1	https://ftp.ncbi.nlm.nih.gov/genomes/all/GCF/033/813/895/GCF_033813895.1_ASM3381389v1/	refseq	na	3150274	1	SRR27204062	PRJNA1039159	Illumina MiSeq	RANDOM	1073474	640847953	ftp.sra.ebi.ac.uk/vol1/fastq/SRR272/062/SRR27204062/SRR27204062_1.fastq.gz;ftp.sra.ebi.ac.uk/vol1/fastq/SRR272/062/SRR27204062/SRR27204062_2.fastq.gz	f279d0672ffb7b1a8d26f0478585d733;5fb1ae2ddfb31c0ea4b7997f5a6bb300	117925064;118335617	203.4
SAMN38203342	GCF_033814155.1	PRJNA224116	Enterococcus faecalis	Enterococcus faecalis	strain=ES-11	1351	1351	2023-11-20	ASM3381415v1	https://ftp.ncbi.nlm.nih.gov/genomes/all/GCF/033/814/155/GCF_033814155.1_ASM3381415v1/	refseq	na	3356269	1	SRR27204058	PRJNA1039159	Illumina MiSeq	RANDOM	1041148	621484384	ftp.sra.ebi.ac.uk/vol1/fastq/SRR272/058/SRR27204058/SRR27204058_1.fastq.gz;ftp.sra.ebi.ac.uk/vol1/fastq/SRR272/058/SRR27204058/SRR27204058_2.fastq.gz	97e55d4097ed6e0884cc5a72eefc0ef1;f30a130e4875d3482b8e95b7e8fcb572	114583588;114846034	185.2
SAMN38203343	GCF_033814935.1	PRJNA224116	Enterococcus faecalis	Enterococcus faecalis	strain=ES-109	1351	1351	2023-11-20	ASM3381493v1	https://ftp.ncbi.nlm.nih.gov/genomes/all/GCF/033/814/935/GCF_033814935.1_ASM3381493v1/	refseq	na	2948367	1	SRR27204785	PRJNA1039159	Illumina MiSeq	RANDOM	1016725	606944467	ftp.sra.ebi.ac.uk/vol1/fastq/SRR272/085/SRR27204785/SRR27204785_1.fastq.gz;ftp.sra.ebi.ac.uk/vol1/fastq/SRR272/085/SRR27204785/SRR27204785_2.fastq.gz	7caf24c8a165297b93669f25d18ccd5a;37678ee442024dcbd1f76565b8f4a1a8	111909708;112179459	205.9
SAMN38203344	GCF_033815475.1	PRJNA224116	Enterococcus faecalis	Enterococcus faecalis	strain=ES-2-1	1351	1351	2023-11-20	ASM3381547v1	https://ftp.ncbi.nlm.nih.gov/genomes/all/GCF/033/815/475/GCF_033815475.1_ASM3381547v1/	refseq	na	2815165	1	SRR27204783	PRJNA1039159	Illumina MiSeq	RANDOM	1187481	709328945	ftp.sra.ebi.ac.uk/vol1/fastq/SRR272/083/SRR27204783/SRR27204783_1.fastq.gz;ftp.sra.ebi.ac.uk/vol1/fastq/SRR272/083/SRR27204783/SRR27204783_2.fastq.gz	a33ee59f44a0dd3140de0242786c8be6;568666bb0baacbc4c8a580b423dd1c1b	130470976;130921996	252.0
SAMN38203345	GCF_033815825.1	PRJNA224116	Enterococcus faecalis	Enterococcus faecalis	strain=ES-110-1	1351	1351	2023-11-20	ASM3381582v1	https://ftp.ncbi.nlm.nih.gov/genomes/all/GCF/033/815/825/GCF_033815825.1_ASM3381582v1/	refseq	na	2813578	1	SRR27204781	PRJNA1039159	Illumina MiSeq	RANDOM	1567896	936106961	ftp.sra.ebi.ac.uk/vol1/fastq/SRR272/081/SRR27204781/SRR27204781_1.fastq.gz;ftp.sra.ebi.ac.uk/vol1/fastq/SRR272/081/SRR27204781/SRR27204781_2.fastq.gz	cba5a84df005da887f866c1990dd605c;e984ef1596b40de5599a8aa4bfb280a1	171581261;172439716	332.7
SAMN38231263	GCF_037198295.1	PRJNA224116	Enterococcus faecalis	Enterococcus faecalis	strain=B05	1351	1351	2024-03-16	ASM3719829v1	https://ftp.ncbi.nlm.nih.gov/genomes/all/GCF/037/198/295/GCF_037198295.1_ASM3719829v1/	refseq	na	2745741	1	SRR27322848	PRJNA1039877	Illumina NovaSeq 6000	RANDOM	3182079	954623700	ftp.sra.ebi.ac.uk/vol1/fastq/SRR273/048/SRR27322848/SRR27322848_1.fastq.gz;ftp.sra.ebi.ac.uk/vol1/fastq/SRR273/048/SRR27322848/SRR27322848_2.fastq.gz	9ff41e09b130c1608ba1cedb155ac4ff;fd58619335bbefdeee9ce74b85f5d7f3	161240895;161694710	347.7
SAMN38251288	GCF_033726075.1	PRJNA224116	Citrobacter spp.	Citrobacter amalonaticus	strain=2023CK-01304	35703	35703	2023-12-20	ASM3372607v2	https://ftp.ncbi.nlm.nih.gov/genomes/all/GCF/033/726/075/GCF_033726075.1_ASM3372607v2/	refseq	na	5315119	1	SRR26825415	PRJNA288601	Illumina MiSeq	RANDOM	727300	346479160	ftp.sra.ebi.ac.uk/vol1/fastq/SRR268/015/SRR26825415/SRR26825415_1.fastq.gz;ftp.sra.ebi.ac.uk/vol1/fastq/SRR268/015/SRR26825415/SRR26825415_2.fastq.gz	40a5f05f5484d06e90d79e069918163a;8336b52e17e0bf4f97c0b812c0d267ac	65917939;66055970	65.2
SAMN38505510	GCF_050572375.1	PRJNA224116	Enterobacter spp.	Enterobacter hormaechei subsp. xiangfangensis	strain=120030	1296536	158836	2025-05-26	ASM5057237v1	https://ftp.ncbi.nlm.nih.gov/genomes/all/GCF/050/572/375/GCF_050572375.1_ASM5057237v1/	refseq	na	5065120	1	SRR33616568	PRJNA450216	Illumina NovaSeq 6000	RANDOM	5648618	1694585400	ftp.sra.ebi.ac.uk/vol1/fastq/SRR336/068/SRR33616568/SRR33616568_1.fastq.gz;ftp.sra.ebi.ac.uk/vol1/fastq/SRR336/068/SRR33616568/SRR33616568_2.fastq.gz	37c3e45f758cbc799a36cbb2f6b4fcd3;e5a69205d963d84c93966024d8ee3f73	393206124;408450946	334.6
SAMN38562703	GCF_034424455.1	PRJNA224116	Citrobacter spp.	Citrobacter koseri	strain=HAMBI_1287	545	545	2023-12-17	ASM3442445v1	https://ftp.ncbi.nlm.nih.gov/genomes/all/GCF/034/424/455/GCF_034424455.1_ASM3442445v1/	refseq	na	4732180	1	SRR27033687	PRJNA1047486	Illumina MiSeq	RANDOM	300297	176230092	ftp.sra.ebi.ac.uk/vol1/fastq/SRR270/087/SRR27033687/SRR27033687_1.fastq.gz;ftp.sra.ebi.ac.uk/vol1/fastq/SRR270/087/SRR27033687/SRR27033687_2.fastq.gz	bdf11241aff9ab02db39894a05cc7b93;b80e1c1e9d98bd719c162e3c2cfaecab	33226468;32794532	37.2
SAMN38562723	GCF_034424255.1	PRJNA224116	Serratia spp.	Serratia marcescens subsp. marcescens ATCC 13880	strain=ATCC 13880	911022	615	2023-12-17	ASM3442425v1	https://ftp.ncbi.nlm.nih.gov/genomes/all/GCF/034/424/255/GCF_034424255.1_ASM3442425v1/	refseq	na	5160509	1	SRR27033699	PRJNA1047486	NextSeq 2000	RANDOM	3755783	1118982631	ftp.sra.ebi.ac.uk/vol1/fastq/SRR270/099/SRR27033699/SRR27033699_1.fastq.gz;ftp.sra.ebi.ac.uk/vol1/fastq/SRR270/099/SRR27033699/SRR27033699_2.fastq.gz	5a6de6a49694f5b513fb751bee71e393;81e94933e1ed6d84f72f18aed323dc3a	219418806;218337070	216.8
SAMN38673182	GCF_034642355.1	PRJNA224116	Enterococcus faecalis	Enterococcus faecalis	strain=HRH55	1351	1351	2023-12-26	ASM3464235v1	https://ftp.ncbi.nlm.nih.gov/genomes/all/GCF/034/642/355/GCF_034642355.1_ASM3464235v1/	refseq	na	2979264	1	SRR27089223	PRJNA1049017	Illumina NovaSeq 6000	RANDOM	5223914	1533192929	ftp.sra.ebi.ac.uk/vol1/fastq/SRR270/023/SRR27089223/SRR27089223_1.fastq.gz;ftp.sra.ebi.ac.uk/vol1/fastq/SRR270/023/SRR27089223/SRR27089223_2.fastq.gz	8a4d539f4fe070788bf56d75c7995863;2ca382ab203c6d96f1388a3b08287094	287523062;286757811	514.6
SAMN38764394	GCF_052982455.1	PRJNA224116	Enterobacter spp.	Enterobacter hormaechei	strain=EB00131	158836	158836	2025-10-06	ASM5298245v1	https://ftp.ncbi.nlm.nih.gov/genomes/all/GCF/052/982/455/GCF_052982455.1_ASM5298245v1/	refseq	na	5286840	1	SRR27177143	PRJNA475751	Illumina MiSeq	RANDOM	1240054	686224003	ftp.sra.ebi.ac.uk/vol1/fastq/SRR271/043/SRR27177143/SRR27177143_1.fastq.gz;ftp.sra.ebi.ac.uk/vol1/fastq/SRR271/043/SRR27177143/SRR27177143_2.fastq.gz	3190cfd624598629c18f7ffd80925251;1546e18f0fe002d83162e991527df792	127414854;128521627	129.8
SAMN38764395	GCF_052982515.1	PRJNA224116	Enterobacter spp.	Enterobacter hormaechei	strain=EB00132	158836	158836	2025-10-06	ASM5298251v1	https://ftp.ncbi.nlm.nih.gov/genomes/all/GCF/052/982/515/GCF_052982515.1_ASM5298251v1/	refseq	na	5250638	1	SRR27177142	PRJNA475751	Illumina MiSeq	RANDOM	981316	548520251	ftp.sra.ebi.ac.uk/vol1/fastq/SRR271/042/SRR27177142/SRR27177142_1.fastq.gz;ftp.sra.ebi.ac.uk/vol1/fastq/SRR271/042/SRR27177142/SRR27177142_2.fastq.gz	9d329b36b8d3f97e6b51f7a485b71970;eddb6a6d827763f169f982c137f3ce62	101581101;102508805	104.5
SAMN38764408	GCF_052982475.1	PRJNA224116	Enterobacter spp.	Enterobacter hormaechei	strain=EB00147	158836	158836	2025-10-06	ASM5298247v1	https://ftp.ncbi.nlm.nih.gov/genomes/all/GCF/052/982/475/GCF_052982475.1_ASM5298247v1/	refseq	na	4912310	1	SRR27176807	PRJNA475751	NextSeq 550	RANDOM	1766273	509394213	ftp.sra.ebi.ac.uk/vol1/fastq/SRR271/007/SRR27176807/SRR27176807_1.fastq.gz;ftp.sra.ebi.ac.uk/vol1/fastq/SRR271/007/SRR27176807/SRR27176807_2.fastq.gz	7c11eb75468cddfd5fdbf875cb6a0d7b;de1a0f5eaf573f7a7337bae30517183f	97366461;97316328	103.7
SAMN38764409	GCF_052982435.1	PRJNA224116	Enterobacter spp.	Enterobacter hormaechei	strain=EB00148	158836	158836	2025-10-06	ASM5298243v1	https://ftp.ncbi.nlm.nih.gov/genomes/all/GCF/052/982/435/GCF_052982435.1_ASM5298243v1/	refseq	na	5055894	1	SRR27176806	PRJNA475751	NextSeq 550	RANDOM	1536210	437782669	ftp.sra.ebi.ac.uk/vol1/fastq/SRR271/006/SRR27176806/SRR27176806_1.fastq.gz;ftp.sra.ebi.ac.uk/vol1/fastq/SRR271/006/SRR27176806/SRR27176806_2.fastq.gz	7d7c16f74978999b02c5aeefb089f043;b1532cff05c75dc890cf3aaa2460744e	83541570;83464670	86.6
SAMN38764423	GCF_052982295.1	PRJNA224116	Enterobacter spp.	Enterobacter hormaechei	strain=EB00163	158836	158836	2025-10-06	ASM5298229v1	https://ftp.ncbi.nlm.nih.gov/genomes/all/GCF/052/982/295/GCF_052982295.1_ASM5298229v1/	refseq	na	4849093	1	SRR27176791	PRJNA475751	NextSeq 550	RANDOM	1852587	544393340	ftp.sra.ebi.ac.uk/vol1/fastq/SRR271/091/SRR27176791/SRR27176791_1.fastq.gz;ftp.sra.ebi.ac.uk/vol1/fastq/SRR271/091/SRR27176791/SRR27176791_2.fastq.gz	3a0548c67c541585c6d84aa636be64d3;0fc6b87e8521f375bc7e60d09f376452	112521926;112443452	112.3
SAMN38788847	GCF_034331165.1	PRJNA224116	Enterobacter spp.	Enterobacter asburiae	strain=2023CK-01510	61645	61645	2024-12-05	ASM3433116v2	https://ftp.ncbi.nlm.nih.gov/genomes/all/GCF/034/331/165/GCF_034331165.1_ASM3433116v2/	refseq	na	4903816	1	SRR27185908	PRJNA288601	Illumina MiSeq	RANDOM	573068	276145545	ftp.sra.ebi.ac.uk/vol1/fastq/SRR271/008/SRR27185908/SRR27185908_1.fastq.gz;ftp.sra.ebi.ac.uk/vol1/fastq/SRR271/008/SRR27185908/SRR27185908_2.fastq.gz	bad4163f4c80b149358a20c0b421aa1a;e2f6cc15b88a35ed9355d42a48e2b311	52356746;52408099	56.3
SAMN38999328	GCF_045924155.1	PRJNA224116	Enterococcus faecium	Enterococcus faecium	strain=C1293	1352	1352	2024-12-10	C1293	https://ftp.ncbi.nlm.nih.gov/genomes/all/GCF/045/924/155/GCF_045924155.1_C1293/	refseq	na	2848052	1	SRR28281497	PRJNA1055432	Illumina NovaSeq 6000	PCR	1883192	568723984	ftp.sra.ebi.ac.uk/vol1/fastq/SRR282/097/SRR28281497/SRR28281497_1.fastq.gz;ftp.sra.ebi.ac.uk/vol1/fastq/SRR282/097/SRR28281497/SRR28281497_2.fastq.gz	6182ccb7f1ad1edc5e8979beae6c2af2;b3acd39a4d0acecce2f2e37bd6821a66	145946843;152616639	199.7
SAMN38999337	GCF_045924105.1	PRJNA224116	Enterococcus faecium	Enterococcus faecium	strain=C1299	1352	1352	2024-12-10	C1299	https://ftp.ncbi.nlm.nih.gov/genomes/all/GCF/045/924/105/GCF_045924105.1_C1299/	refseq	na	2790004	1	SRR28281488	PRJNA1055432	Illumina NovaSeq 6000	PCR	6557996	1980514792	ftp.sra.ebi.ac.uk/vol1/fastq/SRR282/088/SRR28281488/SRR28281488_1.fastq.gz;ftp.sra.ebi.ac.uk/vol1/fastq/SRR282/088/SRR28281488/SRR28281488_2.fastq.gz	31263cf48ae712b7851efaac13766d34;7362f9ff6da56d1c312c686c823c5be1	488292742;505372878	709.9
SAMN38999338	GCF_045923915.1	PRJNA224116	Enterococcus faecium	Enterococcus faecium	strain=C1151	1352	1352	2024-12-10	C1151	https://ftp.ncbi.nlm.nih.gov/genomes/all/GCF/045/923/915/GCF_045923915.1_C1151/	refseq	na	3145209	1	SRR28281486	PRJNA1055432	Illumina NovaSeq 6000	PCR	12843206	3878648212	ftp.sra.ebi.ac.uk/vol1/fastq/SRR282/086/SRR28281486/SRR28281486_1.fastq.gz;ftp.sra.ebi.ac.uk/vol1/fastq/SRR282/086/SRR28281486/SRR28281486_2.fastq.gz	e6939b9d6b91511cf8e501caf21071eb;76d712326a2b5f3561f5de493fcc8da6	911929464;943820187	1233.2
SAMN39334901	GCF_035557615.1	PRJNA224116	Klebsiella pneumoniae	Klebsiella pneumoniae	strain=2023CK-01686	573	573	2024-04-02	ASM3555761v2	https://ftp.ncbi.nlm.nih.gov/genomes/all/GCF/035/557/615/GCF_035557615.1_ASM3555761v2/	refseq	na	5773763	1	SRR27482347	PRJNA288601	Illumina MiSeq	RANDOM	887115	425796570	ftp.sra.ebi.ac.uk/vol1/fastq/SRR274/047/SRR27482347/SRR27482347_1.fastq.gz;ftp.sra.ebi.ac.uk/vol1/fastq/SRR274/047/SRR27482347/SRR27482347_2.fastq.gz	6ce1ecda434ff0f36679381ba131b68e;bab5cf821a5e01a2ba56c922dcb14701	80433566;80507414	73.7
SAMN39334912	GCF_035556915.1	PRJNA224116	Enterobacter spp.	Enterobacter asburiae	strain=2024CK-00035	61645	61645	2024-03-31	ASM3555691v2	https://ftp.ncbi.nlm.nih.gov/genomes/all/GCF/035/556/915/GCF_035556915.1_ASM3555691v2/	refseq	na	4878836	1	SRR27482357	PRJNA288601	Illumina MiSeq	RANDOM	998824	476979793	ftp.sra.ebi.ac.uk/vol1/fastq/SRR274/057/SRR27482357/SRR27482357_1.fastq.gz;ftp.sra.ebi.ac.uk/vol1/fastq/SRR274/057/SRR27482357/SRR27482357_2.fastq.gz	9d39cad91e6ac997bbb3f6d150fb186d;f6547aee584c265263e73c058d8954fe	90263374;90336599	97.8
SAMN39455267	GCF_048965205.2	PRJNA224116	Klebsiella pneumoniae	Klebsiella pneumoniae	strain=HD10250	573	573	2025-10-21	ASM4896520v2	https://ftp.ncbi.nlm.nih.gov/genomes/all/GCF/048/965/205/GCF_048965205.2_ASM4896520v2/	refseq	na	5694291	1	SRR35758006	PRJNA1035291	Illumina NovaSeq 6000	ChIP	5272418	1581725400	ftp.sra.ebi.ac.uk/vol1/fastq/SRR357/006/SRR35758006/SRR35758006_1.fastq.gz;ftp.sra.ebi.ac.uk/vol1/fastq/SRR357/006/SRR35758006/SRR35758006_2.fastq.gz	985c33eab3e09edbfca74c1f898e307b;64bb33f24a7f33d6236cc611b144075c	370361135;378719077	277.8
SAMN39455295	GCF_048964095.2	PRJNA224116	Klebsiella pneumoniae	Klebsiella pneumoniae	strain=HD10315	573	573	2025-10-21	ASM4896409v2	https://ftp.ncbi.nlm.nih.gov/genomes/all/GCF/048/964/095/GCF_048964095.2_ASM4896409v2/	refseq	na	5734640	1	SRR35757975	PRJNA1035291	Illumina NovaSeq 6000	ChIP	6680460	2004138000	ftp.sra.ebi.ac.uk/vol1/fastq/SRR357/075/SRR35757975/SRR35757975_1.fastq.gz;ftp.sra.ebi.ac.uk/vol1/fastq/SRR357/075/SRR35757975/SRR35757975_2.fastq.gz	cb0eba943df24ed4bd2260ea2ca5530e;d6432f92d3fc3cc832deab99383a0596	460832019;471216512	349.5
SAMN39551818	GCF_043974055.1	PRJNA224116	Enterobacter spp.	Enterobacter cloacae	strain=ECC-003	550	550	2024-10-28	ASM4397405v1	https://ftp.ncbi.nlm.nih.gov/genomes/all/GCF/043/974/055/GCF_043974055.1_ASM4397405v1/	refseq	na	5220595	1	SRR38980054	PRJNA1067818	Illumina NovaSeq 6000	RANDOM	5320983	1596294900	ftp.sra.ebi.ac.uk/vol1/fastq/SRR389/054/SRR38980054/SRR38980054_1.fastq.gz;ftp.sra.ebi.ac.uk/vol1/fastq/SRR389/054/SRR38980054/SRR38980054_2.fastq.gz	659707fc0492ec5de63fdc4ed5f533f8;977b348aba9ea2559b8d44bbb5574202	358278468;379885107	305.8
SAMN39551819	GCF_043974655.1	PRJNA224116	Enterobacter spp.	Enterobacter hormaechei subsp. xiangfangensis	strain=ECC-005	1296536	158836	2024-10-28	ASM4397465v1	https://ftp.ncbi.nlm.nih.gov/genomes/all/GCF/043/974/655/GCF_043974655.1_ASM4397465v1/	refseq	na	5389545	1	SRR38980053	PRJNA1067818	Illumina NovaSeq 6000	RANDOM	5212561	1563768300	ftp.sra.ebi.ac.uk/vol1/fastq/SRR389/053/SRR38980053/SRR38980053_1.fastq.gz;ftp.sra.ebi.ac.uk/vol1/fastq/SRR389/053/SRR38980053/SRR38980053_2.fastq.gz	99ff7b56ab2dc66632b99ea952cf4f6f;c11f62789bd6b48d4812393b26748dc4	343014738;361846124	290.1
SAMN39551820	GCF_043973405.1	PRJNA224116	Enterobacter spp.	Enterobacter mori	strain=ECC-007	539813	539813	2024-10-28	ASM4397340v1	https://ftp.ncbi.nlm.nih.gov/genomes/all/GCF/043/973/405/GCF_043973405.1_ASM4397340v1/	refseq	na	4933667	1	SRR38980042	PRJNA1067818	Illumina NovaSeq 6000	RANDOM	4935764	1480729200	ftp.sra.ebi.ac.uk/vol1/fastq/SRR389/042/SRR38980042/SRR38980042_1.fastq.gz;ftp.sra.ebi.ac.uk/vol1/fastq/SRR389/042/SRR38980042/SRR38980042_2.fastq.gz	00e11ef773d51fac6318e46ed187cf80;3ea362329133c39bdf0d90ff312cef19	330266101;349945470	300.1
SAMN39551823	GCF_043973395.1	PRJNA224116	Enterobacter spp.	Enterobacter hormaechei	strain=ECC-026	158836	158836	2024-10-28	ASM4397339v1	https://ftp.ncbi.nlm.nih.gov/genomes/all/GCF/043/973/395/GCF_043973395.1_ASM4397339v1/	refseq	na	4742212	1	SRR38980009	PRJNA1067818	Illumina NovaSeq 6000	RANDOM	4715979	1414793700	ftp.sra.ebi.ac.uk/vol1/fastq/SRR389/009/SRR38980009/SRR38980009_1.fastq.gz;ftp.sra.ebi.ac.uk/vol1/fastq/SRR389/009/SRR38980009/SRR38980009_2.fastq.gz	b08f3186b22edbda47e7dd48c454925b;f3d126a7f1a77e62e491424035d2f394	318452368;338936809	298.3
SAMN39551824	GCF_043973385.1	PRJNA224116	Enterobacter spp.	Enterobacter hormaechei subsp. xiangfangensis	strain=ECC-039	1296536	158836	2024-10-28	ASM4397338v1	https://ftp.ncbi.nlm.nih.gov/genomes/all/GCF/043/973/385/GCF_043973385.1_ASM4397338v1/	refseq	na	4632983	1	SRR38979998	PRJNA1067818	Illumina NovaSeq 6000	RANDOM	5048016	1514404800	ftp.sra.ebi.ac.uk/vol1/fastq/SRR389/098/SRR38979998/SRR38979998_1.fastq.gz;ftp.sra.ebi.ac.uk/vol1/fastq/SRR389/098/SRR38979998/SRR38979998_2.fastq.gz	fb2caa1bac00851a09f09c7ed2b977c9;a78ba08d85f5f33d89a19dec1c6ea4ca	337618870;369028903	326.9
SAMN39551825	GCF_043972715.1	PRJNA224116	Enterobacter spp.	Enterobacter hormaechei subsp. xiangfangensis	strain=ECC-050	1296536	158836	2024-10-28	ASM4397271v1	https://ftp.ncbi.nlm.nih.gov/genomes/all/GCF/043/972/715/GCF_043972715.1_ASM4397271v1/	refseq	na	4923905	1	SRR38979987	PRJNA1067818	Illumina NovaSeq 6000	RANDOM	5733978	1720193400	ftp.sra.ebi.ac.uk/vol1/fastq/SRR389/087/SRR38979987/SRR38979987_1.fastq.gz;ftp.sra.ebi.ac.uk/vol1/fastq/SRR389/087/SRR38979987/SRR38979987_2.fastq.gz	17f8407a9a9be1e62ce83d05a70ed8f3;0aec2af300ba2fe6b69dcbcb5e5dda83	384418335;406360307	349.4
SAMN39551826	GCF_043974065.1	PRJNA224116	Enterobacter spp.	Enterobacter ludwigii	strain=ECC-051	299767	299767	2024-10-28	ASM4397406v1	https://ftp.ncbi.nlm.nih.gov/genomes/all/GCF/043/974/065/GCF_043974065.1_ASM4397406v1/	refseq	na	4907076	1	SRR38979976	PRJNA1067818	Illumina NovaSeq 6000	RANDOM	5387626	1616287800	ftp.sra.ebi.ac.uk/vol1/fastq/SRR389/076/SRR38979976/SRR38979976_1.fastq.gz;ftp.sra.ebi.ac.uk/vol1/fastq/SRR389/076/SRR38979976/SRR38979976_2.fastq.gz	989732f04d4f3fbe48e1459152077ca5;85c29c3cd33c4bbb0f7898287c9cadef	360667962;394317426	329.4
SAMN39551827	GCF_043972705.1	PRJNA224116	Enterobacter spp.	Enterobacter cloacae subsp. dissolvens	strain=ECC-068	69219	550	2024-10-28	ASM4397270v1	https://ftp.ncbi.nlm.nih.gov/genomes/all/GCF/043/972/705/GCF_043972705.1_ASM4397270v1/	refseq	na	5252967	1	SRR38979965	PRJNA1067818	Illumina NovaSeq 6000	RANDOM	5431507	1629452100	ftp.sra.ebi.ac.uk/vol1/fastq/SRR389/065/SRR38979965/SRR38979965_1.fastq.gz;ftp.sra.ebi.ac.uk/vol1/fastq/SRR389/065/SRR38979965/SRR38979965_2.fastq.gz	051eba3eed9c59c365f745fb35944310;30630dd07bcad4fec15534baaf12d68b	365948754;385513731	310.2
SAMN39551828	GCF_043972695.1	PRJNA224116	Enterobacter spp.	Enterobacter quasiroggenkampii	strain=ECC-072	2497436	2497436	2024-10-28	ASM4397269v1	https://ftp.ncbi.nlm.nih.gov/genomes/all/GCF/043/972/695/GCF_043972695.1_ASM4397269v1/	refseq	reference genome	4726897	1	SRR38980052	PRJNA1067818	Illumina NovaSeq 6000	RANDOM	4737624	1421287200	ftp.sra.ebi.ac.uk/vol1/fastq/SRR389/052/SRR38980052/SRR38980052_1.fastq.gz;ftp.sra.ebi.ac.uk/vol1/fastq/SRR389/052/SRR38980052/SRR38980052_2.fastq.gz	e236d96f6773ce1f8b41cb8b82c3628b;2cb3eab99c228de1ea62a6859821f673	316153041;339207797	300.7
SAMN39551830	GCF_043972035.1	PRJNA224116	Enterobacter spp.	Enterobacter kobei	strain=ECC-083	208224	208224	2024-10-28	ASM4397203v1	https://ftp.ncbi.nlm.nih.gov/genomes/all/GCF/043/972/035/GCF_043972035.1_ASM4397203v1/	refseq	na	4740490	1	SRR38980050	PRJNA1067818	Illumina NovaSeq 6000	RANDOM	4523483	1357044900	ftp.sra.ebi.ac.uk/vol1/fastq/SRR389/050/SRR38980050/SRR38980050_1.fastq.gz;ftp.sra.ebi.ac.uk/vol1/fastq/SRR389/050/SRR38980050/SRR38980050_2.fastq.gz	d86fa2d7dfb04219e0c077a08ef2f2cf;352305ebfe922d975e4d9ae38b0e008a	304902985;324506161	286.3
SAMN39551831	GCF_043972025.1	PRJNA224116	Enterobacter spp.	Enterobacter bugandensis	strain=ECC-090	881260	881260	2024-10-28	ASM4397202v1	https://ftp.ncbi.nlm.nih.gov/genomes/all/GCF/043/972/025/GCF_043972025.1_ASM4397202v1/	refseq	na	4712876	1	SRR38980049	PRJNA1067818	Illumina NovaSeq 6000	RANDOM	7246359	2173907700	ftp.sra.ebi.ac.uk/vol1/fastq/SRR389/049/SRR38980049/SRR38980049_1.fastq.gz;ftp.sra.ebi.ac.uk/vol1/fastq/SRR389/049/SRR38980049/SRR38980049_2.fastq.gz	b864279a0f48132fd31d52fd05099a99;716c3b2324d79da0004bbcb79b6f2332	492710272;520734823	461.3
SAMN39551832	GCF_043971375.1	PRJNA224116	Enterobacter spp.	Enterobacter chengduensis	strain=ECC-093	2494701	2494701	2024-10-28	ASM4397137v1	https://ftp.ncbi.nlm.nih.gov/genomes/all/GCF/043/971/375/GCF_043971375.1_ASM4397137v1/	refseq	na	5087745	1	SRR38980048	PRJNA1067818	Illumina NovaSeq 6000	RANDOM	4445932	1333779600	ftp.sra.ebi.ac.uk/vol1/fastq/SRR389/048/SRR38980048/SRR38980048_1.fastq.gz;ftp.sra.ebi.ac.uk/vol1/fastq/SRR389/048/SRR38980048/SRR38980048_2.fastq.gz	cf7bb890cec8a04781ba78a05d1ed79a;f7f34dfbcb054772a34331907d65c04b	298978128;314000128	262.2
SAMN39551833	GCF_043971365.1	PRJNA224116	Enterobacter spp.	Enterobacter bugandensis	strain=ECC-097	881260	881260	2024-10-28	ASM4397136v1	https://ftp.ncbi.nlm.nih.gov/genomes/all/GCF/043/971/365/GCF_043971365.1_ASM4397136v1/	refseq	na	4885375	1	SRR38980047	PRJNA1067818	Illumina NovaSeq 6000	RANDOM	4398147	1319444100	ftp.sra.ebi.ac.uk/vol1/fastq/SRR389/047/SRR38980047/SRR38980047_1.fastq.gz;ftp.sra.ebi.ac.uk/vol1/fastq/SRR389/047/SRR38980047/SRR38980047_2.fastq.gz	020e1913ac1c0004493527f03d129722;8331884726726542c86394e03c7de5a0	295163963;306588194	270.1
SAMN39551834	GCF_043971355.1	PRJNA224116	Enterobacter spp.	Enterobacter hormaechei subsp. xiangfangensis	strain=ECC-101	1296536	158836	2024-10-28	ASM4397135v1	https://ftp.ncbi.nlm.nih.gov/genomes/all/GCF/043/971/355/GCF_043971355.1_ASM4397135v1/	refseq	na	4747581	1	SRR38980046	PRJNA1067818	Illumina NovaSeq 6000	RANDOM	4731889	1419566700	ftp.sra.ebi.ac.uk/vol1/fastq/SRR389/046/SRR38980046/SRR38980046_1.fastq.gz;ftp.sra.ebi.ac.uk/vol1/fastq/SRR389/046/SRR38980046/SRR38980046_2.fastq.gz	b78509fa7f486954d23740556b206adf;a558dbe6e570352bd8589cbeb2c8adcb	320794357;339184868	299.0
SAMN39551836	GCF_043970695.1	PRJNA224116	Enterobacter spp.	Enterobacter hormaechei subsp. xiangfangensis	strain=ECC-103	1296536	158836	2024-10-28	ASM4397069v1	https://ftp.ncbi.nlm.nih.gov/genomes/all/GCF/043/970/695/GCF_043970695.1_ASM4397069v1/	refseq	na	4875030	1	SRR38980044	PRJNA1067818	Illumina NovaSeq 6000	RANDOM	4000184	1200055200	ftp.sra.ebi.ac.uk/vol1/fastq/SRR389/044/SRR38980044/SRR38980044_1.fastq.gz;ftp.sra.ebi.ac.uk/vol1/fastq/SRR389/044/SRR38980044/SRR38980044_2.fastq.gz	51c111d636eb6c16bd798461f0c5788d;911927d4c9122a9fd4cb1633475e467d	270576335;282042426	246.2
SAMN39551837	GCF_043970685.1	PRJNA224116	Enterobacter spp.	Enterobacter bugandensis	strain=ECC-105	881260	881260	2024-10-28	ASM4397068v1	https://ftp.ncbi.nlm.nih.gov/genomes/all/GCF/043/970/685/GCF_043970685.1_ASM4397068v1/	refseq	na	4695112	1	SRR38980043	PRJNA1067818	Illumina NovaSeq 6000	RANDOM	4538011	1361403300	ftp.sra.ebi.ac.uk/vol1/fastq/SRR389/043/SRR38980043/SRR38980043_1.fastq.gz;ftp.sra.ebi.ac.uk/vol1/fastq/SRR389/043/SRR38980043/SRR38980043_2.fastq.gz	d37b22cf02016e4af5380b7acc6a394c;ff81eeca145e9d0098c81360d2866631	307487135;322205031	290.0
SAMN39551838	GCF_043970035.1	PRJNA224116	Enterobacter spp.	Enterobacter hormaechei subsp. xiangfangensis	strain=ECC-113	1296536	158836	2024-10-28	ASM4397003v1	https://ftp.ncbi.nlm.nih.gov/genomes/all/GCF/043/970/035/GCF_043970035.1_ASM4397003v1/	refseq	na	4786132	1	SRR38980041	PRJNA1067818	Illumina NovaSeq 6000	RANDOM	4192416	1257724800	ftp.sra.ebi.ac.uk/vol1/fastq/SRR389/041/SRR38980041/SRR38980041_1.fastq.gz;ftp.sra.ebi.ac.uk/vol1/fastq/SRR389/041/SRR38980041/SRR38980041_2.fastq.gz	64e127bbd4da718b7e9ae9f919946cfe;756e7a40f9dcc0b4ca0bd24f19f821a2	284773113;298012506	262.8
SAMN39551839	GCF_043970025.1	PRJNA224116	Enterobacter spp.	Enterobacter soli	strain=ECC-115	885040	885040	2024-10-28	ASM4397002v1	https://ftp.ncbi.nlm.nih.gov/genomes/all/GCF/043/970/025/GCF_043970025.1_ASM4397002v1/	refseq	na	5684917	1	SRR38980040	PRJNA1067818	Illumina NovaSeq 6000	RANDOM	4336663	1300998900	ftp.sra.ebi.ac.uk/vol1/fastq/SRR389/040/SRR38980040/SRR38980040_1.fastq.gz;ftp.sra.ebi.ac.uk/vol1/fastq/SRR389/040/SRR38980040/SRR38980040_2.fastq.gz	6a8f7f178a3157a6acb73b0e40b03a3a;a90a55887a21d93b96bc2ad72258f967	294163282;307086236	228.9
SAMN39551840	GCF_043970015.1	PRJNA224116	Enterobacter spp.	Enterobacter hormaechei subsp. xiangfangensis	strain=ECC-124	1296536	158836	2024-10-28	ASM4397001v1	https://ftp.ncbi.nlm.nih.gov/genomes/all/GCF/043/970/015/GCF_043970015.1_ASM4397001v1/	refseq	na	4589215	1	SRR38980039	PRJNA1067818	Illumina NovaSeq 6000	RANDOM	5456382	1636914600	ftp.sra.ebi.ac.uk/vol1/fastq/SRR389/039/SRR38980039/SRR38980039_1.fastq.gz;ftp.sra.ebi.ac.uk/vol1/fastq/SRR389/039/SRR38980039/SRR38980039_2.fastq.gz	96b84c634cd8a3c0c078f7c4b3c42aeb;f951ee7a2acf893d637632865a95ca58	371507877;387254875	356.7
SAMN39551842	GCF_043969355.1	PRJNA224116	Enterobacter spp.	Enterobacter kobei	strain=ECC-142	208224	208224	2024-10-28	ASM4396935v1	https://ftp.ncbi.nlm.nih.gov/genomes/all/GCF/043/969/355/GCF_043969355.1_ASM4396935v1/	refseq	na	4694147	1	SRR38980037	PRJNA1067818	Illumina NovaSeq 6000	RANDOM	4120757	1236227100	ftp.sra.ebi.ac.uk/vol1/fastq/SRR389/037/SRR38980037/SRR38980037_1.fastq.gz;ftp.sra.ebi.ac.uk/vol1/fastq/SRR389/037/SRR38980037/SRR38980037_2.fastq.gz	5fd74d69e462d2faa5fa15a13aa83183;d90a059dfc8a0f1e01662fe39bb60d91	279650417;297607042	263.4
SAMN39551845	GCF_043968685.1	PRJNA224116	Enterobacter spp.	Enterobacter hormaechei subsp. xiangfangensis	strain=ECC-162	1296536	158836	2024-10-28	ASM4396868v1	https://ftp.ncbi.nlm.nih.gov/genomes/all/GCF/043/968/685/GCF_043968685.1_ASM4396868v1/	refseq	na	4912081	1	SRR38980034	PRJNA1067818	Illumina NovaSeq 6000	RANDOM	5024135	1507240500	ftp.sra.ebi.ac.uk/vol1/fastq/SRR389/034/SRR38980034/SRR38980034_1.fastq.gz;ftp.sra.ebi.ac.uk/vol1/fastq/SRR389/034/SRR38980034/SRR38980034_2.fastq.gz	454acd8ee6d5463f2582bbbf29958166;846f512efe92b60434cbf5edc97c7d0e	338524203;357499587	306.8
SAMN39551846	GCF_043968675.1	PRJNA224116	Enterobacter spp.	Enterobacter sp. ECC-175	strain=ECC-175	3116479	3116479	2024-10-28	ASM4396867v1	https://ftp.ncbi.nlm.nih.gov/genomes/all/GCF/043/968/675/GCF_043968675.1_ASM4396867v1/	refseq	na	4603544	1	SRR38980033	PRJNA1067818	Illumina NovaSeq 6000	RANDOM	5107516	1532254800	ftp.sra.ebi.ac.uk/vol1/fastq/SRR389/033/SRR38980033/SRR38980033_1.fastq.gz;ftp.sra.ebi.ac.uk/vol1/fastq/SRR389/033/SRR38980033/SRR38980033_2.fastq.gz	fe6ee85f46479efa446cc772f8fe6857;9f31a5acb722227c59bd1e380bfe9834	340295448;366563717	332.8
SAMN39551848	GCF_043968015.1	PRJNA224116	Enterobacter spp.	Enterobacter roggenkampii	strain=ECC-180	1812935	1812935	2024-10-28	ASM4396801v1	https://ftp.ncbi.nlm.nih.gov/genomes/all/GCF/043/968/015/GCF_043968015.1_ASM4396801v1/	refseq	na	4700235	1	SRR38980030	PRJNA1067818	Illumina NovaSeq 6000	RANDOM	5060872	1518261600	ftp.sra.ebi.ac.uk/vol1/fastq/SRR389/030/SRR38980030/SRR38980030_1.fastq.gz;ftp.sra.ebi.ac.uk/vol1/fastq/SRR389/030/SRR38980030/SRR38980030_2.fastq.gz	844340e1ebc23a49744085d019520fde;4b6f6a4ef54aa34bcc6bf08a70aad6b5	335959984;364590170	323.0
SAMN39551849	GCF_043968005.1	PRJNA224116	Enterobacter spp.	Enterobacter hormaechei subsp. xiangfangensis	strain=ECC-181	1296536	158836	2024-10-28	ASM4396800v1	https://ftp.ncbi.nlm.nih.gov/genomes/all/GCF/043/968/005/GCF_043968005.1_ASM4396800v1/	refseq	na	4757620	1	SRR38980029	PRJNA1067818	Illumina NovaSeq 6000	RANDOM	5126647	1537994100	ftp.sra.ebi.ac.uk/vol1/fastq/SRR389/029/SRR38980029/SRR38980029_1.fastq.gz;ftp.sra.ebi.ac.uk/vol1/fastq/SRR389/029/SRR38980029/SRR38980029_2.fastq.gz	cfade3ef2feebe1a04a4fcdcd62484f2;46307867f8d9826372d29ff895eacedc	345472161;365375795	323.3
SAMN39551850	GCF_043967515.1	PRJNA224116	Enterobacter spp.	Enterobacter hormaechei subsp. xiangfangensis	strain=ECC-182	1296536	158836	2024-10-28	ASM4396751v1	https://ftp.ncbi.nlm.nih.gov/genomes/all/GCF/043/967/515/GCF_043967515.1_ASM4396751v1/	refseq	na	4775685	1	SRR38980028	PRJNA1067818	Illumina NovaSeq 6000	RANDOM	3742657	1122797100	ftp.sra.ebi.ac.uk/vol1/fastq/SRR389/028/SRR38980028/SRR38980028_1.fastq.gz;ftp.sra.ebi.ac.uk/vol1/fastq/SRR389/028/SRR38980028/SRR38980028_2.fastq.gz	aed823fe3d0d06c3586c0c61e68c6813;0aad61ad14fbdbd009b7292e8f3feeeb	252118633;266801015	235.1
SAMN39551851	GCF_043967505.1	PRJNA224116	Enterobacter spp.	Enterobacter bugandensis	strain=ECC-190	881260	881260	2024-10-28	ASM4396750v1	https://ftp.ncbi.nlm.nih.gov/genomes/all/GCF/043/967/505/GCF_043967505.1_ASM4396750v1/	refseq	na	4757349	1	SRR38980027	PRJNA1067818	Illumina NovaSeq 6000	RANDOM	4761721	1428516300	ftp.sra.ebi.ac.uk/vol1/fastq/SRR389/027/SRR38980027/SRR38980027_1.fastq.gz;ftp.sra.ebi.ac.uk/vol1/fastq/SRR389/027/SRR38980027/SRR38980027_2.fastq.gz	d20fc3f3a172870e68e86b32c7525182;961edf2f5ec740279b5044cacb4d87ac	315401900;331344267	300.3
SAMN39551853	GCF_043966825.1	PRJNA224116	Enterobacter spp.	Enterobacter bugandensis	strain=ECC-209	881260	881260	2024-10-28	ASM4396682v1	https://ftp.ncbi.nlm.nih.gov/genomes/all/GCF/043/966/825/GCF_043966825.1_ASM4396682v1/	refseq	na	4819014	1	SRR38980025	PRJNA1067818	Illumina NovaSeq 6000	RANDOM	4795676	1438702800	ftp.sra.ebi.ac.uk/vol1/fastq/SRR389/025/SRR38980025/SRR38980025_1.fastq.gz;ftp.sra.ebi.ac.uk/vol1/fastq/SRR389/025/SRR38980025/SRR38980025_2.fastq.gz	10b7938c0491141a1980561a4344bc47;d3dbff22d485ec7113dc91bf14b1fbb4	316123789;338247352	298.5
SAMN39551854	GCF_043966805.1	PRJNA224116	Enterobacter spp.	Enterobacter sp. ECC-219	strain=ECC-219	3116480	3116480	2024-10-28	ASM4396680v1	https://ftp.ncbi.nlm.nih.gov/genomes/all/GCF/043/966/805/GCF_043966805.1_ASM4396680v1/	refseq	na	5027913	1	SRR38980024	PRJNA1067818	Illumina NovaSeq 6000	RANDOM	3898776	1169632800	ftp.sra.ebi.ac.uk/vol1/fastq/SRR389/024/SRR38980024/SRR38980024_1.fastq.gz;ftp.sra.ebi.ac.uk/vol1/fastq/SRR389/024/SRR38980024/SRR38980024_2.fastq.gz	a846d85306a8df73dd10cb74f3f07e02;ba02a09e5ace611617d380a77bd0901e	258441598;273841975	232.6
SAMN39551855	GCF_043966785.1	PRJNA224116	Enterobacter spp.	Enterobacter hormaechei subsp. xiangfangensis	strain=ECC-228	1296536	158836	2024-10-28	ASM4396678v1	https://ftp.ncbi.nlm.nih.gov/genomes/all/GCF/043/966/785/GCF_043966785.1_ASM4396678v1/	refseq	na	4924521	1	SRR38980023	PRJNA1067818	Illumina NovaSeq 6000	RANDOM	4558534	1367560200	ftp.sra.ebi.ac.uk/vol1/fastq/SRR389/023/SRR38980023/SRR38980023_1.fastq.gz;ftp.sra.ebi.ac.uk/vol1/fastq/SRR389/023/SRR38980023/SRR38980023_2.fastq.gz	80a107678311cf092c69acb5e2cdb24b;4848b1615c3a81fa514611ac1bfedf3f	304552763;322731931	277.7
SAMN39551857	GCF_043966005.1	PRJNA224116	Enterobacter spp.	Enterobacter hormaechei subsp. xiangfangensis	strain=ECC-239	1296536	158836	2024-10-28	ASM4396600v1	https://ftp.ncbi.nlm.nih.gov/genomes/all/GCF/043/966/005/GCF_043966005.1_ASM4396600v1/	refseq	na	5607467	1	SRR38980021	PRJNA1067818	Illumina NovaSeq 6000	RANDOM	3378753	1013625900	ftp.sra.ebi.ac.uk/vol1/fastq/SRR389/021/SRR38980021/SRR38980021_1.fastq.gz;ftp.sra.ebi.ac.uk/vol1/fastq/SRR389/021/SRR38980021/SRR38980021_2.fastq.gz	0632e6ab72fdaddb69d2cfdac5e5dc04;ca8470512694374bb1b4bd9cb48bd284	222051932;237635770	180.8
SAMN39551858	GCF_043965975.1	PRJNA224116	Enterobacter spp.	Enterobacter roggenkampii	strain=ECC-247	1812935	1812935	2024-10-28	ASM4396597v1	https://ftp.ncbi.nlm.nih.gov/genomes/all/GCF/043/965/975/GCF_043965975.1_ASM4396597v1/	refseq	na	4942991	1	SRR38980019	PRJNA1067818	Illumina NovaSeq 6000	RANDOM	5130401	1539120300	ftp.sra.ebi.ac.uk/vol1/fastq/SRR389/019/SRR38980019/SRR38980019_1.fastq.gz;ftp.sra.ebi.ac.uk/vol1/fastq/SRR389/019/SRR38980019/SRR38980019_2.fastq.gz	8c7631c5c81acabd0590f0e217ae54ce;e9a39043ac10be4f504e9ecec8515a24	334306818;357708318	311.4
SAMN39551859	GCF_043965265.1	PRJNA224116	Enterobacter spp.	Enterobacter sp. ECC-249	strain=ECC-249	3116481	3116481	2024-10-28	ASM4396526v1	https://ftp.ncbi.nlm.nih.gov/genomes/all/GCF/043/965/265/GCF_043965265.1_ASM4396526v1/	refseq	na	4762192	1	SRR38980018	PRJNA1067818	Illumina NovaSeq 6000	RANDOM	5153623	1546086900	ftp.sra.ebi.ac.uk/vol1/fastq/SRR389/018/SRR38980018/SRR38980018_1.fastq.gz;ftp.sra.ebi.ac.uk/vol1/fastq/SRR389/018/SRR38980018/SRR38980018_2.fastq.gz	bd868f328376a2ac4485ad0db28f1697;bd8b3f7268ac011be1a311fcdf099007	335477943;355312555	324.7
SAMN39551860	GCF_043965215.1	PRJNA224116	Enterobacter spp.	Enterobacter asburiae	strain=ECC-253	61645	61645	2024-10-28	ASM4396521v1	https://ftp.ncbi.nlm.nih.gov/genomes/all/GCF/043/965/215/GCF_043965215.1_ASM4396521v1/	refseq	na	4717086	1	SRR38980017	PRJNA1067818	Illumina NovaSeq 6000	RANDOM	5443894	1633168200	ftp.sra.ebi.ac.uk/vol1/fastq/SRR389/017/SRR38980017/SRR38980017_1.fastq.gz;ftp.sra.ebi.ac.uk/vol1/fastq/SRR389/017/SRR38980017/SRR38980017_2.fastq.gz	e4de6f155222c0f6f8ad69131e59117f;731287dbfb102ea30a203762df1ed7c2	357280639;378172299	346.2
SAMN39551861	GCF_043965205.1	PRJNA224116	Enterobacter spp.	Enterobacter hormaechei subsp. xiangfangensis	strain=ECC-257	1296536	158836	2024-10-28	ASM4396520v1	https://ftp.ncbi.nlm.nih.gov/genomes/all/GCF/043/965/205/GCF_043965205.1_ASM4396520v1/	refseq	na	5229195	1	SRR38980016	PRJNA1067818	Illumina NovaSeq 6000	RANDOM	5591698	1677509400	ftp.sra.ebi.ac.uk/vol1/fastq/SRR389/016/SRR38980016/SRR38980016_1.fastq.gz;ftp.sra.ebi.ac.uk/vol1/fastq/SRR389/016/SRR38980016/SRR38980016_2.fastq.gz	7655ff7723236dc8f783eab5cd34ec9c;0db6508b09723542a49cf2d29415ecd8	363394743;389855868	320.8
SAMN39551862	GCF_043964395.1	PRJNA224116	Enterobacter spp.	Enterobacter sichuanensis	strain=ECC-263	2071710	2071710	2024-10-28	ASM4396439v1	https://ftp.ncbi.nlm.nih.gov/genomes/all/GCF/043/964/395/GCF_043964395.1_ASM4396439v1/	refseq	na	5009678	1	SRR38980015	PRJNA1067818	Illumina NovaSeq 6000	RANDOM	4738415	1421524500	ftp.sra.ebi.ac.uk/vol1/fastq/SRR389/015/SRR38980015/SRR38980015_1.fastq.gz;ftp.sra.ebi.ac.uk/vol1/fastq/SRR389/015/SRR38980015/SRR38980015_2.fastq.gz	52343e0cee6177ca5ddf64f551923bd1;178e28f241e58abd3f29f3203661a58b	318698752;339845791	283.8
SAMN39595401	GCF_036080935.1	PRJNA224116	Enterobacter spp.	Enterobacter hormaechei	strain=2024CK-00066	158836	158836	2024-03-31	ASM3608093v2	https://ftp.ncbi.nlm.nih.gov/genomes/all/GCF/036/080/935/GCF_036080935.1_ASM3608093v2/	refseq	na	4796397	1	SRR27710329	PRJNA288601	Illumina MiSeq	RANDOM	1173896	556035142	ftp.sra.ebi.ac.uk/vol1/fastq/SRR277/029/SRR27710329/SRR27710329_1.fastq.gz;ftp.sra.ebi.ac.uk/vol1/fastq/SRR277/029/SRR27710329/SRR27710329_2.fastq.gz	db7310e3b2be2a4d4f2967d303fb9ca9;6755191cb95e6f91e216767bdb1aa7c9	105475593;105653434	115.9
SAMN39595402	GCF_037890715.1	PRJNA224116	Klebsiella pneumoniae	Klebsiella pneumoniae	strain=2024CK-00065	573	573	2024-03-28	ASM3789071v1	https://ftp.ncbi.nlm.nih.gov/genomes/all/GCF/037/890/715/GCF_037890715.1_ASM3789071v1/	refseq	na	5705106	1	SRR27710328	PRJNA288601	Illumina MiSeq	RANDOM	1069092	507227267	ftp.sra.ebi.ac.uk/vol1/fastq/SRR277/028/SRR27710328/SRR27710328_1.fastq.gz;ftp.sra.ebi.ac.uk/vol1/fastq/SRR277/028/SRR27710328/SRR27710328_2.fastq.gz	2494830056a0421bac803f942c74c5c7;de77c8d2bc0ea80ec79a86a6daf2af27	95974613;96141729	88.9
SAMN39634308	GCF_036352235.1	PRJNA224116	Enterococcus faecalis	Enterococcus faecalis	strain=IDRL-7538	1351	1351	2024-02-04	ASM3635223v1	https://ftp.ncbi.nlm.nih.gov/genomes/all/GCF/036/352/235/GCF_036352235.1_ASM3635223v1/	refseq	na	3161211	1	SRR27764009	PRJNA1069998	Illumina MiSeq	other	2046501	894628669	ftp.sra.ebi.ac.uk/vol1/fastq/SRR277/009/SRR27764009/SRR27764009_1.fastq.gz;ftp.sra.ebi.ac.uk/vol1/fastq/SRR277/009/SRR27764009/SRR27764009_2.fastq.gz	e371087c33b3e257615dfe74083b6ac3;e48e036abef54633bfb67959159d4229	172447335;172464371	283.0
SAMN39634309	GCF_036352195.1	PRJNA224116	Enterococcus faecalis	Enterococcus faecalis	strain=IDRL-7639	1351	1351	2024-02-04	ASM3635219v1	https://ftp.ncbi.nlm.nih.gov/genomes/all/GCF/036/352/195/GCF_036352195.1_ASM3635219v1/	refseq	na	2652177	1	SRR27764008	PRJNA1069998	Illumina MiSeq	other	2313303	1036640258	ftp.sra.ebi.ac.uk/vol1/fastq/SRR277/008/SRR27764008/SRR27764008_1.fastq.gz;ftp.sra.ebi.ac.uk/vol1/fastq/SRR277/008/SRR27764008/SRR27764008_2.fastq.gz	cbb5dcb3d2c012a58db809f039ead25a;7fc09519950603bc3f94317a6093b0fa	198501219;198823248	390.9
SAMN39634310	GCF_036352215.1	PRJNA224116	Enterococcus faecalis	Enterococcus faecalis	strain=IDRL-9065	1351	1351	2024-02-04	ASM3635221v1	https://ftp.ncbi.nlm.nih.gov/genomes/all/GCF/036/352/215/GCF_036352215.1_ASM3635221v1/	refseq	na	3105522	1	SRR27764007	PRJNA1069998	Illumina MiSeq	other	2777289	1127260812	ftp.sra.ebi.ac.uk/vol1/fastq/SRR277/007/SRR27764007/SRR27764007_1.fastq.gz;ftp.sra.ebi.ac.uk/vol1/fastq/SRR277/007/SRR27764007/SRR27764007_2.fastq.gz	1ebd4468490c7d974b6560a977745537;7f7432a7d175987b3cb1b50c7727cc79	220704989;220863892	363.0
SAMN39724754	GCF_037024385.1	PRJNA224116	Klebsiella pneumoniae	Klebsiella pneumoniae	strain=kp2	573	573	2024-03-05	ASM3702438v1	https://ftp.ncbi.nlm.nih.gov/genomes/all/GCF/037/024/385/GCF_037024385.1_ASM3702438v1/	refseq	na	5690732	1	SRR27830835	PRJNA1072014	Illumina HiSeq 2000	RANDOM	4338945	1310361390	ftp.sra.ebi.ac.uk/vol1/fastq/SRR278/035/SRR27830835/SRR27830835_1.fastq.gz;ftp.sra.ebi.ac.uk/vol1/fastq/SRR278/035/SRR27830835/SRR27830835_2.fastq.gz	91e2784fcbd487773066e31a4f689e18;eb425b6ef6373781f75bde61c9162658	239422935;239610946	230.3
SAMN39724755	GCF_037024355.1	PRJNA224116	Klebsiella pneumoniae	Klebsiella pneumoniae	strain=kp3	573	573	2024-03-05	ASM3702435v1	https://ftp.ncbi.nlm.nih.gov/genomes/all/GCF/037/024/355/GCF_037024355.1_ASM3702435v1/	refseq	na	5702694	1	SRR27830834	PRJNA1072014	Illumina HiSeq 2000	RANDOM	4204090	1269635180	ftp.sra.ebi.ac.uk/vol1/fastq/SRR278/034/SRR27830834/SRR27830834_1.fastq.gz;ftp.sra.ebi.ac.uk/vol1/fastq/SRR278/034/SRR27830834/SRR27830834_2.fastq.gz	413aab4a1404d792e8f7d1ac2267aad1;1e5dbd891baa10a4d9319c2b04acdb73	233333386;233607496	222.6
SAMN39724756	GCF_037024345.1	PRJNA224116	Klebsiella pneumoniae	Klebsiella pneumoniae	strain=kp4	573	573	2024-03-05	ASM3702434v1	https://ftp.ncbi.nlm.nih.gov/genomes/all/GCF/037/024/345/GCF_037024345.1_ASM3702434v1/	refseq	na	5704174	1	SRR27830833	PRJNA1072014	Illumina HiSeq 2000	RANDOM	4231409	1277885518	ftp.sra.ebi.ac.uk/vol1/fastq/SRR278/033/SRR27830833/SRR27830833_1.fastq.gz;ftp.sra.ebi.ac.uk/vol1/fastq/SRR278/033/SRR27830833/SRR27830833_2.fastq.gz	12bd9d0a95314a14d306b3022350e5c2;6f98b66b9ceb1db39f8f232c29599661	235347883;235478925	224.0
SAMN39724757	GCF_037024335.1	PRJNA224116	Klebsiella pneumoniae	Klebsiella pneumoniae	strain=KP6	573	573	2024-03-05	ASM3702433v1	https://ftp.ncbi.nlm.nih.gov/genomes/all/GCF/037/024/335/GCF_037024335.1_ASM3702433v1/	refseq	na	5701080	1	SRR27830832	PRJNA1072014	Illumina HiSeq 2000	RANDOM	4466827	1348981754	ftp.sra.ebi.ac.uk/vol1/fastq/SRR278/032/SRR27830832/SRR27830832_1.fastq.gz;ftp.sra.ebi.ac.uk/vol1/fastq/SRR278/032/SRR27830832/SRR27830832_2.fastq.gz	397bf88d2df928aa2e49ab62f90e7ed0;06ae8aa1228c9bd7d446b1aa4ceaaa6f	248065517;248399583	236.6
SAMN39724758	GCF_037024325.1	PRJNA224116	Klebsiella pneumoniae	Klebsiella pneumoniae	strain=Kp7	573	573	2024-03-05	ASM3702432v1	https://ftp.ncbi.nlm.nih.gov/genomes/all/GCF/037/024/325/GCF_037024325.1_ASM3702432v1/	refseq	na	5708406	1	SRR27830831	PRJNA1072014	Illumina HiSeq 2000	RANDOM	4328087	1307082274	ftp.sra.ebi.ac.uk/vol1/fastq/SRR278/031/SRR27830831/SRR27830831_1.fastq.gz;ftp.sra.ebi.ac.uk/vol1/fastq/SRR278/031/SRR27830831/SRR27830831_2.fastq.gz	e3484ae2aab6e1245c789686e61c669a;ad4d8b20b6a72a75cb4d41e7791eb37f	241767911;241999080	229.0
SAMN39724759	GCF_037024275.1	PRJNA224116	Klebsiella pneumoniae	Klebsiella pneumoniae	strain=kp8	573	573	2024-03-05	ASM3702427v1	https://ftp.ncbi.nlm.nih.gov/genomes/all/GCF/037/024/275/GCF_037024275.1_ASM3702427v1/	refseq	na	5709714	1	SRR27830830	PRJNA1072014	Illumina HiSeq 2000	RANDOM	4068962	1228826524	ftp.sra.ebi.ac.uk/vol1/fastq/SRR278/030/SRR27830830/SRR27830830_1.fastq.gz;ftp.sra.ebi.ac.uk/vol1/fastq/SRR278/030/SRR27830830/SRR27830830_2.fastq.gz	195d062dffd889e35e35e665312459b0;086f9a5a03fe0294851bac2805bf238a	226710757;226919337	215.2
SAMN39724760	GCF_037024245.1	PRJNA224116	Klebsiella pneumoniae	Klebsiella pneumoniae	strain=Kp9	573	573	2024-03-05	ASM3702424v1	https://ftp.ncbi.nlm.nih.gov/genomes/all/GCF/037/024/245/GCF_037024245.1_ASM3702424v1/	refseq	na	5707516	1	SRR27830829	PRJNA1072014	Illumina HiSeq 2000	RANDOM	4385215	1324334930	ftp.sra.ebi.ac.uk/vol1/fastq/SRR278/029/SRR27830829/SRR27830829_1.fastq.gz;ftp.sra.ebi.ac.uk/vol1/fastq/SRR278/029/SRR27830829/SRR27830829_2.fastq.gz	f3179c787f8f89d282c06e36be6573e9;0769524f06e4ac4bc2774983ba8b7bf7	243344326;243647024	232.0
SAMN39724761	GCF_037024235.1	PRJNA224116	Klebsiella pneumoniae	Klebsiella pneumoniae	strain=kp10	573	573	2024-03-05	ASM3702423v1	https://ftp.ncbi.nlm.nih.gov/genomes/all/GCF/037/024/235/GCF_037024235.1_ASM3702423v1/	refseq	na	5706426	1	SRR27830828	PRJNA1072014	Illumina HiSeq 2000	RANDOM	3849743	1162622386	ftp.sra.ebi.ac.uk/vol1/fastq/SRR278/028/SRR27830828/SRR27830828_1.fastq.gz;ftp.sra.ebi.ac.uk/vol1/fastq/SRR278/028/SRR27830828/SRR27830828_2.fastq.gz	5770506673057b1fc9d6c5052fbfd6f1;47a695a652fb16c89d78dbbf2218bb52	206825351;207592812	203.7
SAMN39724762	GCF_037024145.1	PRJNA224116	Klebsiella pneumoniae	Klebsiella pneumoniae	strain=kp13	573	573	2024-03-05	ASM3702414v1	https://ftp.ncbi.nlm.nih.gov/genomes/all/GCF/037/024/145/GCF_037024145.1_ASM3702414v1/	refseq	na	5682871	1	SRR27830827	PRJNA1072014	Illumina HiSeq 2000	RANDOM	4743166	1432436132	ftp.sra.ebi.ac.uk/vol1/fastq/SRR278/027/SRR27830827/SRR27830827_1.fastq.gz;ftp.sra.ebi.ac.uk/vol1/fastq/SRR278/027/SRR27830827/SRR27830827_2.fastq.gz	48aaa6c4cfafed5ac0a3a7078ee9cbbe;155bb33353d7f1fc5a9916b356cfb14a	263233345;263643876	252.1
SAMN39725114	GCF_036542045.1	PRJNA224116	Klebsiella pneumoniae	Klebsiella pneumoniae	strain=KPN3866	573	573	2024-02-11	ASM3654204v1	https://ftp.ncbi.nlm.nih.gov/genomes/all/GCF/036/542/045/GCF_036542045.1_ASM3654204v1/	refseq	na	5390822	1	SRR27842369	PRJNA1072026	Illumina iSeq 100	PCR	1330917	401936934	ftp.sra.ebi.ac.uk/vol1/fastq/SRR278/069/SRR27842369/SRR27842369_1.fastq.gz;ftp.sra.ebi.ac.uk/vol1/fastq/SRR278/069/SRR27842369/SRR27842369_2.fastq.gz	ef060dc4ec5eed0c10fa65c3ed9650eb;cf516976da3857b1b26891c330a9e64a	74927022;74892575	74.6
SAMN39841886	GCF_059932995.1	PRJNA224116	Klebsiella pneumoniae	Klebsiella pneumoniae	strain=01A16CRGN003	573	573	2026-08-07	ASM5993299v1	https://ftp.ncbi.nlm.nih.gov/genomes/all/GCF/059/932/995/GCF_059932995.1_ASM5993299v1/	refseq	na	5598119	1	SRR27886161	PRJNA855907	Illumina MiSeq	RANDOM	778804	330365705	ftp.sra.ebi.ac.uk/vol1/fastq/SRR278/061/SRR27886161/SRR27886161_1.fastq.gz;ftp.sra.ebi.ac.uk/vol1/fastq/SRR278/061/SRR27886161/SRR27886161_2.fastq.gz	24590b044bb2b5ef091239a7c7d9ac0d;fffc546da3913c7c1b2dcdf6df51d02b	137798186;112099771	59.0
SAMN39841913	GCF_055901135.1	PRJNA224116	Klebsiella pneumoniae	Klebsiella pneumoniae	strain=04A18CPO002B	573	573	2026-03-15	ASM5590113v1	https://ftp.ncbi.nlm.nih.gov/genomes/all/GCF/055/901/135/GCF_055901135.1_ASM5590113v1/	refseq	na	5548724	1	SRR27886084	PRJNA855907	Illumina MiSeq	RANDOM	561017	269359925	ftp.sra.ebi.ac.uk/vol1/fastq/SRR278/084/SRR27886084/SRR27886084_1.fastq.gz;ftp.sra.ebi.ac.uk/vol1/fastq/SRR278/084/SRR27886084/SRR27886084_2.fastq.gz	5e372b4ac05afec07c2319120acce196;a847a8a0b93cb090926ee5b44c1c6813	95866164;87077637	48.5
SAMN39842022	GCF_055901475.1	PRJNA224116	Citrobacter spp.	Citrobacter freundii	strain=29A21CPO004	546	546	2026-03-15	ASM5590147v1	https://ftp.ncbi.nlm.nih.gov/genomes/all/GCF/055/901/475/GCF_055901475.1_ASM5590147v1/	refseq	na	5376230	1	SRR27886127	PRJNA855907	Illumina MiSeq	RANDOM	1649533	424824822	ftp.sra.ebi.ac.uk/vol1/fastq/SRR278/027/SRR27886127/SRR27886127_1.fastq.gz;ftp.sra.ebi.ac.uk/vol1/fastq/SRR278/027/SRR27886127/SRR27886127_2.fastq.gz	f7fdb1fde1ef6f99e658b7077a6c3705;ae1b2c86a4ee28fab766f4a9d42b9086	136492187;137913073	79.0
SAMN39888444	GCF_036689605.1	PRJNA224116	Enterococcus faecalis	Enterococcus faecalis	strain=HRH46	1351	1351	2024-02-18	ASM3668960v1	https://ftp.ncbi.nlm.nih.gov/genomes/all/GCF/036/689/605/GCF_036689605.1_ASM3668960v1/	refseq	na	3088074	1	SRR27916213	PRJNA1049017	Illumina NovaSeq 6000	RANDOM	4224213	1241005550	ftp.sra.ebi.ac.uk/vol1/fastq/SRR279/013/SRR27916213/SRR27916213_1.fastq.gz;ftp.sra.ebi.ac.uk/vol1/fastq/SRR279/013/SRR27916213/SRR27916213_2.fastq.gz	2c93904ed47ab6ff4d72160b6504cc10;642eef3fdb146c46020e9a9c513ba67b	234280998;233404288	401.9
SAMN39939912	GCF_036793375.1	PRJNA224116	Enterococcus faecalis	Enterococcus faecalis	strain=N23-3408	1351	1351	2024-02-22	ASM3679337v1	https://ftp.ncbi.nlm.nih.gov/genomes/all/GCF/036/793/375/GCF_036793375.1_ASM3679337v1/	refseq	na	2863896	1	SRR27962679	PRJNA1076362	Illumina MiniSeq	RANDOM	1042402	309912327	ftp.sra.ebi.ac.uk/vol1/fastq/SRR279/079/SRR27962679/SRR27962679_1.fastq.gz;ftp.sra.ebi.ac.uk/vol1/fastq/SRR279/079/SRR27962679/SRR27962679_2.fastq.gz	d95b6b5a0b6ad6bc792b042f92c133d3;158cc35a9d1aa15063ada7d8baa6bf5d	62901135;62878249	108.2
SAMN39998258	GCF_036760465.1	PRJNA224116	Serratia spp.	Serratia marcescens	strain=2024CK-00127	615	615	2024-04-02	ASM3676046v2	https://ftp.ncbi.nlm.nih.gov/genomes/all/GCF/036/760/465/GCF_036760465.1_ASM3676046v2/	refseq	na	5167763	1	SRR28015239	PRJNA288601	Illumina MiSeq	RANDOM	589359	284458266	ftp.sra.ebi.ac.uk/vol1/fastq/SRR280/039/SRR28015239/SRR28015239_1.fastq.gz;ftp.sra.ebi.ac.uk/vol1/fastq/SRR280/039/SRR28015239/SRR28015239_2.fastq.gz	7487ffa4c6c0f978cd9804b0e7e87e0c;53bf5ca0140c6a672725cfbb31b7f50b	53354128;53408424	55.0
SAMN40123735	GCF_037270985.1	PRJNA224116	Serratia spp.	Serratia marcescens	strain=GN02777	615	615	2024-03-18	ASM3727098v1	https://ftp.ncbi.nlm.nih.gov/genomes/all/GCF/037/270/985/GCF_037270985.1_ASM3727098v1/	refseq	na	5047525	1	SRR39132976	PRJNA1007270	NextSeq 2000	RANDOM	3130418	913170016	ftp.sra.ebi.ac.uk/vol1/fastq/SRR391/076/SRR39132976/SRR39132976_1.fastq.gz;ftp.sra.ebi.ac.uk/vol1/fastq/SRR391/076/SRR39132976/SRR39132976_2.fastq.gz	d3e59480ec2304a25e671efb0bb6b18a;afbde9412440e2750403ae595cb28152	218335897;221718797	180.9
SAMN40123736	GCF_037226435.1	PRJNA224116	Serratia spp.	Serratia marcescens	strain=GN02991	615	615	2024-03-18	ASM3722643v1	https://ftp.ncbi.nlm.nih.gov/genomes/all/GCF/037/226/435/GCF_037226435.1_ASM3722643v1/	refseq	na	5082688	1	SRR39132975	PRJNA1007270	NextSeq 2000	RANDOM	3459101	1009848075	ftp.sra.ebi.ac.uk/vol1/fastq/SRR391/075/SRR39132975/SRR39132975_1.fastq.gz;ftp.sra.ebi.ac.uk/vol1/fastq/SRR391/075/SRR39132975/SRR39132975_2.fastq.gz	1a52f0aada4e0e251e3a9713d0068453;f55b4cc1526826c80ddffef88e41f22c	242183235;246154656	198.7
SAMN40123743	GCF_037227285.1	PRJNA224116	Serratia spp.	Serratia marcescens	strain=GN02673	615	615	2024-03-18	ASM3722728v1	https://ftp.ncbi.nlm.nih.gov/genomes/all/GCF/037/227/285/GCF_037227285.1_ASM3722728v1/	refseq	na	5334910	1	SRR39132919	PRJNA1007270	NextSeq 2000	RANDOM	3086140	900210896	ftp.sra.ebi.ac.uk/vol1/fastq/SRR391/019/SRR39132919/SRR39132919_1.fastq.gz;ftp.sra.ebi.ac.uk/vol1/fastq/SRR391/019/SRR39132919/SRR39132919_2.fastq.gz	1661450395148a601249c9296160290a;57342df2188ce18b425b220d1bf2e242	213571462;220150269	168.7
SAMN40123744	GCF_037287385.1	PRJNA224116	Serratia spp.	Serratia marcescens	strain=GN03438	615	615	2024-03-18	ASM3728738v1	https://ftp.ncbi.nlm.nih.gov/genomes/all/GCF/037/287/385/GCF_037287385.1_ASM3728738v1/	refseq	na	5332462	1	SRR39132918	PRJNA1007270	NextSeq 2000	RANDOM	3317130	967625307	ftp.sra.ebi.ac.uk/vol1/fastq/SRR391/018/SRR39132918/SRR39132918_1.fastq.gz;ftp.sra.ebi.ac.uk/vol1/fastq/SRR391/018/SRR39132918/SRR39132918_2.fastq.gz	665ce79defd151fb330e4aaf049437b7;b63e82dba008145a0786051770f14d1c	231868893;234637632	181.5
SAMN40123745	GCF_037228405.1	PRJNA224116	Serratia spp.	Serratia marcescens	strain=GN03465	615	615	2024-03-18	ASM3722840v1	https://ftp.ncbi.nlm.nih.gov/genomes/all/GCF/037/228/405/GCF_037228405.1_ASM3722840v1/	refseq	na	5332495	1	SRR39132974	PRJNA1007270	NextSeq 2000	RANDOM	3528290	1028278866	ftp.sra.ebi.ac.uk/vol1/fastq/SRR391/074/SRR39132974/SRR39132974_1.fastq.gz;ftp.sra.ebi.ac.uk/vol1/fastq/SRR391/074/SRR39132974/SRR39132974_2.fastq.gz	2cec98129b5b64eed64d7d14f6fee8be;694151b5118b12a3a28b871f5c2f9f69	244885024;249221239	192.8
SAMN40123770	GCF_037279725.1	PRJNA224116	Klebsiella pneumoniae	Klebsiella pneumoniae	strain=GN02018	573	573	2024-03-18	ASM3727972v1	https://ftp.ncbi.nlm.nih.gov/genomes/all/GCF/037/279/725/GCF_037279725.1_ASM3727972v1/	refseq	na	6077327	1	SRR39132947	PRJNA1007270	NextSeq 2000	RANDOM	3401403	989835181	ftp.sra.ebi.ac.uk/vol1/fastq/SRR391/047/SRR39132947/SRR39132947_1.fastq.gz;ftp.sra.ebi.ac.uk/vol1/fastq/SRR391/047/SRR39132947/SRR39132947_2.fastq.gz	845b8eba6e335522f4881754a1204111;9e7d64853b6f279d7877d0143c27674f	237222600;242082320	162.9
SAMN40123771	GCF_037281465.1	PRJNA224116	Klebsiella pneumoniae	Klebsiella pneumoniae	strain=GN02348	573	573	2024-03-18	ASM3728146v1	https://ftp.ncbi.nlm.nih.gov/genomes/all/GCF/037/281/465/GCF_037281465.1_ASM3728146v1/	refseq	na	5642191	1	SRR39132946	PRJNA1007270	NextSeq 2000	RANDOM	3541770	1032320333	ftp.sra.ebi.ac.uk/vol1/fastq/SRR391/046/SRR39132946/SRR39132946_1.fastq.gz;ftp.sra.ebi.ac.uk/vol1/fastq/SRR391/046/SRR39132946/SRR39132946_2.fastq.gz	7639c2992532ab0f132f9040f16408ee;f47a920c761d7fb338cd2df50a6df03b	246830312;251477980	183.0
SAMN40123773	GCF_037283275.1	PRJNA224116	Klebsiella pneumoniae	Klebsiella pneumoniae	strain=GN03854	573	573	2024-03-18	ASM3728327v1	https://ftp.ncbi.nlm.nih.gov/genomes/all/GCF/037/283/275/GCF_037283275.1_ASM3728327v1/	refseq	na	5367026	1	SRR39132944	PRJNA1007270	NextSeq 2000	RANDOM	4976369	1445667062	ftp.sra.ebi.ac.uk/vol1/fastq/SRR391/044/SRR39132944/SRR39132944_1.fastq.gz;ftp.sra.ebi.ac.uk/vol1/fastq/SRR391/044/SRR39132944/SRR39132944_2.fastq.gz	e69ecf94e82a342aca8a1984fd708a28;2de0b28cf2fd0286e1cfa5fcab5e7fd3	347655337;354887231	269.4
SAMN40123774	GCF_037282145.1	PRJNA224116	Klebsiella pneumoniae	Klebsiella pneumoniae	strain=GN04077	573	573	2024-03-18	ASM3728214v1	https://ftp.ncbi.nlm.nih.gov/genomes/all/GCF/037/282/145/GCF_037282145.1_ASM3728214v1/	refseq	na	5368975	1	SRR39132943	PRJNA1007270	NextSeq 2000	RANDOM	3568309	1041082602	ftp.sra.ebi.ac.uk/vol1/fastq/SRR391/043/SRR39132943/SRR39132943_1.fastq.gz;ftp.sra.ebi.ac.uk/vol1/fastq/SRR391/043/SRR39132943/SRR39132943_2.fastq.gz	620a3b92b7dfb020274f44a02a90e781;5031a39d4157957cc9601e947c0a386c	251387354;256206412	193.9
SAMN40123781	GCF_037287555.1	PRJNA224116	Serratia spp.	Serratia marcescens	strain=GN02903	615	615	2024-03-18	ASM3728755v1	https://ftp.ncbi.nlm.nih.gov/genomes/all/GCF/037/287/555/GCF_037287555.1_ASM3728755v1/	refseq	na	5098650	1	SRR39132935	PRJNA1007270	NextSeq 2000	RANDOM	3380237	977888094	ftp.sra.ebi.ac.uk/vol1/fastq/SRR391/035/SRR39132935/SRR39132935_1.fastq.gz;ftp.sra.ebi.ac.uk/vol1/fastq/SRR391/035/SRR39132935/SRR39132935_2.fastq.gz	de8efa5e2e5d169a9e6405d7e314d520;e697aeed945ae4d81268bc03a17b4284	233344696;236988660	191.8
SAMN40123782	GCF_037287525.1	PRJNA224116	Serratia spp.	Serratia marcescens	strain=GN02966	615	615	2024-03-18	ASM3728752v1	https://ftp.ncbi.nlm.nih.gov/genomes/all/GCF/037/287/525/GCF_037287525.1_ASM3728752v1/	refseq	na	5098655	1	SRR39132934	PRJNA1007270	NextSeq 2000	RANDOM	3382353	986904311	ftp.sra.ebi.ac.uk/vol1/fastq/SRR391/034/SRR39132934/SRR39132934_1.fastq.gz;ftp.sra.ebi.ac.uk/vol1/fastq/SRR391/034/SRR39132934/SRR39132934_2.fastq.gz	1018a4efb63025dcfb3ccae1e5b176e0;5c970ce924bf4f4df5e8c9c0ad8cf461	235924253;239282255	193.6
SAMN40254320	GCF_037008945.1	PRJNA224116	Enterobacter spp.	Enterobacter bugandensis	strain=2024CK-00243	881260	881260	2024-03-31	ASM3700894v2	https://ftp.ncbi.nlm.nih.gov/genomes/all/GCF/037/008/945/GCF_037008945.1_ASM3700894v2/	refseq	na	4801471	1	SRR28217767	PRJNA288601	Illumina MiSeq	RANDOM	795388	371419889	ftp.sra.ebi.ac.uk/vol1/fastq/SRR282/067/SRR28217767/SRR28217767_1.fastq.gz;ftp.sra.ebi.ac.uk/vol1/fastq/SRR282/067/SRR28217767/SRR28217767_2.fastq.gz	06e4e7bfce3cec2e725871e5190b9613;5d2acb9b77956687fb091fd3c6011d70	70756056;70671621	77.4
SAMN40254327	GCF_037008725.1	PRJNA224116	Enterobacter spp.	Enterobacter bugandensis	strain=2024CK-00251	881260	881260	2024-04-02	ASM3700872v2	https://ftp.ncbi.nlm.nih.gov/genomes/all/GCF/037/008/725/GCF_037008725.1_ASM3700872v2/	refseq	na	4828652	1	SRR28217778	PRJNA288601	Illumina MiSeq	RANDOM	642051	310470498	ftp.sra.ebi.ac.uk/vol1/fastq/SRR282/078/SRR28217778/SRR28217778_1.fastq.gz;ftp.sra.ebi.ac.uk/vol1/fastq/SRR282/078/SRR28217778/SRR28217778_2.fastq.gz	5891ee3498d95618a33a59823ad194b9;0d374d4405dd813739500c5db5868f2e	58683036;58740602	64.3
SAMN40323369	GCF_055814335.1	PRJNA224116	Enterococcus faecalis	Enterococcus faecalis	strain=1403D011	1351	1351	2026-03-12	ASM5581433v1	https://ftp.ncbi.nlm.nih.gov/genomes/all/GCF/055/814/335/GCF_055814335.1_ASM5581433v1/	refseq	na	3198526	1	SRR30712545	PRJNA779404	Illumina MiSeq	RANDOM	850434	252941742	ftp.sra.ebi.ac.uk/vol1/fastq/SRR307/045/SRR30712545/SRR30712545_1.fastq.gz;ftp.sra.ebi.ac.uk/vol1/fastq/SRR307/045/SRR30712545/SRR30712545_2.fastq.gz	363b9671458ffb3eb7e3fffdeee3df13;4a6c02eff04c28be85fcc119b088f5f0	89740608;102343674	79.1
SAMN40323370	GCF_055814325.1	PRJNA224116	Enterococcus faecalis	Enterococcus faecalis	strain=1604D004	1351	1351	2026-03-12	ASM5581432v1	https://ftp.ncbi.nlm.nih.gov/genomes/all/GCF/055/814/325/GCF_055814325.1_ASM5581432v1/	refseq	na	3301871	1	SRR30712544	PRJNA779404	Illumina MiSeq	RANDOM	1116965	331884580	ftp.sra.ebi.ac.uk/vol1/fastq/SRR307/044/SRR30712544/SRR30712544_1.fastq.gz;ftp.sra.ebi.ac.uk/vol1/fastq/SRR307/044/SRR30712544/SRR30712544_2.fastq.gz	1e94f03ed4c0b4f017436f6083d638c3;56281e734e529ee7ded4d6dd68613e59	119668027;126902704	100.5
SAMN40323371	GCF_055814315.1	PRJNA224116	Enterococcus faecium	Enterococcus faecium	strain=1304D004	1352	1352	2026-03-12	ASM5581431v1	https://ftp.ncbi.nlm.nih.gov/genomes/all/GCF/055/814/315/GCF_055814315.1_ASM5581431v1/	refseq	na	3047464	1	SRR30712552	PRJNA779404	Illumina MiSeq	RANDOM	536524	159139680	ftp.sra.ebi.ac.uk/vol1/fastq/SRR307/052/SRR30712552/SRR30712552_1.fastq.gz;ftp.sra.ebi.ac.uk/vol1/fastq/SRR307/052/SRR30712552/SRR30712552_2.fastq.gz	325057cbadeddd12c1b1971f87e8727b;0aff6edda10c6bac601e6bf91206efaa	55778554;61319590	52.2
SAMN40375161	GCF_040518045.1	PRJNA224116	Klebsiella pneumoniae	Klebsiella pneumoniae	strain=CR2021	573	573	2024-07-05	ASM4051804v1	https://ftp.ncbi.nlm.nih.gov/genomes/all/GCF/040/518/045/GCF_040518045.1_ASM4051804v1/	refseq	na	5965122	1	SRR28329856	PRJNA1086370	Illumina HiSeq 2000	RANDOM	3581833	1081713566	ftp.sra.ebi.ac.uk/vol1/fastq/SRR283/056/SRR28329856/SRR28329856_1.fastq.gz;ftp.sra.ebi.ac.uk/vol1/fastq/SRR283/056/SRR28329856/SRR28329856_2.fastq.gz	9b02df9d5863691680c97d9d94466dce;fd8f404b13c8198ec27611cd77f9f3e9	259705179;262251528	181.3
SAMN40921367	GCF_038069355.1	PRJNA224116	Enterobacter spp.	Enterobacter kobei	strain=2024CK-00368	208224	208224	2024-05-28	ASM3806935v2	https://ftp.ncbi.nlm.nih.gov/genomes/all/GCF/038/069/355/GCF_038069355.1_ASM3806935v2/	refseq	na	4687534	1	SRR28618254	PRJNA288601	Illumina MiSeq	RANDOM	1103768	534090616	ftp.sra.ebi.ac.uk/vol1/fastq/SRR286/054/SRR28618254/SRR28618254_1.fastq.gz;ftp.sra.ebi.ac.uk/vol1/fastq/SRR286/054/SRR28618254/SRR28618254_2.fastq.gz	a122b1d892310f705323b7a1630a08ef;e88801923d55c4a4a43e3332d0098ce4	100714567;100644849	113.9
SAMN40921372	GCF_038069265.1	PRJNA224116	Enterobacter spp.	Enterobacter hormaechei	strain=2024CK-00374	158836	158836	2024-05-28	ASM3806926v2	https://ftp.ncbi.nlm.nih.gov/genomes/all/GCF/038/069/265/GCF_038069265.1_ASM3806926v2/	refseq	na	5071096	1	SRR28618262	PRJNA288601	Illumina MiSeq	RANDOM	929647	446927217	ftp.sra.ebi.ac.uk/vol1/fastq/SRR286/062/SRR28618262/SRR28618262_1.fastq.gz;ftp.sra.ebi.ac.uk/vol1/fastq/SRR286/062/SRR28618262/SRR28618262_2.fastq.gz	23f5797584ae1cc5b8faf7cea499dea3;ff2dafbe3c4d9677a8747e66e59a9ba6	84507959;84505811	88.1
SAMN41020283	GCF_038418305.1	PRJNA224116	Enterobacter spp.	Enterobacter hormaechei	strain=2024CK-00459	158836	158836	2024-06-10	ASM3841830v2	https://ftp.ncbi.nlm.nih.gov/genomes/all/GCF/038/418/305/GCF_038418305.1_ASM3841830v2/	refseq	na	5000145	1	SRR28747403	PRJNA288601	Illumina MiSeq	RANDOM	1023924	484320668	ftp.sra.ebi.ac.uk/vol1/fastq/SRR287/003/SRR28747403/SRR28747403_1.fastq.gz;ftp.sra.ebi.ac.uk/vol1/fastq/SRR287/003/SRR28747403/SRR28747403_2.fastq.gz	5f31127ce4f9ded0315eb17ad4509000;367983905569b2e4446df58b3a4bce33	91952828;92222557	96.9
SAMN41036205	GCF_052402505.1	PRJNA224116	Klebsiella pneumoniae	Klebsiella pneumoniae	strain=17AR1548	573	573	2025-09-02	ASM5240250v1	https://ftp.ncbi.nlm.nih.gov/genomes/all/GCF/052/402/505/GCF_052402505.1_ASM5240250v1/	refseq	na	5679531	1	SRR28760608	PRJNA1102395	NextSeq 550	RANDOM	2914899	776998023	ftp.sra.ebi.ac.uk/vol1/fastq/SRR287/008/SRR28760608/SRR28760608_1.fastq.gz;ftp.sra.ebi.ac.uk/vol1/fastq/SRR287/008/SRR28760608/SRR28760608_2.fastq.gz	b8cf929850d5c3298072a66866a9dc39;293e4d54268e05ff0e1d443bcd57ed82	255040862;248548600	136.8
SAMN41036221	GCF_053523415.1	PRJNA224116	Enterobacter spp.	Enterobacter hormaechei	strain=18AR0094	158836	158836	2025-11-18	ASM5352341v1	https://ftp.ncbi.nlm.nih.gov/genomes/all/GCF/053/523/415/GCF_053523415.1_ASM5352341v1/	refseq	na	5185074	1	SRR28760590	PRJNA1102395	NextSeq 550	RANDOM	984370	292724112	ftp.sra.ebi.ac.uk/vol1/fastq/SRR287/090/SRR28760590/SRR28760590_1.fastq.gz;ftp.sra.ebi.ac.uk/vol1/fastq/SRR287/090/SRR28760590/SRR28760590_2.fastq.gz	4625d8920e232f54628f40f6aa49e820;230a8ea21360ec1f2d00ab8cb7938a57	99993199;107115892	56.5
SAMN41036322	GCF_053521355.1	PRJNA224116	Enterobacter spp.	Enterobacter hormaechei	strain=19AR0298	158836	158836	2025-11-17	ASM5352135v1	https://ftp.ncbi.nlm.nih.gov/genomes/all/GCF/053/521/355/GCF_053521355.1_ASM5352135v1/	refseq	na	5490863	1	SRR28760574	PRJNA1102395	NextSeq 550	RANDOM	1734534	479545102	ftp.sra.ebi.ac.uk/vol1/fastq/SRR287/074/SRR28760574/SRR28760574_1.fastq.gz;ftp.sra.ebi.ac.uk/vol1/fastq/SRR287/074/SRR28760574/SRR28760574_2.fastq.gz	800b138868dda8e916539c34f9a8b381;d3ea187ae3d05b53132cc33a48a4721a	153122691;155746936	87.3
SAMN41071126	GCF_046272195.1	PRJNA224116	Enterobacter spp.	Enterobacter cancerogenus	strain=GTVSS-029	69218	69218	2024-12-25	ASM4627219v1	https://ftp.ncbi.nlm.nih.gov/genomes/all/GCF/046/272/195/GCF_046272195.1_ASM4627219v1/	refseq	na	4992345	1	SRR9043660	PRJNA1101017	Illumina MiSeq	RANDOM	952831	438880229	ftp.sra.ebi.ac.uk/vol1/fastq/SRR904/000/SRR9043660/SRR9043660_1.fastq.gz;ftp.sra.ebi.ac.uk/vol1/fastq/SRR904/000/SRR9043660/SRR9043660_2.fastq.gz	47ec9302f47719afc781bd2c0976eb81;ccb70aae47b06299be6a1378e314517f	148312657;170208283	87.9
SAMN41071133	GCF_046272125.1	PRJNA224116	Klebsiella pneumoniae	Klebsiella pneumoniae	strain=GTVSS-027	573	573	2024-12-25	ASM4627212v1	https://ftp.ncbi.nlm.nih.gov/genomes/all/GCF/046/272/125/GCF_046272125.1_ASM4627212v1/	refseq	na	5221924	1	SRR9042857	PRJNA1101017	Illumina MiSeq	RANDOM	719250	341908919	ftp.sra.ebi.ac.uk/vol1/fastq/SRR904/007/SRR9042857/SRR9042857_1.fastq.gz;ftp.sra.ebi.ac.uk/vol1/fastq/SRR904/007/SRR9042857/SRR9042857_2.fastq.gz	33aabdc41c036bfa736f0482bb789cb4;7fd6c96c19a62ee6ddc2925783a977fd	119230334;136765118	65.5
SAMN41071142	GCF_046272115.1	PRJNA224116	Citrobacter spp.	Citrobacter braakii	strain=GTVSS-028	57706	57706	2024-12-25	ASM4627211v1	https://ftp.ncbi.nlm.nih.gov/genomes/all/GCF/046/272/115/GCF_046272115.1_ASM4627211v1/	refseq	na	4918772	1	SRR9043684	PRJNA1101017	Illumina MiSeq	RANDOM	702938	332187841	ftp.sra.ebi.ac.uk/vol1/fastq/SRR904/004/SRR9043684/SRR9043684_1.fastq.gz;ftp.sra.ebi.ac.uk/vol1/fastq/SRR904/004/SRR9043684/SRR9043684_2.fastq.gz	41ae295d5f492b5dc5c03cdcc6c3d8dd;93d17e01a7856eb014f779b905b40b78	112880807;130326163	67.5
SAMN41094951	GCF_038627005.1	PRJNA224116	Enterobacter spp.	Enterobacter roggenkampii	strain=2024CK-00478	1812935	1812935	2024-06-03	ASM3862700v2	https://ftp.ncbi.nlm.nih.gov/genomes/all/GCF/038/627/005/GCF_038627005.1_ASM3862700v2/	refseq	na	5036479	1	SRR28816072	PRJNA288601	Illumina MiSeq	RANDOM	1064177	511136344	ftp.sra.ebi.ac.uk/vol1/fastq/SRR288/072/SRR28816072/SRR28816072_1.fastq.gz;ftp.sra.ebi.ac.uk/vol1/fastq/SRR288/072/SRR28816072/SRR28816072_2.fastq.gz	bb0113cb7b35352b68ef33224fa05fc4;9dac6275d268896b9252ce1e1b9d5d12	96524730;96655547	101.5
SAMN41094953	GCF_038627045.1	PRJNA224116	Enterobacter spp.	Enterobacter hormaechei	strain=2024CK-00476	158836	158836	2024-06-02	ASM3862704v2	https://ftp.ncbi.nlm.nih.gov/genomes/all/GCF/038/627/045/GCF_038627045.1_ASM3862704v2/	refseq	na	4935672	1	SRR28816070	PRJNA288601	Illumina MiSeq	RANDOM	796347	379530981	ftp.sra.ebi.ac.uk/vol1/fastq/SRR288/070/SRR28816070/SRR28816070_1.fastq.gz;ftp.sra.ebi.ac.uk/vol1/fastq/SRR288/070/SRR28816070/SRR28816070_2.fastq.gz	59252f5db277b8d1825a24be8ff49c54;e715047f4e5af2572a57a6a436fa6ff9	72042870;72147492	76.9
SAMN41407425	GCF_039653425.1	PRJNA224116	Klebsiella pneumoniae	Klebsiella pneumoniae	strain=2024CK-00646	573	573	2024-08-15	ASM3965342v2	https://ftp.ncbi.nlm.nih.gov/genomes/all/GCF/039/653/425/GCF_039653425.1_ASM3965342v2/	refseq	na	5929694	1	SRR29042786	PRJNA288601	Illumina MiSeq	RANDOM	630918	303289665	ftp.sra.ebi.ac.uk/vol1/fastq/SRR290/086/SRR29042786/SRR29042786_1.fastq.gz;ftp.sra.ebi.ac.uk/vol1/fastq/SRR290/086/SRR29042786/SRR29042786_2.fastq.gz	852df2b4ba098380406b0407ab850e68;fab18cc049e92c3af46c6dd93c1b4b13	57436810;57891722	51.1
SAMN41407426	GCF_039653445.1	PRJNA224116	Klebsiella pneumoniae	Klebsiella pneumoniae	strain=2024CK-00645	573	573	2024-08-15	ASM3965344v2	https://ftp.ncbi.nlm.nih.gov/genomes/all/GCF/039/653/445/GCF_039653445.1_ASM3965344v2/	refseq	na	5711728	1	SRR29042785	PRJNA288601	Illumina MiSeq	RANDOM	1210507	580423896	ftp.sra.ebi.ac.uk/vol1/fastq/SRR290/085/SRR29042785/SRR29042785_1.fastq.gz;ftp.sra.ebi.ac.uk/vol1/fastq/SRR290/085/SRR29042785/SRR29042785_2.fastq.gz	dae6ce9849a531d2da3afc4914fd78aa;36b2fab4809c83121bee494773a532ed	109386704;110487199	101.6
SAMN41479334	GCF_039734725.1	PRJNA224116	Enterobacter spp.	Enterobacter hormaechei	strain=2024CK-00699	158836	158836	2024-08-15	ASM3973472v2	https://ftp.ncbi.nlm.nih.gov/genomes/all/GCF/039/734/725/GCF_039734725.1_ASM3973472v2/	refseq	na	4911077	1	SRR29108369	PRJNA288601	Illumina MiSeq	RANDOM	983233	473306517	ftp.sra.ebi.ac.uk/vol1/fastq/SRR291/069/SRR29108369/SRR29108369_1.fastq.gz;ftp.sra.ebi.ac.uk/vol1/fastq/SRR291/069/SRR29108369/SRR29108369_2.fastq.gz	6af0629ec4e0440d90a0c0daa47b05f9;037cb6a3a290ae5b1713d65dbabd0e74	182082588;205298308	96.4
SAMN42382016	GCF_049393785.1	PRJNA224116	Serratia spp.	Serratia nevei	strain=ARGA0008	2703794	2703794	2025-04-09	ASM4939378v1	https://ftp.ncbi.nlm.nih.gov/genomes/all/GCF/049/393/785/GCF_049393785.1_ASM4939378v1/	refseq	na	5317992	1	SRR29748732	PRJNA1133624	Illumina MiSeq	RANDOM	820159	243113535	ftp.sra.ebi.ac.uk/vol1/fastq/SRR297/032/SRR29748732/SRR29748732_1.fastq.gz;ftp.sra.ebi.ac.uk/vol1/fastq/SRR297/032/SRR29748732/SRR29748732_2.fastq.gz	287a59899ee294f20e1a7c3b04cad78a;5573e52600e7efc41632955f396ba1f5	92130112;99011673	45.7
SAMN42382017	GCF_049393775.1	PRJNA224116	Serratia spp.	Serratia nevei	strain=ARGA0009	2703794	2703794	2025-04-09	ASM4939377v1	https://ftp.ncbi.nlm.nih.gov/genomes/all/GCF/049/393/775/GCF_049393775.1_ASM4939377v1/	refseq	na	5324155	1	SRR29748721	PRJNA1133624	Illumina MiSeq	RANDOM	825393	244744254	ftp.sra.ebi.ac.uk/vol1/fastq/SRR297/021/SRR29748721/SRR29748721_1.fastq.gz;ftp.sra.ebi.ac.uk/vol1/fastq/SRR297/021/SRR29748721/SRR29748721_2.fastq.gz	fefdfd541f3992ebe8075326a64aba77;a1a117b39323f0ee9345b354b125e7fe	94579746;96149215	46.0
SAMN42392490	GCF_045348675.1	PRJNA224116	Klebsiella pneumoniae	Klebsiella pneumoniae	strain=STK39-1-E	573	573	2024-07-24	ASM4534867v1	https://ftp.ncbi.nlm.nih.gov/genomes/all/GCF/045/348/675/GCF_045348675.1_ASM4534867v1/	refseq	na	5522633	1	SRR29859739	PRJNA1134078	Illumina MiniSeq	RANDOM	595259	176504089	ftp.sra.ebi.ac.uk/vol1/fastq/SRR298/039/SRR29859739/SRR29859739_1.fastq.gz;ftp.sra.ebi.ac.uk/vol1/fastq/SRR298/039/SRR29859739/SRR29859739_2.fastq.gz	c94c1b0b585be21ca60bc1ef0788f61a;79248cb77987b57be5b793889bfc04da	45042709;46893894	32.0
SAMN42392493	GCF_045348705.1	PRJNA224116	Klebsiella pneumoniae	Klebsiella pneumoniae	strain=STK71-E	573	573	2024-07-24	ASM4534870v1	https://ftp.ncbi.nlm.nih.gov/genomes/all/GCF/045/348/705/GCF_045348705.1_ASM4534870v1/	refseq	na	5596621	1	SRR29859783	PRJNA1134078	Illumina MiniSeq	RANDOM	924997	275022497	ftp.sra.ebi.ac.uk/vol1/fastq/SRR298/083/SRR29859783/SRR29859783_1.fastq.gz;ftp.sra.ebi.ac.uk/vol1/fastq/SRR298/083/SRR29859783/SRR29859783_2.fastq.gz	1582f779f6a05756eae7ed0102c728e8;87461671922c48f96368832b63a06e79	70225206;73236545	49.1
SAMN42392497	GCF_045348725.1	PRJNA224116	Klebsiella pneumoniae	Klebsiella pneumoniae	strain=STS33-E	573	573	2024-07-24	ASM4534872v1	https://ftp.ncbi.nlm.nih.gov/genomes/all/GCF/045/348/725/GCF_045348725.1_ASM4534872v1/	refseq	na	5533688	1	SRR29859779	PRJNA1134078	Illumina MiniSeq	RANDOM	621766	184638781	ftp.sra.ebi.ac.uk/vol1/fastq/SRR298/079/SRR29859779/SRR29859779_1.fastq.gz;ftp.sra.ebi.ac.uk/vol1/fastq/SRR298/079/SRR29859779/SRR29859779_2.fastq.gz	08d9d3b0b8a4693591e3334c28fdbc88;a5a90dfe8e48cd28970067f4ac4bc1c4	47066655;49398721	33.4
SAMN42392503	GCF_045348785.1	PRJNA224116	Enterobacter spp.	Enterobacter cloacae	strain=STK48-C	550	550	2024-07-24	ASM4534878v1	https://ftp.ncbi.nlm.nih.gov/genomes/all/GCF/045/348/785/GCF_045348785.1_ASM4534878v1/	refseq	na	5140115	1	SRR29859772	PRJNA1134078	Illumina MiniSeq	RANDOM	1408548	418697523	ftp.sra.ebi.ac.uk/vol1/fastq/SRR298/072/SRR29859772/SRR29859772_1.fastq.gz;ftp.sra.ebi.ac.uk/vol1/fastq/SRR298/072/SRR29859772/SRR29859772_2.fastq.gz	08c7ac77c3870df442a31766b584f014;c886e6572bcaaa68f75ef237dc99d4d6	109591632;110456420	81.5
SAMN42392504	GCF_040892575.1	PRJNA224116	Enterobacter spp.	Enterobacter cloacae	strain=STK49-C	550	550	2024-07-24	ASM4089257v1	https://ftp.ncbi.nlm.nih.gov/genomes/all/GCF/040/892/575/GCF_040892575.1_ASM4089257v1/	refseq	na	4800752	1	SRR29859771	PRJNA1134078	Illumina MiniSeq	RANDOM	1348485	401370556	ftp.sra.ebi.ac.uk/vol1/fastq/SRR298/071/SRR29859771/SRR29859771_1.fastq.gz;ftp.sra.ebi.ac.uk/vol1/fastq/SRR298/071/SRR29859771/SRR29859771_2.fastq.gz	096b2dc01c687415b77f97b945439562;d8c1ed07a4c584d3a40e29875289bdba	105586449;105909220	83.6
SAMN42392505	GCF_040834085.1	PRJNA224116	Enterobacter spp.	Enterobacter cloacae	strain=STK66-C	550	550	2024-07-24	ASM4083408v1	https://ftp.ncbi.nlm.nih.gov/genomes/all/GCF/040/834/085/GCF_040834085.1_ASM4083408v1/	refseq	na	4994650	1	SRR29859770	PRJNA1134078	Illumina MiniSeq	RANDOM	568274	168983003	ftp.sra.ebi.ac.uk/vol1/fastq/SRR298/070/SRR29859770/SRR29859770_1.fastq.gz;ftp.sra.ebi.ac.uk/vol1/fastq/SRR298/070/SRR29859770/SRR29859770_2.fastq.gz	158d2b899b27dfcf3164912b5b1c03c2;8667f7a455dbca2173e3cc06c54b84d4	44437861;45419434	33.8
SAMN42392506	GCF_040892585.1	PRJNA224116	Enterobacter spp.	Enterobacter cloacae	strain=STK71-C	550	550	2024-07-24	ASM4089258v1	https://ftp.ncbi.nlm.nih.gov/genomes/all/GCF/040/892/585/GCF_040892585.1_ASM4089258v1/	refseq	na	4924798	1	SRR29859769	PRJNA1134078	Illumina MiniSeq	RANDOM	503291	149746832	ftp.sra.ebi.ac.uk/vol1/fastq/SRR298/069/SRR29859769/SRR29859769_1.fastq.gz;ftp.sra.ebi.ac.uk/vol1/fastq/SRR298/069/SRR29859769/SRR29859769_2.fastq.gz	8f1ba579b3959cf6911781ce642fa859;69d6a138e65e2562d8b15d9cf00b0628	39135712;40218687	30.4
SAMN42392509	GCF_040834065.1	PRJNA224116	Enterobacter spp.	Enterobacter asburiae	strain=STS63-C	61645	61645	2024-07-24	ASM4083406v1	https://ftp.ncbi.nlm.nih.gov/genomes/all/GCF/040/834/065/GCF_040834065.1_ASM4083406v1/	refseq	na	4849319	1	SRR29859766	PRJNA1134078	Illumina MiniSeq	RANDOM	706491	209106755	ftp.sra.ebi.ac.uk/vol1/fastq/SRR298/066/SRR29859766/SRR29859766_1.fastq.gz;ftp.sra.ebi.ac.uk/vol1/fastq/SRR298/066/SRR29859766/SRR29859766_2.fastq.gz	57d690318d826d9fa96f32e0453d9738;fccb411a2859ea5e8a38767faf798f7c	58774692;61033430	43.1
SAMN43047201	GCF_041110985.1	PRJNA224116	Enterobacter spp.	Enterobacter ludwigii	strain=2024CK-01200	299767	299767	2024-09-19	2024CK-01200	https://ftp.ncbi.nlm.nih.gov/genomes/all/GCF/041/110/985/GCF_041110985.1_2024CK-01200/	refseq	na	4912422	1	SRR30148243	PRJNA288601	Illumina MiSeq	RANDOM	1149254	550060473	ftp.sra.ebi.ac.uk/vol1/fastq/SRR301/043/SRR30148243/SRR30148243_1.fastq.gz;ftp.sra.ebi.ac.uk/vol1/fastq/SRR301/043/SRR30148243/SRR30148243_2.fastq.gz	528df4a5d7f0f4a6e9b25e0b42b7ec31;8b5bb4ba5ebbe318027cc072b3a5d8d3	191605784;217742928	112.0
SAMN43321952	GCF_041462765.1	PRJNA224116	Enterobacter spp.	Enterobacter roggenkampii	strain=2024CK-01276	1812935	1812935	2024-12-05	ASM4146276v2	https://ftp.ncbi.nlm.nih.gov/genomes/all/GCF/041/462/765/GCF_041462765.1_ASM4146276v2/	refseq	na	4766518	1	SRR30355801	PRJNA288601	Illumina MiSeq	RANDOM	459829	217497915	ftp.sra.ebi.ac.uk/vol1/fastq/SRR303/001/SRR30355801/SRR30355801_1.fastq.gz;ftp.sra.ebi.ac.uk/vol1/fastq/SRR303/001/SRR30355801/SRR30355801_2.fastq.gz	21792df19806eff3236dd02a5c993d11;6316d28cf327c63ae583c23396e26eec	72150521;91306519	45.6
SAMN43844645	GCA_060240835.1	PRJNA1163283	Klebsiella pneumoniae	Klebsiella pneumoniae	strain=F0067	573	573	2026-08-18	ASM6024083v1	https://ftp.ncbi.nlm.nih.gov/genomes/all/GCA/060/240/835/GCA_060240835.1_ASM6024083v1/	genbank	na	5660557	1	SRR35037081	PRJNA1163283	NextSeq 550	RANDOM	1969933	548332076	ftp.sra.ebi.ac.uk/vol1/fastq/SRR350/081/SRR35037081/SRR35037081_1.fastq.gz;ftp.sra.ebi.ac.uk/vol1/fastq/SRR350/081/SRR35037081/SRR35037081_2.fastq.gz	3fc47362045f02f01e35179ddc9c870d;b418c0206213c28153c3dd841eeadc67	159259644;159183922	96.9
SAMN43844646	GCA_060240775.1	PRJNA1163283	Klebsiella pneumoniae	Klebsiella pneumoniae	strain=P0745	573	573	2026-08-18	ASM6024077v1	https://ftp.ncbi.nlm.nih.gov/genomes/all/GCA/060/240/775/GCA_060240775.1_ASM6024077v1/	genbank	na	5655240	1	SRR35037080	PRJNA1163283	NextSeq 550	RANDOM	2153150	627099827	ftp.sra.ebi.ac.uk/vol1/fastq/SRR350/080/SRR35037080/SRR35037080_1.fastq.gz;ftp.sra.ebi.ac.uk/vol1/fastq/SRR350/080/SRR35037080/SRR35037080_2.fastq.gz	8eef28991b8d8807d20166a3ac9741b8;f50914e5771403b0bcce7ac77c115e5a	214921839;216176828	110.9
SAMN43844647	GCA_060240615.1	PRJNA1163283	Klebsiella pneumoniae	Klebsiella pneumoniae	strain=P1134	573	573	2026-08-18	ASM6024061v1	https://ftp.ncbi.nlm.nih.gov/genomes/all/GCA/060/240/615/GCA_060240615.1_ASM6024061v1/	genbank	na	5661635	1	SRR35037079	PRJNA1163283	NextSeq 550	RANDOM	2106929	590391881	ftp.sra.ebi.ac.uk/vol1/fastq/SRR350/079/SRR35037079/SRR35037079_1.fastq.gz;ftp.sra.ebi.ac.uk/vol1/fastq/SRR350/079/SRR35037079/SRR35037079_2.fastq.gz	d31c21537ddaee051a52fae539e1001e;0410145084bf4be018270e2001a7989e	170044017;170265383	104.3
SAMN44063878	GCF_042710995.1	PRJNA224116	Enterobacter spp.	Enterobacter roggenkampii	na	1812935	1812935	2025-02-11	ASM4271099v2	https://ftp.ncbi.nlm.nih.gov/genomes/all/GCF/042/710/995/GCF_042710995.1_ASM4271099v2/	refseq	na	4761496	1	SRR30888738	PRJNA288601	Illumina MiSeq	RANDOM	1016649	487388486	ftp.sra.ebi.ac.uk/vol1/fastq/SRR308/038/SRR30888738/SRR30888738_1.fastq.gz;ftp.sra.ebi.ac.uk/vol1/fastq/SRR308/038/SRR30888738/SRR30888738_2.fastq.gz	af691fcb4ebeadba2534caf68eb879d3;5c70b042942678a5b14310289f1699fc	192200778;217223383	102.4
SAMN44249573	GCF_044869115.1	PRJNA224116	Enterobacter spp.	Enterobacter hormaechei	strain=IMT49658-3	158836	158836	2024-11-13	ASM4486911v1	https://ftp.ncbi.nlm.nih.gov/genomes/all/GCF/044/869/115/GCF_044869115.1_ASM4486911v1/	refseq	na	5210853	1	SRR31011300	PRJNA1020684	NextSeq 550	RANDOM	2416061	710664477	ftp.sra.ebi.ac.uk/vol1/fastq/SRR310/000/SRR31011300/SRR31011300_1.fastq.gz;ftp.sra.ebi.ac.uk/vol1/fastq/SRR310/000/SRR31011300/SRR31011300_2.fastq.gz	b47088988fc102b612dcef712d23ae83;f08765412bb7c19a26138338b17e6c2e	174824889;181867670	136.4
SAMN44266152	GCF_049354775.1	PRJNA224116	Klebsiella pneumoniae	Klebsiella pneumoniae	strain=BG4690	573	573	2025-04-08	4690	https://ftp.ncbi.nlm.nih.gov/genomes/all/GCF/049/354/775/GCF_049354775.1_4690/	refseq	na	5544621	1	SRR30971714	PRJNA1172271	NextSeq 550	PCR	1664067	502548234	ftp.sra.ebi.ac.uk/vol1/fastq/SRR309/014/SRR30971714/SRR30971714_1.fastq.gz;ftp.sra.ebi.ac.uk/vol1/fastq/SRR309/014/SRR30971714/SRR30971714_2.fastq.gz	abb0a302bc178451243d1cf995e50809;4badbc67a9e161fec64dc96b96ac7b8d	153006140;156988598	90.6
SAMN44266161	GCF_049354765.1	PRJNA224116	Klebsiella pneumoniae	Klebsiella pneumoniae	strain=BG4777	573	573	2025-04-08	4777	https://ftp.ncbi.nlm.nih.gov/genomes/all/GCF/049/354/765/GCF_049354765.1_4777/	refseq	na	5586349	1	SRR30971625	PRJNA1172271	NextSeq 550	PCR	2448328	739395056	ftp.sra.ebi.ac.uk/vol1/fastq/SRR309/025/SRR30971625/SRR30971625_1.fastq.gz;ftp.sra.ebi.ac.uk/vol1/fastq/SRR309/025/SRR30971625/SRR30971625_2.fastq.gz	e26ba2dc4568977faca23358fe44f58e;33ac28e81a6acb7c7bd8f6f4c24ddde9	219475490;228680532	132.4
SAMN44266164	GCF_049354795.1	PRJNA224116	Klebsiella pneumoniae	Klebsiella pneumoniae	strain=BG4790	573	573	2025-04-08	4790	https://ftp.ncbi.nlm.nih.gov/genomes/all/GCF/049/354/795/GCF_049354795.1_4790/	refseq	na	5833397	1	SRR30971710	PRJNA1172271	NextSeq 550	PCR	1834707	554081514	ftp.sra.ebi.ac.uk/vol1/fastq/SRR309/010/SRR30971710/SRR30971710_1.fastq.gz;ftp.sra.ebi.ac.uk/vol1/fastq/SRR309/010/SRR30971710/SRR30971710_2.fastq.gz	892b2b8a99704ce93846ad360fc00c8e;9c6e789baa1600ddc341ce9582ee39b2	167982509;172081626	95.0
SAMN44266166	GCF_049350385.1	PRJNA224116	Klebsiella pneumoniae	Klebsiella pneumoniae	strain=BG4794	573	573	2025-04-08	4794	https://ftp.ncbi.nlm.nih.gov/genomes/all/GCF/049/350/385/GCF_049350385.1_4794/	refseq	na	5829131	1	SRR30971708	PRJNA1172271	NextSeq 550	PCR	1824381	550963062	ftp.sra.ebi.ac.uk/vol1/fastq/SRR309/008/SRR30971708/SRR30971708_1.fastq.gz;ftp.sra.ebi.ac.uk/vol1/fastq/SRR309/008/SRR30971708/SRR30971708_2.fastq.gz	a867fc83eeb90c21f7c0c7bcd736dbe7;21f96610e62da3640e2f709073872a8a	166343804;171201958	94.5
SAMN44266171	GCF_049354245.1	PRJNA224116	Klebsiella pneumoniae	Klebsiella pneumoniae	strain=BG4823	573	573	2025-04-08	4823	https://ftp.ncbi.nlm.nih.gov/genomes/all/GCF/049/354/245/GCF_049354245.1_4823/	refseq	na	5831378	1	SRR30971703	PRJNA1172271	NextSeq 550	PCR	1427036	430964872	ftp.sra.ebi.ac.uk/vol1/fastq/SRR309/003/SRR30971703/SRR30971703_1.fastq.gz;ftp.sra.ebi.ac.uk/vol1/fastq/SRR309/003/SRR30971703/SRR30971703_2.fastq.gz	62fcb72980a20ef1fb6b80686c2a617a;6fba8ffa2dfe7eeceeb9b18296bb1650	130944856;133796926	73.9
SAMN44266175	GCF_049354785.1	PRJNA224116	Klebsiella pneumoniae	Klebsiella pneumoniae	strain=BG4916	573	573	2025-04-08	4916	https://ftp.ncbi.nlm.nih.gov/genomes/all/GCF/049/354/785/GCF_049354785.1_4916/	refseq	na	5511419	1	SRR30971698	PRJNA1172271	NextSeq 550	PCR	1192148	360028696	ftp.sra.ebi.ac.uk/vol1/fastq/SRR309/098/SRR30971698/SRR30971698_1.fastq.gz;ftp.sra.ebi.ac.uk/vol1/fastq/SRR309/098/SRR30971698/SRR30971698_2.fastq.gz	6581850f8769b8224ed2d8d193a412b3;f297ed0f4c296d2edfc0581c167f6ba0	108412368;111096162	65.3
SAMN44266189	GCF_049354575.1	PRJNA224116	Klebsiella pneumoniae	Klebsiella pneumoniae	strain=BG5036	573	573	2025-04-08	5036	https://ftp.ncbi.nlm.nih.gov/genomes/all/GCF/049/354/575/GCF_049354575.1_5036/	refseq	na	5753156	1	SRR30971683	PRJNA1172271	NextSeq 550	PCR	1858456	561253712	ftp.sra.ebi.ac.uk/vol1/fastq/SRR309/083/SRR30971683/SRR30971683_1.fastq.gz;ftp.sra.ebi.ac.uk/vol1/fastq/SRR309/083/SRR30971683/SRR30971683_2.fastq.gz	5cea8424e7d9ec7f72c14c582d3ec830;79ddc2fa3f221efcae5e8f6be4b9887a	168683477;173944698	97.6
SAMN44266197	GCF_049354585.1	PRJNA224116	Klebsiella pneumoniae	Klebsiella pneumoniae	strain=BG5051	573	573	2025-04-08	5051	https://ftp.ncbi.nlm.nih.gov/genomes/all/GCF/049/354/585/GCF_049354585.1_5051/	refseq	na	5581016	1	SRR30971674	PRJNA1172271	NextSeq 550	PCR	1495485	451636470	ftp.sra.ebi.ac.uk/vol1/fastq/SRR309/074/SRR30971674/SRR30971674_1.fastq.gz;ftp.sra.ebi.ac.uk/vol1/fastq/SRR309/074/SRR30971674/SRR30971674_2.fastq.gz	b7952128a2ac0f81913543468f7502a4;4bf9b9f3ce9d2a43660a68d3e74c856f	136830823;143093317	80.9
SAMN44266199	GCF_049354605.1	PRJNA224116	Klebsiella pneumoniae	Klebsiella pneumoniae	strain=BG5053	573	573	2025-04-08	5053	https://ftp.ncbi.nlm.nih.gov/genomes/all/GCF/049/354/605/GCF_049354605.1_5053/	refseq	na	5660817	1	SRR30971672	PRJNA1172271	NextSeq 550	PCR	1465242	442503084	ftp.sra.ebi.ac.uk/vol1/fastq/SRR309/072/SRR30971672/SRR30971672_1.fastq.gz;ftp.sra.ebi.ac.uk/vol1/fastq/SRR309/072/SRR30971672/SRR30971672_2.fastq.gz	19b89b95d8f7b4961d1d6ccf8f0ab1f6;e898720b7b47c0899003160e82e6eada	133462723;137245942	78.2
SAMN44266200	GCF_049354615.1	PRJNA224116	Klebsiella pneumoniae	Klebsiella pneumoniae	strain=BG5054	573	573	2025-04-08	5054	https://ftp.ncbi.nlm.nih.gov/genomes/all/GCF/049/354/615/GCF_049354615.1_5054/	refseq	na	5660427	1	SRR30971671	PRJNA1172271	NextSeq 550	PCR	1496894	452061988	ftp.sra.ebi.ac.uk/vol1/fastq/SRR309/071/SRR30971671/SRR30971671_1.fastq.gz;ftp.sra.ebi.ac.uk/vol1/fastq/SRR309/071/SRR30971671/SRR30971671_2.fastq.gz	d5dbef478ecf8a7f3ca34b565826dec3;10bae4a34363980e9fb2a2c73e212e5a	134706573;141197195	79.9
SAMN44266201	GCF_049354885.1	PRJNA224116	Klebsiella pneumoniae	Klebsiella pneumoniae	strain=BG5067	573	573	2025-04-08	5067	https://ftp.ncbi.nlm.nih.gov/genomes/all/GCF/049/354/885/GCF_049354885.1_5067/	refseq	na	5756271	1	SRR30971670	PRJNA1172271	NextSeq 550	PCR	1336257	403549614	ftp.sra.ebi.ac.uk/vol1/fastq/SRR309/070/SRR30971670/SRR30971670_1.fastq.gz;ftp.sra.ebi.ac.uk/vol1/fastq/SRR309/070/SRR30971670/SRR30971670_2.fastq.gz	07f0987a206ea2353bc8e0a3d3e08c2c;d9e5ee9e46704c0287feb97c890f54d9	122290014;125546481	70.1
SAMN44266203	GCF_049354625.1	PRJNA224116	Klebsiella pneumoniae	Klebsiella pneumoniae	strain=BG5069	573	573	2025-04-08	5069	https://ftp.ncbi.nlm.nih.gov/genomes/all/GCF/049/354/625/GCF_049354625.1_5069/	refseq	na	5680713	1	SRR30971667	PRJNA1172271	NextSeq 550	PCR	1526408	460975216	ftp.sra.ebi.ac.uk/vol1/fastq/SRR309/067/SRR30971667/SRR30971667_1.fastq.gz;ftp.sra.ebi.ac.uk/vol1/fastq/SRR309/067/SRR30971667/SRR30971667_2.fastq.gz	ceed922d39d11253f3eebe74f841ef8b;bf02bb6037cb64aa101aadbdff459eab	138002212;142225774	81.1
SAMN44266216	GCF_049350935.1	PRJNA224116	Klebsiella pneumoniae	Klebsiella pneumoniae	strain=BG5154	573	573	2025-04-08	5154	https://ftp.ncbi.nlm.nih.gov/genomes/all/GCF/049/350/935/GCF_049350935.1_5154/	refseq	na	5610174	1	SRR30971653	PRJNA1172271	NextSeq 550	PCR	1244783	375924466	ftp.sra.ebi.ac.uk/vol1/fastq/SRR309/053/SRR30971653/SRR30971653_1.fastq.gz;ftp.sra.ebi.ac.uk/vol1/fastq/SRR309/053/SRR30971653/SRR30971653_2.fastq.gz	29fe677d810d2a7fe6451911d54fe272;95999261218b459be65752460508baba	114227143;118277322	67.0
SAMN44266223	GCF_049354595.1	PRJNA224116	Klebsiella pneumoniae	Klebsiella pneumoniae	strain=BG5173	573	573	2025-04-08	5173	https://ftp.ncbi.nlm.nih.gov/genomes/all/GCF/049/354/595/GCF_049354595.1_5173/	refseq	na	5577595	1	SRR30971645	PRJNA1172271	NextSeq 550	PCR	1878154	567202508	ftp.sra.ebi.ac.uk/vol1/fastq/SRR309/045/SRR30971645/SRR30971645_1.fastq.gz;ftp.sra.ebi.ac.uk/vol1/fastq/SRR309/045/SRR30971645/SRR30971645_2.fastq.gz	1aeab56496e6a672c3081ef275a6651f;482f2b28e3b17fbea3c9d53149161ac8	174179975;178841247	101.7
SAMN44266224	GCF_049351435.1	PRJNA224116	Klebsiella pneumoniae	Klebsiella pneumoniae	strain=BG5178	573	573	2025-04-08	5178	https://ftp.ncbi.nlm.nih.gov/genomes/all/GCF/049/351/435/GCF_049351435.1_5178/	refseq	na	5569963	1	SRR30971644	PRJNA1172271	NextSeq 550	PCR	1538485	464622470	ftp.sra.ebi.ac.uk/vol1/fastq/SRR309/044/SRR30971644/SRR30971644_1.fastq.gz;ftp.sra.ebi.ac.uk/vol1/fastq/SRR309/044/SRR30971644/SRR30971644_2.fastq.gz	db2e48a2e2ac3f610ef9f9ae95da1dc9;850c3dc3889df0b8330b0dd2d814f2ad	139644475;143418095	83.4
SAMN44266234	GCF_049350945.1	PRJNA224116	Klebsiella pneumoniae	Klebsiella pneumoniae	strain=BGI240	573	573	2025-04-08	I240	https://ftp.ncbi.nlm.nih.gov/genomes/all/GCF/049/350/945/GCF_049350945.1_I240/	refseq	na	5450247	1	SRR30971633	PRJNA1172271	NextSeq 550	PCR	1615164	487779528	ftp.sra.ebi.ac.uk/vol1/fastq/SRR309/033/SRR30971633/SRR30971633_1.fastq.gz;ftp.sra.ebi.ac.uk/vol1/fastq/SRR309/033/SRR30971633/SRR30971633_2.fastq.gz	b0fbd01174d05d5ba1b4bf544ff1a52d;8b98cb481b32b5d7944fa31ec461d28b	147550876;151009079	89.5
SAMN44266236	GCF_049351465.1	PRJNA224116	Klebsiella pneumoniae	Klebsiella pneumoniae	strain=BGI264	573	573	2025-04-08	I264	https://ftp.ncbi.nlm.nih.gov/genomes/all/GCF/049/351/465/GCF_049351465.1_I264/	refseq	na	5569428	1	SRR30971631	PRJNA1172271	NextSeq 550	PCR	1554512	469462624	ftp.sra.ebi.ac.uk/vol1/fastq/SRR309/031/SRR30971631/SRR30971631_1.fastq.gz;ftp.sra.ebi.ac.uk/vol1/fastq/SRR309/031/SRR30971631/SRR30971631_2.fastq.gz	05d49c48fdbbe67b1e3722177e91ff5e;6d8c9a03f3d08e0b71094e0a0e77e61b	141383688;144744481	84.3
SAMN44266241	GCF_049353685.1	PRJNA224116	Klebsiella pneumoniae	Klebsiella pneumoniae	strain=BGS3064	573	573	2025-04-08	S3064	https://ftp.ncbi.nlm.nih.gov/genomes/all/GCF/049/353/685/GCF_049353685.1_S3064/	refseq	na	5738424	1	SRR30971626	PRJNA1172271	NextSeq 550	PCR	1407575	425087650	ftp.sra.ebi.ac.uk/vol1/fastq/SRR309/026/SRR30971626/SRR30971626_1.fastq.gz;ftp.sra.ebi.ac.uk/vol1/fastq/SRR309/026/SRR30971626/SRR30971626_2.fastq.gz	7e489b12110eb6a42264f8b5a1a2c679;0344b209286722f27806fd7e4f56da53	126464608;131916845	74.1
SAMN44266244	GCF_049353735.1	PRJNA224116	Klebsiella pneumoniae	Klebsiella pneumoniae	strain=BGS571	573	573	2025-04-08	S571	https://ftp.ncbi.nlm.nih.gov/genomes/all/GCF/049/353/735/GCF_049353735.1_S571/	refseq	na	5834655	1	SRR30971622	PRJNA1172271	NextSeq 550	PCR	2010227	607088554	ftp.sra.ebi.ac.uk/vol1/fastq/SRR309/022/SRR30971622/SRR30971622_1.fastq.gz;ftp.sra.ebi.ac.uk/vol1/fastq/SRR309/022/SRR30971622/SRR30971622_2.fastq.gz	08f3b107471b64f75a83ddfdbbf31f3c;4ae31617401f8f81456f2fc58c6613fa	182804783;187093182	104.0
SAMN44266245	GCF_049352695.1	PRJNA224116	Klebsiella pneumoniae	Klebsiella pneumoniae	strain=BGS834	573	573	2025-04-08	S834	https://ftp.ncbi.nlm.nih.gov/genomes/all/GCF/049/352/695/GCF_049352695.1_S834/	refseq	na	5749751	1	SRR30971621	PRJNA1172271	NextSeq 550	PCR	2110312	637314224	ftp.sra.ebi.ac.uk/vol1/fastq/SRR309/021/SRR30971621/SRR30971621_1.fastq.gz;ftp.sra.ebi.ac.uk/vol1/fastq/SRR309/021/SRR30971621/SRR30971621_2.fastq.gz	908f052e010bdab309e5d0e66fefa462;42fc55a1c86b6fd575c39f4f5505d966	191241752;195864227	110.8
SAMN44383937	GCF_043647335.1	PRJNA224116	Enterobacter spp.	Enterobacter ludwigii	strain=2024CK-01663	299767	299767	2024-12-05	ASM4364733v2	https://ftp.ncbi.nlm.nih.gov/genomes/all/GCF/043/647/335/GCF_043647335.1_ASM4364733v2/	refseq	na	4860102	1	SRR31075522	PRJNA288601	Illumina MiSeq	RANDOM	916381	326312645	ftp.sra.ebi.ac.uk/vol1/fastq/SRR310/022/SRR31075522/SRR31075522_1.fastq.gz;ftp.sra.ebi.ac.uk/vol1/fastq/SRR310/022/SRR31075522/SRR31075522_2.fastq.gz	7264795296d138138b2c2a3d73b9f881;d638c5e34bebe5856347426c319a92e8	117281665;126727088	67.1
SAMN44510955	GCF_044537545.1	PRJNA224116	Citrobacter spp.	Citrobacter amalonaticus	na	35703	35703	2025-02-11	ASM4453754v2	https://ftp.ncbi.nlm.nih.gov/genomes/all/GCF/044/537/545/GCF_044537545.1_ASM4453754v2/	refseq	na	4795544	1	SRR31169678	PRJNA288601	Illumina MiSeq	RANDOM	793100	382293841	ftp.sra.ebi.ac.uk/vol1/fastq/SRR311/078/SRR31169678/SRR31169678_1.fastq.gz;ftp.sra.ebi.ac.uk/vol1/fastq/SRR311/078/SRR31169678/SRR31169678_2.fastq.gz	cb13cf9871bb8c29d9d0b0267b3d7c35;4a9be1bb2602223b88d6c26a6b21b933	158598480;158318575	79.7
SAMN44589911	GCF_044865145.1	PRJNA224116	Serratia spp.	Serratia aquatilis	strain=2015-2462-01	1737515	1737515	2024-11-13	ASM4486514v1	https://ftp.ncbi.nlm.nih.gov/genomes/all/GCF/044/865/145/GCF_044865145.1_ASM4486514v1/	refseq	reference genome	5423522	1	SRR31242232	PRJNA1182266	Illumina MiSeq	RANDOM	1443968	838119581	ftp.sra.ebi.ac.uk/vol1/fastq/SRR312/032/SRR31242232/SRR31242232_1.fastq.gz;ftp.sra.ebi.ac.uk/vol1/fastq/SRR312/032/SRR31242232/SRR31242232_2.fastq.gz	76f62ecfed8eb2cc71db43a7a52698da;5d3dbc8a9eefbe917d47b1e0a84bd6ea	296222794;353387294	154.5
SAMN45712688	GCF_046015535.1	PRJNA224116	Enterobacter spp.	Enterobacter cloacae	strain=2024HL-01377	550	550	2025-11-14	ASM4601553v2	https://ftp.ncbi.nlm.nih.gov/genomes/all/GCF/046/015/535/GCF_046015535.1_ASM4601553v2/	refseq	na	4904610	1	SRR31682156	PRJNA288601	NextSeq 500	RANDOM	1841991	542485552	ftp.sra.ebi.ac.uk/vol1/fastq/SRR316/056/SRR31682156/SRR31682156_1.fastq.gz;ftp.sra.ebi.ac.uk/vol1/fastq/SRR316/056/SRR31682156/SRR31682156_2.fastq.gz	f86e1859d7d6dbf1c99ac443e2295e09;fc23fc5b81207ad142a17d41ecce8a25	155800217;158203136	110.6
SAMN45712690	GCF_046015545.1	PRJNA224116	Enterobacter spp.	Enterobacter cloacae	strain=2024HL-01379	550	550	2025-11-14	ASM4601554v2	https://ftp.ncbi.nlm.nih.gov/genomes/all/GCF/046/015/545/GCF_046015545.1_ASM4601554v2/	refseq	na	4902387	1	SRR31682154	PRJNA288601	NextSeq 500	RANDOM	1587198	463453204	ftp.sra.ebi.ac.uk/vol1/fastq/SRR316/054/SRR31682154/SRR31682154_1.fastq.gz;ftp.sra.ebi.ac.uk/vol1/fastq/SRR316/054/SRR31682154/SRR31682154_2.fastq.gz	9ce02df1bb52caded28a2f152f5bc3e6;9c6e36ec5879beb355c9cfbac44af794	133637462;134732976	94.5
SAMN45712698	GCF_046024435.1	PRJNA224116	Enterobacter spp.	Enterobacter cloacae	strain=2024HL-01387	550	550	2025-11-14	ASM4602443v2	https://ftp.ncbi.nlm.nih.gov/genomes/all/GCF/046/024/435/GCF_046024435.1_ASM4602443v2/	refseq	na	4901319	1	SRR31682145	PRJNA288601	NextSeq 550	RANDOM	1862086	540154256	ftp.sra.ebi.ac.uk/vol1/fastq/SRR316/045/SRR31682145/SRR31682145_1.fastq.gz;ftp.sra.ebi.ac.uk/vol1/fastq/SRR316/045/SRR31682145/SRR31682145_2.fastq.gz	d9345b9cdc7964a4fed0b016b4e6eb98;228b4128611f7328a184447b0e72f359	160237191;163171275	110.2
SAMN46230707	GCF_053117705.1	PRJNA224116	Enterococcus faecalis	Enterococcus faecalis	strain=2819	1351	1351	2025-10-17	ASM5311770v1	https://ftp.ncbi.nlm.nih.gov/genomes/all/GCF/053/117/705/GCF_053117705.1_ASM5311770v1/	refseq	na	3079400	1	SRR31974501	PRJNA1209846	Illumina NovaSeq 6000	unspecified	2115916	846215043	ftp.sra.ebi.ac.uk/vol1/fastq/SRR319/001/SRR31974501/SRR31974501_1.fastq.gz;ftp.sra.ebi.ac.uk/vol1/fastq/SRR319/001/SRR31974501/SRR31974501_2.fastq.gz	f90bd8d2e5d4294bec66dbdf4cb30cb0;8b120b1f568ad38e2f0b2459c2be4f70	339120921;331681503	274.8
SAMN46230708	GCF_053117695.1	PRJNA224116	Enterococcus faecalis	Enterococcus faecalis	strain=4153	1351	1351	2025-10-17	ASM5311769v1	https://ftp.ncbi.nlm.nih.gov/genomes/all/GCF/053/117/695/GCF_053117695.1_ASM5311769v1/	refseq	na	3032491	1	SRR31974493	PRJNA1209846	Illumina NovaSeq 6000	unspecified	1199574	488351991	ftp.sra.ebi.ac.uk/vol1/fastq/SRR319/093/SRR31974493/SRR31974493_1.fastq.gz;ftp.sra.ebi.ac.uk/vol1/fastq/SRR319/093/SRR31974493/SRR31974493_2.fastq.gz	81b43a61cd67ccc49889b45fdff6cd1e;8fca6a17f899a9083eb4db27d85139fa	210805386;189924640	161.0
SAMN46230709	GCF_053117685.1	PRJNA224116	Enterococcus faecalis	Enterococcus faecalis	strain=4638	1351	1351	2025-10-17	ASM5311768v1	https://ftp.ncbi.nlm.nih.gov/genomes/all/GCF/053/117/685/GCF_053117685.1_ASM5311768v1/	refseq	na	3077672	1	SRR31974491	PRJNA1209846	Illumina NovaSeq 6000	unspecified	252341	112174231	ftp.sra.ebi.ac.uk/vol1/fastq/SRR319/091/SRR31974491/SRR31974491_1.fastq.gz;ftp.sra.ebi.ac.uk/vol1/fastq/SRR319/091/SRR31974491/SRR31974491_2.fastq.gz	2a4e2fde86ac3ea5988c36ae5a9faa81;bec9b3fcaedd22a6b080d53563d563b0	49445630;44843221	36.4
SAMN46230710	GCF_053117675.1	PRJNA224116	Enterococcus faecalis	Enterococcus faecalis	strain=4774	1351	1351	2025-10-17	ASM5311767v1	https://ftp.ncbi.nlm.nih.gov/genomes/all/GCF/053/117/675/GCF_053117675.1_ASM5311767v1/	refseq	na	3024060	1	SRR31974489	PRJNA1209846	Illumina NovaSeq 6000	unspecified	1109202	525068604	ftp.sra.ebi.ac.uk/vol1/fastq/SRR319/089/SRR31974489/SRR31974489_1.fastq.gz;ftp.sra.ebi.ac.uk/vol1/fastq/SRR319/089/SRR31974489/SRR31974489_2.fastq.gz	5df3bdf6a57357a2e591d8bd7689f61c;c2a34ab7b906774829990856213dc8cc	153289330;149129241	173.6
SAMN46230712	GCF_053117655.1	PRJNA224116	Enterococcus faecalis	Enterococcus faecalis	strain=5034	1351	1351	2025-10-17	ASM5311765v1	https://ftp.ncbi.nlm.nih.gov/genomes/all/GCF/053/117/655/GCF_053117655.1_ASM5311765v1/	refseq	na	2834003	1	SRR31974499	PRJNA1209846	Illumina NovaSeq 6000	unspecified	668018	314709975	ftp.sra.ebi.ac.uk/vol1/fastq/SRR319/099/SRR31974499/SRR31974499_1.fastq.gz;ftp.sra.ebi.ac.uk/vol1/fastq/SRR319/099/SRR31974499/SRR31974499_2.fastq.gz	92a847fa93a283c0ee819af133d5c576;e1b5e0283bbaad5c773f329d76146119	85574032;81515091	111.0
SAMN46230713	GCF_053117575.1	PRJNA224116	Enterococcus faecalis	Enterococcus faecalis	strain=5245	1351	1351	2025-10-17	ASM5311757v1	https://ftp.ncbi.nlm.nih.gov/genomes/all/GCF/053/117/575/GCF_053117575.1_ASM5311757v1/	refseq	na	3109802	1	SRR31974497	PRJNA1209846	Illumina NovaSeq 6000	unspecified	491176	193708852	ftp.sra.ebi.ac.uk/vol1/fastq/SRR319/097/SRR31974497/SRR31974497_1.fastq.gz;ftp.sra.ebi.ac.uk/vol1/fastq/SRR319/097/SRR31974497/SRR31974497_2.fastq.gz	fe5638d0fa15c22c53bc8601d05a1ff2;9c38293edfd5149266872440eb85b4da	81548203;74077513	62.3
SAMN46230714	GCF_053117585.1	PRJNA224116	Enterococcus faecalis	Enterococcus faecalis	strain=5410	1351	1351	2025-10-17	ASM5311758v1	https://ftp.ncbi.nlm.nih.gov/genomes/all/GCF/053/117/585/GCF_053117585.1_ASM5311758v1/	refseq	na	2981430	1	SRR31974495	PRJNA1209846	Illumina NovaSeq 6000	unspecified	428302	192318966	ftp.sra.ebi.ac.uk/vol1/fastq/SRR319/095/SRR31974495/SRR31974495_1.fastq.gz;ftp.sra.ebi.ac.uk/vol1/fastq/SRR319/095/SRR31974495/SRR31974495_2.fastq.gz	5dbf9406a3cd4c5e14600e28a44ef658;6939c4a21de39881d6612a2203aa968d	84024636;76962595	64.5
SAMN46342671	GCF_055901155.1	PRJNA224116	Klebsiella pneumoniae	Klebsiella pneumoniae	na	573	573	2026-03-15	ASM5590115v1	https://ftp.ncbi.nlm.nih.gov/genomes/all/GCF/055/901/155/GCF_055901155.1_ASM5590115v1/	refseq	na	5661098	1	SRR32114339	PRJNA855907	Illumina MiSeq	RANDOM	1587327	445987074	ftp.sra.ebi.ac.uk/vol1/fastq/SRR321/039/SRR32114339/SRR32114339_1.fastq.gz;ftp.sra.ebi.ac.uk/vol1/fastq/SRR321/039/SRR32114339/SRR32114339_2.fastq.gz	ceee8ff2e53ed7f4768eb8b45987adc9;e0b86f5eab16750e07432b3d7a8a0528	136494063;136804584	78.8
SAMN46343226	GCF_055901295.1	PRJNA224116	Enterobacter spp.	Enterobacter hormaechei subsp. xiangfangensis	na	1296536	158836	2026-03-15	ASM5590129v1	https://ftp.ncbi.nlm.nih.gov/genomes/all/GCF/055/901/295/GCF_055901295.1_ASM5590129v1/	refseq	na	4648432	1	SRR32114411	PRJNA855907	NextSeq 2000	RANDOM	1777532	508196189	ftp.sra.ebi.ac.uk/vol1/fastq/SRR321/011/SRR32114411/SRR32114411_1.fastq.gz;ftp.sra.ebi.ac.uk/vol1/fastq/SRR321/011/SRR32114411/SRR32114411_2.fastq.gz	3cf85b2bc617d0aec9d529b64c4cbf75;fbc736220d8c36f026c8ca84c96ce833	126085380;133407188	109.3
SAMN46343228	GCF_055901415.1	PRJNA224116	Enterobacter spp.	Enterobacter hormaechei subsp. xiangfangensis	na	1296536	158836	2026-03-15	ASM5590141v1	https://ftp.ncbi.nlm.nih.gov/genomes/all/GCF/055/901/415/GCF_055901415.1_ASM5590141v1/	refseq	na	4649209	1	SRR32114623	PRJNA855907	NextSeq 2000	RANDOM	1925502	549169286	ftp.sra.ebi.ac.uk/vol1/fastq/SRR321/023/SRR32114623/SRR32114623_1.fastq.gz;ftp.sra.ebi.ac.uk/vol1/fastq/SRR321/023/SRR32114623/SRR32114623_2.fastq.gz	5f5d73fb2a36df08549a014ccd36a197;7807dbea0d55cce30062a4766feee06d	137166372;146579654	118.1
SAMN46343359	GCF_055901195.1	PRJNA224116	Citrobacter spp.	Citrobacter europaeus	na	1914243	1914243	2026-03-15	ASM5590119v1	https://ftp.ncbi.nlm.nih.gov/genomes/all/GCF/055/901/195/GCF_055901195.1_ASM5590119v1/	refseq	na	5339633	1	SRR32113942	PRJNA855907	NextSeq 2000	RANDOM	1569130	435272860	ftp.sra.ebi.ac.uk/vol1/fastq/SRR321/042/SRR32113942/SRR32113942_1.fastq.gz;ftp.sra.ebi.ac.uk/vol1/fastq/SRR321/042/SRR32113942/SRR32113942_2.fastq.gz	9a456edfa75c03db259102032e1b4701;696d7c1084406bf40aa303eb5325a4d4	113733760;120259342	81.5
SAMN46343425	GCF_055900905.1	PRJNA224116	Enterobacter spp.	Enterobacter hormaechei subsp. xiangfangensis	na	1296536	158836	2026-03-15	ASM5590090v1	https://ftp.ncbi.nlm.nih.gov/genomes/all/GCF/055/900/905/GCF_055900905.1_ASM5590090v1/	refseq	na	4810908	1	SRR32114155	PRJNA855907	NextSeq 2000	RANDOM	1702902	503960156	ftp.sra.ebi.ac.uk/vol1/fastq/SRR321/055/SRR32114155/SRR32114155_1.fastq.gz;ftp.sra.ebi.ac.uk/vol1/fastq/SRR321/055/SRR32114155/SRR32114155_2.fastq.gz	ece33d8fd0bd6dca1111208ade16e49e;b9db14ace166c4a98c8bc33e9e9a28d5	125809071;135343509	104.8
SAMN46474773	GCF_048537415.1	PRJNA224116	Serratia spp.	Serratia liquefaciens	strain=GTA-SR02	614	614	2025-03-10	GTA-SR02	https://ftp.ncbi.nlm.nih.gov/genomes/all/GCF/048/537/415/GCF_048537415.1_GTA-SR02/	refseq	na	5540843	1	SRR32566534	PRJNA1227994	Illumina MiSeq	RANDOM	3466147	1541240426	ftp.sra.ebi.ac.uk/vol1/fastq/SRR325/034/SRR32566534/SRR32566534_1.fastq.gz;ftp.sra.ebi.ac.uk/vol1/fastq/SRR325/034/SRR32566534/SRR32566534_2.fastq.gz	02839462e630b8b707ef683afb31eec9;fed5e8d594ced2b8e02d4b5b3cf74b7d	551883436;652040935	278.2
SAMN46474822	GCF_048571845.1	PRJNA224116	Serratia spp.	Serratia fonticola	strain=GTA-SR06	47917	47917	2025-03-10	GTA-SR06	https://ftp.ncbi.nlm.nih.gov/genomes/all/GCF/048/571/845/GCF_048571845.1_GTA-SR06/	refseq	na	5949640	1	SRR32566530	PRJNA1227994	Illumina MiSeq	RANDOM	1401479	754675759	ftp.sra.ebi.ac.uk/vol1/fastq/SRR325/030/SRR32566530/SRR32566530_1.fastq.gz;ftp.sra.ebi.ac.uk/vol1/fastq/SRR325/030/SRR32566530/SRR32566530_2.fastq.gz	06454eb2602cd8186fb474cad045da13;c449540492af7b805b6ba7fd1bf7b264	281268108;335115542	126.8
SAMN46474823	GCF_048537545.1	PRJNA224116	Serratia spp.	Serratia fonticola	strain=GTA-SR07	47917	47917	2025-03-10	GTA-SR07	https://ftp.ncbi.nlm.nih.gov/genomes/all/GCF/048/537/545/GCF_048537545.1_GTA-SR07/	refseq	na	5731051	1	SRR32566528	PRJNA1227994	Illumina MiSeq	RANDOM	2449827	864794114	ftp.sra.ebi.ac.uk/vol1/fastq/SRR325/028/SRR32566528/SRR32566528_1.fastq.gz;ftp.sra.ebi.ac.uk/vol1/fastq/SRR325/028/SRR32566528/SRR32566528_2.fastq.gz	cd3187f1c998f7be0c0ef15d06024399;ab152fdf15aadd3a2dcdaa5c8f027736	303533193;348469843	150.9
SAMN46474946	GCF_048537535.1	PRJNA224116	Serratia spp.	Serratia liquefaciens	strain=GTA-SR09	614	614	2025-03-10	GTA-SR09	https://ftp.ncbi.nlm.nih.gov/genomes/all/GCF/048/537/535/GCF_048537535.1_GTA-SR09/	refseq	na	5335811	1	SRR32566526	PRJNA1227994	Illumina MiSeq	RANDOM	1266771	625522745	ftp.sra.ebi.ac.uk/vol1/fastq/SRR325/026/SRR32566526/SRR32566526_1.fastq.gz;ftp.sra.ebi.ac.uk/vol1/fastq/SRR325/026/SRR32566526/SRR32566526_2.fastq.gz	e9d77e17a6bae3191efbc149232154d2;193482b19158ac1dcc8d56b125df1d89	228236843;272518952	117.2
SAMN46474952	GCF_048849215.1	PRJNA224116	Serratia spp.	Serratia nevei	strain=GTA-SR10	2703794	2703794	2025-03-10	GTA-SR10	https://ftp.ncbi.nlm.nih.gov/genomes/all/GCF/048/849/215/GCF_048849215.1_GTA-SR10/	refseq	na	5482452	1	SRR32566524	PRJNA1227994	Illumina MiSeq	RANDOM	1565765	809783968	ftp.sra.ebi.ac.uk/vol1/fastq/SRR325/024/SRR32566524/SRR32566524_1.fastq.gz;ftp.sra.ebi.ac.uk/vol1/fastq/SRR325/024/SRR32566524/SRR32566524_2.fastq.gz	07ff932df8c197710530e12c3cee632a;31f6bcb44dd0c74a2812e6acd0fc276f	297007926;352541223	147.7
SAMN46474961	GCF_048571855.1	PRJNA224116	Serratia spp.	Serratia nevei	strain=GTA-SR11	2703794	2703794	2025-03-14	GTA-SR11	https://ftp.ncbi.nlm.nih.gov/genomes/all/GCF/048/571/855/GCF_048571855.1_GTA-SR11/	refseq	na	5330521	1	SRR32566532	PRJNA1227994	Illumina MiSeq	RANDOM	1326027	683998941	ftp.sra.ebi.ac.uk/vol1/fastq/SRR325/032/SRR32566532/SRR32566532_1.fastq.gz;ftp.sra.ebi.ac.uk/vol1/fastq/SRR325/032/SRR32566532/SRR32566532_2.fastq.gz	5ce1566fee4c2bcdafe927b47c783bdb;ae281217d1128570868cf25c37f2da9c	254909614;296807597	128.3
SAMN46484920	GCF_052882745.1	PRJNA224116	Klebsiella pneumoniae	Klebsiella pneumoniae	strain=I542	573	573	2025-09-27	ASM5288274v1	https://ftp.ncbi.nlm.nih.gov/genomes/all/GCF/052/882/745/GCF_052882745.1_ASM5288274v1/	refseq	na	5577001	1	SRR32177055	PRJNA1216752	Illumina NovaSeq 6000	RANDOM	1065643	526868570	ftp.sra.ebi.ac.uk/vol1/fastq/SRR321/055/SRR32177055/SRR32177055_1.fastq.gz;ftp.sra.ebi.ac.uk/vol1/fastq/SRR321/055/SRR32177055/SRR32177055_2.fastq.gz	9436cb8297419bcbf577a5d18cc7c361;7115820272113112f1e8efaab8ac08a3	162462467;201369711	94.5
SAMN46544978	GCF_051549745.1	PRJNA224116	Enterobacter spp.	Enterobacter chengduensis	strain=EN1903348	2494701	2494701	2025-07-28	ASM5154974v1	https://ftp.ncbi.nlm.nih.gov/genomes/all/GCF/051/549/745/GCF_051549745.1_ASM5154974v1/	refseq	na	5611204	1	SRR33047820	PRJNA1219142	Illumina MiSeq	RANDOM	1128379	629189716	ftp.sra.ebi.ac.uk/vol1/fastq/SRR330/020/SRR33047820/SRR33047820_1.fastq.gz;ftp.sra.ebi.ac.uk/vol1/fastq/SRR330/020/SRR33047820/SRR33047820_2.fastq.gz	d8244c73a49f1037ae622b4d66a416d8;d5fa2ff6e5bc58cabee86b710068b632	227976504;269004790	112.1
SAMN46544979	GCF_051549735.1	PRJNA224116	Klebsiella pneumoniae	Klebsiella pneumoniae	strain=KP1908981	573	573	2025-07-28	ASM5154973v1	https://ftp.ncbi.nlm.nih.gov/genomes/all/GCF/051/549/735/GCF_051549735.1_ASM5154973v1/	refseq	na	5668054	1	SRR33047868	PRJNA1219142	Illumina MiSeq	RANDOM	601568	329358837	ftp.sra.ebi.ac.uk/vol1/fastq/SRR330/068/SRR33047868/SRR33047868_1.fastq.gz;ftp.sra.ebi.ac.uk/vol1/fastq/SRR330/068/SRR33047868/SRR33047868_2.fastq.gz	4b9422377de63c18534e90c63dac99d4;f2b7b135eab2d26af17d2c085d4f0c3f	123712749;145933723	58.1
SAMN46544980	GCF_051549725.1	PRJNA224116	Klebsiella pneumoniae	Klebsiella pneumoniae	strain=KP2006286	573	573	2025-07-28	ASM5154972v1	https://ftp.ncbi.nlm.nih.gov/genomes/all/GCF/051/549/725/GCF_051549725.1_ASM5154972v1/	refseq	na	5738536	1	SRR33047867	PRJNA1219142	Illumina MiSeq	RANDOM	746014	415117862	ftp.sra.ebi.ac.uk/vol1/fastq/SRR330/067/SRR33047867/SRR33047867_1.fastq.gz;ftp.sra.ebi.ac.uk/vol1/fastq/SRR330/067/SRR33047867/SRR33047867_2.fastq.gz	60b41952ae6671115d0e6a3178b7c59c;d2972b306239a59100ec585c560f6085	153487555;178622148	72.3
SAMN46544982	GCF_051549705.1	PRJNA224116	Klebsiella pneumoniae	Klebsiella pneumoniae	strain=KP2208042	573	573	2025-07-28	ASM5154970v1	https://ftp.ncbi.nlm.nih.gov/genomes/all/GCF/051/549/705/GCF_051549705.1_ASM5154970v1/	refseq	na	6175718	1	SRR33047861	PRJNA1219142	Illumina MiSeq	RANDOM	656426	372677589	ftp.sra.ebi.ac.uk/vol1/fastq/SRR330/061/SRR33047861/SRR33047861_1.fastq.gz;ftp.sra.ebi.ac.uk/vol1/fastq/SRR330/061/SRR33047861/SRR33047861_2.fastq.gz	1b82f9128aec49bc4da97868e7c16ec2;47110021931745a2a4865b68bea2daf2	136356410;164111581	60.3
SAMN46716616	GCF_050908925.1	PRJNA224116	Enterococcus faecium	Enterococcus faecium	strain=VR2	1352	1352	2025-06-12	ASM5090892v1	https://ftp.ncbi.nlm.nih.gov/genomes/all/GCF/050/908/925/GCF_050908925.1_ASM5090892v1/	refseq	na	3191134	1	SRR32263293	PRJNA1220344	Illumina NovaSeq 6000	RANDOM	5009443	1512851786	ftp.sra.ebi.ac.uk/vol1/fastq/SRR322/093/SRR32263293/SRR32263293_1.fastq.gz;ftp.sra.ebi.ac.uk/vol1/fastq/SRR322/093/SRR32263293/SRR32263293_2.fastq.gz	ba2a176fc9351238bc425ed19b09030a;a50b1534dc676c9f860543623313cc9d	395449512;424067177	474.1
SAMN46716619	GCF_050908935.1	PRJNA224116	Enterococcus faecium	Enterococcus faecium	strain=VR5	1352	1352	2025-06-12	ASM5090893v1	https://ftp.ncbi.nlm.nih.gov/genomes/all/GCF/050/908/935/GCF_050908935.1_ASM5090893v1/	refseq	na	3153179	1	SRR32263246	PRJNA1220344	Illumina NovaSeq 6000	RANDOM	3590338	1084282076	ftp.sra.ebi.ac.uk/vol1/fastq/SRR322/046/SRR32263246/SRR32263246_1.fastq.gz;ftp.sra.ebi.ac.uk/vol1/fastq/SRR322/046/SRR32263246/SRR32263246_2.fastq.gz	6d288cba719405eac8b47934023e2112;2403ff241c47b5f61077a68cbd731d61	289741205;330572692	343.9
SAMN46716648	GCF_050909075.1	PRJNA224116	Enterococcus faecium	Enterococcus faecium	strain=VR64	1352	1352	2025-06-12	ASM5090907v1	https://ftp.ncbi.nlm.nih.gov/genomes/all/GCF/050/909/075/GCF_050909075.1_ASM5090907v1/	refseq	na	3216789	1	SRR32263256	PRJNA1220344	Illumina NovaSeq 6000	RANDOM	2048151	618541602	ftp.sra.ebi.ac.uk/vol1/fastq/SRR322/056/SRR32263256/SRR32263256_1.fastq.gz;ftp.sra.ebi.ac.uk/vol1/fastq/SRR322/056/SRR32263256/SRR32263256_2.fastq.gz	bffb30994cc6aa013d483b32b5f13739;800e7b9931569eb6e877d4ebae5bfb5a	164961655;191661868	192.3
SAMN46716649	GCF_050909085.1	PRJNA224116	Enterococcus faecium	Enterococcus faecium	strain=VR67	1352	1352	2025-06-12	ASM5090908v1	https://ftp.ncbi.nlm.nih.gov/genomes/all/GCF/050/909/085/GCF_050909085.1_ASM5090908v1/	refseq	na	3108658	1	SRR32263254	PRJNA1220344	Illumina NovaSeq 6000	RANDOM	2176810	657396620	ftp.sra.ebi.ac.uk/vol1/fastq/SRR322/054/SRR32263254/SRR32263254_1.fastq.gz;ftp.sra.ebi.ac.uk/vol1/fastq/SRR322/054/SRR32263254/SRR32263254_2.fastq.gz	19c9c29835299d9915a413d8dfbb75a5;581fe6ec1f0a62e23cef7eb31e2acbb7	174810325;202168360	211.5
SAMN46778009	GCF_051414835.1	PRJNA224116	Klebsiella pneumoniae	Klebsiella pneumoniae	na	573	573	2025-07-19	KpMVS1	https://ftp.ncbi.nlm.nih.gov/genomes/all/GCF/051/414/835/GCF_051414835.1_KpMVS1/	refseq	na	5572202	1	SRR32399096	PRJNA1084250	Illumina HiSeq 2500	RANDOM	1021138	201926689	ftp.sra.ebi.ac.uk/vol1/fastq/SRR323/096/SRR32399096/SRR32399096_1.fastq.gz;ftp.sra.ebi.ac.uk/vol1/fastq/SRR323/096/SRR32399096/SRR32399096_2.fastq.gz	d7d03b870569e7be085362c1fc993f8a;54964c9c527866b02e861a68f58903fc	69036936;72527139	36.2
SAMN46778011	GCF_051414815.1	PRJNA224116	Klebsiella pneumoniae	Klebsiella pneumoniae	na	573	573	2025-07-19	KpMVS2	https://ftp.ncbi.nlm.nih.gov/genomes/all/GCF/051/414/815/GCF_051414815.1_KpMVS2/	refseq	na	5767637	1	SRR32399094	PRJNA1084250	Illumina HiSeq 2500	RANDOM	1558406	309554732	ftp.sra.ebi.ac.uk/vol1/fastq/SRR323/094/SRR32399094/SRR32399094_1.fastq.gz;ftp.sra.ebi.ac.uk/vol1/fastq/SRR323/094/SRR32399094/SRR32399094_2.fastq.gz	14b4ade75630fb39723feb274bda2d83;b9cc9d2f6cf6a2265c16904cdcba569e	105195135;108722691	53.7
SAMN46862811	GCF_053078555.1	PRJNA224116	Klebsiella pneumoniae	Klebsiella pneumoniae	strain=K-24287	573	573	2025-10-15	ASM5307855v1	https://ftp.ncbi.nlm.nih.gov/genomes/all/GCF/053/078/555/GCF_053078555.1_ASM5307855v1/	refseq	na	5460190	1	SRR32370176	PRJNA1224596	Illumina MiniSeq	RANDOM	1207924	359068560	ftp.sra.ebi.ac.uk/vol1/fastq/SRR323/076/SRR32370176/SRR32370176_1.fastq.gz;ftp.sra.ebi.ac.uk/vol1/fastq/SRR323/076/SRR32370176/SRR32370176_2.fastq.gz	ee7a50d6626299c31ac0326bd78a5bfd;4ea056dc37ca1cee70cc2a2246471cd7	97847304;97968926	65.8
SAMN46862812	GCF_053078545.1	PRJNA224116	Klebsiella pneumoniae	Klebsiella pneumoniae	strain=K-75504	573	573	2025-10-15	ASM5307854v1	https://ftp.ncbi.nlm.nih.gov/genomes/all/GCF/053/078/545/GCF_053078545.1_ASM5307854v1/	refseq	na	5340329	1	SRR32370175	PRJNA1224596	Illumina MiniSeq	RANDOM	770018	229700431	ftp.sra.ebi.ac.uk/vol1/fastq/SRR323/075/SRR32370175/SRR32370175_1.fastq.gz;ftp.sra.ebi.ac.uk/vol1/fastq/SRR323/075/SRR32370175/SRR32370175_2.fastq.gz	17867eb6b73cfab55cf5e21b5fa78090;7941dedecf7e91919e87e3b96dca0875	62956142;64073671	43.0
SAMN46862813	GCF_053078535.1	PRJNA224116	Klebsiella pneumoniae	Klebsiella pneumoniae	strain=K-1052	573	573	2025-10-15	ASM5307853v1	https://ftp.ncbi.nlm.nih.gov/genomes/all/GCF/053/078/535/GCF_053078535.1_ASM5307853v1/	refseq	na	5534245	1	SRR32370174	PRJNA1224596	Illumina MiniSeq	RANDOM	851492	253842277	ftp.sra.ebi.ac.uk/vol1/fastq/SRR323/074/SRR32370174/SRR32370174_1.fastq.gz;ftp.sra.ebi.ac.uk/vol1/fastq/SRR323/074/SRR32370174/SRR32370174_2.fastq.gz	0eee855677c28d54642ad434e48cc2e4;04c2abf1b65077d8891a2b9e9b2b815d	66601602;66585320	45.9
SAMN46862814	GCF_053078525.1	PRJNA224116	Klebsiella pneumoniae	Klebsiella pneumoniae	strain=K-40150	573	573	2025-10-15	ASM5307852v1	https://ftp.ncbi.nlm.nih.gov/genomes/all/GCF/053/078/525/GCF_053078525.1_ASM5307852v1/	refseq	na	5366292	1	SRR32370173	PRJNA1224596	Illumina MiniSeq	RANDOM	641889	191118734	ftp.sra.ebi.ac.uk/vol1/fastq/SRR323/073/SRR32370173/SRR32370173_1.fastq.gz;ftp.sra.ebi.ac.uk/vol1/fastq/SRR323/073/SRR32370173/SRR32370173_2.fastq.gz	8e9fbba8c8f06924bfd0733a45e32cd6;3695a54b3031a1fd9e3fa04b2f8b08c5	53248324;53992384	35.6
SAMN46862815	GCF_053078515.1	PRJNA224116	Klebsiella pneumoniae	Klebsiella pneumoniae	strain=K-1030	573	573	2025-10-15	ASM5307851v1	https://ftp.ncbi.nlm.nih.gov/genomes/all/GCF/053/078/515/GCF_053078515.1_ASM5307851v1/	refseq	na	5368589	1	SRR32370172	PRJNA1224596	Illumina MiniSeq	RANDOM	689528	205232747	ftp.sra.ebi.ac.uk/vol1/fastq/SRR323/072/SRR32370172/SRR32370172_1.fastq.gz;ftp.sra.ebi.ac.uk/vol1/fastq/SRR323/072/SRR32370172/SRR32370172_2.fastq.gz	048848b8d262738d520ceb9b0fe283ba;305c7cdee6025e78c1a0e8424a7c4636	59614444;60375468	38.2
SAMN46862816	GCF_055825155.1	PRJNA224116	Klebsiella pneumoniae	Klebsiella pneumoniae	strain=K-Arola	573	573	2026-03-13	ASM5582515v1	https://ftp.ncbi.nlm.nih.gov/genomes/all/GCF/055/825/155/GCF_055825155.1_ASM5582515v1/	refseq	na	5454994	1	SRR32370171	PRJNA1224596	Illumina MiniSeq	RANDOM	805071	240043540	ftp.sra.ebi.ac.uk/vol1/fastq/SRR323/071/SRR32370171/SRR32370171_1.fastq.gz;ftp.sra.ebi.ac.uk/vol1/fastq/SRR323/071/SRR32370171/SRR32370171_2.fastq.gz	30dcff72b7224de82d93941b9d5b5ad1;9dfb246cd953765639fc7d4b9ac18401	69612607;70170323	44.0
SAMN46862817	GCF_053078505.1	PRJNA224116	Klebsiella pneumoniae	Klebsiella pneumoniae	strain=K-1013	573	573	2025-10-15	ASM5307850v1	https://ftp.ncbi.nlm.nih.gov/genomes/all/GCF/053/078/505/GCF_053078505.1_ASM5307850v1/	refseq	na	5442862	1	SRR32370170	PRJNA1224596	Illumina MiniSeq	RANDOM	941870	280949780	ftp.sra.ebi.ac.uk/vol1/fastq/SRR323/070/SRR32370170/SRR32370170_1.fastq.gz;ftp.sra.ebi.ac.uk/vol1/fastq/SRR323/070/SRR32370170/SRR32370170_2.fastq.gz	a8f32f013fe8e0b6fbff1413ce997fe7;734db2faced948c30aa59c0b26896a5e	73528098;74298113	51.6
SAMN46862818	GCF_053078495.1	PRJNA224116	Klebsiella pneumoniae	Klebsiella pneumoniae	strain=K-913	573	573	2025-10-15	ASM5307849v1	https://ftp.ncbi.nlm.nih.gov/genomes/all/GCF/053/078/495/GCF_053078495.1_ASM5307849v1/	refseq	na	5291715	1	SRR32370169	PRJNA1224596	Illumina MiniSeq	RANDOM	850427	253809489	ftp.sra.ebi.ac.uk/vol1/fastq/SRR323/069/SRR32370169/SRR32370169_1.fastq.gz;ftp.sra.ebi.ac.uk/vol1/fastq/SRR323/069/SRR32370169/SRR32370169_2.fastq.gz	9c4fcbb952aa5cfa0757beb88e2bfd8a;6e3565c1d3509463464c9b0e76180d27	73336180;75619916	48.0
SAMN46862819	GCF_055825135.1	PRJNA224116	Klebsiella pneumoniae	Klebsiella pneumoniae	strain=K-733	573	573	2026-03-13	ASM5582513v1	https://ftp.ncbi.nlm.nih.gov/genomes/all/GCF/055/825/135/GCF_055825135.1_ASM5582513v1/	refseq	na	5351084	1	SRR32370168	PRJNA1224596	Illumina MiniSeq	RANDOM	604935	180292378	ftp.sra.ebi.ac.uk/vol1/fastq/SRR323/068/SRR32370168/SRR32370168_1.fastq.gz;ftp.sra.ebi.ac.uk/vol1/fastq/SRR323/068/SRR32370168/SRR32370168_2.fastq.gz	dd2cdb63d982990fcd12073b363f6dc2;4a0df19c3a26877ac31e597f62cb08d6	51961964;52986142	33.7
SAMN46862820	GCF_053078485.1	PRJNA224116	Klebsiella pneumoniae	Klebsiella pneumoniae	strain=K-17213	573	573	2025-10-15	ASM5307848v1	https://ftp.ncbi.nlm.nih.gov/genomes/all/GCF/053/078/485/GCF_053078485.1_ASM5307848v1/	refseq	na	5374998	1	SRR32370167	PRJNA1224596	Illumina MiniSeq	RANDOM	603031	179818682	ftp.sra.ebi.ac.uk/vol1/fastq/SRR323/067/SRR32370167/SRR32370167_1.fastq.gz;ftp.sra.ebi.ac.uk/vol1/fastq/SRR323/067/SRR32370167/SRR32370167_2.fastq.gz	1963067895c4f228bfb2aa13975cae59;ea70e3377d93da316e1df69a9825654a	50093235;50938550	33.5
SAMN46862821	GCF_053078475.1	PRJNA224116	Klebsiella pneumoniae	Klebsiella pneumoniae	strain=K-915	573	573	2025-10-15	ASM5307847v1	https://ftp.ncbi.nlm.nih.gov/genomes/all/GCF/053/078/475/GCF_053078475.1_ASM5307847v1/	refseq	na	5401277	1	SRR32370165	PRJNA1224596	Illumina MiniSeq	RANDOM	836195	249518489	ftp.sra.ebi.ac.uk/vol1/fastq/SRR323/065/SRR32370165/SRR32370165_1.fastq.gz;ftp.sra.ebi.ac.uk/vol1/fastq/SRR323/065/SRR32370165/SRR32370165_2.fastq.gz	a57a9e4c90799a3d2b167b850865a7d1;1e1825bdfc87d072710a04fc11c703d5	64820315;65300468	46.2
SAMN46862822	GCF_055825125.1	PRJNA224116	Klebsiella pneumoniae	Klebsiella pneumoniae	strain=K-75462	573	573	2026-03-13	ASM5582512v1	https://ftp.ncbi.nlm.nih.gov/genomes/all/GCF/055/825/125/GCF_055825125.1_ASM5582512v1/	refseq	na	5428786	1	SRR32370164	PRJNA1224596	Illumina MiniSeq	RANDOM	704840	210151138	ftp.sra.ebi.ac.uk/vol1/fastq/SRR323/064/SRR32370164/SRR32370164_1.fastq.gz;ftp.sra.ebi.ac.uk/vol1/fastq/SRR323/064/SRR32370164/SRR32370164_2.fastq.gz	85376bb9383bf33ee1fe430f46ac4ec1;273119bcf4cb71063d40eb641bab7cf6	58268079;59504966	38.7
SAMN46862823	GCF_053078465.1	PRJNA224116	Klebsiella pneumoniae	Klebsiella pneumoniae	strain=K-1901	573	573	2025-10-15	ASM5307846v1	https://ftp.ncbi.nlm.nih.gov/genomes/all/GCF/053/078/465/GCF_053078465.1_ASM5307846v1/	refseq	na	5427672	1	SRR32370163	PRJNA1224596	Illumina MiniSeq	RANDOM	771534	229847391	ftp.sra.ebi.ac.uk/vol1/fastq/SRR323/063/SRR32370163/SRR32370163_1.fastq.gz;ftp.sra.ebi.ac.uk/vol1/fastq/SRR323/063/SRR32370163/SRR32370163_2.fastq.gz	3b79f4ecd2e9ce2cc0a2b6f3ba3398ed;bb4a886832d599e044af0122894962f1	60441177;61401642	42.3
SAMN46862824	GCF_053078455.1	PRJNA224116	Klebsiella pneumoniae	Klebsiella pneumoniae	strain=K-698	573	573	2025-10-15	ASM5307845v1	https://ftp.ncbi.nlm.nih.gov/genomes/all/GCF/053/078/455/GCF_053078455.1_ASM5307845v1/	refseq	na	5580146	1	SRR32370162	PRJNA1224596	Illumina MiniSeq	RANDOM	888361	265449300	ftp.sra.ebi.ac.uk/vol1/fastq/SRR323/062/SRR32370162/SRR32370162_1.fastq.gz;ftp.sra.ebi.ac.uk/vol1/fastq/SRR323/062/SRR32370162/SRR32370162_2.fastq.gz	8b3cf9d2f1171acd2912ee39a2bd43aa;ba76399512181d31bea894e147777fc6	73457380;74089032	47.6
SAMN46862825	GCF_053078445.1	PRJNA224116	Klebsiella pneumoniae	Klebsiella pneumoniae	strain=K-1011	573	573	2025-10-15	ASM5307844v1	https://ftp.ncbi.nlm.nih.gov/genomes/all/GCF/053/078/445/GCF_053078445.1_ASM5307844v1/	refseq	na	5376854	1	SRR32370161	PRJNA1224596	Illumina MiniSeq	RANDOM	843625	251070763	ftp.sra.ebi.ac.uk/vol1/fastq/SRR323/061/SRR32370161/SRR32370161_1.fastq.gz;ftp.sra.ebi.ac.uk/vol1/fastq/SRR323/061/SRR32370161/SRR32370161_2.fastq.gz	964996084e888f2b16c806840e3bedb3;33da2090a153876f8058062785f8aa7f	64934935;65332510	46.7
SAMN46862826	GCF_053078435.1	PRJNA224116	Klebsiella pneumoniae	Klebsiella pneumoniae	strain=K-16848	573	573	2025-10-15	ASM5307843v1	https://ftp.ncbi.nlm.nih.gov/genomes/all/GCF/053/078/435/GCF_053078435.1_ASM5307843v1/	refseq	na	5381281	1	SRR32370160	PRJNA1224596	Illumina MiniSeq	RANDOM	1205067	358371626	ftp.sra.ebi.ac.uk/vol1/fastq/SRR323/060/SRR32370160/SRR32370160_1.fastq.gz;ftp.sra.ebi.ac.uk/vol1/fastq/SRR323/060/SRR32370160/SRR32370160_2.fastq.gz	ce0a36366f4987ab43cfb78e8628680e;905a87d1a735410fc13511aa82fbc3f3	97791775;97338857	66.6
SAMN46862827	GCF_053078425.1	PRJNA224116	Klebsiella pneumoniae	Klebsiella pneumoniae	strain=K-899	573	573	2025-10-15	ASM5307842v1	https://ftp.ncbi.nlm.nih.gov/genomes/all/GCF/053/078/425/GCF_053078425.1_ASM5307842v1/	refseq	na	5452568	1	SRR32370159	PRJNA1224596	Illumina MiniSeq	RANDOM	1101062	327965002	ftp.sra.ebi.ac.uk/vol1/fastq/SRR323/059/SRR32370159/SRR32370159_1.fastq.gz;ftp.sra.ebi.ac.uk/vol1/fastq/SRR323/059/SRR32370159/SRR32370159_2.fastq.gz	bbc339e685bbe72cd5168e62483c0553;2e44b8675f0a34230c04ca7c8a220a4e	92589426;93903644	60.1
SAMN46862828	GCF_053078415.1	PRJNA224116	Klebsiella pneumoniae	Klebsiella pneumoniae	strain=K-1023	573	573	2025-10-15	ASM5307841v1	https://ftp.ncbi.nlm.nih.gov/genomes/all/GCF/053/078/415/GCF_053078415.1_ASM5307841v1/	refseq	na	5397743	1	SRR32370158	PRJNA1224596	Illumina MiniSeq	RANDOM	831967	246984411	ftp.sra.ebi.ac.uk/vol1/fastq/SRR323/058/SRR32370158/SRR32370158_1.fastq.gz;ftp.sra.ebi.ac.uk/vol1/fastq/SRR323/058/SRR32370158/SRR32370158_2.fastq.gz	f09712aaf3d9ecbbb511fe3be6f45edc;cc6ad7901580b92a83dd6f9ded7102b2	71147498;71618058	45.8
SAMN46862829	GCF_053078405.1	PRJNA224116	Klebsiella pneumoniae	Klebsiella pneumoniae	strain=K-145	573	573	2025-10-15	ASM5307840v1	https://ftp.ncbi.nlm.nih.gov/genomes/all/GCF/053/078/405/GCF_053078405.1_ASM5307840v1/	refseq	na	5320873	1	SRR32370157	PRJNA1224596	Illumina MiniSeq	RANDOM	731239	218086504	ftp.sra.ebi.ac.uk/vol1/fastq/SRR323/057/SRR32370157/SRR32370157_1.fastq.gz;ftp.sra.ebi.ac.uk/vol1/fastq/SRR323/057/SRR32370157/SRR32370157_2.fastq.gz	1e42b9211be37ef5dc5b2d915d79aea9;34b569f3d55ac2d61db871f2e2a2c7d7	57265168;58179907	41.0
SAMN46862830	GCF_053078395.1	PRJNA224116	Klebsiella pneumoniae	Klebsiella pneumoniae	strain=K-28407	573	573	2025-10-15	ASM5307839v1	https://ftp.ncbi.nlm.nih.gov/genomes/all/GCF/053/078/395/GCF_053078395.1_ASM5307839v1/	refseq	na	5422687	1	SRR32370156	PRJNA1224596	Illumina MiniSeq	RANDOM	1285895	383463618	ftp.sra.ebi.ac.uk/vol1/fastq/SRR323/056/SRR32370156/SRR32370156_1.fastq.gz;ftp.sra.ebi.ac.uk/vol1/fastq/SRR323/056/SRR32370156/SRR32370156_2.fastq.gz	a5905c3f2c3c9ab182ce3fe1fe6ab352;7ea67047984102144a5c28f3a736e06a	104946151;104982944	70.7
SAMN46862833	GCF_053078385.1	PRJNA224116	Klebsiella pneumoniae	Klebsiella pneumoniae	strain=K-475	573	573	2025-10-15	ASM5307838v1	https://ftp.ncbi.nlm.nih.gov/genomes/all/GCF/053/078/385/GCF_053078385.1_ASM5307838v1/	refseq	na	5417154	1	SRR32370152	PRJNA1224596	Illumina MiniSeq	RANDOM	735932	219434796	ftp.sra.ebi.ac.uk/vol1/fastq/SRR323/052/SRR32370152/SRR32370152_1.fastq.gz;ftp.sra.ebi.ac.uk/vol1/fastq/SRR323/052/SRR32370152/SRR32370152_2.fastq.gz	2f822f9d8a43b194b6444439ac891236;e82cd00992da2a5b1327cd16ec34a2cc	62933096;65343749	40.5
SAMN46862834	GCF_053078375.1	PRJNA224116	Klebsiella pneumoniae	Klebsiella pneumoniae	strain=K-1659	573	573	2025-10-15	ASM5307837v1	https://ftp.ncbi.nlm.nih.gov/genomes/all/GCF/053/078/375/GCF_053078375.1_ASM5307837v1/	refseq	na	5533194	1	SRR32370151	PRJNA1224596	Illumina MiniSeq	RANDOM	641930	191519598	ftp.sra.ebi.ac.uk/vol1/fastq/SRR323/051/SRR32370151/SRR32370151_1.fastq.gz;ftp.sra.ebi.ac.uk/vol1/fastq/SRR323/051/SRR32370151/SRR32370151_2.fastq.gz	ddb8d35b3959401d3bafe94ac53faf3b;05277f91bef7094e3eb3ccdb3a2f7ead	51298719;51214534	34.6
SAMN46862835	GCF_053078365.1	PRJNA224116	Klebsiella pneumoniae	Klebsiella pneumoniae	strain=K-716	573	573	2025-10-15	ASM5307836v1	https://ftp.ncbi.nlm.nih.gov/genomes/all/GCF/053/078/365/GCF_053078365.1_ASM5307836v1/	refseq	na	5204291	1	SRR32370146	PRJNA1224596	Illumina MiniSeq	RANDOM	702202	209374674	ftp.sra.ebi.ac.uk/vol1/fastq/SRR323/046/SRR32370146/SRR32370146_1.fastq.gz;ftp.sra.ebi.ac.uk/vol1/fastq/SRR323/046/SRR32370146/SRR32370146_2.fastq.gz	265202fc4f7f73d8c420fe37c2b406c9;76671b23aa796c9b3372bd106e7d7542	60343234;61467184	40.2
SAMN46862836	GCF_055824915.1	PRJNA224116	Klebsiella pneumoniae	Klebsiella pneumoniae	strain=K-24247	573	573	2026-03-13	ASM5582491v1	https://ftp.ncbi.nlm.nih.gov/genomes/all/GCF/055/824/915/GCF_055824915.1_ASM5582491v1/	refseq	na	5367380	1	SRR32370145	PRJNA1224596	Illumina MiniSeq	RANDOM	766535	228731561	ftp.sra.ebi.ac.uk/vol1/fastq/SRR323/045/SRR32370145/SRR32370145_1.fastq.gz;ftp.sra.ebi.ac.uk/vol1/fastq/SRR323/045/SRR32370145/SRR32370145_2.fastq.gz	93bd144cf2bc2b522b56a21549130266;f549daf394b66546a18c1b939147b0a9	63162717;63086341	42.6
SAMN46862842	GCF_055824795.1	PRJNA224116	Klebsiella pneumoniae	Klebsiella pneumoniae	strain=K-939	573	573	2026-03-13	ASM5582479v1	https://ftp.ncbi.nlm.nih.gov/genomes/all/GCF/055/824/795/GCF_055824795.1_ASM5582479v1/	refseq	na	5449018	1	SRR32370138	PRJNA1224596	Illumina MiniSeq	RANDOM	804245	240174618	ftp.sra.ebi.ac.uk/vol1/fastq/SRR323/038/SRR32370138/SRR32370138_1.fastq.gz;ftp.sra.ebi.ac.uk/vol1/fastq/SRR323/038/SRR32370138/SRR32370138_2.fastq.gz	25478a06bf70f942d2430aa0b8f291c9;6f39e24486aef65ec40c9ae9f37deb48	62817026;63195206	44.1
SAMN46862845	GCF_055824745.1	PRJNA224116	Klebsiella pneumoniae	Klebsiella pneumoniae	strain=K-22656	573	573	2026-03-13	ASM5582474v1	https://ftp.ncbi.nlm.nih.gov/genomes/all/GCF/055/824/745/GCF_055824745.1_ASM5582474v1/	refseq	na	5221219	1	SRR32370135	PRJNA1224596	Illumina MiniSeq	RANDOM	770302	229684413	ftp.sra.ebi.ac.uk/vol1/fastq/SRR323/035/SRR32370135/SRR32370135_1.fastq.gz;ftp.sra.ebi.ac.uk/vol1/fastq/SRR323/035/SRR32370135/SRR32370135_2.fastq.gz	49fbe9baeab883e3fa81cf0b2c9398e7;b76f67170f0dcf809acfb611f061c7da	62880494;63446610	44.0
SAMN46862846	GCF_055824725.1	PRJNA224116	Klebsiella pneumoniae	Klebsiella pneumoniae	strain=K-33307	573	573	2026-03-13	ASM5582472v1	https://ftp.ncbi.nlm.nih.gov/genomes/all/GCF/055/824/725/GCF_055824725.1_ASM5582472v1/	refseq	na	5440210	1	SRR32370134	PRJNA1224596	Illumina MiniSeq	RANDOM	796726	237636673	ftp.sra.ebi.ac.uk/vol1/fastq/SRR323/034/SRR32370134/SRR32370134_1.fastq.gz;ftp.sra.ebi.ac.uk/vol1/fastq/SRR323/034/SRR32370134/SRR32370134_2.fastq.gz	ea5cbe52e0022778065d4e698d4e4158;9dda4a51f8a3ea8a322caf534a190563	65600004;66542636	43.7
SAMN46862848	GCF_055824715.1	PRJNA224116	Klebsiella pneumoniae	Klebsiella pneumoniae	strain=K-163	573	573	2026-03-13	ASM5582471v1	https://ftp.ncbi.nlm.nih.gov/genomes/all/GCF/055/824/715/GCF_055824715.1_ASM5582471v1/	refseq	na	5400445	1	SRR32370132	PRJNA1224596	Illumina MiniSeq	RANDOM	660468	196978707	ftp.sra.ebi.ac.uk/vol1/fastq/SRR323/032/SRR32370132/SRR32370132_1.fastq.gz;ftp.sra.ebi.ac.uk/vol1/fastq/SRR323/032/SRR32370132/SRR32370132_2.fastq.gz	bfc8a713977289ba467c127561655c2d;d88c7ffcf25cd809525366b665d958ca	51670130;52113767	36.5
SAMN46862850	GCF_055824695.1	PRJNA224116	Klebsiella pneumoniae	Klebsiella pneumoniae	strain=K-1486	573	573	2026-03-13	ASM5582469v1	https://ftp.ncbi.nlm.nih.gov/genomes/all/GCF/055/824/695/GCF_055824695.1_ASM5582469v1/	refseq	na	5512001	1	SRR32370130	PRJNA1224596	Illumina MiniSeq	RANDOM	1028165	305651751	ftp.sra.ebi.ac.uk/vol1/fastq/SRR323/030/SRR32370130/SRR32370130_1.fastq.gz;ftp.sra.ebi.ac.uk/vol1/fastq/SRR323/030/SRR32370130/SRR32370130_2.fastq.gz	a56544f25d810544884157477ee05368;3bfcfeadd37a9b3c2cb5866af4fbedb3	78513414;78968738	55.5
SAMN46862851	GCF_055824655.1	PRJNA224116	Klebsiella pneumoniae	Klebsiella pneumoniae	strain=K-28324	573	573	2026-03-13	ASM5582465v1	https://ftp.ncbi.nlm.nih.gov/genomes/all/GCF/055/824/655/GCF_055824655.1_ASM5582465v1/	refseq	na	5398757	1	SRR32370128	PRJNA1224596	Illumina MiniSeq	RANDOM	1179834	351384191	ftp.sra.ebi.ac.uk/vol1/fastq/SRR323/028/SRR32370128/SRR32370128_1.fastq.gz;ftp.sra.ebi.ac.uk/vol1/fastq/SRR323/028/SRR32370128/SRR32370128_2.fastq.gz	f03c96232bce110b990bd9b5fb1b3e7b;7237ace0feb2a8b406d29af7942e7f7e	96663520;96975111	65.1
SAMN46862852	GCF_055824645.1	PRJNA224116	Klebsiella pneumoniae	Klebsiella pneumoniae	strain=K-903	573	573	2026-03-13	ASM5582464v1	https://ftp.ncbi.nlm.nih.gov/genomes/all/GCF/055/824/645/GCF_055824645.1_ASM5582464v1/	refseq	na	5502711	1	SRR32370127	PRJNA1224596	Illumina MiniSeq	RANDOM	795346	237466421	ftp.sra.ebi.ac.uk/vol1/fastq/SRR323/027/SRR32370127/SRR32370127_1.fastq.gz;ftp.sra.ebi.ac.uk/vol1/fastq/SRR323/027/SRR32370127/SRR32370127_2.fastq.gz	114ca1f8760bd177ffd6906e83cf31a7;ad84ab78e14297638ce1ac51a084d938	68676011;70625197	43.2
SAMN46862853	GCF_055824635.1	PRJNA224116	Klebsiella pneumoniae	Klebsiella pneumoniae	strain=K-1475	573	573	2026-03-13	ASM5582463v1	https://ftp.ncbi.nlm.nih.gov/genomes/all/GCF/055/824/635/GCF_055824635.1_ASM5582463v1/	refseq	na	5215424	1	SRR32370126	PRJNA1224596	Illumina MiniSeq	RANDOM	742185	221340567	ftp.sra.ebi.ac.uk/vol1/fastq/SRR323/026/SRR32370126/SRR32370126_1.fastq.gz;ftp.sra.ebi.ac.uk/vol1/fastq/SRR323/026/SRR32370126/SRR32370126_2.fastq.gz	12808904ed4954a33fa948d2d7f5bccc;6ae695c5865bb224e129ad0a3217f419	58283820;59021362	42.4
SAMN46862854	GCF_055824625.1	PRJNA224116	Klebsiella pneumoniae	Klebsiella pneumoniae	strain=K-32163	573	573	2026-03-13	ASM5582462v1	https://ftp.ncbi.nlm.nih.gov/genomes/all/GCF/055/824/625/GCF_055824625.1_ASM5582462v1/	refseq	na	5470311	1	SRR32370125	PRJNA1224596	Illumina MiniSeq	RANDOM	692724	206452594	ftp.sra.ebi.ac.uk/vol1/fastq/SRR323/025/SRR32370125/SRR32370125_1.fastq.gz;ftp.sra.ebi.ac.uk/vol1/fastq/SRR323/025/SRR32370125/SRR32370125_2.fastq.gz	41ea28f133beeee7dce5b6064520fb4f;62a513d103c0e4782ae6cb8182b23e0b	56836037;58016119	37.7
SAMN46862855	GCF_055824615.1	PRJNA224116	Klebsiella pneumoniae	Klebsiella pneumoniae	strain=K-15213	573	573	2026-03-13	ASM5582461v1	https://ftp.ncbi.nlm.nih.gov/genomes/all/GCF/055/824/615/GCF_055824615.1_ASM5582461v1/	refseq	na	5635527	1	SRR32370124	PRJNA1224596	Illumina MiniSeq	RANDOM	772473	230433430	ftp.sra.ebi.ac.uk/vol1/fastq/SRR323/024/SRR32370124/SRR32370124_1.fastq.gz;ftp.sra.ebi.ac.uk/vol1/fastq/SRR323/024/SRR32370124/SRR32370124_2.fastq.gz	580b5eee70e25e6a8cbf3f4713d409a4;37ec4961bfd7d6d15957d7c2dbb7dc99	63860712;63718575	40.9
SAMN46862856	GCF_055824605.1	PRJNA224116	Klebsiella pneumoniae	Klebsiella pneumoniae	strain=K-Wania	573	573	2026-03-13	ASM5582460v1	https://ftp.ncbi.nlm.nih.gov/genomes/all/GCF/055/824/605/GCF_055824605.1_ASM5582460v1/	refseq	na	5319503	1	SRR32370123	PRJNA1224596	Illumina MiniSeq	RANDOM	1090214	325161945	ftp.sra.ebi.ac.uk/vol1/fastq/SRR323/023/SRR32370123/SRR32370123_1.fastq.gz;ftp.sra.ebi.ac.uk/vol1/fastq/SRR323/023/SRR32370123/SRR32370123_2.fastq.gz	6b72829deb5b4efd5e3b828c9bcc32e4;83f7a68f420e4e603768d4b2d786e802	89992029;90073081	61.1
SAMN46897905	GCF_056867575.1	PRJNA224116	Klebsiella pneumoniae	Klebsiella pneumoniae	strain=ESMDKP01069R1	573	573	2026-04-23	ASM5686757v1	https://ftp.ncbi.nlm.nih.gov/genomes/all/GCF/056/867/575/GCF_056867575.1_ASM5686757v1/	refseq	na	5527658	1	SRR32397019	PRJNA1225662	Illumina NovaSeq X Plus	RANDOM	8831060	2649318000	ftp.sra.ebi.ac.uk/vol1/fastq/SRR323/019/SRR32397019/SRR32397019_1.fastq.gz;ftp.sra.ebi.ac.uk/vol1/fastq/SRR323/019/SRR32397019/SRR32397019_2.fastq.gz	bbea6f9d7cf179c2b198a30401b37e46;02b2064bcbce224f0884a6d4248e6d1d	510814466;514638487	479.3
SAMN47264607	GCF_049262565.1	PRJNA224116	Enterococcus faecalis	Enterococcus faecalis	strain=UMB6935B	1351	1351	2025-04-03	ASM4926256v1	https://ftp.ncbi.nlm.nih.gov/genomes/all/GCF/049/262/565/GCF_049262565.1_ASM4926256v1/	refseq	na	2998769	1	SRR32614272	PRJNA316969	Illumina NovaSeq X Plus	RANDOM	3270734	949141943	ftp.sra.ebi.ac.uk/vol1/fastq/SRR326/072/SRR32614272/SRR32614272_1.fastq.gz;ftp.sra.ebi.ac.uk/vol1/fastq/SRR326/072/SRR32614272/SRR32614272_2.fastq.gz	da037fa7e043f6a37949b3ee137bd986;2db63c204fb4c7b5d85359f76c5a0fe0	214590904;220367558	316.5
SAMN47264642	GCF_048593445.1	PRJNA224116	Serratia spp.	Serratia ureilytica	strain=E8	300181	300181	2025-03-17	ASM4859344v1	https://ftp.ncbi.nlm.nih.gov/genomes/all/GCF/048/593/445/GCF_048593445.1_ASM4859344v1/	refseq	na	5138241	2	SRR32610445	PRJNA1233276	Illumina NovaSeq 6000	RANDOM	1935375	583163356	ftp.sra.ebi.ac.uk/vol1/fastq/SRR326/045/SRR32610445/SRR32610445_1.fastq.gz;ftp.sra.ebi.ac.uk/vol1/fastq/SRR326/045/SRR32610445/SRR32610445_2.fastq.gz	189baf5d14a82df2fc22a072ff38cc7c;9da9ae49f077601a3d858aa7966f7a69	129205075;142171226	113.5
SAMN47561074	GCF_049200385.1	PRJNA224116	Klebsiella pneumoniae	Klebsiella pneumoniae subsp. pneumoniae	strain=CGMCC 31459	72407	573	2025-04-01	ASM4920038v1	https://ftp.ncbi.nlm.nih.gov/genomes/all/GCF/049/200/385/GCF_049200385.1_ASM4920038v1/	refseq	na	5406590	1	SRR32896259	PRJNA1241691	Illumina NovaSeq 6000	RANDOM	4687410	1415597820	ftp.sra.ebi.ac.uk/vol1/fastq/SRR328/059/SRR32896259/SRR32896259_1.fastq.gz;ftp.sra.ebi.ac.uk/vol1/fastq/SRR328/059/SRR32896259/SRR32896259_2.fastq.gz	797a373f6bc8f941ec15c9ac21c4b6e8;72eed18e176265055d3cc071cd6db54c	315008291;313357666	261.8
SAMN47788327	GCF_053346615.1	PRJNA224116	Enterobacter spp.	Enterobacter hormaechei	strain=ENTC0964	158836	158836	2025-11-05	ASM5334661v1	https://ftp.ncbi.nlm.nih.gov/genomes/all/GCF/053/346/615/GCF_053346615.1_ASM5334661v1/	refseq	na	4891737	1	SRR32985699	PRJNA981541	NextSeq 550	RANDOM	2825925	832568609	ftp.sra.ebi.ac.uk/vol1/fastq/SRR329/099/SRR32985699/SRR32985699_1.fastq.gz;ftp.sra.ebi.ac.uk/vol1/fastq/SRR329/099/SRR32985699/SRR32985699_2.fastq.gz	26b6281fc95a26b95d13be848aa96912;2fece6d9e586b97eee6eda809b6123c8	255577534;269588778	170.2
SAMN47788335	GCF_053349155.1	PRJNA224116	Citrobacter spp.	Citrobacter portucalensis	strain=CB00420	1639133	1639133	2025-11-06	ASM5334915v1	https://ftp.ncbi.nlm.nih.gov/genomes/all/GCF/053/349/155/GCF_053349155.1_ASM5334915v1/	refseq	na	5262860	1	SRR32985655	PRJNA981541	NextSeq 550	RANDOM	2712997	801763505	ftp.sra.ebi.ac.uk/vol1/fastq/SRR329/055/SRR32985655/SRR32985655_1.fastq.gz;ftp.sra.ebi.ac.uk/vol1/fastq/SRR329/055/SRR32985655/SRR32985655_2.fastq.gz	696eba63c3bbc2253eeeadd615283730;b41d3dad4929ae6ef672713db06d7e16	251624878;258493591	152.3
SAMN47788336	GCF_053349035.1	PRJNA224116	Enterobacter spp.	Enterobacter hormaechei	strain=EB00226	158836	158836	2025-11-06	ASM5334903v1	https://ftp.ncbi.nlm.nih.gov/genomes/all/GCF/053/349/035/GCF_053349035.1_ASM5334903v1/	refseq	na	4866281	1	SRR32985652	PRJNA981541	NextSeq 550	RANDOM	1315149	388402026	ftp.sra.ebi.ac.uk/vol1/fastq/SRR329/052/SRR32985652/SRR32985652_1.fastq.gz;ftp.sra.ebi.ac.uk/vol1/fastq/SRR329/052/SRR32985652/SRR32985652_2.fastq.gz	53d8f66fb714cefc0b6790ed6c65e778;3ea4e46b8776223c9b7b7e2103ae801e	129688092;122649606	79.8
SAMN47788338	GCF_053349115.1	PRJNA224116	Citrobacter spp.	Citrobacter portucalensis	strain=CB00436	1639133	1639133	2025-11-06	ASM5334911v1	https://ftp.ncbi.nlm.nih.gov/genomes/all/GCF/053/349/115/GCF_053349115.1_ASM5334911v1/	refseq	na	5346483	1	SRR32985693	PRJNA981541	NextSeq 550	RANDOM	2120406	625745249	ftp.sra.ebi.ac.uk/vol1/fastq/SRR329/093/SRR32985693/SRR32985693_1.fastq.gz;ftp.sra.ebi.ac.uk/vol1/fastq/SRR329/093/SRR32985693/SRR32985693_2.fastq.gz	f483cad9efd5a066c0b75d41348b105e;df5ff8ae14becd11caf36a398bbae4d5	188172407;195601059	117.0
SAMN47788343	GCF_053349075.1	PRJNA224116	Enterobacter spp.	Enterobacter hormaechei	strain=EB00205	158836	158836	2025-11-06	ASM5334907v1	https://ftp.ncbi.nlm.nih.gov/genomes/all/GCF/053/349/075/GCF_053349075.1_ASM5334907v1/	refseq	na	5334091	1	SRR32985683	PRJNA981541	NextSeq 550	RANDOM	1295440	381429582	ftp.sra.ebi.ac.uk/vol1/fastq/SRR329/083/SRR32985683/SRR32985683_1.fastq.gz;ftp.sra.ebi.ac.uk/vol1/fastq/SRR329/083/SRR32985683/SRR32985683_2.fastq.gz	16aeee58c8f5fc9278a73fecb0d22101;e39174d160d81ca72e8353badd89b4f9	121849659;124094135	71.5
SAMN47812936	GCF_057584965.1	PRJNA224116	Enterococcus faecalis	Enterococcus faecalis	strain=LaCa_58	1351	1351	2026-05-16	ASM5758496v1	https://ftp.ncbi.nlm.nih.gov/genomes/all/GCF/057/584/965/GCF_057584965.1_ASM5758496v1/	refseq	na	2946070	1	SRR33049982	PRJNA1247435	Illumina NovaSeq 6000	RANDOM	533822	158085669	ftp.sra.ebi.ac.uk/vol1/fastq/SRR330/082/SRR33049982/SRR33049982_1.fastq.gz;ftp.sra.ebi.ac.uk/vol1/fastq/SRR330/082/SRR33049982/SRR33049982_2.fastq.gz	d82cbca83b1a9f43cf55dccf63259dae;374e05fa91521efc81fe5d4ebe82abfd	40418855;42693526	53.7
SAMN48144070	GCF_052055575.1	PRJNA224116	Enterococcus faecium	Enterococcus faecium	strain=VRE_01	1352	1352	2025-08-14	ASM5205557v1	https://ftp.ncbi.nlm.nih.gov/genomes/all/GCF/052/055/575/GCF_052055575.1_ASM5205557v1/	refseq	na	3202935	1	SRR36372753	PRJNA1230056	Illumina MiSeq	RANDOM	2601494	772279658	ftp.sra.ebi.ac.uk/vol1/fastq/SRR363/053/SRR36372753/SRR36372753_1.fastq.gz;ftp.sra.ebi.ac.uk/vol1/fastq/SRR363/053/SRR36372753/SRR36372753_2.fastq.gz	97cbd73ba8ff915b189d6f6aa0643649;1bc8c7e704bcf3ebee33faa192e694cb	261467249;315850827	241.1
SAMN48144072	GCF_059845475.1	PRJNA224116	Enterococcus faecium	Enterococcus faecium	strain=VRE_03	1352	1352	2026-08-05	ASM5984547v1	https://ftp.ncbi.nlm.nih.gov/genomes/all/GCF/059/845/475/GCF_059845475.1_ASM5984547v1/	refseq	na	3139559	1	SRR36372742	PRJNA1230056	Illumina MiSeq	RANDOM	1101139	325953558	ftp.sra.ebi.ac.uk/vol1/fastq/SRR363/042/SRR36372742/SRR36372742_1.fastq.gz;ftp.sra.ebi.ac.uk/vol1/fastq/SRR363/042/SRR36372742/SRR36372742_2.fastq.gz	e77d17dd9ae71e51e07ed3aa93f8ca6c;860c8950309b14d8e0e96124b7299f08	107092744;111811600	103.8
SAMN48144073	GCF_052055545.1	PRJNA224116	Enterococcus faecium	Enterococcus faecium	strain=VRE_04	1352	1352	2025-08-14	ASM5205554v1	https://ftp.ncbi.nlm.nih.gov/genomes/all/GCF/052/055/545/GCF_052055545.1_ASM5205554v1/	refseq	na	3377889	1	SRR36372741	PRJNA1230056	Illumina MiSeq	RANDOM	1098152	324492072	ftp.sra.ebi.ac.uk/vol1/fastq/SRR363/041/SRR36372741/SRR36372741_1.fastq.gz;ftp.sra.ebi.ac.uk/vol1/fastq/SRR363/041/SRR36372741/SRR36372741_2.fastq.gz	fe1bc199f92ce59fb68e12f8877b208b;71eb19a424d67cf06c04cb76bd0fb5e1	104848075;110738227	96.1
SAMN48144074	GCF_052055535.1	PRJNA224116	Enterococcus faecium	Enterococcus faecium	strain=VRE_05	1352	1352	2025-08-14	ASM5205553v1	https://ftp.ncbi.nlm.nih.gov/genomes/all/GCF/052/055/535/GCF_052055535.1_ASM5205553v1/	refseq	na	3256011	1	SRR36372740	PRJNA1230056	Illumina MiSeq	RANDOM	2392227	710580825	ftp.sra.ebi.ac.uk/vol1/fastq/SRR363/040/SRR36372740/SRR36372740_1.fastq.gz;ftp.sra.ebi.ac.uk/vol1/fastq/SRR363/040/SRR36372740/SRR36372740_2.fastq.gz	674e7e156457dfd13ac34f24e0cd322d;a11469f90bd8b15d0310be54ae04154f	249817313;279828121	218.2
SAMN48144078	GCF_053161015.2	PRJNA224116	Enterococcus faecium	Enterococcus faecium	strain=VRE_09	1352	1352	2025-12-17	ASM5316101v2	https://ftp.ncbi.nlm.nih.gov/genomes/all/GCF/053/161/015/GCF_053161015.2_ASM5316101v2/	refseq	na	3190205	1	SRR36372736	PRJNA1230056	Illumina MiSeq	RANDOM	1921452	570998324	ftp.sra.ebi.ac.uk/vol1/fastq/SRR363/036/SRR36372736/SRR36372736_1.fastq.gz;ftp.sra.ebi.ac.uk/vol1/fastq/SRR363/036/SRR36372736/SRR36372736_2.fastq.gz	5c5691c259388756fc8038fe1f6d0313;502524f60ec3b94005f49fdc048537c4	200917345;201484635	179.0
SAMN48144084	GCF_053161235.2	PRJNA224116	Enterococcus faecium	Enterococcus faecium	strain=VRE_16	1352	1352	2025-12-17	ASM5316123v2	https://ftp.ncbi.nlm.nih.gov/genomes/all/GCF/053/161/235/GCF_053161235.2_ASM5316123v2/	refseq	na	3058495	1	SRR36372747	PRJNA1230056	Illumina MiSeq	RANDOM	1224593	363675825	ftp.sra.ebi.ac.uk/vol1/fastq/SRR363/047/SRR36372747/SRR36372747_1.fastq.gz;ftp.sra.ebi.ac.uk/vol1/fastq/SRR363/047/SRR36372747/SRR36372747_2.fastq.gz	33906627b235b9e6b1bfff83826a2b9c;220b6101c3d5ee8e00515dcda3b2d693	118338111;129691625	118.9
SAMN48144087	GCF_059845355.1	PRJNA224116	Enterococcus faecium	Enterococcus faecium	strain=VRE_19	1352	1352	2026-08-05	ASM5984535v1	https://ftp.ncbi.nlm.nih.gov/genomes/all/GCF/059/845/355/GCF_059845355.1_ASM5984535v1/	refseq	na	2693763	1	SRR36372744	PRJNA1230056	Illumina MiSeq	RANDOM	1947335	578861533	ftp.sra.ebi.ac.uk/vol1/fastq/SRR363/044/SRR36372744/SRR36372744_1.fastq.gz;ftp.sra.ebi.ac.uk/vol1/fastq/SRR363/044/SRR36372744/SRR36372744_2.fastq.gz	7b6dfe798c20222e9bd4dc143e2b9f39;71a9f6b65e2d9f887b84e5e76d392255	185348493;196922705	214.9
SAMN48185755	GCF_051612005.1	PRJNA224116	Klebsiella pneumoniae	Klebsiella pneumoniae	strain=21AR0161	573	573	2025-07-30	ASM5161200v1	https://ftp.ncbi.nlm.nih.gov/genomes/all/GCF/051/612/005/GCF_051612005.1_ASM5161200v1/	refseq	na	5626260	1	SRR33346701	PRJNA1097666	NextSeq 550	RANDOM	1025539	305225006	ftp.sra.ebi.ac.uk/vol1/fastq/SRR333/001/SRR33346701/SRR33346701_1.fastq.gz;ftp.sra.ebi.ac.uk/vol1/fastq/SRR333/001/SRR33346701/SRR33346701_2.fastq.gz	636975ded0dc7e470bfc0ecbbf5c6783;b71afb1fb88968cdd2a5339e00dbe527	99950007;101121246	54.3
SAMN48185768	GCF_051608075.1	PRJNA224116	Klebsiella pneumoniae	Klebsiella pneumoniae	strain=23AR0808	573	573	2025-07-30	ASM5160807v1	https://ftp.ncbi.nlm.nih.gov/genomes/all/GCF/051/608/075/GCF_051608075.1_ASM5160807v1/	refseq	na	5559722	1	SRR33346715	PRJNA1097666	NextSeq 550	RANDOM	3082703	895680441	ftp.sra.ebi.ac.uk/vol1/fastq/SRR333/015/SRR33346715/SRR33346715_1.fastq.gz;ftp.sra.ebi.ac.uk/vol1/fastq/SRR333/015/SRR33346715/SRR33346715_2.fastq.gz	a6680172e9b855fd0cd99a28ffffeb0f;b14f2ce41f7e81452b9dbd03959cffc1	295404957;303831138	161.1
SAMN48324030	GCF_053803295.1	PRJNA224116	Klebsiella pneumoniae	Klebsiella pneumoniae	strain=S757A	573	573	2025-12-02	ASM5380329v1	https://ftp.ncbi.nlm.nih.gov/genomes/all/GCF/053/803/295/GCF_053803295.1_ASM5380329v1/	refseq	na	5728552	1	SRR33418195	PRJNA1258574	Illumina NovaSeq 6000	RANDOM	1600301	480090300	ftp.sra.ebi.ac.uk/vol1/fastq/SRR334/095/SRR33418195/SRR33418195_1.fastq.gz;ftp.sra.ebi.ac.uk/vol1/fastq/SRR334/095/SRR33418195/SRR33418195_2.fastq.gz	4502f69662b76deec4399d7aed012d60;bf219a4682af2a181d42c35c7fff9ce0	117592519;123181915	83.8
SAMN48324032	GCF_053803415.1	PRJNA224116	Klebsiella pneumoniae	Klebsiella pneumoniae	strain=S778B	573	573	2025-12-02	ASM5380341v1	https://ftp.ncbi.nlm.nih.gov/genomes/all/GCF/053/803/415/GCF_053803415.1_ASM5380341v1/	refseq	na	5790886	1	SRR33418226	PRJNA1258574	Illumina NovaSeq 6000	RANDOM	1759883	527964900	ftp.sra.ebi.ac.uk/vol1/fastq/SRR334/026/SRR33418226/SRR33418226_1.fastq.gz;ftp.sra.ebi.ac.uk/vol1/fastq/SRR334/026/SRR33418226/SRR33418226_2.fastq.gz	5fdcb877bab000d55765e5d1900d2779;095cd51fb36b5d529fcb24b637143df8	132664493;142787123	91.2
SAMN48324034	GCF_053803315.1	PRJNA224116	Klebsiella pneumoniae	Klebsiella pneumoniae	strain=S740A	573	573	2025-12-02	ASM5380331v1	https://ftp.ncbi.nlm.nih.gov/genomes/all/GCF/053/803/315/GCF_053803315.1_ASM5380331v1/	refseq	na	5806340	1	SRR33418222	PRJNA1258574	Illumina NovaSeq 6000	RANDOM	2265822	679746600	ftp.sra.ebi.ac.uk/vol1/fastq/SRR334/022/SRR33418222/SRR33418222_1.fastq.gz;ftp.sra.ebi.ac.uk/vol1/fastq/SRR334/022/SRR33418222/SRR33418222_2.fastq.gz	2f1c0c60d58c510e8baac15cd91edcd9;da33d1e7b9680e35ccc7812fdf3de544	169959112;183152926	117.1
SAMN48324061	GCF_050320245.1	PRJNA224116	Enterococcus faecium	Enterococcus faecium	strain=RY7682	1352	1352	2025-05-12	Efm_RY7682	https://ftp.ncbi.nlm.nih.gov/genomes/all/GCF/050/320/245/GCF_050320245.1_Efm_RY7682/	refseq	na	3093064	1	SRR33418247	PRJNA978117	Illumina NovaSeq 6000	RANDOM	13419587	4052715274	ftp.sra.ebi.ac.uk/vol1/fastq/SRR334/047/SRR33418247/SRR33418247_1.fastq.gz;ftp.sra.ebi.ac.uk/vol1/fastq/SRR334/047/SRR33418247/SRR33418247_2.fastq.gz	9865f258818e3df7ad3f753dcd19a851;05573651e091c9e29d1d21bd51c66c4d	931169337;969114516	1310.3
SAMN48387103	GCF_050429065.1	PRJNA224116	Enterococcus faecalis	Enterococcus faecalis	strain=CI-1049	1351	1351	2025-05-19	ASM5042906v1	https://ftp.ncbi.nlm.nih.gov/genomes/all/GCF/050/429/065/GCF_050429065.1_ASM5042906v1/	refseq	na	3050661	1	SRR33468775	PRJNA1260167	Illumina HiSeq 2000	RANDOM	1944692	574725300	ftp.sra.ebi.ac.uk/vol1/fastq/SRR334/075/SRR33468775/SRR33468775_1.fastq.gz;ftp.sra.ebi.ac.uk/vol1/fastq/SRR334/075/SRR33468775/SRR33468775_2.fastq.gz	f547a9063aa07a72bfde174b67bc203d;468a637a72b4c205d2d6f73ec685e3d2	182906123;192192559	188.4
SAMN48387105	GCF_050428545.1	PRJNA224116	Enterococcus faecalis	Enterococcus faecalis	strain=CI-8010	1351	1351	2025-05-19	ASM5042854v1	https://ftp.ncbi.nlm.nih.gov/genomes/all/GCF/050/428/545/GCF_050428545.1_ASM5042854v1/	refseq	na	3178663	1	SRR33468773	PRJNA1260167	Illumina HiSeq 2000	RANDOM	1915749	566544291	ftp.sra.ebi.ac.uk/vol1/fastq/SRR334/073/SRR33468773/SRR33468773_1.fastq.gz;ftp.sra.ebi.ac.uk/vol1/fastq/SRR334/073/SRR33468773/SRR33468773_2.fastq.gz	72cce46f230b22a73f9ce9721edfb2dd;c5155332ba444040b92464e6bc7e440b	181773616;189900471	178.2
SAMN48387110	GCF_050427495.1	PRJNA224116	Enterococcus faecalis	Enterococcus faecalis	strain=Efa-W3	1351	1351	2025-05-19	ASM5042749v1	https://ftp.ncbi.nlm.nih.gov/genomes/all/GCF/050/427/495/GCF_050427495.1_ASM5042749v1/	refseq	na	3043325	1	SRR33468770	PRJNA1260167	NextSeq 550	RANDOM	1722451	510354005	ftp.sra.ebi.ac.uk/vol1/fastq/SRR334/070/SRR33468770/SRR33468770_1.fastq.gz;ftp.sra.ebi.ac.uk/vol1/fastq/SRR334/070/SRR33468770/SRR33468770_2.fastq.gz	6b9315741faf40328778d13eb0fef8d8;b5468c7d827d026aad6bf33bab8698ab	163988403;168618379	167.7
SAMN48387111	GCF_050427045.1	PRJNA224116	Enterococcus faecalis	Enterococcus faecalis	strain=Efa-W4	1351	1351	2025-05-19	ASM5042704v1	https://ftp.ncbi.nlm.nih.gov/genomes/all/GCF/050/427/045/GCF_050427045.1_ASM5042704v1/	refseq	na	3044041	1	SRR33468769	PRJNA1260167	Illumina HiSeq 2000	RANDOM	1698988	504005157	ftp.sra.ebi.ac.uk/vol1/fastq/SRR334/069/SRR33468769/SRR33468769_1.fastq.gz;ftp.sra.ebi.ac.uk/vol1/fastq/SRR334/069/SRR33468769/SRR33468769_2.fastq.gz	16ec51b533ab6e819ed28347371fb28c;6dcab339585d79dbdd2c483ef0dcd065	163078030;168422671	165.6
SAMN48387112	GCF_050426975.1	PRJNA224116	Enterococcus faecalis	Enterococcus faecalis	strain=Efa-W5	1351	1351	2025-05-19	ASM5042697v1	https://ftp.ncbi.nlm.nih.gov/genomes/all/GCF/050/426/975/GCF_050426975.1_ASM5042697v1/	refseq	na	3007472	1	SRR33468767	PRJNA1260167	Illumina HiSeq 2000	RANDOM	1959539	574726922	ftp.sra.ebi.ac.uk/vol1/fastq/SRR334/067/SRR33468767/SRR33468767_1.fastq.gz;ftp.sra.ebi.ac.uk/vol1/fastq/SRR334/067/SRR33468767/SRR33468767_2.fastq.gz	c1507df3b1cd63be646b37dbb5f26d98;60ea2294e33d45d1cfb2937c93e3482f	182785844;193057022	191.1
SAMN48387115	GCF_050425945.1	PRJNA224116	Enterococcus faecalis	Enterococcus faecalis	strain=Efa-W12	1351	1351	2025-05-19	ASM5042594v1	https://ftp.ncbi.nlm.nih.gov/genomes/all/GCF/050/425/945/GCF_050425945.1_ASM5042594v1/	refseq	na	3069699	1	SRR33468764	PRJNA1260167	Illumina HiSeq 2000	RANDOM	2011064	594544730	ftp.sra.ebi.ac.uk/vol1/fastq/SRR334/064/SRR33468764/SRR33468764_1.fastq.gz;ftp.sra.ebi.ac.uk/vol1/fastq/SRR334/064/SRR33468764/SRR33468764_2.fastq.gz	6ef961f147271ff468e2dd55f44c981d;3a5090b38f97dc95a184a5aadc3575ab	189602574;198857960	193.7
SAMN48451385	GCF_052421625.1	PRJNA224116	Citrobacter spp.	Citrobacter portucalensis	strain=KOS1-1	1639133	1639133	2025-09-03	KOS1-1	https://ftp.ncbi.nlm.nih.gov/genomes/all/GCF/052/421/625/GCF_052421625.1_KOS1-1/	refseq	na	5556809	1	SRR36203182	PRJNA1165690	Illumina MiSeq	RANDOM	741626	446458852	ftp.sra.ebi.ac.uk/vol1/fastq/SRR362/082/SRR36203182/SRR36203182_1.fastq.gz;ftp.sra.ebi.ac.uk/vol1/fastq/SRR362/082/SRR36203182/SRR36203182_2.fastq.gz	c4f0a30d73cfa90588dfe24bc10973c5;c9d8febc92313337a507763289b9656c	148848286;178486477	80.3
SAMN48528241	GCF_050574125.1	PRJNA224116	Enterococcus faecium	Enterococcus faecium	strain=5938	1352	1352	2025-05-27	RY7206	https://ftp.ncbi.nlm.nih.gov/genomes/all/GCF/050/574/125/GCF_050574125.1_RY7206/	refseq	na	3220234	1	SRR33592340	PRJNA978117	Illumina NovaSeq 6000	RANDOM	17334955	5235156410	ftp.sra.ebi.ac.uk/vol1/fastq/SRR335/040/SRR33592340/SRR33592340_1.fastq.gz;ftp.sra.ebi.ac.uk/vol1/fastq/SRR335/040/SRR33592340/SRR33592340_2.fastq.gz	56bb93a04c9b01f5e6f6f4c8840e06d8;4c5564146fe9d8f48f5cc08fce948969	1263512497;1317705023	1625.7
SAMN48541670	GCF_050563495.1	PRJNA224116	Enterococcus faecium	Enterococcus faecium	strain=8019	1352	1352	2025-05-25	VRE_8019	https://ftp.ncbi.nlm.nih.gov/genomes/all/GCF/050/563/495/GCF_050563495.1_VRE_8019/	refseq	na	3160420	1	SRR33609566	PRJNA978117	Illumina NovaSeq 6000	RANDOM	13817856	4172992512	ftp.sra.ebi.ac.uk/vol1/fastq/SRR336/066/SRR33609566/SRR33609566_1.fastq.gz;ftp.sra.ebi.ac.uk/vol1/fastq/SRR336/066/SRR33609566/SRR33609566_2.fastq.gz	7d1ad449a13b595c36cc0fb9ebb09df6;f2e2eeb9f44f20d6d69ec4c65452ae5f	989331444;1025397684	1320.4
SAMN48627458	GCF_050908205.1	PRJNA224116	Serratia spp.	Serratia marcescens	strain=SM01	615	615	2025-06-12	ASM5090820v1	https://ftp.ncbi.nlm.nih.gov/genomes/all/GCF/050/908/205/GCF_050908205.1_ASM5090820v1/	refseq	na	5339637	1	SRR33644413	PRJNA1265707	NextSeq 2000	RANDOM	9260062	2691832685	ftp.sra.ebi.ac.uk/vol1/fastq/SRR336/013/SRR33644413/SRR33644413_1.fastq.gz;ftp.sra.ebi.ac.uk/vol1/fastq/SRR336/013/SRR33644413/SRR33644413_2.fastq.gz	41b20d6e44ee10ed07fa8dc80724b826;f45d10cbada7513e9f413def1f320617	598002858;626099540	504.1
SAMN48627459	GCF_050613095.2	PRJNA224116	Serratia spp.	Serratia marcescens	strain=SM02	615	615	2025-05-29	ASM5061309v1	https://ftp.ncbi.nlm.nih.gov/genomes/all/GCF/050/613/095/GCF_050613095.2_ASM5061309v1/	refseq	na	5339471	1	SRR33644412	PRJNA1265707	NextSeq 2000	RANDOM	9166486	2676941507	ftp.sra.ebi.ac.uk/vol1/fastq/SRR336/012/SRR33644412/SRR33644412_1.fastq.gz;ftp.sra.ebi.ac.uk/vol1/fastq/SRR336/012/SRR33644412/SRR33644412_2.fastq.gz	8ccb498771b897aafc4ea0ead86bd145;aaa751d1a6ca6e4b05cff6f824d12eff	593611354;622853062	501.3
SAMN48627460	GCF_050908185.1	PRJNA224116	Serratia spp.	Serratia marcescens	strain=SM03	615	615	2025-06-12	ASM5090818v1	https://ftp.ncbi.nlm.nih.gov/genomes/all/GCF/050/908/185/GCF_050908185.1_ASM5090818v1/	refseq	na	5339485	1	SRR33644411	PRJNA1265707	NextSeq 2000	RANDOM	12118192	3512427762	ftp.sra.ebi.ac.uk/vol1/fastq/SRR336/011/SRR33644411/SRR33644411_1.fastq.gz;ftp.sra.ebi.ac.uk/vol1/fastq/SRR336/011/SRR33644411/SRR33644411_2.fastq.gz	2d0344f58911b028dbbaed14a81edd35;63f41caad9eab79637b5c6977a38acc4	788894981;827598333	657.8
SAMN48668204	GCF_050598045.1	PRJNA224116	Enterococcus faecium	Enterococcus faecium	strain=RY7541	1352	1352	2025-05-28	RY7541	https://ftp.ncbi.nlm.nih.gov/genomes/all/GCF/050/598/045/GCF_050598045.1_RY7541/	refseq	na	3205644	1	SRR33657924	PRJNA978117	Illumina NovaSeq 6000	RANDOM	12104686	3655615172	ftp.sra.ebi.ac.uk/vol1/fastq/SRR336/024/SRR33657924/SRR33657924_1.fastq.gz;ftp.sra.ebi.ac.uk/vol1/fastq/SRR336/024/SRR33657924/SRR33657924_2.fastq.gz	bd4116a955d92c15b854c76394690fde;ff95292bbcb2eda9d7b83675a5099b98	868038474;907777652	1140.4
SAMN48692201	GCF_050641865.1	PRJNA224116	Enterococcus faecium	Enterococcus faecium	strain=RY7683	1352	1352	2025-06-02	RY7683	https://ftp.ncbi.nlm.nih.gov/genomes/all/GCF/050/641/865/GCF_050641865.1_RY7683/	refseq	na	2991825	1	SRR33674433	PRJNA978117	Illumina NovaSeq 6000	RANDOM	14091145	4255525790	ftp.sra.ebi.ac.uk/vol1/fastq/SRR336/033/SRR33674433/SRR33674433_1.fastq.gz;ftp.sra.ebi.ac.uk/vol1/fastq/SRR336/033/SRR33674433/SRR33674433_2.fastq.gz	50a66f4985fe59f238e5a7001357a868;e398784972edcee894e780d0deaf4c24	999580269;1054286433	1422.4
SAMN48753775	GCF_050845915.1	PRJNA224116	Serratia spp.	Serratia nematodiphila	strain=G5.M166	458197	458197	2025-06-07	Charlene_S_nematodiphila_G5.M166	https://ftp.ncbi.nlm.nih.gov/genomes/all/GCF/050/845/915/GCF_050845915.1_Charlene_S_nematodiphila_G5.M166/	refseq	na	5325120	1	SRR34986795	PRJNA1268487	Illumina NovaSeq 6000	RANDOM	1869975	934987500	ftp.sra.ebi.ac.uk/vol1/fastq/SRR349/095/SRR34986795/SRR34986795_1.fastq.gz;ftp.sra.ebi.ac.uk/vol1/fastq/SRR349/095/SRR34986795/SRR34986795_2.fastq.gz	d26f0ae536fc57a537bbdcf8bdc3296c;60209d78258d3e98d41b29b6e25da04e	214798385;227453714	175.6
SAMN48790648	GCF_050847275.1	PRJNA224116	Enterobacter spp.	Enterobacter wuhouensis	strain=TMH.P3	2529381	2529381	2025-06-08	Toby_E_wuhouensis_TMH.P3	https://ftp.ncbi.nlm.nih.gov/genomes/all/GCF/050/847/275/GCF_050847275.1_Toby_E_wuhouensis_TMH.P3/	refseq	na	4932189	1	SRR35788626	PRJNA1269548	Illumina NovaSeq 6000	RANDOM	3990995	1995497500	ftp.sra.ebi.ac.uk/vol1/fastq/SRR357/026/SRR35788626/SRR35788626_1.fastq.gz;ftp.sra.ebi.ac.uk/vol1/fastq/SRR357/026/SRR35788626/SRR35788626_2.fastq.gz	15f9cd98b55ca852223073b027b2fd30;ebdd78a404a27972298b28f5b6cd837b	431147932;430557296	404.6
SAMN48790898	GCF_050847315.1	PRJNA224116	Enterobacter spp.	Enterobacter sp. TMH.L2	strain=TMH.L2	3434464	3434464	2025-06-08	Toby_Enterobacter_sp_TMH.L2	https://ftp.ncbi.nlm.nih.gov/genomes/all/GCF/050/847/315/GCF_050847315.1_Toby_Enterobacter_sp_TMH.L2/	refseq	na	4811582	1	SRR35788874	PRJNA1269553	Illumina NovaSeq 6000	RANDOM	4673317	2336658500	ftp.sra.ebi.ac.uk/vol1/fastq/SRR357/074/SRR35788874/SRR35788874_1.fastq.gz;ftp.sra.ebi.ac.uk/vol1/fastq/SRR357/074/SRR35788874/SRR35788874_2.fastq.gz	6a0e50d11ce179171008e2a5156d4ade;4bb0c3dd9be75dd5ee8fb3268b296693	506364231;508166630	485.6
SAMN49005326	GCF_051517475.1	PRJNA224116	Enterobacter spp.	Enterobacter mori	strain=RYYT.gf44	539813	539813	2025-07-23	ASM5151747v1	https://ftp.ncbi.nlm.nih.gov/genomes/all/GCF/051/517/475/GCF_051517475.1_ASM5151747v1/	refseq	na	4767175	1	SRR38979737	PRJNA1274933	Illumina NovaSeq 6000	RANDOM	1925547	962773500	ftp.sra.ebi.ac.uk/vol1/fastq/SRR389/037/SRR38979737/SRR38979737_1.fastq.gz;ftp.sra.ebi.ac.uk/vol1/fastq/SRR389/037/SRR38979737/SRR38979737_2.fastq.gz	f34d523577ff77419e0f221261189d94;1b08d2da3ca531984b4cd8b5a9b008ce	213699177;217740577	202.0
SAMN49384630	GCF_052161595.1	PRJNA224116	Enterococcus faecium	Enterococcus faecium	strain=N21-03014	1352	1352	2025-08-20	ASM5216159v1	https://ftp.ncbi.nlm.nih.gov/genomes/all/GCF/052/161/595/GCF_052161595.1_ASM5216159v1/	refseq	na	3368470	1	SRR34033188	PRJNA1279082	Illumina Genome Analyzer II	RANDOM	1312978	394570859	ftp.sra.ebi.ac.uk/vol1/fastq/SRR340/088/SRR34033188/SRR34033188_1.fastq.gz;ftp.sra.ebi.ac.uk/vol1/fastq/SRR340/088/SRR34033188/SRR34033188_2.fastq.gz	85c05d35f1d11f3a80b12152a8ee411d;5b8badc6e54fdaf8534a9a69bf136162	118075690;120422640	117.1
SAMN49510496	GCF_051244865.1	PRJNA224116	Enterococcus faecium	Enterococcus faecium	strain=E1162	1352	1352	2025-07-08	ASM5124486v1	https://ftp.ncbi.nlm.nih.gov/genomes/all/GCF/051/244/865/GCF_051244865.1_ASM5124486v1/	refseq	na	2829168	1	SRR34071774	PRJNA1279983	Illumina NovaSeq 6000	RANDOM PCR	672367	260909157	ftp.sra.ebi.ac.uk/vol1/fastq/SRR340/074/SRR34071774/SRR34071774_1.fastq.gz;ftp.sra.ebi.ac.uk/vol1/fastq/SRR340/074/SRR34071774/SRR34071774_2.fastq.gz	11d54c58e7d79d3e7b334149dfeebd5e;1c3c1cf19bace7273f7855968210a38f	79043030;67373573	92.2
SAMN49815531	GCF_051560495.1	PRJNA224116	Klebsiella pneumoniae	Klebsiella pneumoniae	strain=ALF22C020	573	573	2025-07-29	ASM5156049v1	https://ftp.ncbi.nlm.nih.gov/genomes/all/GCF/051/560/495/GCF_051560495.1_ASM5156049v1/	refseq	na	5662616	1	SRR34410464	PRJNA1287288	Illumina NovaSeq 6000	RANDOM	1267531	360779501	ftp.sra.ebi.ac.uk/vol1/fastq/SRR344/064/SRR34410464/SRR34410464_1.fastq.gz;ftp.sra.ebi.ac.uk/vol1/fastq/SRR344/064/SRR34410464/SRR34410464_2.fastq.gz	9a9663bf9bf7535332756ae439c3e61e;b01594fd26f36ec25615133e57367c6c	98203788;99745909	63.7
SAMN49850453	GCF_052605825.1	PRJNA224116	Citrobacter spp.	Citrobacter koseri	strain=UTI-18-27	545	545	2025-09-14	ASM5260582v1	https://ftp.ncbi.nlm.nih.gov/genomes/all/GCF/052/605/825/GCF_052605825.1_ASM5260582v1/	refseq	na	4657969	1	SRR34429648	PRJNA1288503	Illumina MiSeq	RANDOM	681005	195623961	ftp.sra.ebi.ac.uk/vol1/fastq/SRR344/048/SRR34429648/SRR34429648_1.fastq.gz;ftp.sra.ebi.ac.uk/vol1/fastq/SRR344/048/SRR34429648/SRR34429648_2.fastq.gz	eecfe693c7c3c795d41451f18e942c04;8a737128dee573c592342a2a710c6561	53651644;53177607	42.0
SAMN49850454	GCF_052605815.1	PRJNA224116	Citrobacter spp.	Citrobacter koseri	strain=UTI-22-01	545	545	2025-09-14	ASM5260581v1	https://ftp.ncbi.nlm.nih.gov/genomes/all/GCF/052/605/815/GCF_052605815.1_ASM5260581v1/	refseq	na	4799402	1	SRR34431961	PRJNA1288503	Illumina MiSeq	RANDOM	1429837	424886306	ftp.sra.ebi.ac.uk/vol1/fastq/SRR344/061/SRR34431961/SRR34431961_1.fastq.gz;ftp.sra.ebi.ac.uk/vol1/fastq/SRR344/061/SRR34431961/SRR34431961_2.fastq.gz	1d90cc9f4b9862d91b0421a605bbcf5e;e041edb8b4f8f7b6302e96ac764a1872	100565190;109298951	88.5
SAMN49850455	GCF_052605965.1	PRJNA224116	Citrobacter spp.	Citrobacter koseri	strain=UTI-23-21	545	545	2025-09-14	ASM5260596v1	https://ftp.ncbi.nlm.nih.gov/genomes/all/GCF/052/605/965/GCF_052605965.1_ASM5260596v1/	refseq	na	4701703	1	SRR34431959	PRJNA1288503	Illumina MiSeq	RANDOM	3136211	804797531	ftp.sra.ebi.ac.uk/vol1/fastq/SRR344/059/SRR34431959/SRR34431959_1.fastq.gz;ftp.sra.ebi.ac.uk/vol1/fastq/SRR344/059/SRR34431959/SRR34431959_2.fastq.gz	558138c74d4205202fee01e4f0afc6f2;b42234cb2ce11b5d34e376ab2420a751	181543410;184305133	171.2
SAMN49850456	GCF_052466555.1	PRJNA224116	Citrobacter spp.	Citrobacter koseri	strain=UTI-23-42	545	545	2025-09-05	ASM5246655v1	https://ftp.ncbi.nlm.nih.gov/genomes/all/GCF/052/466/555/GCF_052466555.1_ASM5246655v1/	refseq	na	4796128	1	SRR34446478	PRJNA1288503	Illumina MiSeq	size fractionation	1809226	535271846	ftp.sra.ebi.ac.uk/vol1/fastq/SRR344/078/SRR34446478/SRR34446478_1.fastq.gz;ftp.sra.ebi.ac.uk/vol1/fastq/SRR344/078/SRR34446478/SRR34446478_2.fastq.gz	f978db8785db94a15542cbd8c45334b7;0d7f6dc9747b9620648381149df63de9	121168002;124860811	111.6
SAMN49850457	GCF_052466285.1	PRJNA224116	Citrobacter spp.	Citrobacter koseri	strain=UTI-23-58	545	545	2025-09-05	ASM5246628v1	https://ftp.ncbi.nlm.nih.gov/genomes/all/GCF/052/466/285/GCF_052466285.1_ASM5246628v1/	refseq	na	4734987	1	SRR34446476	PRJNA1288503	Illumina MiSeq	size fractionation	1151064	335658109	ftp.sra.ebi.ac.uk/vol1/fastq/SRR344/076/SRR34446476/SRR34446476_1.fastq.gz;ftp.sra.ebi.ac.uk/vol1/fastq/SRR344/076/SRR34446476/SRR34446476_2.fastq.gz	6a29d3903d50f2e8536896cfc56cec52;4ab4d70a3b195a5c861feee5e79d2038	80320336;82563898	70.9
SAMN49850458	GCF_052466275.1	PRJNA224116	Citrobacter spp.	Citrobacter koseri	strain=UTI-24-29	545	545	2025-09-05	ASM5246627v1	https://ftp.ncbi.nlm.nih.gov/genomes/all/GCF/052/466/275/GCF_052466275.1_ASM5246627v1/	refseq	na	4707797	1	SRR34446474	PRJNA1288503	Illumina MiSeq	size fractionation	2564781	742549669	ftp.sra.ebi.ac.uk/vol1/fastq/SRR344/074/SRR34446474/SRR34446474_1.fastq.gz;ftp.sra.ebi.ac.uk/vol1/fastq/SRR344/074/SRR34446474/SRR34446474_2.fastq.gz	2e0e59aeef7ab0e4730a8573c052adb4;489dc77f730f66107ba6114f7f92f443	92037118;98458536	157.7
SAMN49947234	GCF_051522895.1	PRJNA224116	Enterococcus faecium	Enterococcus faecium	strain=PM1	1352	1352	2025-07-24	ASM5152289v1	https://ftp.ncbi.nlm.nih.gov/genomes/all/GCF/051/522/895/GCF_051522895.1_ASM5152289v1/	refseq	na	2682594	1	SRR34843312	PRJNA1291100	Illumina NovaSeq 6000	RANDOM	11377416	3413224800	ftp.sra.ebi.ac.uk/vol1/fastq/SRR348/012/SRR34843312/SRR34843312_1.fastq.gz;ftp.sra.ebi.ac.uk/vol1/fastq/SRR348/012/SRR34843312/SRR34843312_2.fastq.gz	45ce5243d583a79a5418ba18a4695f19;17b877ced9555550f966fcd96829569e	816876725;841598088	1272.4
SAMN50110774	GCF_052564735.1	PRJNA224116	Klebsiella pneumoniae	Klebsiella pneumoniae	strain=ICC8001	573	573	2025-09-11	ASM5256473v1	https://ftp.ncbi.nlm.nih.gov/genomes/all/GCF/052/564/735/GCF_052564735.1_ASM5256473v1/	refseq	na	5362400	1	SRR34863631	PRJNA1294590	Illumina NovaSeq X	size fractionation	3782631	969228164	ftp.sra.ebi.ac.uk/vol1/fastq/SRR348/031/SRR34863631/SRR34863631_1.fastq.gz;ftp.sra.ebi.ac.uk/vol1/fastq/SRR348/031/SRR34863631/SRR34863631_2.fastq.gz	ce3fd12857c8cf78f6718b2e5acd83e2;b611c2f43f6a85285dfce87d01f18b39	190327290;199909240	180.7
SAMN50584030	GCF_056665865.1	PRJNA224116	Enterobacter spp.	Enterobacter hormaechei	strain=H17629	158836	158836	2026-04-09	ASM5666586v1	https://ftp.ncbi.nlm.nih.gov/genomes/all/GCF/056/665/865/GCF_056665865.1_ASM5666586v1/	refseq	na	4932810	1	SRR34970226	PRJNA1305022	NextSeq 550	RANDOM	2371554	638993051	ftp.sra.ebi.ac.uk/vol1/fastq/SRR349/026/SRR34970226/SRR34970226_1.fastq.gz;ftp.sra.ebi.ac.uk/vol1/fastq/SRR349/026/SRR34970226/SRR34970226_2.fastq.gz	7de23c75a66972298681d2871e4bcaf3;5b40a1c050a5ce9e77e8fff719eaf9e7	206656397;209027199	129.5
SAMN50584031	GCF_056665855.1	PRJNA224116	Enterobacter spp.	Enterobacter hormaechei	strain=H70375	158836	158836	2026-04-09	ASM5666585v1	https://ftp.ncbi.nlm.nih.gov/genomes/all/GCF/056/665/855/GCF_056665855.1_ASM5666585v1/	refseq	na	5218827	1	SRR34970225	PRJNA1305022	NextSeq 550	RANDOM	1786142	496977725	ftp.sra.ebi.ac.uk/vol1/fastq/SRR349/025/SRR34970225/SRR34970225_1.fastq.gz;ftp.sra.ebi.ac.uk/vol1/fastq/SRR349/025/SRR34970225/SRR34970225_2.fastq.gz	1145ff90a0e117ec5ae2ebc3ce0c95d9;e2167b46265a88b5dddf20e4043833fb	155437383;158014021	95.2
SAMN50584032	GCF_056665805.1	PRJNA224116	Klebsiella pneumoniae	Klebsiella pneumoniae	strain=T64870	573	573	2026-04-09	ASM5666580v1	https://ftp.ncbi.nlm.nih.gov/genomes/all/GCF/056/665/805/GCF_056665805.1_ASM5666580v1/	refseq	na	5768794	1	SRR34970232	PRJNA1305022	NextSeq 550	RANDOM	1909117	527952348	ftp.sra.ebi.ac.uk/vol1/fastq/SRR349/032/SRR34970232/SRR34970232_1.fastq.gz;ftp.sra.ebi.ac.uk/vol1/fastq/SRR349/032/SRR34970232/SRR34970232_2.fastq.gz	97085b2b6407803b25bd3f86fc6dbb9e;4758d00b8984badf67d5cd873cd1d4bc	170822166;173692909	91.5
SAMN50713121	GCF_056155565.1	PRJNA224116	Citrobacter spp.	Citrobacter portucalensis	strain=MEI2B-0323	1639133	1639133	2026-03-20	ASM5615556v1	https://ftp.ncbi.nlm.nih.gov/genomes/all/GCF/056/155/565/GCF_056155565.1_ASM5615556v1/	refseq	na	4926005	1	SRR35156821	PRJNA1308800	Illumina NovaSeq 6000	size fractionation	2297438	693826276	ftp.sra.ebi.ac.uk/vol1/fastq/SRR351/021/SRR35156821/SRR35156821_1.fastq.gz;ftp.sra.ebi.ac.uk/vol1/fastq/SRR351/021/SRR35156821/SRR35156821_2.fastq.gz	e112e4d60bce00ef7432e31e17e9126b;78d2371ef466798439bbc256376b5f29	164562231;173661647	140.8
SAMN50713126	GCF_056155525.1	PRJNA224116	Citrobacter spp.	Citrobacter portucalensis	strain=MEI2O2-23	1639133	1639133	2026-03-20	ASM5615552v1	https://ftp.ncbi.nlm.nih.gov/genomes/all/GCF/056/155/525/GCF_056155525.1_ASM5615552v1/	refseq	na	4926006	1	SRR35156810	PRJNA1308800	Illumina NovaSeq 6000	size fractionation	1565811	472874922	ftp.sra.ebi.ac.uk/vol1/fastq/SRR351/010/SRR35156810/SRR35156810_1.fastq.gz;ftp.sra.ebi.ac.uk/vol1/fastq/SRR351/010/SRR35156810/SRR35156810_2.fastq.gz	c685a15bb11c231e41a490ea4b89b9fc;134bd9d59901f7712d38208b1d3f37d3	110864094;117486128	96.0
SAMN50713142	GCF_056155205.1	PRJNA224116	Enterobacter spp.	Enterobacter hormaechei	strain=MEI61O-22	158836	158836	2026-03-20	ASM5615520v1	https://ftp.ncbi.nlm.nih.gov/genomes/all/GCF/056/155/205/GCF_056155205.1_ASM5615520v1/	refseq	na	5024933	1	SRR35156774	PRJNA1308800	Illumina NovaSeq 6000	size fractionation	2182594	659143388	ftp.sra.ebi.ac.uk/vol1/fastq/SRR351/074/SRR35156774/SRR35156774_1.fastq.gz;ftp.sra.ebi.ac.uk/vol1/fastq/SRR351/074/SRR35156774/SRR35156774_2.fastq.gz	8e1479a8a6a2a862e81c68dd467ae4fc;975001c44a2d5294e14de1d38b802d21	155846202;167404691	131.2
SAMN50713146	GCF_056155125.1	PRJNA224116	Klebsiella pneumoniae	Klebsiella pneumoniae	strain=MEI148-20KP	573	573	2026-03-20	ASM5615512v1	https://ftp.ncbi.nlm.nih.gov/genomes/all/GCF/056/155/125/GCF_056155125.1_ASM5615512v1/	refseq	na	5295966	1	SRR35156766	PRJNA1308800	Illumina NovaSeq 6000	size fractionation	2785212	841134024	ftp.sra.ebi.ac.uk/vol1/fastq/SRR351/066/SRR35156766/SRR35156766_1.fastq.gz;ftp.sra.ebi.ac.uk/vol1/fastq/SRR351/066/SRR35156766/SRR35156766_2.fastq.gz	78c285071dc7e1909f76d4e9f756792e;e132187971699d22b78868005f7e7320	199512762;209794372	158.8
SAMN51215377	GCF_053691555.1	PRJNA224116	Enterobacter spp.	Enterobacter cloacae	strain=20AR0121	550	550	2025-11-25	ASM5369155v1	https://ftp.ncbi.nlm.nih.gov/genomes/all/GCF/053/691/555/GCF_053691555.1_ASM5369155v1/	refseq	na	5529036	1	SRR35295335	PRJNA1097666	NextSeq 550	PCR	2838455	817103431	ftp.sra.ebi.ac.uk/vol1/fastq/SRR352/035/SRR35295335/SRR35295335_1.fastq.gz;ftp.sra.ebi.ac.uk/vol1/fastq/SRR352/035/SRR35295335/SRR35295335_2.fastq.gz	da47d2900b73a8fc0dab804a37302a4b;8b9ef9080ebb33bd80a9763d740f76d3	249131245;256960291	147.8
SAMN51215378	GCF_053691715.1	PRJNA224116	Enterobacter spp.	Enterobacter intestinihominis	strain=20AR0288	3133180	3133180	2025-11-25	ASM5369171v1	https://ftp.ncbi.nlm.nih.gov/genomes/all/GCF/053/691/715/GCF_053691715.1_ASM5369171v1/	refseq	na	5285388	1	SRR35295334	PRJNA1097666	NextSeq 550	PCR	2436375	726567521	ftp.sra.ebi.ac.uk/vol1/fastq/SRR352/034/SRR35295334/SRR35295334_1.fastq.gz;ftp.sra.ebi.ac.uk/vol1/fastq/SRR352/034/SRR35295334/SRR35295334_2.fastq.gz	fafcaa4c6400237defee5b378398c79b;d33913f342bf907a468e2c2930e990c2	214967256;219898801	137.5
SAMN51215381	GCF_053691435.1	PRJNA224116	Klebsiella pneumoniae	Klebsiella pneumoniae	strain=21AR0470	573	573	2025-11-25	ASM5369143v1	https://ftp.ncbi.nlm.nih.gov/genomes/all/GCF/053/691/435/GCF_053691435.1_ASM5369143v1/	refseq	na	5555953	1	SRR35295323	PRJNA1097666	NextSeq 550	PCR	2679228	796442954	ftp.sra.ebi.ac.uk/vol1/fastq/SRR352/023/SRR35295323/SRR35295323_1.fastq.gz;ftp.sra.ebi.ac.uk/vol1/fastq/SRR352/023/SRR35295323/SRR35295323_2.fastq.gz	bd16d8e6409415cb4be7132fa690301b;c73f3b6906f93840726ec25db7840499	259461064;266437041	143.3
SAMN51215382	GCF_053691675.1	PRJNA224116	Klebsiella pneumoniae	Klebsiella pneumoniae	strain=21AR0491	573	573	2025-11-25	ASM5369167v1	https://ftp.ncbi.nlm.nih.gov/genomes/all/GCF/053/691/675/GCF_053691675.1_ASM5369167v1/	refseq	na	5955759	1	SRR35295322	PRJNA1097666	NextSeq 550	PCR	4037669	1199960894	ftp.sra.ebi.ac.uk/vol1/fastq/SRR352/022/SRR35295322/SRR35295322_1.fastq.gz;ftp.sra.ebi.ac.uk/vol1/fastq/SRR352/022/SRR35295322/SRR35295322_2.fastq.gz	bd66f04cdb184a2dba89f1b6b5b61055;938cbdf7bcd962ac426ba7b7e11b6c51	408386784;403546235	201.5
SAMN51215384	GCF_053691565.1	PRJNA224116	Enterobacter spp.	Enterobacter hormaechei	strain=23AR0094	158836	158836	2025-11-25	ASM5369156v1	https://ftp.ncbi.nlm.nih.gov/genomes/all/GCF/053/691/565/GCF_053691565.1_ASM5369156v1/	refseq	na	5274614	1	SRR35295320	PRJNA1097666	NextSeq 550	PCR	1463092	435216352	ftp.sra.ebi.ac.uk/vol1/fastq/SRR352/020/SRR35295320/SRR35295320_1.fastq.gz;ftp.sra.ebi.ac.uk/vol1/fastq/SRR352/020/SRR35295320/SRR35295320_2.fastq.gz	8886f2108fd047acfac9e4776f1a47d8;b9f8e425f82fa8ddea908908cd6de9bf	139486819;144361512	82.5
SAMN51335550	GCF_053699795.1	PRJNA224116	Enterobacter spp.	Enterobacter hormaechei	strain=16AR1296	158836	158836	2025-11-25	ASM5369979v1	https://ftp.ncbi.nlm.nih.gov/genomes/all/GCF/053/699/795/GCF_053699795.1_ASM5369979v1/	refseq	na	5005481	1	SRR35395876	PRJNA1328436	NextSeq 550	PCR	712241	286946670	ftp.sra.ebi.ac.uk/vol1/fastq/SRR353/076/SRR35395876/SRR35395876_1.fastq.gz;ftp.sra.ebi.ac.uk/vol1/fastq/SRR353/076/SRR35395876/SRR35395876_2.fastq.gz	6c1f8d4ef6619294ecd2864a70c8989d;d7790a539fabf27b42286ddb304c90e0	103228971;115594236	57.3
SAMN51335551	GCF_053699675.1	PRJNA224116	Citrobacter spp.	Citrobacter freundii	strain=16AR1712	546	546	2025-11-25	ASM5369967v1	https://ftp.ncbi.nlm.nih.gov/genomes/all/GCF/053/699/675/GCF_053699675.1_ASM5369967v1/	refseq	na	5371108	1	SRR35395875	PRJNA1328436	NextSeq 550	PCR	1177323	426299824	ftp.sra.ebi.ac.uk/vol1/fastq/SRR353/075/SRR35395875/SRR35395875_1.fastq.gz;ftp.sra.ebi.ac.uk/vol1/fastq/SRR353/075/SRR35395875/SRR35395875_2.fastq.gz	de2d50ad2d4a259301dbb221a733e401;1350b86490ca771f16ab72c39afc395e	161691758;178708599	79.4
SAMN51335562	GCF_053699275.1	PRJNA224116	Enterobacter spp.	Enterobacter hormaechei	strain=19AR1296	158836	158836	2025-11-25	ASM5369927v1	https://ftp.ncbi.nlm.nih.gov/genomes/all/GCF/053/699/275/GCF_053699275.1_ASM5369927v1/	refseq	na	5122456	1	SRR35395872	PRJNA1328436	NextSeq 550	PCR	1524301	444304021	ftp.sra.ebi.ac.uk/vol1/fastq/SRR353/072/SRR35395872/SRR35395872_1.fastq.gz;ftp.sra.ebi.ac.uk/vol1/fastq/SRR353/072/SRR35395872/SRR35395872_2.fastq.gz	60a7cb6ff34b98fed663cd9d10d9d80d;919acd32af1b48e594726b695be1bdae	143719272;144946336	86.7
SAMN51335563	GCF_053699185.1	PRJNA224116	Enterobacter spp.	Enterobacter hormaechei	strain=19AR1306	158836	158836	2025-11-25	ASM5369918v1	https://ftp.ncbi.nlm.nih.gov/genomes/all/GCF/053/699/185/GCF_053699185.1_ASM5369918v1/	refseq	na	4889740	1	SRR35395871	PRJNA1328436	NextSeq 550	PCR	1987784	576490289	ftp.sra.ebi.ac.uk/vol1/fastq/SRR353/071/SRR35395871/SRR35395871_1.fastq.gz;ftp.sra.ebi.ac.uk/vol1/fastq/SRR353/071/SRR35395871/SRR35395871_2.fastq.gz	eb0087abf4ef9d0c683e5b956e0bb501;b0e14ee5308b1513048ab896fd8c1671	187227538;187693150	117.9
SAMN51335566	GCF_053699095.1	PRJNA224116	Enterobacter spp.	Enterobacter roggenkampii	strain=20AR0175	1812935	1812935	2025-11-25	ASM5369909v1	https://ftp.ncbi.nlm.nih.gov/genomes/all/GCF/053/699/095/GCF_053699095.1_ASM5369909v1/	refseq	na	5261084	1	SRR35395868	PRJNA1328436	NextSeq 550	PCR	1946573	581349766	ftp.sra.ebi.ac.uk/vol1/fastq/SRR353/068/SRR35395868/SRR35395868_1.fastq.gz;ftp.sra.ebi.ac.uk/vol1/fastq/SRR353/068/SRR35395868/SRR35395868_2.fastq.gz	9ba0dd22674c13a83ae7010e071bdd3d;05ce3dc3f67ff4a1877e4892a3c412b3	162484212;168737535	110.5
SAMN51335570	GCF_053699035.1	PRJNA224116	Enterobacter spp.	Enterobacter asburiae	strain=20AR0632	61645	61645	2025-11-25	ASM5369903v1	https://ftp.ncbi.nlm.nih.gov/genomes/all/GCF/053/699/035/GCF_053699035.1_ASM5369903v1/	refseq	na	4691699	1	SRR35395863	PRJNA1328436	NextSeq 550	PCR	2147308	639276238	ftp.sra.ebi.ac.uk/vol1/fastq/SRR353/063/SRR35395863/SRR35395863_1.fastq.gz;ftp.sra.ebi.ac.uk/vol1/fastq/SRR353/063/SRR35395863/SRR35395863_2.fastq.gz	6f869df167c1e90c82693dd4674a9a1f;fc6cfa18c61ba73019823a9a96528449	196580739;201103341	136.3
SAMN51335575	GCF_053698855.1	PRJNA224116	Enterobacter spp.	Enterobacter roggenkampii	strain=21AR0469	1812935	1812935	2025-11-25	ASM5369885v1	https://ftp.ncbi.nlm.nih.gov/genomes/all/GCF/053/698/855/GCF_053698855.1_ASM5369885v1/	refseq	na	5088538	1	SRR35395858	PRJNA1328436	NextSeq 550	PCR	5187378	1543608718	ftp.sra.ebi.ac.uk/vol1/fastq/SRR353/058/SRR35395858/SRR35395858_1.fastq.gz;ftp.sra.ebi.ac.uk/vol1/fastq/SRR353/058/SRR35395858/SRR35395858_2.fastq.gz	5159d2b05249337ccbcf3e7f27181c0e;a244d3a4f4334c914a2c7d8ab8e610c8	493175452;508879249	303.4
SAMN51335576	GCF_053698775.1	PRJNA224116	Enterobacter spp.	Enterobacter chengduensis	strain=22AR0003	2494701	2494701	2025-11-25	ASM5369877v1	https://ftp.ncbi.nlm.nih.gov/genomes/all/GCF/053/698/775/GCF_053698775.1_ASM5369877v1/	refseq	na	4967054	1	SRR35395857	PRJNA1328436	NextSeq 550	PCR	1402835	416690121	ftp.sra.ebi.ac.uk/vol1/fastq/SRR353/057/SRR35395857/SRR35395857_1.fastq.gz;ftp.sra.ebi.ac.uk/vol1/fastq/SRR353/057/SRR35395857/SRR35395857_2.fastq.gz	b3577e9d3924e15ea2936bed530085e4;c927ab51549d98e5a5eb1e87f9bd7034	133276516;135748519	83.9
SAMN51335577	GCF_053698735.1	PRJNA224116	Enterobacter spp.	Enterobacter kobei	strain=22AR0121	208224	208224	2025-11-25	ASM5369873v1	https://ftp.ncbi.nlm.nih.gov/genomes/all/GCF/053/698/735/GCF_053698735.1_ASM5369873v1/	refseq	na	4943969	1	SRR35395856	PRJNA1328436	NextSeq 550	PCR	3203639	952959658	ftp.sra.ebi.ac.uk/vol1/fastq/SRR353/056/SRR35395856/SRR35395856_1.fastq.gz;ftp.sra.ebi.ac.uk/vol1/fastq/SRR353/056/SRR35395856/SRR35395856_2.fastq.gz	f7934edff4808c14443b798dfaa0e3c1;71994673e663a0a9763ea4ca95254355	319191606;326186426	192.8
SAMN51335578	GCF_053698745.1	PRJNA224116	Enterobacter spp.	Enterobacter roggenkampii	strain=22AR0267	1812935	1812935	2025-11-25	ASM5369874v1	https://ftp.ncbi.nlm.nih.gov/genomes/all/GCF/053/698/745/GCF_053698745.1_ASM5369874v1/	refseq	na	5082628	1	SRR35395855	PRJNA1328436	NextSeq 550	PCR	1926302	570994421	ftp.sra.ebi.ac.uk/vol1/fastq/SRR353/055/SRR35395855/SRR35395855_1.fastq.gz;ftp.sra.ebi.ac.uk/vol1/fastq/SRR353/055/SRR35395855/SRR35395855_2.fastq.gz	d68aa95935b5f23b319d563418fcc56e;81ba2aaac58eceb98da45feda4aa9e0c	182566164;187327911	112.3
SAMN51335580	GCF_053698655.1	PRJNA224116	Enterobacter spp.	Enterobacter roggenkampii	strain=22AR0793	1812935	1812935	2025-11-25	ASM5369865v1	https://ftp.ncbi.nlm.nih.gov/genomes/all/GCF/053/698/655/GCF_053698655.1_ASM5369865v1/	refseq	na	5245676	1	SRR35395852	PRJNA1328436	NextSeq 550	PCR	2190481	594609904	ftp.sra.ebi.ac.uk/vol1/fastq/SRR353/052/SRR35395852/SRR35395852_1.fastq.gz;ftp.sra.ebi.ac.uk/vol1/fastq/SRR353/052/SRR35395852/SRR35395852_2.fastq.gz	2937a1f30906c4e254f34238f3be4cd4;4a2d220f601bcecd9c01f8a41f677649	197335670;198747319	113.4
SAMN51959788	GCF_054053505.1	PRJNA224116	Citrobacter spp.	Citrobacter portucalensis	strain=CB00428	1639133	1639133	2025-12-17	ASM5405350v1	https://ftp.ncbi.nlm.nih.gov/genomes/all/GCF/054/053/505/GCF_054053505.1_ASM5405350v1/	refseq	na	5264541	1	SRR35636237	PRJNA1335202	NextSeq 1000	RANDOM	1645651	486535024	ftp.sra.ebi.ac.uk/vol1/fastq/SRR356/037/SRR35636237/SRR35636237_1.fastq.gz;ftp.sra.ebi.ac.uk/vol1/fastq/SRR356/037/SRR35636237/SRR35636237_2.fastq.gz	a6a72df2b03b283640b7c9a467563a4a;67690a307e0db296e02e9ed5a533d446	153274358;156576345	92.4
SAMN51959794	GCF_054053465.1	PRJNA224116	Enterobacter spp.	Enterobacter hormaechei	strain=EB00234	158836	158836	2025-12-17	ASM5405346v1	https://ftp.ncbi.nlm.nih.gov/genomes/all/GCF/054/053/465/GCF_054053465.1_ASM5405346v1/	refseq	na	4917831	1	SRR35636228	PRJNA1335202	NextSeq 1000	RANDOM	4235799	1250446309	ftp.sra.ebi.ac.uk/vol1/fastq/SRR356/028/SRR35636228/SRR35636228_1.fastq.gz;ftp.sra.ebi.ac.uk/vol1/fastq/SRR356/028/SRR35636228/SRR35636228_2.fastq.gz	4350551a2875c799d6aababf31f8c04b;c51ede016f032694ac2f1fd83a3a9774	398106323;409723495	254.3
SAMN54531395	GCF_056990835.1	PRJNA224116	Enterobacter spp.	Enterobacter mori	strain=LHT.M17	539813	539813	2026-04-29	ASM5699083v1	https://ftp.ncbi.nlm.nih.gov/genomes/all/GCF/056/990/835/GCF_056990835.1_ASM5699083v1/	refseq	na	4822997	1	SRR38980074	PRJNA1400206	Illumina NovaSeq 6000	RANDOM	4460234	2230117000	ftp.sra.ebi.ac.uk/vol1/fastq/SRR389/074/SRR38980074/SRR38980074_1.fastq.gz;ftp.sra.ebi.ac.uk/vol1/fastq/SRR389/074/SRR38980074/SRR38980074_2.fastq.gz	01b36d07b64173a201d8464b4adc4617;554cb9df00b8025b9106971fa1e0ff02	494373319;494940388	462.4
SAMN56510720	GCF_056270465.1	PRJNA224116	Enterobacter spp.	Enterobacter mori	strain=AHL	539813	539813	2026-03-23	ASM5627046v1	https://ftp.ncbi.nlm.nih.gov/genomes/all/GCF/056/270/465/GCF_056270465.1_ASM5627046v1/	refseq	na	4852987	1	SRR38979290	PRJNA1437421	Illumina NovaSeq 6000	RANDOM	5463694	2731847000	ftp.sra.ebi.ac.uk/vol1/fastq/SRR389/090/SRR38979290/SRR38979290_1.fastq.gz;ftp.sra.ebi.ac.uk/vol1/fastq/SRR389/090/SRR38979290/SRR38979290_2.fastq.gz	ef8f7ffa32180855201a662a2f57a963;91d54b911f9a82b437800ae39907062b	582222892;585186486	562.9
SAMN56510754	GCF_056270505.1	PRJNA224116	Enterobacter spp.	Enterobacter mori	strain=AHB.pikoE2	539813	539813	2026-03-23	ASM5627050v1	https://ftp.ncbi.nlm.nih.gov/genomes/all/GCF/056/270/505/GCF_056270505.1_ASM5627050v1/	refseq	na	4855157	1	SRR38967938	PRJNA1437423	Illumina NovaSeq 6000	RANDOM	1692274	846137000	ftp.sra.ebi.ac.uk/vol1/fastq/SRR389/038/SRR38967938/SRR38967938_1.fastq.gz;ftp.sra.ebi.ac.uk/vol1/fastq/SRR389/038/SRR38967938/SRR38967938_2.fastq.gz	34354727f9c1039f8cc62770c9a7195e;0479e6798df5c58b59d8c8c0523a22cf	185705266;189582680	174.3
SAMN56510755	GCF_056270545.1	PRJNA224116	Enterobacter spp.	Enterobacter mori	strain=TYWI	539813	539813	2026-03-23	ASM5627054v1	https://ftp.ncbi.nlm.nih.gov/genomes/all/GCF/056/270/545/GCF_056270545.1_ASM5627054v1/	refseq	na	4842750	1	SRR38979964	PRJNA1437424	Illumina NovaSeq 6000	RANDOM	4703586	2351793000	ftp.sra.ebi.ac.uk/vol1/fastq/SRR389/064/SRR38979964/SRR38979964_1.fastq.gz;ftp.sra.ebi.ac.uk/vol1/fastq/SRR389/064/SRR38979964/SRR38979964_2.fastq.gz	281069b5fa69ec4d5b8a7d7b2ec43cbc;f2b5035729cf6bf9a21a139508484633	514137295;513362548	485.6
