internal_id,strain,species,biosample,sra_runs,bioproject,assembly_accession,short_read_accession,long_read_accession,study_cohort,source_locator,recovery_status,recovery_blocker,fuzzy_matched
BIDMC100,NOT_DOCUMENTED,Enterobacter hormaechei,NOT_DOCUMENTED,NOT_DOCUMENTED,NOT_DOCUMENTED,NOT_DOCUMENTED,NOT_DOCUMENTED,NOT_DOCUMENTED,institutional prefix BIDMC,predictions.xlsx sheet 'Species' (git blob b49b0c5b9ec0fee13da168737fa713e307e6b1f8) row for BIDMC100,NOT_DOCUMENTED,Supplementary Table 1 of doi:10.1093/bib/bbaf589 not retrievable: PMC JS proof-of-work bot check; OUP HTTP 403; bioRxiv 404/520,NO
BIDMC106,NOT_DOCUMENTED,Escherichia coli,NOT_DOCUMENTED,NOT_DOCUMENTED,NOT_DOCUMENTED,NOT_DOCUMENTED,NOT_DOCUMENTED,NOT_DOCUMENTED,institutional prefix BIDMC,predictions.xlsx sheet 'Species' (git blob b49b0c5b9ec0fee13da168737fa713e307e6b1f8) row for BIDMC106,NOT_DOCUMENTED,Supplementary Table 1 of doi:10.1093/bib/bbaf589 not retrievable: PMC JS proof-of-work bot check; OUP HTTP 403; bioRxiv 404/520,NO
BIDMC107,NOT_DOCUMENTED,Citrobacter freundii complex (species A),NOT_DOCUMENTED,NOT_DOCUMENTED,NOT_DOCUMENTED,NOT_DOCUMENTED,NOT_DOCUMENTED,NOT_DOCUMENTED,institutional prefix BIDMC,predictions.xlsx sheet 'Species' (git blob b49b0c5b9ec0fee13da168737fa713e307e6b1f8) row for BIDMC107,NOT_DOCUMENTED,Supplementary Table 1 of doi:10.1093/bib/bbaf589 not retrievable: PMC JS proof-of-work bot check; OUP HTTP 403; bioRxiv 404/520,NO
BIDMC108,NOT_DOCUMENTED,Citrobacter portucalensis,NOT_DOCUMENTED,NOT_DOCUMENTED,NOT_DOCUMENTED,NOT_DOCUMENTED,NOT_DOCUMENTED,NOT_DOCUMENTED,institutional prefix BIDMC,predictions.xlsx sheet 'Species' (git blob b49b0c5b9ec0fee13da168737fa713e307e6b1f8) row for BIDMC108,NOT_DOCUMENTED,Supplementary Table 1 of doi:10.1093/bib/bbaf589 not retrievable: PMC JS proof-of-work bot check; OUP HTTP 403; bioRxiv 404/520,NO
BIDMC110,NOT_DOCUMENTED,Enterobacter hormaechei,NOT_DOCUMENTED,NOT_DOCUMENTED,NOT_DOCUMENTED,NOT_DOCUMENTED,NOT_DOCUMENTED,NOT_DOCUMENTED,institutional prefix BIDMC,predictions.xlsx sheet 'Species' (git blob b49b0c5b9ec0fee13da168737fa713e307e6b1f8) row for BIDMC110,NOT_DOCUMENTED,Supplementary Table 1 of doi:10.1093/bib/bbaf589 not retrievable: PMC JS proof-of-work bot check; OUP HTTP 403; bioRxiv 404/520,NO
BIDMC113,NOT_DOCUMENTED,Escherichia coli,NOT_DOCUMENTED,NOT_DOCUMENTED,NOT_DOCUMENTED,NOT_DOCUMENTED,NOT_DOCUMENTED,NOT_DOCUMENTED,institutional prefix BIDMC,predictions.xlsx sheet 'Species' (git blob b49b0c5b9ec0fee13da168737fa713e307e6b1f8) row for BIDMC113,NOT_DOCUMENTED,Supplementary Table 1 of doi:10.1093/bib/bbaf589 not retrievable: PMC JS proof-of-work bot check; OUP HTTP 403; bioRxiv 404/520,NO
BIDMC19A,NOT_DOCUMENTED,Escherichia coli,NOT_DOCUMENTED,NOT_DOCUMENTED,NOT_DOCUMENTED,NOT_DOCUMENTED,NOT_DOCUMENTED,NOT_DOCUMENTED,institutional prefix BIDMC19A,predictions.xlsx sheet 'Species' (git blob b49b0c5b9ec0fee13da168737fa713e307e6b1f8) row for BIDMC19A,NOT_DOCUMENTED,Supplementary Table 1 of doi:10.1093/bib/bbaf589 not retrievable: PMC JS proof-of-work bot check; OUP HTTP 403; bioRxiv 404/520,NO
BIDMC82,NOT_DOCUMENTED,Escherichia coli,NOT_DOCUMENTED,NOT_DOCUMENTED,NOT_DOCUMENTED,NOT_DOCUMENTED,NOT_DOCUMENTED,NOT_DOCUMENTED,institutional prefix BIDMC,predictions.xlsx sheet 'Species' (git blob b49b0c5b9ec0fee13da168737fa713e307e6b1f8) row for BIDMC82,NOT_DOCUMENTED,Supplementary Table 1 of doi:10.1093/bib/bbaf589 not retrievable: PMC JS proof-of-work bot check; OUP HTTP 403; bioRxiv 404/520,NO
BIDMC87,NOT_DOCUMENTED,Enterobacter hormaechei,NOT_DOCUMENTED,NOT_DOCUMENTED,NOT_DOCUMENTED,NOT_DOCUMENTED,NOT_DOCUMENTED,NOT_DOCUMENTED,institutional prefix BIDMC,predictions.xlsx sheet 'Species' (git blob b49b0c5b9ec0fee13da168737fa713e307e6b1f8) row for BIDMC87,NOT_DOCUMENTED,Supplementary Table 1 of doi:10.1093/bib/bbaf589 not retrievable: PMC JS proof-of-work bot check; OUP HTTP 403; bioRxiv 404/520,NO
BIDMC89,NOT_DOCUMENTED,Klebsiella pneumoniae,NOT_DOCUMENTED,NOT_DOCUMENTED,NOT_DOCUMENTED,NOT_DOCUMENTED,NOT_DOCUMENTED,NOT_DOCUMENTED,institutional prefix BIDMC,predictions.xlsx sheet 'Species' (git blob b49b0c5b9ec0fee13da168737fa713e307e6b1f8) row for BIDMC89,NOT_DOCUMENTED,Supplementary Table 1 of doi:10.1093/bib/bbaf589 not retrievable: PMC JS proof-of-work bot check; OUP HTTP 403; bioRxiv 404/520,NO
BIDMC94,NOT_DOCUMENTED,Enterobacter hormaechei,NOT_DOCUMENTED,NOT_DOCUMENTED,NOT_DOCUMENTED,NOT_DOCUMENTED,NOT_DOCUMENTED,NOT_DOCUMENTED,institutional prefix BIDMC,predictions.xlsx sheet 'Species' (git blob b49b0c5b9ec0fee13da168737fa713e307e6b1f8) row for BIDMC94,NOT_DOCUMENTED,Supplementary Table 1 of doi:10.1093/bib/bbaf589 not retrievable: PMC JS proof-of-work bot check; OUP HTTP 403; bioRxiv 404/520,NO
BIDMC98,NOT_DOCUMENTED,Escherichia coli,NOT_DOCUMENTED,NOT_DOCUMENTED,NOT_DOCUMENTED,NOT_DOCUMENTED,NOT_DOCUMENTED,NOT_DOCUMENTED,institutional prefix BIDMC,predictions.xlsx sheet 'Species' (git blob b49b0c5b9ec0fee13da168737fa713e307e6b1f8) row for BIDMC98,NOT_DOCUMENTED,Supplementary Table 1 of doi:10.1093/bib/bbaf589 not retrievable: PMC JS proof-of-work bot check; OUP HTTP 403; bioRxiv 404/520,NO
BWH27,NOT_DOCUMENTED,Enterobacter hormaechei,NOT_DOCUMENTED,NOT_DOCUMENTED,NOT_DOCUMENTED,NOT_DOCUMENTED,NOT_DOCUMENTED,NOT_DOCUMENTED,institutional prefix BWH,predictions.xlsx sheet 'Species' (git blob b49b0c5b9ec0fee13da168737fa713e307e6b1f8) row for BWH27,NOT_DOCUMENTED,Supplementary Table 1 of doi:10.1093/bib/bbaf589 not retrievable: PMC JS proof-of-work bot check; OUP HTTP 403; bioRxiv 404/520,NO
BWH31,NOT_DOCUMENTED,Enterobacter asburiae,NOT_DOCUMENTED,NOT_DOCUMENTED,NOT_DOCUMENTED,NOT_DOCUMENTED,NOT_DOCUMENTED,NOT_DOCUMENTED,institutional prefix BWH,predictions.xlsx sheet 'Species' (git blob b49b0c5b9ec0fee13da168737fa713e307e6b1f8) row for BWH31,NOT_DOCUMENTED,Supplementary Table 1 of doi:10.1093/bib/bbaf589 not retrievable: PMC JS proof-of-work bot check; OUP HTTP 403; bioRxiv 404/520,NO
BWH37,NOT_DOCUMENTED,Enterobacter hormaechei,NOT_DOCUMENTED,NOT_DOCUMENTED,NOT_DOCUMENTED,NOT_DOCUMENTED,NOT_DOCUMENTED,NOT_DOCUMENTED,institutional prefix BWH,predictions.xlsx sheet 'Species' (git blob b49b0c5b9ec0fee13da168737fa713e307e6b1f8) row for BWH37,NOT_DOCUMENTED,Supplementary Table 1 of doi:10.1093/bib/bbaf589 not retrievable: PMC JS proof-of-work bot check; OUP HTTP 403; bioRxiv 404/520,NO
BWH49,NOT_DOCUMENTED,Escherichia coli,NOT_DOCUMENTED,NOT_DOCUMENTED,NOT_DOCUMENTED,NOT_DOCUMENTED,NOT_DOCUMENTED,NOT_DOCUMENTED,institutional prefix BWH,predictions.xlsx sheet 'Species' (git blob b49b0c5b9ec0fee13da168737fa713e307e6b1f8) row for BWH49,NOT_DOCUMENTED,Supplementary Table 1 of doi:10.1093/bib/bbaf589 not retrievable: PMC JS proof-of-work bot check; OUP HTTP 403; bioRxiv 404/520,NO
BWH50,NOT_DOCUMENTED,Escherichia coli,NOT_DOCUMENTED,NOT_DOCUMENTED,NOT_DOCUMENTED,NOT_DOCUMENTED,NOT_DOCUMENTED,NOT_DOCUMENTED,institutional prefix BWH,predictions.xlsx sheet 'Species' (git blob b49b0c5b9ec0fee13da168737fa713e307e6b1f8) row for BWH50,NOT_DOCUMENTED,Supplementary Table 1 of doi:10.1093/bib/bbaf589 not retrievable: PMC JS proof-of-work bot check; OUP HTTP 403; bioRxiv 404/520,NO
BWH56,NOT_DOCUMENTED,Serratia marcescens,NOT_DOCUMENTED,NOT_DOCUMENTED,NOT_DOCUMENTED,NOT_DOCUMENTED,NOT_DOCUMENTED,NOT_DOCUMENTED,institutional prefix BWH,predictions.xlsx sheet 'Species' (git blob b49b0c5b9ec0fee13da168737fa713e307e6b1f8) row for BWH56,NOT_DOCUMENTED,Supplementary Table 1 of doi:10.1093/bib/bbaf589 not retrievable: PMC JS proof-of-work bot check; OUP HTTP 403; bioRxiv 404/520,NO
BWH57,NOT_DOCUMENTED,Serratia marcescens,NOT_DOCUMENTED,NOT_DOCUMENTED,NOT_DOCUMENTED,NOT_DOCUMENTED,NOT_DOCUMENTED,NOT_DOCUMENTED,institutional prefix BWH,predictions.xlsx sheet 'Species' (git blob b49b0c5b9ec0fee13da168737fa713e307e6b1f8) row for BWH57,NOT_DOCUMENTED,Supplementary Table 1 of doi:10.1093/bib/bbaf589 not retrievable: PMC JS proof-of-work bot check; OUP HTTP 403; bioRxiv 404/520,NO
BWH69,NOT_DOCUMENTED,Escherichia coli,NOT_DOCUMENTED,NOT_DOCUMENTED,NOT_DOCUMENTED,NOT_DOCUMENTED,NOT_DOCUMENTED,NOT_DOCUMENTED,institutional prefix BWH,predictions.xlsx sheet 'Species' (git blob b49b0c5b9ec0fee13da168737fa713e307e6b1f8) row for BWH69,NOT_DOCUMENTED,Supplementary Table 1 of doi:10.1093/bib/bbaf589 not retrievable: PMC JS proof-of-work bot check; OUP HTTP 403; bioRxiv 404/520,NO
BWH73,NOT_DOCUMENTED,Escherichia coli,NOT_DOCUMENTED,NOT_DOCUMENTED,NOT_DOCUMENTED,NOT_DOCUMENTED,NOT_DOCUMENTED,NOT_DOCUMENTED,institutional prefix BWH,predictions.xlsx sheet 'Species' (git blob b49b0c5b9ec0fee13da168737fa713e307e6b1f8) row for BWH73,NOT_DOCUMENTED,Supplementary Table 1 of doi:10.1093/bib/bbaf589 not retrievable: PMC JS proof-of-work bot check; OUP HTTP 403; bioRxiv 404/520,NO
BWH77,NOT_DOCUMENTED,Serratia marcescens,NOT_DOCUMENTED,NOT_DOCUMENTED,NOT_DOCUMENTED,NOT_DOCUMENTED,NOT_DOCUMENTED,NOT_DOCUMENTED,institutional prefix BWH,predictions.xlsx sheet 'Species' (git blob b49b0c5b9ec0fee13da168737fa713e307e6b1f8) row for BWH77,NOT_DOCUMENTED,Supplementary Table 1 of doi:10.1093/bib/bbaf589 not retrievable: PMC JS proof-of-work bot check; OUP HTTP 403; bioRxiv 404/520,NO
BWH78,NOT_DOCUMENTED,Klebsiella pneumoniae,NOT_DOCUMENTED,NOT_DOCUMENTED,NOT_DOCUMENTED,NOT_DOCUMENTED,NOT_DOCUMENTED,NOT_DOCUMENTED,institutional prefix BWH,predictions.xlsx sheet 'Species' (git blob b49b0c5b9ec0fee13da168737fa713e307e6b1f8) row for BWH78,NOT_DOCUMENTED,Supplementary Table 1 of doi:10.1093/bib/bbaf589 not retrievable: PMC JS proof-of-work bot check; OUP HTTP 403; bioRxiv 404/520,NO
MGH1,NOT_DOCUMENTED,Enterobacter hormaechei,NOT_DOCUMENTED,NOT_DOCUMENTED,NOT_DOCUMENTED,NOT_DOCUMENTED,NOT_DOCUMENTED,NOT_DOCUMENTED,institutional prefix MGH,predictions.xlsx sheet 'Species' (git blob b49b0c5b9ec0fee13da168737fa713e307e6b1f8) row for MGH1,NOT_DOCUMENTED,Supplementary Table 1 of doi:10.1093/bib/bbaf589 not retrievable: PMC JS proof-of-work bot check; OUP HTTP 403; bioRxiv 404/520,NO
MGH101,NOT_DOCUMENTED,Klebsiella pneumoniae,NOT_DOCUMENTED,NOT_DOCUMENTED,NOT_DOCUMENTED,NOT_DOCUMENTED,NOT_DOCUMENTED,NOT_DOCUMENTED,institutional prefix MGH,predictions.xlsx sheet 'Species' (git blob b49b0c5b9ec0fee13da168737fa713e307e6b1f8) row for MGH101,NOT_DOCUMENTED,Supplementary Table 1 of doi:10.1093/bib/bbaf589 not retrievable: PMC JS proof-of-work bot check; OUP HTTP 403; bioRxiv 404/520,NO
MGH103,NOT_DOCUMENTED,Citrobacter freundii complex (species A),NOT_DOCUMENTED,NOT_DOCUMENTED,NOT_DOCUMENTED,NOT_DOCUMENTED,NOT_DOCUMENTED,NOT_DOCUMENTED,institutional prefix MGH,predictions.xlsx sheet 'Species' (git blob b49b0c5b9ec0fee13da168737fa713e307e6b1f8) row for MGH103,NOT_DOCUMENTED,Supplementary Table 1 of doi:10.1093/bib/bbaf589 not retrievable: PMC JS proof-of-work bot check; OUP HTTP 403; bioRxiv 404/520,NO
MGH105,NOT_DOCUMENTED,Citrobacter portucalensis,NOT_DOCUMENTED,NOT_DOCUMENTED,NOT_DOCUMENTED,NOT_DOCUMENTED,NOT_DOCUMENTED,NOT_DOCUMENTED,institutional prefix MGH,predictions.xlsx sheet 'Species' (git blob b49b0c5b9ec0fee13da168737fa713e307e6b1f8) row for MGH105,NOT_DOCUMENTED,Supplementary Table 1 of doi:10.1093/bib/bbaf589 not retrievable: PMC JS proof-of-work bot check; OUP HTTP 403; bioRxiv 404/520,NO
MGH109,NOT_DOCUMENTED,Citrobacter freundii complex (species A),NOT_DOCUMENTED,NOT_DOCUMENTED,NOT_DOCUMENTED,NOT_DOCUMENTED,NOT_DOCUMENTED,NOT_DOCUMENTED,institutional prefix MGH,predictions.xlsx sheet 'Species' (git blob b49b0c5b9ec0fee13da168737fa713e307e6b1f8) row for MGH109,NOT_DOCUMENTED,Supplementary Table 1 of doi:10.1093/bib/bbaf589 not retrievable: PMC JS proof-of-work bot check; OUP HTTP 403; bioRxiv 404/520,NO
MGH113,NOT_DOCUMENTED,Klebsiella quasipneumoniae,NOT_DOCUMENTED,NOT_DOCUMENTED,NOT_DOCUMENTED,NOT_DOCUMENTED,NOT_DOCUMENTED,NOT_DOCUMENTED,institutional prefix MGH,predictions.xlsx sheet 'Species' (git blob b49b0c5b9ec0fee13da168737fa713e307e6b1f8) row for MGH113,NOT_DOCUMENTED,Supplementary Table 1 of doi:10.1093/bib/bbaf589 not retrievable: PMC JS proof-of-work bot check; OUP HTTP 403; bioRxiv 404/520,NO
MGH119,NOT_DOCUMENTED,Enterobacter hormaechei,NOT_DOCUMENTED,NOT_DOCUMENTED,NOT_DOCUMENTED,NOT_DOCUMENTED,NOT_DOCUMENTED,NOT_DOCUMENTED,institutional prefix MGH,predictions.xlsx sheet 'Species' (git blob b49b0c5b9ec0fee13da168737fa713e307e6b1f8) row for MGH119,NOT_DOCUMENTED,Supplementary Table 1 of doi:10.1093/bib/bbaf589 not retrievable: PMC JS proof-of-work bot check; OUP HTTP 403; bioRxiv 404/520,NO
MGH121,NOT_DOCUMENTED,Escherichia coli,NOT_DOCUMENTED,NOT_DOCUMENTED,NOT_DOCUMENTED,NOT_DOCUMENTED,NOT_DOCUMENTED,NOT_DOCUMENTED,institutional prefix MGH,predictions.xlsx sheet 'Species' (git blob b49b0c5b9ec0fee13da168737fa713e307e6b1f8) row for MGH121,NOT_DOCUMENTED,Supplementary Table 1 of doi:10.1093/bib/bbaf589 not retrievable: PMC JS proof-of-work bot check; OUP HTTP 403; bioRxiv 404/520,NO
MGH123,NOT_DOCUMENTED,Klebsiella quasipneumoniae,NOT_DOCUMENTED,NOT_DOCUMENTED,NOT_DOCUMENTED,NOT_DOCUMENTED,NOT_DOCUMENTED,NOT_DOCUMENTED,institutional prefix MGH,predictions.xlsx sheet 'Species' (git blob b49b0c5b9ec0fee13da168737fa713e307e6b1f8) row for MGH123,NOT_DOCUMENTED,Supplementary Table 1 of doi:10.1093/bib/bbaf589 not retrievable: PMC JS proof-of-work bot check; OUP HTTP 403; bioRxiv 404/520,NO
MGH129,NOT_DOCUMENTED,Escherichia coli,NOT_DOCUMENTED,NOT_DOCUMENTED,NOT_DOCUMENTED,NOT_DOCUMENTED,NOT_DOCUMENTED,NOT_DOCUMENTED,institutional prefix MGH,predictions.xlsx sheet 'Species' (git blob b49b0c5b9ec0fee13da168737fa713e307e6b1f8) row for MGH129,NOT_DOCUMENTED,Supplementary Table 1 of doi:10.1093/bib/bbaf589 not retrievable: PMC JS proof-of-work bot check; OUP HTTP 403; bioRxiv 404/520,NO
MGH132,NOT_DOCUMENTED,Enterobacter roggenkampii,NOT_DOCUMENTED,NOT_DOCUMENTED,NOT_DOCUMENTED,NOT_DOCUMENTED,NOT_DOCUMENTED,NOT_DOCUMENTED,institutional prefix MGH,predictions.xlsx sheet 'Species' (git blob b49b0c5b9ec0fee13da168737fa713e307e6b1f8) row for MGH132,NOT_DOCUMENTED,Supplementary Table 1 of doi:10.1093/bib/bbaf589 not retrievable: PMC JS proof-of-work bot check; OUP HTTP 403; bioRxiv 404/520,NO
MGH14,NOT_DOCUMENTED,Enterobacter hormaechei,NOT_DOCUMENTED,NOT_DOCUMENTED,NOT_DOCUMENTED,NOT_DOCUMENTED,NOT_DOCUMENTED,NOT_DOCUMENTED,institutional prefix MGH,predictions.xlsx sheet 'Species' (git blob b49b0c5b9ec0fee13da168737fa713e307e6b1f8) row for MGH14,NOT_DOCUMENTED,Supplementary Table 1 of doi:10.1093/bib/bbaf589 not retrievable: PMC JS proof-of-work bot check; OUP HTTP 403; bioRxiv 404/520,NO
MGH143,NOT_DOCUMENTED,Escherichia coli,NOT_DOCUMENTED,NOT_DOCUMENTED,NOT_DOCUMENTED,NOT_DOCUMENTED,NOT_DOCUMENTED,NOT_DOCUMENTED,institutional prefix MGH,predictions.xlsx sheet 'Species' (git blob b49b0c5b9ec0fee13da168737fa713e307e6b1f8) row for MGH143,NOT_DOCUMENTED,Supplementary Table 1 of doi:10.1093/bib/bbaf589 not retrievable: PMC JS proof-of-work bot check; OUP HTTP 403; bioRxiv 404/520,NO
MGH147,NOT_DOCUMENTED,Klebsiella pneumoniae,NOT_DOCUMENTED,NOT_DOCUMENTED,NOT_DOCUMENTED,NOT_DOCUMENTED,NOT_DOCUMENTED,NOT_DOCUMENTED,institutional prefix MGH,predictions.xlsx sheet 'Species' (git blob b49b0c5b9ec0fee13da168737fa713e307e6b1f8) row for MGH147,NOT_DOCUMENTED,Supplementary Table 1 of doi:10.1093/bib/bbaf589 not retrievable: PMC JS proof-of-work bot check; OUP HTTP 403; bioRxiv 404/520,NO
MGH149,NOT_DOCUMENTED,Klebsiella pneumoniae,NOT_DOCUMENTED,NOT_DOCUMENTED,NOT_DOCUMENTED,NOT_DOCUMENTED,NOT_DOCUMENTED,NOT_DOCUMENTED,institutional prefix MGH,predictions.xlsx sheet 'Species' (git blob b49b0c5b9ec0fee13da168737fa713e307e6b1f8) row for MGH149,NOT_DOCUMENTED,Supplementary Table 1 of doi:10.1093/bib/bbaf589 not retrievable: PMC JS proof-of-work bot check; OUP HTTP 403; bioRxiv 404/520,NO
MGH15,NOT_DOCUMENTED,Enterobacter hormaechei,NOT_DOCUMENTED,NOT_DOCUMENTED,NOT_DOCUMENTED,NOT_DOCUMENTED,NOT_DOCUMENTED,NOT_DOCUMENTED,institutional prefix MGH,predictions.xlsx sheet 'Species' (git blob b49b0c5b9ec0fee13da168737fa713e307e6b1f8) row for MGH15,NOT_DOCUMENTED,Supplementary Table 1 of doi:10.1093/bib/bbaf589 not retrievable: PMC JS proof-of-work bot check; OUP HTTP 403; bioRxiv 404/520,NO
MGH151,NOT_DOCUMENTED,Citrobacter amalonaticus,NOT_DOCUMENTED,NOT_DOCUMENTED,NOT_DOCUMENTED,NOT_DOCUMENTED,NOT_DOCUMENTED,NOT_DOCUMENTED,institutional prefix MGH,predictions.xlsx sheet 'Species' (git blob b49b0c5b9ec0fee13da168737fa713e307e6b1f8) row for MGH151,NOT_DOCUMENTED,Supplementary Table 1 of doi:10.1093/bib/bbaf589 not retrievable: PMC JS proof-of-work bot check; OUP HTTP 403; bioRxiv 404/520,NO
MGH153,NOT_DOCUMENTED,Klebsiella pneumoniae,NOT_DOCUMENTED,NOT_DOCUMENTED,NOT_DOCUMENTED,NOT_DOCUMENTED,NOT_DOCUMENTED,NOT_DOCUMENTED,institutional prefix MGH,predictions.xlsx sheet 'Species' (git blob b49b0c5b9ec0fee13da168737fa713e307e6b1f8) row for MGH153,NOT_DOCUMENTED,Supplementary Table 1 of doi:10.1093/bib/bbaf589 not retrievable: PMC JS proof-of-work bot check; OUP HTTP 403; bioRxiv 404/520,NO
MGH159,NOT_DOCUMENTED,Enterobacter hormaechei,NOT_DOCUMENTED,NOT_DOCUMENTED,NOT_DOCUMENTED,NOT_DOCUMENTED,NOT_DOCUMENTED,NOT_DOCUMENTED,institutional prefix MGH,predictions.xlsx sheet 'Species' (git blob b49b0c5b9ec0fee13da168737fa713e307e6b1f8) row for MGH159,NOT_DOCUMENTED,Supplementary Table 1 of doi:10.1093/bib/bbaf589 not retrievable: PMC JS proof-of-work bot check; OUP HTTP 403; bioRxiv 404/520,NO
MGH161,NOT_DOCUMENTED,Klebsiella pneumoniae,NOT_DOCUMENTED,NOT_DOCUMENTED,NOT_DOCUMENTED,NOT_DOCUMENTED,NOT_DOCUMENTED,NOT_DOCUMENTED,institutional prefix MGH,predictions.xlsx sheet 'Species' (git blob b49b0c5b9ec0fee13da168737fa713e307e6b1f8) row for MGH161,NOT_DOCUMENTED,Supplementary Table 1 of doi:10.1093/bib/bbaf589 not retrievable: PMC JS proof-of-work bot check; OUP HTTP 403; bioRxiv 404/520,NO
MGH177,NOT_DOCUMENTED,Enterobacter hormaechei,NOT_DOCUMENTED,NOT_DOCUMENTED,NOT_DOCUMENTED,NOT_DOCUMENTED,NOT_DOCUMENTED,NOT_DOCUMENTED,institutional prefix MGH,predictions.xlsx sheet 'Species' (git blob b49b0c5b9ec0fee13da168737fa713e307e6b1f8) row for MGH177,NOT_DOCUMENTED,Supplementary Table 1 of doi:10.1093/bib/bbaf589 not retrievable: PMC JS proof-of-work bot check; OUP HTTP 403; bioRxiv 404/520,NO
MGH183,NOT_DOCUMENTED,Pluralibacter gergoviae,NOT_DOCUMENTED,NOT_DOCUMENTED,NOT_DOCUMENTED,NOT_DOCUMENTED,NOT_DOCUMENTED,NOT_DOCUMENTED,institutional prefix MGH,predictions.xlsx sheet 'Species' (git blob b49b0c5b9ec0fee13da168737fa713e307e6b1f8) row for MGH183,NOT_DOCUMENTED,Supplementary Table 1 of doi:10.1093/bib/bbaf589 not retrievable: PMC JS proof-of-work bot check; OUP HTTP 403; bioRxiv 404/520,NO
MGH189,NOT_DOCUMENTED,Klebsiella pneumoniae,NOT_DOCUMENTED,NOT_DOCUMENTED,NOT_DOCUMENTED,NOT_DOCUMENTED,NOT_DOCUMENTED,NOT_DOCUMENTED,institutional prefix MGH,predictions.xlsx sheet 'Species' (git blob b49b0c5b9ec0fee13da168737fa713e307e6b1f8) row for MGH189,NOT_DOCUMENTED,Supplementary Table 1 of doi:10.1093/bib/bbaf589 not retrievable: PMC JS proof-of-work bot check; OUP HTTP 403; bioRxiv 404/520,NO
MGH193,NOT_DOCUMENTED,Klebsiella pneumoniae,NOT_DOCUMENTED,NOT_DOCUMENTED,NOT_DOCUMENTED,NOT_DOCUMENTED,NOT_DOCUMENTED,NOT_DOCUMENTED,institutional prefix MGH,predictions.xlsx sheet 'Species' (git blob b49b0c5b9ec0fee13da168737fa713e307e6b1f8) row for MGH193,NOT_DOCUMENTED,Supplementary Table 1 of doi:10.1093/bib/bbaf589 not retrievable: PMC JS proof-of-work bot check; OUP HTTP 403; bioRxiv 404/520,NO
MGH197,NOT_DOCUMENTED,Enterobacter hormaechei,NOT_DOCUMENTED,NOT_DOCUMENTED,NOT_DOCUMENTED,NOT_DOCUMENTED,NOT_DOCUMENTED,NOT_DOCUMENTED,institutional prefix MGH,predictions.xlsx sheet 'Species' (git blob b49b0c5b9ec0fee13da168737fa713e307e6b1f8) row for MGH197,NOT_DOCUMENTED,Supplementary Table 1 of doi:10.1093/bib/bbaf589 not retrievable: PMC JS proof-of-work bot check; OUP HTTP 403; bioRxiv 404/520,NO
MGH211,NOT_DOCUMENTED,Klebsiella pneumoniae,NOT_DOCUMENTED,NOT_DOCUMENTED,NOT_DOCUMENTED,NOT_DOCUMENTED,NOT_DOCUMENTED,NOT_DOCUMENTED,institutional prefix MGH,predictions.xlsx sheet 'Species' (git blob b49b0c5b9ec0fee13da168737fa713e307e6b1f8) row for MGH211,NOT_DOCUMENTED,Supplementary Table 1 of doi:10.1093/bib/bbaf589 not retrievable: PMC JS proof-of-work bot check; OUP HTTP 403; bioRxiv 404/520,NO
MGH214,NOT_DOCUMENTED,Citrobacter freundii complex (species A),NOT_DOCUMENTED,NOT_DOCUMENTED,NOT_DOCUMENTED,NOT_DOCUMENTED,NOT_DOCUMENTED,NOT_DOCUMENTED,institutional prefix MGH,predictions.xlsx sheet 'Species' (git blob b49b0c5b9ec0fee13da168737fa713e307e6b1f8) row for MGH214,NOT_DOCUMENTED,Supplementary Table 1 of doi:10.1093/bib/bbaf589 not retrievable: PMC JS proof-of-work bot check; OUP HTTP 403; bioRxiv 404/520,NO
MGH217,NOT_DOCUMENTED,Escherichia coli,NOT_DOCUMENTED,NOT_DOCUMENTED,NOT_DOCUMENTED,NOT_DOCUMENTED,NOT_DOCUMENTED,NOT_DOCUMENTED,institutional prefix MGH,predictions.xlsx sheet 'Species' (git blob b49b0c5b9ec0fee13da168737fa713e307e6b1f8) row for MGH217,NOT_DOCUMENTED,Supplementary Table 1 of doi:10.1093/bib/bbaf589 not retrievable: PMC JS proof-of-work bot check; OUP HTTP 403; bioRxiv 404/520,NO
MGH219,NOT_DOCUMENTED,Enterobacter hormaechei,NOT_DOCUMENTED,NOT_DOCUMENTED,NOT_DOCUMENTED,NOT_DOCUMENTED,NOT_DOCUMENTED,NOT_DOCUMENTED,institutional prefix MGH,predictions.xlsx sheet 'Species' (git blob b49b0c5b9ec0fee13da168737fa713e307e6b1f8) row for MGH219,NOT_DOCUMENTED,Supplementary Table 1 of doi:10.1093/bib/bbaf589 not retrievable: PMC JS proof-of-work bot check; OUP HTTP 403; bioRxiv 404/520,NO
MGH225,NOT_DOCUMENTED,Serratia marcescens,NOT_DOCUMENTED,NOT_DOCUMENTED,NOT_DOCUMENTED,NOT_DOCUMENTED,NOT_DOCUMENTED,NOT_DOCUMENTED,institutional prefix MGH,predictions.xlsx sheet 'Species' (git blob b49b0c5b9ec0fee13da168737fa713e307e6b1f8) row for MGH225,NOT_DOCUMENTED,Supplementary Table 1 of doi:10.1093/bib/bbaf589 not retrievable: PMC JS proof-of-work bot check; OUP HTTP 403; bioRxiv 404/520,NO
MGH230,NOT_DOCUMENTED,Klebsiella pneumoniae,NOT_DOCUMENTED,NOT_DOCUMENTED,NOT_DOCUMENTED,NOT_DOCUMENTED,NOT_DOCUMENTED,NOT_DOCUMENTED,institutional prefix MGH,predictions.xlsx sheet 'Species' (git blob b49b0c5b9ec0fee13da168737fa713e307e6b1f8) row for MGH230,NOT_DOCUMENTED,Supplementary Table 1 of doi:10.1093/bib/bbaf589 not retrievable: PMC JS proof-of-work bot check; OUP HTTP 403; bioRxiv 404/520,NO
MGH233,NOT_DOCUMENTED,Klebsiella aerogenes,NOT_DOCUMENTED,NOT_DOCUMENTED,NOT_DOCUMENTED,NOT_DOCUMENTED,NOT_DOCUMENTED,NOT_DOCUMENTED,institutional prefix MGH,predictions.xlsx sheet 'Species' (git blob b49b0c5b9ec0fee13da168737fa713e307e6b1f8) row for MGH233,NOT_DOCUMENTED,Supplementary Table 1 of doi:10.1093/bib/bbaf589 not retrievable: PMC JS proof-of-work bot check; OUP HTTP 403; bioRxiv 404/520,NO
MGH239,NOT_DOCUMENTED,Enterobacter roggenkampii,NOT_DOCUMENTED,NOT_DOCUMENTED,NOT_DOCUMENTED,NOT_DOCUMENTED,NOT_DOCUMENTED,NOT_DOCUMENTED,institutional prefix MGH,predictions.xlsx sheet 'Species' (git blob b49b0c5b9ec0fee13da168737fa713e307e6b1f8) row for MGH239,NOT_DOCUMENTED,Supplementary Table 1 of doi:10.1093/bib/bbaf589 not retrievable: PMC JS proof-of-work bot check; OUP HTTP 403; bioRxiv 404/520,NO
MGH240,NOT_DOCUMENTED,Enterobacter kobei,NOT_DOCUMENTED,NOT_DOCUMENTED,NOT_DOCUMENTED,NOT_DOCUMENTED,NOT_DOCUMENTED,NOT_DOCUMENTED,institutional prefix MGH,predictions.xlsx sheet 'Species' (git blob b49b0c5b9ec0fee13da168737fa713e307e6b1f8) row for MGH240,NOT_DOCUMENTED,Supplementary Table 1 of doi:10.1093/bib/bbaf589 not retrievable: PMC JS proof-of-work bot check; OUP HTTP 403; bioRxiv 404/520,NO
MGH243,NOT_DOCUMENTED,Enterobacter asburiae,NOT_DOCUMENTED,NOT_DOCUMENTED,NOT_DOCUMENTED,NOT_DOCUMENTED,NOT_DOCUMENTED,NOT_DOCUMENTED,institutional prefix MGH,predictions.xlsx sheet 'Species' (git blob b49b0c5b9ec0fee13da168737fa713e307e6b1f8) row for MGH243,NOT_DOCUMENTED,Supplementary Table 1 of doi:10.1093/bib/bbaf589 not retrievable: PMC JS proof-of-work bot check; OUP HTTP 403; bioRxiv 404/520,NO
MGH245,NOT_DOCUMENTED,Serratia marcescens,NOT_DOCUMENTED,NOT_DOCUMENTED,NOT_DOCUMENTED,NOT_DOCUMENTED,NOT_DOCUMENTED,NOT_DOCUMENTED,institutional prefix MGH,predictions.xlsx sheet 'Species' (git blob b49b0c5b9ec0fee13da168737fa713e307e6b1f8) row for MGH245,NOT_DOCUMENTED,Supplementary Table 1 of doi:10.1093/bib/bbaf589 not retrievable: PMC JS proof-of-work bot check; OUP HTTP 403; bioRxiv 404/520,NO
MGH247,NOT_DOCUMENTED,Klebsiella aerogenes,NOT_DOCUMENTED,NOT_DOCUMENTED,NOT_DOCUMENTED,NOT_DOCUMENTED,NOT_DOCUMENTED,NOT_DOCUMENTED,institutional prefix MGH,predictions.xlsx sheet 'Species' (git blob b49b0c5b9ec0fee13da168737fa713e307e6b1f8) row for MGH247,NOT_DOCUMENTED,Supplementary Table 1 of doi:10.1093/bib/bbaf589 not retrievable: PMC JS proof-of-work bot check; OUP HTTP 403; bioRxiv 404/520,NO
MGH279,NOT_DOCUMENTED,Citrobacter freundii,NOT_DOCUMENTED,NOT_DOCUMENTED,NOT_DOCUMENTED,NOT_DOCUMENTED,NOT_DOCUMENTED,NOT_DOCUMENTED,institutional prefix MGH,predictions.xlsx sheet 'Species' (git blob b49b0c5b9ec0fee13da168737fa713e307e6b1f8) row for MGH279,NOT_DOCUMENTED,Supplementary Table 1 of doi:10.1093/bib/bbaf589 not retrievable: PMC JS proof-of-work bot check; OUP HTTP 403; bioRxiv 404/520,NO
MGH281,NOT_DOCUMENTED,Citrobacter freundii,NOT_DOCUMENTED,NOT_DOCUMENTED,NOT_DOCUMENTED,NOT_DOCUMENTED,NOT_DOCUMENTED,NOT_DOCUMENTED,institutional prefix MGH,predictions.xlsx sheet 'Species' (git blob b49b0c5b9ec0fee13da168737fa713e307e6b1f8) row for MGH281,NOT_DOCUMENTED,Supplementary Table 1 of doi:10.1093/bib/bbaf589 not retrievable: PMC JS proof-of-work bot check; OUP HTTP 403; bioRxiv 404/520,NO
MGH281c,NOT_DOCUMENTED,Citrobacter freundii,NOT_DOCUMENTED,NOT_DOCUMENTED,NOT_DOCUMENTED,NOT_DOCUMENTED,NOT_DOCUMENTED,NOT_DOCUMENTED,institutional prefix MGH281c,predictions.xlsx sheet 'Species' (git blob b49b0c5b9ec0fee13da168737fa713e307e6b1f8) row for MGH281c,NOT_DOCUMENTED,Supplementary Table 1 of doi:10.1093/bib/bbaf589 not retrievable: PMC JS proof-of-work bot check; OUP HTTP 403; bioRxiv 404/520,NO
MGH283,NOT_DOCUMENTED,Citrobacter freundii,NOT_DOCUMENTED,NOT_DOCUMENTED,NOT_DOCUMENTED,NOT_DOCUMENTED,NOT_DOCUMENTED,NOT_DOCUMENTED,institutional prefix MGH,predictions.xlsx sheet 'Species' (git blob b49b0c5b9ec0fee13da168737fa713e307e6b1f8) row for MGH283,NOT_DOCUMENTED,Supplementary Table 1 of doi:10.1093/bib/bbaf589 not retrievable: PMC JS proof-of-work bot check; OUP HTTP 403; bioRxiv 404/520,NO
MGH3,NOT_DOCUMENTED,Enterobacter hormaechei,NOT_DOCUMENTED,NOT_DOCUMENTED,NOT_DOCUMENTED,NOT_DOCUMENTED,NOT_DOCUMENTED,NOT_DOCUMENTED,institutional prefix MGH,predictions.xlsx sheet 'Species' (git blob b49b0c5b9ec0fee13da168737fa713e307e6b1f8) row for MGH3,NOT_DOCUMENTED,Supplementary Table 1 of doi:10.1093/bib/bbaf589 not retrievable: PMC JS proof-of-work bot check; OUP HTTP 403; bioRxiv 404/520,NO
MGH37,NOT_DOCUMENTED,Enterobacter kobei,NOT_DOCUMENTED,NOT_DOCUMENTED,NOT_DOCUMENTED,NOT_DOCUMENTED,NOT_DOCUMENTED,NOT_DOCUMENTED,institutional prefix MGH,predictions.xlsx sheet 'Species' (git blob b49b0c5b9ec0fee13da168737fa713e307e6b1f8) row for MGH37,NOT_DOCUMENTED,Supplementary Table 1 of doi:10.1093/bib/bbaf589 not retrievable: PMC JS proof-of-work bot check; OUP HTTP 403; bioRxiv 404/520,NO
MGH39,NOT_DOCUMENTED,Klebsiella pneumoniae,NOT_DOCUMENTED,NOT_DOCUMENTED,NOT_DOCUMENTED,NOT_DOCUMENTED,NOT_DOCUMENTED,NOT_DOCUMENTED,institutional prefix MGH,predictions.xlsx sheet 'Species' (git blob b49b0c5b9ec0fee13da168737fa713e307e6b1f8) row for MGH39,NOT_DOCUMENTED,Supplementary Table 1 of doi:10.1093/bib/bbaf589 not retrievable: PMC JS proof-of-work bot check; OUP HTTP 403; bioRxiv 404/520,NO
MGH43,NOT_DOCUMENTED,Klebsiella pneumoniae,NOT_DOCUMENTED,NOT_DOCUMENTED,NOT_DOCUMENTED,NOT_DOCUMENTED,NOT_DOCUMENTED,NOT_DOCUMENTED,institutional prefix MGH,predictions.xlsx sheet 'Species' (git blob b49b0c5b9ec0fee13da168737fa713e307e6b1f8) row for MGH43,NOT_DOCUMENTED,Supplementary Table 1 of doi:10.1093/bib/bbaf589 not retrievable: PMC JS proof-of-work bot check; OUP HTTP 403; bioRxiv 404/520,NO
MGH6,NOT_DOCUMENTED,Enterobacter hormaechei,NOT_DOCUMENTED,NOT_DOCUMENTED,NOT_DOCUMENTED,NOT_DOCUMENTED,NOT_DOCUMENTED,NOT_DOCUMENTED,institutional prefix MGH,predictions.xlsx sheet 'Species' (git blob b49b0c5b9ec0fee13da168737fa713e307e6b1f8) row for MGH6,NOT_DOCUMENTED,Supplementary Table 1 of doi:10.1093/bib/bbaf589 not retrievable: PMC JS proof-of-work bot check; OUP HTTP 403; bioRxiv 404/520,NO
MGH7,NOT_DOCUMENTED,Enterobacter hormaechei,NOT_DOCUMENTED,NOT_DOCUMENTED,NOT_DOCUMENTED,NOT_DOCUMENTED,NOT_DOCUMENTED,NOT_DOCUMENTED,institutional prefix MGH,predictions.xlsx sheet 'Species' (git blob b49b0c5b9ec0fee13da168737fa713e307e6b1f8) row for MGH7,NOT_DOCUMENTED,Supplementary Table 1 of doi:10.1093/bib/bbaf589 not retrievable: PMC JS proof-of-work bot check; OUP HTTP 403; bioRxiv 404/520,NO
MGH83,NOT_DOCUMENTED,Klebsiella pneumoniae,NOT_DOCUMENTED,NOT_DOCUMENTED,NOT_DOCUMENTED,NOT_DOCUMENTED,NOT_DOCUMENTED,NOT_DOCUMENTED,institutional prefix MGH,predictions.xlsx sheet 'Species' (git blob b49b0c5b9ec0fee13da168737fa713e307e6b1f8) row for MGH83,NOT_DOCUMENTED,Supplementary Table 1 of doi:10.1093/bib/bbaf589 not retrievable: PMC JS proof-of-work bot check; OUP HTTP 403; bioRxiv 404/520,NO
MGH89,NOT_DOCUMENTED,Klebsiella pneumoniae,NOT_DOCUMENTED,NOT_DOCUMENTED,NOT_DOCUMENTED,NOT_DOCUMENTED,NOT_DOCUMENTED,NOT_DOCUMENTED,institutional prefix MGH,predictions.xlsx sheet 'Species' (git blob b49b0c5b9ec0fee13da168737fa713e307e6b1f8) row for MGH89,NOT_DOCUMENTED,Supplementary Table 1 of doi:10.1093/bib/bbaf589 not retrievable: PMC JS proof-of-work bot check; OUP HTTP 403; bioRxiv 404/520,NO
MGH97,NOT_DOCUMENTED,Klebsiella pneumoniae,NOT_DOCUMENTED,NOT_DOCUMENTED,NOT_DOCUMENTED,NOT_DOCUMENTED,NOT_DOCUMENTED,NOT_DOCUMENTED,institutional prefix MGH,predictions.xlsx sheet 'Species' (git blob b49b0c5b9ec0fee13da168737fa713e307e6b1f8) row for MGH97,NOT_DOCUMENTED,Supplementary Table 1 of doi:10.1093/bib/bbaf589 not retrievable: PMC JS proof-of-work bot check; OUP HTTP 403; bioRxiv 404/520,NO
MGH99,NOT_DOCUMENTED,Citrobacter freundii complex (species A),NOT_DOCUMENTED,NOT_DOCUMENTED,NOT_DOCUMENTED,NOT_DOCUMENTED,NOT_DOCUMENTED,NOT_DOCUMENTED,institutional prefix MGH,predictions.xlsx sheet 'Species' (git blob b49b0c5b9ec0fee13da168737fa713e307e6b1f8) row for MGH99,NOT_DOCUMENTED,Supplementary Table 1 of doi:10.1093/bib/bbaf589 not retrievable: PMC JS proof-of-work bot check; OUP HTTP 403; bioRxiv 404/520,NO
UCI101,NOT_DOCUMENTED,Enterobacter hormaechei,NOT_DOCUMENTED,NOT_DOCUMENTED,NOT_DOCUMENTED,NOT_DOCUMENTED,NOT_DOCUMENTED,NOT_DOCUMENTED,institutional prefix UCI,predictions.xlsx sheet 'Species' (git blob b49b0c5b9ec0fee13da168737fa713e307e6b1f8) row for UCI101,NOT_DOCUMENTED,Supplementary Table 1 of doi:10.1093/bib/bbaf589 not retrievable: PMC JS proof-of-work bot check; OUP HTTP 403; bioRxiv 404/520,NO
UCI105,NOT_DOCUMENTED,Klebsiella pneumoniae,NOT_DOCUMENTED,NOT_DOCUMENTED,NOT_DOCUMENTED,NOT_DOCUMENTED,NOT_DOCUMENTED,NOT_DOCUMENTED,institutional prefix UCI,predictions.xlsx sheet 'Species' (git blob b49b0c5b9ec0fee13da168737fa713e307e6b1f8) row for UCI105,NOT_DOCUMENTED,Supplementary Table 1 of doi:10.1093/bib/bbaf589 not retrievable: PMC JS proof-of-work bot check; OUP HTTP 403; bioRxiv 404/520,NO
UCI107,NOT_DOCUMENTED,Klebsiella pneumoniae,NOT_DOCUMENTED,NOT_DOCUMENTED,NOT_DOCUMENTED,NOT_DOCUMENTED,NOT_DOCUMENTED,NOT_DOCUMENTED,institutional prefix UCI,predictions.xlsx sheet 'Species' (git blob b49b0c5b9ec0fee13da168737fa713e307e6b1f8) row for UCI107,NOT_DOCUMENTED,Supplementary Table 1 of doi:10.1093/bib/bbaf589 not retrievable: PMC JS proof-of-work bot check; OUP HTTP 403; bioRxiv 404/520,NO
UCI117,NOT_DOCUMENTED,Klebsiella pneumoniae,NOT_DOCUMENTED,NOT_DOCUMENTED,NOT_DOCUMENTED,NOT_DOCUMENTED,NOT_DOCUMENTED,NOT_DOCUMENTED,institutional prefix UCI,predictions.xlsx sheet 'Species' (git blob b49b0c5b9ec0fee13da168737fa713e307e6b1f8) row for UCI117,NOT_DOCUMENTED,Supplementary Table 1 of doi:10.1093/bib/bbaf589 not retrievable: PMC JS proof-of-work bot check; OUP HTTP 403; bioRxiv 404/520,NO
UCI121,NOT_DOCUMENTED,Escherichia coli,NOT_DOCUMENTED,NOT_DOCUMENTED,NOT_DOCUMENTED,NOT_DOCUMENTED,NOT_DOCUMENTED,NOT_DOCUMENTED,institutional prefix UCI,predictions.xlsx sheet 'Species' (git blob b49b0c5b9ec0fee13da168737fa713e307e6b1f8) row for UCI121,NOT_DOCUMENTED,Supplementary Table 1 of doi:10.1093/bib/bbaf589 not retrievable: PMC JS proof-of-work bot check; OUP HTTP 403; bioRxiv 404/520,NO
UCICRE123,NOT_DOCUMENTED,Klebsiella pneumoniae,NOT_DOCUMENTED,NOT_DOCUMENTED,NOT_DOCUMENTED,NOT_DOCUMENTED,NOT_DOCUMENTED,NOT_DOCUMENTED,institutional prefix UCICRE,predictions.xlsx sheet 'Species' (git blob b49b0c5b9ec0fee13da168737fa713e307e6b1f8) row for UCICRE123,NOT_DOCUMENTED,Supplementary Table 1 of doi:10.1093/bib/bbaf589 not retrievable: PMC JS proof-of-work bot check; OUP HTTP 403; bioRxiv 404/520,NO
UCICRE141,NOT_DOCUMENTED,Citrobacter freundii complex (species A),NOT_DOCUMENTED,NOT_DOCUMENTED,NOT_DOCUMENTED,NOT_DOCUMENTED,NOT_DOCUMENTED,NOT_DOCUMENTED,institutional prefix UCICRE,predictions.xlsx sheet 'Species' (git blob b49b0c5b9ec0fee13da168737fa713e307e6b1f8) row for UCICRE141,NOT_DOCUMENTED,Supplementary Table 1 of doi:10.1093/bib/bbaf589 not retrievable: PMC JS proof-of-work bot check; OUP HTTP 403; bioRxiv 404/520,NO
UCI147,NOT_DOCUMENTED,Enterobacter hormaechei,NOT_DOCUMENTED,NOT_DOCUMENTED,NOT_DOCUMENTED,NOT_DOCUMENTED,NOT_DOCUMENTED,NOT_DOCUMENTED,institutional prefix UCI,predictions.xlsx sheet 'Species' (git blob b49b0c5b9ec0fee13da168737fa713e307e6b1f8) row for UCI147,NOT_DOCUMENTED,Supplementary Table 1 of doi:10.1093/bib/bbaf589 not retrievable: PMC JS proof-of-work bot check; OUP HTTP 403; bioRxiv 404/520,NO
UCI148,NOT_DOCUMENTED,Enterobacter hormaechei,NOT_DOCUMENTED,NOT_DOCUMENTED,NOT_DOCUMENTED,NOT_DOCUMENTED,NOT_DOCUMENTED,NOT_DOCUMENTED,institutional prefix UCI,predictions.xlsx sheet 'Species' (git blob b49b0c5b9ec0fee13da168737fa713e307e6b1f8) row for UCI148,NOT_DOCUMENTED,Supplementary Table 1 of doi:10.1093/bib/bbaf589 not retrievable: PMC JS proof-of-work bot check; OUP HTTP 403; bioRxiv 404/520,NO
UCI151,NOT_DOCUMENTED,Citrobacter freundii complex (species A),NOT_DOCUMENTED,NOT_DOCUMENTED,NOT_DOCUMENTED,NOT_DOCUMENTED,NOT_DOCUMENTED,NOT_DOCUMENTED,institutional prefix UCI,predictions.xlsx sheet 'Species' (git blob b49b0c5b9ec0fee13da168737fa713e307e6b1f8) row for UCI151,NOT_DOCUMENTED,Supplementary Table 1 of doi:10.1093/bib/bbaf589 not retrievable: PMC JS proof-of-work bot check; OUP HTTP 403; bioRxiv 404/520,NO
UCI161,NOT_DOCUMENTED,Enterobacter hormaechei,NOT_DOCUMENTED,NOT_DOCUMENTED,NOT_DOCUMENTED,NOT_DOCUMENTED,NOT_DOCUMENTED,NOT_DOCUMENTED,institutional prefix UCI,predictions.xlsx sheet 'Species' (git blob b49b0c5b9ec0fee13da168737fa713e307e6b1f8) row for UCI161,NOT_DOCUMENTED,Supplementary Table 1 of doi:10.1093/bib/bbaf589 not retrievable: PMC JS proof-of-work bot check; OUP HTTP 403; bioRxiv 404/520,NO
UCI179,NOT_DOCUMENTED,Klebsiella aerogenes,NOT_DOCUMENTED,NOT_DOCUMENTED,NOT_DOCUMENTED,NOT_DOCUMENTED,NOT_DOCUMENTED,NOT_DOCUMENTED,institutional prefix UCI,predictions.xlsx sheet 'Species' (git blob b49b0c5b9ec0fee13da168737fa713e307e6b1f8) row for UCI179,NOT_DOCUMENTED,Supplementary Table 1 of doi:10.1093/bib/bbaf589 not retrievable: PMC JS proof-of-work bot check; OUP HTTP 403; bioRxiv 404/520,NO
UCI187,NOT_DOCUMENTED,Klebsiella pneumoniae,NOT_DOCUMENTED,NOT_DOCUMENTED,NOT_DOCUMENTED,NOT_DOCUMENTED,NOT_DOCUMENTED,NOT_DOCUMENTED,institutional prefix UCI,predictions.xlsx sheet 'Species' (git blob b49b0c5b9ec0fee13da168737fa713e307e6b1f8) row for UCI187,NOT_DOCUMENTED,Supplementary Table 1 of doi:10.1093/bib/bbaf589 not retrievable: PMC JS proof-of-work bot check; OUP HTTP 403; bioRxiv 404/520,NO
UCI191,NOT_DOCUMENTED,Escherichia coli,NOT_DOCUMENTED,NOT_DOCUMENTED,NOT_DOCUMENTED,NOT_DOCUMENTED,NOT_DOCUMENTED,NOT_DOCUMENTED,institutional prefix UCI,predictions.xlsx sheet 'Species' (git blob b49b0c5b9ec0fee13da168737fa713e307e6b1f8) row for UCI191,NOT_DOCUMENTED,Supplementary Table 1 of doi:10.1093/bib/bbaf589 not retrievable: PMC JS proof-of-work bot check; OUP HTTP 403; bioRxiv 404/520,NO
UCI193,NOT_DOCUMENTED,Enterobacter asburiae,NOT_DOCUMENTED,NOT_DOCUMENTED,NOT_DOCUMENTED,NOT_DOCUMENTED,NOT_DOCUMENTED,NOT_DOCUMENTED,institutional prefix UCI,predictions.xlsx sheet 'Species' (git blob b49b0c5b9ec0fee13da168737fa713e307e6b1f8) row for UCI193,NOT_DOCUMENTED,Supplementary Table 1 of doi:10.1093/bib/bbaf589 not retrievable: PMC JS proof-of-work bot check; OUP HTTP 403; bioRxiv 404/520,NO
UCI75,NOT_DOCUMENTED,Klebsiella pneumoniae,NOT_DOCUMENTED,NOT_DOCUMENTED,NOT_DOCUMENTED,NOT_DOCUMENTED,NOT_DOCUMENTED,NOT_DOCUMENTED,institutional prefix UCI,predictions.xlsx sheet 'Species' (git blob b49b0c5b9ec0fee13da168737fa713e307e6b1f8) row for UCI75,NOT_DOCUMENTED,Supplementary Table 1 of doi:10.1093/bib/bbaf589 not retrievable: PMC JS proof-of-work bot check; OUP HTTP 403; bioRxiv 404/520,NO
UCI85,NOT_DOCUMENTED,Enterobacter hormaechei,NOT_DOCUMENTED,NOT_DOCUMENTED,NOT_DOCUMENTED,NOT_DOCUMENTED,NOT_DOCUMENTED,NOT_DOCUMENTED,institutional prefix UCI,predictions.xlsx sheet 'Species' (git blob b49b0c5b9ec0fee13da168737fa713e307e6b1f8) row for UCI85,NOT_DOCUMENTED,Supplementary Table 1 of doi:10.1093/bib/bbaf589 not retrievable: PMC JS proof-of-work bot check; OUP HTTP 403; bioRxiv 404/520,NO
UCI89,NOT_DOCUMENTED,Klebsiella aerogenes,NOT_DOCUMENTED,NOT_DOCUMENTED,NOT_DOCUMENTED,NOT_DOCUMENTED,NOT_DOCUMENTED,NOT_DOCUMENTED,institutional prefix UCI,predictions.xlsx sheet 'Species' (git blob b49b0c5b9ec0fee13da168737fa713e307e6b1f8) row for UCI89,NOT_DOCUMENTED,Supplementary Table 1 of doi:10.1093/bib/bbaf589 not retrievable: PMC JS proof-of-work bot check; OUP HTTP 403; bioRxiv 404/520,NO
UCI93,NOT_DOCUMENTED,Klebsiella pneumoniae,NOT_DOCUMENTED,NOT_DOCUMENTED,NOT_DOCUMENTED,NOT_DOCUMENTED,NOT_DOCUMENTED,NOT_DOCUMENTED,institutional prefix UCI,predictions.xlsx sheet 'Species' (git blob b49b0c5b9ec0fee13da168737fa713e307e6b1f8) row for UCI93,NOT_DOCUMENTED,Supplementary Table 1 of doi:10.1093/bib/bbaf589 not retrievable: PMC JS proof-of-work bot check; OUP HTTP 403; bioRxiv 404/520,NO
DIV0755b,NOT_DOCUMENTED,Enterococcus canintestini,NOT_DOCUMENTED,NOT_DOCUMENTED,NOT_DOCUMENTED,NOT_DOCUMENTED,NOT_DOCUMENTED,NOT_DOCUMENTED,institutional prefix DIV0755b,predictions.xlsx sheet 'Species' (git blob b49b0c5b9ec0fee13da168737fa713e307e6b1f8) row for DIV0755b,NOT_DOCUMENTED,Supplementary Table 1 of doi:10.1093/bib/bbaf589 not retrievable: PMC JS proof-of-work bot check; OUP HTTP 403; bioRxiv 404/520,NO
AZ015,NOT_DOCUMENTED,Enterococcus casseliflavus,NOT_DOCUMENTED,NOT_DOCUMENTED,NOT_DOCUMENTED,NOT_DOCUMENTED,NOT_DOCUMENTED,NOT_DOCUMENTED,institutional prefix AZ,predictions.xlsx sheet 'Species' (git blob b49b0c5b9ec0fee13da168737fa713e307e6b1f8) row for AZ015,NOT_DOCUMENTED,Supplementary Table 1 of doi:10.1093/bib/bbaf589 not retrievable: PMC JS proof-of-work bot check; OUP HTTP 403; bioRxiv 404/520,NO
AZ040,NOT_DOCUMENTED,Enterococcus casseliflavus,NOT_DOCUMENTED,NOT_DOCUMENTED,NOT_DOCUMENTED,NOT_DOCUMENTED,NOT_DOCUMENTED,NOT_DOCUMENTED,institutional prefix AZ,predictions.xlsx sheet 'Species' (git blob b49b0c5b9ec0fee13da168737fa713e307e6b1f8) row for AZ040,NOT_DOCUMENTED,Supplementary Table 1 of doi:10.1093/bib/bbaf589 not retrievable: PMC JS proof-of-work bot check; OUP HTTP 403; bioRxiv 404/520,NO
AZ046,NOT_DOCUMENTED,Enterococcus casseliflavus,NOT_DOCUMENTED,NOT_DOCUMENTED,NOT_DOCUMENTED,NOT_DOCUMENTED,NOT_DOCUMENTED,NOT_DOCUMENTED,institutional prefix AZ,predictions.xlsx sheet 'Species' (git blob b49b0c5b9ec0fee13da168737fa713e307e6b1f8) row for AZ046,NOT_DOCUMENTED,Supplementary Table 1 of doi:10.1093/bib/bbaf589 not retrievable: PMC JS proof-of-work bot check; OUP HTTP 403; bioRxiv 404/520,NO
AZ049,NOT_DOCUMENTED,Enterococcus casseliflavus,NOT_DOCUMENTED,NOT_DOCUMENTED,NOT_DOCUMENTED,NOT_DOCUMENTED,NOT_DOCUMENTED,NOT_DOCUMENTED,institutional prefix AZ,predictions.xlsx sheet 'Species' (git blob b49b0c5b9ec0fee13da168737fa713e307e6b1f8) row for AZ049,NOT_DOCUMENTED,Supplementary Table 1 of doi:10.1093/bib/bbaf589 not retrievable: PMC JS proof-of-work bot check; OUP HTTP 403; bioRxiv 404/520,NO
AZ051,NOT_DOCUMENTED,Enterococcus casseliflavus,NOT_DOCUMENTED,NOT_DOCUMENTED,NOT_DOCUMENTED,NOT_DOCUMENTED,NOT_DOCUMENTED,NOT_DOCUMENTED,institutional prefix AZ,predictions.xlsx sheet 'Species' (git blob b49b0c5b9ec0fee13da168737fa713e307e6b1f8) row for AZ051,NOT_DOCUMENTED,Supplementary Table 1 of doi:10.1093/bib/bbaf589 not retrievable: PMC JS proof-of-work bot check; OUP HTTP 403; bioRxiv 404/520,NO
AZ083,NOT_DOCUMENTED,Enterococcus casseliflavus,NOT_DOCUMENTED,NOT_DOCUMENTED,NOT_DOCUMENTED,NOT_DOCUMENTED,NOT_DOCUMENTED,NOT_DOCUMENTED,institutional prefix AZ,predictions.xlsx sheet 'Species' (git blob b49b0c5b9ec0fee13da168737fa713e307e6b1f8) row for AZ083,NOT_DOCUMENTED,Supplementary Table 1 of doi:10.1093/bib/bbaf589 not retrievable: PMC JS proof-of-work bot check; OUP HTTP 403; bioRxiv 404/520,NO
AZ136,NOT_DOCUMENTED,Enterococcus casseliflavus,NOT_DOCUMENTED,NOT_DOCUMENTED,NOT_DOCUMENTED,NOT_DOCUMENTED,NOT_DOCUMENTED,NOT_DOCUMENTED,institutional prefix AZ,predictions.xlsx sheet 'Species' (git blob b49b0c5b9ec0fee13da168737fa713e307e6b1f8) row for AZ136,NOT_DOCUMENTED,Supplementary Table 1 of doi:10.1093/bib/bbaf589 not retrievable: PMC JS proof-of-work bot check; OUP HTTP 403; bioRxiv 404/520,NO
AZ173,NOT_DOCUMENTED,Enterococcus casseliflavus,NOT_DOCUMENTED,NOT_DOCUMENTED,NOT_DOCUMENTED,NOT_DOCUMENTED,NOT_DOCUMENTED,NOT_DOCUMENTED,institutional prefix AZ,predictions.xlsx sheet 'Species' (git blob b49b0c5b9ec0fee13da168737fa713e307e6b1f8) row for AZ173,NOT_DOCUMENTED,Supplementary Table 1 of doi:10.1093/bib/bbaf589 not retrievable: PMC JS proof-of-work bot check; OUP HTTP 403; bioRxiv 404/520,NO
DIV0755f,NOT_DOCUMENTED,Enterococcus flavescens,NOT_DOCUMENTED,NOT_DOCUMENTED,NOT_DOCUMENTED,NOT_DOCUMENTED,NOT_DOCUMENTED,NOT_DOCUMENTED,institutional prefix DIV0755f,predictions.xlsx sheet 'Species' (git blob b49b0c5b9ec0fee13da168737fa713e307e6b1f8) row for DIV0755f,NOT_DOCUMENTED,Supplementary Table 1 of doi:10.1093/bib/bbaf589 not retrievable: PMC JS proof-of-work bot check; OUP HTTP 403; bioRxiv 404/520,NO
DIV0765a,NOT_DOCUMENTED,Enterococcus casseliflavus,NOT_DOCUMENTED,NOT_DOCUMENTED,NOT_DOCUMENTED,NOT_DOCUMENTED,NOT_DOCUMENTED,NOT_DOCUMENTED,institutional prefix DIV0765a,predictions.xlsx sheet 'Species' (git blob b49b0c5b9ec0fee13da168737fa713e307e6b1f8) row for DIV0765a,NOT_DOCUMENTED,Supplementary Table 1 of doi:10.1093/bib/bbaf589 not retrievable: PMC JS proof-of-work bot check; OUP HTTP 403; bioRxiv 404/520,NO
DIV1083b,NOT_DOCUMENTED,Enterococcus flavescens,NOT_DOCUMENTED,NOT_DOCUMENTED,NOT_DOCUMENTED,NOT_DOCUMENTED,NOT_DOCUMENTED,NOT_DOCUMENTED,institutional prefix DIV1083b,predictions.xlsx sheet 'Species' (git blob b49b0c5b9ec0fee13da168737fa713e307e6b1f8) row for DIV1083b,NOT_DOCUMENTED,Supplementary Table 1 of doi:10.1093/bib/bbaf589 not retrievable: PMC JS proof-of-work bot check; OUP HTTP 403; bioRxiv 404/520,NO
DIV1096b,NOT_DOCUMENTED,Enterococcus casseliflavus,NOT_DOCUMENTED,NOT_DOCUMENTED,NOT_DOCUMENTED,NOT_DOCUMENTED,NOT_DOCUMENTED,NOT_DOCUMENTED,institutional prefix DIV1096b,predictions.xlsx sheet 'Species' (git blob b49b0c5b9ec0fee13da168737fa713e307e6b1f8) row for DIV1096b,NOT_DOCUMENTED,Supplementary Table 1 of doi:10.1093/bib/bbaf589 not retrievable: PMC JS proof-of-work bot check; OUP HTTP 403; bioRxiv 404/520,NO
DIV1297f,NOT_DOCUMENTED,Enterococcus casseliflavus,NOT_DOCUMENTED,NOT_DOCUMENTED,NOT_DOCUMENTED,NOT_DOCUMENTED,NOT_DOCUMENTED,NOT_DOCUMENTED,institutional prefix DIV1297f,predictions.xlsx sheet 'Species' (git blob b49b0c5b9ec0fee13da168737fa713e307e6b1f8) row for DIV1297f,NOT_DOCUMENTED,Supplementary Table 1 of doi:10.1093/bib/bbaf589 not retrievable: PMC JS proof-of-work bot check; OUP HTTP 403; bioRxiv 404/520,NO
GCID-2564,NOT_DOCUMENTED,Enterococcus casseliflavus,NOT_DOCUMENTED,NOT_DOCUMENTED,NOT_DOCUMENTED,NOT_DOCUMENTED,NOT_DOCUMENTED,NOT_DOCUMENTED,institutional prefix GCID-,predictions.xlsx sheet 'Species' (git blob b49b0c5b9ec0fee13da168737fa713e307e6b1f8) row for GCID-2564,NOT_DOCUMENTED,Supplementary Table 1 of doi:10.1093/bib/bbaf589 not retrievable: PMC JS proof-of-work bot check; OUP HTTP 403; bioRxiv 404/520,NO
AZ149,NOT_DOCUMENTED,Enterococcus casseliflavus,NOT_DOCUMENTED,NOT_DOCUMENTED,NOT_DOCUMENTED,NOT_DOCUMENTED,NOT_DOCUMENTED,NOT_DOCUMENTED,institutional prefix AZ,predictions.xlsx sheet 'Species' (git blob b49b0c5b9ec0fee13da168737fa713e307e6b1f8) row for AZ149,NOT_DOCUMENTED,Supplementary Table 1 of doi:10.1093/bib/bbaf589 not retrievable: PMC JS proof-of-work bot check; OUP HTTP 403; bioRxiv 404/520,NO
GCID-2726,NOT_DOCUMENTED,Enterococcus devriesei,NOT_DOCUMENTED,NOT_DOCUMENTED,NOT_DOCUMENTED,NOT_DOCUMENTED,NOT_DOCUMENTED,NOT_DOCUMENTED,institutional prefix GCID-,predictions.xlsx sheet 'Species' (git blob b49b0c5b9ec0fee13da168737fa713e307e6b1f8) row for GCID-2726,NOT_DOCUMENTED,Supplementary Table 1 of doi:10.1093/bib/bbaf589 not retrievable: PMC JS proof-of-work bot check; OUP HTTP 403; bioRxiv 404/520,NO
AZ008,NOT_DOCUMENTED,Enterococcus faecalis,NOT_DOCUMENTED,NOT_DOCUMENTED,NOT_DOCUMENTED,NOT_DOCUMENTED,NOT_DOCUMENTED,NOT_DOCUMENTED,institutional prefix AZ,predictions.xlsx sheet 'Species' (git blob b49b0c5b9ec0fee13da168737fa713e307e6b1f8) row for AZ008,NOT_DOCUMENTED,Supplementary Table 1 of doi:10.1093/bib/bbaf589 not retrievable: PMC JS proof-of-work bot check; OUP HTTP 403; bioRxiv 404/520,NO
AZ029,NOT_DOCUMENTED,Enterococcus faecalis,NOT_DOCUMENTED,NOT_DOCUMENTED,NOT_DOCUMENTED,NOT_DOCUMENTED,NOT_DOCUMENTED,NOT_DOCUMENTED,institutional prefix AZ,predictions.xlsx sheet 'Species' (git blob b49b0c5b9ec0fee13da168737fa713e307e6b1f8) row for AZ029,NOT_DOCUMENTED,Supplementary Table 1 of doi:10.1093/bib/bbaf589 not retrievable: PMC JS proof-of-work bot check; OUP HTTP 403; bioRxiv 404/520,NO
AZ081,NOT_DOCUMENTED,Enterococcus faecalis,NOT_DOCUMENTED,NOT_DOCUMENTED,NOT_DOCUMENTED,NOT_DOCUMENTED,NOT_DOCUMENTED,NOT_DOCUMENTED,institutional prefix AZ,predictions.xlsx sheet 'Species' (git blob b49b0c5b9ec0fee13da168737fa713e307e6b1f8) row for AZ081,NOT_DOCUMENTED,Supplementary Table 1 of doi:10.1093/bib/bbaf589 not retrievable: PMC JS proof-of-work bot check; OUP HTTP 403; bioRxiv 404/520,NO
AZ088,NOT_DOCUMENTED,Enterococcus faecalis,NOT_DOCUMENTED,NOT_DOCUMENTED,NOT_DOCUMENTED,NOT_DOCUMENTED,NOT_DOCUMENTED,NOT_DOCUMENTED,institutional prefix AZ,predictions.xlsx sheet 'Species' (git blob b49b0c5b9ec0fee13da168737fa713e307e6b1f8) row for AZ088,NOT_DOCUMENTED,Supplementary Table 1 of doi:10.1093/bib/bbaf589 not retrievable: PMC JS proof-of-work bot check; OUP HTTP 403; bioRxiv 404/520,NO
AZ107,NOT_DOCUMENTED,Enterococcus faecalis,NOT_DOCUMENTED,NOT_DOCUMENTED,NOT_DOCUMENTED,NOT_DOCUMENTED,NOT_DOCUMENTED,NOT_DOCUMENTED,institutional prefix AZ,predictions.xlsx sheet 'Species' (git blob b49b0c5b9ec0fee13da168737fa713e307e6b1f8) row for AZ107,NOT_DOCUMENTED,Supplementary Table 1 of doi:10.1093/bib/bbaf589 not retrievable: PMC JS proof-of-work bot check; OUP HTTP 403; bioRxiv 404/520,NO
AZ112,NOT_DOCUMENTED,Enterococcus faecalis,NOT_DOCUMENTED,NOT_DOCUMENTED,NOT_DOCUMENTED,NOT_DOCUMENTED,NOT_DOCUMENTED,NOT_DOCUMENTED,institutional prefix AZ,predictions.xlsx sheet 'Species' (git blob b49b0c5b9ec0fee13da168737fa713e307e6b1f8) row for AZ112,NOT_DOCUMENTED,Supplementary Table 1 of doi:10.1093/bib/bbaf589 not retrievable: PMC JS proof-of-work bot check; OUP HTTP 403; bioRxiv 404/520,NO
AZ129,NOT_DOCUMENTED,Enterococcus faecalis,NOT_DOCUMENTED,NOT_DOCUMENTED,NOT_DOCUMENTED,NOT_DOCUMENTED,NOT_DOCUMENTED,NOT_DOCUMENTED,institutional prefix AZ,predictions.xlsx sheet 'Species' (git blob b49b0c5b9ec0fee13da168737fa713e307e6b1f8) row for AZ129,NOT_DOCUMENTED,Supplementary Table 1 of doi:10.1093/bib/bbaf589 not retrievable: PMC JS proof-of-work bot check; OUP HTTP 403; bioRxiv 404/520,NO
AZ134,NOT_DOCUMENTED,Enterococcus faecalis,NOT_DOCUMENTED,NOT_DOCUMENTED,NOT_DOCUMENTED,NOT_DOCUMENTED,NOT_DOCUMENTED,NOT_DOCUMENTED,institutional prefix AZ,predictions.xlsx sheet 'Species' (git blob b49b0c5b9ec0fee13da168737fa713e307e6b1f8) row for AZ134,NOT_DOCUMENTED,Supplementary Table 1 of doi:10.1093/bib/bbaf589 not retrievable: PMC JS proof-of-work bot check; OUP HTTP 403; bioRxiv 404/520,NO
AZ151,NOT_DOCUMENTED,Enterococcus faecalis,NOT_DOCUMENTED,NOT_DOCUMENTED,NOT_DOCUMENTED,NOT_DOCUMENTED,NOT_DOCUMENTED,NOT_DOCUMENTED,institutional prefix AZ,predictions.xlsx sheet 'Species' (git blob b49b0c5b9ec0fee13da168737fa713e307e6b1f8) row for AZ151,NOT_DOCUMENTED,Supplementary Table 1 of doi:10.1093/bib/bbaf589 not retrievable: PMC JS proof-of-work bot check; OUP HTTP 403; bioRxiv 404/520,NO
AZ180,NOT_DOCUMENTED,Enterococcus faecalis,NOT_DOCUMENTED,NOT_DOCUMENTED,NOT_DOCUMENTED,NOT_DOCUMENTED,NOT_DOCUMENTED,NOT_DOCUMENTED,institutional prefix AZ,predictions.xlsx sheet 'Species' (git blob b49b0c5b9ec0fee13da168737fa713e307e6b1f8) row for AZ180,NOT_DOCUMENTED,Supplementary Table 1 of doi:10.1093/bib/bbaf589 not retrievable: PMC JS proof-of-work bot check; OUP HTTP 403; bioRxiv 404/520,NO
AZ183,NOT_DOCUMENTED,Enterococcus faecalis,NOT_DOCUMENTED,NOT_DOCUMENTED,NOT_DOCUMENTED,NOT_DOCUMENTED,NOT_DOCUMENTED,NOT_DOCUMENTED,institutional prefix AZ,predictions.xlsx sheet 'Species' (git blob b49b0c5b9ec0fee13da168737fa713e307e6b1f8) row for AZ183,NOT_DOCUMENTED,Supplementary Table 1 of doi:10.1093/bib/bbaf589 not retrievable: PMC JS proof-of-work bot check; OUP HTTP 403; bioRxiv 404/520,NO
DIV0188,NOT_DOCUMENTED,Enterococcus faecalis,NOT_DOCUMENTED,NOT_DOCUMENTED,NOT_DOCUMENTED,NOT_DOCUMENTED,NOT_DOCUMENTED,NOT_DOCUMENTED,institutional prefix DIV,predictions.xlsx sheet 'Species' (git blob b49b0c5b9ec0fee13da168737fa713e307e6b1f8) row for DIV0188,NOT_DOCUMENTED,Supplementary Table 1 of doi:10.1093/bib/bbaf589 not retrievable: PMC JS proof-of-work bot check; OUP HTTP 403; bioRxiv 404/520,NO
DIV0198e,NOT_DOCUMENTED,Enterococcus faecalis,NOT_DOCUMENTED,NOT_DOCUMENTED,NOT_DOCUMENTED,NOT_DOCUMENTED,NOT_DOCUMENTED,NOT_DOCUMENTED,institutional prefix DIV0198e,predictions.xlsx sheet 'Species' (git blob b49b0c5b9ec0fee13da168737fa713e307e6b1f8) row for DIV0198e,NOT_DOCUMENTED,Supplementary Table 1 of doi:10.1093/bib/bbaf589 not retrievable: PMC JS proof-of-work bot check; OUP HTTP 403; bioRxiv 404/520,NO
DIV0206e,NOT_DOCUMENTED,Enterococcus faecalis,NOT_DOCUMENTED,NOT_DOCUMENTED,NOT_DOCUMENTED,NOT_DOCUMENTED,NOT_DOCUMENTED,NOT_DOCUMENTED,institutional prefix DIV0206e,predictions.xlsx sheet 'Species' (git blob b49b0c5b9ec0fee13da168737fa713e307e6b1f8) row for DIV0206e,NOT_DOCUMENTED,Supplementary Table 1 of doi:10.1093/bib/bbaf589 not retrievable: PMC JS proof-of-work bot check; OUP HTTP 403; bioRxiv 404/520,NO
DIV0238e,NOT_DOCUMENTED,Enterococcus faecalis,NOT_DOCUMENTED,NOT_DOCUMENTED,NOT_DOCUMENTED,NOT_DOCUMENTED,NOT_DOCUMENTED,NOT_DOCUMENTED,institutional prefix DIV0238e,predictions.xlsx sheet 'Species' (git blob b49b0c5b9ec0fee13da168737fa713e307e6b1f8) row for DIV0238e,NOT_DOCUMENTED,Supplementary Table 1 of doi:10.1093/bib/bbaf589 not retrievable: PMC JS proof-of-work bot check; OUP HTTP 403; bioRxiv 404/520,NO
DIV0682,NOT_DOCUMENTED,Enterococcus faecalis,NOT_DOCUMENTED,NOT_DOCUMENTED,NOT_DOCUMENTED,NOT_DOCUMENTED,NOT_DOCUMENTED,NOT_DOCUMENTED,institutional prefix DIV,predictions.xlsx sheet 'Species' (git blob b49b0c5b9ec0fee13da168737fa713e307e6b1f8) row for DIV0682,NOT_DOCUMENTED,Supplementary Table 1 of doi:10.1093/bib/bbaf589 not retrievable: PMC JS proof-of-work bot check; OUP HTTP 403; bioRxiv 404/520,NO
DIV0719d,NOT_DOCUMENTED,Enterococcus faecalis,NOT_DOCUMENTED,NOT_DOCUMENTED,NOT_DOCUMENTED,NOT_DOCUMENTED,NOT_DOCUMENTED,NOT_DOCUMENTED,institutional prefix DIV0719d,predictions.xlsx sheet 'Species' (git blob b49b0c5b9ec0fee13da168737fa713e307e6b1f8) row for DIV0719d,NOT_DOCUMENTED,Supplementary Table 1 of doi:10.1093/bib/bbaf589 not retrievable: PMC JS proof-of-work bot check; OUP HTTP 403; bioRxiv 404/520,NO
DIV0839b,NOT_DOCUMENTED,Enterococcus faecalis,NOT_DOCUMENTED,NOT_DOCUMENTED,NOT_DOCUMENTED,NOT_DOCUMENTED,NOT_DOCUMENTED,NOT_DOCUMENTED,institutional prefix DIV0839b,predictions.xlsx sheet 'Species' (git blob b49b0c5b9ec0fee13da168737fa713e307e6b1f8) row for DIV0839b,NOT_DOCUMENTED,Supplementary Table 1 of doi:10.1093/bib/bbaf589 not retrievable: PMC JS proof-of-work bot check; OUP HTTP 403; bioRxiv 404/520,NO
DIV0841a,NOT_DOCUMENTED,Enterococcus faecalis,NOT_DOCUMENTED,NOT_DOCUMENTED,NOT_DOCUMENTED,NOT_DOCUMENTED,NOT_DOCUMENTED,NOT_DOCUMENTED,institutional prefix DIV0841a,predictions.xlsx sheet 'Species' (git blob b49b0c5b9ec0fee13da168737fa713e307e6b1f8) row for DIV0841a,NOT_DOCUMENTED,Supplementary Table 1 of doi:10.1093/bib/bbaf589 not retrievable: PMC JS proof-of-work bot check; OUP HTTP 403; bioRxiv 404/520,NO
DIV1315a,NOT_DOCUMENTED,Enterococcus faecalis,NOT_DOCUMENTED,NOT_DOCUMENTED,NOT_DOCUMENTED,NOT_DOCUMENTED,NOT_DOCUMENTED,NOT_DOCUMENTED,institutional prefix DIV1315a,predictions.xlsx sheet 'Species' (git blob b49b0c5b9ec0fee13da168737fa713e307e6b1f8) row for DIV1315a,NOT_DOCUMENTED,Supplementary Table 1 of doi:10.1093/bib/bbaf589 not retrievable: PMC JS proof-of-work bot check; OUP HTTP 403; bioRxiv 404/520,NO
DIV1318a,NOT_DOCUMENTED,Enterococcus faecalis,NOT_DOCUMENTED,NOT_DOCUMENTED,NOT_DOCUMENTED,NOT_DOCUMENTED,NOT_DOCUMENTED,NOT_DOCUMENTED,institutional prefix DIV1318a,predictions.xlsx sheet 'Species' (git blob b49b0c5b9ec0fee13da168737fa713e307e6b1f8) row for DIV1318a,NOT_DOCUMENTED,Supplementary Table 1 of doi:10.1093/bib/bbaf589 not retrievable: PMC JS proof-of-work bot check; OUP HTTP 403; bioRxiv 404/520,NO
DIV1325a,NOT_DOCUMENTED,Enterococcus faecalis,NOT_DOCUMENTED,NOT_DOCUMENTED,NOT_DOCUMENTED,NOT_DOCUMENTED,NOT_DOCUMENTED,NOT_DOCUMENTED,institutional prefix DIV1325a,predictions.xlsx sheet 'Species' (git blob b49b0c5b9ec0fee13da168737fa713e307e6b1f8) row for DIV1325a,NOT_DOCUMENTED,Supplementary Table 1 of doi:10.1093/bib/bbaf589 not retrievable: PMC JS proof-of-work bot check; OUP HTTP 403; bioRxiv 404/520,NO
DIV1337a,NOT_DOCUMENTED,Enterococcus faecalis,NOT_DOCUMENTED,NOT_DOCUMENTED,NOT_DOCUMENTED,NOT_DOCUMENTED,NOT_DOCUMENTED,NOT_DOCUMENTED,institutional prefix DIV1337a,predictions.xlsx sheet 'Species' (git blob b49b0c5b9ec0fee13da168737fa713e307e6b1f8) row for DIV1337a,NOT_DOCUMENTED,Supplementary Table 1 of doi:10.1093/bib/bbaf589 not retrievable: PMC JS proof-of-work bot check; OUP HTTP 403; bioRxiv 404/520,NO
DIV1347a,NOT_DOCUMENTED,Enterococcus faecalis,NOT_DOCUMENTED,NOT_DOCUMENTED,NOT_DOCUMENTED,NOT_DOCUMENTED,NOT_DOCUMENTED,NOT_DOCUMENTED,institutional prefix DIV1347a,predictions.xlsx sheet 'Species' (git blob b49b0c5b9ec0fee13da168737fa713e307e6b1f8) row for DIV1347a,NOT_DOCUMENTED,Supplementary Table 1 of doi:10.1093/bib/bbaf589 not retrievable: PMC JS proof-of-work bot check; OUP HTTP 403; bioRxiv 404/520,NO
DIV1368f,NOT_DOCUMENTED,Enterococcus faecalis,NOT_DOCUMENTED,NOT_DOCUMENTED,NOT_DOCUMENTED,NOT_DOCUMENTED,NOT_DOCUMENTED,NOT_DOCUMENTED,institutional prefix DIV1368f,predictions.xlsx sheet 'Species' (git blob b49b0c5b9ec0fee13da168737fa713e307e6b1f8) row for DIV1368f,NOT_DOCUMENTED,Supplementary Table 1 of doi:10.1093/bib/bbaf589 not retrievable: PMC JS proof-of-work bot check; OUP HTTP 403; bioRxiv 404/520,NO
DIV1375a,NOT_DOCUMENTED,Enterococcus faecalis,NOT_DOCUMENTED,NOT_DOCUMENTED,NOT_DOCUMENTED,NOT_DOCUMENTED,NOT_DOCUMENTED,NOT_DOCUMENTED,institutional prefix DIV1375a,predictions.xlsx sheet 'Species' (git blob b49b0c5b9ec0fee13da168737fa713e307e6b1f8) row for DIV1375a,NOT_DOCUMENTED,Supplementary Table 1 of doi:10.1093/bib/bbaf589 not retrievable: PMC JS proof-of-work bot check; OUP HTTP 403; bioRxiv 404/520,NO
DIV1406a,NOT_DOCUMENTED,Enterococcus faecalis,NOT_DOCUMENTED,NOT_DOCUMENTED,NOT_DOCUMENTED,NOT_DOCUMENTED,NOT_DOCUMENTED,NOT_DOCUMENTED,institutional prefix DIV1406a,predictions.xlsx sheet 'Species' (git blob b49b0c5b9ec0fee13da168737fa713e307e6b1f8) row for DIV1406a,NOT_DOCUMENTED,Supplementary Table 1 of doi:10.1093/bib/bbaf589 not retrievable: PMC JS proof-of-work bot check; OUP HTTP 403; bioRxiv 404/520,NO
DIV1409a,NOT_DOCUMENTED,Enterococcus faecalis,NOT_DOCUMENTED,NOT_DOCUMENTED,NOT_DOCUMENTED,NOT_DOCUMENTED,NOT_DOCUMENTED,NOT_DOCUMENTED,institutional prefix DIV1409a,predictions.xlsx sheet 'Species' (git blob b49b0c5b9ec0fee13da168737fa713e307e6b1f8) row for DIV1409a,NOT_DOCUMENTED,Supplementary Table 1 of doi:10.1093/bib/bbaf589 not retrievable: PMC JS proof-of-work bot check; OUP HTTP 403; bioRxiv 404/520,NO
DIV1444a,NOT_DOCUMENTED,Enterococcus faecalis,NOT_DOCUMENTED,NOT_DOCUMENTED,NOT_DOCUMENTED,NOT_DOCUMENTED,NOT_DOCUMENTED,NOT_DOCUMENTED,institutional prefix DIV1444a,predictions.xlsx sheet 'Species' (git blob b49b0c5b9ec0fee13da168737fa713e307e6b1f8) row for DIV1444a,NOT_DOCUMENTED,Supplementary Table 1 of doi:10.1093/bib/bbaf589 not retrievable: PMC JS proof-of-work bot check; OUP HTTP 403; bioRxiv 404/520,NO
DIV1537a,NOT_DOCUMENTED,Enterococcus faecalis,NOT_DOCUMENTED,NOT_DOCUMENTED,NOT_DOCUMENTED,NOT_DOCUMENTED,NOT_DOCUMENTED,NOT_DOCUMENTED,institutional prefix DIV1537a,predictions.xlsx sheet 'Species' (git blob b49b0c5b9ec0fee13da168737fa713e307e6b1f8) row for DIV1537a,NOT_DOCUMENTED,Supplementary Table 1 of doi:10.1093/bib/bbaf589 not retrievable: PMC JS proof-of-work bot check; OUP HTTP 403; bioRxiv 404/520,NO
DIV1614a,NOT_DOCUMENTED,Enterococcus faecalis,NOT_DOCUMENTED,NOT_DOCUMENTED,NOT_DOCUMENTED,NOT_DOCUMENTED,NOT_DOCUMENTED,NOT_DOCUMENTED,institutional prefix DIV1614a,predictions.xlsx sheet 'Species' (git blob b49b0c5b9ec0fee13da168737fa713e307e6b1f8) row for DIV1614a,NOT_DOCUMENTED,Supplementary Table 1 of doi:10.1093/bib/bbaf589 not retrievable: PMC JS proof-of-work bot check; OUP HTTP 403; bioRxiv 404/520,NO
DIV2372,NOT_DOCUMENTED,Enterococcus faecalis,NOT_DOCUMENTED,NOT_DOCUMENTED,NOT_DOCUMENTED,NOT_DOCUMENTED,NOT_DOCUMENTED,NOT_DOCUMENTED,institutional prefix DIV,predictions.xlsx sheet 'Species' (git blob b49b0c5b9ec0fee13da168737fa713e307e6b1f8) row for DIV2372,NOT_DOCUMENTED,Supplementary Table 1 of doi:10.1093/bib/bbaf589 not retrievable: PMC JS proof-of-work bot check; OUP HTTP 403; bioRxiv 404/520,NO
DIV2385,NOT_DOCUMENTED,Enterococcus faecalis,NOT_DOCUMENTED,NOT_DOCUMENTED,NOT_DOCUMENTED,NOT_DOCUMENTED,NOT_DOCUMENTED,NOT_DOCUMENTED,institutional prefix DIV,predictions.xlsx sheet 'Species' (git blob b49b0c5b9ec0fee13da168737fa713e307e6b1f8) row for DIV2385,NOT_DOCUMENTED,Supplementary Table 1 of doi:10.1093/bib/bbaf589 not retrievable: PMC JS proof-of-work bot check; OUP HTTP 403; bioRxiv 404/520,NO
DIV2386,NOT_DOCUMENTED,Enterococcus faecalis,NOT_DOCUMENTED,NOT_DOCUMENTED,NOT_DOCUMENTED,NOT_DOCUMENTED,NOT_DOCUMENTED,NOT_DOCUMENTED,institutional prefix DIV,predictions.xlsx sheet 'Species' (git blob b49b0c5b9ec0fee13da168737fa713e307e6b1f8) row for DIV2386,NOT_DOCUMENTED,Supplementary Table 1 of doi:10.1093/bib/bbaf589 not retrievable: PMC JS proof-of-work bot check; OUP HTTP 403; bioRxiv 404/520,NO
DIV2416,NOT_DOCUMENTED,Enterococcus faecalis,NOT_DOCUMENTED,NOT_DOCUMENTED,NOT_DOCUMENTED,NOT_DOCUMENTED,NOT_DOCUMENTED,NOT_DOCUMENTED,institutional prefix DIV,predictions.xlsx sheet 'Species' (git blob b49b0c5b9ec0fee13da168737fa713e307e6b1f8) row for DIV2416,NOT_DOCUMENTED,Supplementary Table 1 of doi:10.1093/bib/bbaf589 not retrievable: PMC JS proof-of-work bot check; OUP HTTP 403; bioRxiv 404/520,NO
DIV2419,NOT_DOCUMENTED,Enterococcus faecalis,NOT_DOCUMENTED,NOT_DOCUMENTED,NOT_DOCUMENTED,NOT_DOCUMENTED,NOT_DOCUMENTED,NOT_DOCUMENTED,institutional prefix DIV,predictions.xlsx sheet 'Species' (git blob b49b0c5b9ec0fee13da168737fa713e307e6b1f8) row for DIV2419,NOT_DOCUMENTED,Supplementary Table 1 of doi:10.1093/bib/bbaf589 not retrievable: PMC JS proof-of-work bot check; OUP HTTP 403; bioRxiv 404/520,NO
DIV2454a,NOT_DOCUMENTED,Enterococcus faecalis,NOT_DOCUMENTED,NOT_DOCUMENTED,NOT_DOCUMENTED,NOT_DOCUMENTED,NOT_DOCUMENTED,NOT_DOCUMENTED,institutional prefix DIV2454a,predictions.xlsx sheet 'Species' (git blob b49b0c5b9ec0fee13da168737fa713e307e6b1f8) row for DIV2454a,NOT_DOCUMENTED,Supplementary Table 1 of doi:10.1093/bib/bbaf589 not retrievable: PMC JS proof-of-work bot check; OUP HTTP 403; bioRxiv 404/520,NO
DIV2455a,NOT_DOCUMENTED,Enterococcus faecalis,NOT_DOCUMENTED,NOT_DOCUMENTED,NOT_DOCUMENTED,NOT_DOCUMENTED,NOT_DOCUMENTED,NOT_DOCUMENTED,institutional prefix DIV2455a,predictions.xlsx sheet 'Species' (git blob b49b0c5b9ec0fee13da168737fa713e307e6b1f8) row for DIV2455a,NOT_DOCUMENTED,Supplementary Table 1 of doi:10.1093/bib/bbaf589 not retrievable: PMC JS proof-of-work bot check; OUP HTTP 403; bioRxiv 404/520,NO
DIV2461a,NOT_DOCUMENTED,Enterococcus faecalis,NOT_DOCUMENTED,NOT_DOCUMENTED,NOT_DOCUMENTED,NOT_DOCUMENTED,NOT_DOCUMENTED,NOT_DOCUMENTED,institutional prefix DIV2461a,predictions.xlsx sheet 'Species' (git blob b49b0c5b9ec0fee13da168737fa713e307e6b1f8) row for DIV2461a,NOT_DOCUMENTED,Supplementary Table 1 of doi:10.1093/bib/bbaf589 not retrievable: PMC JS proof-of-work bot check; OUP HTTP 403; bioRxiv 404/520,NO
DIV2463a,NOT_DOCUMENTED,Enterococcus faecalis,NOT_DOCUMENTED,NOT_DOCUMENTED,NOT_DOCUMENTED,NOT_DOCUMENTED,NOT_DOCUMENTED,NOT_DOCUMENTED,institutional prefix DIV2463a,predictions.xlsx sheet 'Species' (git blob b49b0c5b9ec0fee13da168737fa713e307e6b1f8) row for DIV2463a,NOT_DOCUMENTED,Supplementary Table 1 of doi:10.1093/bib/bbaf589 not retrievable: PMC JS proof-of-work bot check; OUP HTTP 403; bioRxiv 404/520,NO
DIV2468a,NOT_DOCUMENTED,Enterococcus faecalis,NOT_DOCUMENTED,NOT_DOCUMENTED,NOT_DOCUMENTED,NOT_DOCUMENTED,NOT_DOCUMENTED,NOT_DOCUMENTED,institutional prefix DIV2468a,predictions.xlsx sheet 'Species' (git blob b49b0c5b9ec0fee13da168737fa713e307e6b1f8) row for DIV2468a,NOT_DOCUMENTED,Supplementary Table 1 of doi:10.1093/bib/bbaf589 not retrievable: PMC JS proof-of-work bot check; OUP HTTP 403; bioRxiv 404/520,NO
GCID-2553,NOT_DOCUMENTED,Enterococcus faecalis,NOT_DOCUMENTED,NOT_DOCUMENTED,NOT_DOCUMENTED,NOT_DOCUMENTED,NOT_DOCUMENTED,NOT_DOCUMENTED,institutional prefix GCID-,predictions.xlsx sheet 'Species' (git blob b49b0c5b9ec0fee13da168737fa713e307e6b1f8) row for GCID-2553,NOT_DOCUMENTED,Supplementary Table 1 of doi:10.1093/bib/bbaf589 not retrievable: PMC JS proof-of-work bot check; OUP HTTP 403; bioRxiv 404/520,NO
GCID-2561,NOT_DOCUMENTED,Enterococcus faecalis,NOT_DOCUMENTED,NOT_DOCUMENTED,NOT_DOCUMENTED,NOT_DOCUMENTED,NOT_DOCUMENTED,NOT_DOCUMENTED,institutional prefix GCID-,predictions.xlsx sheet 'Species' (git blob b49b0c5b9ec0fee13da168737fa713e307e6b1f8) row for GCID-2561,NOT_DOCUMENTED,Supplementary Table 1 of doi:10.1093/bib/bbaf589 not retrievable: PMC JS proof-of-work bot check; OUP HTTP 403; bioRxiv 404/520,NO
GCID-2573,NOT_DOCUMENTED,Enterococcus faecalis,NOT_DOCUMENTED,NOT_DOCUMENTED,NOT_DOCUMENTED,NOT_DOCUMENTED,NOT_DOCUMENTED,NOT_DOCUMENTED,institutional prefix GCID-,predictions.xlsx sheet 'Species' (git blob b49b0c5b9ec0fee13da168737fa713e307e6b1f8) row for GCID-2573,NOT_DOCUMENTED,Supplementary Table 1 of doi:10.1093/bib/bbaf589 not retrievable: PMC JS proof-of-work bot check; OUP HTTP 403; bioRxiv 404/520,NO
GCID-2583,NOT_DOCUMENTED,Enterococcus faecalis,NOT_DOCUMENTED,NOT_DOCUMENTED,NOT_DOCUMENTED,NOT_DOCUMENTED,NOT_DOCUMENTED,NOT_DOCUMENTED,institutional prefix GCID-,predictions.xlsx sheet 'Species' (git blob b49b0c5b9ec0fee13da168737fa713e307e6b1f8) row for GCID-2583,NOT_DOCUMENTED,Supplementary Table 1 of doi:10.1093/bib/bbaf589 not retrievable: PMC JS proof-of-work bot check; OUP HTTP 403; bioRxiv 404/520,NO
GCID-2608,NOT_DOCUMENTED,Enterococcus faecalis,NOT_DOCUMENTED,NOT_DOCUMENTED,NOT_DOCUMENTED,NOT_DOCUMENTED,NOT_DOCUMENTED,NOT_DOCUMENTED,institutional prefix GCID-,predictions.xlsx sheet 'Species' (git blob b49b0c5b9ec0fee13da168737fa713e307e6b1f8) row for GCID-2608,NOT_DOCUMENTED,Supplementary Table 1 of doi:10.1093/bib/bbaf589 not retrievable: PMC JS proof-of-work bot check; OUP HTTP 403; bioRxiv 404/520,NO
GCID-2611,NOT_DOCUMENTED,Enterococcus faecalis,NOT_DOCUMENTED,NOT_DOCUMENTED,NOT_DOCUMENTED,NOT_DOCUMENTED,NOT_DOCUMENTED,NOT_DOCUMENTED,institutional prefix GCID-,predictions.xlsx sheet 'Species' (git blob b49b0c5b9ec0fee13da168737fa713e307e6b1f8) row for GCID-2611,NOT_DOCUMENTED,Supplementary Table 1 of doi:10.1093/bib/bbaf589 not retrievable: PMC JS proof-of-work bot check; OUP HTTP 403; bioRxiv 404/520,NO
GCID-2612,NOT_DOCUMENTED,Enterococcus faecalis,NOT_DOCUMENTED,NOT_DOCUMENTED,NOT_DOCUMENTED,NOT_DOCUMENTED,NOT_DOCUMENTED,NOT_DOCUMENTED,institutional prefix GCID-,predictions.xlsx sheet 'Species' (git blob b49b0c5b9ec0fee13da168737fa713e307e6b1f8) row for GCID-2612,NOT_DOCUMENTED,Supplementary Table 1 of doi:10.1093/bib/bbaf589 not retrievable: PMC JS proof-of-work bot check; OUP HTTP 403; bioRxiv 404/520,NO
GCID-2636,NOT_DOCUMENTED,Enterococcus faecalis,NOT_DOCUMENTED,NOT_DOCUMENTED,NOT_DOCUMENTED,NOT_DOCUMENTED,NOT_DOCUMENTED,NOT_DOCUMENTED,institutional prefix GCID-,predictions.xlsx sheet 'Species' (git blob b49b0c5b9ec0fee13da168737fa713e307e6b1f8) row for GCID-2636,NOT_DOCUMENTED,Supplementary Table 1 of doi:10.1093/bib/bbaf589 not retrievable: PMC JS proof-of-work bot check; OUP HTTP 403; bioRxiv 404/520,NO
GCID-2646,NOT_DOCUMENTED,Enterococcus faecalis,NOT_DOCUMENTED,NOT_DOCUMENTED,NOT_DOCUMENTED,NOT_DOCUMENTED,NOT_DOCUMENTED,NOT_DOCUMENTED,institutional prefix GCID-,predictions.xlsx sheet 'Species' (git blob b49b0c5b9ec0fee13da168737fa713e307e6b1f8) row for GCID-2646,NOT_DOCUMENTED,Supplementary Table 1 of doi:10.1093/bib/bbaf589 not retrievable: PMC JS proof-of-work bot check; OUP HTTP 403; bioRxiv 404/520,NO
GCID-2648,NOT_DOCUMENTED,Enterococcus faecalis,NOT_DOCUMENTED,NOT_DOCUMENTED,NOT_DOCUMENTED,NOT_DOCUMENTED,NOT_DOCUMENTED,NOT_DOCUMENTED,institutional prefix GCID-,predictions.xlsx sheet 'Species' (git blob b49b0c5b9ec0fee13da168737fa713e307e6b1f8) row for GCID-2648,NOT_DOCUMENTED,Supplementary Table 1 of doi:10.1093/bib/bbaf589 not retrievable: PMC JS proof-of-work bot check; OUP HTTP 403; bioRxiv 404/520,NO
GCID-2653,NOT_DOCUMENTED,Enterococcus faecalis,NOT_DOCUMENTED,NOT_DOCUMENTED,NOT_DOCUMENTED,NOT_DOCUMENTED,NOT_DOCUMENTED,NOT_DOCUMENTED,institutional prefix GCID-,predictions.xlsx sheet 'Species' (git blob b49b0c5b9ec0fee13da168737fa713e307e6b1f8) row for GCID-2653,NOT_DOCUMENTED,Supplementary Table 1 of doi:10.1093/bib/bbaf589 not retrievable: PMC JS proof-of-work bot check; OUP HTTP 403; bioRxiv 404/520,NO
GCID-2660,NOT_DOCUMENTED,Enterococcus faecalis,NOT_DOCUMENTED,NOT_DOCUMENTED,NOT_DOCUMENTED,NOT_DOCUMENTED,NOT_DOCUMENTED,NOT_DOCUMENTED,institutional prefix GCID-,predictions.xlsx sheet 'Species' (git blob b49b0c5b9ec0fee13da168737fa713e307e6b1f8) row for GCID-2660,NOT_DOCUMENTED,Supplementary Table 1 of doi:10.1093/bib/bbaf589 not retrievable: PMC JS proof-of-work bot check; OUP HTTP 403; bioRxiv 404/520,NO
GCID-2662,NOT_DOCUMENTED,Enterococcus faecalis,NOT_DOCUMENTED,NOT_DOCUMENTED,NOT_DOCUMENTED,NOT_DOCUMENTED,NOT_DOCUMENTED,NOT_DOCUMENTED,institutional prefix GCID-,predictions.xlsx sheet 'Species' (git blob b49b0c5b9ec0fee13da168737fa713e307e6b1f8) row for GCID-2662,NOT_DOCUMENTED,Supplementary Table 1 of doi:10.1093/bib/bbaf589 not retrievable: PMC JS proof-of-work bot check; OUP HTTP 403; bioRxiv 404/520,NO
GCID-2664,NOT_DOCUMENTED,Enterococcus faecalis,NOT_DOCUMENTED,NOT_DOCUMENTED,NOT_DOCUMENTED,NOT_DOCUMENTED,NOT_DOCUMENTED,NOT_DOCUMENTED,institutional prefix GCID-,predictions.xlsx sheet 'Species' (git blob b49b0c5b9ec0fee13da168737fa713e307e6b1f8) row for GCID-2664,NOT_DOCUMENTED,Supplementary Table 1 of doi:10.1093/bib/bbaf589 not retrievable: PMC JS proof-of-work bot check; OUP HTTP 403; bioRxiv 404/520,NO
GCID-2674,NOT_DOCUMENTED,Enterococcus faecalis,NOT_DOCUMENTED,NOT_DOCUMENTED,NOT_DOCUMENTED,NOT_DOCUMENTED,NOT_DOCUMENTED,NOT_DOCUMENTED,institutional prefix GCID-,predictions.xlsx sheet 'Species' (git blob b49b0c5b9ec0fee13da168737fa713e307e6b1f8) row for GCID-2674,NOT_DOCUMENTED,Supplementary Table 1 of doi:10.1093/bib/bbaf589 not retrievable: PMC JS proof-of-work bot check; OUP HTTP 403; bioRxiv 404/520,NO
GCID-2676,NOT_DOCUMENTED,Enterococcus faecalis,NOT_DOCUMENTED,NOT_DOCUMENTED,NOT_DOCUMENTED,NOT_DOCUMENTED,NOT_DOCUMENTED,NOT_DOCUMENTED,institutional prefix GCID-,predictions.xlsx sheet 'Species' (git blob b49b0c5b9ec0fee13da168737fa713e307e6b1f8) row for GCID-2676,NOT_DOCUMENTED,Supplementary Table 1 of doi:10.1093/bib/bbaf589 not retrievable: PMC JS proof-of-work bot check; OUP HTTP 403; bioRxiv 404/520,NO
GCID-2680,NOT_DOCUMENTED,Enterococcus faecalis,NOT_DOCUMENTED,NOT_DOCUMENTED,NOT_DOCUMENTED,NOT_DOCUMENTED,NOT_DOCUMENTED,NOT_DOCUMENTED,institutional prefix GCID-,predictions.xlsx sheet 'Species' (git blob b49b0c5b9ec0fee13da168737fa713e307e6b1f8) row for GCID-2680,NOT_DOCUMENTED,Supplementary Table 1 of doi:10.1093/bib/bbaf589 not retrievable: PMC JS proof-of-work bot check; OUP HTTP 403; bioRxiv 404/520,NO
GCID-2685,NOT_DOCUMENTED,Enterococcus faecalis,NOT_DOCUMENTED,NOT_DOCUMENTED,NOT_DOCUMENTED,NOT_DOCUMENTED,NOT_DOCUMENTED,NOT_DOCUMENTED,institutional prefix GCID-,predictions.xlsx sheet 'Species' (git blob b49b0c5b9ec0fee13da168737fa713e307e6b1f8) row for GCID-2685,NOT_DOCUMENTED,Supplementary Table 1 of doi:10.1093/bib/bbaf589 not retrievable: PMC JS proof-of-work bot check; OUP HTTP 403; bioRxiv 404/520,NO
GCID-2687,NOT_DOCUMENTED,Enterococcus faecalis,NOT_DOCUMENTED,NOT_DOCUMENTED,NOT_DOCUMENTED,NOT_DOCUMENTED,NOT_DOCUMENTED,NOT_DOCUMENTED,institutional prefix GCID-,predictions.xlsx sheet 'Species' (git blob b49b0c5b9ec0fee13da168737fa713e307e6b1f8) row for GCID-2687,NOT_DOCUMENTED,Supplementary Table 1 of doi:10.1093/bib/bbaf589 not retrievable: PMC JS proof-of-work bot check; OUP HTTP 403; bioRxiv 404/520,NO
GCID-2694,NOT_DOCUMENTED,Enterococcus faecalis,NOT_DOCUMENTED,NOT_DOCUMENTED,NOT_DOCUMENTED,NOT_DOCUMENTED,NOT_DOCUMENTED,NOT_DOCUMENTED,institutional prefix GCID-,predictions.xlsx sheet 'Species' (git blob b49b0c5b9ec0fee13da168737fa713e307e6b1f8) row for GCID-2694,NOT_DOCUMENTED,Supplementary Table 1 of doi:10.1093/bib/bbaf589 not retrievable: PMC JS proof-of-work bot check; OUP HTTP 403; bioRxiv 404/520,NO
GCID-2700,NOT_DOCUMENTED,Enterococcus faecalis,NOT_DOCUMENTED,NOT_DOCUMENTED,NOT_DOCUMENTED,NOT_DOCUMENTED,NOT_DOCUMENTED,NOT_DOCUMENTED,institutional prefix GCID-,predictions.xlsx sheet 'Species' (git blob b49b0c5b9ec0fee13da168737fa713e307e6b1f8) row for GCID-2700,NOT_DOCUMENTED,Supplementary Table 1 of doi:10.1093/bib/bbaf589 not retrievable: PMC JS proof-of-work bot check; OUP HTTP 403; bioRxiv 404/520,NO
GCID-2705,NOT_DOCUMENTED,Enterococcus faecalis,NOT_DOCUMENTED,NOT_DOCUMENTED,NOT_DOCUMENTED,NOT_DOCUMENTED,NOT_DOCUMENTED,NOT_DOCUMENTED,institutional prefix GCID-,predictions.xlsx sheet 'Species' (git blob b49b0c5b9ec0fee13da168737fa713e307e6b1f8) row for GCID-2705,NOT_DOCUMENTED,Supplementary Table 1 of doi:10.1093/bib/bbaf589 not retrievable: PMC JS proof-of-work bot check; OUP HTTP 403; bioRxiv 404/520,NO
GCID-2708,NOT_DOCUMENTED,Enterococcus faecalis,NOT_DOCUMENTED,NOT_DOCUMENTED,NOT_DOCUMENTED,NOT_DOCUMENTED,NOT_DOCUMENTED,NOT_DOCUMENTED,institutional prefix GCID-,predictions.xlsx sheet 'Species' (git blob b49b0c5b9ec0fee13da168737fa713e307e6b1f8) row for GCID-2708,NOT_DOCUMENTED,Supplementary Table 1 of doi:10.1093/bib/bbaf589 not retrievable: PMC JS proof-of-work bot check; OUP HTTP 403; bioRxiv 404/520,NO
GCID-2709,NOT_DOCUMENTED,Enterococcus faecalis,NOT_DOCUMENTED,NOT_DOCUMENTED,NOT_DOCUMENTED,NOT_DOCUMENTED,NOT_DOCUMENTED,NOT_DOCUMENTED,institutional prefix GCID-,predictions.xlsx sheet 'Species' (git blob b49b0c5b9ec0fee13da168737fa713e307e6b1f8) row for GCID-2709,NOT_DOCUMENTED,Supplementary Table 1 of doi:10.1093/bib/bbaf589 not retrievable: PMC JS proof-of-work bot check; OUP HTTP 403; bioRxiv 404/520,NO
GCID-2712,NOT_DOCUMENTED,Enterococcus faecalis,NOT_DOCUMENTED,NOT_DOCUMENTED,NOT_DOCUMENTED,NOT_DOCUMENTED,NOT_DOCUMENTED,NOT_DOCUMENTED,institutional prefix GCID-,predictions.xlsx sheet 'Species' (git blob b49b0c5b9ec0fee13da168737fa713e307e6b1f8) row for GCID-2712,NOT_DOCUMENTED,Supplementary Table 1 of doi:10.1093/bib/bbaf589 not retrievable: PMC JS proof-of-work bot check; OUP HTTP 403; bioRxiv 404/520,NO
GCID-2718,NOT_DOCUMENTED,Enterococcus faecalis,NOT_DOCUMENTED,NOT_DOCUMENTED,NOT_DOCUMENTED,NOT_DOCUMENTED,NOT_DOCUMENTED,NOT_DOCUMENTED,institutional prefix GCID-,predictions.xlsx sheet 'Species' (git blob b49b0c5b9ec0fee13da168737fa713e307e6b1f8) row for GCID-2718,NOT_DOCUMENTED,Supplementary Table 1 of doi:10.1093/bib/bbaf589 not retrievable: PMC JS proof-of-work bot check; OUP HTTP 403; bioRxiv 404/520,NO
GCID-2720,NOT_DOCUMENTED,Enterococcus faecalis,NOT_DOCUMENTED,NOT_DOCUMENTED,NOT_DOCUMENTED,NOT_DOCUMENTED,NOT_DOCUMENTED,NOT_DOCUMENTED,institutional prefix GCID-,predictions.xlsx sheet 'Species' (git blob b49b0c5b9ec0fee13da168737fa713e307e6b1f8) row for GCID-2720,NOT_DOCUMENTED,Supplementary Table 1 of doi:10.1093/bib/bbaf589 not retrievable: PMC JS proof-of-work bot check; OUP HTTP 403; bioRxiv 404/520,NO
GCID-2723,NOT_DOCUMENTED,Enterococcus faecalis,NOT_DOCUMENTED,NOT_DOCUMENTED,NOT_DOCUMENTED,NOT_DOCUMENTED,NOT_DOCUMENTED,NOT_DOCUMENTED,institutional prefix GCID-,predictions.xlsx sheet 'Species' (git blob b49b0c5b9ec0fee13da168737fa713e307e6b1f8) row for GCID-2723,NOT_DOCUMENTED,Supplementary Table 1 of doi:10.1093/bib/bbaf589 not retrievable: PMC JS proof-of-work bot check; OUP HTTP 403; bioRxiv 404/520,NO
GCID-2730,NOT_DOCUMENTED,Enterococcus faecalis,NOT_DOCUMENTED,NOT_DOCUMENTED,NOT_DOCUMENTED,NOT_DOCUMENTED,NOT_DOCUMENTED,NOT_DOCUMENTED,institutional prefix GCID-,predictions.xlsx sheet 'Species' (git blob b49b0c5b9ec0fee13da168737fa713e307e6b1f8) row for GCID-2730,NOT_DOCUMENTED,Supplementary Table 1 of doi:10.1093/bib/bbaf589 not retrievable: PMC JS proof-of-work bot check; OUP HTTP 403; bioRxiv 404/520,NO
GCID-2732,NOT_DOCUMENTED,Enterococcus faecalis,NOT_DOCUMENTED,NOT_DOCUMENTED,NOT_DOCUMENTED,NOT_DOCUMENTED,NOT_DOCUMENTED,NOT_DOCUMENTED,institutional prefix GCID-,predictions.xlsx sheet 'Species' (git blob b49b0c5b9ec0fee13da168737fa713e307e6b1f8) row for GCID-2732,NOT_DOCUMENTED,Supplementary Table 1 of doi:10.1093/bib/bbaf589 not retrievable: PMC JS proof-of-work bot check; OUP HTTP 403; bioRxiv 404/520,NO
AZ146,NOT_DOCUMENTED,Enterococcus faecium,NOT_DOCUMENTED,NOT_DOCUMENTED,NOT_DOCUMENTED,NOT_DOCUMENTED,NOT_DOCUMENTED,NOT_DOCUMENTED,institutional prefix AZ,predictions.xlsx sheet 'Species' (git blob b49b0c5b9ec0fee13da168737fa713e307e6b1f8) row for AZ146,NOT_DOCUMENTED,Supplementary Table 1 of doi:10.1093/bib/bbaf589 not retrievable: PMC JS proof-of-work bot check; OUP HTTP 403; bioRxiv 404/520,NO
DIV0007,NOT_DOCUMENTED,Enterococcus faecium,NOT_DOCUMENTED,NOT_DOCUMENTED,NOT_DOCUMENTED,NOT_DOCUMENTED,NOT_DOCUMENTED,NOT_DOCUMENTED,institutional prefix DIV,predictions.xlsx sheet 'Species' (git blob b49b0c5b9ec0fee13da168737fa713e307e6b1f8) row for DIV0007,NOT_DOCUMENTED,Supplementary Table 1 of doi:10.1093/bib/bbaf589 not retrievable: PMC JS proof-of-work bot check; OUP HTTP 403; bioRxiv 404/520,NO
DIV0436a,NOT_DOCUMENTED,Enterococcus faecium,NOT_DOCUMENTED,NOT_DOCUMENTED,NOT_DOCUMENTED,NOT_DOCUMENTED,NOT_DOCUMENTED,NOT_DOCUMENTED,institutional prefix DIV0436a,predictions.xlsx sheet 'Species' (git blob b49b0c5b9ec0fee13da168737fa713e307e6b1f8) row for DIV0436a,NOT_DOCUMENTED,Supplementary Table 1 of doi:10.1093/bib/bbaf589 not retrievable: PMC JS proof-of-work bot check; OUP HTTP 403; bioRxiv 404/520,NO
DIV0673,NOT_DOCUMENTED,Enterococcus faecium,NOT_DOCUMENTED,NOT_DOCUMENTED,NOT_DOCUMENTED,NOT_DOCUMENTED,NOT_DOCUMENTED,NOT_DOCUMENTED,institutional prefix DIV,predictions.xlsx sheet 'Species' (git blob b49b0c5b9ec0fee13da168737fa713e307e6b1f8) row for DIV0673,NOT_DOCUMENTED,Supplementary Table 1 of doi:10.1093/bib/bbaf589 not retrievable: PMC JS proof-of-work bot check; OUP HTTP 403; bioRxiv 404/520,NO
DIV0837a,NOT_DOCUMENTED,Enterococcus faecium,NOT_DOCUMENTED,NOT_DOCUMENTED,NOT_DOCUMENTED,NOT_DOCUMENTED,NOT_DOCUMENTED,NOT_DOCUMENTED,institutional prefix DIV0837a,predictions.xlsx sheet 'Species' (git blob b49b0c5b9ec0fee13da168737fa713e307e6b1f8) row for DIV0837a,NOT_DOCUMENTED,Supplementary Table 1 of doi:10.1093/bib/bbaf589 not retrievable: PMC JS proof-of-work bot check; OUP HTTP 403; bioRxiv 404/520,NO
DIV0872a,NOT_DOCUMENTED,Enterococcus lactis,NOT_DOCUMENTED,NOT_DOCUMENTED,NOT_DOCUMENTED,NOT_DOCUMENTED,NOT_DOCUMENTED,NOT_DOCUMENTED,institutional prefix DIV0872a,predictions.xlsx sheet 'Species' (git blob b49b0c5b9ec0fee13da168737fa713e307e6b1f8) row for DIV0872a,NOT_DOCUMENTED,Supplementary Table 1 of doi:10.1093/bib/bbaf589 not retrievable: PMC JS proof-of-work bot check; OUP HTTP 403; bioRxiv 404/520,NO
DIV0901a,NOT_DOCUMENTED,Enterococcus faecium,NOT_DOCUMENTED,NOT_DOCUMENTED,NOT_DOCUMENTED,NOT_DOCUMENTED,NOT_DOCUMENTED,NOT_DOCUMENTED,institutional prefix DIV0901a,predictions.xlsx sheet 'Species' (git blob b49b0c5b9ec0fee13da168737fa713e307e6b1f8) row for DIV0901a,NOT_DOCUMENTED,Supplementary Table 1 of doi:10.1093/bib/bbaf589 not retrievable: PMC JS proof-of-work bot check; OUP HTTP 403; bioRxiv 404/520,NO
DIV1248a,NOT_DOCUMENTED,Enterococcus faecium,NOT_DOCUMENTED,NOT_DOCUMENTED,NOT_DOCUMENTED,NOT_DOCUMENTED,NOT_DOCUMENTED,NOT_DOCUMENTED,institutional prefix DIV1248a,predictions.xlsx sheet 'Species' (git blob b49b0c5b9ec0fee13da168737fa713e307e6b1f8) row for DIV1248a,NOT_DOCUMENTED,Supplementary Table 1 of doi:10.1093/bib/bbaf589 not retrievable: PMC JS proof-of-work bot check; OUP HTTP 403; bioRxiv 404/520,NO
DIV2377,NOT_DOCUMENTED,Enterococcus lactis,NOT_DOCUMENTED,NOT_DOCUMENTED,NOT_DOCUMENTED,NOT_DOCUMENTED,NOT_DOCUMENTED,NOT_DOCUMENTED,institutional prefix DIV,predictions.xlsx sheet 'Species' (git blob b49b0c5b9ec0fee13da168737fa713e307e6b1f8) row for DIV2377,NOT_DOCUMENTED,Supplementary Table 1 of doi:10.1093/bib/bbaf589 not retrievable: PMC JS proof-of-work bot check; OUP HTTP 403; bioRxiv 404/520,NO
DIV2383,NOT_DOCUMENTED,Enterococcus lactis,NOT_DOCUMENTED,NOT_DOCUMENTED,NOT_DOCUMENTED,NOT_DOCUMENTED,NOT_DOCUMENTED,NOT_DOCUMENTED,institutional prefix DIV,predictions.xlsx sheet 'Species' (git blob b49b0c5b9ec0fee13da168737fa713e307e6b1f8) row for DIV2383,NOT_DOCUMENTED,Supplementary Table 1 of doi:10.1093/bib/bbaf589 not retrievable: PMC JS proof-of-work bot check; OUP HTTP 403; bioRxiv 404/520,NO
DIV2391,NOT_DOCUMENTED,Enterococcus lactis,NOT_DOCUMENTED,NOT_DOCUMENTED,NOT_DOCUMENTED,NOT_DOCUMENTED,NOT_DOCUMENTED,NOT_DOCUMENTED,institutional prefix DIV,predictions.xlsx sheet 'Species' (git blob b49b0c5b9ec0fee13da168737fa713e307e6b1f8) row for DIV2391,NOT_DOCUMENTED,Supplementary Table 1 of doi:10.1093/bib/bbaf589 not retrievable: PMC JS proof-of-work bot check; OUP HTTP 403; bioRxiv 404/520,NO
DIV2446a,NOT_DOCUMENTED,Enterococcus faecium,NOT_DOCUMENTED,NOT_DOCUMENTED,NOT_DOCUMENTED,NOT_DOCUMENTED,NOT_DOCUMENTED,NOT_DOCUMENTED,institutional prefix DIV2446a,predictions.xlsx sheet 'Species' (git blob b49b0c5b9ec0fee13da168737fa713e307e6b1f8) row for DIV2446a,NOT_DOCUMENTED,Supplementary Table 1 of doi:10.1093/bib/bbaf589 not retrievable: PMC JS proof-of-work bot check; OUP HTTP 403; bioRxiv 404/520,NO
GCID-2651,NOT_DOCUMENTED,Enterococcus lactis,NOT_DOCUMENTED,NOT_DOCUMENTED,NOT_DOCUMENTED,NOT_DOCUMENTED,NOT_DOCUMENTED,NOT_DOCUMENTED,institutional prefix GCID-,predictions.xlsx sheet 'Species' (git blob b49b0c5b9ec0fee13da168737fa713e307e6b1f8) row for GCID-2651,NOT_DOCUMENTED,Supplementary Table 1 of doi:10.1093/bib/bbaf589 not retrievable: PMC JS proof-of-work bot check; OUP HTTP 403; bioRxiv 404/520,NO
GCID-2675,NOT_DOCUMENTED,Enterococcus lactis,NOT_DOCUMENTED,NOT_DOCUMENTED,NOT_DOCUMENTED,NOT_DOCUMENTED,NOT_DOCUMENTED,NOT_DOCUMENTED,institutional prefix GCID-,predictions.xlsx sheet 'Species' (git blob b49b0c5b9ec0fee13da168737fa713e307e6b1f8) row for GCID-2675,NOT_DOCUMENTED,Supplementary Table 1 of doi:10.1093/bib/bbaf589 not retrievable: PMC JS proof-of-work bot check; OUP HTTP 403; bioRxiv 404/520,NO
GCID-2696,NOT_DOCUMENTED,Enterococcus faecium,NOT_DOCUMENTED,NOT_DOCUMENTED,NOT_DOCUMENTED,NOT_DOCUMENTED,NOT_DOCUMENTED,NOT_DOCUMENTED,institutional prefix GCID-,predictions.xlsx sheet 'Species' (git blob b49b0c5b9ec0fee13da168737fa713e307e6b1f8) row for GCID-2696,NOT_DOCUMENTED,Supplementary Table 1 of doi:10.1093/bib/bbaf589 not retrievable: PMC JS proof-of-work bot check; OUP HTTP 403; bioRxiv 404/520,NO
GCID-2719,NOT_DOCUMENTED,Enterococcus faecium,NOT_DOCUMENTED,NOT_DOCUMENTED,NOT_DOCUMENTED,NOT_DOCUMENTED,NOT_DOCUMENTED,NOT_DOCUMENTED,institutional prefix GCID-,predictions.xlsx sheet 'Species' (git blob b49b0c5b9ec0fee13da168737fa713e307e6b1f8) row for GCID-2719,NOT_DOCUMENTED,Supplementary Table 1 of doi:10.1093/bib/bbaf589 not retrievable: PMC JS proof-of-work bot check; OUP HTTP 403; bioRxiv 404/520,NO
GCID-2733,NOT_DOCUMENTED,Enterococcus faecium,NOT_DOCUMENTED,NOT_DOCUMENTED,NOT_DOCUMENTED,NOT_DOCUMENTED,NOT_DOCUMENTED,NOT_DOCUMENTED,institutional prefix GCID-,predictions.xlsx sheet 'Species' (git blob b49b0c5b9ec0fee13da168737fa713e307e6b1f8) row for GCID-2733,NOT_DOCUMENTED,Supplementary Table 1 of doi:10.1093/bib/bbaf589 not retrievable: PMC JS proof-of-work bot check; OUP HTTP 403; bioRxiv 404/520,NO
AZ063,NOT_DOCUMENTED,Enterococcus flavescens,NOT_DOCUMENTED,NOT_DOCUMENTED,NOT_DOCUMENTED,NOT_DOCUMENTED,NOT_DOCUMENTED,NOT_DOCUMENTED,institutional prefix AZ,predictions.xlsx sheet 'Species' (git blob b49b0c5b9ec0fee13da168737fa713e307e6b1f8) row for AZ063,NOT_DOCUMENTED,Supplementary Table 1 of doi:10.1093/bib/bbaf589 not retrievable: PMC JS proof-of-work bot check; OUP HTTP 403; bioRxiv 404/520,NO
DIV0970a,NOT_DOCUMENTED,Enterococcus flavescens,NOT_DOCUMENTED,NOT_DOCUMENTED,NOT_DOCUMENTED,NOT_DOCUMENTED,NOT_DOCUMENTED,NOT_DOCUMENTED,institutional prefix DIV0970a,predictions.xlsx sheet 'Species' (git blob b49b0c5b9ec0fee13da168737fa713e307e6b1f8) row for DIV0970a,NOT_DOCUMENTED,Supplementary Table 1 of doi:10.1093/bib/bbaf589 not retrievable: PMC JS proof-of-work bot check; OUP HTTP 403; bioRxiv 404/520,NO
DIV2449a,NOT_DOCUMENTED,Enterococcus flavescens,NOT_DOCUMENTED,NOT_DOCUMENTED,NOT_DOCUMENTED,NOT_DOCUMENTED,NOT_DOCUMENTED,NOT_DOCUMENTED,institutional prefix DIV2449a,predictions.xlsx sheet 'Species' (git blob b49b0c5b9ec0fee13da168737fa713e307e6b1f8) row for DIV2449a,NOT_DOCUMENTED,Supplementary Table 1 of doi:10.1093/bib/bbaf589 not retrievable: PMC JS proof-of-work bot check; OUP HTTP 403; bioRxiv 404/520,NO
DIV2469a,NOT_DOCUMENTED,Enterococcus flavescens,NOT_DOCUMENTED,NOT_DOCUMENTED,NOT_DOCUMENTED,NOT_DOCUMENTED,NOT_DOCUMENTED,NOT_DOCUMENTED,institutional prefix DIV2469a,predictions.xlsx sheet 'Species' (git blob b49b0c5b9ec0fee13da168737fa713e307e6b1f8) row for DIV2469a,NOT_DOCUMENTED,Supplementary Table 1 of doi:10.1093/bib/bbaf589 not retrievable: PMC JS proof-of-work bot check; OUP HTTP 403; bioRxiv 404/520,NO
DIV2472a,NOT_DOCUMENTED,Enterococcus flavescens,NOT_DOCUMENTED,NOT_DOCUMENTED,NOT_DOCUMENTED,NOT_DOCUMENTED,NOT_DOCUMENTED,NOT_DOCUMENTED,institutional prefix DIV2472a,predictions.xlsx sheet 'Species' (git blob b49b0c5b9ec0fee13da168737fa713e307e6b1f8) row for DIV2472a,NOT_DOCUMENTED,Supplementary Table 1 of doi:10.1093/bib/bbaf589 not retrievable: PMC JS proof-of-work bot check; OUP HTTP 403; bioRxiv 404/520,NO
AZ034,NOT_DOCUMENTED,Enterococcus gallinarum,NOT_DOCUMENTED,NOT_DOCUMENTED,NOT_DOCUMENTED,NOT_DOCUMENTED,NOT_DOCUMENTED,NOT_DOCUMENTED,institutional prefix AZ,predictions.xlsx sheet 'Species' (git blob b49b0c5b9ec0fee13da168737fa713e307e6b1f8) row for AZ034,NOT_DOCUMENTED,Supplementary Table 1 of doi:10.1093/bib/bbaf589 not retrievable: PMC JS proof-of-work bot check; OUP HTTP 403; bioRxiv 404/520,NO
GCID-2724,NOT_DOCUMENTED,Enterococcus gallinarum,NOT_DOCUMENTED,NOT_DOCUMENTED,NOT_DOCUMENTED,NOT_DOCUMENTED,NOT_DOCUMENTED,NOT_DOCUMENTED,institutional prefix GCID-,predictions.xlsx sheet 'Species' (git blob b49b0c5b9ec0fee13da168737fa713e307e6b1f8) row for GCID-2724,NOT_DOCUMENTED,Supplementary Table 1 of doi:10.1093/bib/bbaf589 not retrievable: PMC JS proof-of-work bot check; OUP HTTP 403; bioRxiv 404/520,NO
AZ048,NOT_DOCUMENTED,Enterococcus gilvus,NOT_DOCUMENTED,NOT_DOCUMENTED,NOT_DOCUMENTED,NOT_DOCUMENTED,NOT_DOCUMENTED,NOT_DOCUMENTED,institutional prefix AZ,predictions.xlsx sheet 'Species' (git blob b49b0c5b9ec0fee13da168737fa713e307e6b1f8) row for AZ048,NOT_DOCUMENTED,Supplementary Table 1 of doi:10.1093/bib/bbaf589 not retrievable: PMC JS proof-of-work bot check; OUP HTTP 403; bioRxiv 404/520,NO
AZ077,NOT_DOCUMENTED,Enterococcus hirae,NOT_DOCUMENTED,NOT_DOCUMENTED,NOT_DOCUMENTED,NOT_DOCUMENTED,NOT_DOCUMENTED,NOT_DOCUMENTED,institutional prefix AZ,predictions.xlsx sheet 'Species' (git blob b49b0c5b9ec0fee13da168737fa713e307e6b1f8) row for AZ077,NOT_DOCUMENTED,Supplementary Table 1 of doi:10.1093/bib/bbaf589 not retrievable: PMC JS proof-of-work bot check; OUP HTTP 403; bioRxiv 404/520,NO
AZ078,NOT_DOCUMENTED,Enterococcus hirae,NOT_DOCUMENTED,NOT_DOCUMENTED,NOT_DOCUMENTED,NOT_DOCUMENTED,NOT_DOCUMENTED,NOT_DOCUMENTED,institutional prefix AZ,predictions.xlsx sheet 'Species' (git blob b49b0c5b9ec0fee13da168737fa713e307e6b1f8) row for AZ078,NOT_DOCUMENTED,Supplementary Table 1 of doi:10.1093/bib/bbaf589 not retrievable: PMC JS proof-of-work bot check; OUP HTTP 403; bioRxiv 404/520,NO
AZ082,NOT_DOCUMENTED,Enterococcus hirae,NOT_DOCUMENTED,NOT_DOCUMENTED,NOT_DOCUMENTED,NOT_DOCUMENTED,NOT_DOCUMENTED,NOT_DOCUMENTED,institutional prefix AZ,predictions.xlsx sheet 'Species' (git blob b49b0c5b9ec0fee13da168737fa713e307e6b1f8) row for AZ082,NOT_DOCUMENTED,Supplementary Table 1 of doi:10.1093/bib/bbaf589 not retrievable: PMC JS proof-of-work bot check; OUP HTTP 403; bioRxiv 404/520,NO
AZ085,NOT_DOCUMENTED,Enterococcus hirae,NOT_DOCUMENTED,NOT_DOCUMENTED,NOT_DOCUMENTED,NOT_DOCUMENTED,NOT_DOCUMENTED,NOT_DOCUMENTED,institutional prefix AZ,predictions.xlsx sheet 'Species' (git blob b49b0c5b9ec0fee13da168737fa713e307e6b1f8) row for AZ085,NOT_DOCUMENTED,Supplementary Table 1 of doi:10.1093/bib/bbaf589 not retrievable: PMC JS proof-of-work bot check; OUP HTTP 403; bioRxiv 404/520,NO
DIV1371a,NOT_DOCUMENTED,Enterococcus hirae,NOT_DOCUMENTED,NOT_DOCUMENTED,NOT_DOCUMENTED,NOT_DOCUMENTED,NOT_DOCUMENTED,NOT_DOCUMENTED,institutional prefix DIV1371a,predictions.xlsx sheet 'Species' (git blob b49b0c5b9ec0fee13da168737fa713e307e6b1f8) row for DIV1371a,NOT_DOCUMENTED,Supplementary Table 1 of doi:10.1093/bib/bbaf589 not retrievable: PMC JS proof-of-work bot check; OUP HTTP 403; bioRxiv 404/520,NO
DIV1421a,NOT_DOCUMENTED,Enterococcus hirae,NOT_DOCUMENTED,NOT_DOCUMENTED,NOT_DOCUMENTED,NOT_DOCUMENTED,NOT_DOCUMENTED,NOT_DOCUMENTED,institutional prefix DIV1421a,predictions.xlsx sheet 'Species' (git blob b49b0c5b9ec0fee13da168737fa713e307e6b1f8) row for DIV1421a,NOT_DOCUMENTED,Supplementary Table 1 of doi:10.1093/bib/bbaf589 not retrievable: PMC JS proof-of-work bot check; OUP HTTP 403; bioRxiv 404/520,NO
DIV1682a,NOT_DOCUMENTED,Enterococcus hirae,NOT_DOCUMENTED,NOT_DOCUMENTED,NOT_DOCUMENTED,NOT_DOCUMENTED,NOT_DOCUMENTED,NOT_DOCUMENTED,institutional prefix DIV1682a,predictions.xlsx sheet 'Species' (git blob b49b0c5b9ec0fee13da168737fa713e307e6b1f8) row for DIV1682a,NOT_DOCUMENTED,Supplementary Table 1 of doi:10.1093/bib/bbaf589 not retrievable: PMC JS proof-of-work bot check; OUP HTTP 403; bioRxiv 404/520,NO
DIV1726a,NOT_DOCUMENTED,Enterococcus hirae,NOT_DOCUMENTED,NOT_DOCUMENTED,NOT_DOCUMENTED,NOT_DOCUMENTED,NOT_DOCUMENTED,NOT_DOCUMENTED,institutional prefix DIV1726a,predictions.xlsx sheet 'Species' (git blob b49b0c5b9ec0fee13da168737fa713e307e6b1f8) row for DIV1726a,NOT_DOCUMENTED,Supplementary Table 1 of doi:10.1093/bib/bbaf589 not retrievable: PMC JS proof-of-work bot check; OUP HTTP 403; bioRxiv 404/520,NO
GCID-2549,NOT_DOCUMENTED,Enterococcus hirae,NOT_DOCUMENTED,NOT_DOCUMENTED,NOT_DOCUMENTED,NOT_DOCUMENTED,NOT_DOCUMENTED,NOT_DOCUMENTED,institutional prefix GCID-,predictions.xlsx sheet 'Species' (git blob b49b0c5b9ec0fee13da168737fa713e307e6b1f8) row for GCID-2549,NOT_DOCUMENTED,Supplementary Table 1 of doi:10.1093/bib/bbaf589 not retrievable: PMC JS proof-of-work bot check; OUP HTTP 403; bioRxiv 404/520,NO
GCID-2585,NOT_DOCUMENTED,Enterococcus hirae,NOT_DOCUMENTED,NOT_DOCUMENTED,NOT_DOCUMENTED,NOT_DOCUMENTED,NOT_DOCUMENTED,NOT_DOCUMENTED,institutional prefix GCID-,predictions.xlsx sheet 'Species' (git blob b49b0c5b9ec0fee13da168737fa713e307e6b1f8) row for GCID-2585,NOT_DOCUMENTED,Supplementary Table 1 of doi:10.1093/bib/bbaf589 not retrievable: PMC JS proof-of-work bot check; OUP HTTP 403; bioRxiv 404/520,NO
GCID-2672,NOT_DOCUMENTED,Enterococcus hirae,NOT_DOCUMENTED,NOT_DOCUMENTED,NOT_DOCUMENTED,NOT_DOCUMENTED,NOT_DOCUMENTED,NOT_DOCUMENTED,institutional prefix GCID-,predictions.xlsx sheet 'Species' (git blob b49b0c5b9ec0fee13da168737fa713e307e6b1f8) row for GCID-2672,NOT_DOCUMENTED,Supplementary Table 1 of doi:10.1093/bib/bbaf589 not retrievable: PMC JS proof-of-work bot check; OUP HTTP 403; bioRxiv 404/520,NO
DIV1283b,NOT_DOCUMENTED,Enterococcus lactis,NOT_DOCUMENTED,NOT_DOCUMENTED,NOT_DOCUMENTED,NOT_DOCUMENTED,NOT_DOCUMENTED,NOT_DOCUMENTED,institutional prefix DIV1283b,predictions.xlsx sheet 'Species' (git blob b49b0c5b9ec0fee13da168737fa713e307e6b1f8) row for DIV1283b,NOT_DOCUMENTED,Supplementary Table 1 of doi:10.1093/bib/bbaf589 not retrievable: PMC JS proof-of-work bot check; OUP HTTP 403; bioRxiv 404/520,NO
DIV2359,NOT_DOCUMENTED,Enterococcus mangumiae,NOT_DOCUMENTED,NOT_DOCUMENTED,NOT_DOCUMENTED,NOT_DOCUMENTED,NOT_DOCUMENTED,NOT_DOCUMENTED,institutional prefix DIV,predictions.xlsx sheet 'Species' (git blob b49b0c5b9ec0fee13da168737fa713e307e6b1f8) row for DIV2359,NOT_DOCUMENTED,Supplementary Table 1 of doi:10.1093/bib/bbaf589 not retrievable: PMC JS proof-of-work bot check; OUP HTTP 403; bioRxiv 404/520,NO
DIV2371,NOT_DOCUMENTED,Enterococcus mangumiae,NOT_DOCUMENTED,NOT_DOCUMENTED,NOT_DOCUMENTED,NOT_DOCUMENTED,NOT_DOCUMENTED,NOT_DOCUMENTED,institutional prefix DIV,predictions.xlsx sheet 'Species' (git blob b49b0c5b9ec0fee13da168737fa713e307e6b1f8) row for DIV2371,NOT_DOCUMENTED,Supplementary Table 1 of doi:10.1093/bib/bbaf589 not retrievable: PMC JS proof-of-work bot check; OUP HTTP 403; bioRxiv 404/520,NO
DIV2381,NOT_DOCUMENTED,Enterococcus mangumiae,NOT_DOCUMENTED,NOT_DOCUMENTED,NOT_DOCUMENTED,NOT_DOCUMENTED,NOT_DOCUMENTED,NOT_DOCUMENTED,institutional prefix DIV,predictions.xlsx sheet 'Species' (git blob b49b0c5b9ec0fee13da168737fa713e307e6b1f8) row for DIV2381,NOT_DOCUMENTED,Supplementary Table 1 of doi:10.1093/bib/bbaf589 not retrievable: PMC JS proof-of-work bot check; OUP HTTP 403; bioRxiv 404/520,NO
DIV2417,NOT_DOCUMENTED,Enterococcus mangumiae,NOT_DOCUMENTED,NOT_DOCUMENTED,NOT_DOCUMENTED,NOT_DOCUMENTED,NOT_DOCUMENTED,NOT_DOCUMENTED,institutional prefix DIV,predictions.xlsx sheet 'Species' (git blob b49b0c5b9ec0fee13da168737fa713e307e6b1f8) row for DIV2417,NOT_DOCUMENTED,Supplementary Table 1 of doi:10.1093/bib/bbaf589 not retrievable: PMC JS proof-of-work bot check; OUP HTTP 403; bioRxiv 404/520,NO
AZ045,NOT_DOCUMENTED,Enterococcus pernyi,NOT_DOCUMENTED,NOT_DOCUMENTED,NOT_DOCUMENTED,NOT_DOCUMENTED,NOT_DOCUMENTED,NOT_DOCUMENTED,institutional prefix AZ,predictions.xlsx sheet 'Species' (git blob b49b0c5b9ec0fee13da168737fa713e307e6b1f8) row for AZ045,NOT_DOCUMENTED,Supplementary Table 1 of doi:10.1093/bib/bbaf589 not retrievable: PMC JS proof-of-work bot check; OUP HTTP 403; bioRxiv 404/520,NO
AZ062,NOT_DOCUMENTED,Enterococcus mundtii,NOT_DOCUMENTED,NOT_DOCUMENTED,NOT_DOCUMENTED,NOT_DOCUMENTED,NOT_DOCUMENTED,NOT_DOCUMENTED,institutional prefix AZ,predictions.xlsx sheet 'Species' (git blob b49b0c5b9ec0fee13da168737fa713e307e6b1f8) row for AZ062,NOT_DOCUMENTED,Supplementary Table 1 of doi:10.1093/bib/bbaf589 not retrievable: PMC JS proof-of-work bot check; OUP HTTP 403; bioRxiv 404/520,NO
AZ080,NOT_DOCUMENTED,Enterococcus pernyi,NOT_DOCUMENTED,NOT_DOCUMENTED,NOT_DOCUMENTED,NOT_DOCUMENTED,NOT_DOCUMENTED,NOT_DOCUMENTED,institutional prefix AZ,predictions.xlsx sheet 'Species' (git blob b49b0c5b9ec0fee13da168737fa713e307e6b1f8) row for AZ080,NOT_DOCUMENTED,Supplementary Table 1 of doi:10.1093/bib/bbaf589 not retrievable: PMC JS proof-of-work bot check; OUP HTTP 403; bioRxiv 404/520,NO
AZ084,NOT_DOCUMENTED,Enterococcus pernyi,NOT_DOCUMENTED,NOT_DOCUMENTED,NOT_DOCUMENTED,NOT_DOCUMENTED,NOT_DOCUMENTED,NOT_DOCUMENTED,institutional prefix AZ,predictions.xlsx sheet 'Species' (git blob b49b0c5b9ec0fee13da168737fa713e307e6b1f8) row for AZ084,NOT_DOCUMENTED,Supplementary Table 1 of doi:10.1093/bib/bbaf589 not retrievable: PMC JS proof-of-work bot check; OUP HTTP 403; bioRxiv 404/520,NO
AZ093,NOT_DOCUMENTED,Enterococcus pernyi,NOT_DOCUMENTED,NOT_DOCUMENTED,NOT_DOCUMENTED,NOT_DOCUMENTED,NOT_DOCUMENTED,NOT_DOCUMENTED,institutional prefix AZ,predictions.xlsx sheet 'Species' (git blob b49b0c5b9ec0fee13da168737fa713e307e6b1f8) row for AZ093,NOT_DOCUMENTED,Supplementary Table 1 of doi:10.1093/bib/bbaf589 not retrievable: PMC JS proof-of-work bot check; OUP HTTP 403; bioRxiv 404/520,NO
AZ095b,NOT_DOCUMENTED,Enterococcus pernyi,NOT_DOCUMENTED,NOT_DOCUMENTED,NOT_DOCUMENTED,NOT_DOCUMENTED,NOT_DOCUMENTED,NOT_DOCUMENTED,institutional prefix AZ095b,predictions.xlsx sheet 'Species' (git blob b49b0c5b9ec0fee13da168737fa713e307e6b1f8) row for AZ095b,NOT_DOCUMENTED,Supplementary Table 1 of doi:10.1093/bib/bbaf589 not retrievable: PMC JS proof-of-work bot check; OUP HTTP 403; bioRxiv 404/520,NO
AZ147,NOT_DOCUMENTED,Enterococcus pernyi,NOT_DOCUMENTED,NOT_DOCUMENTED,NOT_DOCUMENTED,NOT_DOCUMENTED,NOT_DOCUMENTED,NOT_DOCUMENTED,institutional prefix AZ,predictions.xlsx sheet 'Species' (git blob b49b0c5b9ec0fee13da168737fa713e307e6b1f8) row for AZ147,NOT_DOCUMENTED,Supplementary Table 1 of doi:10.1093/bib/bbaf589 not retrievable: PMC JS proof-of-work bot check; OUP HTTP 403; bioRxiv 404/520,NO
AZ153,NOT_DOCUMENTED,Enterococcus pernyi,NOT_DOCUMENTED,NOT_DOCUMENTED,NOT_DOCUMENTED,NOT_DOCUMENTED,NOT_DOCUMENTED,NOT_DOCUMENTED,institutional prefix AZ,predictions.xlsx sheet 'Species' (git blob b49b0c5b9ec0fee13da168737fa713e307e6b1f8) row for AZ153,NOT_DOCUMENTED,Supplementary Table 1 of doi:10.1093/bib/bbaf589 not retrievable: PMC JS proof-of-work bot check; OUP HTTP 403; bioRxiv 404/520,NO
AZ156,NOT_DOCUMENTED,Enterococcus pernyi,NOT_DOCUMENTED,NOT_DOCUMENTED,NOT_DOCUMENTED,NOT_DOCUMENTED,NOT_DOCUMENTED,NOT_DOCUMENTED,institutional prefix AZ,predictions.xlsx sheet 'Species' (git blob b49b0c5b9ec0fee13da168737fa713e307e6b1f8) row for AZ156,NOT_DOCUMENTED,Supplementary Table 1 of doi:10.1093/bib/bbaf589 not retrievable: PMC JS proof-of-work bot check; OUP HTTP 403; bioRxiv 404/520,NO
AZ161,NOT_DOCUMENTED,Enterococcus pernyi,NOT_DOCUMENTED,NOT_DOCUMENTED,NOT_DOCUMENTED,NOT_DOCUMENTED,NOT_DOCUMENTED,NOT_DOCUMENTED,institutional prefix AZ,predictions.xlsx sheet 'Species' (git blob b49b0c5b9ec0fee13da168737fa713e307e6b1f8) row for AZ161,NOT_DOCUMENTED,Supplementary Table 1 of doi:10.1093/bib/bbaf589 not retrievable: PMC JS proof-of-work bot check; OUP HTTP 403; bioRxiv 404/520,NO
AZ162,NOT_DOCUMENTED,Enterococcus pernyi,NOT_DOCUMENTED,NOT_DOCUMENTED,NOT_DOCUMENTED,NOT_DOCUMENTED,NOT_DOCUMENTED,NOT_DOCUMENTED,institutional prefix AZ,predictions.xlsx sheet 'Species' (git blob b49b0c5b9ec0fee13da168737fa713e307e6b1f8) row for AZ162,NOT_DOCUMENTED,Supplementary Table 1 of doi:10.1093/bib/bbaf589 not retrievable: PMC JS proof-of-work bot check; OUP HTTP 403; bioRxiv 404/520,NO
AZ171,NOT_DOCUMENTED,Enterococcus pernyi,NOT_DOCUMENTED,NOT_DOCUMENTED,NOT_DOCUMENTED,NOT_DOCUMENTED,NOT_DOCUMENTED,NOT_DOCUMENTED,institutional prefix AZ,predictions.xlsx sheet 'Species' (git blob b49b0c5b9ec0fee13da168737fa713e307e6b1f8) row for AZ171,NOT_DOCUMENTED,Supplementary Table 1 of doi:10.1093/bib/bbaf589 not retrievable: PMC JS proof-of-work bot check; OUP HTTP 403; bioRxiv 404/520,NO
AZ172,NOT_DOCUMENTED,Enterococcus pernyi,NOT_DOCUMENTED,NOT_DOCUMENTED,NOT_DOCUMENTED,NOT_DOCUMENTED,NOT_DOCUMENTED,NOT_DOCUMENTED,institutional prefix AZ,predictions.xlsx sheet 'Species' (git blob b49b0c5b9ec0fee13da168737fa713e307e6b1f8) row for AZ172,NOT_DOCUMENTED,Supplementary Table 1 of doi:10.1093/bib/bbaf589 not retrievable: PMC JS proof-of-work bot check; OUP HTTP 403; bioRxiv 404/520,NO
DIV0806c,NOT_DOCUMENTED,Enterococcus mundtii,NOT_DOCUMENTED,NOT_DOCUMENTED,NOT_DOCUMENTED,NOT_DOCUMENTED,NOT_DOCUMENTED,NOT_DOCUMENTED,institutional prefix DIV0806c,predictions.xlsx sheet 'Species' (git blob b49b0c5b9ec0fee13da168737fa713e307e6b1f8) row for DIV0806c,NOT_DOCUMENTED,Supplementary Table 1 of doi:10.1093/bib/bbaf589 not retrievable: PMC JS proof-of-work bot check; OUP HTTP 403; bioRxiv 404/520,NO
DIV0996a,NOT_DOCUMENTED,Enterococcus pernyi,NOT_DOCUMENTED,NOT_DOCUMENTED,NOT_DOCUMENTED,NOT_DOCUMENTED,NOT_DOCUMENTED,NOT_DOCUMENTED,institutional prefix DIV0996a,predictions.xlsx sheet 'Species' (git blob b49b0c5b9ec0fee13da168737fa713e307e6b1f8) row for DIV0996a,NOT_DOCUMENTED,Supplementary Table 1 of doi:10.1093/bib/bbaf589 not retrievable: PMC JS proof-of-work bot check; OUP HTTP 403; bioRxiv 404/520,NO
DIV1286c,NOT_DOCUMENTED,Enterococcus pernyi,NOT_DOCUMENTED,NOT_DOCUMENTED,NOT_DOCUMENTED,NOT_DOCUMENTED,NOT_DOCUMENTED,NOT_DOCUMENTED,institutional prefix DIV1286c,predictions.xlsx sheet 'Species' (git blob b49b0c5b9ec0fee13da168737fa713e307e6b1f8) row for DIV1286c,NOT_DOCUMENTED,Supplementary Table 1 of doi:10.1093/bib/bbaf589 not retrievable: PMC JS proof-of-work bot check; OUP HTTP 403; bioRxiv 404/520,NO
DIV1288f,NOT_DOCUMENTED,Enterococcus mundtii,NOT_DOCUMENTED,NOT_DOCUMENTED,NOT_DOCUMENTED,NOT_DOCUMENTED,NOT_DOCUMENTED,NOT_DOCUMENTED,institutional prefix DIV1288f,predictions.xlsx sheet 'Species' (git blob b49b0c5b9ec0fee13da168737fa713e307e6b1f8) row for DIV1288f,NOT_DOCUMENTED,Supplementary Table 1 of doi:10.1093/bib/bbaf589 not retrievable: PMC JS proof-of-work bot check; OUP HTTP 403; bioRxiv 404/520,NO
DIV1368e,NOT_DOCUMENTED,Enterococcus pernyi,NOT_DOCUMENTED,NOT_DOCUMENTED,NOT_DOCUMENTED,NOT_DOCUMENTED,NOT_DOCUMENTED,NOT_DOCUMENTED,institutional prefix DIV1368e,predictions.xlsx sheet 'Species' (git blob b49b0c5b9ec0fee13da168737fa713e307e6b1f8) row for DIV1368e,NOT_DOCUMENTED,Supplementary Table 1 of doi:10.1093/bib/bbaf589 not retrievable: PMC JS proof-of-work bot check; OUP HTTP 403; bioRxiv 404/520,NO
DIV2389,NOT_DOCUMENTED,Enterococcus pernyi,NOT_DOCUMENTED,NOT_DOCUMENTED,NOT_DOCUMENTED,NOT_DOCUMENTED,NOT_DOCUMENTED,NOT_DOCUMENTED,institutional prefix DIV,predictions.xlsx sheet 'Species' (git blob b49b0c5b9ec0fee13da168737fa713e307e6b1f8) row for DIV2389,NOT_DOCUMENTED,Supplementary Table 1 of doi:10.1093/bib/bbaf589 not retrievable: PMC JS proof-of-work bot check; OUP HTTP 403; bioRxiv 404/520,NO
DIV2316,NOT_DOCUMENTED,Enterococcus pernyi,NOT_DOCUMENTED,NOT_DOCUMENTED,NOT_DOCUMENTED,NOT_DOCUMENTED,NOT_DOCUMENTED,NOT_DOCUMENTED,institutional prefix DIV,predictions.xlsx sheet 'Species' (git blob b49b0c5b9ec0fee13da168737fa713e307e6b1f8) row for DIV2316,NOT_DOCUMENTED,Supplementary Table 1 of doi:10.1093/bib/bbaf589 not retrievable: PMC JS proof-of-work bot check; OUP HTTP 403; bioRxiv 404/520,NO
DIV2357,NOT_DOCUMENTED,Enterococcus pernyi,NOT_DOCUMENTED,NOT_DOCUMENTED,NOT_DOCUMENTED,NOT_DOCUMENTED,NOT_DOCUMENTED,NOT_DOCUMENTED,institutional prefix DIV,predictions.xlsx sheet 'Species' (git blob b49b0c5b9ec0fee13da168737fa713e307e6b1f8) row for DIV2357,NOT_DOCUMENTED,Supplementary Table 1 of doi:10.1093/bib/bbaf589 not retrievable: PMC JS proof-of-work bot check; OUP HTTP 403; bioRxiv 404/520,NO
GCID-2587,NOT_DOCUMENTED,Enterococcus pernyi,NOT_DOCUMENTED,NOT_DOCUMENTED,NOT_DOCUMENTED,NOT_DOCUMENTED,NOT_DOCUMENTED,NOT_DOCUMENTED,institutional prefix GCID-,predictions.xlsx sheet 'Species' (git blob b49b0c5b9ec0fee13da168737fa713e307e6b1f8) row for GCID-2587,NOT_DOCUMENTED,Supplementary Table 1 of doi:10.1093/bib/bbaf589 not retrievable: PMC JS proof-of-work bot check; OUP HTTP 403; bioRxiv 404/520,NO
GCID-2731,NOT_DOCUMENTED,Enterococcus pernyi,NOT_DOCUMENTED,NOT_DOCUMENTED,NOT_DOCUMENTED,NOT_DOCUMENTED,NOT_DOCUMENTED,NOT_DOCUMENTED,institutional prefix GCID-,predictions.xlsx sheet 'Species' (git blob b49b0c5b9ec0fee13da168737fa713e307e6b1f8) row for GCID-2731,NOT_DOCUMENTED,Supplementary Table 1 of doi:10.1093/bib/bbaf589 not retrievable: PMC JS proof-of-work bot check; OUP HTTP 403; bioRxiv 404/520,NO
GCID-2734,NOT_DOCUMENTED,Enterococcus mundtii,NOT_DOCUMENTED,NOT_DOCUMENTED,NOT_DOCUMENTED,NOT_DOCUMENTED,NOT_DOCUMENTED,NOT_DOCUMENTED,institutional prefix GCID-,predictions.xlsx sheet 'Species' (git blob b49b0c5b9ec0fee13da168737fa713e307e6b1f8) row for GCID-2734,NOT_DOCUMENTED,Supplementary Table 1 of doi:10.1093/bib/bbaf589 not retrievable: PMC JS proof-of-work bot check; OUP HTTP 403; bioRxiv 404/520,NO
GCID-2558,NOT_DOCUMENTED,Enterococcus raffinosus,NOT_DOCUMENTED,NOT_DOCUMENTED,NOT_DOCUMENTED,NOT_DOCUMENTED,NOT_DOCUMENTED,NOT_DOCUMENTED,institutional prefix GCID-,predictions.xlsx sheet 'Species' (git blob b49b0c5b9ec0fee13da168737fa713e307e6b1f8) row for GCID-2558,NOT_DOCUMENTED,Supplementary Table 1 of doi:10.1093/bib/bbaf589 not retrievable: PMC JS proof-of-work bot check; OUP HTTP 403; bioRxiv 404/520,NO
AZ109,NOT_DOCUMENTED,Enterococcus angrensis,NOT_DOCUMENTED,NOT_DOCUMENTED,NOT_DOCUMENTED,NOT_DOCUMENTED,NOT_DOCUMENTED,NOT_DOCUMENTED,institutional prefix AZ,predictions.xlsx sheet 'Species' (git blob b49b0c5b9ec0fee13da168737fa713e307e6b1f8) row for AZ109,NOT_DOCUMENTED,Supplementary Table 1 of doi:10.1093/bib/bbaf589 not retrievable: PMC JS proof-of-work bot check; OUP HTTP 403; bioRxiv 404/520,NO
GCID-2686,NOT_DOCUMENTED,Enterococcus sp.,NOT_DOCUMENTED,NOT_DOCUMENTED,NOT_DOCUMENTED,NOT_DOCUMENTED,NOT_DOCUMENTED,NOT_DOCUMENTED,institutional prefix GCID-,predictions.xlsx sheet 'Species' (git blob b49b0c5b9ec0fee13da168737fa713e307e6b1f8) row for GCID-2686,NOT_DOCUMENTED,Supplementary Table 1 of doi:10.1093/bib/bbaf589 not retrievable: PMC JS proof-of-work bot check; OUP HTTP 403; bioRxiv 404/520,NO
GCID-2628,NOT_DOCUMENTED,Enterococcus thailandicus,NOT_DOCUMENTED,NOT_DOCUMENTED,NOT_DOCUMENTED,NOT_DOCUMENTED,NOT_DOCUMENTED,NOT_DOCUMENTED,institutional prefix GCID-,predictions.xlsx sheet 'Species' (git blob b49b0c5b9ec0fee13da168737fa713e307e6b1f8) row for GCID-2628,NOT_DOCUMENTED,Supplementary Table 1 of doi:10.1093/bib/bbaf589 not retrievable: PMC JS proof-of-work bot check; OUP HTTP 403; bioRxiv 404/520,NO
