error_type	isolate	species	MLST	contig_id	contig_length	length_bin	circular	gfa_degree	truth_label	truth_decision_reason	truth_confidence_state	truth_flags	chromosome_aligned_fraction	plasmid_aligned_fraction	unresolved_or_shared_fraction	competing_hit_count	best_chromosome_hit	best_plasmid_hit	assembly_coverage	ARG_bearing	ARG_genes	v12_score	v11_score	v11_call	router_model	router_call	router_agreed_with_v12	n_tools_plasmid	n_tools_chromosome	n_tools_abstain	vote_entropy	tool_evidence_fraction	tools_that_also_erred	tools_that_were_correct	mobrecon_provenance	reference_source	n_eligible_contigs_in_isolate
FN	SAMD00521008	Escherichia coli (E. coli)	not_available	137	6553	5-<10kb	0	1	plasmid	plasmid_fraction>=0.80	high		0.0	1.0	0.0	1		NZ_AP040900.1:1.0000	0.52	false		0.7944342199327958	0.7638000912865567	not_selected	v1.2-General	not_selected	true	9	3	0	0.8113	1.0	PlasmidFinder;Platon;plASgraph2	HyAsP;MOB-recon;PLASMe;PlaScope;Plasmer;PlasmidEC;RFPlasmid;geNomad;gplas2	RECOVERED_OK	refseq	198
FN	SAMD00521008	Escherichia coli (E. coli)	not_available	143	5454	5-<10kb	0	0	plasmid	plasmid_fraction>=0.80	high		0.0	1.0	0.0	1		NZ_AP040900.1:1.0000	0.5	false		0.8624429134024127	0.8217186292400213	not_selected	v1.2-General	not_selected	true	8	3	1	0.8454	0.9167	MOB-recon;PlasmidFinder;plASgraph2	HyAsP;PLASMe;PlaScope;Plasmer;PlasmidEC;Platon;RFPlasmid;geNomad	RECOVERED_OK	refseq	198
FN	SAMD00521008	Escherichia coli (E. coli)	not_available	162	3370	2-<5kb	0	0	plasmid	plasmid_fraction>=0.80	high		0.0	0.9908	0.0	1		NZ_AP040900.1:0.9908	0.53	false		0.8624429134024127	0.8123557469028004	not_selected	v1.2-General	not_selected	true	8	3	1	0.8454	0.9167	MOB-recon;PlasmidFinder;plASgraph2	HyAsP;PLASMe;PlaScope;Plasmer;PlasmidEC;Platon;RFPlasmid;geNomad	RECOVERED_OK	refseq	198
FN	SAMD00521008	Escherichia coli (E. coli)	not_available	177	2335	2-<5kb	0	0	plasmid	plasmid_fraction>=0.80	high		0.0	1.0	0.0	1		NZ_AP040900.1:1.0000	0.65	false		0.7362779683315532	0.5537770021929929	not_selected	v1.2-General	not_selected	true	4	8	0	0.9183	1.0	Plasmer;PlasmidEC;PlasmidFinder;Platon;RFPlasmid;geNomad;gplas2;plASgraph2	HyAsP;MOB-recon;PLASMe;PlaScope	RECOVERED_OK	refseq	198
FN	SAMD00521008	Escherichia coli (E. coli)	not_available	187	1807	1-<2kb	0	1	plasmid	plasmid_fraction>=0.80	high		0.0	1.0	0.0	1		NZ_AP040900.1:1.0000	0.46	false	iss	0.7889023520731259	0.7492017787443103	not_selected	v1.2-General	not_selected	true	8	4	0	0.9183	1.0	PlasmidFinder;Platon;geNomad;plASgraph2	HyAsP;MOB-recon;PLASMe;PlaScope;Plasmer;PlasmidEC;RFPlasmid;gplas2	RECOVERED_OK	refseq	198
FN	SAMD00521008	Escherichia coli (E. coli)	not_available	192	1474	1-<2kb	0	0	plasmid	plasmid_fraction>=0.80	high		0.0	1.0	0.0	1		NZ_AP040900.1:1.0000	0.45	false		0.900702896221801	0.19399920259241235	not_selected	v1.2-General	not_selected	true	4	8	0	0.9183	1.0	HyAsP;PlasmidEC;PlasmidFinder;Platon;RFPlasmid;geNomad;gplas2;plASgraph2	MOB-recon;PLASMe;PlaScope;Plasmer	RECOVERED_OK	refseq	198
FN	SAMD00521008	Escherichia coli (E. coli)	not_available	196	1334	1-<2kb	0	0	plasmid	plasmid_fraction>=0.80	high		0.0	1.0	0.0	1		NZ_AP040900.1:1.0000	0.39	false		0.48793662448218494	0.0022288768136896585	not_selected	v1.2-General	not_selected	true	3	9	0	0.8113	1.0	HyAsP;MOB-recon;PlasmidEC;PlasmidFinder;Platon;RFPlasmid;geNomad;gplas2;plASgraph2	PLASMe;PlaScope;Plasmer	RECOVERED_OK	refseq	198
FN	SAMD00521008	Escherichia coli (E. coli)	not_available	202	1257	1-<2kb	0	0	plasmid	plasmid_fraction>=0.80	high		0.0	1.0	0.0	1		NZ_AP040900.1:1.0000	0.45	false		0.7884700606349994	0.29152474773310033	not_selected	v1.2-General	not_selected	true	6	5	1	0.994	0.9167	HyAsP;PlasmidFinder;Platon;geNomad;plASgraph2	MOB-recon;PLASMe;PlaScope;Plasmer;PlasmidEC;RFPlasmid	RECOVERED_OK	refseq	198
FN	SAMD00521008	Escherichia coli (E. coli)	not_available	205	1198	1-<2kb	0	0	plasmid	plasmid_fraction>=0.80	high		0.0	0.9841	0.0	1		NZ_AP040900.1:0.9841	0.4	false	cvaB	0.48793662448218494	0.0022288768136896585	not_selected	v1.2-General	not_selected	true	3	9	0	0.8113	1.0	HyAsP;MOB-recon;PlasmidEC;PlasmidFinder;Platon;RFPlasmid;geNomad;gplas2;plASgraph2	PLASMe;PlaScope;Plasmer	RECOVERED_OK	refseq	198
FN	SAMD00521008	Escherichia coli (E. coli)	not_available	207	1172	1-<2kb	0	0	plasmid	plasmid_fraction>=0.80	high		0.0	0.9701	0.0	1		NZ_AP040900.1:0.9701	0.55	false		0.900702896221801	0.19399920259241235	not_selected	v1.2-General	not_selected	true	4	8	0	0.9183	1.0	HyAsP;PlasmidEC;PlasmidFinder;Platon;RFPlasmid;geNomad;gplas2;plASgraph2	MOB-recon;PLASMe;PlaScope;Plasmer	RECOVERED_OK	refseq	198
FN	SAMD00819698	Escherichia coli (E. coli)	not_available	101	1443	1-<2kb	0	2	plasmid	plasmid_fraction>=0.80	high		0.0	1.0	0.0	1		NZ_AP039441.1:1.0000	1.31	false		0.9123720989070611	0.9333328086697654	not_selected	v1.2-General	not_selected	true	7	5	0	0.9799	1.0	HyAsP;PlasmidFinder;RFPlasmid;geNomad;plASgraph2	MOB-recon;PLASMe;PlaScope;Plasmer;PlasmidEC;Platon;gplas2	RECOVERED_OK	refseq	108
FN	SAMD00819698	Escherichia coli (E. coli)	not_available	105	1249	1-<2kb	0	4	plasmid	plasmid_fraction>=0.80	high	repeat_multi_location:2	0.0	1.0	0.0	1		NZ_AP039441.1:1.0000	2.57	false		0.38302576817414785	0.7360112552345568	not_selected	v1.2-General	not_selected	true	5	6	1	0.994	0.9167	PlaScope;PlasmidEC;PlasmidFinder;Platon;RFPlasmid;geNomad	HyAsP;MOB-recon;PLASMe;Plasmer;plASgraph2	RECOVERED_OK	refseq	108
FN	SAMD00819698	Escherichia coli (E. coli)	not_available	106	1239	1-<2kb	0	2	plasmid	plasmid_fraction>=0.80	high		0.0	1.0	0.0	1		NZ_AP039441.1:1.0000	1.18	false		0.9123720989070611	0.9333328086697654	not_selected	v1.2-General	not_selected	true	7	5	0	0.9799	1.0	HyAsP;PlasmidFinder;RFPlasmid;geNomad;plASgraph2	MOB-recon;PLASMe;PlaScope;Plasmer;PlasmidEC;Platon;gplas2	RECOVERED_OK	refseq	108
FN	SAMD00819698	Escherichia coli (E. coli)	not_available	73	5272	5-<10kb	0	2	plasmid	plasmid_fraction>=0.80	high		0.0	1.0	0.0	1		NZ_AP039441.1:1.0000	1.32	false		0.7944342199327958	0.9506214600313279	not_selected	v1.2-General	not_selected	true	9	3	0	0.8113	1.0	PlasmidFinder;Platon;plASgraph2	HyAsP;MOB-recon;PLASMe;PlaScope;Plasmer;PlasmidEC;RFPlasmid;geNomad;gplas2	RECOVERED_OK	refseq	108
FN	SAMD00819698	Escherichia coli (E. coli)	not_available	81	3350	2-<5kb	0	2	plasmid	plasmid_fraction>=0.80	high		0.0	1.0	0.0	1		NZ_AP039441.1:1.0000	1.34	false		0.9123720989070611	0.9311654718610074	not_selected	v1.2-General	not_selected	true	7	5	0	0.9799	1.0	HyAsP;PlasmidFinder;RFPlasmid;geNomad;plASgraph2	MOB-recon;PLASMe;PlaScope;Plasmer;PlasmidEC;Platon;gplas2	RECOVERED_OK	refseq	108
FP	SAMD00819698	Escherichia coli (E. coli)	not_available	83	3217	2-<5kb	0	2	chromosome	chromosome_fraction>=0.80	high		1.0	0.0	0.0	1	NZ_AP039439.1:1.0000		1.06	true	floR	0.9508635198395291	0.9620231578530485	high_confidence_plasmid	v1.1	high_confidence_plasmid	true	10	2	0	0.65	1.0	HyAsP;MOB-recon;PLASMe;PlaScope;Plasmer;PlasmidEC;Platon;RFPlasmid;geNomad;gplas2	PlasmidFinder;plASgraph2	RECOVERED_OK	refseq	108
FP	SAMD00819698	Escherichia coli (E. coli)	not_available	91	2080	2-<5kb	0	2	chromosome	chromosome_fraction>=0.80	high		1.0	0.0	0.0	1	NZ_AP039439.1:1.0000		0.85	false		0.9341305908692601	0.9349599085542396	not_selected	v1.2-General	plasmid_selected	true	8	3	1	0.8454	0.9167	HyAsP;MOB-recon;PLASMe;PlaScope;Plasmer;PlasmidEC;RFPlasmid;gplas2	PlasmidFinder;Platon;geNomad	RECOVERED_OK	refseq	108
FN	SAMD00819698	Escherichia coli (E. coli)	not_available	92	1926	1-<2kb	0	2	plasmid	plasmid_fraction>=0.80	high		0.0	1.0	0.0	1		NZ_AP039441.1:1.0000	1.23	false		0.900702896221801	0.6883944180640558	not_selected	v1.2-General	not_selected	true	4	8	0	0.9183	1.0	HyAsP;PlasmidEC;PlasmidFinder;Platon;RFPlasmid;geNomad;gplas2;plASgraph2	MOB-recon;PLASMe;PlaScope;Plasmer	RECOVERED_OK	refseq	108
FP	SAMD00819698	Escherichia coli (E. coli)	not_available	93	1919	1-<2kb	0	2	chromosome	chromosome_fraction>=0.80	high		1.0	0.0	0.0	1	NZ_AP039439.1:1.0000		0.89	false		0.9492724375550261	0.920801058408718	not_selected	v1.2-General	plasmid_selected	true	9	3	0	0.8113	1.0	HyAsP;MOB-recon;PLASMe;PlaScope;Plasmer;PlasmidEC;Platon;RFPlasmid;gplas2	PlasmidFinder;geNomad;plASgraph2	RECOVERED_OK	refseq	108
FN	SAMD01616568	Escherichia coli (E. coli)	not_available	27	22922	>=10kb	0	2	plasmid	plasmid_fraction>=0.80	high		0.0	1.0	0.0	1		NZ_AP045050.1:1.0000	0.53	false		0.9134327269784195	0.04632987117637301	not_selected	v1.2-General	not_selected	true	6	6	0	1.0	1.0	HyAsP;PlaScope;PlasmidEC;PlasmidFinder;Platon;gplas2	MOB-recon;PLASMe;Plasmer;RFPlasmid;geNomad;plASgraph2	RECOVERED_OK	refseq	45
FN	SAMD01616568	Escherichia coli (E. coli)	not_available	30	14466	>=10kb	0	2	plasmid	plasmid_fraction>=0.80	high		0.0	1.0	0.0	1		NZ_AP045050.1:1.0000	0.5	false		0.8565617401437899	0.02641771613405925	not_selected	v1.2-General	not_selected	true	5	7	0	0.9799	1.0	HyAsP;PlaScope;PlasmidEC;PlasmidFinder;Platon;RFPlasmid;gplas2	MOB-recon;PLASMe;Plasmer;geNomad;plASgraph2	RECOVERED_OK	refseq	45
FN	SAMD01616568	Escherichia coli (E. coli)	not_available	31	13190	>=10kb	0	2	plasmid	plasmid_fraction>=0.80	high		0.0	1.0	0.0	1		NZ_AP045050.1:1.0000	0.48	false		0.8092095564162247	0.019347579348909797	not_selected	v1.2-General	not_selected	true	5	6	1	0.994	0.9167	HyAsP;PlaScope;PlasmidEC;PlasmidFinder;Platon;gplas2	MOB-recon;PLASMe;Plasmer;RFPlasmid;geNomad	RECOVERED_OK	refseq	45
FN	SAMD01616568	Escherichia coli (E. coli)	not_available	38	4174	2-<5kb	0	2	plasmid	plasmid_fraction>=0.80	high		0.0	1.0	0.0	1		NZ_AP045050.1:1.0000	0.52	false		0.8565617401437899	0.026945181454410338	not_selected	v1.2-General	not_selected	true	5	7	0	0.9799	1.0	HyAsP;PlaScope;PlasmidEC;PlasmidFinder;Platon;RFPlasmid;gplas2	MOB-recon;PLASMe;Plasmer;geNomad;plASgraph2	RECOVERED_OK	refseq	45
FN	SAMD01616568	Escherichia coli (E. coli)	not_available	41	2605	2-<5kb	0	2	plasmid	plasmid_fraction>=0.80	high		0.0	1.0	0.0	1		NZ_AP045050.1:1.0000	0.53	false		0.8565617401437899	0.021393439086651797	not_selected	v1.2-General	not_selected	true	5	7	0	0.9799	1.0	HyAsP;PlaScope;PlasmidEC;PlasmidFinder;Platon;RFPlasmid;gplas2	MOB-recon;PLASMe;Plasmer;geNomad;plASgraph2	RECOVERED_OK	refseq	45
FN	SAMD01616568	Escherichia coli (E. coli)	not_available	45	1258	1-<2kb	0	4	plasmid	plasmid_fraction>=0.80	high	repeat_multi_location:2	0.0	1.0	0.0	1		NZ_AP045050.1:1.0000	1.06	false		0.250566997220329	0.04009941850645724	not_selected	v1.2-General	not_selected	true	5	6	1	0.994	0.9167	HyAsP;PlaScope;PlasmidEC;PlasmidFinder;Platon;geNomad	MOB-recon;PLASMe;Plasmer;RFPlasmid;plASgraph2	RECOVERED_OK	refseq	45
FN	SAMN09400867	Escherichia coli (E. coli)	not_available	132	3055	2-<5kb	0	2	plasmid	plasmid_fraction>=0.80	high		0.0	1.0	0.0	1		JAEJUI020000002.1:1.0000	0.54	false		0.8530807746042097	0.6790859566882279	not_selected	v1.2-General	not_selected	true	5	7	0	0.9799	1.0	MOB-recon;PlasmidEC;PlasmidFinder;Platon;RFPlasmid;gplas2;plASgraph2	HyAsP;PLASMe;PlaScope;Plasmer;geNomad	RECOVERED_OK	genbank	157
FN	SAMN10736992	Escherichia coli (E. coli)	not_available	119	1049	1-<2kb	0	2	plasmid	plasmid_fraction>=0.80	high		0.0	1.0	0.0	1		AARLJX020000004.1:1.0000	0.96	false		0.5521355838616288	0.005084493242217287	not_selected	v1.2-General	not_selected	true	3	8	1	0.8454	0.9167	HyAsP;PlaScope;PlasmidEC;PlasmidFinder;Platon;RFPlasmid;geNomad;gplas2	MOB-recon;PLASMe;Plasmer	OK	genbank	119
FN	SAMN10736992	Escherichia coli (E. coli)	not_available	40	28643	>=10kb	0	2	plasmid	plasmid_fraction>=0.80	high	repeat_multi_location:2	0.0	1.0	0.0	1		AARLJX020000004.1:1.0000	1.45	false		0.9110606383483703	0.9456938062794361	not_selected	v1.2-General	not_selected	true	8	4	0	0.9183	1.0	HyAsP;PlasmidFinder;geNomad;plASgraph2	MOB-recon;PLASMe;PlaScope;Plasmer;PlasmidEC;Platon;RFPlasmid;gplas2	OK	genbank	119
FN	SAMN10736992	Escherichia coli (E. coli)	not_available	52	13918	>=10kb	0	2	plasmid	plasmid_fraction>=0.80	high		0.0	1.0	0.0	1		AARLJX020000004.1:1.0000	1.31	false		0.9110606383483703	0.9356675065586305	not_selected	v1.2-General	not_selected	true	8	4	0	0.9183	1.0	HyAsP;PlasmidFinder;geNomad;plASgraph2	MOB-recon;PLASMe;PlaScope;Plasmer;PlasmidEC;Platon;RFPlasmid;gplas2	OK	genbank	119
FN	SAMN10736992	Escherichia coli (E. coli)	not_available	74	4946	2-<5kb	0	2	plasmid	plasmid_fraction>=0.80	high		0.0	1.0	0.0	1		AARLJX020000004.1:1.0000	1.14	false		0.8757128737057106	0.8137650647156354	not_selected	v1.2-General	not_selected	true	5	7	0	0.9799	1.0	PlaScope;PlasmidEC;PlasmidFinder;RFPlasmid;geNomad;gplas2;plASgraph2	HyAsP;MOB-recon;PLASMe;Plasmer;Platon	OK	genbank	119
FN	SAMN12364538	Escherichia coli (E. coli)	not_available	116	7710	5-<10kb	0	2	plasmid	plasmid_fraction>=0.80	high		0.0	1.0	0.0	1		AARDCH020000004.1:1.0000	1.93	false		0.47943545985272534	0.7865750893291591	not_selected	v1.2-General	not_selected	true	8	4	0	0.9183	1.0	MOB-recon;Plasmer;PlasmidFinder;Platon	HyAsP;PLASMe;PlaScope;PlasmidEC;RFPlasmid;geNomad;gplas2;plASgraph2	RECOVERED_OK	genbank	179
FN	SAMN12364538	Escherichia coli (E. coli)	not_available	146	3861	2-<5kb	0	2	plasmid	plasmid_fraction>=0.80	high		0.0	1.0	0.0	1		AARDCH020000004.1:1.0000	1.1	false		0.3863699212877667	0.7061178105909467	not_selected	v1.2-General	not_selected	true	7	5	0	0.9799	1.0	Plasmer;PlasmidFinder;Platon;geNomad;plASgraph2	HyAsP;MOB-recon;PLASMe;PlaScope;PlasmidEC;RFPlasmid;gplas2	RECOVERED_OK	genbank	179
FN	SAMN12364538	Escherichia coli (E. coli)	not_available	210	1089	1-<2kb	0	4	plasmid	plasmid_fraction>=0.80	high		0.0	1.0	0.0	1		AARDCH020000002.1:1.0000	6.38	true	mrx(A)	0.7759819264665878	0.8759402192787699	not_selected	v1.1	not_selected	true	7	3	2	0.8813	0.8333	PlasmidFinder;Platon;geNomad	HyAsP;MOB-recon;PLASMe;PlaScope;Plasmer;PlasmidEC;RFPlasmid	RECOVERED_OK	genbank	179
FP	SAMN12364538	Escherichia coli (E. coli)	not_available	94	12109	>=10kb	0	2	chromosome	chromosome_fraction>=0.80	high		1.0	0.0	0.0	1	CM183106.1:1.0000		0.93	false	iucA;iucB;iucC;iucD;iutA	0.9508635198395291	0.8444410503173342	not_selected	v1.2-General	plasmid_selected	true	10	2	0	0.65	1.0	HyAsP;MOB-recon;PLASMe;PlaScope;Plasmer;PlasmidEC;Platon;RFPlasmid;geNomad;gplas2	PlasmidFinder;plASgraph2	RECOVERED_OK	genbank	179
FP	SAMN26796540	Escherichia coli (E. coli)	not_available	105	4253	2-<5kb	0	2	chromosome	chromosome_fraction>=0.80	high		1.0	0.0	0.0	1	CP114246.1:1.0000		0.96	false		0.9857568595095695	0.9315883126347578	not_selected	v1.2-General	plasmid_selected	true	10	1	1	0.4395	0.9167	HyAsP;MOB-recon;PLASMe;PlaScope;Plasmer;PlasmidEC;Platon;RFPlasmid;geNomad;gplas2	PlasmidFinder	RECOVERED_OK	genbank	147
FN	SAMN26796540	Escherichia coli (E. coli)	not_available	107	4171	2-<5kb	0	2	plasmid	plasmid_fraction>=0.80	high		0.0	0.9597	0.0	1		CP114247.1:0.9597	1.04	false		0.6716704421602296	0.29298963537908135	not_selected	v1.2-General	not_selected	true	7	5	0	0.9799	1.0	HyAsP;PlasmidFinder;Platon;geNomad;plASgraph2	MOB-recon;PLASMe;PlaScope;Plasmer;PlasmidEC;RFPlasmid;gplas2	RECOVERED_OK	genbank	147
FN	SAMN26796540	Escherichia coli (E. coli)	not_available	112	3349	2-<5kb	0	1	plasmid	plasmid_fraction>=0.80	high		0.0	1.0	0.0	1		CP114247.1:1.0000	1.09	false		0.7849934510745252	0.7129296646912193	not_selected	v1.2-General	not_selected	true	9	3	0	0.8113	1.0	MOB-recon;PlasmidFinder;plASgraph2	HyAsP;PLASMe;PlaScope;Plasmer;PlasmidEC;Platon;RFPlasmid;geNomad;gplas2	RECOVERED_OK	genbank	147
FN	SAMN26796540	Escherichia coli (E. coli)	not_available	116	3237	2-<5kb	0	2	plasmid	plasmid_fraction>=0.80	high		0.0	1.0	0.0	1		CP114247.1:1.0000	1.16	false		0.28526982757881375	0.25369489418970637	not_selected	v1.2-General	not_selected	true	7	5	0	0.9799	1.0	HyAsP;MOB-recon;PlasmidFinder;Platon;plASgraph2	PLASMe;PlaScope;Plasmer;PlasmidEC;RFPlasmid;geNomad;gplas2	RECOVERED_OK	genbank	147
FP	SAMN26796540	Escherichia coli (E. coli)	not_available	118	3133	2-<5kb	0	1	chromosome	chromosome_fraction>=0.80	high		1.0	0.0	0.0	1	CP114246.1:1.0000		0.88	false		0.9508635198395291	0.8015741166271461	not_selected	v1.2-General	plasmid_selected	true	10	2	0	0.65	1.0	HyAsP;MOB-recon;PLASMe;PlaScope;Plasmer;PlasmidEC;Platon;RFPlasmid;geNomad;gplas2	PlasmidFinder;plASgraph2	RECOVERED_OK	genbank	147
FP	SAMN26796540	Escherichia coli (E. coli)	not_available	132	2061	2-<5kb	0	2	chromosome	chromosome_fraction>=0.80	high		1.0	0.0	0.0	1	CP114246.1:1.0000		0.98	false		0.993829937627673	0.7113431184163824	not_selected	v1.2-General	plasmid_selected	true	5	6	1	0.994	0.9167	HyAsP;MOB-recon;PLASMe;PlaScope;Plasmer	PlasmidEC;PlasmidFinder;Platon;RFPlasmid;geNomad;gplas2	RECOVERED_OK	genbank	147
FN	SAMN26796540	Escherichia coli (E. coli)	not_available	138	1682	1-<2kb	0	2	plasmid	plasmid_fraction>=0.80	high		0.0	1.0	0.0	1		CP114245.1:1.0000	2.6	false		0.08372653146359807	0.03860402643561336	not_selected	v1.2-General	not_selected	true	6	6	0	1.0	1.0	HyAsP;MOB-recon;PlaScope;PlasmidFinder;geNomad;plASgraph2	PLASMe;Plasmer;PlasmidEC;Platon;RFPlasmid;gplas2	RECOVERED_OK	genbank	147
FN	SAMN26796540	Escherichia coli (E. coli)	not_available	146	1505	1-<2kb	0	2	plasmid	plasmid_fraction>=0.80	high		0.0	1.0	0.0	1		CP114247.1:1.0000	0.88	false		0.48793662448218494	0.0018631873082747199	not_selected	v1.2-General	not_selected	true	3	9	0	0.8113	1.0	HyAsP;MOB-recon;PlasmidEC;PlasmidFinder;Platon;RFPlasmid;geNomad;gplas2;plASgraph2	PLASMe;PlaScope;Plasmer	RECOVERED_OK	genbank	147
FN	SAMN26796540	Escherichia coli (E. coli)	not_available	147	1490	1-<2kb	0	2	plasmid	plasmid_fraction>=0.80	high		0.0	1.0	0.0	1		CP114244.1:1.0000	4.84	true	aac(6')-IIa;blaVIM-2	0.84091765654465	0.7970448181703523	not_selected	v1.1	not_selected	true	8	4	0	0.9183	1.0	MOB-recon;PlasmidFinder;Platon;geNomad	HyAsP;PLASMe;PlaScope;Plasmer;PlasmidEC;RFPlasmid;gplas2;plASgraph2	RECOVERED_OK	genbank	147
FN	SAMN26796540	Escherichia coli (E. coli)	not_available	148	1474	1-<2kb	0	2	plasmid	plasmid_fraction>=0.80	high		0.0	1.0	0.0	1		CP114245.1:1.0000	2.58	false		0.8236861132887235	0.1980782006901268	not_selected	v1.2-General	not_selected	true	6	5	1	0.994	0.9167	HyAsP;MOB-recon;PlasmidFinder;RFPlasmid;geNomad	PLASMe;Plasmer;PlasmidEC;Platon;gplas2;plASgraph2	RECOVERED_OK	genbank	147
FN	SAMN26796540	Escherichia coli (E. coli)	not_available	158	1051	1-<2kb	0	2	plasmid	plasmid_fraction>=0.80	high	repeat_multi_location:2;multi_mapping	0.0	1.0	0.0	2		CP114245.1:1.0000	3.42	false		0.7875689535881585	0.018572320797480456	not_selected	v1.2-General	not_selected	true	3	7	2	0.8813	0.8333	MOB-recon;PlasmidEC;PlasmidFinder;Platon;RFPlasmid;geNomad;gplas2	HyAsP;PLASMe;Plasmer	RECOVERED_OK	genbank	147
FP	SAMN26796540	Escherichia coli (E. coli)	not_available	61	27726	>=10kb	0	2	chromosome	chromosome_fraction>=0.80	high		1.0	0.0	0.0	1	CP114246.1:1.0000		0.91	false		0.9508635198395291	0.8874404243996052	not_selected	v1.2-General	plasmid_selected	true	10	2	0	0.65	1.0	HyAsP;MOB-recon;PLASMe;PlaScope;Plasmer;PlasmidEC;Platon;RFPlasmid;geNomad;gplas2	PlasmidFinder;plASgraph2	RECOVERED_OK	genbank	147
FP	SAMN26796540	Escherichia coli (E. coli)	not_available	74	14552	>=10kb	0	1	chromosome	chromosome_fraction>=0.80	high		1.0	0.0	0.0	1	CP114246.1:1.0000		1.15	false		0.9516192321271825	0.7402599749803803	not_selected	v1.2-General	plasmid_selected	true	9	3	0	0.8113	1.0	HyAsP;MOB-recon;PLASMe;PlaScope;Plasmer;PlasmidEC;Platon;geNomad;gplas2	PlasmidFinder;RFPlasmid;plASgraph2	RECOVERED_OK	genbank	147
FP	SAMN26796540	Escherichia coli (E. coli)	not_available	90	8099	5-<10kb	0	2	chromosome	chromosome_fraction>=0.80	high		1.0	0.0	0.0	1	CP114246.1:1.0000		0.72	false		0.9857568595095695	0.9224347972267474	not_selected	v1.2-General	plasmid_selected	true	10	1	1	0.4395	0.9167	HyAsP;MOB-recon;PLASMe;PlaScope;Plasmer;PlasmidEC;Platon;RFPlasmid;geNomad;gplas2	PlasmidFinder	RECOVERED_OK	genbank	147
FP	SAMN26796540	Escherichia coli (E. coli)	not_available	97	6238	5-<10kb	0	3	chromosome	chromosome_fraction>=0.80	high	repeat_multi_location:2	0.9764	0.0	0.0	1	CP114246.1:0.9764		1.76	false	merA;merD;merE;merR;merT	0.9704222765871559	0.9367772992509142	not_selected	v1.2-General	plasmid_selected	true	10	1	1	0.4395	0.9167	HyAsP;MOB-recon;PLASMe;PlaScope;Plasmer;PlasmidEC;Platon;RFPlasmid;geNomad;plASgraph2	PlasmidFinder	RECOVERED_OK	genbank	147
FN	SAMN29503401	Escherichia coli (E. coli)	not_available	100	1493	1-<2kb	0	4	plasmid	plasmid_fraction>=0.80	high		0.0	1.0	0.0	1		NZ_JBWLLU010000002.1:1.0000	0.6	false		0.8161493282074807	0.9759705969820649	high_confidence_plasmid	v1.2-General	not_selected	true	8	2	2	0.7219	0.8333	RFPlasmid;plASgraph2	HyAsP;MOB-recon;PLASMe;PlaScope;Plasmer;PlasmidEC;Platon;geNomad	RECOVERED_OK	refseq	97
FN	SAMN29503401	Escherichia coli (E. coli)	not_available	45	22024	>=10kb	0	2	plasmid	plasmid_fraction>=0.80	high		0.0	1.0	0.0	1		NZ_JBWLLU010000002.1:1.0000	0.47	false	traT	0.9102507488376789	0.9651609626529412	high_confidence_plasmid	v1.2-General	not_selected	true	9	2	1	0.684	0.9167	HyAsP;plASgraph2	MOB-recon;PLASMe;PlaScope;Plasmer;PlasmidEC;Platon;RFPlasmid;geNomad;gplas2	RECOVERED_OK	refseq	97
FN	SAMN29503401	Escherichia coli (E. coli)	not_available	66	10221	>=10kb	0	4	plasmid	plasmid_fraction>=0.80	high		0.0	1.0	0.0	1		NZ_JBWLLU010000002.1:1.0000	0.48	false		0.8036080607749154	0.9719510580670693	high_confidence_plasmid	v1.2-General	not_selected	true	9	1	2	0.469	0.8333	plASgraph2	HyAsP;MOB-recon;PLASMe;PlaScope;Plasmer;PlasmidEC;Platon;RFPlasmid;geNomad	RECOVERED_OK	refseq	97
FN	SAMN29503401	Escherichia coli (E. coli)	not_available	71	7351	5-<10kb	0	3	plasmid	plasmid_fraction>=0.80	high		0.0	1.0	0.0	1		NZ_JBWLLU010000002.1:1.0000	0.42	false		0.7050801549846467	0.9564141828181854	plasmid_selected	v1.2-General	not_selected	true	8	2	2	0.7219	0.8333	HyAsP;plASgraph2	MOB-recon;PLASMe;PlaScope;Plasmer;PlasmidEC;Platon;RFPlasmid;geNomad	RECOVERED_OK	refseq	97
FN	SAMN29503401	Escherichia coli (E. coli)	not_available	76	4890	2-<5kb	0	2	plasmid	plasmid_fraction>=0.80	high		0.0	1.0	0.0	1		NZ_JBWLLU010000002.1:1.0000	0.38	false		0.9102507488376789	0.9632827884075863	high_confidence_plasmid	v1.2-General	not_selected	true	9	2	1	0.684	0.9167	HyAsP;plASgraph2	MOB-recon;PLASMe;PlaScope;Plasmer;PlasmidEC;Platon;RFPlasmid;geNomad;gplas2	RECOVERED_OK	refseq	97
FN	SAMN29503401	Escherichia coli (E. coli)	not_available	78	4705	2-<5kb	0	3	plasmid	plasmid_fraction>=0.80	high		0.0	1.0	0.0	1		NZ_JBWLLU010000002.1:1.0000	0.41	false		0.8036080607749154	0.9792372194594688	high_confidence_plasmid	v1.2-General	not_selected	true	9	1	2	0.469	0.8333	plASgraph2	HyAsP;MOB-recon;PLASMe;PlaScope;Plasmer;PlasmidEC;Platon;RFPlasmid;geNomad	RECOVERED_OK	refseq	97
FN	SAMN29503401	Escherichia coli (E. coli)	not_available	80	3891	2-<5kb	0	2	plasmid	plasmid_fraction>=0.80	high		0.0	1.0	0.0	1		NZ_JBWLLU010000002.1:1.0000	0.44	false		0.9102507488376789	0.9632827884075863	high_confidence_plasmid	v1.2-General	not_selected	true	9	2	1	0.684	0.9167	HyAsP;plASgraph2	MOB-recon;PLASMe;PlaScope;Plasmer;PlasmidEC;Platon;RFPlasmid;geNomad;gplas2	RECOVERED_OK	refseq	97
FN	SAMN29503401	Escherichia coli (E. coli)	not_available	94	2302	2-<5kb	0	3	plasmid	plasmid_fraction>=0.80	high		0.0	1.0	0.0	1		NZ_JBWLLU010000002.1:1.0000	0.62	false		0.7116160734314266	0.9071536437121267	not_selected	v1.2-General	not_selected	true	7	3	2	0.8813	0.8333	HyAsP;geNomad;plASgraph2	MOB-recon;PLASMe;PlaScope;Plasmer;PlasmidEC;Platon;RFPlasmid	RECOVERED_OK	refseq	97
FN	SAMN29503401	Escherichia coli (E. coli)	not_available	97	1805	1-<2kb	0	4	plasmid	plasmid_fraction>=0.80	high		0.0	1.0	0.0	1		NZ_JBWLLU010000002.1:1.0000	0.83	false		0.8161493282074807	0.9759705969820649	high_confidence_plasmid	v1.2-General	not_selected	true	8	2	2	0.7219	0.8333	RFPlasmid;plASgraph2	HyAsP;MOB-recon;PLASMe;PlaScope;Plasmer;PlasmidEC;Platon;geNomad	RECOVERED_OK	refseq	97
FN	SAMN29503705	Escherichia coli (E. coli)	not_available	53	20400	>=10kb	0	1	plasmid	plasmid_fraction>=0.80	high		0.0	0.8182	0.0	1		NZ_JBWLMA010000002.1:0.8182	0.33	true	blaCMY-42	0.9102507488376789	0.9604309421037551	plasmid_selected	v1.1	plasmid_selected	false	9	2	1	0.684	0.9167	HyAsP;plASgraph2	MOB-recon;PLASMe;PlaScope;Plasmer;PlasmidEC;Platon;RFPlasmid;geNomad;gplas2	RECOVERED_OK	refseq	94
FN	SAMN29503705	Escherichia coli (E. coli)	not_available	75	4096	2-<5kb	0	2	plasmid	plasmid_fraction>=0.80	high		0.0	1.0	0.0	1		NZ_JBWLMA010000002.1:1.0000	0.36	false		0.9099304068837625	0.9428283227341219	not_selected	v1.2-General	not_selected	true	8	3	1	0.8454	0.9167	HyAsP;geNomad;plASgraph2	MOB-recon;PLASMe;PlaScope;Plasmer;PlasmidEC;Platon;RFPlasmid;gplas2	RECOVERED_OK	refseq	94
FN	SAMN34137716	Escherichia coli (E. coli)	not_available	32	14200	>=10kb	0	2	plasmid	plasmid_fraction>=0.80	high		0.0	1.0	0.0	1		NZ_JBVWFT010000002.1:1.0000	0.5	false		0.32629355132464394	0.09263671583554176	not_selected	v1.2-General	not_selected	true	7	5	0	0.9799	1.0	HyAsP;PlaScope;PlasmidFinder;geNomad;plASgraph2	MOB-recon;PLASMe;Plasmer;PlasmidEC;Platon;RFPlasmid;gplas2	RECOVERED_OK	refseq	49
FN	SAMN34137716	Escherichia coli (E. coli)	not_available	57	1189	1-<2kb	0	2	plasmid	plasmid_fraction>=0.80	high		0.0	1.0	0.0	1		NZ_JBVWFT010000003.1:1.0000	1.5	false		0.9123720989070611	0.6052786241099629	not_selected	v1.2-General	not_selected	true	7	5	0	0.9799	1.0	HyAsP;PlasmidFinder;RFPlasmid;geNomad;plASgraph2	MOB-recon;PLASMe;PlaScope;Plasmer;PlasmidEC;Platon;gplas2	RECOVERED_OK	refseq	49
FN	SAMN38448564	Escherichia coli (E. coli)	not_available	40	3461	2-<5kb	0	2	plasmid	plasmid_fraction>=0.80	high		0.0	1.0	0.0	1		JBRJRG010000005.1:1.0000	2.62	false		0.8727648359652314	0.30628810978324605	not_selected	v1.2-General	not_selected	true	10	2	0	0.65	1.0	PlaScope;PlasmidFinder	HyAsP;MOB-recon;PLASMe;Plasmer;PlasmidEC;Platon;RFPlasmid;geNomad;gplas2;plASgraph2	RECOVERED_OK	genbank	59
FN	SAMN39842013	Escherichia coli (E. coli)	not_available	103	1134	1-<2kb	0	4	plasmid	plasmid_fraction>=0.80	high	repeat_multi_location:2	0.0	1.0	0.0	1		NZ_JBVWEU010000004.1:1.0000	3.16	false		0.48016868216664477	0.9596889144406217	plasmid_selected	v1.2-General	not_selected	true	7	4	1	0.9457	0.9167	PlasmidFinder;Platon;geNomad;plASgraph2	HyAsP;MOB-recon;PLASMe;PlaScope;Plasmer;PlasmidEC;RFPlasmid	RECOVERED_OK	refseq	97
FN	SAMN39842013	Escherichia coli (E. coli)	not_available	46	24028	>=10kb	0	2	plasmid	plasmid_fraction>=0.80	high		0.0	1.0	0.0	1		NZ_JBVWEU010000002.1:1.0000	0.7	false		0.7944342199327958	0.9685744138051948	high_confidence_plasmid	v1.2-General	not_selected	true	9	3	0	0.8113	1.0	PlasmidFinder;Platon;plASgraph2	HyAsP;MOB-recon;PLASMe;PlaScope;Plasmer;PlasmidEC;RFPlasmid;geNomad;gplas2	RECOVERED_OK	refseq	97
FN	SAMN39980286	Escherichia coli (E. coli)	not_available	65	6651	5-<10kb	0	2	plasmid	plasmid_fraction>=0.80	high		0.0	1.0	0.0	1		NZ_JBRASS010000003.1:1.0000	1.57	true	tet(B)	0.7889023520731259	0.9608183847874051	high_confidence_plasmid	v1.1	high_confidence_plasmid	false	8	4	0	0.9183	1.0	PlasmidFinder;Platon;geNomad;plASgraph2	HyAsP;MOB-recon;PLASMe;PlaScope;Plasmer;PlasmidEC;RFPlasmid;gplas2	OK	refseq	90
FN	SAMN39980286	Escherichia coli (E. coli)	not_available	75	3199	2-<5kb	0	2	plasmid	plasmid_fraction>=0.80	high		0.0	1.0	0.0	1		NZ_JBRASS010000002.1:1.0000	1.17	true	sul2	0.7944342199327958	0.9583907559080783	plasmid_selected	v1.1	plasmid_selected	false	9	3	0	0.8113	1.0	PlasmidFinder;Platon;plASgraph2	HyAsP;MOB-recon;PLASMe;PlaScope;Plasmer;PlasmidEC;RFPlasmid;geNomad;gplas2	OK	refseq	90
FN	SAMN39980286	Escherichia coli (E. coli)	not_available	83	1535	1-<2kb	0	4	plasmid	plasmid_fraction>=0.80	high	repeat_multi_location:2;multi_mapping	0.0	1.0	0.0	2		NZ_JBRASS010000002.1:1.0000	2.01	false		0.8178592258974834	0.9732631190340633	high_confidence_plasmid	v1.2-General	not_selected	true	8	3	1	0.8454	0.9167	PlasmidFinder;geNomad;plASgraph2	HyAsP;MOB-recon;PLASMe;PlaScope;Plasmer;PlasmidEC;Platon;RFPlasmid	OK	refseq	90
FN	SAMN39980286	Escherichia coli (E. coli)	not_available	87	1378	1-<2kb	0	2	plasmid	plasmid_fraction>=0.80	high		0.0	1.0	0.0	1		NZ_JBRASS010000003.1:1.0000	1.19	false		0.7889023520731259	0.9577227744913287	plasmid_selected	v1.2-General	not_selected	true	8	4	0	0.9183	1.0	PlasmidFinder;Platon;geNomad;plASgraph2	HyAsP;MOB-recon;PLASMe;PlaScope;Plasmer;PlasmidEC;RFPlasmid;gplas2	OK	refseq	90
FN	SAMN41579872	Escherichia coli (E. coli)	not_available	25	31174	>=10kb	1	2	plasmid	plasmid_fraction>=0.80	high		0.0	1.0	0.0	1		NZ_CP178637.1:1.0000	3.7	false		0.8538819429730978	0.8503905043766072	not_selected	v1.2-General	not_selected	true	7	5	0	0.9799	1.0	HyAsP;MOB-recon;PLASMe;PlasmidFinder;RFPlasmid	PlaScope;Plasmer;PlasmidEC;Platon;geNomad;gplas2;plASgraph2	RECOVERED_OK	refseq	57
FN	SAMN41579872	Escherichia coli (E. coli)	not_available	47	1576	1-<2kb	0	3	plasmid	plasmid_fraction>=0.80	high		0.0	1.0	0.0	1		NZ_CP178635.1:1.0000	1.5	false		0.9065895287544276	0.2639899271288953	not_selected	v1.2-General	not_selected	true	5	5	2	1.0	0.8333	PlasmidEC;PlasmidFinder;Platon;RFPlasmid;geNomad	HyAsP;MOB-recon;PLASMe;PlaScope;Plasmer	RECOVERED_OK	refseq	57
FN	SAMN41579880	Escherichia coli (E. coli)	not_available	36	22800	>=10kb	0	2	plasmid	plasmid_fraction>=0.80	high		0.0	1.0	0.0	1		NZ_CP178643.1:1.0000	1.29	false	iroB;iroC;iroD;iroE;iroN;iss	0.7944342199327958	0.7152959648030646	not_selected	v1.2-General	not_selected	true	9	3	0	0.8113	1.0	PlasmidFinder;Platon;plASgraph2	HyAsP;MOB-recon;PLASMe;PlaScope;Plasmer;PlasmidEC;RFPlasmid;geNomad;gplas2	RECOVERED_OK	refseq	70
FN	SAMN41579880	Escherichia coli (E. coli)	not_available	38	14450	>=10kb	0	2	plasmid	plasmid_fraction>=0.80	high		0.0	1.0	0.0	1		NZ_CP178643.1:1.0000	1.32	false	tsh	0.7944342199327958	0.5019847779134418	not_selected	v1.2-General	not_selected	true	9	3	0	0.8113	1.0	PlasmidFinder;Platon;plASgraph2	HyAsP;MOB-recon;PLASMe;PlaScope;Plasmer;PlasmidEC;RFPlasmid;geNomad;gplas2	RECOVERED_OK	refseq	70
FN	SAMN41579880	Escherichia coli (E. coli)	not_available	40	13676	>=10kb	0	2	plasmid	plasmid_fraction>=0.80	high		0.0	1.0	0.0	1		NZ_CP178643.1:1.0000	1.21	false		0.7944342199327958	0.5019847779134418	not_selected	v1.2-General	not_selected	true	9	3	0	0.8113	1.0	PlasmidFinder;Platon;plASgraph2	HyAsP;MOB-recon;PLASMe;PlaScope;Plasmer;PlasmidEC;RFPlasmid;geNomad;gplas2	RECOVERED_OK	refseq	70
FN	SAMN41579880	Escherichia coli (E. coli)	not_available	59	2225	2-<5kb	0	2	plasmid	plasmid_fraction>=0.80	high		0.0	1.0	0.0	1		NZ_CP178643.1:1.0000	1.17	false		0.9123720989070611	0.5212438577053634	not_selected	v1.2-General	not_selected	true	7	5	0	0.9799	1.0	HyAsP;PlasmidFinder;RFPlasmid;geNomad;plASgraph2	MOB-recon;PLASMe;PlaScope;Plasmer;PlasmidEC;Platon;gplas2	RECOVERED_OK	refseq	70
FN	SAMN41579893	Escherichia coli (E. coli)	not_available	18	57204	>=10kb	0	2	plasmid	plasmid_fraction>=0.80	high		0.0	1.0	0.0	1		NZ_CP178655.1:1.0000	1.38	false	cvaB;cvaC;iroB;iroC;iroD;iroE;iroN;iss;tsh	0.7944342199327958	0.9676140371677566	high_confidence_plasmid	v1.2-General	not_selected	true	9	3	0	0.8113	1.0	PlasmidFinder;Platon;plASgraph2	HyAsP;MOB-recon;PLASMe;PlaScope;Plasmer;PlasmidEC;RFPlasmid;geNomad;gplas2	RECOVERED_OK	refseq	46
FN	SAMN41579893	Escherichia coli (E. coli)	not_available	27	23544	>=10kb	0	2	plasmid	plasmid_fraction>=0.80	high		0.0	1.0	0.0	1		NZ_CP178655.1:1.0000	1.34	false		0.7944342199327958	0.9676140371677566	high_confidence_plasmid	v1.2-General	not_selected	true	9	3	0	0.8113	1.0	PlasmidFinder;Platon;plASgraph2	HyAsP;MOB-recon;PLASMe;PlaScope;Plasmer;PlasmidEC;RFPlasmid;geNomad;gplas2	RECOVERED_OK	refseq	46
FN	SAMN41579899	Escherichia coli (E. coli)	not_available	43	3461	2-<5kb	1	2	plasmid	plasmid_fraction>=0.80	high		0.0	1.0	0.0	1		NZ_CP178661.1:1.0000	13.28	false		0.8494334579909182	0.03136425763315964	not_selected	v1.2-General	not_selected	true	5	7	0	0.9799	1.0	HyAsP;MOB-recon;PlaScope;PlasmidEC;PlasmidFinder;RFPlasmid;gplas2	PLASMe;Plasmer;Platon;geNomad;plASgraph2	RECOVERED_OK	refseq	53
FN	SAMN41579913	Escherichia coli (E. coli)	not_available	59	2533	2-<5kb	0	4	plasmid	plasmid_fraction>=0.80	high	repeat_multi_location:2;multi_mapping	0.0	1.0	0.0	2		NZ_CP178671.1:1.0000	3.54	false		0.7075937494177543	0.48580139749234796	not_selected	v1.2-General	not_selected	true	6	5	1	0.994	0.9167	PlasmidEC;PlasmidFinder;Platon;RFPlasmid;plASgraph2	HyAsP;MOB-recon;PLASMe;PlaScope;Plasmer;geNomad	RECOVERED_OK	refseq	66
FN	SAMN41579913	Escherichia coli (E. coli)	not_available	70	1229	1-<2kb	0	2	plasmid	plasmid_fraction>=0.80	high		0.0	1.0	0.0	1		NZ_CP178671.1:1.0000	1.77	false		0.06846573283802684	0.003815334660779558	not_selected	v1.2-General	not_selected	true	3	9	0	0.8113	1.0	PlaScope;Plasmer;PlasmidEC;PlasmidFinder;Platon;RFPlasmid;geNomad;gplas2;plASgraph2	HyAsP;MOB-recon;PLASMe	RECOVERED_OK	refseq	66
FN	SAMN41579913	Escherichia coli (E. coli)	not_available	72	1107	1-<2kb	0	3	plasmid	plasmid_fraction>=0.80	high		0.0	1.0	0.0	1		NZ_CP178672.1:1.0000	2.31	false		0.8178592258974834	0.6225508568614073	not_selected	v1.2-General	not_selected	true	8	3	1	0.8454	0.9167	PlasmidFinder;geNomad;plASgraph2	HyAsP;MOB-recon;PLASMe;PlaScope;Plasmer;PlasmidEC;Platon;RFPlasmid	RECOVERED_OK	refseq	66
FN	SAMN41579938	Escherichia coli (E. coli)	not_available	103	3928	2-<5kb	0	2	plasmid	plasmid_fraction>=0.80	high		0.0	1.0	0.0	1		NZ_CP178684.1:1.0000	1.32	false		0.9137413354205492	0.4702160250456108	not_selected	v1.2-General	not_selected	true	9	3	0	0.8113	1.0	HyAsP;PlasmidFinder;plASgraph2	MOB-recon;PLASMe;PlaScope;Plasmer;PlasmidEC;Platon;RFPlasmid;geNomad;gplas2	RECOVERED_OK	refseq	124
FP	SAMN41579938	Escherichia coli (E. coli)	not_available	106	3241	2-<5kb	0	2	chromosome	chromosome_fraction>=0.80	high		1.0	0.0	0.0	1	NZ_CP178690.1:1.0000		0.99	true	aadA5;dfrA17	0.9857568595095695	0.9220945982109561	not_selected	v1.1	not_selected	false	10	1	1	0.4395	0.9167	HyAsP;MOB-recon;PLASMe;PlaScope;Plasmer;PlasmidEC;Platon;RFPlasmid;geNomad;gplas2	PlasmidFinder	RECOVERED_OK	refseq	124
FN	SAMN41579938	Escherichia coli (E. coli)	not_available	127	1277	1-<2kb	0	2	plasmid	plasmid_fraction>=0.80	high		0.0	1.0	0.0	1		NZ_CP178683.1:1.0000	1.25	false		0.32629355132464394	0.10181211445528633	not_selected	v1.2-General	not_selected	true	7	5	0	0.9799	1.0	HyAsP;PlaScope;PlasmidFinder;geNomad;plASgraph2	MOB-recon;PLASMe;Plasmer;PlasmidEC;Platon;RFPlasmid;gplas2	RECOVERED_OK	refseq	124
FN	SAMN41579938	Escherichia coli (E. coli)	not_available	51	33350	>=10kb	0	2	plasmid	plasmid_fraction>=0.80	high		0.0	1.0	0.0	1		NZ_CP178683.1:1.0000	1.1	false		0.9137413354205492	0.48380013677843886	not_selected	v1.2-General	not_selected	true	9	3	0	0.8113	1.0	HyAsP;PlasmidFinder;plASgraph2	MOB-recon;PLASMe;PlaScope;Plasmer;PlasmidEC;Platon;RFPlasmid;geNomad;gplas2	RECOVERED_OK	refseq	124
FN	SAMN41579938	Escherichia coli (E. coli)	not_available	53	31688	>=10kb	0	2	plasmid	plasmid_fraction>=0.80	high		0.0	1.0	0.0	1		NZ_CP178683.1:1.0000	1.1	false	arsD;arsR;terA;terB;terC;terD;terE	0.4777938961559145	0.7669544791684422	not_selected	v1.2-General	not_selected	true	9	3	0	0.8113	1.0	PlaScope;PlasmidFinder;plASgraph2	HyAsP;MOB-recon;PLASMe;Plasmer;PlasmidEC;Platon;RFPlasmid;geNomad;gplas2	RECOVERED_OK	refseq	124
FN	SAMN41579938	Escherichia coli (E. coli)	not_available	60	19985	>=10kb	0	2	plasmid	plasmid_fraction>=0.80	high		0.0	1.0	0.0	1		NZ_CP178684.1:1.0000	1.38	false		0.9137413354205492	0.450897800279175	not_selected	v1.2-General	not_selected	true	9	3	0	0.8113	1.0	HyAsP;PlasmidFinder;plASgraph2	MOB-recon;PLASMe;PlaScope;Plasmer;PlasmidEC;Platon;RFPlasmid;geNomad;gplas2	RECOVERED_OK	refseq	124
FN	SAMN41579938	Escherichia coli (E. coli)	not_available	82	8309	5-<10kb	0	2	plasmid	plasmid_fraction>=0.80	high		0.0	1.0	0.0	1		NZ_CP178684.1:1.0000	1.3	false		0.7944342199327958	0.8495629790531428	not_selected	v1.2-General	not_selected	true	9	3	0	0.8113	1.0	PlasmidFinder;Platon;plASgraph2	HyAsP;MOB-recon;PLASMe;PlaScope;Plasmer;PlasmidEC;RFPlasmid;geNomad;gplas2	RECOVERED_OK	refseq	124
FN	SAMN41579938	Escherichia coli (E. coli)	not_available	85	6944	5-<10kb	0	2	plasmid	plasmid_fraction>=0.80	high		0.0	1.0	0.0	1		NZ_CP178684.1:1.0000	1.39	false	iss	0.7944342199327958	0.8495629790531428	not_selected	v1.2-General	not_selected	true	9	3	0	0.8113	1.0	PlasmidFinder;Platon;plASgraph2	HyAsP;MOB-recon;PLASMe;PlaScope;Plasmer;PlasmidEC;RFPlasmid;geNomad;gplas2	RECOVERED_OK	refseq	124
FP	SAMN41579938	Escherichia coli (E. coli)	not_available	91	6065	5-<10kb	0	2	chromosome	chromosome_fraction>=0.80	high		1.0	0.0	0.0	1	NZ_CP178690.1:1.0000		0.97	true	sul2	0.9508635198395291	0.9005842851509673	not_selected	v1.1	not_selected	false	10	2	0	0.65	1.0	HyAsP;MOB-recon;PLASMe;PlaScope;Plasmer;PlasmidEC;Platon;RFPlasmid;geNomad;gplas2	PlasmidFinder;plASgraph2	RECOVERED_OK	refseq	124
FN	SAMN41579938	Escherichia coli (E. coli)	not_available	92	5707	5-<10kb	0	2	plasmid	plasmid_fraction>=0.80	high		0.0	1.0	0.0	1		NZ_CP178683.1:1.0000	1.07	true	tet(B)	0.7889023520731259	0.8495629790531428	not_selected	v1.1	not_selected	true	8	4	0	0.9183	1.0	PlasmidFinder;Platon;geNomad;plASgraph2	HyAsP;MOB-recon;PLASMe;PlaScope;Plasmer;PlasmidEC;RFPlasmid;gplas2	RECOVERED_OK	refseq	124
FN	SAMN41579938	Escherichia coli (E. coli)	not_available	94	5206	5-<10kb	0	2	plasmid	plasmid_fraction>=0.80	high		0.0	1.0	0.0	1		NZ_CP178685.1:1.0000	1.67	true	oqxA;oqxB	0.8453536497494889	0.9051858286580284	not_selected	v1.1	not_selected	true	9	3	0	0.8113	1.0	MOB-recon;PlasmidFinder;Platon	HyAsP;PLASMe;PlaScope;Plasmer;PlasmidEC;RFPlasmid;geNomad;gplas2;plASgraph2	RECOVERED_OK	refseq	124
FN	SAMN41988840	Escherichia coli (E. coli)	not_available	102	1549	1-<2kb	0	5	plasmid	plasmid_fraction>=0.80	high	repeat_multi_location:3;multi_mapping	0.0	1.0	0.0	2		NZ_CP159211.1:1.0000	2.85	false		0.8178592258974834	0.9614758180735093	high_confidence_plasmid	v1.2-General	not_selected	true	8	3	1	0.8454	0.9167	PlasmidFinder;geNomad;plASgraph2	HyAsP;MOB-recon;PLASMe;PlaScope;Plasmer;PlasmidEC;Platon;RFPlasmid	OK	refseq	111
FN	SAMN41988840	Escherichia coli (E. coli)	not_available	103	1524	1-<2kb	0	2	plasmid	plasmid_fraction>=0.80	high		0.0	1.0	0.0	1		NZ_CP159210.1:1.0000	1.1	false		0.7889023520731259	0.9395101218024469	not_selected	v1.2-General	not_selected	true	8	4	0	0.9183	1.0	PlasmidFinder;Platon;geNomad;plASgraph2	HyAsP;MOB-recon;PLASMe;PlaScope;Plasmer;PlasmidEC;RFPlasmid;gplas2	OK	refseq	111
FN	SAMN41988840	Escherichia coli (E. coli)	not_available	40	38946	>=10kb	0	2	plasmid	plasmid_fraction>=0.80	high		0.0	1.0	0.0	1		NZ_CP159210.1:1.0000	1.3	false		0.9137413354205492	0.9445163902012654	not_selected	v1.2-General	not_selected	true	9	3	0	0.8113	1.0	HyAsP;PlasmidFinder;plASgraph2	MOB-recon;PLASMe;PlaScope;Plasmer;PlasmidEC;Platon;RFPlasmid;geNomad;gplas2	OK	refseq	111
FN	SAMN41988840	Escherichia coli (E. coli)	not_available	56	20614	>=10kb	0	2	plasmid	plasmid_fraction>=0.80	high		0.0	1.0	0.0	1		NZ_CP159211.1:1.0000	1.2	false	cvaB;cvaC;tsh	0.7944342199327958	0.9642906837399118	high_confidence_plasmid	v1.2-General	not_selected	true	9	3	0	0.8113	1.0	PlasmidFinder;Platon;plASgraph2	HyAsP;MOB-recon;PLASMe;PlaScope;Plasmer;PlasmidEC;RFPlasmid;geNomad;gplas2	OK	refseq	111
FN	SAMN41988840	Escherichia coli (E. coli)	not_available	62	15489	>=10kb	0	2	plasmid	plasmid_fraction>=0.80	high		0.0	1.0	0.0	1		NZ_CP159211.1:1.0000	1.12	false	iroB;iroC;iroD;iroE;iroN;iss	0.6790244802303577	0.9289561530208983	not_selected	v1.2-General	not_selected	true	8	4	0	0.9183	1.0	HyAsP;PlasmidFinder;Platon;plASgraph2	MOB-recon;PLASMe;PlaScope;Plasmer;PlasmidEC;RFPlasmid;geNomad;gplas2	OK	refseq	111
FN	SAMN41988840	Escherichia coli (E. coli)	not_available	69	8675	5-<10kb	0	2	plasmid	plasmid_fraction>=0.80	high		0.0	1.0	0.0	1		NZ_CP159213.1:1.0000	0.99	true	mcr-3.5	0.6590116123903239	0.9338298318016978	not_selected	v1.1	not_selected	true	7	5	0	0.9799	1.0	HyAsP;MOB-recon;PlasmidFinder;geNomad;plASgraph2	PLASMe;PlaScope;Plasmer;PlasmidEC;Platon;RFPlasmid;gplas2	OK	refseq	111
FN	SAMN41988840	Escherichia coli (E. coli)	not_available	70	7734	5-<10kb	0	2	plasmid	plasmid_fraction>=0.80	high		0.0	1.0	0.0	1		NZ_CP159210.1:1.0000	1.2	true	tet(M)	0.7944342199327958	0.9438611240551057	not_selected	v1.1	not_selected	true	9	3	0	0.8113	1.0	PlasmidFinder;Platon;plASgraph2	HyAsP;MOB-recon;PLASMe;PlaScope;Plasmer;PlasmidEC;RFPlasmid;geNomad;gplas2	OK	refseq	111
FN	SAMN41988840	Escherichia coli (E. coli)	not_available	74	6415	5-<10kb	0	2	plasmid	plasmid_fraction>=0.80	high		0.0	1.0	0.0	1		NZ_CP159210.1:1.0000	1.17	false		0.9137413354205492	0.9324135752714592	not_selected	v1.2-General	not_selected	true	9	3	0	0.8113	1.0	HyAsP;PlasmidFinder;plASgraph2	MOB-recon;PLASMe;PlaScope;Plasmer;PlasmidEC;Platon;RFPlasmid;geNomad;gplas2	OK	refseq	111
FN	SAMN41988840	Escherichia coli (E. coli)	not_available	78	4747	2-<5kb	0	2	plasmid	plasmid_fraction>=0.80	high		0.0	1.0	0.0	1		NZ_CP159210.1:1.0000	1.18	false		0.9123720989070611	0.9428283227341219	not_selected	v1.2-General	not_selected	true	7	5	0	0.9799	1.0	HyAsP;PlasmidFinder;RFPlasmid;geNomad;plASgraph2	MOB-recon;PLASMe;PlaScope;Plasmer;PlasmidEC;Platon;gplas2	OK	refseq	111
FN	SAMN41988840	Escherichia coli (E. coli)	not_available	79	4534	2-<5kb	0	2	plasmid	plasmid_fraction>=0.80	high		0.0	1.0	0.0	1		NZ_CP159210.1:1.0000	1.25	false		0.5806020471186926	0.8065055806274057	not_selected	v1.2-General	not_selected	true	5	7	0	0.9799	1.0	PlaScope;PlasmidEC;PlasmidFinder;Platon;geNomad;gplas2;plASgraph2	HyAsP;MOB-recon;PLASMe;Plasmer;RFPlasmid	OK	refseq	111
FN	SAMN41988840	Escherichia coli (E. coli)	not_available	82	3361	2-<5kb	0	2	plasmid	plasmid_fraction>=0.80	high		0.0	1.0	0.0	1		NZ_CP159210.1:1.0000	1.27	false		0.9137413354205492	0.9296964825814215	not_selected	v1.2-General	not_selected	true	9	3	0	0.8113	1.0	HyAsP;PlasmidFinder;plASgraph2	MOB-recon;PLASMe;PlaScope;Plasmer;PlasmidEC;Platon;RFPlasmid;geNomad;gplas2	OK	refseq	111
FN	SAMN41988840	Escherichia coli (E. coli)	not_available	86	2811	2-<5kb	0	2	plasmid	plasmid_fraction>=0.80	high		0.0	1.0	0.0	1		NZ_CP159213.1:1.0000	0.89	false		0.7849934510745252	0.9418573643143333	not_selected	v1.2-General	not_selected	true	9	3	0	0.8113	1.0	MOB-recon;PlasmidFinder;plASgraph2	HyAsP;PLASMe;PlaScope;Plasmer;PlasmidEC;Platon;RFPlasmid;geNomad;gplas2	OK	refseq	111
FN	SAMN41988840	Escherichia coli (E. coli)	not_available	87	2781	2-<5kb	0	2	plasmid	plasmid_fraction>=0.80	high		0.0	1.0	0.0	1		NZ_CP159210.1:1.0000	1.27	true	tet(X4)	0.9137413354205492	0.9296964825814215	not_selected	v1.1	not_selected	true	9	3	0	0.8113	1.0	HyAsP;PlasmidFinder;plASgraph2	MOB-recon;PLASMe;PlaScope;Plasmer;PlasmidEC;Platon;RFPlasmid;geNomad;gplas2	OK	refseq	111
FN	SAMN41988840	Escherichia coli (E. coli)	not_available	89	2681	2-<5kb	0	2	plasmid	plasmid_fraction>=0.80	high		0.0	1.0	0.0	1		NZ_CP159210.1:1.0000	1.2	true	aac(3)-IId	0.9110606383483703	0.9311654718610074	not_selected	v1.1	not_selected	true	8	4	0	0.9183	1.0	HyAsP;PlasmidFinder;geNomad;plASgraph2	MOB-recon;PLASMe;PlaScope;Plasmer;PlasmidEC;Platon;RFPlasmid;gplas2	OK	refseq	111
FN	SAMN41988840	Escherichia coli (E. coli)	not_available	90	2437	2-<5kb	0	2	plasmid	plasmid_fraction>=0.80	high		0.0	1.0	0.0	1		NZ_CP159210.1:1.0000	1.14	true	floR	0.9110606383483703	0.9311654718610074	not_selected	v1.1	not_selected	true	8	4	0	0.9183	1.0	HyAsP;PlasmidFinder;geNomad;plASgraph2	MOB-recon;PLASMe;PlaScope;Plasmer;PlasmidEC;Platon;RFPlasmid;gplas2	OK	refseq	111
FN	SAMN41988840	Escherichia coli (E. coli)	not_available	92	2126	2-<5kb	0	4	plasmid	plasmid_fraction>=0.80	high	repeat_multi_location:2;multi_mapping	0.0	1.0	0.0	2		NZ_CP159211.1:1.0000	2.24	true	blaTEM-1	0.8178592258974834	0.9468680449145274	not_selected	v1.1	not_selected	true	8	3	1	0.8454	0.9167	PlasmidFinder;geNomad;plASgraph2	HyAsP;MOB-recon;PLASMe;PlaScope;Plasmer;PlasmidEC;Platon;RFPlasmid	OK	refseq	111
FN	SAMN41988840	Escherichia coli (E. coli)	not_available	98	1656	1-<2kb	0	4	plasmid	plasmid_fraction>=0.80	high	repeat_multi_location:2	0.0	1.0	0.0	1		NZ_CP159210.1:1.0000	2.57	false		0.48016868216664477	0.9596889144406217	plasmid_selected	v1.2-General	not_selected	true	7	4	1	0.9457	0.9167	PlasmidFinder;Platon;geNomad;plASgraph2	HyAsP;MOB-recon;PLASMe;PlaScope;Plasmer;PlasmidEC;RFPlasmid	OK	refseq	111
FN	SAMN41988840	Escherichia coli (E. coli)	not_available	99	1653	1-<2kb	0	2	plasmid	plasmid_fraction>=0.80	high		0.0	1.0	0.0	1		NZ_CP159213.1:1.0000	0.84	true	qnrS1	0.7889023520731259	0.9395101218024469	not_selected	v1.1	not_selected	true	8	4	0	0.9183	1.0	PlasmidFinder;Platon;geNomad;plASgraph2	HyAsP;MOB-recon;PLASMe;PlaScope;Plasmer;PlasmidEC;RFPlasmid;gplas2	OK	refseq	111
FN	SAMN44789742	Escherichia coli (E. coli)	not_available	130	10515	>=10kb	0	2	plasmid	plasmid_fraction>=0.80	high		0.0	1.0	0.0	1		NZ_JBLWKF010000004.1:1.0000	0.27	true	aph(3'')-Ib;aph(6)-Id;sul2	0.7896899118601343	0.0847597251241832	not_selected	v1.1	not_selected	true	9	3	0	0.8113	1.0	HyAsP;PlaScope;PlasmidFinder	MOB-recon;PLASMe;Plasmer;PlasmidEC;Platon;RFPlasmid;geNomad;gplas2;plASgraph2	RECOVERED_OK	refseq	252
FN	SAMN44789742	Escherichia coli (E. coli)	not_available	171	6036	5-<10kb	1	3	plasmid	plasmid_fraction>=0.80	high		0.0	1.0	0.0	1		NZ_JBLWKF010000004.1:1.0000	0.25	false		0.8410943052898282	0.4730923159327768	not_selected	v1.2-General	not_selected	true	7	4	1	0.9457	0.9167	HyAsP;MOB-recon;PlasmidFinder;Platon	PLASMe;PlaScope;Plasmer;PlasmidEC;RFPlasmid;geNomad;plASgraph2	RECOVERED_OK	refseq	252
FN	SAMN44789742	Escherichia coli (E. coli)	not_available	227	1615	1-<2kb	0	3	plasmid	plasmid_fraction>=0.80	high	repeat_multi_location:2	0.0	1.0	0.0	1		NZ_JBLWKF010000002.1:1.0000	3.82	false		0.8705147387133599	0.8804136754628986	not_selected	v1.2-General	not_selected	true	8	3	1	0.8454	0.9167	PlasmidFinder;Platon;geNomad	HyAsP;MOB-recon;PLASMe;PlaScope;Plasmer;PlasmidEC;RFPlasmid;plASgraph2	RECOVERED_OK	refseq	252
FN	SAMN44789742	Escherichia coli (E. coli)	not_available	228	1579	1-<2kb	0	2	plasmid	plasmid_fraction>=0.80	high		0.0	1.0	0.0	1		NZ_JBLWKF010000002.1:1.0000	1.78	false		0.7889023520731259	0.7492017787443103	not_selected	v1.2-General	not_selected	true	8	4	0	0.9183	1.0	PlasmidFinder;Platon;geNomad;plASgraph2	HyAsP;MOB-recon;PLASMe;PlaScope;Plasmer;PlasmidEC;RFPlasmid;gplas2	RECOVERED_OK	refseq	252
FN	SAMN44789742	Escherichia coli (E. coli)	not_available	240	1201	1-<2kb	0	2	plasmid	plasmid_fraction>=0.80	high		0.0	1.0	0.0	1		NZ_JBLWKF010000002.1:1.0000	1.6	false		0.8888450515253362	0.4239914416838029	not_selected	v1.2-General	not_selected	true	7	4	1	0.9457	0.9167	HyAsP;PlasmidFinder;Platon;geNomad	MOB-recon;PLASMe;PlaScope;Plasmer;PlasmidEC;RFPlasmid;gplas2	RECOVERED_OK	refseq	252
FN	SAMN44789742	Escherichia coli (E. coli)	not_available	244	1156	1-<2kb	0	2	plasmid	plasmid_fraction>=0.80	high		0.0	1.0	0.0	1		NZ_JBLWKF010000004.1:1.0000	0.28	false		0.9276949578552948	0.32529134110282537	not_selected	v1.2-General	not_selected	true	4	8	0	0.9183	1.0	HyAsP;MOB-recon;PlasmidEC;PlasmidFinder;Platon;RFPlasmid;geNomad;gplas2	PLASMe;PlaScope;Plasmer;plASgraph2	RECOVERED_OK	refseq	252
FN	SAMN44789742	Escherichia coli (E. coli)	not_available	246	1055	1-<2kb	0	4	plasmid	plasmid_fraction>=0.80	high	repeat_multi_location:2	0.0	1.0	0.0	1		NZ_JBLWKF010000002.1:1.0000	3.33	false		0.8705147387133599	0.8804136754628986	not_selected	v1.2-General	not_selected	true	8	3	1	0.8454	0.9167	PlasmidFinder;Platon;geNomad	HyAsP;MOB-recon;PLASMe;PlaScope;Plasmer;PlasmidEC;RFPlasmid;plASgraph2	RECOVERED_OK	refseq	252
FP	SAMN44789755	Escherichia coli (E. coli)	not_available	126	11457	>=10kb	0	2	chromosome	chromosome_fraction>=0.80	high		1.0	0.0	0.0	1	CM177022.1:1.0000		0.96	true	aph(3'')-Ib;aph(6)-Id;qnrS1;sul2	0.9508635198395291	0.8444410503173342	not_selected	v1.1	not_selected	false	10	2	0	0.65	1.0	HyAsP;MOB-recon;PLASMe;PlaScope;Plasmer;PlasmidEC;Platon;RFPlasmid;geNomad;gplas2	PlasmidFinder;plASgraph2	RECOVERED_OK	genbank	301
FN	SAMN44789755	Escherichia coli (E. coli)	not_available	169	8014	5-<10kb	0	2	plasmid	plasmid_fraction>=0.80	high		0.0	1.0	0.0	1		JBLWMJ010000003.1:1.0000	43.99	false		0.8286688087748669	0.9063033325446647	not_selected	v1.2-General	not_selected	true	7	3	2	0.8813	0.8333	MOB-recon;PlasmidFinder;Platon	HyAsP;PLASMe;PlaScope;Plasmer;PlasmidEC;RFPlasmid;geNomad	RECOVERED_OK	genbank	301
FP	SAMN44789755	Escherichia coli (E. coli)	not_available	170	7999	5-<10kb	0	2	chromosome	chromosome_fraction>=0.80	high		1.0	0.0	0.0	1	CM177022.1:1.0000		1.0	true	dfrA14	0.9508635198395291	0.8373146467906141	not_selected	v1.1	not_selected	false	10	2	0	0.65	1.0	HyAsP;MOB-recon;PLASMe;PlaScope;Plasmer;PlasmidEC;Platon;RFPlasmid;geNomad;gplas2	PlasmidFinder;plASgraph2	RECOVERED_OK	genbank	301
FP	SAMN44789755	Escherichia coli (E. coli)	not_available	226	3541	2-<5kb	0	2	chromosome	chromosome_fraction>=0.80	high		1.0	0.0	0.0	1	CM177022.1:1.0000		0.93	true	tet(D)	0.9508635198395291	0.8549335043734616	not_selected	v1.1	not_selected	false	10	2	0	0.65	1.0	HyAsP;MOB-recon;PLASMe;PlaScope;Plasmer;PlasmidEC;Platon;RFPlasmid;geNomad;gplas2	PlasmidFinder;plASgraph2	RECOVERED_OK	genbank	301
FP	SAMN44789755	Escherichia coli (E. coli)	not_available	251	2310	2-<5kb	0	2	chromosome	chromosome_fraction>=0.80	high		1.0	0.0	0.0	1	CM177022.1:1.0000		0.82	true	blaTEM-1	0.9492724375550261	0.6808232200660176	not_selected	v1.1	not_selected	false	9	3	0	0.8113	1.0	HyAsP;MOB-recon;PLASMe;PlaScope;Plasmer;PlasmidEC;Platon;RFPlasmid;gplas2	PlasmidFinder;geNomad;plASgraph2	RECOVERED_OK	genbank	301
FN	SAMN44789755	Escherichia coli (E. coli)	not_available	294	1145	1-<2kb	0	3	plasmid	plasmid_fraction>=0.80	high	repeat_multi_location:4	0.0	1.0	0.0	1		JBLWMJ010000002.1:1.0000	8.75	false		0.9065895287544276	0.8050708048896736	not_selected	v1.2-General	not_selected	true	5	5	2	1.0	0.8333	PlasmidEC;PlasmidFinder;Platon;RFPlasmid;geNomad	HyAsP;MOB-recon;PLASMe;PlaScope;Plasmer	RECOVERED_OK	genbank	301
FN	SAMN44789755	Escherichia coli (E. coli)	not_available	298	1062	1-<2kb	0	4	plasmid	plasmid_fraction>=0.80	high	repeat_multi_location:5	0.0	1.0	0.0	1		JBLWMJ010000002.1:1.0000	11.93	false		0.8705147387133599	0.8804136754628986	not_selected	v1.2-General	not_selected	true	8	3	1	0.8454	0.9167	PlasmidFinder;Platon;geNomad	HyAsP;MOB-recon;PLASMe;PlaScope;Plasmer;PlasmidEC;RFPlasmid;plASgraph2	RECOVERED_OK	genbank	301
FN	SAMN44789755	Escherichia coli (E. coli)	not_available	300	1055	1-<2kb	0	4	plasmid	plasmid_fraction>=0.80	high	repeat_multi_location:2	0.0	1.0	0.0	1		JBLWMJ010000002.1:1.0000	5.22	false		0.8705147387133599	0.8804136754628986	not_selected	v1.2-General	not_selected	true	8	3	1	0.8454	0.9167	PlasmidFinder;Platon;geNomad	HyAsP;MOB-recon;PLASMe;PlaScope;Plasmer;PlasmidEC;RFPlasmid;plASgraph2	RECOVERED_OK	genbank	301
FN	SAMN44789755	Escherichia coli (E. coli)	not_available	302	1044	1-<2kb	0	4	plasmid	plasmid_fraction>=0.80	high	repeat_multi_location:2	0.0	1.0	0.0	1		JBLWMJ010000002.1:1.0000	4.31	false		0.6906732849153976	0.702617163639925	not_selected	v1.2-General	not_selected	true	4	5	3	0.9911	0.75	PlasmidEC;PlasmidFinder;Platon;RFPlasmid;geNomad	HyAsP;MOB-recon;PLASMe;Plasmer	RECOVERED_OK	genbank	301
FP	SAMN46343046	Escherichia coli (E. coli)	not_available	107	4088	2-<5kb	0	2	chromosome	chromosome_fraction>=0.80	high		1.0	0.0	0.0	1	NZ_CM151361.1:1.0000		1.47	false		0.9492724375550261	0.8714485557554784	not_selected	v1.2-General	plasmid_selected	true	9	3	0	0.8113	1.0	HyAsP;MOB-recon;PLASMe;PlaScope;Plasmer;PlasmidEC;Platon;RFPlasmid;gplas2	PlasmidFinder;geNomad;plASgraph2	RECOVERED_OK	refseq	130
FP	SAMN46343046	Escherichia coli (E. coli)	not_available	108	4067	2-<5kb	0	2	chromosome	chromosome_fraction>=0.80	high		1.0	0.0	0.0	1	NZ_CM151361.1:1.0000		1.46	true	erm(B)	0.9508635198395291	0.9151794271208348	not_selected	v1.1	not_selected	false	10	2	0	0.65	1.0	HyAsP;MOB-recon;PLASMe;PlaScope;Plasmer;PlasmidEC;Platon;RFPlasmid;geNomad;gplas2	PlasmidFinder;plASgraph2	RECOVERED_OK	refseq	130
FP	SAMN46343046	Escherichia coli (E. coli)	not_available	113	3059	2-<5kb	0	2	chromosome	chromosome_fraction>=0.80	high		1.0	0.0	0.0	1	NZ_CM151361.1:1.0000		1.5	false		0.9986702433695193	0.9548716876561275	plasmid_selected	v1.2-General	plasmid_selected	true	11	1	0	0.4138	1.0	HyAsP;MOB-recon;PLASMe;PlaScope;Plasmer;PlasmidEC;PlasmidFinder;Platon;RFPlasmid;geNomad;gplas2	plASgraph2	RECOVERED_OK	refseq	130
FN	SAMN49035615	Escherichia coli (E. coli)	not_available	108	4091	2-<5kb	0	2	plasmid	plasmid_fraction>=0.80	high		0.0	1.0	0.0	1		NZ_JBWDPW010000003.1:1.0000	0.54	false		0.666508408198521	0.4758732680655004	not_selected	v1.2-General	not_selected	true	8	4	0	0.9183	1.0	HyAsP;MOB-recon;PlasmidFinder;plASgraph2	PLASMe;PlaScope;Plasmer;PlasmidEC;Platon;RFPlasmid;geNomad;gplas2	RECOVERED_OK	refseq	135
FN	SAMN49035615	Escherichia coli (E. coli)	not_available	118	2576	2-<5kb	0	2	plasmid	plasmid_fraction>=0.80	high		0.0	1.0	0.0	1		NZ_JBWDPW010000003.1:1.0000	0.47	false		0.6389568633546282	0.2743826235286476	not_selected	v1.2-General	not_selected	true	4	8	0	0.9183	1.0	HyAsP;MOB-recon;PlasmidEC;PlasmidFinder;Platon;RFPlasmid;gplas2;plASgraph2	PLASMe;PlaScope;Plasmer;geNomad	RECOVERED_OK	refseq	135
FN	SAMN49035615	Escherichia coli (E. coli)	not_available	119	2566	2-<5kb	0	2	plasmid	plasmid_fraction>=0.80	high		0.0	1.0	0.0	1		NZ_JBWDPW010000003.1:1.0000	0.55	false		0.0076635662944439355	0.00042338935209049276	not_selected	v1.2-General	not_selected	true	3	9	0	0.8113	1.0	HyAsP;MOB-recon;PlaScope;Plasmer;PlasmidEC;PlasmidFinder;Platon;gplas2;plASgraph2	PLASMe;RFPlasmid;geNomad	RECOVERED_OK	refseq	135
FN	SAMN49035615	Escherichia coli (E. coli)	not_available	120	2299	2-<5kb	0	2	plasmid	plasmid_fraction>=0.80	high		0.0	1.0	0.0	1		NZ_JBWDPW010000003.1:1.0000	0.57	false		0.27848037991290375	0.28949977717597686	not_selected	v1.2-General	not_selected	true	6	6	0	1.0	1.0	HyAsP;MOB-recon;PlasmidFinder;Platon;geNomad;plASgraph2	PLASMe;PlaScope;Plasmer;PlasmidEC;RFPlasmid;gplas2	RECOVERED_OK	refseq	135
FN	SAMN49035615	Escherichia coli (E. coli)	not_available	124	1926	1-<2kb	0	2	plasmid	plasmid_fraction>=0.80	high		0.0	1.0	0.0	1		NZ_JBWDPW010000003.1:1.0000	0.58	false		0.27848037991290375	0.28949977717597686	not_selected	v1.2-General	not_selected	true	6	6	0	1.0	1.0	HyAsP;MOB-recon;PlasmidFinder;Platon;geNomad;plASgraph2	PLASMe;PlaScope;Plasmer;PlasmidEC;RFPlasmid;gplas2	RECOVERED_OK	refseq	135
FN	SAMN49035615	Escherichia coli (E. coli)	not_available	130	1568	1-<2kb	0	4	plasmid	plasmid_fraction>=0.80	high	repeat_multi_location:2	0.0	1.0	0.0	1		NZ_JBWDPW010000003.1:1.0000	0.95	false		0.4774396077530943	0.8913357567173364	not_selected	v1.2-General	not_selected	true	6	5	1	0.994	0.9167	MOB-recon;PlasmidFinder;RFPlasmid;geNomad;plASgraph2	HyAsP;PLASMe;PlaScope;Plasmer;PlasmidEC;Platon	RECOVERED_OK	refseq	135
FN	SAMN49035615	Escherichia coli (E. coli)	not_available	131	1553	1-<2kb	0	2	plasmid	plasmid_fraction>=0.80	high		0.0	1.0	0.0	1		NZ_JBWDPW010000003.1:1.0000	0.59	false		0.07604467165783402	0.01883716745417229	not_selected	v1.2-General	not_selected	true	3	9	0	0.8113	1.0	MOB-recon;PlaScope;PlasmidEC;PlasmidFinder;Platon;RFPlasmid;geNomad;gplas2;plASgraph2	HyAsP;PLASMe;Plasmer	RECOVERED_OK	refseq	135
FN	SAMN49035615	Escherichia coli (E. coli)	not_available	132	1518	1-<2kb	0	2	plasmid	plasmid_fraction>=0.80	high		0.0	1.0	0.0	1		NZ_JBWDPW010000003.1:1.0000	0.6	false		0.8530807746042097	0.8099239611613049	not_selected	v1.2-General	not_selected	true	5	7	0	0.9799	1.0	MOB-recon;PlasmidEC;PlasmidFinder;Platon;RFPlasmid;gplas2;plASgraph2	HyAsP;PLASMe;PlaScope;Plasmer;geNomad	RECOVERED_OK	refseq	135
FN	SAMN49035615	Escherichia coli (E. coli)	not_available	133	1432	1-<2kb	0	2	plasmid	plasmid_fraction>=0.80	high		0.0	1.0	0.0	1		NZ_JBWDPW010000003.1:1.0000	0.63	false		0.7849934510745252	0.842554404614431	not_selected	v1.2-General	not_selected	true	9	3	0	0.8113	1.0	MOB-recon;PlasmidFinder;plASgraph2	HyAsP;PLASMe;PlaScope;Plasmer;PlasmidEC;Platon;RFPlasmid;geNomad;gplas2	RECOVERED_OK	refseq	135
FN	SAMN49035615	Escherichia coli (E. coli)	not_available	136	1202	1-<2kb	0	2	plasmid	plasmid_fraction>=0.80	high		0.0	1.0	0.0	1		NZ_JBWDPW010000003.1:1.0000	0.56	false		0.9276949578552948	0.3971950489002848	not_selected	v1.2-General	not_selected	true	4	8	0	0.9183	1.0	HyAsP;MOB-recon;PlasmidEC;PlasmidFinder;Platon;RFPlasmid;geNomad;gplas2	PLASMe;PlaScope;Plasmer;plASgraph2	RECOVERED_OK	refseq	135
FN	SAMN49035615	Escherichia coli (E. coli)	not_available	139	1054	1-<2kb	0	2	plasmid	plasmid_fraction>=0.80	high		0.0	1.0	0.0	1		NZ_JBWDPW010000003.1:1.0000	0.49	false		0.9123720989070611	0.43527555208305574	not_selected	v1.2-General	not_selected	true	7	5	0	0.9799	1.0	HyAsP;PlasmidFinder;RFPlasmid;geNomad;plASgraph2	MOB-recon;PLASMe;PlaScope;Plasmer;PlasmidEC;Platon;gplas2	RECOVERED_OK	refseq	135
FN	SAMN49035615	Escherichia coli (E. coli)	not_available	73	16185	>=10kb	0	2	plasmid	plasmid_fraction>=0.80	high		0.0	1.0	0.0	1		NZ_JBWDPW010000003.1:1.0000	0.53	false		0.2627689084314066	0.27832721543876743	not_selected	v1.2-General	not_selected	true	7	5	0	0.9799	1.0	HyAsP;Plasmer;PlasmidFinder;Platon;plASgraph2	MOB-recon;PLASMe;PlaScope;PlasmidEC;RFPlasmid;geNomad;gplas2	RECOVERED_OK	refseq	135
FN	SAMN49035615	Escherichia coli (E. coli)	not_available	76	15414	>=10kb	0	2	plasmid	plasmid_fraction>=0.80	high		0.0	1.0	0.0	1		NZ_JBWDPW010000003.1:1.0000	0.53	false		0.8835057081932798	0.6156285601116365	not_selected	v1.2-General	not_selected	true	8	3	1	0.8454	0.9167	HyAsP;MOB-recon;PlasmidFinder	PLASMe;PlaScope;Plasmer;PlasmidEC;Platon;RFPlasmid;geNomad;gplas2	RECOVERED_OK	refseq	135
FN	SAMN49035615	Escherichia coli (E. coli)	not_available	83	10637	>=10kb	0	2	plasmid	plasmid_fraction>=0.80	high		0.0	1.0	0.0	1		NZ_JBWDPW010000003.1:1.0000	0.49	false	cvaB	0.7849934510745252	0.8619577397732968	not_selected	v1.2-General	not_selected	true	9	3	0	0.8113	1.0	MOB-recon;PlasmidFinder;plASgraph2	HyAsP;PLASMe;PlaScope;Plasmer;PlasmidEC;Platon;RFPlasmid;geNomad;gplas2	RECOVERED_OK	refseq	135
FN	SAMN50713113	Escherichia coli (E. coli)	not_available	36	8072	5-<10kb	0	2	plasmid	plasmid_fraction>=0.80	high		0.0	1.0	0.0	1		NZ_JBRXAU010000003.1:1.0000	1.1	true	aac(3)-IVa;aph(4)-Ia;sul2	0.7944342199327958	0.7497989802961953	not_selected	v1.1	not_selected	true	9	3	0	0.8113	1.0	PlasmidFinder;Platon;plASgraph2	HyAsP;MOB-recon;PLASMe;PlaScope;Plasmer;PlasmidEC;RFPlasmid;geNomad;gplas2	RECOVERED_OK	refseq	52
FN	SAMN50713113	Escherichia coli (E. coli)	not_available	43	2300	2-<5kb	0	2	plasmid	plasmid_fraction>=0.80	high		0.0	1.0	0.0	1		NZ_JBRXAU010000003.1:1.0000	1.12	false		0.6716704421602296	0.7134459624696088	not_selected	v1.2-General	not_selected	true	7	5	0	0.9799	1.0	HyAsP;PlasmidFinder;Platon;geNomad;plASgraph2	MOB-recon;PLASMe;PlaScope;Plasmer;PlasmidEC;RFPlasmid;gplas2	RECOVERED_OK	refseq	52
FN	SAMN50713113	Escherichia coli (E. coli)	not_available	46	1681	1-<2kb	0	2	plasmid	plasmid_fraction>=0.80	high		0.0	1.0	0.0	1		NZ_JBRXAU010000003.1:1.0000	1.2	false		0.7576555714932637	0.5691572071905078	not_selected	v1.2-General	not_selected	true	4	8	0	0.9183	1.0	MOB-recon;PlasmidEC;PlasmidFinder;Platon;RFPlasmid;geNomad;gplas2;plASgraph2	HyAsP;PLASMe;PlaScope;Plasmer	RECOVERED_OK	refseq	52
FN	SAMN50713132	Escherichia coli (E. coli)	not_available	49	1010	1-<2kb	0	3	plasmid	plasmid_fraction>=0.80	high		0.0	1.0	0.0	1		NZ_JBRXAB010000004.1:1.0000	1.86	false		0.7124196388009779	0.9224289674778096	not_selected	v1.2-General	not_selected	true	5	6	1	0.994	0.9167	MOB-recon;PlasmidEC;PlasmidFinder;Platon;RFPlasmid;geNomad	HyAsP;PLASMe;PlaScope;Plasmer;plASgraph2	RECOVERED_OK	refseq	49
FN	SAMN50779107	Escherichia coli (E. coli)	not_available	115	1308	1-<2kb	0	2	plasmid	plasmid_fraction>=0.80	high		0.0	1.0	0.0	1		NZ_JBSAOW010000004.1:1.0000	1.57	false		0.7431680099185886	0.9483735651886557	not_selected	v1.2-General	not_selected	true	7	5	0	0.9799	1.0	HyAsP;MOB-recon;PlasmidFinder;Platon;geNomad	PLASMe;PlaScope;Plasmer;PlasmidEC;RFPlasmid;gplas2;plASgraph2	OK	refseq	120
FN	SAMN50779107	Escherichia coli (E. coli)	not_available	58	23792	>=10kb	0	2	plasmid	plasmid_fraction>=0.80	high		0.0	1.0	0.0	1		NZ_JBSAOW010000005.1:1.0000	1.79	false		0.45761181247033395	0.03860579925167561	not_selected	v1.2-General	not_selected	true	3	9	0	0.8113	1.0	MOB-recon;PLASMe;Plasmer;PlasmidEC;PlasmidFinder;Platon;RFPlasmid;geNomad;gplas2	HyAsP;PlaScope;plASgraph2	OK	refseq	120
FN	SAMN50779107	Escherichia coli (E. coli)	not_available	91	3879	2-<5kb	0	0	plasmid	plasmid_fraction>=0.80	high		0.0	0.9822	0.0	1		NZ_JBSAOW010000002.1:0.9822	0.83	false		0.021910581682701883	0.0013982631873980151	not_selected	v1.2-General	not_selected	true	2	10	0	0.65	1.0	HyAsP;PlaScope;Plasmer;PlasmidEC;PlasmidFinder;Platon;RFPlasmid;geNomad;gplas2;plASgraph2	MOB-recon;PLASMe	OK	refseq	120
FN	SAMN51205862	Escherichia coli (E. coli)	not_available	104	2646	2-<5kb	0	2	plasmid	plasmid_fraction>=0.80	high		0.0	1.0	0.0	1		NZ_JBRERF010000003.1:1.0000	1.46	false		0.3943520964487047	0.7281331293656306	not_selected	v1.2-General	not_selected	true	8	4	0	0.9183	1.0	Plasmer;PlasmidFinder;Platon;plASgraph2	HyAsP;MOB-recon;PLASMe;PlaScope;PlasmidEC;RFPlasmid;geNomad;gplas2	RECOVERED_OK	refseq	129
FN	SAMN51205862	Escherichia coli (E. coli)	not_available	108	2132	2-<5kb	0	2	plasmid	plasmid_fraction>=0.80	high		0.0	1.0	0.0	1		NZ_JBRERF010000004.1:1.0000	2.15	false		0.21024831444111577	0.0010958310293589844	not_selected	v1.2-General	not_selected	true	2	9	1	0.684	0.9167	HyAsP;MOB-recon;Plasmer;PlasmidEC;PlasmidFinder;Platon;RFPlasmid;geNomad;gplas2	PLASMe;plASgraph2	RECOVERED_OK	refseq	129
FN	SAMN51205862	Escherichia coli (E. coli)	not_available	110	2001	2-<5kb	0	2	plasmid	plasmid_fraction>=0.80	high		0.0	1.0	0.0	1		NZ_JBRERF010000003.1:1.0000	1.44	false		0.38735542644809207	0.015283879473020326	not_selected	v1.2-General	not_selected	true	3	8	1	0.8454	0.9167	Plasmer;PlasmidEC;PlasmidFinder;Platon;RFPlasmid;geNomad;gplas2;plASgraph2	HyAsP;MOB-recon;PLASMe	RECOVERED_OK	refseq	129
FN	SAMN51205862	Escherichia coli (E. coli)	not_available	118	1489	1-<2kb	0	4	plasmid	plasmid_fraction>=0.80	high	repeat_multi_location:2;multi_mapping	0.0	1.0	0.0	2		NZ_JBRERF010000002.1:1.0000	3.82	false		0.863969742776131	0.9172606820723775	not_selected	v1.2-General	not_selected	true	8	3	1	0.8454	0.9167	MOB-recon;PlasmidFinder;geNomad	HyAsP;PLASMe;PlaScope;Plasmer;PlasmidEC;Platon;RFPlasmid;plASgraph2	RECOVERED_OK	refseq	129
FN	SAMN51205862	Escherichia coli (E. coli)	not_available	129	1068	1-<2kb	0	4	plasmid	plasmid_fraction>=0.80	high	repeat_multi_location:2	0.0	1.0	0.0	1		NZ_JBRERF010000002.1:1.0000	3.52	false		0.8705147387133599	0.9153086704823561	not_selected	v1.2-General	not_selected	true	8	3	1	0.8454	0.9167	PlasmidFinder;Platon;geNomad	HyAsP;MOB-recon;PLASMe;PlaScope;Plasmer;PlasmidEC;RFPlasmid;plASgraph2	RECOVERED_OK	refseq	129
FN	SAMN51205862	Escherichia coli (E. coli)	not_available	41	27893	>=10kb	0	2	plasmid	plasmid_fraction>=0.80	high		0.0	1.0	0.0	1		NZ_JBRERF010000003.1:1.0000	1.28	false		0.7495178318541625	0.6392613181017677	not_selected	v1.2-General	not_selected	true	8	4	0	0.9183	1.0	HyAsP;MOB-recon;PlasmidFinder;Platon	PLASMe;PlaScope;Plasmer;PlasmidEC;RFPlasmid;geNomad;gplas2;plASgraph2	RECOVERED_OK	refseq	129
FN	SAMN51205862	Escherichia coli (E. coli)	not_available	47	23906	>=10kb	0	2	plasmid	plasmid_fraction>=0.80	high		0.0	1.0	0.0	1		NZ_JBRERF010000003.1:1.0000	1.24	false		0.28526982757881375	0.4776829490488214	not_selected	v1.2-General	not_selected	true	7	5	0	0.9799	1.0	HyAsP;MOB-recon;PlasmidFinder;Platon;plASgraph2	PLASMe;PlaScope;Plasmer;PlasmidEC;RFPlasmid;geNomad;gplas2	RECOVERED_OK	refseq	129
FN	SAMN51205862	Escherichia coli (E. coli)	not_available	63	14362	>=10kb	0	2	plasmid	plasmid_fraction>=0.80	high		0.0	1.0	0.0	1		NZ_JBRERF010000004.1:1.0000	2.13	false		0.5257187758151737	0.06882911537425628	not_selected	v1.2-General	not_selected	true	5	7	0	0.9799	1.0	HyAsP;MOB-recon;PlaScope;PlasmidEC;PlasmidFinder;Platon;gplas2	PLASMe;Plasmer;RFPlasmid;geNomad;plASgraph2	RECOVERED_OK	refseq	129
FN	SAMN51205862	Escherichia coli (E. coli)	not_available	69	13178	>=10kb	0	2	plasmid	plasmid_fraction>=0.80	high		0.0	1.0	0.0	1		NZ_JBRERF010000003.1:1.0000	1.42	false		0.666508408198521	0.44467442385504424	not_selected	v1.2-General	not_selected	true	8	4	0	0.9183	1.0	HyAsP;MOB-recon;PlasmidFinder;plASgraph2	PLASMe;PlaScope;Plasmer;PlasmidEC;Platon;RFPlasmid;geNomad;gplas2	RECOVERED_OK	refseq	129
FN	SAMN51205862	Escherichia coli (E. coli)	not_available	80	6756	5-<10kb	0	2	plasmid	plasmid_fraction>=0.80	high		0.0	1.0	0.0	1		NZ_JBRERF010000003.1:1.0000	1.33	false		0.8453536497494889	0.8929057594341352	not_selected	v1.2-General	not_selected	true	9	3	0	0.8113	1.0	MOB-recon;PlasmidFinder;Platon	HyAsP;PLASMe;PlaScope;Plasmer;PlasmidEC;RFPlasmid;geNomad;gplas2;plASgraph2	RECOVERED_OK	refseq	129
FN	SAMN51205862	Escherichia coli (E. coli)	not_available	94	3851	2-<5kb	0	2	plasmid	plasmid_fraction>=0.80	high		0.0	1.0	0.0	1		NZ_JBRERF010000004.1:1.0000	1.95	false		0.47943545985272534	0.764980966689581	not_selected	v1.2-General	not_selected	true	8	4	0	0.9183	1.0	MOB-recon;Plasmer;PlasmidFinder;Platon	HyAsP;PLASMe;PlaScope;PlasmidEC;RFPlasmid;geNomad;gplas2;plASgraph2	RECOVERED_OK	refseq	129
FN	SAMN51205862	Escherichia coli (E. coli)	not_available	97	3599	2-<5kb	0	2	plasmid	plasmid_fraction>=0.80	high		0.0	1.0	0.0	1		NZ_JBRERF010000004.1:1.0000	1.92	false		0.8453536497494889	0.8657097338565022	not_selected	v1.2-General	not_selected	true	9	3	0	0.8113	1.0	MOB-recon;PlasmidFinder;Platon	HyAsP;PLASMe;PlaScope;Plasmer;PlasmidEC;RFPlasmid;geNomad;gplas2;plASgraph2	RECOVERED_OK	refseq	129
FN	SAMN51205863	Escherichia coli (E. coli)	not_available	11	149809	>=10kb	0	2	plasmid	plasmid_fraction>=0.80	high		0.0	1.0	0.0	1		NZ_JBRERE010000002.1:1.0000	0.97	false		0.0002297553602931033	0.00010835628761490476	not_selected	v1.2-General	not_selected	true	0	10	2	0.0	0.8333	HyAsP;PLASMe;PlaScope;Plasmer;PlasmidEC;PlasmidFinder;Platon;RFPlasmid;geNomad;plASgraph2		FAILED	refseq	36
FN	SAMN51205865	Escherichia coli (E. coli)	not_available	103	2448	2-<5kb	0	2	plasmid	plasmid_fraction>=0.80	high		0.0	1.0	0.0	1		NZ_JBRERC010000002.1:1.0000	1.38	false		0.5558472025783973	0.5615571327857194	not_selected	v1.2-General	not_selected	true	8	4	0	0.9183	1.0	MOB-recon;PlaScope;PlasmidFinder;geNomad	HyAsP;PLASMe;Plasmer;PlasmidEC;Platon;RFPlasmid;gplas2;plASgraph2	RECOVERED_OK	refseq	131
FN	SAMN51205865	Escherichia coli (E. coli)	not_available	120	1461	1-<2kb	0	2	plasmid	plasmid_fraction>=0.80	high		0.0	1.0	0.0	1		NZ_JBRERC010000002.1:1.0000	1.05	false		0.024471395953503606	0.0008608006675578187	not_selected	v1.2-General	not_selected	true	2	10	0	0.65	1.0	HyAsP;MOB-recon;PlaScope;PlasmidEC;PlasmidFinder;Platon;RFPlasmid;geNomad;gplas2;plASgraph2	PLASMe;Plasmer	RECOVERED_OK	refseq	131
FN	SAMN51205865	Escherichia coli (E. coli)	not_available	123	1279	1-<2kb	0	2	plasmid	plasmid_fraction>=0.80	high		0.0	1.0	0.0	1		NZ_JBRERC010000002.1:1.0000	1.39	false		0.6626635377643523	0.374300311058508	not_selected	v1.2-General	not_selected	true	6	6	0	1.0	1.0	HyAsP;MOB-recon;PlasmidFinder;RFPlasmid;geNomad;plASgraph2	PLASMe;PlaScope;Plasmer;PlasmidEC;Platon;gplas2	RECOVERED_OK	refseq	131
FN	SAMN51205865	Escherichia coli (E. coli)	not_available	65	18026	>=10kb	0	2	plasmid	plasmid_fraction>=0.80	high		0.0	1.0	0.0	1		NZ_JBRERC010000002.1:1.0000	1.15	false		0.6389568633546282	0.23473091691858303	not_selected	v1.2-General	not_selected	true	4	8	0	0.9183	1.0	HyAsP;MOB-recon;PlasmidEC;PlasmidFinder;Platon;RFPlasmid;gplas2;plASgraph2	PLASMe;PlaScope;Plasmer;geNomad	RECOVERED_OK	refseq	131
FN	SAMN51205865	Escherichia coli (E. coli)	not_available	84	5894	5-<10kb	0	2	plasmid	plasmid_fraction>=0.80	high		0.0	1.0	0.0	1		NZ_JBRERC010000002.1:1.0000	1.14	false		0.7849934510745252	0.8527866133096501	not_selected	v1.2-General	not_selected	true	9	3	0	0.8113	1.0	MOB-recon;PlasmidFinder;plASgraph2	HyAsP;PLASMe;PlaScope;Plasmer;PlasmidEC;Platon;RFPlasmid;geNomad;gplas2	RECOVERED_OK	refseq	131
FN	SAMN51205865	Escherichia coli (E. coli)	not_available	92	4285	2-<5kb	0	2	plasmid	plasmid_fraction>=0.80	high		0.0	1.0	0.0	1		NZ_JBRERC010000002.1:1.0000	1.33	false		0.5641119225002442	0.635453756170381	not_selected	v1.2-General	not_selected	true	9	3	0	0.8113	1.0	MOB-recon;PlaScope;PlasmidFinder	HyAsP;PLASMe;Plasmer;PlasmidEC;Platon;RFPlasmid;geNomad;gplas2;plASgraph2	RECOVERED_OK	refseq	131
FP	SAMN51205867	Escherichia coli (E. coli)	not_available	39	11537	>=10kb	0	2	chromosome	chromosome_fraction>=0.80	high		1.0	0.0	0.0	1	NZ_CM128591.1:1.0000		0.97	true	blaTEM-1;tet(B)	0.985037557827494	0.9359596538621696	not_selected	v1.1	not_selected	false	8	2	2	0.7219	0.8333	MOB-recon;PLASMe;PlaScope;Plasmer;PlasmidEC;Platon;RFPlasmid;geNomad	HyAsP;PlasmidFinder	RECOVERED_OK	refseq	50
FN	SAMN51205868	Escherichia coli (E. coli)	not_available	54	7112	5-<10kb	0	2	plasmid	plasmid_fraction>=0.80	high		0.0	1.0	0.0	1		NZ_JBREQZ010000002.1:1.0000	1.95	false		0.6476384320499864	0.4534324295300817	not_selected	v1.2-General	not_selected	true	5	7	0	0.9799	1.0	PlaScope;Plasmer;PlasmidEC;PlasmidFinder;Platon;RFPlasmid;gplas2	HyAsP;MOB-recon;PLASMe;geNomad;plASgraph2	OK	refseq	77
FN	SAMN51205868	Escherichia coli (E. coli)	not_available	55	5926	5-<10kb	0	2	plasmid	plasmid_fraction>=0.80	high		0.0	1.0	0.0	1		NZ_JBREQZ010000002.1:1.0000	1.86	false		0.03961714532302459	0.008911429258364124	not_selected	v1.2-General	not_selected	true	3	9	0	0.8113	1.0	MOB-recon;PLASMe;PlaScope;Plasmer;PlasmidEC;PlasmidFinder;Platon;RFPlasmid;gplas2	HyAsP;geNomad;plASgraph2	OK	refseq	77
FN	SAMN51205868	Escherichia coli (E. coli)	not_available	61	4417	2-<5kb	0	2	plasmid	plasmid_fraction>=0.80	high		0.0	1.0	0.0	1		NZ_JBREQZ010000002.1:1.0000	1.78	false		0.7979389380569419	0.6700727708151168	not_selected	v1.2-General	not_selected	true	4	8	0	0.9183	1.0	MOB-recon;Plasmer;PlasmidEC;PlasmidFinder;Platon;RFPlasmid;geNomad;gplas2	HyAsP;PLASMe;PlaScope;plASgraph2	OK	refseq	77
FP	SAMN51205868	Escherichia coli (E. coli)	not_available	62	4386	2-<5kb	0	2	chromosome	chromosome_fraction>=0.80	high		1.0	0.0	0.0	1	NZ_CM128590.1:1.0000		1.16	true	aph(3'')-Ib;aph(6)-Id;sul2	0.9986702433695193	0.7531504034673008	not_selected	v1.1	not_selected	false	11	1	0	0.4138	1.0	HyAsP;MOB-recon;PLASMe;PlaScope;Plasmer;PlasmidEC;PlasmidFinder;Platon;RFPlasmid;geNomad;gplas2	plASgraph2	OK	refseq	77
FP	SAMN51205868	Escherichia coli (E. coli)	not_available	73	1766	1-<2kb	0	2	chromosome	chromosome_fraction>=0.80	high		1.0	0.0	0.0	1	NZ_CM128590.1:1.0000		1.06	true	blaTEM-1	0.9931544050611385	0.9064195043453361	not_selected	v1.1	not_selected	false	11	1	0	0.4138	1.0	HyAsP;MOB-recon;PLASMe;PlaScope;Plasmer;PlasmidEC;Platon;RFPlasmid;geNomad;gplas2;plASgraph2	PlasmidFinder	OK	refseq	77
FN	SAMN51205872	Escherichia coli (E. coli)	not_available	21	115085	>=10kb	0	2	plasmid	plasmid_fraction>=0.80	high		0.0	1.0	0.0	1		NZ_JBREQV010000003.1:1.0000	0.87	false		0.0005025181506132203	0.0001747475569751821	not_selected	v1.2-General	not_selected	true	0	12	0	0.0	1.0	HyAsP;MOB-recon;PLASMe;PlaScope;Plasmer;PlasmidEC;PlasmidFinder;Platon;RFPlasmid;geNomad;gplas2;plASgraph2		RECOVERED_OK	refseq	66
FN	SAMN51205872	Escherichia coli (E. coli)	not_available	52	5369	5-<10kb	0	2	plasmid	plasmid_fraction>=0.80	high		0.0	1.0	0.0	1		NZ_JBREQV010000002.1:1.0000	1.0	false		0.14721105285356742	0.16084208157959567	not_selected	v1.2-General	not_selected	true	8	4	0	0.9183	1.0	MOB-recon;PlaScope;PlasmidFinder;plASgraph2	HyAsP;PLASMe;Plasmer;PlasmidEC;Platon;RFPlasmid;geNomad;gplas2	RECOVERED_OK	refseq	66
FN	SAMN51205872	Escherichia coli (E. coli)	not_available	54	4686	2-<5kb	0	2	plasmid	plasmid_fraction>=0.80	high		0.0	1.0	0.0	1		NZ_JBREQV010000002.1:1.0000	1.02	false		0.10424432155221397	0.0058593059015524885	not_selected	v1.2-General	not_selected	true	3	9	0	0.8113	1.0	MOB-recon;PLASMe;Plasmer;PlasmidEC;PlasmidFinder;Platon;RFPlasmid;gplas2;plASgraph2	HyAsP;PlaScope;geNomad	RECOVERED_OK	refseq	66
FN	SAMN51205872	Escherichia coli (E. coli)	not_available	68	1178	1-<2kb	0	4	plasmid	plasmid_fraction>=0.80	high	repeat_multi_location:2	0.0	1.0	0.0	1		NZ_JBREQV010000002.1:1.0000	2.34	false		0.03474804710703801	0.0051613033844653475	not_selected	v1.2-General	not_selected	true	3	7	2	0.8813	0.8333	Plasmer;PlasmidEC;PlasmidFinder;Platon;RFPlasmid;geNomad;plASgraph2	HyAsP;MOB-recon;PLASMe	RECOVERED_OK	refseq	66
FP	SAMN51205875	Escherichia coli (E. coli)	not_available	53	1352	1-<2kb	0	2	chromosome	chromosome_fraction>=0.80	high		1.0	0.0	0.0	1	NZ_CM129042.1:1.0000		0.79	false		0.9674910531027611	0.35704724538217975	not_selected	v1.2-General	plasmid_selected	true	5	7	0	0.9799	1.0	HyAsP;MOB-recon;PLASMe;PlaScope;Plasmer	PlasmidEC;PlasmidFinder;Platon;RFPlasmid;geNomad;gplas2;plASgraph2	OK	refseq	58
FN	SAMN51205876	Escherichia coli (E. coli)	not_available	23	87277	>=10kb	0	2	plasmid	plasmid_fraction>=0.80	high		0.0	1.0	0.0	1		NZ_JBREQR010000002.1:1.0000	1.48	false		0.8835057081932798	0.8044139221043177	not_selected	v1.2-General	not_selected	true	8	3	1	0.8454	0.9167	HyAsP;MOB-recon;PlasmidFinder	PLASMe;PlaScope;Plasmer;PlasmidEC;Platon;RFPlasmid;geNomad;gplas2	RECOVERED_OK	refseq	77
FN	SAMN51205876	Escherichia coli (E. coli)	not_available	43	31259	>=10kb	0	2	plasmid	plasmid_fraction>=0.80	high		0.0	1.0	0.0	1		NZ_JBREQR010000002.1:1.0000	1.51	false		0.8410943052898282	0.8893721909151096	not_selected	v1.2-General	not_selected	true	7	4	1	0.9457	0.9167	HyAsP;MOB-recon;PlasmidFinder;Platon	PLASMe;PlaScope;Plasmer;PlasmidEC;RFPlasmid;geNomad;plASgraph2	RECOVERED_OK	refseq	77
FN	SAMN51205876	Escherichia coli (E. coli)	not_available	54	9522	5-<10kb	0	2	plasmid	plasmid_fraction>=0.80	high		0.0	1.0	0.0	1		NZ_JBREQR010000002.1:1.0000	1.66	false		0.012416904730863208	0.0017902723711840155	not_selected	v1.2-General	not_selected	true	2	10	0	0.65	1.0	HyAsP;MOB-recon;PLASMe;PlaScope;Plasmer;PlasmidEC;PlasmidFinder;Platon;RFPlasmid;gplas2	geNomad;plASgraph2	RECOVERED_OK	refseq	77
FN	SAMN51205876	Escherichia coli (E. coli)	not_available	57	7320	5-<10kb	0	2	plasmid	plasmid_fraction>=0.80	high		0.0	1.0	0.0	1		NZ_JBREQR010000002.1:1.0000	1.46	false		0.04779111944563913	0.0038324237313911214	not_selected	v1.2-General	not_selected	true	2	9	1	0.684	0.9167	HyAsP;MOB-recon;PLASMe;PlaScope;PlasmidEC;PlasmidFinder;Platon;RFPlasmid;gplas2	Plasmer;geNomad	RECOVERED_OK	refseq	77
FN	SAMN51205876	Escherichia coli (E. coli)	not_available	62	2818	2-<5kb	0	2	plasmid	plasmid_fraction>=0.80	high		0.0	1.0	0.0	1		NZ_JBREQR010000002.1:1.0000	1.47	false		0.6389568633546282	0.25743293811568324	not_selected	v1.2-General	not_selected	true	4	8	0	0.9183	1.0	HyAsP;MOB-recon;PlasmidEC;PlasmidFinder;Platon;RFPlasmid;gplas2;plASgraph2	PLASMe;PlaScope;Plasmer;geNomad	RECOVERED_OK	refseq	77
FN	SAMN51205876	Escherichia coli (E. coli)	not_available	67	1661	1-<2kb	0	2	plasmid	plasmid_fraction>=0.80	high		0.0	1.0	0.0	1		NZ_JBREQR010000003.1:1.0000	1.93	false		0.9276949578552948	0.5903589697062313	not_selected	v1.2-General	not_selected	true	4	8	0	0.9183	1.0	HyAsP;MOB-recon;PlasmidEC;PlasmidFinder;Platon;RFPlasmid;geNomad;gplas2	PLASMe;PlaScope;Plasmer;plASgraph2	RECOVERED_OK	refseq	77
FN	SAMN51205876	Escherichia coli (E. coli)	not_available	74	1170	1-<2kb	0	2	plasmid	plasmid_fraction>=0.80	high		0.0	1.0	0.0	1		NZ_JBREQR010000002.1:1.0000	1.25	false		0.006724141415640177	0.0018397230387397258	not_selected	v1.2-General	not_selected	true	1	11	0	0.4138	1.0	HyAsP;MOB-recon;PLASMe;PlaScope;Plasmer;PlasmidEC;PlasmidFinder;Platon;RFPlasmid;geNomad;gplas2	plASgraph2	RECOVERED_OK	refseq	77
FN	SAMN51205876	Escherichia coli (E. coli)	not_available	79	1078	1-<2kb	0	3	plasmid	plasmid_fraction>=0.80	high	repeat_multi_location:2	0.0	1.0	0.0	1		NZ_JBREQR010000002.1:1.0000	3.46	false		0.14195228054990588	0.011166392696933347	not_selected	v1.2-General	not_selected	true	3	7	2	0.8813	0.8333	HyAsP;MOB-recon;PlasmidEC;PlasmidFinder;Platon;RFPlasmid;geNomad	PLASMe;Plasmer;plASgraph2	RECOVERED_OK	refseq	77
FN	SAMN51205876	Escherichia coli (E. coli)	not_available	80	1057	1-<2kb	0	4	plasmid	plasmid_fraction>=0.80	high	repeat_multi_location:2	0.0	1.0	0.0	1		NZ_JBREQR010000002.1:1.0000	2.91	false		0.024338860855339293	0.006039070070683796	not_selected	v1.2-General	not_selected	true	2	8	2	0.7219	0.8333	HyAsP;MOB-recon;Plasmer;PlasmidEC;PlasmidFinder;Platon;RFPlasmid;geNomad	PLASMe;PlaScope	RECOVERED_OK	refseq	77
FN	SAMN51205880	Escherichia coli (E. coli)	not_available	108	5173	5-<10kb	0	2	plasmid	plasmid_fraction>=0.80	high		0.0	1.0	0.0	1		NZ_JBREQN010000004.1:1.0000	1.96	false		0.7495178318541625	0.6117803553111494	not_selected	v1.2-General	not_selected	true	8	4	0	0.9183	1.0	HyAsP;MOB-recon;PlasmidFinder;Platon	PLASMe;PlaScope;Plasmer;PlasmidEC;RFPlasmid;geNomad;gplas2;plASgraph2	OK	refseq	136
FP	SAMN51205882	Escherichia coli (E. coli)	not_available	31	10932	>=10kb	0	2	chromosome	chromosome_fraction>=0.80	high		1.0	0.0	0.0	1	NZ_CM128581.1:1.0000		1.14	true	aadA5;dfrA17;mph(A);mrx(A);qacEdelta1;sul1	0.9750153105721396	0.6067163263660421	not_selected	v1.1	not_selected	false	9	2	1	0.684	0.9167	MOB-recon;PLASMe;PlaScope;Plasmer;PlasmidEC;Platon;RFPlasmid;geNomad;gplas2	HyAsP;PlasmidFinder	RECOVERED_OK	refseq	52
FP	SAMN51205882	Escherichia coli (E. coli)	not_available	40	3526	2-<5kb	0	2	chromosome	chromosome_fraction>=0.80	high		1.0	0.0	0.0	1	NZ_CM128581.1:1.0000		1.11	true	aac(3)-IId	0.9750153105721396	0.48834761479186917	not_selected	v1.1	not_selected	false	9	2	1	0.684	0.9167	MOB-recon;PLASMe;PlaScope;Plasmer;PlasmidEC;Platon;RFPlasmid;geNomad;gplas2	HyAsP;PlasmidFinder	RECOVERED_OK	refseq	52
FP	SAMN51205882	Escherichia coli (E. coli)	not_available	48	1517	1-<2kb	0	2	chromosome	chromosome_fraction>=0.80	high		1.0	0.0	0.0	1	NZ_CM128581.1:1.0000		1.06	false		0.9749197634439232	0.5477649252184301	not_selected	v1.2-General	plasmid_selected	true	8	3	1	0.8454	0.9167	MOB-recon;PLASMe;PlaScope;Plasmer;PlasmidEC;Platon;RFPlasmid;gplas2	HyAsP;PlasmidFinder;geNomad	RECOVERED_OK	refseq	52
FN	SAMN51205883	Escherichia coli (E. coli)	not_available	31	45906	>=10kb	0	2	plasmid	plasmid_fraction>=0.80	high		0.0	1.0	0.0	1		NZ_JBREQK010000002.1:1.0000	1.04	false	astA	0.8835057081932798	0.9674625101796613	high_confidence_plasmid	v1.2-General	not_selected	true	8	3	1	0.8454	0.9167	HyAsP;MOB-recon;PlasmidFinder	PLASMe;PlaScope;Plasmer;PlasmidEC;Platon;RFPlasmid;geNomad;gplas2	RECOVERED_OK	refseq	97
FN	SAMN51205883	Escherichia coli (E. coli)	not_available	33	41504	>=10kb	0	2	plasmid	plasmid_fraction>=0.80	high		0.0	1.0	0.0	1		NZ_JBREQK010000004.1:1.0000	1.29	false	astA	0.42167580725551146	0.9782389051005506	high_confidence_plasmid	v1.2-General	not_selected	true	8	4	0	0.9183	1.0	MOB-recon;PlasmidFinder;Platon;plASgraph2	HyAsP;PLASMe;PlaScope;Plasmer;PlasmidEC;RFPlasmid;geNomad;gplas2	RECOVERED_OK	refseq	97
FN	SAMN51205883	Escherichia coli (E. coli)	not_available	53	9329	5-<10kb	0	4	plasmid	plasmid_fraction>=0.80	high		0.0	1.0	0.0	1		NZ_JBREQK010000002.1:1.0000	2.48	false		0.8184416904444722	0.9838556443497639	high_confidence_plasmid	v1.2-General	not_selected	true	9	2	1	0.684	0.9167	PlasmidFinder;plASgraph2	HyAsP;MOB-recon;PLASMe;PlaScope;Plasmer;PlasmidEC;Platon;RFPlasmid;geNomad	RECOVERED_OK	refseq	97
FN	SAMN51205883	Escherichia coli (E. coli)	not_available	60	4543	2-<5kb	0	2	plasmid	plasmid_fraction>=0.80	high		0.0	1.0	0.0	1		NZ_JBREQK010000002.1:1.0000	1.09	false		0.9034273855405134	0.8671589655046004	not_selected	v1.2-General	not_selected	true	4	7	1	0.9457	0.9167	HyAsP;MOB-recon;PlasmidEC;PlasmidFinder;Platon;RFPlasmid;gplas2	PLASMe;PlaScope;Plasmer;geNomad	RECOVERED_OK	refseq	97
FN	SAMN51205883	Escherichia coli (E. coli)	not_available	62	3905	2-<5kb	0	4	plasmid	plasmid_fraction>=0.80	high	repeat_multi_location:2;multi_mapping	0.0	1.0	0.0	2		NZ_JBREQK010000004.1:1.0000	2.71	false	eatA	0.09224463431841529	0.8803679595289221	not_selected	v1.2-General	not_selected	true	6	5	1	0.994	0.9167	HyAsP;MOB-recon;PlasmidFinder;Platon;plASgraph2	PLASMe;PlaScope;Plasmer;PlasmidEC;RFPlasmid;geNomad	RECOVERED_OK	refseq	97
FN	SAMN51205883	Escherichia coli (E. coli)	not_available	72	2416	2-<5kb	0	2	plasmid	plasmid_fraction>=0.80	high		0.0	1.0	0.0	1		NZ_JBREQK010000003.1:1.0000	1.78	false		0.6619498171222769	0.888467987213301	not_selected	v1.2-General	not_selected	true	5	7	0	0.9799	1.0	MOB-recon;PlaScope;PlasmidEC;PlasmidFinder;Platon;geNomad;gplas2	HyAsP;PLASMe;Plasmer;RFPlasmid;plASgraph2	RECOVERED_OK	refseq	97
FN	SAMN51205883	Escherichia coli (E. coli)	not_available	96	1053	1-<2kb	0	4	plasmid	plasmid_fraction>=0.80	high	repeat_multi_location:2	0.0	1.0	0.0	1		NZ_JBREQK010000002.1:1.0000	2.39	false		0.0006230974243322653	0.0021081128623145146	not_selected	v1.2-General	not_selected	true	1	9	2	0.469	0.8333	HyAsP;MOB-recon;PlaScope;Plasmer;PlasmidEC;PlasmidFinder;Platon;RFPlasmid;geNomad	PLASMe	RECOVERED_OK	refseq	97
FN	SAMN51250218	Escherichia coli (E. coli)	not_available	39	36268	>=10kb	0	2	plasmid	plasmid_fraction>=0.80	high		0.0	1.0	0.0	1		NZ_JBRERQ010000003.1:1.0000	1.05	false	aap;astA	0.28526982757881375	0.9399613089799823	not_selected	v1.2-General	not_selected	true	7	5	0	0.9799	1.0	HyAsP;MOB-recon;PlasmidFinder;Platon;plASgraph2	PLASMe;PlaScope;Plasmer;PlasmidEC;RFPlasmid;geNomad;gplas2	OK	refseq	96
FN	SAMN51250218	Escherichia coli (E. coli)	not_available	52	25581	>=10kb	0	2	plasmid	plasmid_fraction>=0.80	high		0.0	1.0	0.0	1		NZ_JBRERQ010000003.1:1.0000	1.11	false	astA	0.7849934510745252	0.9792213311753784	high_confidence_plasmid	v1.2-General	not_selected	true	9	3	0	0.8113	1.0	MOB-recon;PlasmidFinder;plASgraph2	HyAsP;PLASMe;PlaScope;Plasmer;PlasmidEC;Platon;RFPlasmid;geNomad;gplas2	OK	refseq	96
FN	SAMN51250218	Escherichia coli (E. coli)	not_available	82	2253	2-<5kb	0	2	plasmid	plasmid_fraction>=0.80	high		0.0	1.0	0.0	1		NZ_JBRERQ010000003.1:1.0000	1.14	false		0.021910581682701883	0.002363099753296169	not_selected	v1.2-General	not_selected	true	2	10	0	0.65	1.0	HyAsP;PlaScope;Plasmer;PlasmidEC;PlasmidFinder;Platon;RFPlasmid;geNomad;gplas2;plASgraph2	MOB-recon;PLASMe	OK	refseq	96
FN	SAMN51250218	Escherichia coli (E. coli)	not_available	84	2100	2-<5kb	0	2	plasmid	plasmid_fraction>=0.80	high		0.0	1.0	0.0	1		NZ_JBRERQ010000003.1:1.0000	1.01	false		0.6626635377643523	0.7818063327664492	not_selected	v1.2-General	not_selected	true	6	6	0	1.0	1.0	HyAsP;MOB-recon;PlasmidFinder;RFPlasmid;geNomad;plASgraph2	PLASMe;PlaScope;Plasmer;PlasmidEC;Platon;gplas2	OK	refseq	96
FN	SAMN51250218	Escherichia coli (E. coli)	not_available	93	1234	1-<2kb	0	2	plasmid	plasmid_fraction>=0.80	high		0.0	1.0	0.0	1		NZ_JBRERQ010000003.1:1.0000	1.13	false		0.7820679522767201	0.9587412686992498	plasmid_selected	v1.2-General	not_selected	true	7	5	0	0.9799	1.0	MOB-recon;PlasmidFinder;RFPlasmid;geNomad;plASgraph2	HyAsP;PLASMe;PlaScope;Plasmer;PlasmidEC;Platon;gplas2	OK	refseq	96
FN	SAMN51250220	Escherichia coli (E. coli)	not_available	37	33379	>=10kb	0	2	plasmid	plasmid_fraction>=0.80	high		0.0	1.0	0.0	1		NZ_JBRERO010000002.1:1.0000	1.02	false		0.09419023687361255	0.1279481951448963	not_selected	v1.2-General	not_selected	true	4	8	0	0.9183	1.0	HyAsP;MOB-recon;PlaScope;Plasmer;PlasmidEC;PlasmidFinder;Platon;gplas2	PLASMe;RFPlasmid;geNomad;plASgraph2	OK	refseq	93
FN	SAMN51250220	Escherichia coli (E. coli)	not_available	46	16773	>=10kb	0	2	plasmid	plasmid_fraction>=0.80	high		0.0	1.0	0.0	1		NZ_JBRERO010000003.1:1.0000	2.09	false		0.7276803953935368	0.8727633262738607	not_selected	v1.2-General	not_selected	true	8	4	0	0.9183	1.0	HyAsP;Plasmer;PlasmidFinder;Platon	MOB-recon;PLASMe;PlaScope;PlasmidEC;RFPlasmid;geNomad;gplas2;plASgraph2	OK	refseq	93
FN	SAMN51250220	Escherichia coli (E. coli)	not_available	52	8350	5-<10kb	0	2	plasmid	plasmid_fraction>=0.80	high		0.0	1.0	0.0	1		NZ_JBRERO010000002.1:1.0000	1.27	false		0.4146671239479616	0.761496746203756	not_selected	v1.2-General	not_selected	true	8	4	0	0.9183	1.0	HyAsP;MOB-recon;PlaScope;PlasmidFinder	PLASMe;Plasmer;PlasmidEC;Platon;RFPlasmid;geNomad;gplas2;plASgraph2	OK	refseq	93
FN	SAMN51250220	Escherichia coli (E. coli)	not_available	59	6787	5-<10kb	0	2	plasmid	plasmid_fraction>=0.80	high		0.0	1.0	0.0	1		NZ_JBRERO010000002.1:1.0000	1.17	false		0.7495178318541625	0.9538600619667835	plasmid_selected	v1.2-General	not_selected	true	8	4	0	0.9183	1.0	HyAsP;MOB-recon;PlasmidFinder;Platon	PLASMe;PlaScope;Plasmer;PlasmidEC;RFPlasmid;geNomad;gplas2;plASgraph2	OK	refseq	93
FN	SAMN51250221	Escherichia coli (E. coli)	not_available	100	1216	1-<2kb	0	2	plasmid	plasmid_fraction>=0.80	high		0.0	1.0	0.0	1		NZ_JBRERN010000002.1:1.0000	1.29	false		0.9276949578552948	0.823473667876149	not_selected	v1.2-General	not_selected	true	4	8	0	0.9183	1.0	HyAsP;MOB-recon;PlasmidEC;PlasmidFinder;Platon;RFPlasmid;geNomad;gplas2	PLASMe;PlaScope;Plasmer;plASgraph2	RECOVERED_OK	refseq	103
FN	SAMN51250221	Escherichia coli (E. coli)	not_available	41	28305	>=10kb	0	2	plasmid	plasmid_fraction>=0.80	high		0.0	1.0	0.0	1		NZ_JBRERN010000002.1:1.0000	1.07	false		0.7495178318541625	0.9644958727767525	high_confidence_plasmid	v1.2-General	not_selected	true	8	4	0	0.9183	1.0	HyAsP;MOB-recon;PlasmidFinder;Platon	PLASMe;PlaScope;Plasmer;PlasmidEC;RFPlasmid;geNomad;gplas2;plASgraph2	RECOVERED_OK	refseq	103
FN	SAMN51250221	Escherichia coli (E. coli)	not_available	47	20137	>=10kb	0	2	plasmid	plasmid_fraction>=0.80	high		0.0	1.0	0.0	1		NZ_JBRERN010000003.1:1.0000	1.73	false	eatA	0.47943545985272534	0.9539344820735333	plasmid_selected	v1.2-General	not_selected	true	8	4	0	0.9183	1.0	MOB-recon;Plasmer;PlasmidFinder;Platon	HyAsP;PLASMe;PlaScope;PlasmidEC;RFPlasmid;geNomad;gplas2;plASgraph2	RECOVERED_OK	refseq	103
FN	SAMN51250221	Escherichia coli (E. coli)	not_available	51	17448	>=10kb	0	2	plasmid	plasmid_fraction>=0.80	high		0.0	1.0	0.0	1		NZ_JBRERN010000002.1:1.0000	1.25	false		0.26973474604981335	0.8295374288768862	not_selected	v1.2-General	not_selected	true	7	4	1	0.9457	0.9167	HyAsP;MOB-recon;PlaScope;PlasmidFinder	PLASMe;Plasmer;PlasmidEC;Platon;RFPlasmid;geNomad;gplas2	RECOVERED_OK	refseq	103
FN	SAMN51250221	Escherichia coli (E. coli)	not_available	56	8366	5-<10kb	0	2	plasmid	plasmid_fraction>=0.80	high		0.0	1.0	0.0	1		NZ_JBRERN010000003.1:1.0000	1.77	false		0.8488630723085183	0.9764731880561444	high_confidence_plasmid	v1.2-General	not_selected	true	9	2	1	0.684	0.9167	PlasmidFinder;plASgraph2	HyAsP;MOB-recon;PLASMe;Plasmer;PlasmidEC;Platon;RFPlasmid;geNomad;gplas2	RECOVERED_OK	refseq	103
FN	SAMN51250221	Escherichia coli (E. coli)	not_available	96	1259	1-<2kb	0	4	plasmid	plasmid_fraction>=0.80	high	repeat_multi_location:2	0.0	1.0	0.0	1		NZ_JBRERN010000002.1:1.0000	2.61	false		0.19521761589680567	0.8890830725845587	not_selected	v1.2-General	not_selected	true	4	6	2	0.971	0.8333	PlaScope;PlasmidEC;PlasmidFinder;Platon;RFPlasmid;geNomad	HyAsP;MOB-recon;PLASMe;Plasmer	RECOVERED_OK	refseq	103
FN	SAMN51250222	Escherichia coli (E. coli)	not_available	40	28103	>=10kb	0	2	plasmid	plasmid_fraction>=0.80	high		0.0	1.0	0.0	1		NZ_JBRERM010000002.1:1.0000	0.9	false		0.7495178318541625	0.9644958727767525	high_confidence_plasmid	v1.2-General	not_selected	true	8	4	0	0.9183	1.0	HyAsP;MOB-recon;PlasmidFinder;Platon	PLASMe;PlaScope;Plasmer;PlasmidEC;RFPlasmid;geNomad;gplas2;plASgraph2	RECOVERED_OK	refseq	99
FN	SAMN51250222	Escherichia coli (E. coli)	not_available	43	22689	>=10kb	0	2	plasmid	plasmid_fraction>=0.80	high		0.0	1.0	0.0	1		NZ_JBRERM010000002.1:1.0000	0.92	false		0.6909218837525446	0.5758127826165482	not_selected	v1.2-General	not_selected	true	4	8	0	0.9183	1.0	HyAsP;MOB-recon;Plasmer;PlasmidEC;PlasmidFinder;Platon;RFPlasmid;gplas2	PLASMe;PlaScope;geNomad;plASgraph2	RECOVERED_OK	refseq	99
FN	SAMN51250222	Escherichia coli (E. coli)	not_available	47	19930	>=10kb	0	2	plasmid	plasmid_fraction>=0.80	high		0.0	1.0	0.0	1		NZ_JBRERM010000005.1:1.0000	1.64	false		0.7495178318541625	0.9607584200645353	high_confidence_plasmid	v1.2-General	not_selected	true	8	4	0	0.9183	1.0	HyAsP;MOB-recon;PlasmidFinder;Platon	PLASMe;PlaScope;Plasmer;PlasmidEC;RFPlasmid;geNomad;gplas2;plASgraph2	RECOVERED_OK	refseq	99
FN	SAMN51250222	Escherichia coli (E. coli)	not_available	53	16121	>=10kb	0	2	plasmid	plasmid_fraction>=0.80	high		0.0	1.0	0.0	1		NZ_JBRERM010000005.1:1.0000	1.52	false	eatA	0.8453536497494889	0.9882140190222817	high_confidence_plasmid	v1.2-General	not_selected	true	9	3	0	0.8113	1.0	MOB-recon;PlasmidFinder;Platon	HyAsP;PLASMe;PlaScope;Plasmer;PlasmidEC;RFPlasmid;geNomad;gplas2;plASgraph2	RECOVERED_OK	refseq	99
FN	SAMN51250222	Escherichia coli (E. coli)	not_available	58	7405	5-<10kb	0	2	plasmid	plasmid_fraction>=0.80	high		0.0	1.0	0.0	1		NZ_JBRERM010000002.1:1.0000	0.95	false	aap;astA	0.7849934510745252	0.9617652803765732	high_confidence_plasmid	v1.2-General	not_selected	true	9	3	0	0.8113	1.0	MOB-recon;PlasmidFinder;plASgraph2	HyAsP;PLASMe;PlaScope;Plasmer;PlasmidEC;Platon;RFPlasmid;geNomad;gplas2	RECOVERED_OK	refseq	99
FN	SAMN51250222	Escherichia coli (E. coli)	not_available	60	6699	5-<10kb	0	2	plasmid	plasmid_fraction>=0.80	high		0.0	1.0	0.0	1		NZ_JBRERM010000002.1:1.0000	1.0	false		0.7849934510745252	0.9617652803765732	high_confidence_plasmid	v1.2-General	not_selected	true	9	3	0	0.8113	1.0	MOB-recon;PlasmidFinder;plASgraph2	HyAsP;PLASMe;PlaScope;Plasmer;PlasmidEC;Platon;RFPlasmid;geNomad;gplas2	RECOVERED_OK	refseq	99
FN	SAMN51250222	Escherichia coli (E. coli)	not_available	64	6438	5-<10kb	0	2	plasmid	plasmid_fraction>=0.80	high		0.0	1.0	0.0	1		NZ_JBRERM010000002.1:1.0000	0.95	false		0.7495178318541625	0.9538600619667835	plasmid_selected	v1.2-General	not_selected	true	8	4	0	0.9183	1.0	HyAsP;MOB-recon;PlasmidFinder;Platon	PLASMe;PlaScope;Plasmer;PlasmidEC;RFPlasmid;geNomad;gplas2;plASgraph2	RECOVERED_OK	refseq	99
FN	SAMN51250222	Escherichia coli (E. coli)	not_available	75	4014	2-<5kb	0	2	plasmid	plasmid_fraction>=0.80	high		0.0	1.0	0.0	1		NZ_JBRERM010000002.1:1.0000	0.91	false		0.7495178318541625	0.9422378397153456	not_selected	v1.2-General	not_selected	true	8	4	0	0.9183	1.0	HyAsP;MOB-recon;PlasmidFinder;Platon	PLASMe;PlaScope;Plasmer;PlasmidEC;RFPlasmid;geNomad;gplas2;plASgraph2	RECOVERED_OK	refseq	99
FN	SAMN51250222	Escherichia coli (E. coli)	not_available	81	2403	2-<5kb	0	2	plasmid	plasmid_fraction>=0.80	high		0.0	1.0	0.0	1		NZ_JBRERM010000002.1:1.0000	1.07	false		0.9088102559160338	0.8842965024630532	not_selected	v1.2-General	not_selected	true	5	7	0	0.9799	1.0	MOB-recon;PlaScope;PlasmidEC;PlasmidFinder;RFPlasmid;geNomad;gplas2	HyAsP;PLASMe;Plasmer;Platon;plASgraph2	RECOVERED_OK	refseq	99
FN	SAMN51250222	Escherichia coli (E. coli)	not_available	88	1805	1-<2kb	0	2	plasmid	plasmid_fraction>=0.80	high		0.0	1.0	0.0	1		NZ_JBRERM010000002.1:1.0000	0.96	false		0.7820679522767201	0.9587412686992498	plasmid_selected	v1.2-General	not_selected	true	7	5	0	0.9799	1.0	MOB-recon;PlasmidFinder;RFPlasmid;geNomad;plASgraph2	HyAsP;PLASMe;PlaScope;Plasmer;PlasmidEC;Platon;gplas2	RECOVERED_OK	refseq	99
FN	SAMN51250223	Escherichia coli (E. coli)	not_available	11	162902	>=10kb	0	2	plasmid	plasmid_fraction>=0.80	high		0.0	0.9906	0.0	0		NZ_JBRERL010000004.1:0.6418	1.0	false		0.0023477360266118638	0.0009500596940933647	not_selected	v1.2-General	not_selected	true	1	11	0	0.4138	1.0	HyAsP;MOB-recon;PlaScope;Plasmer;PlasmidEC;PlasmidFinder;Platon;RFPlasmid;geNomad;gplas2;plASgraph2	PLASMe	OK	refseq	81
FN	SAMN51250223	Escherichia coli (E. coli)	not_available	19	97253	>=10kb	0	2	plasmid	plasmid_fraction>=0.80	high		0.0	1.0	0.0	1		NZ_JBRERL010000002.1:1.0000	1.01	false		0.0023477360266118638	0.0009500596940933647	not_selected	v1.2-General	not_selected	true	1	11	0	0.4138	1.0	HyAsP;MOB-recon;PlaScope;Plasmer;PlasmidEC;PlasmidFinder;Platon;RFPlasmid;geNomad;gplas2;plASgraph2	PLASMe	OK	refseq	81
FN	SAMN51250223	Escherichia coli (E. coli)	not_available	26	62240	>=10kb	0	2	plasmid	plasmid_fraction>=0.80	high		0.0	1.0	0.0	1		NZ_JBRERL010000002.1:1.0000	1.02	false		0.0043515984760592406	0.0014827543080386458	not_selected	v1.2-General	not_selected	true	2	10	0	0.65	1.0	HyAsP;MOB-recon;PlaScope;Plasmer;PlasmidEC;PlasmidFinder;Platon;RFPlasmid;gplas2;plASgraph2	PLASMe;geNomad	OK	refseq	81
FN	SAMN51250223	Escherichia coli (E. coli)	not_available	30	52798	>=10kb	0	2	plasmid	plasmid_fraction>=0.80	high		0.0	1.0	0.0	1		NZ_JBRERL010000002.1:1.0000	0.98	false		0.0005025181506132203	0.0011962008291016562	not_selected	v1.2-General	not_selected	true	0	12	0	0.0	1.0	HyAsP;MOB-recon;PLASMe;PlaScope;Plasmer;PlasmidEC;PlasmidFinder;Platon;RFPlasmid;geNomad;gplas2;plASgraph2		OK	refseq	81
FN	SAMN51250223	Escherichia coli (E. coli)	not_available	40	25492	>=10kb	0	2	plasmid	plasmid_fraction>=0.80	high		0.0	1.0	0.0	1		NZ_JBRERL010000003.1:1.0000	1.58	false		0.5257187758151737	0.3789604423664874	not_selected	v1.2-General	not_selected	true	5	7	0	0.9799	1.0	HyAsP;MOB-recon;PlaScope;PlasmidEC;PlasmidFinder;Platon;gplas2	PLASMe;Plasmer;RFPlasmid;geNomad;plASgraph2	OK	refseq	81
FN	SAMN51250223	Escherichia coli (E. coli)	not_available	45	19628	>=10kb	0	2	plasmid	plasmid_fraction>=0.80	high		0.0	1.0	0.0	1		NZ_JBRERL010000003.1:1.0000	1.85	false		0.4393540364072846	0.3494101284208329	not_selected	v1.2-General	not_selected	true	5	7	0	0.9799	1.0	HyAsP;PlaScope;PlasmidEC;PlasmidFinder;Platon;gplas2;plASgraph2	MOB-recon;PLASMe;Plasmer;RFPlasmid;geNomad	OK	refseq	81
FN	SAMN51250223	Escherichia coli (E. coli)	not_available	50	12266	>=10kb	0	2	plasmid	plasmid_fraction>=0.80	high		0.0	1.0	0.0	1		NZ_JBRERL010000003.1:1.0000	1.74	false		0.8175024816909233	0.942608658320565	not_selected	v1.2-General	not_selected	true	8	3	1	0.8454	0.9167	HyAsP;MOB-recon;PlasmidFinder	PLASMe;Plasmer;PlasmidEC;Platon;RFPlasmid;geNomad;gplas2;plASgraph2	OK	refseq	81
FN	SAMN51250223	Escherichia coli (E. coli)	not_available	54	6106	5-<10kb	0	2	plasmid	plasmid_fraction>=0.80	high		0.0	1.0	0.0	1		NZ_JBRERL010000002.1:1.0000	0.98	false		0.0005025181506132203	0.0017499740792468077	not_selected	v1.2-General	not_selected	true	0	12	0	0.0	1.0	HyAsP;MOB-recon;PLASMe;PlaScope;Plasmer;PlasmidEC;PlasmidFinder;Platon;RFPlasmid;geNomad;gplas2;plASgraph2		OK	refseq	81
FN	SAMN51250223	Escherichia coli (E. coli)	not_available	58	5177	5-<10kb	0	2	plasmid	plasmid_fraction>=0.80	high		0.0	1.0	0.0	1		NZ_JBRERL010000003.1:1.0000	1.7	false		0.3351738164934949	0.8712693068318432	not_selected	v1.2-General	not_selected	true	7	5	0	0.9799	1.0	HyAsP;MOB-recon;Plasmer;PlasmidFinder;Platon	PLASMe;PlaScope;PlasmidEC;RFPlasmid;geNomad;gplas2;plASgraph2	OK	refseq	81
FN	SAMN51250223	Escherichia coli (E. coli)	not_available	62	3504	2-<5kb	0	2	plasmid	plasmid_fraction>=0.80	high		0.0	1.0	0.0	1		NZ_JBRERL010000002.1:1.0000	0.96	false		0.0024123556419008763	0.0017230573867199948	not_selected	v1.2-General	not_selected	true	0	11	1	0.0	0.9167	HyAsP;MOB-recon;PLASMe;PlaScope;Plasmer;PlasmidEC;PlasmidFinder;Platon;RFPlasmid;geNomad;gplas2		OK	refseq	81
FN	SAMN51250223	Escherichia coli (E. coli)	not_available	63	3313	2-<5kb	0	2	plasmid	plasmid_fraction>=0.80	high		0.0	1.0	0.0	1		NZ_JBRERL010000002.1:1.0000	0.92	false		0.030712803277361277	0.0018450459265302675	not_selected	v1.2-General	not_selected	true	2	10	0	0.65	1.0	HyAsP;MOB-recon;PlaScope;Plasmer;PlasmidEC;PlasmidFinder;Platon;RFPlasmid;geNomad;gplas2	PLASMe;plASgraph2	OK	refseq	81
FN	SAMN51250223	Escherichia coli (E. coli)	not_available	66	2060	2-<5kb	0	2	plasmid	plasmid_fraction>=0.80	high		0.0	1.0	0.0	1		NZ_JBRERL010000002.1:1.0000	0.97	false		0.0005025181506132203	0.0016490130894969831	not_selected	v1.2-General	not_selected	true	0	12	0	0.0	1.0	HyAsP;MOB-recon;PLASMe;PlaScope;Plasmer;PlasmidEC;PlasmidFinder;Platon;RFPlasmid;geNomad;gplas2;plASgraph2		OK	refseq	81
FN	SAMN51250223	Escherichia coli (E. coli)	not_available	71	1587	1-<2kb	0	2	plasmid	plasmid_fraction>=0.80	high		0.0	1.0	0.0	1		NZ_JBRERL010000006.1:1.0000	2.21	false		0.03747193102673338	0.03496935467992089	not_selected	v1.2-General	not_selected	true	2	9	1	0.684	0.9167	MOB-recon;PlaScope;Plasmer;PlasmidEC;PlasmidFinder;Platon;RFPlasmid;geNomad;gplas2	HyAsP;PLASMe	OK	refseq	81
FN	SAMN51250223	Escherichia coli (E. coli)	not_available	74	1524	1-<2kb	0	2	plasmid	plasmid_fraction>=0.80	high		0.0	1.0	0.0	1		NZ_JBRERL010000002.1:1.0000	1.01	false		0.0005025181506132203	0.0016490130894969831	not_selected	v1.2-General	not_selected	true	0	12	0	0.0	1.0	HyAsP;MOB-recon;PLASMe;PlaScope;Plasmer;PlasmidEC;PlasmidFinder;Platon;RFPlasmid;geNomad;gplas2;plASgraph2		OK	refseq	81
FN	SAMN51250223	Escherichia coli (E. coli)	not_available	79	1252	1-<2kb	0	3	plasmid	plasmid_fraction>=0.80	high	repeat_multi_location:2	0.0	1.0	0.0	1		NZ_JBRERL010000002.1:1.0000	2.05	false		0.00012599395954687636	0.0021848681523780004	not_selected	v1.2-General	not_selected	true	1	10	1	0.4395	0.9167	HyAsP;MOB-recon;PlaScope;Plasmer;PlasmidEC;PlasmidFinder;Platon;RFPlasmid;geNomad;plASgraph2	PLASMe	OK	refseq	81
FN	SAMN51250223	Escherichia coli (E. coli)	not_available	84	1078	1-<2kb	0	2	plasmid	plasmid_fraction>=0.80	high		0.0	1.0	0.0	1		NZ_JBRERL010000003.1:1.0000	1.67	false	astA	0.8192614192818205	0.897947688775165	not_selected	v1.2-General	not_selected	true	7	5	0	0.9799	1.0	MOB-recon;Plasmer;PlasmidFinder;RFPlasmid;geNomad	HyAsP;PLASMe;PlaScope;PlasmidEC;Platon;gplas2;plASgraph2	OK	refseq	81
FP	SAMN51335557	Escherichia coli (E. coli)	not_available	58	4386	2-<5kb	0	2	chromosome	chromosome_fraction>=0.80	high		1.0	0.0	0.0	1	NZ_CM132280.1:1.0000		1.11	true	aph(3'')-Ib;aph(6)-Id;sul2	0.9916887540217667	0.6916468662099382	not_selected	v1.1	not_selected	false	9	2	1	0.684	0.9167	MOB-recon;PLASMe;Plasmer;PlasmidEC;PlasmidFinder;Platon;RFPlasmid;geNomad;gplas2	HyAsP;plASgraph2	OK	refseq	78
FP	SAMN51335557	Escherichia coli (E. coli)	not_available	68	1831	1-<2kb	0	2	chromosome	chromosome_fraction>=0.80	high		1.0	0.0	0.0	1	NZ_CM132280.1:1.0000		1.16	true	blaTEM-1	0.9750153105721396	0.6934147459354099	not_selected	v1.1	not_selected	false	9	2	1	0.684	0.9167	MOB-recon;PLASMe;PlaScope;Plasmer;PlasmidEC;Platon;RFPlasmid;geNomad;gplas2	HyAsP;PlasmidFinder	OK	refseq	78
FP	SAMN51335558	Escherichia coli (E. coli)	not_available	38	14961	>=10kb	0	2	chromosome	chromosome_fraction>=0.80	high		1.0	0.0	0.0	1	NZ_CM132279.1:1.0000		1.18	true	blaDHA-1;mph(A);mrx(A);qacE;qnrB4;sul1	0.9508635198395291	0.28851523160619025	not_selected	v1.1	not_selected	false	10	2	0	0.65	1.0	HyAsP;MOB-recon;PLASMe;PlaScope;Plasmer;PlasmidEC;Platon;RFPlasmid;geNomad;gplas2	PlasmidFinder;plASgraph2	OK	refseq	54
FP	SAMN51335558	Escherichia coli (E. coli)	not_available	42	4386	2-<5kb	0	2	chromosome	chromosome_fraction>=0.80	high		1.0	0.0	0.0	1	NZ_CM132279.1:1.0000		1.14	true	aph(3'')-Ib;aph(6)-Id;sul2	0.9986702433695193	0.362342531581983	not_selected	v1.1	not_selected	false	11	1	0	0.4138	1.0	HyAsP;MOB-recon;PLASMe;PlaScope;Plasmer;PlasmidEC;PlasmidFinder;Platon;RFPlasmid;geNomad;gplas2	plASgraph2	OK	refseq	54
FN	SAMN52951588	Escherichia coli (E. coli)	not_available	104	1308	1-<2kb	0	2	plasmid	plasmid_fraction>=0.80	high		0.0	1.0	0.0	1		NZ_JBRYYF010000002.1:1.0000	1.65	false		0.9123720989070611	0.9333328086697654	not_selected	v1.2-General	not_selected	true	7	5	0	0.9799	1.0	HyAsP;PlasmidFinder;RFPlasmid;geNomad;plASgraph2	MOB-recon;PLASMe;PlaScope;Plasmer;PlasmidEC;Platon;gplas2	OK	refseq	110
FN	SAMN52951588	Escherichia coli (E. coli)	not_available	109	1123	1-<2kb	0	2	plasmid	plasmid_fraction>=0.80	high		0.0	1.0	0.0	1		NZ_JBRYYF010000002.1:1.0000	1.65	false		0.7337646477914976	0.9516876618486806	not_selected	v1.2-General	not_selected	true	7	4	1	0.9457	0.9167	MOB-recon;PlasmidFinder;Platon;geNomad	HyAsP;PLASMe;PlaScope;Plasmer;PlasmidEC;RFPlasmid;gplas2	OK	refseq	110
FN	SAMN52951588	Escherichia coli (E. coli)	not_available	50	17075	>=10kb	0	2	plasmid	plasmid_fraction>=0.80	high		0.0	1.0	0.0	1		NZ_JBRYYF010000002.1:1.0000	1.46	false		0.10618092206265868	0.8132023398918751	not_selected	v1.2-General	not_selected	true	6	6	0	1.0	1.0	MOB-recon;Plasmer;PlasmidFinder;Platon;geNomad;plASgraph2	HyAsP;PLASMe;PlaScope;PlasmidEC;RFPlasmid;gplas2	OK	refseq	110
FN	SAMN52951588	Escherichia coli (E. coli)	not_available	68	6421	5-<10kb	0	2	plasmid	plasmid_fraction>=0.80	high		0.0	1.0	0.0	1		NZ_JBRYYF010000002.1:1.0000	1.54	false		0.9137413354205492	0.9324135752714592	not_selected	v1.2-General	not_selected	true	9	3	0	0.8113	1.0	HyAsP;PlasmidFinder;plASgraph2	MOB-recon;PLASMe;PlaScope;Plasmer;PlasmidEC;Platon;RFPlasmid;geNomad;gplas2	OK	refseq	110
FN	SAMN52951588	Escherichia coli (E. coli)	not_available	73	5955	5-<10kb	0	2	plasmid	plasmid_fraction>=0.80	high		0.0	1.0	0.0	1		NZ_JBRYYF010000002.1:1.0000	1.58	false		0.7944342199327958	0.9438611240551057	not_selected	v1.2-General	not_selected	true	9	3	0	0.8113	1.0	PlasmidFinder;Platon;plASgraph2	HyAsP;MOB-recon;PLASMe;PlaScope;Plasmer;PlasmidEC;RFPlasmid;geNomad;gplas2	OK	refseq	110
FN	SAMN52951588	Escherichia coli (E. coli)	not_available	75	5686	5-<10kb	0	2	plasmid	plasmid_fraction>=0.80	high		0.0	1.0	0.0	1		NZ_JBRYYF010000002.1:1.0000	1.54	false		0.900702896221801	0.7572095658853376	not_selected	v1.2-General	not_selected	true	4	8	0	0.9183	1.0	HyAsP;PlasmidEC;PlasmidFinder;Platon;RFPlasmid;geNomad;gplas2;plASgraph2	MOB-recon;PLASMe;PlaScope;Plasmer	OK	refseq	110
FN	SAMN52951588	Escherichia coli (E. coli)	not_available	78	4870	2-<5kb	0	2	plasmid	plasmid_fraction>=0.80	high		0.0	1.0	0.0	1		NZ_JBRYYF010000002.1:1.0000	1.57	false		0.3351738164934949	0.8712693068318432	not_selected	v1.2-General	not_selected	true	7	5	0	0.9799	1.0	HyAsP;MOB-recon;Plasmer;PlasmidFinder;Platon	PLASMe;PlaScope;PlasmidEC;RFPlasmid;geNomad;gplas2;plASgraph2	OK	refseq	110
FN	SAMN52951588	Escherichia coli (E. coli)	not_available	82	4408	2-<5kb	0	2	plasmid	plasmid_fraction>=0.80	high		0.0	1.0	0.0	1		NZ_JBRYYF010000002.1:1.0000	1.62	false		0.8822499927131491	0.8667692705118988	not_selected	v1.2-General	not_selected	true	5	6	1	0.994	0.9167	PlaScope;PlasmidEC;PlasmidFinder;Platon;geNomad;gplas2	HyAsP;MOB-recon;PLASMe;Plasmer;RFPlasmid	OK	refseq	110
FN	SAMN52951588	Escherichia coli (E. coli)	not_available	91	2990	2-<5kb	0	2	plasmid	plasmid_fraction>=0.80	high		0.0	1.0	0.0	1		NZ_JBRYYF010000002.1:1.0000	1.59	false		0.9123720989070611	0.9311654718610074	not_selected	v1.2-General	not_selected	true	7	5	0	0.9799	1.0	HyAsP;PlasmidFinder;RFPlasmid;geNomad;plASgraph2	MOB-recon;PLASMe;PlaScope;Plasmer;PlasmidEC;Platon;gplas2	OK	refseq	110
FN	SAMN52951588	Escherichia coli (E. coli)	not_available	99	1792	1-<2kb	0	4	plasmid	plasmid_fraction>=0.80	high	repeat_multi_location:2	0.0	1.0	0.0	1		NZ_JBRYYF010000002.1:1.0000	2.58	false		0.8705147387133599	0.9698577354786537	high_confidence_plasmid	v1.2-General	not_selected	true	8	3	1	0.8454	0.9167	PlasmidFinder;Platon;geNomad	HyAsP;MOB-recon;PLASMe;PlaScope;Plasmer;PlasmidEC;RFPlasmid;plASgraph2	OK	refseq	110
FN	SAMN53177110	Escherichia coli (E. coli)	not_available	95	2830	2-<5kb	1	2	plasmid	plasmid_fraction>=0.80	high		0.0	1.0	0.0	1		NZ_JBSTNS010000004.1:1.0000	15.08	false		0.8242539482520607	0.8391205817286522	not_selected	v1.2-General	not_selected	true	7	4	1	0.9457	0.9167	HyAsP;MOB-recon;PlasmidFinder;RFPlasmid	PLASMe;Plasmer;PlasmidEC;Platon;geNomad;gplas2;plASgraph2	OK	refseq	120
FN	SAMN53300881	Escherichia coli (E. coli)	not_available	49	13407	>=10kb	0	2	plasmid	plasmid_fraction>=0.80	high		0.0	1.0	0.0	1		NZ_JBTLFU010000002.1:1.0000	3.89	false		0.006724141415640177	0.0006144701756453545	not_selected	v1.2-General	not_selected	true	1	11	0	0.4138	1.0	HyAsP;MOB-recon;PLASMe;PlaScope;Plasmer;PlasmidEC;PlasmidFinder;Platon;RFPlasmid;geNomad;gplas2	plASgraph2	OK	refseq	73
FN	SAMN53300881	Escherichia coli (E. coli)	not_available	59	4548	2-<5kb	0	2	plasmid	plasmid_fraction>=0.80	high		0.0	0.8107	0.0	1		NZ_JBTLFU010000004.1:0.8107	1.67	false		0.0005025181506132203	0.00034381974824296263	not_selected	v1.2-General	not_selected	true	0	12	0	0.0	1.0	HyAsP;MOB-recon;PLASMe;PlaScope;Plasmer;PlasmidEC;PlasmidFinder;Platon;RFPlasmid;geNomad;gplas2;plASgraph2		OK	refseq	73
FP	SAMN53300882	Escherichia coli (E. coli)	not_available	76	4327	2-<5kb	0	2	chromosome	chromosome_fraction>=0.80	high		1.0	0.0	0.0	1	NZ_CM173878.1:1.0000		0.91	false		0.9508635198395291	0.968633808939027	high_confidence_plasmid	v1.2-General	plasmid_selected	true	10	2	0	0.65	1.0	HyAsP;MOB-recon;PLASMe;PlaScope;Plasmer;PlasmidEC;Platon;RFPlasmid;geNomad;gplas2	PlasmidFinder;plASgraph2	OK	refseq	101
FN	SAMN53300905	Escherichia coli (E. coli)	not_available	38	7328	5-<10kb	0	2	plasmid	plasmid_fraction>=0.80	high		0.0	1.0	0.0	1		NZ_JBTLGS010000001.1:1.0000	1.71	false		0.7944342199327958	0.27154662691389203	not_selected	v1.2-General	not_selected	true	9	3	0	0.8113	1.0	PlasmidFinder;Platon;plASgraph2	HyAsP;MOB-recon;PLASMe;PlaScope;Plasmer;PlasmidEC;RFPlasmid;geNomad;gplas2	OK	refseq	66
FN	SAMN53300905	Escherichia coli (E. coli)	not_available	44	4717	2-<5kb	0	3	plasmid	plasmid_fraction>=0.80	high		0.0	1.0	0.0	1		NZ_JBTLGS010000001.1:1.0000	1.63	false		0.8184416904444722	0.454819009438738	not_selected	v1.2-General	not_selected	true	9	2	1	0.684	0.9167	PlasmidFinder;plASgraph2	HyAsP;MOB-recon;PLASMe;PlaScope;Plasmer;PlasmidEC;Platon;RFPlasmid;geNomad	OK	refseq	66
FN	SAMN53300905	Escherichia coli (E. coli)	not_available	55	1586	1-<2kb	0	4	plasmid	plasmid_fraction>=0.80	high	repeat_multi_location:2	0.0	1.0	0.0	1		NZ_JBTLGS010000001.1:1.0000	3.14	false		0.8178592258974834	0.3745475746150173	not_selected	v1.2-General	not_selected	true	8	3	1	0.8454	0.9167	PlasmidFinder;geNomad;plASgraph2	HyAsP;MOB-recon;PLASMe;PlaScope;Plasmer;PlasmidEC;Platon;RFPlasmid	OK	refseq	66
FN	SAMN53300905	Escherichia coli (E. coli)	not_available	64	1151	1-<2kb	0	4	plasmid	plasmid_fraction>=0.80	high	repeat_multi_location:3	0.0	1.0	0.0	1		NZ_JBTLGS010000001.1:1.0000	4.44	false		0.7759819264665878	0.6301936300064835	not_selected	v1.2-General	not_selected	true	7	3	2	0.8813	0.8333	PlasmidFinder;Platon;geNomad	HyAsP;MOB-recon;PLASMe;PlaScope;Plasmer;PlasmidEC;RFPlasmid	OK	refseq	66
FN	SAMN53300911	Escherichia coli (E. coli)	not_available	101	2955	2-<5kb	0	2	plasmid	plasmid_fraction>=0.80	high		0.0	1.0	0.0	1		NZ_JBTLGY010000003.1:1.0000	1.08	false		0.9123720989070611	0.9311654718610074	not_selected	v1.2-General	not_selected	true	7	5	0	0.9799	1.0	HyAsP;PlasmidFinder;RFPlasmid;geNomad;plASgraph2	MOB-recon;PLASMe;PlaScope;Plasmer;PlasmidEC;Platon;gplas2	OK	refseq	122
FN	SAMN53300911	Escherichia coli (E. coli)	not_available	71	14194	>=10kb	0	2	plasmid	plasmid_fraction>=0.80	high		0.0	1.0	0.0	1		NZ_JBTLGY010000003.1:1.0000	1.42	false		0.09433291684443804	0.598306167705006	not_selected	v1.2-General	not_selected	true	5	7	0	0.9799	1.0	HyAsP;MOB-recon;PLASMe;Plasmer;PlasmidFinder;Platon;geNomad	PlaScope;PlasmidEC;RFPlasmid;gplas2;plASgraph2	OK	refseq	122
FN	SAMN53300911	Escherichia coli (E. coli)	not_available	72	14184	>=10kb	0	2	plasmid	plasmid_fraction>=0.80	high		0.0	1.0	0.0	1		NZ_JBTLGY010000003.1:1.0000	1.38	false		0.08205545950840865	0.00779683989015319	not_selected	v1.2-General	not_selected	true	2	10	0	0.65	1.0	HyAsP;MOB-recon;Plasmer;PlasmidEC;PlasmidFinder;Platon;RFPlasmid;geNomad;gplas2;plASgraph2	PLASMe;PlaScope	OK	refseq	122
FN	SAMN53300911	Escherichia coli (E. coli)	not_available	97	3810	2-<5kb	0	2	plasmid	plasmid_fraction>=0.80	high		0.0	1.0	0.0	1		NZ_JBTLGY010000003.1:1.0000	1.27	false		0.9110606383483703	0.9428283227341219	not_selected	v1.2-General	not_selected	true	8	4	0	0.9183	1.0	HyAsP;PlasmidFinder;geNomad;plASgraph2	MOB-recon;PLASMe;PlaScope;Plasmer;PlasmidEC;Platon;RFPlasmid;gplas2	OK	refseq	122
FN	SAMN53300925	Escherichia coli (E. coli)	not_available	109	1402	1-<2kb	0	2	plasmid	plasmid_fraction>=0.80	high		0.0	1.0	0.0	1		NZ_JBTLHM010000001.1:1.0000	1.39	false		0.0023477360266118638	0.0010415537492729924	not_selected	v1.2-General	not_selected	true	1	11	0	0.4138	1.0	HyAsP;MOB-recon;PlaScope;Plasmer;PlasmidEC;PlasmidFinder;Platon;RFPlasmid;geNomad;gplas2;plASgraph2	PLASMe	OK	refseq	122
FN	SAMN53300925	Escherichia coli (E. coli)	not_available	112	1346	1-<2kb	0	2	plasmid	plasmid_fraction>=0.80	high		0.0	1.0	0.0	1		NZ_JBTLHM010000001.1:1.0000	1.23	false		0.019011907462895737	0.003301965487248314	not_selected	v1.2-General	not_selected	true	0	10	2	0.0	0.8333	HyAsP;MOB-recon;PLASMe;Plasmer;PlasmidEC;PlasmidFinder;Platon;RFPlasmid;geNomad;gplas2		OK	refseq	122
FN	SAMN53300925	Escherichia coli (E. coli)	not_available	114	1271	1-<2kb	0	2	plasmid	plasmid_fraction>=0.80	high		0.0	1.0	0.0	1		NZ_JBTLHM010000004.1:1.0000	1.07	false		0.7877307278041984	0.9409403174460156	not_selected	v1.2-General	not_selected	true	8	4	0	0.9183	1.0	MOB-recon;PlasmidFinder;RFPlasmid;plASgraph2	HyAsP;PLASMe;PlaScope;Plasmer;PlasmidEC;Platon;geNomad;gplas2	OK	refseq	122
FN	SAMN53300925	Escherichia coli (E. coli)	not_available	54	19054	>=10kb	0	2	plasmid	plasmid_fraction>=0.80	high		0.0	1.0	0.0	1		NZ_JBTLHM010000004.1:1.0000	1.1	false		0.4777938961559145	0.864214164721975	not_selected	v1.2-General	not_selected	true	9	3	0	0.8113	1.0	PlaScope;PlasmidFinder;plASgraph2	HyAsP;MOB-recon;PLASMe;Plasmer;PlasmidEC;Platon;RFPlasmid;geNomad;gplas2	OK	refseq	122
FN	SAMN53300925	Escherichia coli (E. coli)	not_available	62	16492	>=10kb	0	2	plasmid	plasmid_fraction>=0.80	high	repeat_multi_location:2	0.0	1.0	0.0	1		NZ_JBTLHM010000001.1:1.0000	1.4	false		0.42167580725551146	0.952428356074946	plasmid_selected	v1.2-General	not_selected	true	8	4	0	0.9183	1.0	MOB-recon;PlasmidFinder;Platon;plASgraph2	HyAsP;PLASMe;PlaScope;Plasmer;PlasmidEC;RFPlasmid;geNomad;gplas2	OK	refseq	122
FN	SAMN53300925	Escherichia coli (E. coli)	not_available	64	15533	>=10kb	0	2	plasmid	plasmid_fraction>=0.80	high		0.0	1.0	0.0	1		NZ_JBTLHM010000004.1:1.0000	1.04	false		0.42167580725551146	0.952428356074946	plasmid_selected	v1.2-General	not_selected	true	8	4	0	0.9183	1.0	MOB-recon;PlasmidFinder;Platon;plASgraph2	HyAsP;PLASMe;PlaScope;Plasmer;PlasmidEC;RFPlasmid;geNomad;gplas2	OK	refseq	122
FN	SAMN53300925	Escherichia coli (E. coli)	not_available	81	6071	5-<10kb	0	2	plasmid	plasmid_fraction>=0.80	high		0.0	1.0	0.0	1		NZ_JBTLHM010000001.1:1.0000	1.46	false		0.1768155366287596	0.0016424529844560932	not_selected	v1.2-General	not_selected	true	3	8	1	0.8454	0.9167	HyAsP;PlaScope;Plasmer;PlasmidEC;PlasmidFinder;Platon;RFPlasmid;gplas2	MOB-recon;PLASMe;geNomad	OK	refseq	122
FN	SAMN53300925	Escherichia coli (E. coli)	not_available	90	3249	2-<5kb	0	2	plasmid	plasmid_fraction>=0.80	high		0.0	1.0	0.0	1		NZ_JBTLHM010000001.1:1.0000	1.09	false		0.32322501598904907	0.006052375584350059	not_selected	v1.2-General	not_selected	true	3	9	0	0.8113	1.0	HyAsP;MOB-recon;PLASMe;Plasmer;PlasmidEC;PlasmidFinder;Platon;RFPlasmid;gplas2	PlaScope;geNomad;plASgraph2	OK	refseq	122
FN	SAMN53649220	Escherichia coli (E. coli)	not_available	43	13277	>=10kb	0	2	plasmid	plasmid_fraction>=0.80	high		0.0	1.0	0.0	1		ACBOWI020000002.1:1.0000	1.13	false		0.787239853857969	0.5749073519679921	not_selected	v1.2-General	not_selected	true	9	2	1	0.684	0.9167	Platon;plASgraph2	HyAsP;MOB-recon;PLASMe;PlaScope;Plasmer;PlasmidEC;RFPlasmid;geNomad;gplas2	OK	genbank	70
FN	SAMN54493115	Escherichia coli (E. coli)	not_available	37	14190	>=10kb	0	2	plasmid	plasmid_fraction>=0.80	high		0.0	1.0	0.0	1		NZ_JBYTPC010000003.1:1.0000	0.73	false		0.19389199574930574	0.0012723100381816577	not_selected	v1.2-General	not_selected	true	3	8	1	0.8454	0.9167	HyAsP;MOB-recon;PlaScope;PlasmidEC;PlasmidFinder;Platon;RFPlasmid;gplas2	PLASMe;Plasmer;geNomad	OK	refseq	68
FN	SAMN54493115	Escherichia coli (E. coli)	not_available	39	11479	>=10kb	0	2	plasmid	plasmid_fraction>=0.80	high		0.0	1.0	0.0	1		NZ_JBYTPC010000003.1:1.0000	0.57	false		0.07606130976035279	0.03454304209728536	not_selected	v1.2-General	not_selected	true	4	8	0	0.9183	1.0	HyAsP;MOB-recon;PlaScope;PlasmidEC;PlasmidFinder;Platon;gplas2;plASgraph2	PLASMe;Plasmer;RFPlasmid;geNomad	OK	refseq	68
FN	SAMN54493115	Escherichia coli (E. coli)	not_available	40	9372	5-<10kb	0	2	plasmid	plasmid_fraction>=0.80	high		0.0	1.0	0.0	1		NZ_JBYTPC010000003.1:1.0000	0.65	false		0.5257187758151737	0.10326014240195883	not_selected	v1.2-General	not_selected	true	5	7	0	0.9799	1.0	HyAsP;MOB-recon;PlaScope;PlasmidEC;PlasmidFinder;Platon;gplas2	PLASMe;Plasmer;RFPlasmid;geNomad;plASgraph2	OK	refseq	68
FN	SAMN54493115	Escherichia coli (E. coli)	not_available	45	7824	5-<10kb	0	2	plasmid	plasmid_fraction>=0.80	high		0.0	1.0	0.0	1		NZ_JBYTPC010000003.1:1.0000	0.68	false		0.5344900231595623	0.9036524351195458	not_selected	v1.2-General	not_selected	true	7	5	0	0.9799	1.0	HyAsP;MOB-recon;PLASMe;PlasmidFinder;Platon	PlaScope;Plasmer;PlasmidEC;RFPlasmid;geNomad;gplas2;plASgraph2	OK	refseq	68
FN	SAMN54493115	Escherichia coli (E. coli)	not_available	46	5735	5-<10kb	0	2	plasmid	plasmid_fraction>=0.80	high		0.0	1.0	0.0	1		NZ_JBYTPC010000003.1:1.0000	0.47	false		0.48793662448218494	0.005003224601685664	not_selected	v1.2-General	not_selected	true	3	9	0	0.8113	1.0	HyAsP;MOB-recon;PlasmidEC;PlasmidFinder;Platon;RFPlasmid;geNomad;gplas2;plASgraph2	PLASMe;PlaScope;Plasmer	OK	refseq	68
FN	SAMN54493115	Escherichia coli (E. coli)	not_available	51	3473	2-<5kb	0	2	plasmid	plasmid_fraction>=0.80	high		0.0	1.0	0.0	1		NZ_JBYTPC010000002.1:1.0000	0.96	false		0.7849934510745252	0.38823890534135064	not_selected	v1.2-General	not_selected	true	9	3	0	0.8113	1.0	MOB-recon;PlasmidFinder;plASgraph2	HyAsP;PLASMe;PlaScope;Plasmer;PlasmidEC;Platon;RFPlasmid;geNomad;gplas2	OK	refseq	68
FN	SAMN54493115	Escherichia coli (E. coli)	not_available	54	2349	2-<5kb	0	2	plasmid	plasmid_fraction>=0.80	high		0.0	1.0	0.0	1		NZ_JBYTPC010000003.1:1.0000	0.44	false		0.008325764689385631	0.06230658333596937	not_selected	v1.2-General	not_selected	true	4	7	1	0.9457	0.9167	HyAsP;MOB-recon;Plasmer;PlasmidFinder;Platon;geNomad;plASgraph2	PLASMe;PlasmidEC;RFPlasmid;gplas2	OK	refseq	68
FN	SAMN54493115	Escherichia coli (E. coli)	not_available	55	1995	1-<2kb	0	4	plasmid	plasmid_fraction>=0.80	high	repeat_multi_location:3;multi_mapping	0.0	1.0	0.0	2		NZ_JBYTPC010000002.1:1.0000	1.87	false		0.4774396077530943	0.4143782191615584	not_selected	v1.2-General	not_selected	true	6	5	1	0.994	0.9167	MOB-recon;PlasmidFinder;RFPlasmid;geNomad;plASgraph2	HyAsP;PLASMe;PlaScope;Plasmer;PlasmidEC;Platon	OK	refseq	68
FN	SAMN54493115	Escherichia coli (E. coli)	not_available	64	1272	1-<2kb	0	2	plasmid	plasmid_fraction>=0.80	high		0.0	1.0	0.0	1		NZ_JBYTPC010000002.1:1.0000	1.06	false		0.7820679522767201	0.5128815055470154	not_selected	v1.2-General	not_selected	true	7	5	0	0.9799	1.0	MOB-recon;PlasmidFinder;RFPlasmid;geNomad;plASgraph2	HyAsP;PLASMe;PlaScope;Plasmer;PlasmidEC;Platon;gplas2	OK	refseq	68
FN	SAMN54493115	Escherichia coli (E. coli)	not_available	65	1245	1-<2kb	0	3	plasmid	plasmid_fraction>=0.80	high	repeat_multi_location:2	0.0	1.0	0.0	1		NZ_JBYTPC010000002.1:1.0000	0.75	false		0.8246003264020063	0.6225508568614073	not_selected	v1.2-General	not_selected	true	7	4	1	0.9457	0.9167	PlasmidFinder;RFPlasmid;geNomad;plASgraph2	HyAsP;MOB-recon;PLASMe;PlaScope;Plasmer;PlasmidEC;Platon	OK	refseq	68
FN	SAMN54493115	Escherichia coli (E. coli)	not_available	69	1070	1-<2kb	0	3	plasmid	plasmid_fraction>=0.80	high	repeat_multi_location:2	0.0	1.0	0.0	1		NZ_JBYTPC010000003.1:1.0000	1.0	false		0.00012599395954687636	0.000685114026500302	not_selected	v1.2-General	not_selected	true	1	10	1	0.4395	0.9167	HyAsP;MOB-recon;PlaScope;Plasmer;PlasmidEC;PlasmidFinder;Platon;RFPlasmid;geNomad;plASgraph2	PLASMe	OK	refseq	68
FN	SAMN54493115	Escherichia coli (E. coli)	not_available	70	1000	1-<2kb	0	6	plasmid	plasmid_fraction>=0.80	high	repeat_multi_location:8	0.0	1.0	0.0	1		NZ_JBYTPC010000003.1:1.0000	4.19	false		0.3970602759327181	0.6536831537969248	not_selected	v1.2-General	not_selected	true	4	7	1	0.9457	0.9167	HyAsP;Plasmer;PlasmidEC;PlasmidFinder;Platon;RFPlasmid;geNomad	MOB-recon;PLASMe;PlaScope;plASgraph2	OK	refseq	68
FP	SAMN56646525	Escherichia coli (E. coli)	not_available	58	2052	2-<5kb	0	2	chromosome	chromosome_fraction>=0.80	high		1.0	0.0	0.0	1	NZ_CM163381.1:1.0000		1.13	true	aph(3'')-Ib;aph(6)-Id	0.9492724375550261	0.20299032391259889	not_selected	v1.1	not_selected	false	9	3	0	0.8113	1.0	HyAsP;MOB-recon;PLASMe;PlaScope;Plasmer;PlasmidEC;Platon;RFPlasmid;gplas2	PlasmidFinder;geNomad;plASgraph2	OK	refseq	64
FN	SAMN59744460	Escherichia coli (E. coli)	not_available	54	5032	5-<10kb	0	2	plasmid	plasmid_fraction>=0.80	high		0.0	1.0	0.0	1		ACDGVC020000002.1:1.0000	0.82	true	catA1	0.7849934510745252	0.9664462147524898	high_confidence_plasmid	v1.1	high_confidence_plasmid	false	9	3	0	0.8113	1.0	MOB-recon;PlasmidFinder;plASgraph2	HyAsP;PLASMe;PlaScope;Plasmer;PlasmidEC;Platon;RFPlasmid;geNomad;gplas2	OK	genbank	84
FN	SAMN59744460	Escherichia coli (E. coli)	not_available	57	4632	2-<5kb	0	2	plasmid	plasmid_fraction>=0.80	high		0.0	1.0	0.0	1		ACDGVC020000002.1:1.0000	0.97	false		0.7849934510745252	0.9664462147524898	high_confidence_plasmid	v1.2-General	not_selected	true	9	3	0	0.8113	1.0	MOB-recon;PlasmidFinder;plASgraph2	HyAsP;PLASMe;PlaScope;Plasmer;PlasmidEC;Platon;RFPlasmid;geNomad;gplas2	OK	genbank	84
FN	SAMN59744460	Escherichia coli (E. coli)	not_available	58	4395	2-<5kb	0	2	plasmid	plasmid_fraction>=0.80	high		0.0	1.0	0.0	1		ACDGVC020000002.1:1.0000	0.81	true	tet(B)	0.7944342199327958	0.9656110990516318	high_confidence_plasmid	v1.1	high_confidence_plasmid	false	9	3	0	0.8113	1.0	PlasmidFinder;Platon;plASgraph2	HyAsP;MOB-recon;PLASMe;PlaScope;Plasmer;PlasmidEC;RFPlasmid;geNomad;gplas2	OK	genbank	84
FN	SAMN61074893	Escherichia coli (E. coli)	not_available	111	2821	2-<5kb	1	2	plasmid	plasmid_fraction>=0.80	high		0.0	1.0	0.0	1		ACECUP020000015.1:1.0000	0.7	false		0.8242539482520607	0.2966735814437225	not_selected	v1.2-General	not_selected	true	7	4	1	0.9457	0.9167	HyAsP;MOB-recon;PlasmidFinder;RFPlasmid	PLASMe;Plasmer;PlasmidEC;Platon;geNomad;gplas2;plASgraph2	OK	genbank	130
FN	SAMN61074893	Escherichia coli (E. coli)	not_available	119	1798	1-<2kb	0	2	plasmid	plasmid_fraction>=0.80	high		0.0	1.0	0.0	1		ACECUP020000006.1:1.0000	0.87	false		0.7792781134159518	0.842554404614431	not_selected	v1.2-General	not_selected	true	8	4	0	0.9183	1.0	MOB-recon;PlasmidFinder;geNomad;plASgraph2	HyAsP;PLASMe;PlaScope;Plasmer;PlasmidEC;Platon;RFPlasmid;gplas2	OK	genbank	130
FN	SAMN61074893	Escherichia coli (E. coli)	not_available	128	1221	1-<2kb	0	4	plasmid	plasmid_fraction>=0.80	high	repeat_multi_location:2	0.0	1.0	0.0	1		ACECUP020000003.1:1.0000	1.52	false		0.19521761589680567	0.5950518572271479	not_selected	v1.2-General	not_selected	true	4	6	2	0.971	0.8333	PlaScope;PlasmidEC;PlasmidFinder;Platon;RFPlasmid;geNomad	HyAsP;MOB-recon;PLASMe;Plasmer	OK	genbank	130
FN	SAMN61074893	Escherichia coli (E. coli)	not_available	132	1047	1-<2kb	0	2	plasmid	plasmid_fraction>=0.80	high		0.0	1.0	0.0	1		ACECUP020000003.1:1.0000	0.55	false		0.48793662448218494	0.003618836405469643	not_selected	v1.2-General	not_selected	true	3	9	0	0.8113	1.0	HyAsP;MOB-recon;PlasmidEC;PlasmidFinder;Platon;RFPlasmid;geNomad;gplas2;plASgraph2	PLASMe;PlaScope;Plasmer	OK	genbank	130
FN	SAMN61074893	Escherichia coli (E. coli)	not_available	56	30494	>=10kb	1	2	plasmid	plasmid_fraction>=0.80	high		0.0	1.0	0.0	1		ACECUP020000008.1:1.0000	0.78	false		0.0047632320085462835	0.0002906726009320452	not_selected	v1.2-General	not_selected	true	1	11	0	0.4138	1.0	HyAsP;PLASMe;PlaScope;Plasmer;PlasmidEC;PlasmidFinder;Platon;RFPlasmid;geNomad;gplas2;plASgraph2	MOB-recon	OK	genbank	130
FN	SAMN61074893	Escherichia coli (E. coli)	not_available	69	21290	>=10kb	0	2	plasmid	plasmid_fraction>=0.80	high		0.0	1.0	0.0	1		ACECUP020000003.1:1.0000	0.7	false		0.46943185639990775	0.7669544791684422	not_selected	v1.2-General	not_selected	true	8	4	0	0.9183	1.0	PlaScope;PlasmidFinder;geNomad;plASgraph2	HyAsP;MOB-recon;PLASMe;Plasmer;PlasmidEC;Platon;RFPlasmid;gplas2	OK	genbank	130
FN	SAMN61074893	Escherichia coli (E. coli)	not_available	83	13104	>=10kb	0	2	plasmid	plasmid_fraction>=0.80	high		0.0	1.0	0.0	1		ACECUP020000003.1:1.0000	0.73	false		0.4777938961559145	0.6543938309854889	not_selected	v1.2-General	not_selected	true	9	3	0	0.8113	1.0	PlaScope;PlasmidFinder;plASgraph2	HyAsP;MOB-recon;PLASMe;Plasmer;PlasmidEC;Platon;RFPlasmid;geNomad;gplas2	OK	genbank	130
FN	SAMN61074893	Escherichia coli (E. coli)	not_available	86	10380	>=10kb	0	2	plasmid	plasmid_fraction>=0.80	high		0.0	1.0	0.0	1		ACECUP020000003.1:1.0000	0.77	false		0.9137413354205492	0.43907736563257915	not_selected	v1.2-General	not_selected	true	9	3	0	0.8113	1.0	HyAsP;PlasmidFinder;plASgraph2	MOB-recon;PLASMe;PlaScope;Plasmer;PlasmidEC;Platon;RFPlasmid;geNomad;gplas2	OK	genbank	130
