isolate	species	MLST	contig_id	contig_length	circular	truth_label	truth_decision_reason	best_plasmid_hit	best_chromosome_hit	reference_source	reference_accession	v11_score	v11_call	v12_score	v12_call	router_model	router_call	n_tools_with_a_usable_call	n_tools_abstained	tool_evidence_fraction	n_determinants	gene_symbols	drug_classes	subclasses	methods	closest_reference_accessions	min_pct_identity	min_pct_coverage	call_HyAsP	call_MOB-recon	call_PLASMe	call_PlaScope	call_Plasmer	call_PlasmidEC	call_PlasmidFinder	call_Platon	call_RFPlasmid	call_geNomad	call_gplas2	call_plASgraph2	mobrecon_provenance
SAMD00819698	Escherichia coli (E. coli)	not_available	110	1053	0	plasmid	plasmid_fraction>=0.80	NZ_AP039441.1:1.0000		refseq	GCF_055384925.1	0.9483735651886557	not_selected	0.9387888901759281	plasmid_selected	v1.1	not_selected	12	0	1.0	2	aadA5;dfrA17	AMINOGLYCOSIDE;TRIMETHOPRIM	STREPTOMYCIN;TRIMETHOPRIM	EXACTX;PARTIAL_CONTIG_ENDX	WP_000503573.1;WP_001389366.1	100.0	54.96	chromosome	plasmid	plasmid	plasmid	plasmid	plasmid	chromosome	chromosome	plasmid	chromosome	plasmid	plasmid	RECOVERED_OK
SAMD00819698	Escherichia coli (E. coli)	not_available	112	1005	0	plasmid	plasmid_fraction>=0.80	NZ_AP039441.1:1.0000		refseq	GCF_055384925.1	0.9717079216253953	high_confidence_plasmid	0.9857017881103314	plasmid_selected	v1.1	high_confidence_plasmid	11	1	0.9167	1	aph(3'')-Ib	AMINOGLYCOSIDE	STREPTOMYCIN	BLASTX	WP_001082319.1	99.63	100.0	plasmid	plasmid	plasmid	plasmid	plasmid	plasmid	chromosome	plasmid	plasmid	chromosome	plasmid	unknown	RECOVERED_OK
SAMD00819698	Escherichia coli (E. coli)	not_available	65	7695	0	plasmid	plasmid_fraction>=0.80	NZ_AP039440.1:1.0000		refseq	GCF_055384925.1	0.9912053825712391	high_confidence_plasmid	0.9931544050611385	plasmid_selected	v1.1	high_confidence_plasmid	12	0	1.0	5	aadA1;aadA2;cmlA1;qacL;sul3	AMINOGLYCOSIDE;PHENICOL;QUATERNARY AMMONIUM;SULFONAMIDE	CHLORAMPHENICOL;QUATERNARY AMMONIUM;STREPTOMYCIN;SULFONAMIDE	EXACTX	WP_000034420.1;WP_000095725.1;WP_000800531.1;WP_001206316.1;WP_001261740.1	100.0	100.0	plasmid	plasmid	plasmid	plasmid	plasmid	plasmid	chromosome	plasmid	plasmid	plasmid	plasmid	plasmid	RECOVERED_OK
SAMD00819698	Escherichia coli (E. coli)	not_available	75	4297	0	chromosome	chromosome_fraction>=0.80		NZ_AP039439.1:1.0000	refseq	GCF_055384925.1	0.9415926169575811	not_selected	0.9137413354205492	not_selected	v1.1	not_selected	12	0	1.0	1	mcr-1.1	COLISTIN	COLISTIN	ALLELEX	WP_049589868.1	100.0	100.0	chromosome	plasmid	plasmid	plasmid	plasmid	plasmid	chromosome	plasmid	plasmid	plasmid	plasmid	chromosome	RECOVERED_OK
SAMD00819698	Escherichia coli (E. coli)	not_available	82	3338	0	plasmid	plasmid_fraction>=0.80	NZ_AP039440.1:1.0000		refseq	GCF_055384925.1	0.9872180725852102	high_confidence_plasmid	0.9931544050611385	plasmid_selected	v1.1	high_confidence_plasmid	12	0	1.0	2	aac(3)-IVa;aph(4)-Ia	AMINOGLYCOSIDE	APRAMYCIN/GENTAMICIN/TOBRAMYCIN;HYGROMYCIN	EXACTX	WP_000742814.1;WP_001199192.1	100.0	100.0	plasmid	plasmid	plasmid	plasmid	plasmid	plasmid	chromosome	plasmid	plasmid	plasmid	plasmid	plasmid	RECOVERED_OK
SAMD00819698	Escherichia coli (E. coli)	not_available	83	3217	0	chromosome	chromosome_fraction>=0.80		NZ_AP039439.1:1.0000	refseq	GCF_055384925.1	0.9620231578530485	high_confidence_plasmid	0.9508635198395291	plasmid_selected	v1.1	high_confidence_plasmid	12	0	1.0	1	floR	PHENICOL	CHLORAMPHENICOL/FLORFENICOL	BLASTX	WP_000214121.1	99.75	100.0	plasmid	plasmid	plasmid	plasmid	plasmid	plasmid	chromosome	plasmid	plasmid	plasmid	plasmid	chromosome	RECOVERED_OK
SAMD00819698	Escherichia coli (E. coli)	not_available	90	2326	0	plasmid	plasmid_fraction>=0.80	NZ_AP039440.1:1.0000		refseq	GCF_055384925.1	0.9633125441134238	high_confidence_plasmid	0.9929225458808841	plasmid_selected	v1.1	high_confidence_plasmid	12	0	1.0	2	mph(A);mrx(A)	MACROLIDE	AZITHROMYCIN/ERYTHROMYCIN/SPIRAMYCIN/TELITHROMYCIN	BLASTX;EXACTX	WP_000004159.1;WP_000219391.1	99.67	100.0	plasmid	plasmid	plasmid	plasmid	plasmid	plasmid	chromosome	plasmid	plasmid	chromosome	plasmid	plasmid	RECOVERED_OK
SAMD00819698	Escherichia coli (E. coli)	not_available	95	1784	0	plasmid	plasmid_fraction>=0.80	NZ_AP039440.1:1.0000		refseq	GCF_055384925.1	0.9545280309632855	plasmid_selected	0.9655381836056843	plasmid_selected	v1.1	plasmid_selected	12	0	1.0	1	qnrS1	QUINOLONE	QUINOLONE	ALLELEX	WP_001516695.1	100.0	100.0	plasmid	plasmid	plasmid	plasmid	plasmid	plasmid	chromosome	chromosome	plasmid	chromosome	plasmid	plasmid	RECOVERED_OK
SAMN09400867	Escherichia coli (E. coli)	not_available	104	5913	0	plasmid	plasmid_fraction>=0.80	JAEJUI020000002.1:1.0000		genbank	GCA_016389345.2	0.9553207066115118	plasmid_selected	0.9931544050611385	plasmid_selected	v1.1	plasmid_selected	12	0	1.0	3	dfrA14;mph(A);mrx(A)	MACROLIDE;TRIMETHOPRIM	AZITHROMYCIN/ERYTHROMYCIN/SPIRAMYCIN/TELITHROMYCIN;TRIMETHOPRIM	EXACTX	WP_000004159.1;WP_000219391.1;WP_004201280.1	100.0	100.0	plasmid	plasmid	plasmid	plasmid	plasmid	plasmid	chromosome	plasmid	plasmid	plasmid	plasmid	plasmid	RECOVERED_OK
SAMN09400867	Escherichia coli (E. coli)	not_available	8	125674	0	chromosome	chromosome_fraction>=0.80		CM129771.1:1.0000	genbank	GCA_016389345.2	0.00016438139616329708	not_selected	0.0005025181506132203	not_selected	v1.1	not_selected	12	0	1.0	1	blaCTX-M-14	BETA-LACTAM	CEPHALOSPORIN	ALLELEX	WP_001617865.1	100.0	100.0	chromosome	chromosome	chromosome	chromosome	chromosome	chromosome	chromosome	chromosome	chromosome	chromosome	chromosome	chromosome	RECOVERED_OK
SAMN09400867	Escherichia coli (E. coli)	not_available	98	7767	0	plasmid	plasmid_fraction>=0.80	JAEJUI020000002.1:1.0000		genbank	GCA_016389345.2	0.9553207066115118	plasmid_selected	0.9931544050611385	plasmid_selected	v1.1	plasmid_selected	12	0	1.0	4	aph(3'')-Ib;aph(6)-Id;blaTEM-1;sul2	AMINOGLYCOSIDE;BETA-LACTAM;SULFONAMIDE	BETA-LACTAM;STREPTOMYCIN;SULFONAMIDE	ALLELEX;EXACTX	WP_000027057.1;WP_000480968.1;WP_001043260.1;WP_001082319.1	100.0	100.0	plasmid	plasmid	plasmid	plasmid	plasmid	plasmid	chromosome	plasmid	plasmid	plasmid	plasmid	plasmid	RECOVERED_OK
SAMN12364538	Escherichia coli (E. coli)	not_available	179	1752	0	plasmid	plasmid_fraction>=0.80	AARDCH020000002.1:1.0000		genbank	GCA_011892855.2	0.8892080194881338	not_selected	0.9929225458808841	plasmid_selected	v1.1	not_selected	12	0	1.0	2	aadA2;dfrA12	AMINOGLYCOSIDE;TRIMETHOPRIM	STREPTOMYCIN;TRIMETHOPRIM	EXACTX	WP_001083725.1;WP_001206356.1	100.0	100.0	plasmid	plasmid	plasmid	plasmid	plasmid	plasmid	chromosome	plasmid	plasmid	chromosome	plasmid	plasmid	RECOVERED_OK
SAMN12364538	Escherichia coli (E. coli)	not_available	188	1599	0	plasmid	plasmid_fraction>=0.80	AARDCH020000002.1:1.0000		genbank	GCA_011892855.2	0.9229644970670644	not_selected	0.9703096995214244	plasmid_selected	v1.1	not_selected	11	1	0.9167	2	qacEdelta1;sul1	QUATERNARY AMMONIUM;SULFONAMIDE	QUATERNARY AMMONIUM;SULFONAMIDE	ALLELEX;EXACTX	WP_000259031.1;WP_000679427.1	100.0	100.0	plasmid	plasmid	plasmid	plasmid	plasmid	plasmid	chromosome	plasmid	plasmid	chromosome	repeat	plasmid	RECOVERED_OK
SAMN12364538	Escherichia coli (E. coli)	not_available	210	1089	0	plasmid	plasmid_fraction>=0.80	AARDCH020000002.1:1.0000		genbank	GCA_011892855.2	0.8759402192787699	not_selected	0.7759819264665878	not_selected	v1.1	not_selected	10	2	0.8333	1	mrx(A)	MACROLIDE	AZITHROMYCIN/ERYTHROMYCIN/SPIRAMYCIN/TELITHROMYCIN	PARTIAL_CONTIG_ENDX	WP_000004159.1	100.0	87.38	plasmid	plasmid	plasmid	plasmid	plasmid	plasmid	chromosome	chromosome	plasmid	chromosome	repeat	unknown	RECOVERED_OK
SAMN26796540	Escherichia coli (E. coli)	not_available	147	1490	0	plasmid	plasmid_fraction>=0.80	CP114244.1:1.0000		genbank	GCA_059231985.1	0.7970448181703523	not_selected	0.84091765654465	not_selected	v1.1	not_selected	12	0	1.0	2	aac(6')-IIa;blaVIM-2	AMINOGLYCOSIDE;BETA-LACTAM	CARBAPENEM;GENTAMICIN/KANAMYCIN/TOBRAMYCIN	ALLELEX;BLASTX	WP_003108247.1;WP_023622803.1	99.46	100.0	plasmid	chromosome	plasmid	plasmid	plasmid	plasmid	chromosome	chromosome	plasmid	chromosome	plasmid	plasmid	RECOVERED_OK
SAMN26796540	Escherichia coli (E. coli)	not_available	154	1169	0	plasmid	plasmid_fraction>=0.80	CP114248.1:1.0000		genbank	GCA_059231985.1	0.8005407781781753	not_selected	0.9655381836056843	plasmid_selected	v1.1	not_selected	12	0	1.0	2	aac(6')-Ib4;qacF	AMINOGLYCOSIDE;QUATERNARY AMMONIUM	GENTAMICIN;QUATERNARY AMMONIUM	ALLELEX;EXACTX	WP_003159191.1;WP_071846331.1	100.0	100.0	plasmid	plasmid	plasmid	plasmid	plasmid	plasmid	chromosome	chromosome	plasmid	chromosome	plasmid	plasmid	RECOVERED_OK
SAMN26796540	Escherichia coli (E. coli)	not_available	159	1014	0	plasmid	plasmid_fraction>=0.80	CP114248.1:1.0000		genbank	GCA_059231985.1	0.4055113399862152	not_selected	0.9387888901759281	plasmid_selected	v1.1	not_selected	12	0	1.0	1	blaGES-5	BETA-LACTAM	CARBAPENEM	ALLELEX	WP_012658785.1	100.0	100.0	chromosome	plasmid	plasmid	plasmid	plasmid	plasmid	chromosome	chromosome	plasmid	chromosome	plasmid	plasmid	RECOVERED_OK
SAMN29503401	Escherichia coli (E. coli)	not_available	103	1130	0	plasmid	plasmid_fraction>=0.80	NZ_JBWLLU010000002.1:1.0000		refseq	GCF_056493805.1	0.9636331883076769	high_confidence_plasmid	0.9471364869684571	plasmid_selected	v1.1	high_confidence_plasmid	11	1	0.9167	1	blaTEM	BETA-LACTAM	BETA-LACTAM	PARTIAL_CONTIG_ENDX	WP_000027057.1	100.0	86.01	plasmid	plasmid	plasmid	plasmid	plasmid	plasmid	FAILED	plasmid	plasmid	chromosome	plasmid	chromosome	RECOVERED_OK
SAMN29503401	Escherichia coli (E. coli)	not_available	93	2518	0	plasmid	plasmid_fraction>=0.80	NZ_JBWLLU010000002.1:1.0000		refseq	GCF_056493805.1	0.9664543554776639	high_confidence_plasmid	0.9473321608573991	plasmid_selected	v1.1	high_confidence_plasmid	11	1	0.9167	1	fosA3	FOSFOMYCIN	FOSFOMYCIN	ALLELEX	WP_014839980.1	100.0	100.0	plasmid	plasmid	plasmid	plasmid	plasmid	plasmid	FAILED	plasmid	plasmid	plasmid	plasmid	chromosome	RECOVERED_OK
SAMN29503460	Escherichia coli (E. coli)	not_available	128	1770	0	chromosome	chromosome_fraction>=0.80		NZ_CM151352.1:1.0000	refseq	GCF_056487545.1	0.842554404614431	not_selected	0.7792781134159518	not_selected	v1.1	not_selected	12	0	1.0	1	blaOXA-244	BETA-LACTAM	CARBAPENEM	ALLELEX	WP_032495517.1	100.0	100.0	plasmid	chromosome	plasmid	plasmid	plasmid	plasmid	chromosome	plasmid	plasmid	chromosome	plasmid	chromosome	RECOVERED_OK
SAMN29503460	Escherichia coli (E. coli)	not_available	83	8351	0	chromosome	chromosome_fraction>=0.80		NZ_CM151352.1:1.0000	refseq	GCF_056487545.1	0.0005510237687717218	not_selected	0.0006230974243322653	not_selected	v1.1	not_selected	10	2	0.8333	1	blaCTX-M-15	BETA-LACTAM	CEPHALOSPORIN	ALLELEX	WP_000239590.1	100.0	100.0	chromosome	chromosome	plasmid	chromosome	chromosome	chromosome	chromosome	chromosome	chromosome	chromosome	repeat	unknown	RECOVERED_OK
SAMN29503460	Escherichia coli (E. coli)	not_available	88	6200	1	plasmid	plasmid_fraction>=0.80	NZ_JBWLLQ010000002.1:1.0000		refseq	GCF_056487545.1	0.9752340523780632	high_confidence_plasmid	0.999822425133984	plasmid_selected	v1.1	high_confidence_plasmid	12	0	1.0	3	aph(3'')-Ib;aph(6)-Id;sul2	AMINOGLYCOSIDE;SULFONAMIDE	STREPTOMYCIN;SULFONAMIDE	EXACTX;PARTIAL_CONTIG_ENDX	WP_000480968.1;WP_001043260.1;WP_001082319.1	100.0	50.36	plasmid	plasmid	plasmid	plasmid	plasmid	plasmid	plasmid	plasmid	plasmid	plasmid	plasmid	plasmid	RECOVERED_OK
SAMN29503705	Escherichia coli (E. coli)	not_available	104	1065	0	chromosome	chromosome_fraction>=0.80		NZ_CM151380.1:1.0000	refseq	GCF_056493725.1	0.9606619882053908	high_confidence_plasmid	0.4596021859375307	not_selected	v1.1	high_confidence_plasmid	10	2	0.8333	2	qacE;sul1	QUATERNARY AMMONIUM;SULFONAMIDE	QUATERNARY AMMONIUM;SULFONAMIDE	EXACTX;PARTIAL_CONTIG_ENDX	WP_000259031.1;WP_000679427.1	100.0	59.13	plasmid	chromosome	plasmid	plasmid	plasmid	plasmid	FAILED	plasmid	plasmid	chromosome	repeat	chromosome	RECOVERED_OK
SAMN29503705	Escherichia coli (E. coli)	not_available	53	20400	0	plasmid	plasmid_fraction>=0.80	NZ_JBWLMA010000002.1:0.8182		refseq	GCF_056493725.1	0.9604309421037551	plasmid_selected	0.9102507488376789	not_selected	v1.1	plasmid_selected	11	1	0.9167	1	blaCMY-42	BETA-LACTAM	CEPHALOSPORIN	ALLELEX	WP_039023136.1	100.0	100.0	chromosome	plasmid	plasmid	plasmid	plasmid	plasmid	FAILED	plasmid	plasmid	plasmid	plasmid	chromosome	RECOVERED_OK
SAMN29503705	Escherichia coli (E. coli)	not_available	78	4014	0	chromosome	chromosome_fraction>=0.80		NZ_CM151380.1:1.0000	refseq	GCF_056493725.1	0.9790855562536959	high_confidence_plasmid	0.45175500549082404	not_selected	v1.1	high_confidence_plasmid	10	2	0.8333	2	mph(A);mrx(A)	MACROLIDE	AZITHROMYCIN/ERYTHROMYCIN/SPIRAMYCIN/TELITHROMYCIN	BLASTX;EXACTX	WP_000004159.1;WP_000219391.1	100.0	96.68	plasmid	chromosome	plasmid	plasmid	plasmid	plasmid	FAILED	plasmid	plasmid	plasmid	repeat	chromosome	RECOVERED_OK
SAMN29503705	Escherichia coli (E. coli)	not_available	90	2000	0	chromosome	chromosome_fraction>=0.80		NZ_CM151380.1:1.0000	refseq	GCF_056493725.1	0.8354357804193842	not_selected	0.6727330187913362	not_selected	v1.1	not_selected	11	1	0.9167	1	catA2	PHENICOL	CHLORAMPHENICOL	BLASTX	WP_012477888.1	99.53	100.0	chromosome	chromosome	plasmid	plasmid	plasmid	plasmid	FAILED	plasmid	chromosome	chromosome	plasmid	chromosome	RECOVERED_OK
SAMN38448447	Escherichia coli (E. coli)	not_available	20	33610	0	plasmid	plasmid_fraction>=0.80	JBRJPW010000003.1:1.0000		genbank	GCA_052982035.1	0.9839047423761643	high_confidence_plasmid	0.999822425133984	plasmid_selected	v1.1	high_confidence_plasmid	12	0	1.0	6	aadA2;dfrA12;mph(A);mrx(A);qacEdelta1;sul1	AMINOGLYCOSIDE;MACROLIDE;QUATERNARY AMMONIUM;SULFONAMIDE;TRIMETHOPRIM	AZITHROMYCIN/ERYTHROMYCIN/SPIRAMYCIN/TELITHROMYCIN;QUATERNARY AMMONIUM;STREPTOMYCIN;SULFONAMIDE;TRIMETHOPRIM	ALLELEX;EXACTX	WP_000004159.1;WP_000219391.1;WP_000259031.1;WP_000679427.1;WP_001083725.1;WP_001206356.1	100.0	100.0	plasmid	plasmid	plasmid	plasmid	plasmid	plasmid	plasmid	plasmid	plasmid	plasmid	plasmid	plasmid	RECOVERED_OK
SAMN38448477	Escherichia coli (E. coli)	not_available	29	15073	0	plasmid	plasmid_fraction>=0.80	JBRJQG010000002.1:1.0000		genbank	GCA_052981715.1	0.9915521935778312	high_confidence_plasmid	0.9931544050611385	plasmid_selected	v1.1	high_confidence_plasmid	12	0	1.0	6	blaDHA-1;mph(A);mrx(A);qacE;qnrB4;sul1	BETA-LACTAM;MACROLIDE;QUATERNARY AMMONIUM;QUINOLONE;SULFONAMIDE	AZITHROMYCIN/ERYTHROMYCIN/SPIRAMYCIN/TELITHROMYCIN;CEPHALOSPORIN;QUATERNARY AMMONIUM;QUINOLONE;SULFONAMIDE	ALLELEX;BLASTX;EXACTX;PARTIALX	WP_000004159.1;WP_000219391.1;WP_000259031.1;WP_000679427.1;WP_004236386.1;WP_017900990.1	95.79	82.61	plasmid	plasmid	plasmid	plasmid	plasmid	plasmid	chromosome	plasmid	plasmid	plasmid	plasmid	plasmid	RECOVERED_OK
SAMN38448477	Escherichia coli (E. coli)	not_available	34	6120	0	plasmid	plasmid_fraction>=0.80	JBRJQG010000003.1:1.0000		genbank	GCA_052981715.1	0.9703412329148297	high_confidence_plasmid	0.9931544050611385	plasmid_selected	v1.1	high_confidence_plasmid	12	0	1.0	2	floR;tet(A)	PHENICOL;TETRACYCLINE	CHLORAMPHENICOL/FLORFENICOL;TETRACYCLINE	BLASTX	WP_000214121.1;WP_000804063.1	99.74	97.74	plasmid	plasmid	plasmid	plasmid	plasmid	plasmid	chromosome	plasmid	plasmid	plasmid	plasmid	plasmid	RECOVERED_OK
SAMN38448477	Escherichia coli (E. coli)	not_available	44	1774	0	plasmid	plasmid_fraction>=0.80	JBRJQG010000002.1:1.0000		genbank	GCA_052981715.1	0.9186245484674449	not_selected	0.9929225458808841	plasmid_selected	v1.1	not_selected	12	0	1.0	1	dfrA17	TRIMETHOPRIM	TRIMETHOPRIM	EXACTX	WP_001389366.1	100.0	100.0	plasmid	plasmid	plasmid	plasmid	plasmid	plasmid	chromosome	plasmid	plasmid	chromosome	plasmid	plasmid	RECOVERED_OK
SAMN38448533	Escherichia coli (E. coli)	not_available	20	23489	0	plasmid	plasmid_fraction>=0.80	JBRJQX010000004.1:1.0000		genbank	GCA_052981255.1	0.9019484891544702	not_selected	0.9924192184120559	plasmid_selected	v1.1	not_selected	11	1	0.9167	3	aadA16;qacEdelta1;sul1	AMINOGLYCOSIDE;QUATERNARY AMMONIUM;SULFONAMIDE	QUATERNARY AMMONIUM;STREPTOMYCIN;SULFONAMIDE	ALLELEX;BLASTX;EXACTX	WP_000259031.1;WP_000679427.1;WP_001749984.1	100.0	98.58	plasmid	plasmid	plasmid	plasmid	plasmid	plasmid	FAILED	plasmid	plasmid	plasmid	plasmid	plasmid	OK
SAMN38448533	Escherichia coli (E. coli)	not_available	22	20453	0	plasmid	plasmid_fraction>=0.80	JBRJQX010000004.1:1.0000		genbank	GCA_052981255.1	0.870575149303006	not_selected	0.9924192184120559	plasmid_selected	v1.1	not_selected	11	1	0.9167	1	blaKPC-3	BETA-LACTAM	CARBAPENEM	ALLELEX	WP_004152396.1	100.0	100.0	plasmid	plasmid	plasmid	plasmid	plasmid	plasmid	FAILED	plasmid	plasmid	plasmid	plasmid	plasmid	OK
SAMN38448533	Escherichia coli (E. coli)	not_available	32	2924	0	plasmid	plasmid_fraction>=0.80	JBRJQX010000004.1:1.0000		genbank	GCA_052981255.1	0.36305868484397896	not_selected	0.9924192184120559	plasmid_selected	v1.1	not_selected	11	1	0.9167	1	tet(A)	TETRACYCLINE	TETRACYCLINE	EXACTX	WP_012579085.1	100.0	100.0	plasmid	plasmid	plasmid	plasmid	plasmid	plasmid	FAILED	plasmid	plasmid	plasmid	plasmid	plasmid	OK
SAMN38448533	Escherichia coli (E. coli)	not_available	37	1812	0	plasmid	plasmid_fraction>=0.80	JBRJQX010000004.1:1.0000		genbank	GCA_052981255.1	0.46719950259550136	not_selected	0.9923897082873658	plasmid_selected	v1.1	not_selected	11	1	0.9167	3	aac(6')-Ib-cr5;arr-3;dfrA27	AMINOGLYCOSIDE/QUINOLONE;RIFAMYCIN;TRIMETHOPRIM	AMIKACIN/KANAMYCIN/QUINOLONE/TOBRAMYCIN;RIFAMYCIN;TRIMETHOPRIM	ALLELEX;EXACTX	WP_001749985.1;WP_001749986.1;WP_063840321.1	100.0	100.0	plasmid	plasmid	plasmid	plasmid	plasmid	plasmid	FAILED	plasmid	plasmid	chromosome	plasmid	plasmid	OK
SAMN38448564	Escherichia coli (E. coli)	not_available	32	10350	0	plasmid	plasmid_fraction>=0.80	JBRJRG010000005.1:1.0000		genbank	GCA_052981155.1	0.9617910987478747	high_confidence_plasmid	0.9931544050611385	plasmid_selected	v1.1	high_confidence_plasmid	12	0	1.0	2	blaTEM-1;tet(A)	BETA-LACTAM;TETRACYCLINE	BETA-LACTAM;TETRACYCLINE	ALLELEX;BLASTX	WP_000027057.1;WP_000804064.1	99.75	100.0	plasmid	plasmid	plasmid	plasmid	plasmid	plasmid	chromosome	plasmid	plasmid	plasmid	plasmid	plasmid	RECOVERED_OK
SAMN38448564	Escherichia coli (E. coli)	not_available	33	8041	0	plasmid	plasmid_fraction>=0.80	JBRJRG010000003.1:1.0000		genbank	GCA_052981155.1	0.8879144831155961	not_selected	0.9931544050611385	plasmid_selected	v1.1	not_selected	12	0	1.0	4	mph(A);mrx(A);qacE;sul1	MACROLIDE;QUATERNARY AMMONIUM;SULFONAMIDE	AZITHROMYCIN/ERYTHROMYCIN/SPIRAMYCIN/TELITHROMYCIN;QUATERNARY AMMONIUM;SULFONAMIDE	EXACTX;PARTIALX	WP_000004159.1;WP_000219391.1;WP_000259031.1;WP_000679427.1	95.79	82.61	plasmid	plasmid	plasmid	plasmid	plasmid	plasmid	chromosome	plasmid	plasmid	plasmid	plasmid	plasmid	RECOVERED_OK
SAMN38448564	Escherichia coli (E. coli)	not_available	35	6920	0	plasmid	plasmid_fraction>=0.80	JBRJRG010000003.1:1.0000		genbank	GCA_052981155.1	0.7759107358320771	not_selected	0.9975926180795132	plasmid_selected	v1.1	not_selected	12	0	1.0	2	blaDHA-1;qnrB4	BETA-LACTAM;QUINOLONE	CEPHALOSPORIN;QUINOLONE	ALLELEX	WP_004236386.1;WP_017900990.1	100.0	100.0	plasmid	plasmid	plasmid	plasmid	plasmid	chromosome	chromosome	chromosome	chromosome	plasmid	chromosome	plasmid	RECOVERED_OK
SAMN38448564	Escherichia coli (E. coli)	not_available	37	5230	0	plasmid	plasmid_fraction>=0.80	JBRJRG010000005.1:1.0000		genbank	GCA_052981155.1	0.9007032353933848	not_selected	0.9931544050611385	plasmid_selected	v1.1	not_selected	12	0	1.0	3	aadA1;qacL;sul3	AMINOGLYCOSIDE;QUATERNARY AMMONIUM;SULFONAMIDE	QUATERNARY AMMONIUM;STREPTOMYCIN;SULFONAMIDE	BLASTX;EXACTX	WP_000034420.1;WP_000800531.1;WP_001206316.1	100.0	92.78	plasmid	plasmid	plasmid	plasmid	plasmid	plasmid	chromosome	plasmid	plasmid	plasmid	plasmid	plasmid	RECOVERED_OK
SAMN38448564	Escherichia coli (E. coli)	not_available	41	3437	0	chromosome	chromosome_fraction>=0.80		CM129741.1:1.0000	genbank	GCA_052981155.1	0.4559518205445428	not_selected	0.34335101318562466	not_selected	v1.1	not_selected	11	1	0.9167	1	blaCMY-2	BETA-LACTAM	CEPHALOSPORIN	ALLELEX	WP_000976514.1	100.0	100.0	chromosome	plasmid	plasmid	plasmid	plasmid	plasmid	chromosome	chromosome	plasmid	plasmid	repeat	chromosome	RECOVERED_OK
SAMN38448564	Escherichia coli (E. coli)	not_available	42	1774	0	plasmid	plasmid_fraction>=0.80	JBRJRG010000003.1:1.0000		genbank	GCA_052981155.1	0.7545585021994823	not_selected	0.9929225458808841	plasmid_selected	v1.1	not_selected	12	0	1.0	1	dfrA17	TRIMETHOPRIM	TRIMETHOPRIM	EXACTX	WP_001389366.1	100.0	100.0	plasmid	plasmid	plasmid	plasmid	plasmid	plasmid	chromosome	plasmid	plasmid	chromosome	plasmid	plasmid	RECOVERED_OK
SAMN38448564	Escherichia coli (E. coli)	not_available	44	1659	0	plasmid	plasmid_fraction>=0.80	JBRJRG010000005.1:1.0000		genbank	GCA_052981155.1	0.7545585021994823	not_selected	0.9929225458808841	plasmid_selected	v1.1	not_selected	12	0	1.0	1	cmlA1	PHENICOL	CHLORAMPHENICOL	BLASTX	WP_000095725.1	99.76	100.0	plasmid	plasmid	plasmid	plasmid	plasmid	plasmid	chromosome	plasmid	plasmid	chromosome	plasmid	plasmid	RECOVERED_OK
SAMN39842013	Escherichia coli (E. coli)	not_available	43	29737	0	plasmid	plasmid_fraction>=0.80	NZ_JBVWEU010000004.1:1.0000		refseq	GCF_055900595.1	0.9927500768103827	high_confidence_plasmid	0.9986702433695193	plasmid_selected	v1.1	high_confidence_plasmid	12	0	1.0	4	aadA25;dfrA12;qacL;sul3	AMINOGLYCOSIDE;QUATERNARY AMMONIUM;SULFONAMIDE;TRIMETHOPRIM	QUATERNARY AMMONIUM;STREPTOMYCIN;SULFONAMIDE;TRIMETHOPRIM	BLASTX;EXACTX	WP_000034420.1;WP_000800531.1;WP_001083725.1;WP_011113049.1	98.86	100.0	plasmid	plasmid	plasmid	plasmid	plasmid	plasmid	plasmid	plasmid	plasmid	plasmid	plasmid	chromosome	RECOVERED_OK
SAMN39842013	Escherichia coli (E. coli)	not_available	64	9020	0	plasmid	plasmid_fraction>=0.80	NZ_JBVWEU010000004.1:1.0000		refseq	GCF_055900595.1	0.9642467657356093	high_confidence_plasmid	0.9508635198395291	plasmid_selected	v1.1	high_confidence_plasmid	12	0	1.0	2	blaTEM-1;tet(A)	BETA-LACTAM;TETRACYCLINE	BETA-LACTAM;TETRACYCLINE	ALLELEX;BLASTX	WP_000027057.1;WP_000804064.1	99.75	100.0	plasmid	plasmid	plasmid	plasmid	plasmid	plasmid	chromosome	plasmid	plasmid	plasmid	plasmid	chromosome	RECOVERED_OK
SAMN39980286	Escherichia coli (E. coli)	not_available	15	127789	0	plasmid	plasmid_fraction>=0.80	NZ_JBRASS010000002.1:1.0000		refseq	GCF_052748625.1	0.9950179302929263	high_confidence_plasmid	0.9986702433695193	plasmid_selected	v1.1	high_confidence_plasmid	12	0	1.0	4	mcr-1.1;terD;terW;terZ	COLISTIN;TELLURIUM	COLISTIN;TELLURIUM	ALLELEX;BLASTX;EXACTX	AAA86846.1;AAA98292.1;AAC44736.1;WP_049589868.1	96.35	100.0	plasmid	plasmid	plasmid	plasmid	plasmid	plasmid	plasmid	plasmid	plasmid	plasmid	plasmid	chromosome	OK
SAMN39980286	Escherichia coli (E. coli)	not_available	26	62451	0	plasmid	plasmid_fraction>=0.80	NZ_JBRASS010000003.1:1.0000		refseq	GCF_052748625.1	0.99812184203129	high_confidence_plasmid	0.999822425133984	plasmid_selected	v1.1	high_confidence_plasmid	12	0	1.0	10	aph(3'')-Ib;aph(6)-Id;cvaB;cvaC;iroB;iroC;iroD;iroE;iroN;iss	AMINOGLYCOSIDE;NA	NA;STREPTOMYCIN	BLASTX;EXACTX	AAN76093.1;ACJ63529.1;ACJ63530.1;ADR26561.1;AUH19662.1;CAA40744.1;CAA40746.1;EOW04219.1;WP_000480968.1;WP_001082319.1	99.51	100.0	plasmid	plasmid	plasmid	plasmid	plasmid	plasmid	plasmid	plasmid	plasmid	plasmid	plasmid	plasmid	OK
SAMN39980286	Escherichia coli (E. coli)	not_available	53	15720	0	plasmid	plasmid_fraction>=0.80	NZ_JBRASS010000002.1:1.0000		refseq	GCF_052748625.1	0.9790974764997217	high_confidence_plasmid	0.9508635198395291	plasmid_selected	v1.1	high_confidence_plasmid	12	0	1.0	6	aadA1;aadA2;cmlA1;estX-3;qacL;sul3	AMINOGLYCOSIDE;MACROLIDE;PHENICOL;QUATERNARY AMMONIUM;SULFONAMIDE	CHLORAMPHENICOL;QUATERNARY AMMONIUM;STREPTOMYCIN;SULFONAMIDE;TYLOSIN	ALLELEX;EXACTX	WP_000034420.1;WP_000095725.1;WP_000800531.1;WP_001206316.1;WP_001261740.1;WP_001456218.1	100.0	100.0	plasmid	plasmid	plasmid	plasmid	plasmid	plasmid	chromosome	plasmid	plasmid	plasmid	plasmid	chromosome	OK
SAMN39980286	Escherichia coli (E. coli)	not_available	65	6651	0	plasmid	plasmid_fraction>=0.80	NZ_JBRASS010000003.1:1.0000		refseq	GCF_052748625.1	0.9608183847874051	high_confidence_plasmid	0.7889023520731259	not_selected	v1.1	high_confidence_plasmid	12	0	1.0	1	tet(B)	TETRACYCLINE	TETRACYCLINE	EXACTX	WP_001089068.1	100.0	100.0	plasmid	plasmid	plasmid	plasmid	plasmid	plasmid	chromosome	chromosome	plasmid	chromosome	plasmid	chromosome	OK
SAMN39980286	Escherichia coli (E. coli)	not_available	72	3376	0	plasmid	plasmid_fraction>=0.80	NZ_JBRASS010000002.1:1.0000		refseq	GCF_052748625.1	0.9653591870315362	high_confidence_plasmid	0.9875647758701592	plasmid_selected	v1.1	high_confidence_plasmid	12	0	1.0	2	blaCTX-M-14;fosA3	BETA-LACTAM;FOSFOMYCIN	CEPHALOSPORIN;FOSFOMYCIN	ALLELEX	WP_001617865.1;WP_014839980.1	100.0	100.0	chromosome	plasmid	plasmid	plasmid	plasmid	plasmid	chromosome	plasmid	plasmid	plasmid	plasmid	plasmid	OK
SAMN39980286	Escherichia coli (E. coli)	not_available	73	3337	0	plasmid	plasmid_fraction>=0.80	NZ_JBRASS010000002.1:1.0000		refseq	GCF_052748625.1	0.9809144313951622	high_confidence_plasmid	0.9857568595095695	plasmid_selected	v1.1	high_confidence_plasmid	11	1	0.9167	2	aac(3)-IVa;aph(4)-Ia	AMINOGLYCOSIDE	APRAMYCIN/GENTAMICIN/TOBRAMYCIN;HYGROMYCIN	EXACTX	WP_000742814.1;WP_001199192.1	100.0	100.0	plasmid	plasmid	plasmid	plasmid	plasmid	plasmid	chromosome	plasmid	plasmid	plasmid	plasmid	unknown	OK
SAMN39980286	Escherichia coli (E. coli)	not_available	74	3217	0	plasmid	plasmid_fraction>=0.80	NZ_JBRASS010000002.1:1.0000		refseq	GCF_052748625.1	0.9736475785297809	high_confidence_plasmid	0.9508635198395291	plasmid_selected	v1.1	high_confidence_plasmid	12	0	1.0	1	floR	PHENICOL	CHLORAMPHENICOL/FLORFENICOL	BLASTX	WP_000214121.1	99.75	100.0	plasmid	plasmid	plasmid	plasmid	plasmid	plasmid	chromosome	plasmid	plasmid	plasmid	plasmid	chromosome	OK
SAMN39980286	Escherichia coli (E. coli)	not_available	75	3199	0	plasmid	plasmid_fraction>=0.80	NZ_JBRASS010000002.1:1.0000		refseq	GCF_052748625.1	0.9583907559080783	plasmid_selected	0.7944342199327958	not_selected	v1.1	plasmid_selected	12	0	1.0	1	sul2	SULFONAMIDE	SULFONAMIDE	EXACTX	WP_001043260.1	100.0	100.0	plasmid	plasmid	plasmid	plasmid	plasmid	plasmid	chromosome	chromosome	plasmid	plasmid	plasmid	chromosome	OK
SAMN39980286	Escherichia coli (E. coli)	not_available	89	1216	0	plasmid	plasmid_fraction>=0.80	NZ_JBRASS010000002.1:1.0000		refseq	GCF_052748625.1	0.9816961847615786	high_confidence_plasmid	0.9929225458808841	plasmid_selected	v1.1	high_confidence_plasmid	12	0	1.0	1	dfrA12	TRIMETHOPRIM	TRIMETHOPRIM	EXACTX	WP_001083725.1	100.0	100.0	plasmid	plasmid	plasmid	plasmid	plasmid	plasmid	chromosome	plasmid	plasmid	chromosome	plasmid	plasmid	OK
SAMN40323362	Escherichia coli (E. coli)	not_available	26	46370	0	plasmid	plasmid_fraction>=0.80	NZ_CP149568.1:1.0000		refseq	GCF_055814395.1	0.99812184203129	high_confidence_plasmid	0.9931544050611385	plasmid_selected	v1.1	high_confidence_plasmid	12	0	1.0	4	aadA2;dfrA12;qacEdelta1;sul1	AMINOGLYCOSIDE;QUATERNARY AMMONIUM;SULFONAMIDE;TRIMETHOPRIM	QUATERNARY AMMONIUM;STREPTOMYCIN;SULFONAMIDE;TRIMETHOPRIM	ALLELEX;EXACTX	WP_000259031.1;WP_000679427.1;WP_001083725.1;WP_001206356.1	100.0	100.0	plasmid	plasmid	plasmid	plasmid	plasmid	plasmid	chromosome	plasmid	plasmid	plasmid	plasmid	plasmid	OK
SAMN40323362	Escherichia coli (E. coli)	not_available	29	37864	0	plasmid	plasmid_fraction>=0.80	NZ_CP149568.1:1.0000		refseq	GCF_055814395.1	0.99812184203129	high_confidence_plasmid	0.9931544050611385	plasmid_selected	v1.1	high_confidence_plasmid	12	0	1.0	5	aph(3'')-Ib;aph(6)-Id;floR;sul2;tet(A)	AMINOGLYCOSIDE;PHENICOL;SULFONAMIDE;TETRACYCLINE	CHLORAMPHENICOL/FLORFENICOL;STREPTOMYCIN;SULFONAMIDE;TETRACYCLINE	BLASTX;EXACTX	WP_000214119.1;WP_000480968.1;WP_000804063.1;WP_001043260.1;WP_001082319.1	99.5	100.0	plasmid	plasmid	plasmid	plasmid	plasmid	plasmid	chromosome	plasmid	plasmid	plasmid	plasmid	plasmid	OK
SAMN40323362	Escherichia coli (E. coli)	not_available	38	18349	0	plasmid	plasmid_fraction>=0.80	NZ_CP149569.1:1.0000		refseq	GCF_055814395.1	0.994546794274703	high_confidence_plasmid	0.9704222765871559	plasmid_selected	v1.1	high_confidence_plasmid	11	1	0.9167	1	blaCMY-2	BETA-LACTAM	CEPHALOSPORIN	ALLELEX	WP_000976514.1	100.0	100.0	plasmid	plasmid	plasmid	plasmid	plasmid	plasmid	chromosome	plasmid	plasmid	plasmid	repeat	plasmid	OK
SAMN40323362	Escherichia coli (E. coli)	not_available	6	276365	0	chromosome	chromosome_fraction>=0.80		NZ_CP149567.1:1.0000	refseq	GCF_055814395.1	0.0009500596940933647	not_selected	0.0005025181506132203	not_selected	v1.1	not_selected	12	0	1.0	3	dfrA1;emrD;sat2	EFFLUX;STREPTOTHRICIN;TRIMETHOPRIM	EFFLUX;STREPTOTHRICIN;TRIMETHOPRIM	BLASTX;EXACTX	EFF04178.1;WP_000704156.1;WP_000777554.1	99.49	100.0	chromosome	chromosome	chromosome	chromosome	chromosome	chromosome	chromosome	chromosome	chromosome	chromosome	chromosome	chromosome	OK
SAMN41579872	Escherichia coli (E. coli)	not_available	18	83249	0	plasmid	plasmid_fraction>=0.80	NZ_CP178635.1:1.0000		refseq	GCF_052885095.1	0.9632985360886869	high_confidence_plasmid	0.999822425133984	plasmid_selected	v1.1	high_confidence_plasmid	12	0	1.0	9	blaTEM-1;cvaB;cvaC;iroB;iroC;iroD;iroE;iroN;iss	BETA-LACTAM;NA	BETA-LACTAM;NA	ALLELEX;BLASTX;EXACTX	AAN76093.1;ACJ63529.1;ACJ63530.1;ADR26561.1;AUH19662.1;CAA40744.1;CAA40746.1;EOW04219.1;WP_000027057.1	99.37	100.0	plasmid	plasmid	plasmid	plasmid	plasmid	plasmid	plasmid	plasmid	plasmid	plasmid	plasmid	plasmid	RECOVERED_OK
SAMN41579880	Escherichia coli (E. coli)	not_available	57	3071	1	plasmid	plasmid_fraction>=0.80	NZ_CP178645.1:1.0000		refseq	GCF_052885105.1	0.909550217808742	not_selected	0.999822425133984	plasmid_selected	v1.1	not_selected	12	0	1.0	1	qnrB19	QUINOLONE	QUINOLONE	ALLELEX	WP_012954666.1	100.0	100.0	plasmid	plasmid	plasmid	plasmid	plasmid	plasmid	plasmid	plasmid	plasmid	plasmid	plasmid	plasmid	RECOVERED_OK
SAMN41579890	Escherichia coli (E. coli)	not_available	22	80615	0	plasmid	plasmid_fraction>=0.80	NZ_CP178652.1:1.0000		refseq	GCF_052885625.1	0.9991168866822804	high_confidence_plasmid	0.999822425133984	plasmid_selected	v1.1	high_confidence_plasmid	12	0	1.0	1	tet(A)	TETRACYCLINE	TETRACYCLINE	BLASTX	WP_000804064.1	99.75	100.0	plasmid	plasmid	plasmid	plasmid	plasmid	plasmid	plasmid	plasmid	plasmid	plasmid	plasmid	plasmid	RECOVERED_OK
SAMN41579899	Escherichia coli (E. coli)	not_available	45	2243	0	plasmid	plasmid_fraction>=0.80	NZ_CP178660.1:1.0000		refseq	GCF_052886145.1	0.4359587649425991	not_selected	0.9929225458808841	plasmid_selected	v1.1	not_selected	12	0	1.0	1	fosA3	FOSFOMYCIN	FOSFOMYCIN	ALLELEX	WP_014839980.1	100.0	100.0	plasmid	plasmid	plasmid	plasmid	plasmid	plasmid	chromosome	plasmid	plasmid	chromosome	plasmid	plasmid	RECOVERED_OK
SAMN41579899	Escherichia coli (E. coli)	not_available	52	1129	0	plasmid	plasmid_fraction>=0.80	NZ_CP178660.1:1.0000		refseq	GCF_052886145.1	0.6413843805676579	not_selected	0.993036133590978	plasmid_selected	v1.1	not_selected	12	0	1.0	1	blaCTX-M-14	BETA-LACTAM	CEPHALOSPORIN	ALLELEX	WP_001617865.1	100.0	100.0	plasmid	plasmid	plasmid	plasmid	plasmid	plasmid	chromosome	plasmid	chromosome	chromosome	plasmid	plasmid	RECOVERED_OK
SAMN41579913	Escherichia coli (E. coli)	not_available	27	54747	0	plasmid	plasmid_fraction>=0.80	NZ_CP178672.1:1.0000		refseq	GCF_052887115.1	0.760166630811483	not_selected	0.9508635198395291	plasmid_selected	v1.1	not_selected	12	0	1.0	6	aph(3'')-Ib;aph(6)-Id;blaCMY-2;floR;sul2;tet(A)	AMINOGLYCOSIDE;BETA-LACTAM;PHENICOL;SULFONAMIDE;TETRACYCLINE	CEPHALOSPORIN;CHLORAMPHENICOL/FLORFENICOL;STREPTOMYCIN;SULFONAMIDE;TETRACYCLINE	ALLELEX;EXACTX	WP_000480968.1;WP_000804063.1;WP_000976514.1;WP_001043260.1;WP_001082319.1;WP_001694495.1	100.0	100.0	plasmid	plasmid	plasmid	plasmid	plasmid	plasmid	chromosome	plasmid	plasmid	plasmid	plasmid	chromosome	RECOVERED_OK
SAMN41579913	Escherichia coli (E. coli)	not_available	31	39755	0	plasmid	plasmid_fraction>=0.80	NZ_CP178672.1:1.0000		refseq	GCF_052887115.1	0.760166630811483	not_selected	0.9508635198395291	plasmid_selected	v1.1	not_selected	12	0	1.0	11	aac(3)-VIa;aadA1;merA;merB;merD;merE;merP;merR;merT;qacEdelta1;sul1	AMINOGLYCOSIDE;MERCURY;QUATERNARY AMMONIUM;SULFONAMIDE	GENTAMICIN;MERCURY;ORGANOMERCURY;QUATERNARY AMMONIUM;STREPTOMYCIN;SULFONAMIDE	ALLELEX;BLASTX;EXACTX	AAA88369.1;AAA88370.1;AAA88371.1;AAA98221.1;AAA98222.1;AAA98223.1;ACU65296.1;WP_000131886.1;WP_000259031.1;WP_000679427.1;WP_001206316.1	92.69	100.0	plasmid	plasmid	plasmid	plasmid	plasmid	plasmid	chromosome	plasmid	plasmid	plasmid	plasmid	chromosome	RECOVERED_OK
SAMN41579938	Escherichia coli (E. coli)	not_available	106	3241	0	chromosome	chromosome_fraction>=0.80		NZ_CP178690.1:1.0000	refseq	GCF_052887635.1	0.9220945982109561	not_selected	0.9857568595095695	plasmid_selected	v1.1	not_selected	11	1	0.9167	2	aadA5;dfrA17	AMINOGLYCOSIDE;TRIMETHOPRIM	STREPTOMYCIN;TRIMETHOPRIM	EXACTX	WP_000503573.1;WP_001389366.1	100.0	100.0	plasmid	plasmid	plasmid	plasmid	plasmid	plasmid	chromosome	plasmid	plasmid	plasmid	plasmid	unknown	RECOVERED_OK
SAMN41579938	Escherichia coli (E. coli)	not_available	118	1665	0	plasmid	plasmid_fraction>=0.80	NZ_CP178685.1:1.0000		refseq	GCF_052887635.1	0.8785314855159608	not_selected	0.9635954046298301	plasmid_selected	v1.1	not_selected	12	0	1.0	1	bleO	BLEOMYCIN	BLEOMYCIN	BLASTX	WP_001242578.1	100.0	96.27	plasmid	chromosome	plasmid	plasmid	plasmid	plasmid	chromosome	plasmid	plasmid	chromosome	plasmid	plasmid	RECOVERED_OK
SAMN41579938	Escherichia coli (E. coli)	not_available	46	36110	0	plasmid	plasmid_fraction>=0.80	NZ_CP178685.1:1.0000		refseq	GCF_052887635.1	0.9918953821652172	high_confidence_plasmid	0.999822425133984	plasmid_selected	v1.1	high_confidence_plasmid	12	0	1.0	1	blaTEM-1	BETA-LACTAM	BETA-LACTAM	ALLELEX	WP_000027057.1	100.0	100.0	plasmid	plasmid	plasmid	plasmid	plasmid	plasmid	plasmid	plasmid	plasmid	plasmid	plasmid	plasmid	RECOVERED_OK
SAMN41579938	Escherichia coli (E. coli)	not_available	91	6065	0	chromosome	chromosome_fraction>=0.80		NZ_CP178690.1:1.0000	refseq	GCF_052887635.1	0.9005842851509673	not_selected	0.9508635198395291	plasmid_selected	v1.1	not_selected	12	0	1.0	1	sul2	SULFONAMIDE	SULFONAMIDE	EXACTX	WP_001043260.1	100.0	100.0	plasmid	plasmid	plasmid	plasmid	plasmid	plasmid	chromosome	plasmid	plasmid	plasmid	plasmid	chromosome	RECOVERED_OK
SAMN41579938	Escherichia coli (E. coli)	not_available	92	5707	0	plasmid	plasmid_fraction>=0.80	NZ_CP178683.1:1.0000		refseq	GCF_052887635.1	0.8495629790531428	not_selected	0.7889023520731259	not_selected	v1.1	not_selected	12	0	1.0	1	tet(B)	TETRACYCLINE	TETRACYCLINE	EXACTX	WP_001089068.1	100.0	100.0	plasmid	plasmid	plasmid	plasmid	plasmid	plasmid	chromosome	chromosome	plasmid	chromosome	plasmid	chromosome	RECOVERED_OK
SAMN41579938	Escherichia coli (E. coli)	not_available	94	5206	0	plasmid	plasmid_fraction>=0.80	NZ_CP178685.1:1.0000		refseq	GCF_052887635.1	0.9051858286580284	not_selected	0.8453536497494889	not_selected	v1.1	not_selected	12	0	1.0	2	oqxA;oqxB	NITROFURAN/PHENICOL/QUINOLONE/TETRACYCLINE	NITROFURANTOIN/PHENICOL/QUINOLONE/TIGECYCLINE	EXACTX	WP_000347934.1;WP_002914189.1	100.0	100.0	plasmid	chromosome	plasmid	plasmid	plasmid	plasmid	chromosome	chromosome	plasmid	plasmid	plasmid	plasmid	RECOVERED_OK
SAMN41988840	Escherichia coli (E. coli)	not_available	107	1326	0	plasmid	plasmid_fraction>=0.80	NZ_CP159211.1:1.0000		refseq	GCF_053165375.1	0.9421375769324504	not_selected	0.9492724375550261	plasmid_selected	v1.1	not_selected	12	0	1.0	1	sul2	SULFONAMIDE	SULFONAMIDE	EXACTX	WP_001043260.1	100.0	100.0	plasmid	plasmid	plasmid	plasmid	plasmid	plasmid	chromosome	plasmid	plasmid	chromosome	plasmid	chromosome	OK
SAMN41988840	Escherichia coli (E. coli)	not_available	110	1320	0	plasmid	plasmid_fraction>=0.80	NZ_CP159210.1:1.0000		refseq	GCF_053165375.1	0.9421375769324504	not_selected	0.9492724375550261	plasmid_selected	v1.1	not_selected	12	0	1.0	1	blaCTX-M-55	BETA-LACTAM	CEPHALOSPORIN	ALLELEX	WP_015387340.1	100.0	100.0	plasmid	plasmid	plasmid	plasmid	plasmid	plasmid	chromosome	plasmid	plasmid	chromosome	plasmid	chromosome	OK
SAMN41988840	Escherichia coli (E. coli)	not_available	48	33858	1	plasmid	plasmid_fraction>=0.80	NZ_CP159214.1:1.0000		refseq	GCF_053165375.1	0.997263012255942	high_confidence_plasmid	0.999822425133984	plasmid_selected	v1.1	high_confidence_plasmid	12	0	1.0	1	mcr-1.1	COLISTIN	COLISTIN	ALLELEX	WP_049589868.1	100.0	100.0	plasmid	plasmid	plasmid	plasmid	plasmid	plasmid	plasmid	plasmid	plasmid	plasmid	plasmid	plasmid	OK
SAMN41988840	Escherichia coli (E. coli)	not_available	69	8675	0	plasmid	plasmid_fraction>=0.80	NZ_CP159213.1:1.0000		refseq	GCF_053165375.1	0.9338298318016978	not_selected	0.6590116123903239	not_selected	v1.1	not_selected	12	0	1.0	1	mcr-3.5	COLISTIN	COLISTIN	ALLELEX	WP_089613755.1	100.0	100.0	chromosome	chromosome	plasmid	plasmid	plasmid	plasmid	chromosome	plasmid	plasmid	chromosome	plasmid	chromosome	OK
SAMN41988840	Escherichia coli (E. coli)	not_available	70	7734	0	plasmid	plasmid_fraction>=0.80	NZ_CP159210.1:1.0000		refseq	GCF_053165375.1	0.9438611240551057	not_selected	0.7944342199327958	not_selected	v1.1	not_selected	12	0	1.0	1	tet(M)	TETRACYCLINE	TETRACYCLINE	EXACTX	WP_000691727.1	100.0	100.0	plasmid	plasmid	plasmid	plasmid	plasmid	plasmid	chromosome	chromosome	plasmid	plasmid	plasmid	chromosome	OK
SAMN41988840	Escherichia coli (E. coli)	not_available	73	6679	0	plasmid	plasmid_fraction>=0.80	NZ_CP159213.1:1.0000		refseq	GCF_053165375.1	0.9463103880171456	not_selected	0.9492724375550261	plasmid_selected	v1.1	not_selected	12	0	1.0	2	aac(3)-VIa;aadA22	AMINOGLYCOSIDE	GENTAMICIN;STREPTOMYCIN	EXACTX	WP_000131886.1;WP_024198294.1	100.0	100.0	plasmid	plasmid	plasmid	plasmid	plasmid	plasmid	chromosome	plasmid	plasmid	chromosome	plasmid	chromosome	OK
SAMN41988840	Escherichia coli (E. coli)	not_available	87	2781	0	plasmid	plasmid_fraction>=0.80	NZ_CP159210.1:1.0000		refseq	GCF_053165375.1	0.9296964825814215	not_selected	0.9137413354205492	not_selected	v1.1	not_selected	12	0	1.0	1	tet(X4)	TETRACYCLINE	TIGECYCLINE	EXACTX	WP_094309310.1	100.0	100.0	chromosome	plasmid	plasmid	plasmid	plasmid	plasmid	chromosome	plasmid	plasmid	plasmid	plasmid	chromosome	OK
SAMN41988840	Escherichia coli (E. coli)	not_available	89	2681	0	plasmid	plasmid_fraction>=0.80	NZ_CP159210.1:1.0000		refseq	GCF_053165375.1	0.9311654718610074	not_selected	0.9110606383483703	not_selected	v1.1	not_selected	12	0	1.0	1	aac(3)-IId	AMINOGLYCOSIDE	GENTAMICIN	EXACTX	WP_000557454.1	100.0	100.0	chromosome	plasmid	plasmid	plasmid	plasmid	plasmid	chromosome	plasmid	plasmid	chromosome	plasmid	chromosome	OK
SAMN41988840	Escherichia coli (E. coli)	not_available	90	2437	0	plasmid	plasmid_fraction>=0.80	NZ_CP159210.1:1.0000		refseq	GCF_053165375.1	0.9311654718610074	not_selected	0.9110606383483703	not_selected	v1.1	not_selected	12	0	1.0	1	floR	PHENICOL	CHLORAMPHENICOL/FLORFENICOL	BLASTX	WP_000214123.1	99.5	100.0	chromosome	plasmid	plasmid	plasmid	plasmid	plasmid	chromosome	plasmid	plasmid	chromosome	plasmid	chromosome	OK
SAMN41988840	Escherichia coli (E. coli)	not_available	92	2126	0	plasmid	plasmid_fraction>=0.80	NZ_CP159211.1:1.0000		refseq	GCF_053165375.1	0.9468680449145274	not_selected	0.8178592258974834	not_selected	v1.1	not_selected	11	1	0.9167	1	blaTEM-1	BETA-LACTAM	BETA-LACTAM	ALLELEX	WP_000027057.1	100.0	100.0	plasmid	plasmid	plasmid	plasmid	plasmid	plasmid	chromosome	plasmid	plasmid	chromosome	repeat	chromosome	OK
SAMN41988840	Escherichia coli (E. coli)	not_available	99	1653	0	plasmid	plasmid_fraction>=0.80	NZ_CP159213.1:1.0000		refseq	GCF_053165375.1	0.9395101218024469	not_selected	0.7889023520731259	not_selected	v1.1	not_selected	12	0	1.0	1	qnrS1	QUINOLONE	QUINOLONE	ALLELEX	WP_001516695.1	100.0	100.0	plasmid	plasmid	plasmid	plasmid	plasmid	plasmid	chromosome	chromosome	plasmid	chromosome	plasmid	chromosome	OK
SAMN44789742	Escherichia coli (E. coli)	not_available	130	10515	0	plasmid	plasmid_fraction>=0.80	NZ_JBLWKF010000004.1:1.0000		refseq	GCF_058152455.1	0.0847597251241832	not_selected	0.7896899118601343	not_selected	v1.1	not_selected	12	0	1.0	3	aph(3'')-Ib;aph(6)-Id;sul2	AMINOGLYCOSIDE;SULFONAMIDE	STREPTOMYCIN;SULFONAMIDE	BLASTX;EXACTX	WP_000480972.1;WP_001043260.1;WP_001082319.1	99.63	100.0	chromosome	plasmid	plasmid	chromosome	plasmid	plasmid	chromosome	plasmid	plasmid	plasmid	plasmid	plasmid	RECOVERED_OK
SAMN44789742	Escherichia coli (E. coli)	not_available	203	3513	0	plasmid	plasmid_fraction>=0.80	NZ_JBLWKF010000004.1:1.0000		refseq	GCF_058152455.1	0.5366202434181666	not_selected	0.9875647758701592	plasmid_selected	v1.1	not_selected	12	0	1.0	1	tet(D)	TETRACYCLINE	TETRACYCLINE	EXACTX	WP_001039466.1	100.0	100.0	chromosome	plasmid	plasmid	plasmid	plasmid	plasmid	chromosome	plasmid	plasmid	plasmid	plasmid	plasmid	RECOVERED_OK
SAMN44789755	Escherichia coli (E. coli)	not_available	126	11457	0	chromosome	chromosome_fraction>=0.80		CM177022.1:1.0000	genbank	GCA_058153615.1	0.8444410503173342	not_selected	0.9508635198395291	plasmid_selected	v1.1	not_selected	12	0	1.0	4	aph(3'')-Ib;aph(6)-Id;qnrS1;sul2	AMINOGLYCOSIDE;QUINOLONE;SULFONAMIDE	QUINOLONE;STREPTOMYCIN;SULFONAMIDE	ALLELEX;BLASTX;EXACTX	WP_000480972.1;WP_001043260.1;WP_001082319.1;WP_001516695.1	99.63	100.0	plasmid	plasmid	plasmid	plasmid	plasmid	plasmid	chromosome	plasmid	plasmid	plasmid	plasmid	chromosome	RECOVERED_OK
SAMN44789755	Escherichia coli (E. coli)	not_available	170	7999	0	chromosome	chromosome_fraction>=0.80		CM177022.1:1.0000	genbank	GCA_058153615.1	0.8373146467906141	not_selected	0.9508635198395291	plasmid_selected	v1.1	not_selected	12	0	1.0	1	dfrA14	TRIMETHOPRIM	TRIMETHOPRIM	EXACTX	WP_004201280.1	100.0	100.0	plasmid	plasmid	plasmid	plasmid	plasmid	plasmid	chromosome	plasmid	plasmid	plasmid	plasmid	chromosome	RECOVERED_OK
SAMN44789755	Escherichia coli (E. coli)	not_available	226	3541	0	chromosome	chromosome_fraction>=0.80		CM177022.1:1.0000	genbank	GCA_058153615.1	0.8549335043734616	not_selected	0.9508635198395291	plasmid_selected	v1.1	not_selected	12	0	1.0	1	tet(D)	TETRACYCLINE	TETRACYCLINE	EXACTX	WP_001039466.1	100.0	100.0	plasmid	plasmid	plasmid	plasmid	plasmid	plasmid	chromosome	plasmid	plasmid	plasmid	plasmid	chromosome	RECOVERED_OK
SAMN44789755	Escherichia coli (E. coli)	not_available	251	2310	0	chromosome	chromosome_fraction>=0.80		CM177022.1:1.0000	genbank	GCA_058153615.1	0.6808232200660176	not_selected	0.9492724375550261	plasmid_selected	v1.1	not_selected	12	0	1.0	1	blaTEM-1	BETA-LACTAM	BETA-LACTAM	ALLELEX	WP_000027057.1	100.0	100.0	plasmid	plasmid	plasmid	plasmid	plasmid	plasmid	chromosome	plasmid	plasmid	chromosome	plasmid	chromosome	RECOVERED_OK
SAMN46343046	Escherichia coli (E. coli)	not_available	108	4067	0	chromosome	chromosome_fraction>=0.80		NZ_CM151361.1:1.0000	refseq	GCF_056487945.1	0.9151794271208348	not_selected	0.9508635198395291	plasmid_selected	v1.1	not_selected	12	0	1.0	1	erm(B)	LINCOSAMIDE/MACROLIDE/STREPTOGRAMIN	CLINDAMYCIN/ERYTHROMYCIN/STREPTOGRAMIN B	BLASTX	WP_002321849.1	99.59	100.0	plasmid	plasmid	plasmid	plasmid	plasmid	plasmid	chromosome	plasmid	plasmid	plasmid	plasmid	chromosome	RECOVERED_OK
SAMN46343046	Escherichia coli (E. coli)	not_available	83	9975	0	chromosome	chromosome_fraction>=0.80		NZ_CM151361.1:1.0000	refseq	GCF_056487945.1	0.8619577397732968	not_selected	0.7849934510745252	not_selected	v1.1	not_selected	12	0	1.0	3	blaCMY-42;mph(A);mrx(A)	BETA-LACTAM;MACROLIDE	AZITHROMYCIN/ERYTHROMYCIN/SPIRAMYCIN/TELITHROMYCIN;CEPHALOSPORIN	ALLELEX;BLASTX;EXACTX	WP_000004159.1;WP_000219391.1;WP_039023136.1	100.0	100.0	plasmid	chromosome	plasmid	plasmid	plasmid	plasmid	chromosome	plasmid	plasmid	plasmid	plasmid	chromosome	RECOVERED_OK
SAMN46343321	Escherichia coli (E. coli)	not_available	2	337154	0	chromosome	chromosome_fraction>=0.80		NZ_CM148361.1:1.0000	refseq	GCF_055901355.1	0.0005469355733366219	not_selected	0.0005025181506132203	not_selected	v1.1	not_selected	12	0	1.0	2	blaCTX-M-15;emrE	BETA-LACTAM;EFFLUX	CEPHALOSPORIN;EFFLUX	ALLELEX;BLASTX	CAA77936.1;WP_000239590.1	97.27	100.0	chromosome	chromosome	chromosome	chromosome	chromosome	chromosome	chromosome	chromosome	chromosome	chromosome	chromosome	chromosome	RECOVERED_OK
SAMN46343321	Escherichia coli (E. coli)	not_available	52	9674	0	plasmid	plasmid_fraction>=0.80	NZ_JBVWDY010000002.1:1.0000		refseq	GCF_055901355.1	0.9418372926047404	not_selected	0.9931544050611385	plasmid_selected	v1.1	not_selected	12	0	1.0	6	aadA2;blaNDM-5;ble;dfrA12;qacEdelta1;sul1	AMINOGLYCOSIDE;BETA-LACTAM;BLEOMYCIN;QUATERNARY AMMONIUM;SULFONAMIDE;TRIMETHOPRIM	BLEOMYCIN;CARBAPENEM;QUATERNARY AMMONIUM;STREPTOMYCIN;SULFONAMIDE;TRIMETHOPRIM	ALLELEX;EXACTX	WP_000259031.1;WP_000679427.1;WP_001083725.1;WP_001206356.1;WP_004201167.1;WP_023408309.1	100.0	100.0	plasmid	plasmid	plasmid	plasmid	plasmid	plasmid	chromosome	plasmid	plasmid	plasmid	plasmid	plasmid	RECOVERED_OK
SAMN49035614	Escherichia coli (E. coli)	not_available	12	118639	0	chromosome	chromosome_fraction>=0.80		NZ_CM149871.1:1.0000	refseq	GCF_056269955.1	0.0009500596940933647	not_selected	0.0023477360266118638	not_selected	v1.1	not_selected	12	0	1.0	3	aadA1;emrD;estX/sat2	AMINOGLYCOSIDE;EFFLUX;MACROLIDE/STREPTOTHRICIN	EFFLUX;STREPTOMYCIN;STREPTOTHRICIN/TYLOSIN	EXACTX;INTERNAL_STOP	BAE77620.1;WP_001206315.1;WP_446913733.1	99.79	100.0	chromosome	chromosome	plasmid	chromosome	chromosome	chromosome	chromosome	chromosome	chromosome	chromosome	chromosome	chromosome	RECOVERED_OK
SAMN50713113	Escherichia coli (E. coli)	not_available	21	69727	0	plasmid	plasmid_fraction>=0.80	NZ_JBRXAU010000003.1:1.0000		refseq	GCF_056157895.1	0.9384843717676199	not_selected	0.9986249460710745	plasmid_selected	v1.1	not_selected	12	0	1.0	1	tet(A)	TETRACYCLINE	TETRACYCLINE	BLASTX	WP_000804064.1	99.75	100.0	plasmid	plasmid	plasmid	plasmid	plasmid	plasmid	plasmid	plasmid	plasmid	chromosome	plasmid	chromosome	RECOVERED_OK
SAMN50713113	Escherichia coli (E. coli)	not_available	33	11645	0	plasmid	plasmid_fraction>=0.80	NZ_JBRXAU010000003.1:1.0000		refseq	GCF_056157895.1	0.8238825865076104	not_selected	0.9508635198395291	plasmid_selected	v1.1	not_selected	12	0	1.0	6	aadA5;dfrA17;mph(A);mrx(A);qacEdelta1;sul1	AMINOGLYCOSIDE;MACROLIDE;QUATERNARY AMMONIUM;SULFONAMIDE;TRIMETHOPRIM	AZITHROMYCIN/ERYTHROMYCIN/SPIRAMYCIN/TELITHROMYCIN;QUATERNARY AMMONIUM;STREPTOMYCIN;SULFONAMIDE;TRIMETHOPRIM	ALLELEX;BLASTX;EXACTX	WP_000004159.1;WP_000219391.1;WP_000259031.1;WP_000503573.1;WP_000679427.1;WP_001389366.1	99.76	100.0	plasmid	plasmid	plasmid	plasmid	plasmid	plasmid	chromosome	plasmid	plasmid	plasmid	plasmid	chromosome	RECOVERED_OK
SAMN50713113	Escherichia coli (E. coli)	not_available	36	8072	0	plasmid	plasmid_fraction>=0.80	NZ_JBRXAU010000003.1:1.0000		refseq	GCF_056157895.1	0.7497989802961953	not_selected	0.7944342199327958	not_selected	v1.1	not_selected	12	0	1.0	3	aac(3)-IVa;aph(4)-Ia;sul2	AMINOGLYCOSIDE;SULFONAMIDE	APRAMYCIN/GENTAMICIN/TOBRAMYCIN;HYGROMYCIN;SULFONAMIDE	EXACTX	WP_000742814.1;WP_001043260.1;WP_001199192.1	100.0	100.0	plasmid	plasmid	plasmid	plasmid	plasmid	plasmid	chromosome	chromosome	plasmid	plasmid	plasmid	chromosome	RECOVERED_OK
SAMN50713113	Escherichia coli (E. coli)	not_available	40	3728	0	plasmid	plasmid_fraction>=0.80	NZ_JBRXAU010000003.1:1.0000		refseq	GCF_056157895.1	0.9581448126996825	plasmid_selected	0.9931544050611385	plasmid_selected	v1.1	plasmid_selected	12	0	1.0	1	blaCTX-M-65	BETA-LACTAM	CEPHALOSPORIN	ALLELEX	WP_013188475.1	100.0	100.0	plasmid	plasmid	plasmid	plasmid	plasmid	plasmid	chromosome	plasmid	plasmid	plasmid	plasmid	plasmid	RECOVERED_OK
SAMN50713113	Escherichia coli (E. coli)	not_available	42	2678	0	plasmid	plasmid_fraction>=0.80	NZ_JBRXAU010000003.1:1.0000		refseq	GCF_056157895.1	0.6615328308041668	not_selected	0.9508635198395291	plasmid_selected	v1.1	not_selected	12	0	1.0	1	floR	PHENICOL	CHLORAMPHENICOL/FLORFENICOL	EXACTX	WP_000214122.1	100.0	100.0	plasmid	plasmid	plasmid	plasmid	plasmid	plasmid	chromosome	plasmid	plasmid	plasmid	plasmid	chromosome	RECOVERED_OK
SAMN50713113	Escherichia coli (E. coli)	not_available	44	2231	0	plasmid	plasmid_fraction>=0.80	NZ_JBRXAU010000002.1:1.0000		refseq	GCF_056157895.1	0.8766195749757587	not_selected	0.9929225458808841	plasmid_selected	v1.1	not_selected	12	0	1.0	1	blaOXA-48	BETA-LACTAM	CARBAPENEM	ALLELEX	WP_015059991.1	100.0	100.0	plasmid	plasmid	plasmid	plasmid	plasmid	plasmid	chromosome	plasmid	plasmid	chromosome	plasmid	plasmid	RECOVERED_OK
SAMN50713118	Escherichia coli (E. coli)	not_available	35	2231	0	plasmid	plasmid_fraction>=0.80	NZ_JBRXAP010000002.1:1.0000		refseq	GCF_056155595.1	0.37539711176098517	not_selected	0.9929225458808841	plasmid_selected	v1.1	not_selected	12	0	1.0	1	blaOXA-48	BETA-LACTAM	CARBAPENEM	ALLELEX	WP_015059991.1	100.0	100.0	plasmid	plasmid	plasmid	plasmid	plasmid	plasmid	chromosome	plasmid	plasmid	chromosome	plasmid	plasmid	RECOVERED_OK
SAMN50713119	Escherichia coli (E. coli)	not_available	51	2231	0	plasmid	plasmid_fraction>=0.80	NZ_JBRXAO010000002.1:1.0000		refseq	GCF_056155585.1	0.6592763365168313	not_selected	0.9929225458808841	plasmid_selected	v1.1	not_selected	12	0	1.0	1	blaOXA-48	BETA-LACTAM	CARBAPENEM	ALLELEX	WP_015059991.1	100.0	100.0	plasmid	plasmid	plasmid	plasmid	plasmid	plasmid	chromosome	plasmid	plasmid	chromosome	plasmid	plasmid	RECOVERED_OK
SAMN50713130	Escherichia coli (E. coli)	not_available	40	2231	0	plasmid	plasmid_fraction>=0.80	NZ_JBRXAD010000002.1:1.0000		refseq	GCF_056155445.1	0.9835422865289005	high_confidence_plasmid	0.9929225458808841	plasmid_selected	v1.1	high_confidence_plasmid	12	0	1.0	1	blaOXA-48	BETA-LACTAM	CARBAPENEM	ALLELEX	WP_015059991.1	100.0	100.0	plasmid	plasmid	plasmid	plasmid	plasmid	plasmid	chromosome	plasmid	plasmid	chromosome	plasmid	plasmid	RECOVERED_OK
SAMN50713132	Escherichia coli (E. coli)	not_available	40	2231	0	plasmid	plasmid_fraction>=0.80	NZ_JBRXAB010000002.1:1.0000		refseq	GCF_056155405.1	0.8766195749757587	not_selected	0.9929225458808841	plasmid_selected	v1.1	not_selected	12	0	1.0	1	blaOXA-48	BETA-LACTAM	CARBAPENEM	ALLELEX	WP_015059991.1	100.0	100.0	plasmid	plasmid	plasmid	plasmid	plasmid	plasmid	chromosome	plasmid	plasmid	chromosome	plasmid	plasmid	RECOVERED_OK
SAMN50779107	Escherichia coli (E. coli)	not_available	101	2756	0	plasmid	plasmid_fraction>=0.80	NZ_JBSAOW010000003.1:1.0000		refseq	GCF_053690285.1	0.9816589804009733	high_confidence_plasmid	0.9704222765871559	plasmid_selected	v1.1	high_confidence_plasmid	11	1	0.9167	4	aadA2;ant(2'')-Ia;qacEdelta1;sul1	AMINOGLYCOSIDE;QUATERNARY AMMONIUM;SULFONAMIDE	GENTAMICIN/KANAMYCIN/TOBRAMYCIN;QUATERNARY AMMONIUM;STREPTOMYCIN;SULFONAMIDE	ALLELEX;EXACTX	WP_000259031.1;WP_000381802.1;WP_000679427.1;WP_001261740.1	100.0	100.0	plasmid	plasmid	plasmid	plasmid	plasmid	plasmid	chromosome	plasmid	plasmid	plasmid	repeat	plasmid	OK
SAMN50779107	Escherichia coli (E. coli)	not_available	104	2512	0	plasmid	plasmid_fraction>=0.80	NZ_JBSAOW010000002.1:1.0000		refseq	GCF_053690285.1	0.9816589804009733	high_confidence_plasmid	0.9704222765871559	plasmid_selected	v1.1	high_confidence_plasmid	11	1	0.9167	2	mph(A);mrx(A)	MACROLIDE	AZITHROMYCIN/ERYTHROMYCIN/SPIRAMYCIN/TELITHROMYCIN	BLASTX;EXACTX	WP_000004159.1;WP_000219391.1	100.0	96.68	plasmid	plasmid	plasmid	plasmid	plasmid	plasmid	chromosome	plasmid	plasmid	plasmid	repeat	plasmid	OK
SAMN50779107	Escherichia coli (E. coli)	not_available	110	1418	0	plasmid	plasmid_fraction>=0.80	NZ_JBSAOW010000002.1:1.0000		refseq	GCF_053690285.1	0.9485202026373054	not_selected	0.9749197634439232	plasmid_selected	v1.1	not_selected	11	1	0.9167	2	blaIMP-4;qacG2	BETA-LACTAM;QUATERNARY AMMONIUM	CARBAPENEM;QUATERNARY AMMONIUM	ALLELEX;EXACTX	WP_015060105.1;WP_015063357.1	100.0	100.0	chromosome	plasmid	plasmid	plasmid	plasmid	plasmid	chromosome	plasmid	plasmid	chromosome	plasmid	unknown	OK
SAMN50779107	Escherichia coli (E. coli)	not_available	111	1399	0	plasmid	plasmid_fraction>=0.80	NZ_JBSAOW010000002.1:1.0000		refseq	GCF_053690285.1	0.9735255790330399	high_confidence_plasmid	0.9929225458808841	plasmid_selected	v1.1	high_confidence_plasmid	12	0	1.0	1	catA2	PHENICOL	CHLORAMPHENICOL	EXACTX	WP_001011939.1	100.0	100.0	plasmid	plasmid	plasmid	plasmid	plasmid	plasmid	chromosome	plasmid	plasmid	chromosome	plasmid	plasmid	OK
SAMN50779107	Escherichia coli (E. coli)	not_available	23	84652	0	plasmid	plasmid_fraction>=0.80	NZ_JBSAOW010000003.1:1.0000		refseq	GCF_053690285.1	0.997263012255942	high_confidence_plasmid	0.9931544050611385	plasmid_selected	v1.1	high_confidence_plasmid	12	0	1.0	6	aph(3'')-Ib;aph(6)-Id;blaCMY-2;floR;sul2;tet(A)	AMINOGLYCOSIDE;BETA-LACTAM;PHENICOL;SULFONAMIDE;TETRACYCLINE	CEPHALOSPORIN;CHLORAMPHENICOL/FLORFENICOL;STREPTOMYCIN;SULFONAMIDE;TETRACYCLINE	ALLELEX;EXACTX	WP_000214119.1;WP_000480968.1;WP_000804063.1;WP_000976514.1;WP_001043260.1;WP_001082319.1	100.0	100.0	plasmid	plasmid	plasmid	plasmid	plasmid	plasmid	chromosome	plasmid	plasmid	plasmid	plasmid	plasmid	OK
SAMN50779107	Escherichia coli (E. coli)	not_available	88	5650	0	plasmid	plasmid_fraction>=0.80	NZ_JBSAOW010000002.1:1.0000		refseq	GCF_053690285.1	0.9873582372571128	high_confidence_plasmid	0.9704222765871559	plasmid_selected	v1.1	high_confidence_plasmid	11	1	0.9167	1	blaTEM-1	BETA-LACTAM	BETA-LACTAM	ALLELEX	WP_000027057.1	100.0	100.0	plasmid	plasmid	plasmid	plasmid	plasmid	plasmid	chromosome	plasmid	plasmid	plasmid	repeat	plasmid	OK
SAMN50779107	Escherichia coli (E. coli)	not_available	94	3646	0	plasmid	plasmid_fraction>=0.80	NZ_JBSAOW010000002.1:1.0000		refseq	GCF_053690285.1	0.9872180725852102	high_confidence_plasmid	0.9931544050611385	plasmid_selected	v1.1	high_confidence_plasmid	12	0	1.0	1	dfrA19	TRIMETHOPRIM	TRIMETHOPRIM	EXACTX	WP_000019304.1	100.0	100.0	plasmid	plasmid	plasmid	plasmid	plasmid	plasmid	chromosome	plasmid	plasmid	plasmid	plasmid	plasmid	OK
SAMN50779107	Escherichia coli (E. coli)	not_available	96	3526	0	plasmid	plasmid_fraction>=0.80	NZ_JBSAOW010000002.1:1.0000		refseq	GCF_053690285.1	0.9872180725852102	high_confidence_plasmid	0.9931544050611385	plasmid_selected	v1.1	high_confidence_plasmid	12	0	1.0	1	tet(D)	TETRACYCLINE	TETRACYCLINE	EXACTX	WP_001039466.1	100.0	100.0	plasmid	plasmid	plasmid	plasmid	plasmid	plasmid	chromosome	plasmid	plasmid	plasmid	plasmid	plasmid	OK
SAMN51205862	Escherichia coli (E. coli)	not_available	111	1834	0	plasmid	plasmid_fraction>=0.80	NZ_JBRERF010000002.1:1.0000		refseq	GCF_052908025.1	0.8981622680207967	not_selected	0.9929225458808841	plasmid_selected	v1.1	not_selected	12	0	1.0	1	blaTEM-1	BETA-LACTAM	BETA-LACTAM	ALLELEX	WP_000027057.1	100.0	100.0	plasmid	plasmid	plasmid	plasmid	plasmid	plasmid	chromosome	plasmid	plasmid	chromosome	plasmid	plasmid	RECOVERED_OK
SAMN51205862	Escherichia coli (E. coli)	not_available	112	1816	0	plasmid	plasmid_fraction>=0.80	NZ_JBRERF010000002.1:1.0000		refseq	GCF_052908025.1	0.9251016755166729	not_selected	0.9929225458808841	plasmid_selected	v1.1	not_selected	12	0	1.0	1	sul2	SULFONAMIDE	SULFONAMIDE	EXACTX	WP_001043260.1	100.0	100.0	plasmid	plasmid	plasmid	plasmid	plasmid	plasmid	chromosome	plasmid	plasmid	chromosome	plasmid	plasmid	RECOVERED_OK
SAMN51205862	Escherichia coli (E. coli)	not_available	89	4475	0	plasmid	plasmid_fraction>=0.80	NZ_JBRERF010000002.1:1.0000		refseq	GCF_052908025.1	0.9387035268610608	not_selected	0.9647539237935542	plasmid_selected	v1.1	not_selected	12	0	1.0	4	aadA1;dfrA1;qacEdelta1;sul1	AMINOGLYCOSIDE;QUATERNARY AMMONIUM;SULFONAMIDE;TRIMETHOPRIM	QUATERNARY AMMONIUM;STREPTOMYCIN;SULFONAMIDE;TRIMETHOPRIM	ALLELEX;BLASTX;EXACTX	WP_000259031.1;WP_000679427.1;WP_000777555.1;WP_001206317.1	100.0	96.77	plasmid	chromosome	plasmid	plasmid	plasmid	plasmid	chromosome	plasmid	plasmid	plasmid	plasmid	plasmid	RECOVERED_OK
SAMN51205862	Escherichia coli (E. coli)	not_available	96	3702	0	plasmid	plasmid_fraction>=0.80	NZ_JBRERF010000002.1:1.0000		refseq	GCF_052908025.1	0.9139269767261163	not_selected	0.9647539237935542	plasmid_selected	v1.1	not_selected	12	0	1.0	1	tet(A)	TETRACYCLINE	TETRACYCLINE	EXACTX	WP_000804064.1	100.0	100.0	plasmid	chromosome	plasmid	plasmid	plasmid	plasmid	chromosome	plasmid	plasmid	plasmid	plasmid	plasmid	RECOVERED_OK
SAMN51205865	Escherichia coli (E. coli)	not_available	77	8773	0	chromosome	chromosome_fraction>=0.80		NZ_CM128593.1:1.0000	refseq	GCF_052907965.1	0.8527866133096501	not_selected	0.7849934510745252	not_selected	v1.1	not_selected	12	0	1.0	3	aadA1;blaOXA-1;catA1	AMINOGLYCOSIDE;BETA-LACTAM;PHENICOL	CEPHALOSPORIN;CHLORAMPHENICOL;STREPTOMYCIN	ALLELEX;EXACTX	WP_000412211.1;WP_001209508.1;WP_001334766.1	100.0	100.0	plasmid	chromosome	plasmid	plasmid	plasmid	plasmid	chromosome	plasmid	plasmid	plasmid	plasmid	chromosome	RECOVERED_OK
SAMN51205865	Escherichia coli (E. coli)	not_available	82	6768	1	plasmid	plasmid_fraction>=0.80	NZ_JBRERC010000003.1:1.0000		refseq	GCF_052907965.1	0.9742644365079408	high_confidence_plasmid	0.999822425133984	plasmid_selected	v1.1	high_confidence_plasmid	12	0	1.0	4	aph(3'')-Ib;aph(6)-Id;dfrA14;sul2	AMINOGLYCOSIDE;SULFONAMIDE;TRIMETHOPRIM	STREPTOMYCIN;SULFONAMIDE;TRIMETHOPRIM	EXACTX;PARTIALX;PARTIAL_CONTIG_ENDX	WP_000480968.1;WP_001043260.1;WP_001082319.1;WP_021529707.1	100.0	65.92	plasmid	plasmid	plasmid	plasmid	plasmid	plasmid	plasmid	plasmid	plasmid	plasmid	plasmid	plasmid	RECOVERED_OK
SAMN51205865	Escherichia coli (E. coli)	not_available	87	5587	0	chromosome	chromosome_fraction>=0.80		NZ_CM128593.1:1.0000	refseq	GCF_052907965.1	0.8467617697536065	not_selected	0.42167580725551146	not_selected	v1.1	not_selected	12	0	1.0	1	tet(B)	TETRACYCLINE	TETRACYCLINE	EXACTX	WP_001089068.1	100.0	100.0	plasmid	chromosome	plasmid	plasmid	plasmid	plasmid	chromosome	chromosome	plasmid	plasmid	plasmid	chromosome	RECOVERED_OK
SAMN51205867	Escherichia coli (E. coli)	not_available	39	11537	0	chromosome	chromosome_fraction>=0.80		NZ_CM128591.1:1.0000	refseq	GCF_052907925.1	0.9359596538621696	not_selected	0.985037557827494	plasmid_selected	v1.1	not_selected	10	2	0.8333	2	blaTEM-1;tet(B)	BETA-LACTAM;TETRACYCLINE	BETA-LACTAM;TETRACYCLINE	ALLELEX;EXACTX	WP_000027057.1;WP_001089068.1	100.0	100.0	chromosome	plasmid	plasmid	plasmid	plasmid	plasmid	chromosome	plasmid	plasmid	plasmid	unknown	unknown	RECOVERED_OK
SAMN51205867	Escherichia coli (E. coli)	not_available	9	195866	0	chromosome	chromosome_fraction>=0.80		NZ_CM128591.1:1.0000	refseq	GCF_052907925.1	0.0003417903337840612	not_selected	0.0005025181506132203	not_selected	v1.1	not_selected	12	0	1.0	4	aadA1;dfrA1;emrD;sat2	AMINOGLYCOSIDE;EFFLUX;STREPTOTHRICIN;TRIMETHOPRIM	EFFLUX;STREPTOMYCIN;STREPTOTHRICIN;TRIMETHOPRIM	EXACTX	BAE77620.1;WP_000704156.1;WP_000777554.1;WP_001206315.1	100.0	100.0	chromosome	chromosome	chromosome	chromosome	chromosome	chromosome	chromosome	chromosome	chromosome	chromosome	chromosome	chromosome	RECOVERED_OK
SAMN51205868	Escherichia coli (E. coli)	not_available	51	8711	0	chromosome	chromosome_fraction>=0.80		NZ_CM128590.1:1.0000	refseq	GCF_052907905.1	0.4068274341652315	not_selected	0.4777938961559145	not_selected	v1.1	not_selected	12	0	1.0	4	catA1;dfrA7;qacEdelta1;sul1	PHENICOL;QUATERNARY AMMONIUM;SULFONAMIDE;TRIMETHOPRIM	CHLORAMPHENICOL;QUATERNARY AMMONIUM;SULFONAMIDE;TRIMETHOPRIM	ALLELEX;BLASTX;EXACTX	WP_000259031.1;WP_000412211.1;WP_000679427.1;WP_000703418.1	100.0	90.68	plasmid	plasmid	plasmid	chromosome	plasmid	plasmid	chromosome	plasmid	plasmid	plasmid	plasmid	chromosome	OK
SAMN51205868	Escherichia coli (E. coli)	not_available	56	5587	0	plasmid	plasmid_fraction>=0.80	NZ_JBREQZ010000002.1:1.0000		refseq	GCF_052907905.1	0.8113308516030948	not_selected	0.9666370174996789	plasmid_selected	v1.1	not_selected	12	0	1.0	1	tet(B)	TETRACYCLINE	TETRACYCLINE	EXACTX	WP_001089068.1	100.0	100.0	plasmid	plasmid	plasmid	plasmid	plasmid	plasmid	chromosome	chromosome	plasmid	plasmid	plasmid	plasmid	OK
SAMN51205868	Escherichia coli (E. coli)	not_available	62	4386	0	chromosome	chromosome_fraction>=0.80		NZ_CM128590.1:1.0000	refseq	GCF_052907905.1	0.7531504034673008	not_selected	0.9986702433695193	plasmid_selected	v1.1	not_selected	12	0	1.0	3	aph(3'')-Ib;aph(6)-Id;sul2	AMINOGLYCOSIDE;SULFONAMIDE	STREPTOMYCIN;SULFONAMIDE	EXACTX	WP_000480968.1;WP_001043265.1;WP_001082319.1	100.0	100.0	plasmid	plasmid	plasmid	plasmid	plasmid	plasmid	plasmid	plasmid	plasmid	plasmid	plasmid	chromosome	OK
SAMN51205868	Escherichia coli (E. coli)	not_available	73	1766	0	chromosome	chromosome_fraction>=0.80		NZ_CM128590.1:1.0000	refseq	GCF_052907905.1	0.9064195043453361	not_selected	0.9931544050611385	plasmid_selected	v1.1	not_selected	12	0	1.0	1	blaTEM-1	BETA-LACTAM	BETA-LACTAM	ALLELEX	WP_000027057.1	100.0	100.0	plasmid	plasmid	plasmid	plasmid	plasmid	plasmid	chromosome	plasmid	plasmid	plasmid	plasmid	plasmid	OK
SAMN51205871	Escherichia coli (E. coli)	not_available	100	3963	0	plasmid	plasmid_fraction>=0.80	NZ_JBREQW010000002.1:1.0000		refseq	GCF_052907845.1	0.962884034111763	high_confidence_plasmid	0.9931544050611385	plasmid_selected	v1.1	high_confidence_plasmid	12	0	1.0	3	aadA1;cmlA1;qacL	AMINOGLYCOSIDE;PHENICOL;QUATERNARY AMMONIUM	CHLORAMPHENICOL;QUATERNARY AMMONIUM;STREPTOMYCIN	EXACTX	WP_000095725.1;WP_000800531.1;WP_001206316.1	100.0	100.0	plasmid	plasmid	plasmid	plasmid	plasmid	plasmid	chromosome	plasmid	plasmid	plasmid	plasmid	plasmid	RECOVERED_OK
SAMN51205871	Escherichia coli (E. coli)	not_available	102	3701	0	plasmid	plasmid_fraction>=0.80	NZ_JBREQW010000002.1:1.0000		refseq	GCF_052907845.1	0.9120705928560409	not_selected	0.9508635198395291	plasmid_selected	v1.1	not_selected	12	0	1.0	1	tet(A)	TETRACYCLINE	TETRACYCLINE	EXACTX	WP_000804064.1	100.0	100.0	plasmid	plasmid	plasmid	plasmid	plasmid	plasmid	chromosome	plasmid	plasmid	plasmid	plasmid	chromosome	RECOVERED_OK
SAMN51205871	Escherichia coli (E. coli)	not_available	104	3314	0	plasmid	plasmid_fraction>=0.80	NZ_JBREQW010000002.1:1.0000		refseq	GCF_052907845.1	0.962884034111763	high_confidence_plasmid	0.9931544050611385	plasmid_selected	v1.1	high_confidence_plasmid	12	0	1.0	2	qacEdelta1;sul1	QUATERNARY AMMONIUM;SULFONAMIDE	QUATERNARY AMMONIUM;SULFONAMIDE	ALLELEX;EXACTX	WP_000259031.1;WP_000679427.1	100.0	100.0	plasmid	plasmid	plasmid	plasmid	plasmid	plasmid	chromosome	plasmid	plasmid	plasmid	plasmid	plasmid	RECOVERED_OK
SAMN51205871	Escherichia coli (E. coli)	not_available	109	2737	0	plasmid	plasmid_fraction>=0.80	NZ_JBREQW010000002.1:1.0000		refseq	GCF_052907845.1	0.962884034111763	high_confidence_plasmid	0.9931544050611385	plasmid_selected	v1.1	high_confidence_plasmid	12	0	1.0	1	sul3	SULFONAMIDE	SULFONAMIDE	EXACTX	WP_000034420.1	100.0	100.0	plasmid	plasmid	plasmid	plasmid	plasmid	plasmid	chromosome	plasmid	plasmid	plasmid	plasmid	plasmid	RECOVERED_OK
SAMN51205871	Escherichia coli (E. coli)	not_available	117	1893	0	plasmid	plasmid_fraction>=0.80	NZ_JBREQW010000002.1:1.0000		refseq	GCF_052907845.1	0.8981622680207967	not_selected	0.9929225458808841	plasmid_selected	v1.1	not_selected	12	0	1.0	1	estX-3	MACROLIDE	TYLOSIN	ALLELEX	WP_001456218.1	100.0	100.0	plasmid	plasmid	plasmid	plasmid	plasmid	plasmid	chromosome	plasmid	plasmid	chromosome	plasmid	plasmid	RECOVERED_OK
SAMN51205871	Escherichia coli (E. coli)	not_available	130	1172	0	plasmid	plasmid_fraction>=0.80	NZ_JBREQW010000002.1:1.0000		refseq	GCF_052907845.1	0.9251016755166729	not_selected	0.9929225458808841	plasmid_selected	v1.1	not_selected	12	0	1.0	1	dfrA12	TRIMETHOPRIM	TRIMETHOPRIM	EXACTX	WP_001083725.1	100.0	100.0	plasmid	plasmid	plasmid	plasmid	plasmid	plasmid	chromosome	plasmid	plasmid	chromosome	plasmid	plasmid	RECOVERED_OK
SAMN51205871	Escherichia coli (E. coli)	not_available	131	1155	0	plasmid	plasmid_fraction>=0.80	NZ_JBREQW010000002.1:1.0000		refseq	GCF_052907845.1	0.9464752472135074	not_selected	0.9420308381334653	plasmid_selected	v1.1	not_selected	10	2	0.8333	1	aph(6)-Id	AMINOGLYCOSIDE	STREPTOMYCIN	EXACTX	WP_000480968.1	100.0	100.0	plasmid	plasmid	plasmid	plasmid	plasmid	plasmid	chromosome	plasmid	plasmid	chromosome	repeat	unknown	RECOVERED_OK
SAMN51205871	Escherichia coli (E. coli)	not_available	90	6086	0	plasmid	plasmid_fraction>=0.80	NZ_JBREQW010000002.1:1.0000		refseq	GCF_052907845.1	0.9742644365079408	high_confidence_plasmid	0.9931544050611385	plasmid_selected	v1.1	high_confidence_plasmid	12	0	1.0	2	aph(3')-IIa;ble	AMINOGLYCOSIDE;BLEOMYCIN	BLEOMYCIN;KANAMYCIN	EXACTX;PARTIAL_CONTIG_ENDX	WP_000131935.1;WP_000572405.1	100.0	58.73	plasmid	plasmid	plasmid	plasmid	plasmid	plasmid	chromosome	plasmid	plasmid	plasmid	plasmid	plasmid	RECOVERED_OK
SAMN51205871	Escherichia coli (E. coli)	not_available	93	5206	0	plasmid	plasmid_fraction>=0.80	NZ_JBREQW010000002.1:1.0000		refseq	GCF_052907845.1	0.9372227787017176	not_selected	0.9666370174996789	plasmid_selected	v1.1	not_selected	12	0	1.0	2	oqxA;oqxB	NITROFURAN/PHENICOL/QUINOLONE/TETRACYCLINE	NITROFURANTOIN/PHENICOL/QUINOLONE/TIGECYCLINE	EXACTX	WP_000347934.1;WP_002914189.1	100.0	100.0	plasmid	plasmid	plasmid	plasmid	plasmid	plasmid	chromosome	chromosome	plasmid	plasmid	plasmid	plasmid	RECOVERED_OK
SAMN51205871	Escherichia coli (E. coli)	not_available	98	4508	0	plasmid	plasmid_fraction>=0.80	NZ_JBREQW010000003.1:1.0000		refseq	GCF_052907845.1	0.9774510224829613	high_confidence_plasmid	0.9931544050611385	plasmid_selected	v1.1	high_confidence_plasmid	12	0	1.0	1	sul2	SULFONAMIDE	SULFONAMIDE	EXACTX	WP_001043260.1	100.0	100.0	plasmid	plasmid	plasmid	plasmid	plasmid	plasmid	chromosome	plasmid	plasmid	plasmid	plasmid	plasmid	RECOVERED_OK
SAMN51205875	Escherichia coli (E. coli)	not_available	44	8969	1	plasmid	plasmid_fraction>=0.80	NZ_JBREQS010000003.1:1.0000		refseq	GCF_052938855.1	0.8912496130916091	not_selected	0.999822425133984	plasmid_selected	v1.1	not_selected	12	0	1.0	5	aph(3'')-Ib;aph(6)-Id;dfrA14;sul2;tet(A)	AMINOGLYCOSIDE;SULFONAMIDE;TETRACYCLINE;TRIMETHOPRIM	STREPTOMYCIN;SULFONAMIDE;TETRACYCLINE;TRIMETHOPRIM	EXACTX;PARTIALX	WP_000480968.1;WP_000804063.1;WP_001043260.1;WP_001082319.1;WP_021529707.1	100.0	65.92	plasmid	plasmid	plasmid	plasmid	plasmid	plasmid	plasmid	plasmid	plasmid	plasmid	plasmid	plasmid	OK
SAMN51205876	Escherichia coli (E. coli)	not_available	59	6790	1	plasmid	plasmid_fraction>=0.80	NZ_JBREQR010000005.1:1.0000		refseq	GCF_052938815.1	0.9225429349599301	not_selected	0.9931544050611385	plasmid_selected	v1.1	not_selected	12	0	1.0	4	aph(3'')-Ib;aph(6)-Id;dfrA14;sul2	AMINOGLYCOSIDE;SULFONAMIDE;TRIMETHOPRIM	STREPTOMYCIN;SULFONAMIDE;TRIMETHOPRIM	EXACTX;PARTIALX	WP_000480968.1;WP_001043260.1;WP_001082319.1;WP_021529707.1	100.0	65.92	plasmid	plasmid	plasmid	plasmid	plasmid	plasmid	chromosome	plasmid	plasmid	plasmid	plasmid	plasmid	RECOVERED_OK
SAMN51205882	Escherichia coli (E. coli)	not_available	21	44373	0	plasmid	plasmid_fraction>=0.80	NZ_JBREQL010000003.1:1.0000		refseq	GCF_052907575.1	0.9674927515411808	high_confidence_plasmid	0.999822425133984	plasmid_selected	v1.1	high_confidence_plasmid	12	0	1.0	1	blaCTX-M-15	BETA-LACTAM	CEPHALOSPORIN	ALLELEX	WP_000239590.1	100.0	100.0	plasmid	plasmid	plasmid	plasmid	plasmid	plasmid	plasmid	plasmid	plasmid	plasmid	plasmid	plasmid	RECOVERED_OK
SAMN51205882	Escherichia coli (E. coli)	not_available	31	10932	0	chromosome	chromosome_fraction>=0.80		NZ_CM128581.1:1.0000	refseq	GCF_052907575.1	0.6067163263660421	not_selected	0.9750153105721396	plasmid_selected	v1.1	not_selected	11	1	0.9167	6	aadA5;dfrA17;mph(A);mrx(A);qacEdelta1;sul1	AMINOGLYCOSIDE;MACROLIDE;QUATERNARY AMMONIUM;SULFONAMIDE;TRIMETHOPRIM	AZITHROMYCIN/ERYTHROMYCIN/SPIRAMYCIN/TELITHROMYCIN;QUATERNARY AMMONIUM;STREPTOMYCIN;SULFONAMIDE;TRIMETHOPRIM	ALLELEX;EXACTX	WP_000004159.1;WP_000219391.1;WP_000259031.1;WP_000503573.1;WP_000679427.1;WP_001389366.1	100.0	100.0	chromosome	plasmid	plasmid	plasmid	plasmid	plasmid	chromosome	plasmid	plasmid	plasmid	plasmid	unknown	RECOVERED_OK
SAMN51205882	Escherichia coli (E. coli)	not_available	36	7773	0	chromosome	chromosome_fraction>=0.80		NZ_CM128581.1:1.0000	refseq	GCF_052907575.1	0.597725132672293	not_selected	0.8835057081932798	not_selected	v1.1	not_selected	11	1	0.9167	2	blaTEM-1;tet(B)	BETA-LACTAM;TETRACYCLINE	BETA-LACTAM;TETRACYCLINE	ALLELEX;EXACTX	WP_000027057.1;WP_001089068.1	100.0	100.0	chromosome	chromosome	plasmid	plasmid	plasmid	plasmid	chromosome	plasmid	plasmid	plasmid	plasmid	unknown	RECOVERED_OK
SAMN51205882	Escherichia coli (E. coli)	not_available	37	6200	1	plasmid	plasmid_fraction>=0.80	NZ_JBREQL010000004.1:1.0000		refseq	GCF_052907575.1	0.756050379592885	not_selected	0.999822425133984	plasmid_selected	v1.1	not_selected	12	0	1.0	3	aph(3'')-Ib;aph(6)-Id;sul2	AMINOGLYCOSIDE;SULFONAMIDE	STREPTOMYCIN;SULFONAMIDE	EXACTX	WP_000480968.1;WP_001043260.1;WP_001082319.1	100.0	100.0	plasmid	plasmid	plasmid	plasmid	plasmid	plasmid	plasmid	plasmid	plasmid	plasmid	plasmid	plasmid	RECOVERED_OK
SAMN51205882	Escherichia coli (E. coli)	not_available	40	3526	0	chromosome	chromosome_fraction>=0.80		NZ_CM128581.1:1.0000	refseq	GCF_052907575.1	0.48834761479186917	not_selected	0.9750153105721396	plasmid_selected	v1.1	not_selected	11	1	0.9167	1	aac(3)-IId	AMINOGLYCOSIDE	GENTAMICIN	EXACTX	WP_000557454.1	100.0	100.0	chromosome	plasmid	plasmid	plasmid	plasmid	plasmid	chromosome	plasmid	plasmid	plasmid	plasmid	unknown	RECOVERED_OK
SAMN51205883	Escherichia coli (E. coli)	not_available	24	69755	0	plasmid	plasmid_fraction>=0.80	NZ_JBREQK010000003.1:1.0000		refseq	GCF_052938775.1	0.99812184203129	high_confidence_plasmid	0.999822425133984	plasmid_selected	v1.1	high_confidence_plasmid	12	0	1.0	1	sul2	SULFONAMIDE	SULFONAMIDE	EXACTX	WP_001043260.1	100.0	100.0	plasmid	plasmid	plasmid	plasmid	plasmid	plasmid	plasmid	plasmid	plasmid	plasmid	plasmid	plasmid	RECOVERED_OK
SAMN51205883	Escherichia coli (E. coli)	not_available	45	22943	0	plasmid	plasmid_fraction>=0.80	NZ_JBREQK010000003.1:1.0000		refseq	GCF_052938775.1	0.9751828672712494	high_confidence_plasmid	0.9506805552025154	plasmid_selected	v1.1	high_confidence_plasmid	12	0	1.0	3	dfrA7;qacEdelta1;sul1	QUATERNARY AMMONIUM;SULFONAMIDE;TRIMETHOPRIM	QUATERNARY AMMONIUM;SULFONAMIDE;TRIMETHOPRIM	ALLELEX;EXACTX	WP_000259031.1;WP_000679427.1;WP_000703418.1	100.0	100.0	plasmid	plasmid	plasmid	chromosome	plasmid	chromosome	chromosome	chromosome	plasmid	plasmid	chromosome	plasmid	RECOVERED_OK
SAMN51205883	Escherichia coli (E. coli)	not_available	61	4034	0	plasmid	plasmid_fraction>=0.80	NZ_JBREQK010000003.1:1.0000		refseq	GCF_052938775.1	0.9873520459752577	high_confidence_plasmid	0.9704222765871559	plasmid_selected	v1.1	high_confidence_plasmid	11	1	0.9167	1	blaTEM-1	BETA-LACTAM	BETA-LACTAM	ALLELEX	WP_000027057.1	100.0	100.0	plasmid	plasmid	plasmid	plasmid	plasmid	plasmid	chromosome	plasmid	plasmid	plasmid	repeat	plasmid	RECOVERED_OK
SAMN51250218	Escherichia coli (E. coli)	not_available	23	75312	0	plasmid	plasmid_fraction>=0.80	NZ_JBRERQ010000002.1:1.0000		refseq	GCF_052908335.1	0.99812184203129	high_confidence_plasmid	0.999822425133984	plasmid_selected	v1.1	high_confidence_plasmid	12	0	1.0	5	blaTEM-1;dfrA7;eatA;qacEdelta1;sul1	BETA-LACTAM;NA;QUATERNARY AMMONIUM;SULFONAMIDE;TRIMETHOPRIM	BETA-LACTAM;NA;QUATERNARY AMMONIUM;SULFONAMIDE;TRIMETHOPRIM	ALLELEX;BLASTX;EXACTX	CAI79539.1;WP_000027057.1;WP_000259031.1;WP_000679427.1;WP_000703418.1	98.97	100.0	plasmid	plasmid	plasmid	plasmid	plasmid	plasmid	plasmid	plasmid	plasmid	plasmid	plasmid	plasmid	OK
SAMN51250218	Escherichia coli (E. coli)	not_available	42	34434	0	plasmid	plasmid_fraction>=0.80	NZ_JBRERQ010000002.1:1.0000		refseq	GCF_052908335.1	0.99812184203129	high_confidence_plasmid	0.9931544050611385	plasmid_selected	v1.1	high_confidence_plasmid	12	0	1.0	1	sul2	SULFONAMIDE	SULFONAMIDE	EXACTX	WP_001043260.1	100.0	100.0	plasmid	plasmid	plasmid	plasmid	plasmid	plasmid	chromosome	plasmid	plasmid	plasmid	plasmid	plasmid	OK
SAMN51250218	Escherichia coli (E. coli)	not_available	44	33737	0	plasmid	plasmid_fraction>=0.80	NZ_JBRERQ010000004.1:1.0000		refseq	GCF_052908335.1	0.99812184203129	high_confidence_plasmid	0.9931544050611385	plasmid_selected	v1.1	high_confidence_plasmid	12	0	1.0	1	tet(B)	TETRACYCLINE	TETRACYCLINE	BLASTX	WP_001089068.1	99.75	100.0	plasmid	plasmid	plasmid	plasmid	plasmid	plasmid	chromosome	plasmid	plasmid	plasmid	plasmid	plasmid	OK
SAMN51250218	Escherichia coli (E. coli)	not_available	90	1590	0	plasmid	plasmid_fraction>=0.80	NZ_JBRERQ010000004.1:1.0000		refseq	GCF_052908335.1	0.9816961847615786	high_confidence_plasmid	0.9929225458808841	plasmid_selected	v1.1	high_confidence_plasmid	12	0	1.0	2	aph(3'')-Ib;aph(6)-Id	AMINOGLYCOSIDE	STREPTOMYCIN	EXACTX;PARTIAL_CONTIG_ENDX	WP_000480972.1;WP_001082319.1	100.0	88.85	plasmid	plasmid	plasmid	plasmid	plasmid	plasmid	chromosome	plasmid	plasmid	chromosome	plasmid	plasmid	OK
SAMN51250220	Escherichia coli (E. coli)	not_available	1	386987	0	chromosome	chromosome_fraction>=0.80		NZ_CM128604.1:1.0000	refseq	GCF_052908285.1	0.0009500596940933647	not_selected	0.0005025181506132203	not_selected	v1.1	not_selected	12	0	1.0	3	espX1;fosA7.5;mdtM	EFFLUX;FOSFOMYCIN;NA	EFFLUX;FOSFOMYCIN;NA	ALLELEX;BLASTX;PARTIALX	AAC77293.1;ADD54679.1;WP_000941933.1	90.49	60.04	chromosome	chromosome	chromosome	chromosome	chromosome	chromosome	chromosome	chromosome	chromosome	chromosome	chromosome	chromosome	OK
SAMN51250220	Escherichia coli (E. coli)	not_available	68	3702	0	plasmid	plasmid_fraction>=0.80	NZ_JBRERO010000003.1:1.0000		refseq	GCF_052908285.1	0.9787715261682464	high_confidence_plasmid	0.9647539237935542	plasmid_selected	v1.1	high_confidence_plasmid	12	0	1.0	1	tet(A)	TETRACYCLINE	TETRACYCLINE	EXACTX	WP_000804064.1	100.0	100.0	plasmid	chromosome	plasmid	plasmid	plasmid	plasmid	chromosome	plasmid	plasmid	plasmid	plasmid	plasmid	OK
SAMN51250221	Escherichia coli (E. coli)	not_available	42	26763	0	plasmid	plasmid_fraction>=0.80	NZ_JBRERN010000003.1:1.0000		refseq	GCF_052908275.1	0.9801744473976769	high_confidence_plasmid	0.9508635198395291	plasmid_selected	v1.1	high_confidence_plasmid	12	0	1.0	10	aadA1;blaTEM-1;dfrA1;merC;merP;merR;merT;qacEdelta1;sul1;tet(A)	AMINOGLYCOSIDE;BETA-LACTAM;MERCURY;QUATERNARY AMMONIUM;SULFONAMIDE;TETRACYCLINE;TRIMETHOPRIM	BETA-LACTAM;MERCURY;ORGANOMERCURY;QUATERNARY AMMONIUM;STREPTOMYCIN;SULFONAMIDE;TETRACYCLINE;TRIMETHOPRIM	ALLELEX;BLASTX;EXACTX	AAB59075.1;AAC33908.1;AAC38219.1;CAA77320.1;WP_000027057.1;WP_000259031.1;WP_000679427.1;WP_000777555.1;WP_000804064.1;WP_001206317.1	90.11	100.0	plasmid	plasmid	plasmid	plasmid	plasmid	plasmid	chromosome	plasmid	plasmid	plasmid	plasmid	chromosome	RECOVERED_OK
SAMN51250222	Escherichia coli (E. coli)	not_available	48	19636	0	plasmid	plasmid_fraction>=0.80	NZ_JBRERM010000004.1:1.0000		refseq	GCF_052908155.1	0.9979164852822807	high_confidence_plasmid	0.9931544050611385	plasmid_selected	v1.1	high_confidence_plasmid	12	0	1.0	1	tet(B)	TETRACYCLINE	TETRACYCLINE	BLASTX	WP_001089068.1	99.75	100.0	plasmid	plasmid	plasmid	plasmid	plasmid	plasmid	chromosome	plasmid	plasmid	plasmid	plasmid	plasmid	RECOVERED_OK
SAMN51250222	Escherichia coli (E. coli)	not_available	70	5010	0	plasmid	plasmid_fraction>=0.80	NZ_JBRERM010000004.1:1.0000		refseq	GCF_052908155.1	0.9947153944947259	high_confidence_plasmid	0.9931544050611385	plasmid_selected	v1.1	high_confidence_plasmid	12	0	1.0	4	aph(3'')-Ib;aph(6)-Id;blaTEM-1;sul2	AMINOGLYCOSIDE;BETA-LACTAM;SULFONAMIDE	BETA-LACTAM;STREPTOMYCIN;SULFONAMIDE	ALLELEX;EXACTX;PARTIAL_CONTIG_ENDX	WP_000027057.1;WP_000480972.1;WP_001043260.1;WP_001082319.1	100.0	88.85	plasmid	plasmid	plasmid	plasmid	plasmid	plasmid	chromosome	plasmid	plasmid	plasmid	plasmid	plasmid	RECOVERED_OK
SAMN51250222	Escherichia coli (E. coli)	not_available	97	1179	0	plasmid	plasmid_fraction>=0.80	NZ_JBRERM010000004.1:1.0000		refseq	GCF_052908155.1	0.9551480412832583	plasmid_selected	0.9770809823080131	plasmid_selected	v1.1	plasmid_selected	11	1	0.9167	1	dfrA8	TRIMETHOPRIM	TRIMETHOPRIM	EXACTX	WP_000571065.1	100.0	100.0	plasmid	plasmid	plasmid	unclassified	plasmid	plasmid	chromosome	plasmid	chromosome	chromosome	plasmid	plasmid	RECOVERED_OK
SAMN51335557	Escherichia coli (E. coli)	not_available	14	138833	0	chromosome	chromosome_fraction>=0.80		NZ_CM132280.1:1.0000	refseq	GCF_053699495.1	0.0005644647258490089	not_selected	0.0023477360266118638	not_selected	v1.1	not_selected	12	0	1.0	7	emrD;lpfA-O113;merC;merP;merR;merT;tet(A)	EFFLUX;MERCURY;NA;TETRACYCLINE	EFFLUX;MERCURY;NA;ORGANOMERCURY;TETRACYCLINE	BLASTX;EXACTX;PARTIALX	AAB59075.1;AAC33908.1;AAC38219.1;AAP18950.1;BAE77620.1;CAA77320.1;WP_000804064.1	90.11	56.32	chromosome	chromosome	plasmid	chromosome	chromosome	chromosome	chromosome	chromosome	chromosome	chromosome	chromosome	chromosome	OK
SAMN51335557	Escherichia coli (E. coli)	not_available	24	87959	0	plasmid	plasmid_fraction>=0.80	NZ_JBRAWG010000002.1:0.9947		refseq	GCF_053699495.1	0.9868325152749912	high_confidence_plasmid	0.999822425133984	plasmid_selected	v1.1	high_confidence_plasmid	12	0	1.0	1	blaCTX-M-14	BETA-LACTAM	CEPHALOSPORIN	ALLELEX	WP_001617865.1	100.0	100.0	plasmid	plasmid	plasmid	plasmid	plasmid	plasmid	plasmid	plasmid	plasmid	plasmid	plasmid	plasmid	OK
SAMN51335557	Escherichia coli (E. coli)	not_available	27	84521	0	chromosome	chromosome_fraction>=0.80		NZ_CM132280.1:1.0000	refseq	GCF_053699495.1	0.0005644647258490089	not_selected	0.0023477360266118638	not_selected	v1.1	not_selected	12	0	1.0	3	dfrA7;qacEdelta1;sul1	QUATERNARY AMMONIUM;SULFONAMIDE;TRIMETHOPRIM	QUATERNARY AMMONIUM;SULFONAMIDE;TRIMETHOPRIM	ALLELEX;BLASTX;EXACTX	WP_000259031.1;WP_000679427.1;WP_000703418.1	100.0	90.68	chromosome	chromosome	plasmid	chromosome	chromosome	chromosome	chromosome	chromosome	chromosome	chromosome	chromosome	chromosome	OK
SAMN51335557	Escherichia coli (E. coli)	not_available	38	32489	0	plasmid	plasmid_fraction>=0.80	NZ_JBRAWG010000003.1:1.0000		refseq	GCF_053699495.1	0.9868325152749912	high_confidence_plasmid	0.999822425133984	plasmid_selected	v1.1	high_confidence_plasmid	12	0	1.0	1	mcr-1.1	COLISTIN	COLISTIN	ALLELEX	WP_049589868.1	100.0	100.0	plasmid	plasmid	plasmid	plasmid	plasmid	plasmid	plasmid	plasmid	plasmid	plasmid	plasmid	plasmid	OK
SAMN51335557	Escherichia coli (E. coli)	not_available	58	4386	0	chromosome	chromosome_fraction>=0.80		NZ_CM132280.1:1.0000	refseq	GCF_053699495.1	0.6916468662099382	not_selected	0.9916887540217667	plasmid_selected	v1.1	not_selected	11	1	0.9167	3	aph(3'')-Ib;aph(6)-Id;sul2	AMINOGLYCOSIDE;SULFONAMIDE	STREPTOMYCIN;SULFONAMIDE	EXACTX	WP_000480968.1;WP_001043265.1;WP_001082319.1	100.0	100.0	chromosome	plasmid	plasmid	unclassified	plasmid	plasmid	plasmid	plasmid	plasmid	plasmid	plasmid	chromosome	OK
SAMN51335557	Escherichia coli (E. coli)	not_available	68	1831	0	chromosome	chromosome_fraction>=0.80		NZ_CM132280.1:1.0000	refseq	GCF_053699495.1	0.6934147459354099	not_selected	0.9750153105721396	plasmid_selected	v1.1	not_selected	11	1	0.9167	1	blaTEM-1	BETA-LACTAM	BETA-LACTAM	ALLELEX	WP_000027057.1	100.0	100.0	chromosome	plasmid	plasmid	plasmid	plasmid	plasmid	chromosome	plasmid	plasmid	plasmid	plasmid	unknown	OK
SAMN51335558	Escherichia coli (E. coli)	not_available	20	89471	0	plasmid	plasmid_fraction>=0.80	NZ_JBRAWH010000002.1:0.9999		refseq	GCF_053699415.1	0.589352013436757	not_selected	0.9991779581661044	plasmid_selected	v1.1	not_selected	11	1	0.9167	1	blaCTX-M-14	BETA-LACTAM	CEPHALOSPORIN	ALLELEX	WP_001617865.1	100.0	100.0	plasmid	plasmid	plasmid	plasmid	plasmid	plasmid	plasmid	plasmid	plasmid	plasmid	unknown	chromosome	OK
SAMN51335558	Escherichia coli (E. coli)	not_available	23	61009	0	chromosome	chromosome_fraction>=0.80		NZ_CM132279.1:1.0000	refseq	GCF_053699415.1	0.00014703756920924	not_selected	0.0023477360266118638	not_selected	v1.1	not_selected	12	0	1.0	1	dfrA7	TRIMETHOPRIM	TRIMETHOPRIM	EXACTX	WP_000703418.1	100.0	100.0	chromosome	chromosome	plasmid	chromosome	chromosome	chromosome	chromosome	chromosome	chromosome	chromosome	chromosome	chromosome	OK
SAMN51335558	Escherichia coli (E. coli)	not_available	28	32511	0	plasmid	plasmid_fraction>=0.80	NZ_JBRAWH010000003.1:1.0000		refseq	GCF_053699415.1	0.9674927515411808	high_confidence_plasmid	0.999822425133984	plasmid_selected	v1.1	high_confidence_plasmid	12	0	1.0	1	mcr-1.1	COLISTIN	COLISTIN	ALLELEX	WP_049589868.1	100.0	100.0	plasmid	plasmid	plasmid	plasmid	plasmid	plasmid	plasmid	plasmid	plasmid	plasmid	plasmid	plasmid	OK
SAMN51335558	Escherichia coli (E. coli)	not_available	33	18866	0	chromosome	chromosome_fraction>=0.80		NZ_CM132279.1:1.0000	refseq	GCF_053699415.1	0.09393242082435192	not_selected	0.14721105285356742	not_selected	v1.1	not_selected	12	0	1.0	5	merC;merP;merR;merT;tet(A)	MERCURY;TETRACYCLINE	MERCURY;ORGANOMERCURY;TETRACYCLINE	BLASTX;EXACTX	AAB59075.1;AAC33908.1;AAC38219.1;CAA77320.1;WP_000804064.1	90.11	100.0	plasmid	chromosome	plasmid	chromosome	plasmid	plasmid	chromosome	plasmid	plasmid	plasmid	plasmid	chromosome	OK
SAMN51335558	Escherichia coli (E. coli)	not_available	38	14961	0	chromosome	chromosome_fraction>=0.80		NZ_CM132279.1:1.0000	refseq	GCF_053699415.1	0.28851523160619025	not_selected	0.9508635198395291	plasmid_selected	v1.1	not_selected	12	0	1.0	6	blaDHA-1;mph(A);mrx(A);qacE;qnrB4;sul1	BETA-LACTAM;MACROLIDE;QUATERNARY AMMONIUM;QUINOLONE;SULFONAMIDE	AZITHROMYCIN/ERYTHROMYCIN/SPIRAMYCIN/TELITHROMYCIN;CEPHALOSPORIN;QUATERNARY AMMONIUM;QUINOLONE;SULFONAMIDE	ALLELEX;EXACTX;PARTIALX	WP_000004159.1;WP_000219391.1;WP_000259031.1;WP_000679427.1;WP_004236386.1;WP_017900990.1	95.79	82.61	plasmid	plasmid	plasmid	plasmid	plasmid	plasmid	chromosome	plasmid	plasmid	plasmid	plasmid	chromosome	OK
SAMN51335558	Escherichia coli (E. coli)	not_available	42	4386	0	chromosome	chromosome_fraction>=0.80		NZ_CM132279.1:1.0000	refseq	GCF_053699415.1	0.362342531581983	not_selected	0.9986702433695193	plasmid_selected	v1.1	not_selected	12	0	1.0	3	aph(3'')-Ib;aph(6)-Id;sul2	AMINOGLYCOSIDE;SULFONAMIDE	STREPTOMYCIN;SULFONAMIDE	EXACTX	WP_000480968.1;WP_001043265.1;WP_001082319.1	100.0	100.0	plasmid	plasmid	plasmid	plasmid	plasmid	plasmid	plasmid	plasmid	plasmid	plasmid	plasmid	chromosome	OK
SAMN51867602	Escherichia coli (E. coli)	not_available	41	17095	0	plasmid	plasmid_fraction>=0.80	JCADRX010000003.1:1.0000		genbank	GCA_059271265.1	0.9973227216891274	high_confidence_plasmid	0.9931544050611385	plasmid_selected	v1.1	high_confidence_plasmid	12	0	1.0	8	aac(3)-IId;blaCTX-M-15;merA;merD;merE;merR;merT;qnrB1	AMINOGLYCOSIDE;BETA-LACTAM;MERCURY;QUINOLONE	CEPHALOSPORIN;GENTAMICIN;MERCURY;QUINOLONE	ALLELEX;BLASTX;EXACTX	AAC38221.1;AAC38236.1;ACU65296.1;CAA70196.1;CAA77320.1;WP_000239590.1;WP_000557454.1;WP_014386481.1	90.08	98.61	plasmid	plasmid	plasmid	plasmid	plasmid	plasmid	chromosome	plasmid	plasmid	plasmid	plasmid	plasmid	OK
SAMN51867602	Escherichia coli (E. coli)	not_available	51	10031	0	plasmid	plasmid_fraction>=0.80	JCADRX010000003.1:1.0000		genbank	GCA_059271265.1	0.9916754363016633	high_confidence_plasmid	0.9929225458808841	plasmid_selected	v1.1	high_confidence_plasmid	12	0	1.0	1	dfrA14	TRIMETHOPRIM	TRIMETHOPRIM	EXACTX	WP_004201280.1	100.0	100.0	plasmid	plasmid	plasmid	plasmid	plasmid	plasmid	chromosome	plasmid	plasmid	chromosome	plasmid	plasmid	OK
SAMN51867602	Escherichia coli (E. coli)	not_available	52	9706	0	plasmid	plasmid_fraction>=0.80	JCADRX010000003.1:1.0000		genbank	GCA_059271265.1	0.994154178409912	high_confidence_plasmid	0.9931544050611385	plasmid_selected	v1.1	high_confidence_plasmid	12	0	1.0	1	blaTEM-1	BETA-LACTAM	BETA-LACTAM	ALLELEX	WP_000027057.1	100.0	100.0	plasmid	plasmid	plasmid	plasmid	plasmid	plasmid	chromosome	plasmid	plasmid	plasmid	plasmid	plasmid	OK
SAMN51867602	Escherichia coli (E. coli)	not_available	60	5197	0	plasmid	plasmid_fraction>=0.80	JCADRX010000003.1:1.0000		genbank	GCA_059271265.1	0.9947153944947259	high_confidence_plasmid	0.9931544050611385	plasmid_selected	v1.1	high_confidence_plasmid	12	0	1.0	3	aph(3'')-Ib;aph(6)-Id;sul2	AMINOGLYCOSIDE;SULFONAMIDE	STREPTOMYCIN;SULFONAMIDE	BLASTX;EXACTX	WP_000480972.1;WP_001043260.1;WP_001082319.1	99.63	100.0	plasmid	plasmid	plasmid	plasmid	plasmid	plasmid	chromosome	plasmid	plasmid	plasmid	plasmid	plasmid	OK
SAMN52857380	Escherichia coli (E. coli)	not_available	16	16158	0	plasmid	plasmid_fraction>=0.80	ACBDAC020000002.1:1.0000		genbank	GCA_053157035.2	0.815809687330244	not_selected	0.9508635198395291	plasmid_selected	v1.1	not_selected	12	0	1.0	6	aph(3'')-Ib;aph(6)-Id;mph(A);mrx(A);qnrS1;sul2	AMINOGLYCOSIDE;MACROLIDE;QUINOLONE;SULFONAMIDE	AZITHROMYCIN/ERYTHROMYCIN/SPIRAMYCIN/TELITHROMYCIN;QUINOLONE;STREPTOMYCIN;SULFONAMIDE	ALLELEX;BLASTX;EXACTX	WP_000004159.1;WP_000219391.1;WP_000480972.1;WP_001043260.1;WP_001082319.1;WP_001516695.1	99.63	100.0	plasmid	plasmid	plasmid	plasmid	plasmid	plasmid	chromosome	plasmid	plasmid	plasmid	plasmid	chromosome	OK
SAMN52857380	Escherichia coli (E. coli)	not_available	17	8287	0	plasmid	plasmid_fraction>=0.80	ACBDAC020000002.1:1.0000		genbank	GCA_053157035.2	0.7014419642504071	not_selected	0.9508635198395291	plasmid_selected	v1.1	not_selected	12	0	1.0	5	aadA2;blaNDM-5;ble;qacEdelta1;sul1	AMINOGLYCOSIDE;BETA-LACTAM;BLEOMYCIN;QUATERNARY AMMONIUM;SULFONAMIDE	BLEOMYCIN;CARBAPENEM;QUATERNARY AMMONIUM;STREPTOMYCIN;SULFONAMIDE	ALLELEX;EXACTX	WP_000259031.1;WP_000679427.1;WP_001206356.1;WP_004201167.1;WP_023408309.1	100.0	100.0	plasmid	plasmid	plasmid	plasmid	plasmid	plasmid	chromosome	plasmid	plasmid	plasmid	plasmid	chromosome	OK
SAMN52857380	Escherichia coli (E. coli)	not_available	18	5893	0	plasmid	plasmid_fraction>=0.80	ACBDAC020000002.1:1.0000		genbank	GCA_053157035.2	0.7014419642504071	not_selected	0.9508635198395291	plasmid_selected	v1.1	not_selected	12	0	1.0	1	blaCTX-M-15	BETA-LACTAM	CEPHALOSPORIN	ALLELEX	WP_000239590.1	100.0	100.0	plasmid	plasmid	plasmid	plasmid	plasmid	plasmid	chromosome	plasmid	plasmid	plasmid	plasmid	chromosome	OK
SAMN52951588	Escherichia coli (E. coli)	not_available	100	1622	0	plasmid	plasmid_fraction>=0.80	NZ_JBRYYF010000002.1:1.0000		refseq	GCF_053323875.1	0.9735255790330399	high_confidence_plasmid	0.9929225458808841	plasmid_selected	v1.1	high_confidence_plasmid	12	0	1.0	1	estX-3	MACROLIDE	TYLOSIN	ALLELEX	WP_001456218.1	100.0	100.0	plasmid	plasmid	plasmid	plasmid	plasmid	plasmid	chromosome	plasmid	plasmid	chromosome	plasmid	plasmid	OK
SAMN52951588	Escherichia coli (E. coli)	not_available	102	1440	0	plasmid	plasmid_fraction>=0.80	NZ_JBRYYF010000003.1:1.0000		refseq	GCF_053323875.1	0.9717079216253953	high_confidence_plasmid	0.9857017881103314	plasmid_selected	v1.1	high_confidence_plasmid	11	1	0.9167	1	blaCTX-M-55	BETA-LACTAM	CEPHALOSPORIN	ALLELEX	WP_015387340.1	100.0	100.0	plasmid	plasmid	plasmid	plasmid	plasmid	plasmid	chromosome	plasmid	plasmid	chromosome	plasmid	unknown	OK
SAMN52951588	Escherichia coli (E. coli)	not_available	112	1017	0	plasmid	plasmid_fraction>=0.80	NZ_JBRYYF010000002.1:1.0000		refseq	GCF_053323875.1	0.9735255790330399	high_confidence_plasmid	0.9929225458808841	plasmid_selected	v1.1	high_confidence_plasmid	12	0	1.0	1	lnu(F)	LINCOSAMIDE	LINCOSAMIDE	BLASTX	WP_000939727.1	99.63	100.0	plasmid	plasmid	plasmid	plasmid	plasmid	plasmid	chromosome	plasmid	plasmid	chromosome	plasmid	plasmid	OK
SAMN52951588	Escherichia coli (E. coli)	not_available	113	1006	0	plasmid	plasmid_fraction>=0.80	NZ_JBRYYF010000002.1:1.0000		refseq	GCF_053323875.1	0.956533343858327	plasmid_selected	0.993036133590978	plasmid_selected	v1.1	plasmid_selected	12	0	1.0	1	blaOXA-10	BETA-LACTAM	CEPHALOSPORIN	ALLELEX	WP_000846390.1	100.0	100.0	plasmid	plasmid	plasmid	plasmid	plasmid	plasmid	chromosome	plasmid	chromosome	chromosome	plasmid	plasmid	OK
SAMN52951588	Escherichia coli (E. coli)	not_available	63	9008	0	plasmid	plasmid_fraction>=0.80	NZ_JBRYYF010000002.1:1.0000		refseq	GCF_053323875.1	0.9642467657356093	high_confidence_plasmid	0.9508635198395291	plasmid_selected	v1.1	high_confidence_plasmid	12	0	1.0	5	aac(3)-IVa;aph(3'')-Ib;aph(3')-Ia;aph(4)-Ia;aph(6)-Id	AMINOGLYCOSIDE	APRAMYCIN/GENTAMICIN/TOBRAMYCIN;HYGROMYCIN;KANAMYCIN;STREPTOMYCIN	BLASTX;EXACTX	WP_000018321.1;WP_000480968.1;WP_000742814.1;WP_001082319.1;WP_001199192.1	99.64	100.0	plasmid	plasmid	plasmid	plasmid	plasmid	plasmid	chromosome	plasmid	plasmid	plasmid	plasmid	chromosome	OK
SAMN52951588	Escherichia coli (E. coli)	not_available	67	6623	0	plasmid	plasmid_fraction>=0.80	NZ_JBRYYF010000002.1:1.0000		refseq	GCF_053323875.1	0.9912053825712391	high_confidence_plasmid	0.9931544050611385	plasmid_selected	v1.1	high_confidence_plasmid	12	0	1.0	1	qnrS1	QUINOLONE	QUINOLONE	ALLELEX	WP_001516695.1	100.0	100.0	plasmid	plasmid	plasmid	plasmid	plasmid	plasmid	chromosome	plasmid	plasmid	plasmid	plasmid	plasmid	OK
SAMN52951588	Escherichia coli (E. coli)	not_available	70	6355	0	plasmid	plasmid_fraction>=0.80	NZ_JBRYYF010000002.1:1.0000		refseq	GCF_053323875.1	0.9912053825712391	high_confidence_plasmid	0.9931544050611385	plasmid_selected	v1.1	high_confidence_plasmid	12	0	1.0	1	floR	PHENICOL	CHLORAMPHENICOL/FLORFENICOL	EXACTX	WP_000214121.1	100.0	100.0	plasmid	plasmid	plasmid	plasmid	plasmid	plasmid	chromosome	plasmid	plasmid	plasmid	plasmid	plasmid	OK
SAMN52951588	Escherichia coli (E. coli)	not_available	72	5986	0	plasmid	plasmid_fraction>=0.80	NZ_JBRYYF010000002.1:1.0000		refseq	GCF_053323875.1	0.9912053825712391	high_confidence_plasmid	0.9931544050611385	plasmid_selected	v1.1	high_confidence_plasmid	12	0	1.0	2	mph(A);mrx(A)	MACROLIDE	AZITHROMYCIN/ERYTHROMYCIN/SPIRAMYCIN/TELITHROMYCIN	EXACTX	WP_000004159.1;WP_000219391.1	100.0	100.0	plasmid	plasmid	plasmid	plasmid	plasmid	plasmid	chromosome	plasmid	plasmid	plasmid	plasmid	plasmid	OK
SAMN52951588	Escherichia coli (E. coli)	not_available	81	4435	0	plasmid	plasmid_fraction>=0.80	NZ_JBRYYF010000002.1:1.0000		refseq	GCF_053323875.1	0.9923108899940998	high_confidence_plasmid	0.9931544050611385	plasmid_selected	v1.1	high_confidence_plasmid	12	0	1.0	2	qacL;sul3	QUATERNARY AMMONIUM;SULFONAMIDE	QUATERNARY AMMONIUM;SULFONAMIDE	EXACTX	WP_000034420.1;WP_000800531.1	100.0	100.0	plasmid	plasmid	plasmid	plasmid	plasmid	plasmid	chromosome	plasmid	plasmid	plasmid	plasmid	plasmid	OK
SAMN52951588	Escherichia coli (E. coli)	not_available	88	3167	0	plasmid	plasmid_fraction>=0.80	NZ_JBRYYF010000002.1:1.0000		refseq	GCF_053323875.1	0.9872180725852102	high_confidence_plasmid	0.9931544050611385	plasmid_selected	v1.1	high_confidence_plasmid	12	0	1.0	2	blaNDM-5;ble	BETA-LACTAM;BLEOMYCIN	BLEOMYCIN;CARBAPENEM	ALLELEX;EXACTX	WP_004201167.1;WP_023408309.1	100.0	100.0	plasmid	plasmid	plasmid	plasmid	plasmid	plasmid	chromosome	plasmid	plasmid	plasmid	plasmid	plasmid	OK
SAMN52951588	Escherichia coli (E. coli)	not_available	89	3075	0	plasmid	plasmid_fraction>=0.80	NZ_JBRYYF010000002.1:1.0000		refseq	GCF_053323875.1	0.8326734436526847	not_selected	0.9506805552025154	plasmid_selected	v1.1	not_selected	12	0	1.0	1	tet(M)	TETRACYCLINE	TETRACYCLINE	EXACTX	WP_000691727.1	100.0	100.0	plasmid	plasmid	plasmid	chromosome	plasmid	chromosome	chromosome	chromosome	plasmid	plasmid	chromosome	plasmid	OK
SAMN53177110	Escherichia coli (E. coli)	not_available	39	44676	0	plasmid	plasmid_fraction>=0.80	NZ_JBSTNS010000002.1:1.0000		refseq	GCF_057962255.1	0.9909538763371887	high_confidence_plasmid	0.9980305553345018	plasmid_selected	v1.1	high_confidence_plasmid	11	1	0.9167	2	blaNDM-7;ble	BETA-LACTAM;BLEOMYCIN	BLEOMYCIN;CARBAPENEM	ALLELEX;EXACTX	WP_004201167.1;WP_032495622.1	100.0	100.0	plasmid	chromosome	plasmid	plasmid	plasmid	plasmid	plasmid	plasmid	plasmid	plasmid	plasmid	unknown	OK
SAMN53300881	Escherichia coli (E. coli)	not_available	52	11079	0	plasmid	plasmid_fraction>=0.80	NZ_JBTLFU010000003.1:1.0000		refseq	GCF_057813415.1	0.9760554632512632	high_confidence_plasmid	0.9931544050611385	plasmid_selected	v1.1	high_confidence_plasmid	12	0	1.0	1	blaCTX-M-15	BETA-LACTAM	CEPHALOSPORIN	ALLELEX	WP_000239590.1	100.0	100.0	plasmid	plasmid	plasmid	plasmid	plasmid	plasmid	chromosome	plasmid	plasmid	plasmid	plasmid	plasmid	OK
SAMN53300881	Escherichia coli (E. coli)	not_available	62	2231	0	plasmid	plasmid_fraction>=0.80	NZ_JBTLFU010000003.1:1.0000		refseq	GCF_057813415.1	0.7818595954707607	not_selected	0.9929225458808841	plasmid_selected	v1.1	not_selected	12	0	1.0	1	blaOXA-48	BETA-LACTAM	CARBAPENEM	ALLELEX	WP_015059991.1	100.0	100.0	plasmid	plasmid	plasmid	plasmid	plasmid	plasmid	chromosome	plasmid	plasmid	chromosome	plasmid	plasmid	OK
SAMN53300882	Escherichia coli (E. coli)	not_available	47	19138	0	plasmid	plasmid_fraction>=0.80	NZ_JBTLFV010000004.1:1.0000		refseq	GCF_057813385.1	0.9658808530372791	high_confidence_plasmid	0.9492724375550261	plasmid_selected	v1.1	high_confidence_plasmid	12	0	1.0	4	aac(3)-VIa;aadA1;qacEdelta1;sul1	AMINOGLYCOSIDE;QUATERNARY AMMONIUM;SULFONAMIDE	GENTAMICIN;QUATERNARY AMMONIUM;STREPTOMYCIN;SULFONAMIDE	ALLELEX;EXACTX	WP_000131886.1;WP_000259031.1;WP_000679427.1;WP_001206316.1	100.0	100.0	plasmid	plasmid	plasmid	plasmid	plasmid	plasmid	chromosome	plasmid	plasmid	chromosome	plasmid	chromosome	OK
SAMN53300882	Escherichia coli (E. coli)	not_available	80	4111	0	plasmid	plasmid_fraction>=0.80	NZ_JBTLFV010000004.1:1.0000		refseq	GCF_057813385.1	0.968633808939027	high_confidence_plasmid	0.9508635198395291	plasmid_selected	v1.1	high_confidence_plasmid	12	0	1.0	1	tet(A)	TETRACYCLINE	TETRACYCLINE	EXACTX	WP_000804064.1	100.0	100.0	plasmid	plasmid	plasmid	plasmid	plasmid	plasmid	chromosome	plasmid	plasmid	plasmid	plasmid	chromosome	OK
SAMN53300882	Escherichia coli (E. coli)	not_available	89	2231	0	plasmid	plasmid_fraction>=0.80	NZ_JBTLFV010000002.1:1.0000		refseq	GCF_057813385.1	0.9633125441134238	high_confidence_plasmid	0.9929225458808841	plasmid_selected	v1.1	high_confidence_plasmid	12	0	1.0	1	blaOXA-48	BETA-LACTAM	CARBAPENEM	ALLELEX	WP_015059991.1	100.0	100.0	plasmid	plasmid	plasmid	plasmid	plasmid	plasmid	chromosome	plasmid	plasmid	chromosome	plasmid	plasmid	OK
SAMN53300905	Escherichia coli (E. coli)	not_available	37	8755	0	plasmid	plasmid_fraction>=0.80	NZ_JBTLGS010000001.1:1.0000		refseq	GCF_057812935.1	0.6062081696091176	not_selected	0.9857568595095695	plasmid_selected	v1.1	not_selected	11	1	0.9167	5	aph(3'')-Ib;aph(6)-Id;blaTEM-1;sul2;tet(A)	AMINOGLYCOSIDE;BETA-LACTAM;SULFONAMIDE;TETRACYCLINE	BETA-LACTAM;STREPTOMYCIN;SULFONAMIDE;TETRACYCLINE	ALLELEX;EXACTX	WP_000027057.1;WP_000480968.1;WP_000804064.1;WP_001043260.1;WP_001082319.1	100.0	100.0	plasmid	plasmid	plasmid	plasmid	plasmid	plasmid	chromosome	plasmid	plasmid	plasmid	plasmid	unknown	OK
SAMN53300905	Escherichia coli (E. coli)	not_available	46	4080	0	plasmid	plasmid_fraction>=0.80	NZ_JBTLGS010000001.1:1.0000		refseq	GCF_057812935.1	0.3500104716672122	not_selected	0.9508635198395291	plasmid_selected	v1.1	not_selected	12	0	1.0	1	dfrA14	TRIMETHOPRIM	TRIMETHOPRIM	EXACTX	WP_004201280.1	100.0	100.0	plasmid	plasmid	plasmid	plasmid	plasmid	plasmid	chromosome	plasmid	plasmid	plasmid	plasmid	chromosome	OK
SAMN53300905	Escherichia coli (E. coli)	not_available	54	1768	0	chromosome	chromosome_fraction>=0.80		NZ_CM173856.1:1.0000	refseq	GCF_057812935.1	0.27655626292211755	not_selected	0.7792781134159518	not_selected	v1.1	not_selected	12	0	1.0	1	blaOXA-244	BETA-LACTAM	CARBAPENEM	ALLELEX	WP_032495517.1	100.0	100.0	plasmid	chromosome	plasmid	plasmid	plasmid	plasmid	chromosome	plasmid	plasmid	chromosome	plasmid	chromosome	OK
SAMN53300911	Escherichia coli (E. coli)	not_available	13	116729	0	plasmid	plasmid_fraction>=0.80	NZ_JBTLGY010000002.1:1.0000		refseq	GCF_057812795.1	0.9927500768103827	high_confidence_plasmid	0.9986702433695193	plasmid_selected	v1.1	high_confidence_plasmid	12	0	1.0	10	aac(6')-Ib;aadA1;aph(3')-VI;blaCTX-M-15;blaNDM-1;blaOXA-9;blaTEM-1;ble;merC;qnrS1	AMINOGLYCOSIDE;BETA-LACTAM;BLEOMYCIN;MERCURY;QUINOLONE	AMIKACIN/KANAMYCIN;AMIKACIN/KANAMYCIN/TOBRAMYCIN;BETA-LACTAM;BLEOMYCIN;CARBAPENEM;CEPHALOSPORIN;ORGANOMERCURY;QUINOLONE;STREPTOMYCIN	ALLELEX;EXACTX	AAC33908.1;WP_000027057.1;WP_000239590.1;WP_000722315.1;WP_001206315.1;WP_001516695.1;WP_004201164.1;WP_004201167.1;WP_014386410.1;WP_063840280.1	100.0	100.0	plasmid	plasmid	plasmid	plasmid	plasmid	plasmid	plasmid	plasmid	plasmid	plasmid	plasmid	chromosome	OK
SAMN53300925	Escherichia coli (E. coli)	not_available	100	1998	0	plasmid	plasmid_fraction>=0.80	NZ_JBTLHM010000001.1:1.0000		refseq	GCF_057812525.1	0.9364904149299748	not_selected	0.9334544901322671	plasmid_selected	v1.1	not_selected	11	1	0.9167	1	blaCTX-M-27	BETA-LACTAM	CEPHALOSPORIN	ALLELEX	WP_032277257.1	100.0	100.0	plasmid	chromosome	plasmid	plasmid	plasmid	plasmid	chromosome	plasmid	chromosome	chromosome	plasmid	unknown	OK
SAMN53300925	Escherichia coli (E. coli)	not_available	102	1775	0	chromosome	chromosome_fraction>=0.80		NZ_CM173836.1:1.0000	refseq	GCF_057812525.1	0.9409403174460156	not_selected	0.7792781134159518	not_selected	v1.1	not_selected	12	0	1.0	1	blaOXA-244	BETA-LACTAM	CARBAPENEM	ALLELEX	WP_032495517.1	100.0	100.0	plasmid	chromosome	plasmid	plasmid	plasmid	plasmid	chromosome	plasmid	plasmid	chromosome	plasmid	chromosome	OK
SAMN53300925	Escherichia coli (E. coli)	not_available	72	9966	0	plasmid	plasmid_fraction>=0.80	NZ_JBTLHM010000001.1:1.0000		refseq	GCF_057812525.1	0.9851004258619884	high_confidence_plasmid	0.9857568595095695	plasmid_selected	v1.1	high_confidence_plasmid	11	1	0.9167	6	aadA5;dfrA17;mph(A);mrx(A);qacEdelta1;sul1	AMINOGLYCOSIDE;MACROLIDE;QUATERNARY AMMONIUM;SULFONAMIDE;TRIMETHOPRIM	AZITHROMYCIN/ERYTHROMYCIN/SPIRAMYCIN/TELITHROMYCIN;QUATERNARY AMMONIUM;STREPTOMYCIN;SULFONAMIDE;TRIMETHOPRIM	ALLELEX;EXACTX	WP_000004159.1;WP_000219391.1;WP_000259031.1;WP_000503573.1;WP_000679427.1;WP_001389366.1	100.0	100.0	plasmid	plasmid	plasmid	plasmid	plasmid	plasmid	chromosome	plasmid	plasmid	plasmid	plasmid	unknown	OK
SAMN53300925	Escherichia coli (E. coli)	not_available	78	6657	0	plasmid	plasmid_fraction>=0.80	NZ_JBTLHM010000001.1:1.0000		refseq	GCF_057812525.1	0.9802022637900349	high_confidence_plasmid	0.93079718255601	plasmid_selected	v1.1	high_confidence_plasmid	11	1	0.9167	4	aph(3'')-Ib;aph(6)-Id;sul2;tet(A)	AMINOGLYCOSIDE;SULFONAMIDE;TETRACYCLINE	STREPTOMYCIN;SULFONAMIDE;TETRACYCLINE	EXACTX	WP_000480972.1;WP_000804064.1;WP_001043260.1;WP_001082319.1	100.0	100.0	plasmid	chromosome	plasmid	plasmid	plasmid	plasmid	chromosome	plasmid	plasmid	plasmid	plasmid	unknown	OK
SAMN53536567	Escherichia coli (E. coli)	not_available	45	21704	0	plasmid	plasmid_fraction>=0.80	NZ_JBSQGH010000002.1:1.0000		refseq	GCF_054171485.1	0.9585753403055316	plasmid_selected	0.9647539237935542	plasmid_selected	v1.1	plasmid_selected	12	0	1.0	11	aadA1;blaOXA-2;merA;merD;merE;merR;merT;qacEdelta1;sul1;tet(C)	AMINOGLYCOSIDE;BETA-LACTAM;MERCURY;QUATERNARY AMMONIUM;SULFONAMIDE;TETRACYCLINE	BETA-LACTAM;MERCURY;QUATERNARY AMMONIUM;STREPTOMYCIN;SULFONAMIDE;TETRACYCLINE	ALLELEX;BLASTX;EXACTX	AAC38221.1;AAC38236.1;ACU65296.1;CAA70196.1;CAA77320.1;WP_000259032.1;WP_000679427.1;WP_000841446.1;WP_001007673.1;WP_001206317.1	90.08	98.61	plasmid	chromosome	plasmid	plasmid	plasmid	plasmid	chromosome	plasmid	plasmid	plasmid	plasmid	plasmid	OK
SAMN53649220	Escherichia coli (E. coli)	not_available	44	12895	0	plasmid	plasmid_fraction>=0.80	ACBOWI020000002.1:1.0000		genbank	GCA_053815685.2	0.6151007980571497	not_selected	0.9473321608573991	plasmid_selected	v1.1	not_selected	11	1	0.9167	6	aadA2;blaNDM-5;ble;dfrA12;qacEdelta1;sul1	AMINOGLYCOSIDE;BETA-LACTAM;BLEOMYCIN;QUATERNARY AMMONIUM;SULFONAMIDE;TRIMETHOPRIM	BLEOMYCIN;CARBAPENEM;QUATERNARY AMMONIUM;STREPTOMYCIN;SULFONAMIDE;TRIMETHOPRIM	ALLELEX;EXACTX	WP_000259031.1;WP_000679427.1;WP_001083725.1;WP_001206356.1;WP_004201167.1;WP_023408309.1	100.0	100.0	plasmid	plasmid	plasmid	plasmid	plasmid	plasmid	FAILED	plasmid	plasmid	plasmid	plasmid	chromosome	OK
SAMN53649220	Escherichia coli (E. coli)	not_available	5	248927	0	chromosome	chromosome_fraction>=0.80		CM138019.1:1.0000	genbank	GCA_053815685.2	0.0001747475569751821	not_selected	0.0006280730365286135	not_selected	v1.1	not_selected	11	1	0.9167	2	blaCTX-M-15;qnrS1	BETA-LACTAM;QUINOLONE	CEPHALOSPORIN;QUINOLONE	ALLELEX	WP_000239590.1;WP_001516695.1	100.0	100.0	chromosome	chromosome	chromosome	chromosome	chromosome	chromosome	FAILED	chromosome	chromosome	chromosome	chromosome	chromosome	OK
SAMN54493115	Escherichia coli (E. coli)	not_available	30	37564	0	plasmid	plasmid_fraction>=0.80	NZ_JBYTPC010000002.1:1.0000		refseq	GCF_058106625.1	0.7191392749266258	not_selected	0.9975734539370398	plasmid_selected	v1.1	not_selected	12	0	1.0	4	blaCTX-M-15;dfrA1;qnrS1;sat2	BETA-LACTAM;QUINOLONE;STREPTOTHRICIN;TRIMETHOPRIM	CEPHALOSPORIN;QUINOLONE;STREPTOTHRICIN;TRIMETHOPRIM	ALLELEX;EXACTX	WP_000239590.1;WP_000704156.1;WP_000777554.1;WP_001516695.1	100.0	100.0	chromosome	plasmid	plasmid	plasmid	plasmid	plasmid	plasmid	plasmid	plasmid	plasmid	plasmid	chromosome	OK
SAMN54493115	Escherichia coli (E. coli)	not_available	42	8384	0	plasmid	plasmid_fraction>=0.80	NZ_JBYTPC010000006.1:1.0000		refseq	GCF_058106625.1	0.9567354749230119	plasmid_selected	0.9998869742013504	plasmid_selected	v1.1	plasmid_selected	11	1	0.9167	4	aph(3'')-Ib;aph(6)-Id;sul2;tet(A)	AMINOGLYCOSIDE;SULFONAMIDE;TETRACYCLINE	STREPTOMYCIN;SULFONAMIDE;TETRACYCLINE	BLASTX;EXACTX	WP_000480968.1;WP_000804063.1;WP_001043260.1;WP_001082319.1	99.64	100.0	plasmid	plasmid	plasmid	plasmid	plasmid	plasmid	plasmid	plasmid	plasmid	plasmid	unknown	plasmid	OK
SAMN54493196	Escherichia coli (E. coli)	not_available	15	124094	0	chromosome	chromosome_fraction>=0.80		NZ_CM176578.1:1.0000	refseq	GCF_058106405.1	0.00010835628761490476	not_selected	0.0023477360266118638	not_selected	v1.1	not_selected	12	0	1.0	4	aadA1;dfrA1;emrD;sat2	AMINOGLYCOSIDE;EFFLUX;STREPTOTHRICIN;TRIMETHOPRIM	EFFLUX;STREPTOMYCIN;STREPTOTHRICIN;TRIMETHOPRIM	BLASTX;EXACTX	EFF04178.1;WP_000704156.1;WP_000777554.1;WP_001206315.1	99.75	100.0	chromosome	chromosome	plasmid	chromosome	chromosome	chromosome	chromosome	chromosome	chromosome	chromosome	chromosome	chromosome	OK
SAMN54493196	Escherichia coli (E. coli)	not_available	30	5326	0	chromosome	chromosome_fraction>=0.80		NZ_CM176578.1:1.0000	refseq	GCF_058106405.1	0.5255434296594509	not_selected	0.9137413354205492	not_selected	v1.1	not_selected	12	0	1.0	1	sul2	SULFONAMIDE	SULFONAMIDE	EXACTX	WP_001043260.1	100.0	100.0	chromosome	plasmid	plasmid	plasmid	plasmid	plasmid	chromosome	plasmid	plasmid	plasmid	plasmid	chromosome	OK
SAMN54493196	Escherichia coli (E. coli)	not_available	31	3307	0	chromosome	chromosome_fraction>=0.80		NZ_CM176578.1:1.0000	refseq	GCF_058106405.1	0.4760604861021544	not_selected	0.9137413354205492	not_selected	v1.1	not_selected	12	0	1.0	2	blaTEM-1;tet(D)	BETA-LACTAM;TETRACYCLINE	BETA-LACTAM;TETRACYCLINE	ALLELEX;EXACTX	WP_000027057.1;WP_001039466.1	100.0	100.0	chromosome	plasmid	plasmid	plasmid	plasmid	plasmid	chromosome	plasmid	plasmid	plasmid	plasmid	chromosome	OK
SAMN54493196	Escherichia coli (E. coli)	not_available	5	300629	0	chromosome	chromosome_fraction>=0.80		NZ_CM176578.1:1.0000	refseq	GCF_058106405.1	0.00010835628761490476	not_selected	0.0005025181506132203	not_selected	v1.1	not_selected	12	0	1.0	3	aph(3'')-Ib;aph(6)-Id;espX1	AMINOGLYCOSIDE;NA	NA;STREPTOMYCIN	BLASTX;EXACTX	ADD54679.1;WP_000480968.1;WP_001082319.1	93.45	100.0	chromosome	chromosome	chromosome	chromosome	chromosome	chromosome	chromosome	chromosome	chromosome	chromosome	chromosome	chromosome	OK
SAMN54493196	Escherichia coli (E. coli)	not_available	6	263158	0	chromosome	chromosome_fraction>=0.80		NZ_CM176578.1:1.0000	refseq	GCF_058106405.1	0.00010835628761490476	not_selected	0.0023477360266118638	not_selected	v1.1	not_selected	12	0	1.0	2	blaCTX-M-15;fdeC	BETA-LACTAM;NA	CEPHALOSPORIN;NA	ALLELEX;BLASTX	ABE05822.1;WP_000239590.1	94.21	100.0	chromosome	chromosome	plasmid	chromosome	chromosome	chromosome	chromosome	chromosome	chromosome	chromosome	chromosome	chromosome	OK
SAMN56646525	Escherichia coli (E. coli)	not_available	25	40126	0	plasmid	plasmid_fraction>=0.80	NZ_JBWKMO010000003.1:1.0000		refseq	GCF_056746835.1	0.8652510578167507	not_selected	0.9857568595095695	plasmid_selected	v1.1	not_selected	11	1	0.9167	1	blaCTX-M-1	BETA-LACTAM	CEPHALOSPORIN	ALLELEX	WP_013188473.1	100.0	100.0	plasmid	plasmid	plasmid	plasmid	plasmid	plasmid	chromosome	plasmid	plasmid	plasmid	plasmid	unknown	OK
SAMN56646525	Escherichia coli (E. coli)	not_available	38	24111	0	plasmid	plasmid_fraction>=0.80	NZ_JBWKMO010000004.1:1.0000		refseq	GCF_056746835.1	0.8133111924497317	not_selected	0.985037557827494	plasmid_selected	v1.1	not_selected	10	2	0.8333	1	mcr-1.1	COLISTIN	COLISTIN	ALLELEX	WP_049589868.1	100.0	100.0	chromosome	plasmid	plasmid	plasmid	plasmid	plasmid	chromosome	plasmid	plasmid	plasmid	unknown	unknown	OK
SAMN56646525	Escherichia coli (E. coli)	not_available	54	2738	0	chromosome	chromosome_fraction>=0.80		NZ_CM163381.1:1.0000	refseq	GCF_056746835.1	0.20325600300868835	not_selected	0.8488630723085183	not_selected	v1.1	not_selected	11	1	0.9167	1	floR	PHENICOL	CHLORAMPHENICOL/FLORFENICOL	BLASTX	WP_000214122.1	99.75	100.0	plasmid	plasmid	plasmid	unclassified	plasmid	plasmid	chromosome	plasmid	plasmid	plasmid	plasmid	chromosome	OK
SAMN56646525	Escherichia coli (E. coli)	not_available	58	2052	0	chromosome	chromosome_fraction>=0.80		NZ_CM163381.1:1.0000	refseq	GCF_056746835.1	0.20299032391259889	not_selected	0.9492724375550261	plasmid_selected	v1.1	not_selected	12	0	1.0	2	aph(3'')-Ib;aph(6)-Id	AMINOGLYCOSIDE	STREPTOMYCIN	EXACTX	WP_000480968.1;WP_001082319.1	100.0	100.0	plasmid	plasmid	plasmid	plasmid	plasmid	plasmid	chromosome	plasmid	plasmid	chromosome	plasmid	chromosome	OK
SAMN59744460	Escherichia coli (E. coli)	not_available	15	109894	0	chromosome	chromosome_fraction>=0.80		CM184771.1:1.0000	genbank	GCA_057438235.2	0.0009500596940933647	not_selected	0.0005025181506132203	not_selected	v1.1	not_selected	12	0	1.0	1	blaCTX-M-15	BETA-LACTAM	CEPHALOSPORIN	ALLELEX	WP_000239590.1	100.0	100.0	chromosome	chromosome	chromosome	chromosome	chromosome	chromosome	chromosome	chromosome	chromosome	chromosome	chromosome	chromosome	OK
SAMN59744460	Escherichia coli (E. coli)	not_available	5	214460	0	chromosome	chromosome_fraction>=0.80		CM184771.1:1.0000	genbank	GCA_057438235.2	0.0009500596940933647	not_selected	0.0005025181506132203	not_selected	v1.1	not_selected	12	0	1.0	3	arsC;arsR;blaTEM-1	ARSENIC;BETA-LACTAM	ARSENATE;ARSENIC;BETA-LACTAM	ALLELEX;BLASTX	AAA21096.1;BAE77793.1;WP_000027057.1	92.91	100.0	chromosome	chromosome	chromosome	chromosome	chromosome	chromosome	chromosome	chromosome	chromosome	chromosome	chromosome	chromosome	OK
SAMN59744460	Escherichia coli (E. coli)	not_available	51	9717	0	plasmid	plasmid_fraction>=0.80	ACDGVC020000002.1:1.0000		genbank	GCA_057438235.2	0.975208097279518	high_confidence_plasmid	0.9508635198395291	plasmid_selected	v1.1	high_confidence_plasmid	12	0	1.0	6	aadA2;blaNDM-5;ble;dfrA12;qacEdelta1;sul1	AMINOGLYCOSIDE;BETA-LACTAM;BLEOMYCIN;QUATERNARY AMMONIUM;SULFONAMIDE;TRIMETHOPRIM	BLEOMYCIN;CARBAPENEM;QUATERNARY AMMONIUM;STREPTOMYCIN;SULFONAMIDE;TRIMETHOPRIM	ALLELEX;EXACTX	WP_000259031.1;WP_000679427.1;WP_001083725.1;WP_001206356.1;WP_004201167.1;WP_023408309.1	100.0	100.0	plasmid	plasmid	plasmid	plasmid	plasmid	plasmid	chromosome	plasmid	plasmid	plasmid	plasmid	chromosome	OK
SAMN59744460	Escherichia coli (E. coli)	not_available	54	5032	0	plasmid	plasmid_fraction>=0.80	ACDGVC020000002.1:1.0000		genbank	GCA_057438235.2	0.9664462147524898	high_confidence_plasmid	0.7849934510745252	not_selected	v1.1	high_confidence_plasmid	12	0	1.0	1	catA1	PHENICOL	CHLORAMPHENICOL	EXACTX	WP_000412211.1	100.0	100.0	plasmid	chromosome	plasmid	plasmid	plasmid	plasmid	chromosome	plasmid	plasmid	plasmid	plasmid	chromosome	OK
SAMN59744460	Escherichia coli (E. coli)	not_available	55	4923	0	plasmid	plasmid_fraction>=0.80	ACDGVC020000002.1:1.0000		genbank	GCA_057438235.2	0.9782804437114404	high_confidence_plasmid	0.9508635198395291	plasmid_selected	v1.1	high_confidence_plasmid	12	0	1.0	2	mph(A);mrx(A)	MACROLIDE	AZITHROMYCIN/ERYTHROMYCIN/SPIRAMYCIN/TELITHROMYCIN	EXACTX	WP_000004159.1;WP_000219391.1	100.0	100.0	plasmid	plasmid	plasmid	plasmid	plasmid	plasmid	chromosome	plasmid	plasmid	plasmid	plasmid	chromosome	OK
SAMN59744460	Escherichia coli (E. coli)	not_available	58	4395	0	plasmid	plasmid_fraction>=0.80	ACDGVC020000002.1:1.0000		genbank	GCA_057438235.2	0.9656110990516318	high_confidence_plasmid	0.7944342199327958	not_selected	v1.1	high_confidence_plasmid	12	0	1.0	1	tet(B)	TETRACYCLINE	TETRACYCLINE	EXACTX	WP_001089068.1	100.0	100.0	plasmid	plasmid	plasmid	plasmid	plasmid	plasmid	chromosome	chromosome	plasmid	plasmid	plasmid	chromosome	OK
SAMN59744460	Escherichia coli (E. coli)	not_available	68	2186	0	chromosome	chromosome_fraction>=0.80		CM184771.1:1.0000	genbank	GCA_057438235.2	0.9431578978476685	not_selected	0.7792781134159518	not_selected	v1.1	not_selected	12	0	1.0	3	aac(6')-Ib-cr5;blaOXA-1;catB3	AMINOGLYCOSIDE/QUINOLONE;BETA-LACTAM;PHENICOL	AMIKACIN/KANAMYCIN/QUINOLONE/TOBRAMYCIN;CEPHALOSPORIN;CHLORAMPHENICOL	ALLELEX;PARTIAL_CONTIG_ENDX	WP_000186237.1;WP_001334766.1;WP_063840321.1	100.0	70.0	plasmid	chromosome	plasmid	plasmid	plasmid	plasmid	chromosome	plasmid	plasmid	chromosome	plasmid	chromosome	OK
SAMN61074893	Escherichia coli (E. coli)	not_available	49	41966	0	plasmid	plasmid_fraction>=0.80	ACECUP020000006.1:1.0000		genbank	GCA_058381605.2	0.9432023545193051	not_selected	0.9929919758226197	plasmid_selected	v1.1	not_selected	12	0	1.0	2	blaNDM-29;ble	BETA-LACTAM;BLEOMYCIN	BLEOMYCIN;CARBAPENEM	ALLELEX;EXACTX	WP_004201167.1;WP_156404656.1	100.0	100.0	plasmid	chromosome	plasmid	plasmid	plasmid	plasmid	plasmid	plasmid	plasmid	plasmid	plasmid	chromosome	OK
