canonical_sample_id,archive_sample_id,archive_namespace,species,strain,biosample,bioproject,short_read_runs,long_read_runs,long_read_platform,hybrid_or_complete_assembly_accession,original_study,plasgraph2_split,dataset_partition,assembler_representations,n_graph_representations,metadata_completeness,public_source_url,derived_files_copied
bacillus_bant-SAMN03024436,SAMN03024436,BioSample,Bacillus anthracis,NOT_IN_PUBLIC_METADATA_RECOVERED_THIS_PASS,SAMN03024436,NOT_RECOVERED_THIS_PASS,SRR2155543,SRR2155545,pacbio,NOT_RECOVERED_THIS_PASS,Johnson2015,held_out_species,bacillus-test,Unicycler(-u); SKESA(-s)  [documented in source README; graphs NOT copied],2,COMPLETE_ACCESSIONS,https://www.ncbi.nlm.nih.gov/biosample/SAMN03024436,NONE - no GFA or label file copied (licence not documented)
bacillus_bant-SAMN03092715,SAMN03092715,BioSample,Bacillus anthracis,NOT_IN_PUBLIC_METADATA_RECOVERED_THIS_PASS,SAMN03092715,NOT_RECOVERED_THIS_PASS,SRR2164194,SRR2157177,pacbio,NOT_RECOVERED_THIS_PASS,Johnson2015,held_out_species,bacillus-test,Unicycler(-u); SKESA(-s)  [documented in source README; graphs NOT copied],2,COMPLETE_ACCESSIONS,https://www.ncbi.nlm.nih.gov/biosample/SAMN03092715,NONE - no GFA or label file copied (licence not documented)
bacillus_bcer-SAMD00203322,SAMD00203322,BioSample,Bacillus cereus,NOT_IN_PUBLIC_METADATA_RECOVERED_THIS_PASS,SAMD00203322,NOT_RECOVERED_THIS_PASS,DRR206362,DRR206386,nanopore,NOT_RECOVERED_THIS_PASS,Furuta2022,held_out_species,bacillus-test,Unicycler(-u); SKESA(-s)  [documented in source README; graphs NOT copied],2,COMPLETE_ACCESSIONS,https://www.ncbi.nlm.nih.gov/biosample/SAMD00203322,NONE - no GFA or label file copied (licence not documented)
bacillus_bcer-SAMD00203323,SAMD00203323,BioSample,Bacillus cereus,NOT_IN_PUBLIC_METADATA_RECOVERED_THIS_PASS,SAMD00203323,NOT_RECOVERED_THIS_PASS,DRR206363,DRR206387,nanopore,NOT_RECOVERED_THIS_PASS,Furuta2022,held_out_species,bacillus-test,Unicycler(-u); SKESA(-s)  [documented in source README; graphs NOT copied],2,COMPLETE_ACCESSIONS,https://www.ncbi.nlm.nih.gov/biosample/SAMD00203323,NONE - no GFA or label file copied (licence not documented)
bacillus_bcer-SAMD00203324,SAMD00203324,BioSample,Bacillus cereus,NOT_IN_PUBLIC_METADATA_RECOVERED_THIS_PASS,SAMD00203324,NOT_RECOVERED_THIS_PASS,DRR206364,DRR206388,nanopore,NOT_RECOVERED_THIS_PASS,Furuta2022,held_out_species,bacillus-test,Unicycler(-u); SKESA(-s)  [documented in source README; graphs NOT copied],2,COMPLETE_ACCESSIONS,https://www.ncbi.nlm.nih.gov/biosample/SAMD00203324,NONE - no GFA or label file copied (licence not documented)
bacillus_bcer-SAMD00203325,SAMD00203325,BioSample,Bacillus cereus,NOT_IN_PUBLIC_METADATA_RECOVERED_THIS_PASS,SAMD00203325,NOT_RECOVERED_THIS_PASS,DRR206365,DRR206389,nanopore,NOT_RECOVERED_THIS_PASS,Furuta2022,held_out_species,bacillus-test,Unicycler(-u); SKESA(-s)  [documented in source README; graphs NOT copied],2,COMPLETE_ACCESSIONS,https://www.ncbi.nlm.nih.gov/biosample/SAMD00203325,NONE - no GFA or label file copied (licence not documented)
bacillus_bcer-SAMD00203326,SAMD00203326,BioSample,Bacillus cereus,NOT_IN_PUBLIC_METADATA_RECOVERED_THIS_PASS,SAMD00203326,NOT_RECOVERED_THIS_PASS,DRR206366,DRR206390,nanopore,NOT_RECOVERED_THIS_PASS,Furuta2022,held_out_species,bacillus-test,Unicycler(-u); SKESA(-s)  [documented in source README; graphs NOT copied],2,COMPLETE_ACCESSIONS,https://www.ncbi.nlm.nih.gov/biosample/SAMD00203326,NONE - no GFA or label file copied (licence not documented)
bacillus_bcer-SAMD00203327,SAMD00203327,BioSample,Bacillus cereus,NOT_IN_PUBLIC_METADATA_RECOVERED_THIS_PASS,SAMD00203327,NOT_RECOVERED_THIS_PASS,DRR206367,DRR206391,nanopore,NOT_RECOVERED_THIS_PASS,Furuta2022,held_out_species,bacillus-test,Unicycler(-u); SKESA(-s)  [documented in source README; graphs NOT copied],2,COMPLETE_ACCESSIONS,https://www.ncbi.nlm.nih.gov/biosample/SAMD00203327,NONE - no GFA or label file copied (licence not documented)
bacillus_bcer-SAMD00203328,SAMD00203328,BioSample,Bacillus cereus,NOT_IN_PUBLIC_METADATA_RECOVERED_THIS_PASS,SAMD00203328,NOT_RECOVERED_THIS_PASS,DRR206368,DRR206392,nanopore,NOT_RECOVERED_THIS_PASS,Furuta2022,held_out_species,bacillus-test,Unicycler(-u); SKESA(-s)  [documented in source README; graphs NOT copied],2,COMPLETE_ACCESSIONS,https://www.ncbi.nlm.nih.gov/biosample/SAMD00203328,NONE - no GFA or label file copied (licence not documented)
bacillus_bcer-SAMD00203329,SAMD00203329,BioSample,Bacillus cereus,NOT_IN_PUBLIC_METADATA_RECOVERED_THIS_PASS,SAMD00203329,NOT_RECOVERED_THIS_PASS,DRR206369,DRR206393,nanopore,NOT_RECOVERED_THIS_PASS,Furuta2022,held_out_species,bacillus-test,Unicycler(-u); SKESA(-s)  [documented in source README; graphs NOT copied],2,COMPLETE_ACCESSIONS,https://www.ncbi.nlm.nih.gov/biosample/SAMD00203329,NONE - no GFA or label file copied (licence not documented)
bacillus_bcer-SAMD00203330,SAMD00203330,BioSample,Bacillus cereus,NOT_IN_PUBLIC_METADATA_RECOVERED_THIS_PASS,SAMD00203330,NOT_RECOVERED_THIS_PASS,DRR206370,DRR206394,nanopore,NOT_RECOVERED_THIS_PASS,Furuta2022,held_out_species,bacillus-test,Unicycler(-u); SKESA(-s)  [documented in source README; graphs NOT copied],2,COMPLETE_ACCESSIONS,https://www.ncbi.nlm.nih.gov/biosample/SAMD00203330,NONE - no GFA or label file copied (licence not documented)
bacillus_bcer-SAMD00203331,SAMD00203331,BioSample,Bacillus cereus,NOT_IN_PUBLIC_METADATA_RECOVERED_THIS_PASS,SAMD00203331,NOT_RECOVERED_THIS_PASS,DRR206371,DRR206395,nanopore,NOT_RECOVERED_THIS_PASS,Furuta2022,held_out_species,bacillus-test,Unicycler(-u); SKESA(-s)  [documented in source README; graphs NOT copied],2,COMPLETE_ACCESSIONS,https://www.ncbi.nlm.nih.gov/biosample/SAMD00203331,NONE - no GFA or label file copied (licence not documented)
bacillus_bcer-SAMD00203332,SAMD00203332,BioSample,Bacillus cereus,NOT_IN_PUBLIC_METADATA_RECOVERED_THIS_PASS,SAMD00203332,NOT_RECOVERED_THIS_PASS,DRR206372,DRR206396,nanopore,NOT_RECOVERED_THIS_PASS,Furuta2022,held_out_species,bacillus-test,Unicycler(-u); SKESA(-s)  [documented in source README; graphs NOT copied],2,COMPLETE_ACCESSIONS,https://www.ncbi.nlm.nih.gov/biosample/SAMD00203332,NONE - no GFA or label file copied (licence not documented)
bacillus_bcer-SAMD00203333,SAMD00203333,BioSample,Bacillus cereus,NOT_IN_PUBLIC_METADATA_RECOVERED_THIS_PASS,SAMD00203333,NOT_RECOVERED_THIS_PASS,DRR206373,DRR206397,nanopore,NOT_RECOVERED_THIS_PASS,Furuta2022,held_out_species,bacillus-test,Unicycler(-u); SKESA(-s)  [documented in source README; graphs NOT copied],2,COMPLETE_ACCESSIONS,https://www.ncbi.nlm.nih.gov/biosample/SAMD00203333,NONE - no GFA or label file copied (licence not documented)
bacillus_bcer-SAMD00203334,SAMD00203334,BioSample,Bacillus cereus,NOT_IN_PUBLIC_METADATA_RECOVERED_THIS_PASS,SAMD00203334,NOT_RECOVERED_THIS_PASS,DRR206374,DRR206398,nanopore,NOT_RECOVERED_THIS_PASS,Furuta2022,held_out_species,bacillus-test,Unicycler(-u); SKESA(-s)  [documented in source README; graphs NOT copied],2,COMPLETE_ACCESSIONS,https://www.ncbi.nlm.nih.gov/biosample/SAMD00203334,NONE - no GFA or label file copied (licence not documented)
bacillus_bcer-SAMD00203335,SAMD00203335,BioSample,Bacillus cereus,NOT_IN_PUBLIC_METADATA_RECOVERED_THIS_PASS,SAMD00203335,NOT_RECOVERED_THIS_PASS,DRR206375,DRR206399,nanopore,NOT_RECOVERED_THIS_PASS,Furuta2022,held_out_species,bacillus-test,Unicycler(-u); SKESA(-s)  [documented in source README; graphs NOT copied],2,COMPLETE_ACCESSIONS,https://www.ncbi.nlm.nih.gov/biosample/SAMD00203335,NONE - no GFA or label file copied (licence not documented)
bacillus_bcer-SAMD00203336,SAMD00203336,BioSample,Bacillus cereus,NOT_IN_PUBLIC_METADATA_RECOVERED_THIS_PASS,SAMD00203336,NOT_RECOVERED_THIS_PASS,DRR206376,DRR206400,nanopore,NOT_RECOVERED_THIS_PASS,Furuta2022,held_out_species,bacillus-test,Unicycler(-u); SKESA(-s)  [documented in source README; graphs NOT copied],2,COMPLETE_ACCESSIONS,https://www.ncbi.nlm.nih.gov/biosample/SAMD00203336,NONE - no GFA or label file copied (licence not documented)
bacillus_bcer-SAMD00203337,SAMD00203337,BioSample,Bacillus cereus,NOT_IN_PUBLIC_METADATA_RECOVERED_THIS_PASS,SAMD00203337,NOT_RECOVERED_THIS_PASS,DRR206377,DRR206401,nanopore,NOT_RECOVERED_THIS_PASS,Furuta2022,held_out_species,bacillus-test,Unicycler(-u); SKESA(-s)  [documented in source README; graphs NOT copied],2,COMPLETE_ACCESSIONS,https://www.ncbi.nlm.nih.gov/biosample/SAMD00203337,NONE - no GFA or label file copied (licence not documented)
bacillus_bcer-SAMD00203338,SAMD00203338,BioSample,Bacillus cereus,NOT_IN_PUBLIC_METADATA_RECOVERED_THIS_PASS,SAMD00203338,NOT_RECOVERED_THIS_PASS,DRR206378,DRR206402,nanopore,NOT_RECOVERED_THIS_PASS,Furuta2022,held_out_species,bacillus-test,Unicycler(-u); SKESA(-s)  [documented in source README; graphs NOT copied],2,COMPLETE_ACCESSIONS,https://www.ncbi.nlm.nih.gov/biosample/SAMD00203338,NONE - no GFA or label file copied (licence not documented)
bacillus_bcer-SAMD00203339,SAMD00203339,BioSample,Bacillus cereus,NOT_IN_PUBLIC_METADATA_RECOVERED_THIS_PASS,SAMD00203339,NOT_RECOVERED_THIS_PASS,DRR206379,DRR206403,nanopore,NOT_RECOVERED_THIS_PASS,Furuta2022,held_out_species,bacillus-test,Unicycler(-u); SKESA(-s)  [documented in source README; graphs NOT copied],2,COMPLETE_ACCESSIONS,https://www.ncbi.nlm.nih.gov/biosample/SAMD00203339,NONE - no GFA or label file copied (licence not documented)
bacillus_bcer-SAMD00203340,SAMD00203340,BioSample,Bacillus cereus,NOT_IN_PUBLIC_METADATA_RECOVERED_THIS_PASS,SAMD00203340,NOT_RECOVERED_THIS_PASS,DRR206380,DRR206404,nanopore,NOT_RECOVERED_THIS_PASS,Furuta2022,held_out_species,bacillus-test,Unicycler(-u); SKESA(-s)  [documented in source README; graphs NOT copied],2,COMPLETE_ACCESSIONS,https://www.ncbi.nlm.nih.gov/biosample/SAMD00203340,NONE - no GFA or label file copied (licence not documented)
bacillus_bcer-SAMD00203341,SAMD00203341,BioSample,Bacillus cereus,NOT_IN_PUBLIC_METADATA_RECOVERED_THIS_PASS,SAMD00203341,NOT_RECOVERED_THIS_PASS,DRR206381,DRR206405,nanopore,NOT_RECOVERED_THIS_PASS,Furuta2022,held_out_species,bacillus-test,Unicycler(-u); SKESA(-s)  [documented in source README; graphs NOT copied],2,COMPLETE_ACCESSIONS,https://www.ncbi.nlm.nih.gov/biosample/SAMD00203341,NONE - no GFA or label file copied (licence not documented)
bacillus_bcer-SAMD00203342,SAMD00203342,BioSample,Bacillus cereus,NOT_IN_PUBLIC_METADATA_RECOVERED_THIS_PASS,SAMD00203342,NOT_RECOVERED_THIS_PASS,DRR206382,DRR206406,nanopore,NOT_RECOVERED_THIS_PASS,Furuta2022,held_out_species,bacillus-test,Unicycler(-u); SKESA(-s)  [documented in source README; graphs NOT copied],2,COMPLETE_ACCESSIONS,https://www.ncbi.nlm.nih.gov/biosample/SAMD00203342,NONE - no GFA or label file copied (licence not documented)
bacillus_bcer-SAMD00203343,SAMD00203343,BioSample,Bacillus cereus,NOT_IN_PUBLIC_METADATA_RECOVERED_THIS_PASS,SAMD00203343,NOT_RECOVERED_THIS_PASS,DRR206383,DRR206407,nanopore,NOT_RECOVERED_THIS_PASS,Furuta2022,held_out_species,bacillus-test,Unicycler(-u); SKESA(-s)  [documented in source README; graphs NOT copied],2,COMPLETE_ACCESSIONS,https://www.ncbi.nlm.nih.gov/biosample/SAMD00203343,NONE - no GFA or label file copied (licence not documented)
bacillus_bcer-SAMD00203344,SAMD00203344,BioSample,Bacillus cereus,NOT_IN_PUBLIC_METADATA_RECOVERED_THIS_PASS,SAMD00203344,NOT_RECOVERED_THIS_PASS,DRR206384,DRR206408,nanopore,NOT_RECOVERED_THIS_PASS,Furuta2022,held_out_species,bacillus-test,Unicycler(-u); SKESA(-s)  [documented in source README; graphs NOT copied],2,COMPLETE_ACCESSIONS,https://www.ncbi.nlm.nih.gov/biosample/SAMD00203344,NONE - no GFA or label file copied (licence not documented)
bacillus_bcer-SAMD00203345,SAMD00203345,BioSample,Bacillus cereus,NOT_IN_PUBLIC_METADATA_RECOVERED_THIS_PASS,SAMD00203345,NOT_RECOVERED_THIS_PASS,DRR206385,DRR206409,nanopore,NOT_RECOVERED_THIS_PASS,Furuta2022,held_out_species,bacillus-test,Unicycler(-u); SKESA(-s)  [documented in source README; graphs NOT copied],2,COMPLETE_ACCESSIONS,https://www.ncbi.nlm.nih.gov/biosample/SAMD00203345,NONE - no GFA or label file copied (licence not documented)
bacillus_bcer-SAMN03085852,SAMN03085852,BioSample,Bacillus cereus,NOT_IN_PUBLIC_METADATA_RECOVERED_THIS_PASS,SAMN03085852,NOT_RECOVERED_THIS_PASS,SRR2157172,SRR2157174,pacbio,NOT_RECOVERED_THIS_PASS,Johnson2015,held_out_species,bacillus-test,Unicycler(-u); SKESA(-s)  [documented in source README; graphs NOT copied],2,COMPLETE_ACCESSIONS,https://www.ncbi.nlm.nih.gov/biosample/SAMN03085852,NONE - no GFA or label file copied (licence not documented)
bacillus_bcer-SAMN03085864,SAMN03085864,BioSample,Bacillus cereus,NOT_IN_PUBLIC_METADATA_RECOVERED_THIS_PASS,SAMN03085864,NOT_RECOVERED_THIS_PASS,SRR2164312,SRR2164313,pacbio,NOT_RECOVERED_THIS_PASS,Johnson2015,held_out_species,bacillus-test,Unicycler(-u); SKESA(-s)  [documented in source README; graphs NOT copied],2,COMPLETE_ACCESSIONS,https://www.ncbi.nlm.nih.gov/biosample/SAMN03085864,NONE - no GFA or label file copied (licence not documented)
bacillus_bcer-SAMN03092702,SAMN03092702,BioSample,Bacillus cereus,NOT_IN_PUBLIC_METADATA_RECOVERED_THIS_PASS,SAMN03092702,NOT_RECOVERED_THIS_PASS,SRR2175373,SRR2171383,pacbio,NOT_RECOVERED_THIS_PASS,Johnson2015,held_out_species,bacillus-test,Unicycler(-u); SKESA(-s)  [documented in source README; graphs NOT copied],2,COMPLETE_ACCESSIONS,https://www.ncbi.nlm.nih.gov/biosample/SAMN03092702,NONE - no GFA or label file copied (licence not documented)
bacillus_bsub-SAMN13190552,SAMN13190552,BioSample,Bacillus subtilis,NOT_IN_PUBLIC_METADATA_RECOVERED_THIS_PASS,SAMN13190552,NOT_RECOVERED_THIS_PASS,SRR10390690,SRR10390703,nanopore,NOT_RECOVERED_THIS_PASS,Kiesewalter2020,held_out_species,bacillus-test,Unicycler(-u); SKESA(-s)  [documented in source README; graphs NOT copied],2,COMPLETE_ACCESSIONS,https://www.ncbi.nlm.nih.gov/biosample/SAMN13190552,NONE - no GFA or label file copied (licence not documented)
bacillus_bsub-SAMN13190559,SAMN13190559,BioSample,Bacillus subtilis,NOT_IN_PUBLIC_METADATA_RECOVERED_THIS_PASS,SAMN13190559,NOT_RECOVERED_THIS_PASS,SRR10390711,SRR10390695,nanopore,NOT_RECOVERED_THIS_PASS,Kiesewalter2020,held_out_species,bacillus-test,Unicycler(-u); SKESA(-s)  [documented in source README; graphs NOT copied],2,COMPLETE_ACCESSIONS,https://www.ncbi.nlm.nih.gov/biosample/SAMN13190559,NONE - no GFA or label file copied (licence not documented)
bacillus_bsub-SAMN13190561,SAMN13190561,BioSample,Bacillus subtilis,NOT_IN_PUBLIC_METADATA_RECOVERED_THIS_PASS,SAMN13190561,NOT_RECOVERED_THIS_PASS,SRR10390709,SRR10390693,nanopore,NOT_RECOVERED_THIS_PASS,Kiesewalter2020,held_out_species,bacillus-test,Unicycler(-u); SKESA(-s)  [documented in source README; graphs NOT copied],2,COMPLETE_ACCESSIONS,https://www.ncbi.nlm.nih.gov/biosample/SAMN13190561,NONE - no GFA or label file copied (licence not documented)
bacillus_bthu-SAMN03085882,SAMN03085882,BioSample,Bacillus thuringiensis,NOT_IN_PUBLIC_METADATA_RECOVERED_THIS_PASS,SAMN03085882,NOT_RECOVERED_THIS_PASS,SRR2171004,SRR2171006,pacbio,NOT_RECOVERED_THIS_PASS,Johnson2015,held_out_species,bacillus-test,Unicycler(-u); SKESA(-s)  [documented in source README; graphs NOT copied],2,COMPLETE_ACCESSIONS,https://www.ncbi.nlm.nih.gov/biosample/SAMN03085882,NONE - no GFA or label file copied (licence not documented)
bacillus_bthu-SAMN03216682,SAMN03216682,BioSample,Bacillus thuringiensis,NOT_IN_PUBLIC_METADATA_RECOVERED_THIS_PASS,SAMN03216682,NOT_RECOVERED_THIS_PASS,SRR2175480,SRR2175482,pacbio,NOT_RECOVERED_THIS_PASS,Johnson2015,held_out_species,bacillus-test,Unicycler(-u); SKESA(-s)  [documented in source README; graphs NOT copied],2,COMPLETE_ACCESSIONS,https://www.ncbi.nlm.nih.gov/biosample/SAMN03216682,NONE - no GFA or label file copied (licence not documented)
robertson-benchmark_cfre-SAMN02713684,SAMN02713684,BioSample,Citrobacter freundii,NOT_IN_PUBLIC_METADATA_RECOVERED_THIS_PASS,SAMN02713684,NOT_RECOVERED_THIS_PASS,SRR1284629,SRR1284633,NA,NOT_RECOVERED_THIS_PASS,Robertson2018,held_out_species,cfre-test,Unicycler(-u); SKESA(-s)  [documented in source README; graphs NOT copied],2,COMPLETE_ACCESSIONS,https://www.ncbi.nlm.nih.gov/biosample/SAMN02713684,NONE - no GFA or label file copied (licence not documented)
robertson-benchmark_cfre-SAMN04014863,SAMN04014863,BioSample,Citrobacter freundii,NOT_IN_PUBLIC_METADATA_RECOVERED_THIS_PASS,SAMN04014863,NOT_RECOVERED_THIS_PASS,SRR3112272,SRR6278430,NA,NOT_RECOVERED_THIS_PASS,Robertson2018,held_out_species,cfre-test,Unicycler(-u); SKESA(-s)  [documented in source README; graphs NOT copied],2,COMPLETE_ACCESSIONS,https://www.ncbi.nlm.nih.gov/biosample/SAMN04014863,NONE - no GFA or label file copied (licence not documented)
shaw-2021_cfre-SAMN15148082,SAMN15148082,BioSample,Citrobacter freundii,NOT_IN_PUBLIC_METADATA_RECOVERED_THIS_PASS,SAMN15148082,NOT_RECOVERED_THIS_PASS,SRR11948857,SRR12299009,PacBio,NOT_RECOVERED_THIS_PASS,Shaw2021,held_out_species,cfre-test,Unicycler(-u); SKESA(-s)  [documented in source README; graphs NOT copied],2,COMPLETE_ACCESSIONS,https://www.ncbi.nlm.nih.gov/biosample/SAMN15148082,NONE - no GFA or label file copied (licence not documented)
shaw-2021_cfre-SAMN15148084,SAMN15148084,BioSample,Citrobacter freundii,NOT_IN_PUBLIC_METADATA_RECOVERED_THIS_PASS,SAMN15148084,NOT_RECOVERED_THIS_PASS,SRR11948855,SRR12299007,PacBio,NOT_RECOVERED_THIS_PASS,Shaw2021,held_out_species,cfre-test,Unicycler(-u); SKESA(-s)  [documented in source README; graphs NOT copied],2,COMPLETE_ACCESSIONS,https://www.ncbi.nlm.nih.gov/biosample/SAMN15148084,NONE - no GFA or label file copied (licence not documented)
shaw-2021_cfre-SAMN15148085,SAMN15148085,BioSample,Citrobacter freundii,NOT_IN_PUBLIC_METADATA_RECOVERED_THIS_PASS,SAMN15148085,NOT_RECOVERED_THIS_PASS,SRR11948854,SRR12299006,Nanopore,NOT_RECOVERED_THIS_PASS,Shaw2021,held_out_species,cfre-test,Unicycler(-u); SKESA(-s)  [documented in source README; graphs NOT copied],2,COMPLETE_ACCESSIONS,https://www.ncbi.nlm.nih.gov/biosample/SAMN15148085,NONE - no GFA or label file copied (licence not documented)
shaw-2021_cfre-SAMN15148130,SAMN15148130,BioSample,Citrobacter freundii,NOT_IN_PUBLIC_METADATA_RECOVERED_THIS_PASS,SAMN15148130,NOT_RECOVERED_THIS_PASS,SRR11949068,SRR12298581,Nanopore,NOT_RECOVERED_THIS_PASS,Shaw2021,held_out_species,cfre-test,Unicycler(-u); SKESA(-s)  [documented in source README; graphs NOT copied],2,COMPLETE_ACCESSIONS,https://www.ncbi.nlm.nih.gov/biosample/SAMN15148130,NONE - no GFA or label file copied (licence not documented)
shaw-2021_cfre-SAMN15148131,SAMN15148131,BioSample,Citrobacter freundii,NOT_IN_PUBLIC_METADATA_RECOVERED_THIS_PASS,SAMN15148131,NOT_RECOVERED_THIS_PASS,SRR11949067,SRR12298580,Nanopore,NOT_RECOVERED_THIS_PASS,Shaw2021,held_out_species,cfre-test,Unicycler(-u); SKESA(-s)  [documented in source README; graphs NOT copied],2,COMPLETE_ACCESSIONS,https://www.ncbi.nlm.nih.gov/biosample/SAMN15148131,NONE - no GFA or label file copied (licence not documented)
shaw-2021_cfre-SAMN15148132,SAMN15148132,BioSample,Citrobacter freundii,NOT_IN_PUBLIC_METADATA_RECOVERED_THIS_PASS,SAMN15148132,NOT_RECOVERED_THIS_PASS,SRR11949066,SRR12298579,Nanopore,NOT_RECOVERED_THIS_PASS,Shaw2021,held_out_species,cfre-test,Unicycler(-u); SKESA(-s)  [documented in source README; graphs NOT copied],2,COMPLETE_ACCESSIONS,https://www.ncbi.nlm.nih.gov/biosample/SAMN15148132,NONE - no GFA or label file copied (licence not documented)
shaw-2021_cfre-SAMN15148135,SAMN15148135,BioSample,Citrobacter freundii,NOT_IN_PUBLIC_METADATA_RECOVERED_THIS_PASS,SAMN15148135,NOT_RECOVERED_THIS_PASS,SRR11949339,SRR12298576,Nanopore,NOT_RECOVERED_THIS_PASS,Shaw2021,held_out_species,cfre-test,Unicycler(-u); SKESA(-s)  [documented in source README; graphs NOT copied],2,COMPLETE_ACCESSIONS,https://www.ncbi.nlm.nih.gov/biosample/SAMN15148135,NONE - no GFA or label file copied (licence not documented)
shaw-2021_cfre-SAMN15148223,SAMN15148223,BioSample,Citrobacter freundii,NOT_IN_PUBLIC_METADATA_RECOVERED_THIS_PASS,SAMN15148223,NOT_RECOVERED_THIS_PASS,SRR11948775,SRR12298859,Nanopore,NOT_RECOVERED_THIS_PASS,Shaw2021,held_out_species,cfre-test,Unicycler(-u); SKESA(-s)  [documented in source README; graphs NOT copied],2,COMPLETE_ACCESSIONS,https://www.ncbi.nlm.nih.gov/biosample/SAMN15148223,NONE - no GFA or label file copied (licence not documented)
shaw-2021_cfre-SAMN15148277,SAMN15148277,BioSample,Citrobacter freundii,NOT_IN_PUBLIC_METADATA_RECOVERED_THIS_PASS,SAMN15148277,NOT_RECOVERED_THIS_PASS,SRR11949046,SRR12298747,Nanopore,NOT_RECOVERED_THIS_PASS,Shaw2021,held_out_species,cfre-test,Unicycler(-u); SKESA(-s)  [documented in source README; graphs NOT copied],2,COMPLETE_ACCESSIONS,https://www.ncbi.nlm.nih.gov/biosample/SAMN15148277,NONE - no GFA or label file copied (licence not documented)
shaw-2021_cfre-SAMN15148288,SAMN15148288,BioSample,Citrobacter freundii,NOT_IN_PUBLIC_METADATA_RECOVERED_THIS_PASS,SAMN15148288,NOT_RECOVERED_THIS_PASS,SRR11949034,SRR12298663,Nanopore,NOT_RECOVERED_THIS_PASS,Shaw2021,held_out_species,cfre-test,Unicycler(-u); SKESA(-s)  [documented in source README; graphs NOT copied],2,COMPLETE_ACCESSIONS,https://www.ncbi.nlm.nih.gov/biosample/SAMN15148288,NONE - no GFA or label file copied (licence not documented)
shaw-2021_cfre-SAMN15148307,SAMN15148307,BioSample,Citrobacter freundii,NOT_IN_PUBLIC_METADATA_RECOVERED_THIS_PASS,SAMN15148307,NOT_RECOVERED_THIS_PASS,SRR11948761,SRR12298642,Nanopore,NOT_RECOVERED_THIS_PASS,Shaw2021,held_out_species,cfre-test,Unicycler(-u); SKESA(-s)  [documented in source README; graphs NOT copied],2,COMPLETE_ACCESSIONS,https://www.ncbi.nlm.nih.gov/biosample/SAMN15148307,NONE - no GFA or label file copied (licence not documented)
shaw-2021_cfre-SAMN15148340,SAMN15148340,BioSample,Citrobacter freundii,NOT_IN_PUBLIC_METADATA_RECOVERED_THIS_PASS,SAMN15148340,NOT_RECOVERED_THIS_PASS,SRR11948939,SRR12299155,Nanopore,NOT_RECOVERED_THIS_PASS,Shaw2021,held_out_species,cfre-test,Unicycler(-u); SKESA(-s)  [documented in source README; graphs NOT copied],2,COMPLETE_ACCESSIONS,https://www.ncbi.nlm.nih.gov/biosample/SAMN15148340,NONE - no GFA or label file copied (licence not documented)
shaw-2021_cfre-SAMN15148355,SAMN15148355,BioSample,Citrobacter freundii,NOT_IN_PUBLIC_METADATA_RECOVERED_THIS_PASS,SAMN15148355,NOT_RECOVERED_THIS_PASS,SRR11949382,SRR12299114,Nanopore,NOT_RECOVERED_THIS_PASS,Shaw2021,held_out_species,cfre-test,Unicycler(-u); SKESA(-s)  [documented in source README; graphs NOT copied],2,COMPLETE_ACCESSIONS,https://www.ncbi.nlm.nih.gov/biosample/SAMN15148355,NONE - no GFA or label file copied (licence not documented)
shaw-2021_cfre-SAMN15148357,SAMN15148357,BioSample,Citrobacter freundii,NOT_IN_PUBLIC_METADATA_RECOVERED_THIS_PASS,SAMN15148357,NOT_RECOVERED_THIS_PASS,SRR11949379,SRR12299111,Nanopore,NOT_RECOVERED_THIS_PASS,Shaw2021,held_out_species,cfre-test,Unicycler(-u); SKESA(-s)  [documented in source README; graphs NOT copied],2,COMPLETE_ACCESSIONS,https://www.ncbi.nlm.nih.gov/biosample/SAMN15148357,NONE - no GFA or label file copied (licence not documented)
shaw-2021_cfre-SAMN15148363,SAMN15148363,BioSample,Citrobacter freundii,NOT_IN_PUBLIC_METADATA_RECOVERED_THIS_PASS,SAMN15148363,NOT_RECOVERED_THIS_PASS,SRR11949373,SRR12299105,Nanopore,NOT_RECOVERED_THIS_PASS,Shaw2021,held_out_species,cfre-test,Unicycler(-u); SKESA(-s)  [documented in source README; graphs NOT copied],2,COMPLETE_ACCESSIONS,https://www.ncbi.nlm.nih.gov/biosample/SAMN15148363,NONE - no GFA or label file copied (licence not documented)
shaw-2021_cfre-SAMN15148428,SAMN15148428,BioSample,Citrobacter freundii,NOT_IN_PUBLIC_METADATA_RECOVERED_THIS_PASS,SAMN15148428,NOT_RECOVERED_THIS_PASS,SRR11949157,SRR12298538,Nanopore,NOT_RECOVERED_THIS_PASS,Shaw2021,held_out_species,cfre-test,Unicycler(-u); SKESA(-s)  [documented in source README; graphs NOT copied],2,COMPLETE_ACCESSIONS,https://www.ncbi.nlm.nih.gov/biosample/SAMN15148428,NONE - no GFA or label file copied (licence not documented)
shaw-2021_cfre-SAMN15148449,SAMN15148449,BioSample,Citrobacter freundii,NOT_IN_PUBLIC_METADATA_RECOVERED_THIS_PASS,SAMN15148449,NOT_RECOVERED_THIS_PASS,SRR11949015,SRR12298490,PacBio,NOT_RECOVERED_THIS_PASS,Shaw2021,held_out_species,cfre-test,Unicycler(-u); SKESA(-s)  [documented in source README; graphs NOT copied],2,COMPLETE_ACCESSIONS,https://www.ncbi.nlm.nih.gov/biosample/SAMN15148449,NONE - no GFA or label file copied (licence not documented)
shaw-2021_cfre-SAMN15148491,SAMN15148491,BioSample,Citrobacter freundii,NOT_IN_PUBLIC_METADATA_RECOVERED_THIS_PASS,SAMN15148491,NOT_RECOVERED_THIS_PASS,SRR11949295,SRR12298420,Nanopore,NOT_RECOVERED_THIS_PASS,Shaw2021,held_out_species,cfre-test,Unicycler(-u); SKESA(-s)  [documented in source README; graphs NOT copied],2,COMPLETE_ACCESSIONS,https://www.ncbi.nlm.nih.gov/biosample/SAMN15148491,NONE - no GFA or label file copied (licence not documented)
shaw-2021_cfre-SAMN15148496,SAMN15148496,BioSample,Citrobacter freundii,NOT_IN_PUBLIC_METADATA_RECOVERED_THIS_PASS,SAMN15148496,NOT_RECOVERED_THIS_PASS,SRR11948814,SRR12298415,PacBio,NOT_RECOVERED_THIS_PASS,Shaw2021,held_out_species,cfre-test,Unicycler(-u); SKESA(-s)  [documented in source README; graphs NOT copied],2,COMPLETE_ACCESSIONS,https://www.ncbi.nlm.nih.gov/biosample/SAMN15148496,NONE - no GFA or label file copied (licence not documented)
shaw-2021_cfre-SAMN15148500,SAMN15148500,BioSample,Citrobacter freundii,NOT_IN_PUBLIC_METADATA_RECOVERED_THIS_PASS,SAMN15148500,NOT_RECOVERED_THIS_PASS,SRR11948809,SRR12298410,Nanopore,NOT_RECOVERED_THIS_PASS,Shaw2021,held_out_species,cfre-test,Unicycler(-u); SKESA(-s)  [documented in source README; graphs NOT copied],2,COMPLETE_ACCESSIONS,https://www.ncbi.nlm.nih.gov/biosample/SAMN15148500,NONE - no GFA or label file copied (licence not documented)
shaw-2021_cfre-SAMN15148504,SAMN15148504,BioSample,Citrobacter freundii,NOT_IN_PUBLIC_METADATA_RECOVERED_THIS_PASS,SAMN15148504,NOT_RECOVERED_THIS_PASS,SRR11948805,SRR12298406,PacBio,NOT_RECOVERED_THIS_PASS,Shaw2021,held_out_species,cfre-test,Unicycler(-u); SKESA(-s)  [documented in source README; graphs NOT copied],2,COMPLETE_ACCESSIONS,https://www.ncbi.nlm.nih.gov/biosample/SAMN15148504,NONE - no GFA or label file copied (licence not documented)
shaw-2021_cfre-SAMN15148518,SAMN15148518,BioSample,Citrobacter freundii,NOT_IN_PUBLIC_METADATA_RECOVERED_THIS_PASS,SAMN15148518,NOT_RECOVERED_THIS_PASS,SRR11948799,SRR12298390,PacBio,NOT_RECOVERED_THIS_PASS,Shaw2021,held_out_species,cfre-test,Unicycler(-u); SKESA(-s)  [documented in source README; graphs NOT copied],2,COMPLETE_ACCESSIONS,https://www.ncbi.nlm.nih.gov/biosample/SAMN15148518,NONE - no GFA or label file copied (licence not documented)
shaw-2021_cfre-SAMN15148520,SAMN15148520,BioSample,Citrobacter freundii,NOT_IN_PUBLIC_METADATA_RECOVERED_THIS_PASS,SAMN15148520,NOT_RECOVERED_THIS_PASS,SRR11948797,SRR12298388,PacBio,NOT_RECOVERED_THIS_PASS,Shaw2021,held_out_species,cfre-test,Unicycler(-u); SKESA(-s)  [documented in source README; graphs NOT copied],2,COMPLETE_ACCESSIONS,https://www.ncbi.nlm.nih.gov/biosample/SAMN15148520,NONE - no GFA or label file copied (licence not documented)
shaw-2021_cfre-SAMN15148536,SAMN15148536,BioSample,Citrobacter freundii,NOT_IN_PUBLIC_METADATA_RECOVERED_THIS_PASS,SAMN15148536,NOT_RECOVERED_THIS_PASS,SRR11949166,SRR12298371,Nanopore,NOT_RECOVERED_THIS_PASS,Shaw2021,held_out_species,cfre-test,Unicycler(-u); SKESA(-s)  [documented in source README; graphs NOT copied],2,COMPLETE_ACCESSIONS,https://www.ncbi.nlm.nih.gov/biosample/SAMN15148536,NONE - no GFA or label file copied (licence not documented)
shaw-2021_cfre-SAMN15148543,SAMN15148543,BioSample,Citrobacter freundii,NOT_IN_PUBLIC_METADATA_RECOVERED_THIS_PASS,SAMN15148543,NOT_RECOVERED_THIS_PASS,SRR11948890,SRR12298363,PacBio,NOT_RECOVERED_THIS_PASS,Shaw2021,held_out_species,cfre-test,Unicycler(-u); SKESA(-s)  [documented in source README; graphs NOT copied],2,COMPLETE_ACCESSIONS,https://www.ncbi.nlm.nih.gov/biosample/SAMN15148543,NONE - no GFA or label file copied (licence not documented)
shaw-2021_cfre-SAMN15148556,SAMN15148556,BioSample,Citrobacter freundii,NOT_IN_PUBLIC_METADATA_RECOVERED_THIS_PASS,SAMN15148556,NOT_RECOVERED_THIS_PASS,SRR11949091,SRR12298921,Nanopore,NOT_RECOVERED_THIS_PASS,Shaw2021,held_out_species,cfre-test,Unicycler(-u); SKESA(-s)  [documented in source README; graphs NOT copied],2,COMPLETE_ACCESSIONS,https://www.ncbi.nlm.nih.gov/biosample/SAMN15148556,NONE - no GFA or label file copied (licence not documented)
shaw-2021_cfre-SAMN15148558,SAMN15148558,BioSample,Citrobacter freundii,NOT_IN_PUBLIC_METADATA_RECOVERED_THIS_PASS,SAMN15148558,NOT_RECOVERED_THIS_PASS,SRR11949088,SRR12298918,PacBio,NOT_RECOVERED_THIS_PASS,Shaw2021,held_out_species,cfre-test,Unicycler(-u); SKESA(-s)  [documented in source README; graphs NOT copied],2,COMPLETE_ACCESSIONS,https://www.ncbi.nlm.nih.gov/biosample/SAMN15148558,NONE - no GFA or label file copied (licence not documented)
shaw-2021_cfre-SAMN15148581,SAMN15148581,BioSample,Citrobacter freundii,NOT_IN_PUBLIC_METADATA_RECOVERED_THIS_PASS,SAMN15148581,NOT_RECOVERED_THIS_PASS,SRR11949147,SRR12298869,Nanopore,NOT_RECOVERED_THIS_PASS,Shaw2021,held_out_species,cfre-test,Unicycler(-u); SKESA(-s)  [documented in source README; graphs NOT copied],2,COMPLETE_ACCESSIONS,https://www.ncbi.nlm.nih.gov/biosample/SAMN15148581,NONE - no GFA or label file copied (licence not documented)
shaw-2021_cfre-SAMN15148584,SAMN15148584,BioSample,Citrobacter freundii,NOT_IN_PUBLIC_METADATA_RECOVERED_THIS_PASS,SAMN15148584,NOT_RECOVERED_THIS_PASS,SRR11949144,SRR12298866,PacBio,NOT_RECOVERED_THIS_PASS,Shaw2021,held_out_species,cfre-test,Unicycler(-u); SKESA(-s)  [documented in source README; graphs NOT copied],2,COMPLETE_ACCESSIONS,https://www.ncbi.nlm.nih.gov/biosample/SAMN15148584,NONE - no GFA or label file copied (licence not documented)
shaw-2021_cfre-SAMN15148586,SAMN15148586,BioSample,Citrobacter freundii,NOT_IN_PUBLIC_METADATA_RECOVERED_THIS_PASS,SAMN15148586,NOT_RECOVERED_THIS_PASS,SRR11949142,SRR12298864,PacBio,NOT_RECOVERED_THIS_PASS,Shaw2021,held_out_species,cfre-test,Unicycler(-u); SKESA(-s)  [documented in source README; graphs NOT copied],2,COMPLETE_ACCESSIONS,https://www.ncbi.nlm.nih.gov/biosample/SAMN15148586,NONE - no GFA or label file copied (licence not documented)
shaw-2021_cfre-SAMN15148590,SAMN15148590,BioSample,Citrobacter freundii,NOT_IN_PUBLIC_METADATA_RECOVERED_THIS_PASS,SAMN15148590,NOT_RECOVERED_THIS_PASS,SRR11949137,SRR12298835,PacBio,NOT_RECOVERED_THIS_PASS,Shaw2021,held_out_species,cfre-test,Unicycler(-u); SKESA(-s)  [documented in source README; graphs NOT copied],2,COMPLETE_ACCESSIONS,https://www.ncbi.nlm.nih.gov/biosample/SAMN15148590,NONE - no GFA or label file copied (licence not documented)
shaw-2021_cfre-SAMN15148595,SAMN15148595,BioSample,Citrobacter freundii,NOT_IN_PUBLIC_METADATA_RECOVERED_THIS_PASS,SAMN15148595,NOT_RECOVERED_THIS_PASS,SRR11948682,SRR12298830,Nanopore,NOT_RECOVERED_THIS_PASS,Shaw2021,held_out_species,cfre-test,Unicycler(-u); SKESA(-s)  [documented in source README; graphs NOT copied],2,COMPLETE_ACCESSIONS,https://www.ncbi.nlm.nih.gov/biosample/SAMN15148595,NONE - no GFA or label file copied (licence not documented)
shaw-2021_cfre-SAMN15148600,SAMN15148600,BioSample,Citrobacter freundii,NOT_IN_PUBLIC_METADATA_RECOVERED_THIS_PASS,SAMN15148600,NOT_RECOVERED_THIS_PASS,SRR11948676,SRR12298824,Nanopore,NOT_RECOVERED_THIS_PASS,Shaw2021,held_out_species,cfre-test,Unicycler(-u); SKESA(-s)  [documented in source README; graphs NOT copied],2,COMPLETE_ACCESSIONS,https://www.ncbi.nlm.nih.gov/biosample/SAMN15148600,NONE - no GFA or label file copied (licence not documented)
shaw-2021_cfre-SAMN15148603,SAMN15148603,BioSample,Citrobacter freundii,NOT_IN_PUBLIC_METADATA_RECOVERED_THIS_PASS,SAMN15148603,NOT_RECOVERED_THIS_PASS,SRR11948673,SRR12298821,Nanopore,NOT_RECOVERED_THIS_PASS,Shaw2021,held_out_species,cfre-test,Unicycler(-u); SKESA(-s)  [documented in source README; graphs NOT copied],2,COMPLETE_ACCESSIONS,https://www.ncbi.nlm.nih.gov/biosample/SAMN15148603,NONE - no GFA or label file copied (licence not documented)
shaw-2021_cfre-SAMN15148611,SAMN15148611,BioSample,Citrobacter freundii,NOT_IN_PUBLIC_METADATA_RECOVERED_THIS_PASS,SAMN15148611,NOT_RECOVERED_THIS_PASS,SRR11949258,SRR12298788,Nanopore,NOT_RECOVERED_THIS_PASS,Shaw2021,held_out_species,cfre-test,Unicycler(-u); SKESA(-s)  [documented in source README; graphs NOT copied],2,COMPLETE_ACCESSIONS,https://www.ncbi.nlm.nih.gov/biosample/SAMN15148611,NONE - no GFA or label file copied (licence not documented)
shaw-2021_cfre-SAMN15148618,SAMN15148618,BioSample,Citrobacter freundii,NOT_IN_PUBLIC_METADATA_RECOVERED_THIS_PASS,SAMN15148618,NOT_RECOVERED_THIS_PASS,SRR11949250,SRR12298780,Nanopore,NOT_RECOVERED_THIS_PASS,Shaw2021,held_out_species,cfre-test,Unicycler(-u); SKESA(-s)  [documented in source README; graphs NOT copied],2,COMPLETE_ACCESSIONS,https://www.ncbi.nlm.nih.gov/biosample/SAMN15148618,NONE - no GFA or label file copied (licence not documented)
shaw-2021_cfre-SAMN15148687,SAMN15148687,BioSample,Citrobacter freundii,NOT_IN_PUBLIC_METADATA_RECOVERED_THIS_PASS,SAMN15148687,NOT_RECOVERED_THIS_PASS,SRR11949455,SRR12298676,Nanopore,NOT_RECOVERED_THIS_PASS,Shaw2021,held_out_species,cfre-test,Unicycler(-u); SKESA(-s)  [documented in source README; graphs NOT copied],2,COMPLETE_ACCESSIONS,https://www.ncbi.nlm.nih.gov/biosample/SAMN15148687,NONE - no GFA or label file copied (licence not documented)
shaw-2021_cfre-SAMN15148688,SAMN15148688,BioSample,Citrobacter freundii,NOT_IN_PUBLIC_METADATA_RECOVERED_THIS_PASS,SAMN15148688,NOT_RECOVERED_THIS_PASS,SRR11949454,SRR12298675,Nanopore,NOT_RECOVERED_THIS_PASS,Shaw2021,held_out_species,cfre-test,Unicycler(-u); SKESA(-s)  [documented in source README; graphs NOT copied],2,COMPLETE_ACCESSIONS,https://www.ncbi.nlm.nih.gov/biosample/SAMN15148688,NONE - no GFA or label file copied (licence not documented)
shaw-2021_cfre-SAMN15148707,SAMN15148707,BioSample,Citrobacter freundii,NOT_IN_PUBLIC_METADATA_RECOVERED_THIS_PASS,SAMN15148707,NOT_RECOVERED_THIS_PASS,SRR11948867,SRR12299179,Nanopore,NOT_RECOVERED_THIS_PASS,Shaw2021,held_out_species,cfre-test,Unicycler(-u); SKESA(-s)  [documented in source README; graphs NOT copied],2,COMPLETE_ACCESSIONS,https://www.ncbi.nlm.nih.gov/biosample/SAMN15148707,NONE - no GFA or label file copied (licence not documented)
shaw-2021_cfre-SAMN15148717,SAMN15148717,BioSample,Citrobacter freundii,NOT_IN_PUBLIC_METADATA_RECOVERED_THIS_PASS,SAMN15148717,NOT_RECOVERED_THIS_PASS,SRR11949268,SRR12299168,Nanopore,NOT_RECOVERED_THIS_PASS,Shaw2021,held_out_species,cfre-test,Unicycler(-u); SKESA(-s)  [documented in source README; graphs NOT copied],2,COMPLETE_ACCESSIONS,https://www.ncbi.nlm.nih.gov/biosample/SAMN15148717,NONE - no GFA or label file copied (licence not documented)
shaw-2021_cfre-SAMN15148718,SAMN15148718,BioSample,Citrobacter freundii,NOT_IN_PUBLIC_METADATA_RECOVERED_THIS_PASS,SAMN15148718,NOT_RECOVERED_THIS_PASS,SRR11949267,SRR12299143,Nanopore,NOT_RECOVERED_THIS_PASS,Shaw2021,held_out_species,cfre-test,Unicycler(-u); SKESA(-s)  [documented in source README; graphs NOT copied],2,COMPLETE_ACCESSIONS,https://www.ncbi.nlm.nih.gov/biosample/SAMN15148718,NONE - no GFA or label file copied (licence not documented)
shaw-2021_cfre-SAMN15148727,SAMN15148727,BioSample,Citrobacter freundii,NOT_IN_PUBLIC_METADATA_RECOVERED_THIS_PASS,SAMN15148727,NOT_RECOVERED_THIS_PASS,SRR11948727,SRR12299133,Nanopore,NOT_RECOVERED_THIS_PASS,Shaw2021,held_out_species,cfre-test,Unicycler(-u); SKESA(-s)  [documented in source README; graphs NOT copied],2,COMPLETE_ACCESSIONS,https://www.ncbi.nlm.nih.gov/biosample/SAMN15148727,NONE - no GFA or label file copied (licence not documented)
shaw-2021_cfre-SAMN15148736,SAMN15148736,BioSample,Citrobacter freundii,NOT_IN_PUBLIC_METADATA_RECOVERED_THIS_PASS,SAMN15148736,NOT_RECOVERED_THIS_PASS,SRR11948718,SRR12299124,Nanopore,NOT_RECOVERED_THIS_PASS,Shaw2021,held_out_species,cfre-test,Unicycler(-u); SKESA(-s)  [documented in source README; graphs NOT copied],2,COMPLETE_ACCESSIONS,https://www.ncbi.nlm.nih.gov/biosample/SAMN15148736,NONE - no GFA or label file copied (licence not documented)
shaw-2021_cfre-SAMN15148742,SAMN15148742,BioSample,Citrobacter freundii,NOT_IN_PUBLIC_METADATA_RECOVERED_THIS_PASS,SAMN15148742,NOT_RECOVERED_THIS_PASS,SRR11949353,SRR12299069,Nanopore,NOT_RECOVERED_THIS_PASS,Shaw2021,held_out_species,cfre-test,Unicycler(-u); SKESA(-s)  [documented in source README; graphs NOT copied],2,COMPLETE_ACCESSIONS,https://www.ncbi.nlm.nih.gov/biosample/SAMN15148742,NONE - no GFA or label file copied (licence not documented)
shaw-2021_cfre-SAMN15148744,SAMN15148744,BioSample,Citrobacter freundii,NOT_IN_PUBLIC_METADATA_RECOVERED_THIS_PASS,SAMN15148744,NOT_RECOVERED_THIS_PASS,SRR11949351,SRR12299067,Nanopore,NOT_RECOVERED_THIS_PASS,Shaw2021,held_out_species,cfre-test,Unicycler(-u); SKESA(-s)  [documented in source README; graphs NOT copied],2,COMPLETE_ACCESSIONS,https://www.ncbi.nlm.nih.gov/biosample/SAMN15148744,NONE - no GFA or label file copied (licence not documented)
shaw-2021_cfre-SAMN15148747,SAMN15148747,BioSample,Citrobacter freundii,NOT_IN_PUBLIC_METADATA_RECOVERED_THIS_PASS,SAMN15148747,NOT_RECOVERED_THIS_PASS,SRR11949346,SRR12299062,Nanopore,NOT_RECOVERED_THIS_PASS,Shaw2021,held_out_species,cfre-test,Unicycler(-u); SKESA(-s)  [documented in source README; graphs NOT copied],2,COMPLETE_ACCESSIONS,https://www.ncbi.nlm.nih.gov/biosample/SAMN15148747,NONE - no GFA or label file copied (licence not documented)
shaw-2021_cfre-SAMN15148750,SAMN15148750,BioSample,Citrobacter freundii,NOT_IN_PUBLIC_METADATA_RECOVERED_THIS_PASS,SAMN15148750,NOT_RECOVERED_THIS_PASS,SRR11949343,SRR12299059,Nanopore,NOT_RECOVERED_THIS_PASS,Shaw2021,held_out_species,cfre-test,Unicycler(-u); SKESA(-s)  [documented in source README; graphs NOT copied],2,COMPLETE_ACCESSIONS,https://www.ncbi.nlm.nih.gov/biosample/SAMN15148750,NONE - no GFA or label file copied (licence not documented)
shaw-2021_cfre-SAMN15148761,SAMN15148761,BioSample,Citrobacter freundii,NOT_IN_PUBLIC_METADATA_RECOVERED_THIS_PASS,SAMN15148761,NOT_RECOVERED_THIS_PASS,SRR11949005,SRR12298999,Nanopore,NOT_RECOVERED_THIS_PASS,Shaw2021,held_out_species,cfre-test,Unicycler(-u); SKESA(-s)  [documented in source README; graphs NOT copied],2,COMPLETE_ACCESSIONS,https://www.ncbi.nlm.nih.gov/biosample/SAMN15148761,NONE - no GFA or label file copied (licence not documented)
campylobacter_cjej-SAMD00491644,SAMD00491644,BioSample,Campylobacter jejuni,NOT_IN_PUBLIC_METADATA_RECOVERED_THIS_PASS,SAMD00491644,NOT_RECOVERED_THIS_PASS,DRR378527,DRR378563,nanopore,NOT_RECOVERED_THIS_PASS,Morita2023,held_out_species,cjej-test,Unicycler(-u); SKESA(-s)  [documented in source README; graphs NOT copied],2,COMPLETE_ACCESSIONS,https://www.ncbi.nlm.nih.gov/biosample/SAMD00491644,NONE - no GFA or label file copied (licence not documented)
campylobacter_cjej-SAMD00491646,SAMD00491646,BioSample,Campylobacter jejuni,NOT_IN_PUBLIC_METADATA_RECOVERED_THIS_PASS,SAMD00491646,NOT_RECOVERED_THIS_PASS,DRR378529,DRR378564,nanopore,NOT_RECOVERED_THIS_PASS,Morita2023,held_out_species,cjej-test,Unicycler(-u); SKESA(-s)  [documented in source README; graphs NOT copied],2,COMPLETE_ACCESSIONS,https://www.ncbi.nlm.nih.gov/biosample/SAMD00491646,NONE - no GFA or label file copied (licence not documented)
campylobacter_cjej-SAMD00491647,SAMD00491647,BioSample,Campylobacter jejuni,NOT_IN_PUBLIC_METADATA_RECOVERED_THIS_PASS,SAMD00491647,NOT_RECOVERED_THIS_PASS,DRR378530,DRR378565,nanopore,NOT_RECOVERED_THIS_PASS,Morita2023,held_out_species,cjej-test,Unicycler(-u); SKESA(-s)  [documented in source README; graphs NOT copied],2,COMPLETE_ACCESSIONS,https://www.ncbi.nlm.nih.gov/biosample/SAMD00491647,NONE - no GFA or label file copied (licence not documented)
campylobacter_cjej-SAMD00491650,SAMD00491650,BioSample,Campylobacter jejuni,NOT_IN_PUBLIC_METADATA_RECOVERED_THIS_PASS,SAMD00491650,NOT_RECOVERED_THIS_PASS,DRR378532,DRR378566,nanopore,NOT_RECOVERED_THIS_PASS,Morita2023,held_out_species,cjej-test,Unicycler(-u); SKESA(-s)  [documented in source README; graphs NOT copied],2,COMPLETE_ACCESSIONS,https://www.ncbi.nlm.nih.gov/biosample/SAMD00491650,NONE - no GFA or label file copied (licence not documented)
campylobacter_cjej-SAMD00491657,SAMD00491657,BioSample,Campylobacter jejuni,NOT_IN_PUBLIC_METADATA_RECOVERED_THIS_PASS,SAMD00491657,NOT_RECOVERED_THIS_PASS,DRR378539,DRR378568,nanopore,NOT_RECOVERED_THIS_PASS,Morita2023,held_out_species,cjej-test,Unicycler(-u); SKESA(-s)  [documented in source README; graphs NOT copied],2,COMPLETE_ACCESSIONS,https://www.ncbi.nlm.nih.gov/biosample/SAMD00491657,NONE - no GFA or label file copied (licence not documented)
campylobacter_cjej-SAMD00491659,SAMD00491659,BioSample,Campylobacter jejuni,NOT_IN_PUBLIC_METADATA_RECOVERED_THIS_PASS,SAMD00491659,NOT_RECOVERED_THIS_PASS,DRR378540,DRR378570,nanopore,NOT_RECOVERED_THIS_PASS,Morita2023,held_out_species,cjej-test,Unicycler(-u); SKESA(-s)  [documented in source README; graphs NOT copied],2,COMPLETE_ACCESSIONS,https://www.ncbi.nlm.nih.gov/biosample/SAMD00491659,NONE - no GFA or label file copied (licence not documented)
campylobacter_cjej-SAMD00491660,SAMD00491660,BioSample,Campylobacter jejuni,NOT_IN_PUBLIC_METADATA_RECOVERED_THIS_PASS,SAMD00491660,NOT_RECOVERED_THIS_PASS,DRR378541,DRR378571,nanopore,NOT_RECOVERED_THIS_PASS,Morita2023,held_out_species,cjej-test,Unicycler(-u); SKESA(-s)  [documented in source README; graphs NOT copied],2,COMPLETE_ACCESSIONS,https://www.ncbi.nlm.nih.gov/biosample/SAMD00491660,NONE - no GFA or label file copied (licence not documented)
campylobacter_cjej-SAMD00491662,SAMD00491662,BioSample,Campylobacter jejuni,NOT_IN_PUBLIC_METADATA_RECOVERED_THIS_PASS,SAMD00491662,NOT_RECOVERED_THIS_PASS,DRR378543,DRR378573,nanopore,NOT_RECOVERED_THIS_PASS,Morita2023,held_out_species,cjej-test,Unicycler(-u); SKESA(-s)  [documented in source README; graphs NOT copied],2,COMPLETE_ACCESSIONS,https://www.ncbi.nlm.nih.gov/biosample/SAMD00491662,NONE - no GFA or label file copied (licence not documented)
campylobacter_cjej-SAMD00491665,SAMD00491665,BioSample,Campylobacter jejuni,NOT_IN_PUBLIC_METADATA_RECOVERED_THIS_PASS,SAMD00491665,NOT_RECOVERED_THIS_PASS,DRR378546,DRR378575,nanopore,NOT_RECOVERED_THIS_PASS,Morita2023,held_out_species,cjej-test,Unicycler(-u); SKESA(-s)  [documented in source README; graphs NOT copied],2,COMPLETE_ACCESSIONS,https://www.ncbi.nlm.nih.gov/biosample/SAMD00491665,NONE - no GFA or label file copied (licence not documented)
campylobacter_cjej-SAMD00491669,SAMD00491669,BioSample,Campylobacter jejuni,NOT_IN_PUBLIC_METADATA_RECOVERED_THIS_PASS,SAMD00491669,NOT_RECOVERED_THIS_PASS,DRR378549,DRR378576,nanopore,NOT_RECOVERED_THIS_PASS,Morita2023,held_out_species,cjej-test,Unicycler(-u); SKESA(-s)  [documented in source README; graphs NOT copied],2,COMPLETE_ACCESSIONS,https://www.ncbi.nlm.nih.gov/biosample/SAMD00491669,NONE - no GFA or label file copied (licence not documented)
campylobacter_cjej-SAMD00491671,SAMD00491671,BioSample,Campylobacter jejuni,NOT_IN_PUBLIC_METADATA_RECOVERED_THIS_PASS,SAMD00491671,NOT_RECOVERED_THIS_PASS,DRR378551,DRR378578,nanopore,NOT_RECOVERED_THIS_PASS,Morita2023,held_out_species,cjej-test,Unicycler(-u); SKESA(-s)  [documented in source README; graphs NOT copied],2,COMPLETE_ACCESSIONS,https://www.ncbi.nlm.nih.gov/biosample/SAMD00491671,NONE - no GFA or label file copied (licence not documented)
campylobacter_cjej-SAMD00491676,SAMD00491676,BioSample,Campylobacter jejuni,NOT_IN_PUBLIC_METADATA_RECOVERED_THIS_PASS,SAMD00491676,NOT_RECOVERED_THIS_PASS,DRR378555,DRR378579,nanopore,NOT_RECOVERED_THIS_PASS,Morita2023,held_out_species,cjej-test,Unicycler(-u); SKESA(-s)  [documented in source README; graphs NOT copied],2,COMPLETE_ACCESSIONS,https://www.ncbi.nlm.nih.gov/biosample/SAMD00491676,NONE - no GFA or label file copied (licence not documented)
campylobacter_cjej-SAMD00491680,SAMD00491680,BioSample,Campylobacter jejuni,NOT_IN_PUBLIC_METADATA_RECOVERED_THIS_PASS,SAMD00491680,NOT_RECOVERED_THIS_PASS,DRR378559,DRR378580,nanopore,NOT_RECOVERED_THIS_PASS,Morita2023,held_out_species,cjej-test,Unicycler(-u); SKESA(-s)  [documented in source README; graphs NOT copied],2,COMPLETE_ACCESSIONS,https://www.ncbi.nlm.nih.gov/biosample/SAMD00491680,NONE - no GFA or label file copied (licence not documented)
campylobacter_cjej-SAMD00491690,SAMD00491690,BioSample,Campylobacter jejuni,NOT_IN_PUBLIC_METADATA_RECOVERED_THIS_PASS,SAMD00491690,NOT_RECOVERED_THIS_PASS,DRR378448,DRR378477,nanopore,NOT_RECOVERED_THIS_PASS,Morita2023,held_out_species,cjej-test,Unicycler(-u); SKESA(-s)  [documented in source README; graphs NOT copied],2,COMPLETE_ACCESSIONS,https://www.ncbi.nlm.nih.gov/biosample/SAMD00491690,NONE - no GFA or label file copied (licence not documented)
campylobacter_cjej-SAMD00491691,SAMD00491691,BioSample,Campylobacter jejuni,NOT_IN_PUBLIC_METADATA_RECOVERED_THIS_PASS,SAMD00491691,NOT_RECOVERED_THIS_PASS,DRR378449,DRR378478,nanopore,NOT_RECOVERED_THIS_PASS,Morita2023,held_out_species,cjej-test,Unicycler(-u); SKESA(-s)  [documented in source README; graphs NOT copied],2,COMPLETE_ACCESSIONS,https://www.ncbi.nlm.nih.gov/biosample/SAMD00491691,NONE - no GFA or label file copied (licence not documented)
campylobacter_cjej-SAMD00491699,SAMD00491699,BioSample,Campylobacter jejuni,NOT_IN_PUBLIC_METADATA_RECOVERED_THIS_PASS,SAMD00491699,NOT_RECOVERED_THIS_PASS,DRR378456,DRR378479,nanopore,NOT_RECOVERED_THIS_PASS,Morita2023,held_out_species,cjej-test,Unicycler(-u); SKESA(-s)  [documented in source README; graphs NOT copied],2,COMPLETE_ACCESSIONS,https://www.ncbi.nlm.nih.gov/biosample/SAMD00491699,NONE - no GFA or label file copied (licence not documented)
campylobacter_cjej-SAMD00491700,SAMD00491700,BioSample,Campylobacter jejuni,NOT_IN_PUBLIC_METADATA_RECOVERED_THIS_PASS,SAMD00491700,NOT_RECOVERED_THIS_PASS,DRR378457,DRR378480,nanopore,NOT_RECOVERED_THIS_PASS,Morita2023,held_out_species,cjej-test,Unicycler(-u); SKESA(-s)  [documented in source README; graphs NOT copied],2,COMPLETE_ACCESSIONS,https://www.ncbi.nlm.nih.gov/biosample/SAMD00491700,NONE - no GFA or label file copied (licence not documented)
campylobacter_cjej-SAMD00491702,SAMD00491702,BioSample,Campylobacter jejuni,NOT_IN_PUBLIC_METADATA_RECOVERED_THIS_PASS,SAMD00491702,NOT_RECOVERED_THIS_PASS,DRR378459,DRR378481,nanopore,NOT_RECOVERED_THIS_PASS,Morita2023,held_out_species,cjej-test,Unicycler(-u); SKESA(-s)  [documented in source README; graphs NOT copied],2,COMPLETE_ACCESSIONS,https://www.ncbi.nlm.nih.gov/biosample/SAMD00491702,NONE - no GFA or label file copied (licence not documented)
campylobacter_cjej-SAMD00491708,SAMD00491708,BioSample,Campylobacter jejuni,NOT_IN_PUBLIC_METADATA_RECOVERED_THIS_PASS,SAMD00491708,NOT_RECOVERED_THIS_PASS,DRR378464,DRR378482,nanopore,NOT_RECOVERED_THIS_PASS,Morita2023,held_out_species,cjej-test,Unicycler(-u); SKESA(-s)  [documented in source README; graphs NOT copied],2,COMPLETE_ACCESSIONS,https://www.ncbi.nlm.nih.gov/biosample/SAMD00491708,NONE - no GFA or label file copied (licence not documented)
campylobacter_cjej-SAMD00491710,SAMD00491710,BioSample,Campylobacter jejuni,NOT_IN_PUBLIC_METADATA_RECOVERED_THIS_PASS,SAMD00491710,NOT_RECOVERED_THIS_PASS,DRR378466,DRR378483,nanopore,NOT_RECOVERED_THIS_PASS,Morita2023,held_out_species,cjej-test,Unicycler(-u); SKESA(-s)  [documented in source README; graphs NOT copied],2,COMPLETE_ACCESSIONS,https://www.ncbi.nlm.nih.gov/biosample/SAMD00491710,NONE - no GFA or label file copied (licence not documented)
campylobacter_cjej-SAMD00491737,SAMD00491737,BioSample,Campylobacter jejuni,NOT_IN_PUBLIC_METADATA_RECOVERED_THIS_PASS,SAMD00491737,NOT_RECOVERED_THIS_PASS,DRR378493,DRR378516,nanopore,NOT_RECOVERED_THIS_PASS,Morita2023,held_out_species,cjej-test,Unicycler(-u); SKESA(-s)  [documented in source README; graphs NOT copied],2,COMPLETE_ACCESSIONS,https://www.ncbi.nlm.nih.gov/biosample/SAMD00491737,NONE - no GFA or label file copied (licence not documented)
campylobacter_cjej-SAMD00491739,SAMD00491739,BioSample,Campylobacter jejuni,NOT_IN_PUBLIC_METADATA_RECOVERED_THIS_PASS,SAMD00491739,NOT_RECOVERED_THIS_PASS,DRR378495,DRR378518,nanopore,NOT_RECOVERED_THIS_PASS,Morita2023,held_out_species,cjej-test,Unicycler(-u); SKESA(-s)  [documented in source README; graphs NOT copied],2,COMPLETE_ACCESSIONS,https://www.ncbi.nlm.nih.gov/biosample/SAMD00491739,NONE - no GFA or label file copied (licence not documented)
campylobacter_cjej-SAMD00491740,SAMD00491740,BioSample,Campylobacter jejuni,NOT_IN_PUBLIC_METADATA_RECOVERED_THIS_PASS,SAMD00491740,NOT_RECOVERED_THIS_PASS,DRR378496,DRR378519,nanopore,NOT_RECOVERED_THIS_PASS,Morita2023,held_out_species,cjej-test,Unicycler(-u); SKESA(-s)  [documented in source README; graphs NOT copied],2,COMPLETE_ACCESSIONS,https://www.ncbi.nlm.nih.gov/biosample/SAMD00491740,NONE - no GFA or label file copied (licence not documented)
campylobacter_cjej-SAMD00491742,SAMD00491742,BioSample,Campylobacter jejuni,NOT_IN_PUBLIC_METADATA_RECOVERED_THIS_PASS,SAMD00491742,NOT_RECOVERED_THIS_PASS,DRR378498,DRR378520,nanopore,NOT_RECOVERED_THIS_PASS,Morita2023,held_out_species,cjej-test,Unicycler(-u); SKESA(-s)  [documented in source README; graphs NOT copied],2,COMPLETE_ACCESSIONS,https://www.ncbi.nlm.nih.gov/biosample/SAMD00491742,NONE - no GFA or label file copied (licence not documented)
campylobacter_cjej-SAMD00491744,SAMD00491744,BioSample,Campylobacter jejuni,NOT_IN_PUBLIC_METADATA_RECOVERED_THIS_PASS,SAMD00491744,NOT_RECOVERED_THIS_PASS,DRR378500,DRR378521,nanopore,NOT_RECOVERED_THIS_PASS,Morita2023,held_out_species,cjej-test,Unicycler(-u); SKESA(-s)  [documented in source README; graphs NOT copied],2,COMPLETE_ACCESSIONS,https://www.ncbi.nlm.nih.gov/biosample/SAMD00491744,NONE - no GFA or label file copied (licence not documented)
campylobacter_cjej-SAMD00491751,SAMD00491751,BioSample,Campylobacter jejuni,NOT_IN_PUBLIC_METADATA_RECOVERED_THIS_PASS,SAMD00491751,NOT_RECOVERED_THIS_PASS,DRR378507,DRR378522,nanopore,NOT_RECOVERED_THIS_PASS,Morita2023,held_out_species,cjej-test,Unicycler(-u); SKESA(-s)  [documented in source README; graphs NOT copied],2,COMPLETE_ACCESSIONS,https://www.ncbi.nlm.nih.gov/biosample/SAMD00491751,NONE - no GFA or label file copied (licence not documented)
campylobacter_cjej-SAMD00491752,SAMD00491752,BioSample,Campylobacter jejuni,NOT_IN_PUBLIC_METADATA_RECOVERED_THIS_PASS,SAMD00491752,NOT_RECOVERED_THIS_PASS,DRR378508,DRR378523,nanopore,NOT_RECOVERED_THIS_PASS,Morita2023,held_out_species,cjej-test,Unicycler(-u); SKESA(-s)  [documented in source README; graphs NOT copied],2,COMPLETE_ACCESSIONS,https://www.ncbi.nlm.nih.gov/biosample/SAMD00491752,NONE - no GFA or label file copied (licence not documented)
campylobacter_cjej-SAMD00491754,SAMD00491754,BioSample,Campylobacter jejuni,NOT_IN_PUBLIC_METADATA_RECOVERED_THIS_PASS,SAMD00491754,NOT_RECOVERED_THIS_PASS,DRR378510,DRR378524,nanopore,NOT_RECOVERED_THIS_PASS,Morita2023,held_out_species,cjej-test,Unicycler(-u); SKESA(-s)  [documented in source README; graphs NOT copied],2,COMPLETE_ACCESSIONS,https://www.ncbi.nlm.nih.gov/biosample/SAMD00491754,NONE - no GFA or label file copied (licence not documented)
campylobacter_cjej-SAMD00491755,SAMD00491755,BioSample,Campylobacter jejuni,NOT_IN_PUBLIC_METADATA_RECOVERED_THIS_PASS,SAMD00491755,NOT_RECOVERED_THIS_PASS,DRR378511,DRR378525,nanopore,NOT_RECOVERED_THIS_PASS,Morita2023,held_out_species,cjej-test,Unicycler(-u); SKESA(-s)  [documented in source README; graphs NOT copied],2,COMPLETE_ACCESSIONS,https://www.ncbi.nlm.nih.gov/biosample/SAMD00491755,NONE - no GFA or label file copied (licence not documented)
campylobacter_cjej-SAMD00491757,SAMD00491757,BioSample,Campylobacter jejuni,NOT_IN_PUBLIC_METADATA_RECOVERED_THIS_PASS,SAMD00491757,NOT_RECOVERED_THIS_PASS,DRR378513,DRR378526,nanopore,NOT_RECOVERED_THIS_PASS,Morita2023,held_out_species,cjej-test,Unicycler(-u); SKESA(-s)  [documented in source README; graphs NOT copied],2,COMPLETE_ACCESSIONS,https://www.ncbi.nlm.nih.gov/biosample/SAMD00491757,NONE - no GFA or label file copied (licence not documented)
shaw-2021_efer-SAMN15147967,SAMN15147967,BioSample,Escherichia fergusonii,NOT_IN_PUBLIC_METADATA_RECOVERED_THIS_PASS,SAMN15147967,NOT_RECOVERED_THIS_PASS,SRR11949325,SRR12298562,PacBio,NOT_RECOVERED_THIS_PASS,Shaw2021,held_out_species,efer-test,Unicycler(-u); SKESA(-s)  [documented in source README; graphs NOT copied],2,COMPLETE_ACCESSIONS,https://www.ncbi.nlm.nih.gov/biosample/SAMN15147967,NONE - no GFA or label file copied (licence not documented)
shaw-2021_efer-SAMN15147968,SAMN15147968,BioSample,Escherichia fergusonii,NOT_IN_PUBLIC_METADATA_RECOVERED_THIS_PASS,SAMN15147968,NOT_RECOVERED_THIS_PASS,SRR11949282,SRR12298527,PacBio,NOT_RECOVERED_THIS_PASS,Shaw2021,held_out_species,efer-test,Unicycler(-u); SKESA(-s)  [documented in source README; graphs NOT copied],2,COMPLETE_ACCESSIONS,https://www.ncbi.nlm.nih.gov/biosample/SAMN15147968,NONE - no GFA or label file copied (licence not documented)
shaw-2021_efer-SAMN15147969,SAMN15147969,BioSample,Escherichia fergusonii,NOT_IN_PUBLIC_METADATA_RECOVERED_THIS_PASS,SAMN15147969,NOT_RECOVERED_THIS_PASS,SRR11948977,SRR12298516,PacBio,NOT_RECOVERED_THIS_PASS,Shaw2021,held_out_species,efer-test,Unicycler(-u); SKESA(-s)  [documented in source README; graphs NOT copied],2,COMPLETE_ACCESSIONS,https://www.ncbi.nlm.nih.gov/biosample/SAMN15147969,NONE - no GFA or label file copied (licence not documented)
shaw-2021_efer-SAMN15147971,SAMN15147971,BioSample,Escherichia fergusonii,NOT_IN_PUBLIC_METADATA_RECOVERED_THIS_PASS,SAMN15147971,NOT_RECOVERED_THIS_PASS,SRR11948639,SRR12298470,Nanopore,NOT_RECOVERED_THIS_PASS,Shaw2021,held_out_species,efer-test,Unicycler(-u); SKESA(-s)  [documented in source README; graphs NOT copied],2,COMPLETE_ACCESSIONS,https://www.ncbi.nlm.nih.gov/biosample/SAMN15147971,NONE - no GFA or label file copied (licence not documented)
shaw-2021_efer-SAMN15147978,SAMN15147978,BioSample,Escherichia fergusonii,NOT_IN_PUBLIC_METADATA_RECOVERED_THIS_PASS,SAMN15147978,NOT_RECOVERED_THIS_PASS,SRR11949053,SRR12298797,PacBio,NOT_RECOVERED_THIS_PASS,Shaw2021,held_out_species,efer-test,Unicycler(-u); SKESA(-s)  [documented in source README; graphs NOT copied],2,COMPLETE_ACCESSIONS,https://www.ncbi.nlm.nih.gov/biosample/SAMN15147978,NONE - no GFA or label file copied (licence not documented)
shaw-2021_efer-SAMN15147982,SAMN15147982,BioSample,Escherichia fergusonii,NOT_IN_PUBLIC_METADATA_RECOVERED_THIS_PASS,SAMN15147982,NOT_RECOVERED_THIS_PASS,SRR11949207,SRR12298654,PacBio,NOT_RECOVERED_THIS_PASS,Shaw2021,held_out_species,efer-test,Unicycler(-u); SKESA(-s)  [documented in source README; graphs NOT copied],2,COMPLETE_ACCESSIONS,https://www.ncbi.nlm.nih.gov/biosample/SAMN15147982,NONE - no GFA or label file copied (licence not documented)
shaw-2021_efer-SAMN15148032,SAMN15148032,BioSample,Escherichia fergusonii,NOT_IN_PUBLIC_METADATA_RECOVERED_THIS_PASS,SAMN15148032,NOT_RECOVERED_THIS_PASS,SRR11949436,SRR12298982,PacBio,NOT_RECOVERED_THIS_PASS,Shaw2021,held_out_species,efer-test,Unicycler(-u); SKESA(-s)  [documented in source README; graphs NOT copied],2,COMPLETE_ACCESSIONS,https://www.ncbi.nlm.nih.gov/biosample/SAMN15148032,NONE - no GFA or label file copied (licence not documented)
shaw-2021_efer-SAMN15148055,SAMN15148055,BioSample,Escherichia fergusonii,NOT_IN_PUBLIC_METADATA_RECOVERED_THIS_PASS,SAMN15148055,NOT_RECOVERED_THIS_PASS,SRR11948839,SRR12299087,PacBio,NOT_RECOVERED_THIS_PASS,Shaw2021,held_out_species,efer-test,Unicycler(-u); SKESA(-s)  [documented in source README; graphs NOT copied],2,COMPLETE_ACCESSIONS,https://www.ncbi.nlm.nih.gov/biosample/SAMN15148055,NONE - no GFA or label file copied (licence not documented)
shaw-2021_efer-SAMN15148066,SAMN15148066,BioSample,Escherichia fergusonii,NOT_IN_PUBLIC_METADATA_RECOVERED_THIS_PASS,SAMN15148066,NOT_RECOVERED_THIS_PASS,SRR11948993,SRR12299075,PacBio,NOT_RECOVERED_THIS_PASS,Shaw2021,held_out_species,efer-test,Unicycler(-u); SKESA(-s)  [documented in source README; graphs NOT copied],2,COMPLETE_ACCESSIONS,https://www.ncbi.nlm.nih.gov/biosample/SAMN15148066,NONE - no GFA or label file copied (licence not documented)
shaw-2021_efer-SAMN15148146,SAMN15148146,BioSample,Escherichia fergusonii,NOT_IN_PUBLIC_METADATA_RECOVERED_THIS_PASS,SAMN15148146,NOT_RECOVERED_THIS_PASS,SRR11949327,SRR12298564,Nanopore,NOT_RECOVERED_THIS_PASS,Shaw2021,held_out_species,efer-test,Unicycler(-u); SKESA(-s)  [documented in source README; graphs NOT copied],2,COMPLETE_ACCESSIONS,https://www.ncbi.nlm.nih.gov/biosample/SAMN15148146,NONE - no GFA or label file copied (licence not documented)
shaw-2021_efer-SAMN15148151,SAMN15148151,BioSample,Escherichia fergusonii,NOT_IN_PUBLIC_METADATA_RECOVERED_THIS_PASS,SAMN15148151,NOT_RECOVERED_THIS_PASS,SRR11949288,SRR12298557,Nanopore,NOT_RECOVERED_THIS_PASS,Shaw2021,held_out_species,efer-test,Unicycler(-u); SKESA(-s)  [documented in source README; graphs NOT copied],2,COMPLETE_ACCESSIONS,https://www.ncbi.nlm.nih.gov/biosample/SAMN15148151,NONE - no GFA or label file copied (licence not documented)
shaw-2021_efer-SAMN15148152,SAMN15148152,BioSample,Escherichia fergusonii,NOT_IN_PUBLIC_METADATA_RECOVERED_THIS_PASS,SAMN15148152,NOT_RECOVERED_THIS_PASS,SRR11949287,SRR12298556,Nanopore,NOT_RECOVERED_THIS_PASS,Shaw2021,held_out_species,efer-test,Unicycler(-u); SKESA(-s)  [documented in source README; graphs NOT copied],2,COMPLETE_ACCESSIONS,https://www.ncbi.nlm.nih.gov/biosample/SAMN15148152,NONE - no GFA or label file copied (licence not documented)
shaw-2021_efer-SAMN15148153,SAMN15148153,BioSample,Escherichia fergusonii,NOT_IN_PUBLIC_METADATA_RECOVERED_THIS_PASS,SAMN15148153,NOT_RECOVERED_THIS_PASS,SRR11949286,SRR12298555,Nanopore,NOT_RECOVERED_THIS_PASS,Shaw2021,held_out_species,efer-test,Unicycler(-u); SKESA(-s)  [documented in source README; graphs NOT copied],2,COMPLETE_ACCESSIONS,https://www.ncbi.nlm.nih.gov/biosample/SAMN15148153,NONE - no GFA or label file copied (licence not documented)
shaw-2021_efer-SAMN15148162,SAMN15148162,BioSample,Escherichia fergusonii,NOT_IN_PUBLIC_METADATA_RECOVERED_THIS_PASS,SAMN15148162,NOT_RECOVERED_THIS_PASS,SRR11948982,SRR12298521,Nanopore,NOT_RECOVERED_THIS_PASS,Shaw2021,held_out_species,efer-test,Unicycler(-u); SKESA(-s)  [documented in source README; graphs NOT copied],2,COMPLETE_ACCESSIONS,https://www.ncbi.nlm.nih.gov/biosample/SAMN15148162,NONE - no GFA or label file copied (licence not documented)
shaw-2021_efer-SAMN15148208,SAMN15148208,BioSample,Escherichia fergusonii,NOT_IN_PUBLIC_METADATA_RECOVERED_THIS_PASS,SAMN15148208,NOT_RECOVERED_THIS_PASS,SRR11949225,SRR12298899,Nanopore,NOT_RECOVERED_THIS_PASS,Shaw2021,held_out_species,efer-test,Unicycler(-u); SKESA(-s)  [documented in source README; graphs NOT copied],2,COMPLETE_ACCESSIONS,https://www.ncbi.nlm.nih.gov/biosample/SAMN15148208,NONE - no GFA or label file copied (licence not documented)
shaw-2021_efer-SAMN15148209,SAMN15148209,BioSample,Escherichia fergusonii,NOT_IN_PUBLIC_METADATA_RECOVERED_THIS_PASS,SAMN15148209,NOT_RECOVERED_THIS_PASS,SRR11949224,SRR12298898,Nanopore,NOT_RECOVERED_THIS_PASS,Shaw2021,held_out_species,efer-test,Unicycler(-u); SKESA(-s)  [documented in source README; graphs NOT copied],2,COMPLETE_ACCESSIONS,https://www.ncbi.nlm.nih.gov/biosample/SAMN15148209,NONE - no GFA or label file copied (licence not documented)
shaw-2021_efer-SAMN15148224,SAMN15148224,BioSample,Escherichia fergusonii,NOT_IN_PUBLIC_METADATA_RECOVERED_THIS_PASS,SAMN15148224,NOT_RECOVERED_THIS_PASS,SRR11948774,SRR12298858,Nanopore,NOT_RECOVERED_THIS_PASS,Shaw2021,held_out_species,efer-test,Unicycler(-u); SKESA(-s)  [documented in source README; graphs NOT copied],2,COMPLETE_ACCESSIONS,https://www.ncbi.nlm.nih.gov/biosample/SAMN15148224,NONE - no GFA or label file copied (licence not documented)
shaw-2021_efer-SAMN15148225,SAMN15148225,BioSample,Escherichia fergusonii,NOT_IN_PUBLIC_METADATA_RECOVERED_THIS_PASS,SAMN15148225,NOT_RECOVERED_THIS_PASS,SRR11948773,SRR12298857,Nanopore,NOT_RECOVERED_THIS_PASS,Shaw2021,held_out_species,efer-test,Unicycler(-u); SKESA(-s)  [documented in source README; graphs NOT copied],2,COMPLETE_ACCESSIONS,https://www.ncbi.nlm.nih.gov/biosample/SAMN15148225,NONE - no GFA or label file copied (licence not documented)
shaw-2021_efer-SAMN15148235,SAMN15148235,BioSample,Escherichia fergusonii,NOT_IN_PUBLIC_METADATA_RECOVERED_THIS_PASS,SAMN15148235,NOT_RECOVERED_THIS_PASS,SRR11949420,SRR12298846,Nanopore,NOT_RECOVERED_THIS_PASS,Shaw2021,held_out_species,efer-test,Unicycler(-u); SKESA(-s)  [documented in source README; graphs NOT copied],2,COMPLETE_ACCESSIONS,https://www.ncbi.nlm.nih.gov/biosample/SAMN15148235,NONE - no GFA or label file copied (licence not documented)
shaw-2021_efer-SAMN15148237,SAMN15148237,BioSample,Escherichia fergusonii,NOT_IN_PUBLIC_METADATA_RECOVERED_THIS_PASS,SAMN15148237,NOT_RECOVERED_THIS_PASS,SRR11949417,SRR12298843,Nanopore,NOT_RECOVERED_THIS_PASS,Shaw2021,held_out_species,efer-test,Unicycler(-u); SKESA(-s)  [documented in source README; graphs NOT copied],2,COMPLETE_ACCESSIONS,https://www.ncbi.nlm.nih.gov/biosample/SAMN15148237,NONE - no GFA or label file copied (licence not documented)
shaw-2021_efer-SAMN15148244,SAMN15148244,BioSample,Escherichia fergusonii,NOT_IN_PUBLIC_METADATA_RECOVERED_THIS_PASS,SAMN15148244,NOT_RECOVERED_THIS_PASS,SRR11949410,SRR12298812,Nanopore,NOT_RECOVERED_THIS_PASS,Shaw2021,held_out_species,efer-test,Unicycler(-u); SKESA(-s)  [documented in source README; graphs NOT copied],2,COMPLETE_ACCESSIONS,https://www.ncbi.nlm.nih.gov/biosample/SAMN15148244,NONE - no GFA or label file copied (licence not documented)
shaw-2021_efer-SAMN15148245,SAMN15148245,BioSample,Escherichia fergusonii,NOT_IN_PUBLIC_METADATA_RECOVERED_THIS_PASS,SAMN15148245,NOT_RECOVERED_THIS_PASS,SRR11949409,SRR12298811,Nanopore,NOT_RECOVERED_THIS_PASS,Shaw2021,held_out_species,efer-test,Unicycler(-u); SKESA(-s)  [documented in source README; graphs NOT copied],2,COMPLETE_ACCESSIONS,https://www.ncbi.nlm.nih.gov/biosample/SAMN15148245,NONE - no GFA or label file copied (licence not documented)
shaw-2021_efer-SAMN15148247,SAMN15148247,BioSample,Escherichia fergusonii,NOT_IN_PUBLIC_METADATA_RECOVERED_THIS_PASS,SAMN15148247,NOT_RECOVERED_THIS_PASS,SRR11949405,SRR12298807,Nanopore,NOT_RECOVERED_THIS_PASS,Shaw2021,held_out_species,efer-test,Unicycler(-u); SKESA(-s)  [documented in source README; graphs NOT copied],2,COMPLETE_ACCESSIONS,https://www.ncbi.nlm.nih.gov/biosample/SAMN15148247,NONE - no GFA or label file copied (licence not documented)
shaw-2021_efer-SAMN15148269,SAMN15148269,BioSample,Escherichia fergusonii,NOT_IN_PUBLIC_METADATA_RECOVERED_THIS_PASS,SAMN15148269,NOT_RECOVERED_THIS_PASS,SRR11949397,SRR12298756,Nanopore,NOT_RECOVERED_THIS_PASS,Shaw2021,held_out_species,efer-test,Unicycler(-u); SKESA(-s)  [documented in source README; graphs NOT copied],2,COMPLETE_ACCESSIONS,https://www.ncbi.nlm.nih.gov/biosample/SAMN15148269,NONE - no GFA or label file copied (licence not documented)
shaw-2021_efer-SAMN15148274,SAMN15148274,BioSample,Escherichia fergusonii,NOT_IN_PUBLIC_METADATA_RECOVERED_THIS_PASS,SAMN15148274,NOT_RECOVERED_THIS_PASS,SRR11949392,SRR12298751,Nanopore,NOT_RECOVERED_THIS_PASS,Shaw2021,held_out_species,efer-test,Unicycler(-u); SKESA(-s)  [documented in source README; graphs NOT copied],2,COMPLETE_ACCESSIONS,https://www.ncbi.nlm.nih.gov/biosample/SAMN15148274,NONE - no GFA or label file copied (licence not documented)
shaw-2021_efer-SAMN15148286,SAMN15148286,BioSample,Escherichia fergusonii,NOT_IN_PUBLIC_METADATA_RECOVERED_THIS_PASS,SAMN15148286,NOT_RECOVERED_THIS_PASS,SRR11949037,SRR12298666,Nanopore,NOT_RECOVERED_THIS_PASS,Shaw2021,held_out_species,efer-test,Unicycler(-u); SKESA(-s)  [documented in source README; graphs NOT copied],2,COMPLETE_ACCESSIONS,https://www.ncbi.nlm.nih.gov/biosample/SAMN15148286,NONE - no GFA or label file copied (licence not documented)
shaw-2021_efer-SAMN15148292,SAMN15148292,BioSample,Escherichia fergusonii,NOT_IN_PUBLIC_METADATA_RECOVERED_THIS_PASS,SAMN15148292,NOT_RECOVERED_THIS_PASS,SRR11949212,SRR12298659,Nanopore,NOT_RECOVERED_THIS_PASS,Shaw2021,held_out_species,efer-test,Unicycler(-u); SKESA(-s)  [documented in source README; graphs NOT copied],2,COMPLETE_ACCESSIONS,https://www.ncbi.nlm.nih.gov/biosample/SAMN15148292,NONE - no GFA or label file copied (licence not documented)
shaw-2021_efer-SAMN15148304,SAMN15148304,BioSample,Escherichia fergusonii,NOT_IN_PUBLIC_METADATA_RECOVERED_THIS_PASS,SAMN15148304,NOT_RECOVERED_THIS_PASS,SRR11949199,SRR12298646,Nanopore,NOT_RECOVERED_THIS_PASS,Shaw2021,held_out_species,efer-test,Unicycler(-u); SKESA(-s)  [documented in source README; graphs NOT copied],2,COMPLETE_ACCESSIONS,https://www.ncbi.nlm.nih.gov/biosample/SAMN15148304,NONE - no GFA or label file copied (licence not documented)
shaw-2021_efer-SAMN15148308,SAMN15148308,BioSample,Escherichia fergusonii,NOT_IN_PUBLIC_METADATA_RECOVERED_THIS_PASS,SAMN15148308,NOT_RECOVERED_THIS_PASS,SRR11948760,SRR12298641,Nanopore,NOT_RECOVERED_THIS_PASS,Shaw2021,held_out_species,efer-test,Unicycler(-u); SKESA(-s)  [documented in source README; graphs NOT copied],2,COMPLETE_ACCESSIONS,https://www.ncbi.nlm.nih.gov/biosample/SAMN15148308,NONE - no GFA or label file copied (licence not documented)
shaw-2021_efer-SAMN15148313,SAMN15148313,BioSample,Escherichia fergusonii,NOT_IN_PUBLIC_METADATA_RECOVERED_THIS_PASS,SAMN15148313,NOT_RECOVERED_THIS_PASS,SRR11948755,SRR12298636,Nanopore,NOT_RECOVERED_THIS_PASS,Shaw2021,held_out_species,efer-test,Unicycler(-u); SKESA(-s)  [documented in source README; graphs NOT copied],2,COMPLETE_ACCESSIONS,https://www.ncbi.nlm.nih.gov/biosample/SAMN15148313,NONE - no GFA or label file copied (licence not documented)
shaw-2021_efer-SAMN15148315,SAMN15148315,BioSample,Escherichia fergusonii,NOT_IN_PUBLIC_METADATA_RECOVERED_THIS_PASS,SAMN15148315,NOT_RECOVERED_THIS_PASS,SRR11948753,SRR12298634,Nanopore,NOT_RECOVERED_THIS_PASS,Shaw2021,held_out_species,efer-test,Unicycler(-u); SKESA(-s)  [documented in source README; graphs NOT copied],2,COMPLETE_ACCESSIONS,https://www.ncbi.nlm.nih.gov/biosample/SAMN15148315,NONE - no GFA or label file copied (licence not documented)
shaw-2021_efer-SAMN15148317,SAMN15148317,BioSample,Escherichia fergusonii,NOT_IN_PUBLIC_METADATA_RECOVERED_THIS_PASS,SAMN15148317,NOT_RECOVERED_THIS_PASS,SRR11948750,SRR12298631,Nanopore,NOT_RECOVERED_THIS_PASS,Shaw2021,held_out_species,efer-test,Unicycler(-u); SKESA(-s)  [documented in source README; graphs NOT copied],2,COMPLETE_ACCESSIONS,https://www.ncbi.nlm.nih.gov/biosample/SAMN15148317,NONE - no GFA or label file copied (licence not documented)
shaw-2021_efer-SAMN15148320,SAMN15148320,BioSample,Escherichia fergusonii,NOT_IN_PUBLIC_METADATA_RECOVERED_THIS_PASS,SAMN15148320,NOT_RECOVERED_THIS_PASS,SRR11948747,SRR12298628,Nanopore,NOT_RECOVERED_THIS_PASS,Shaw2021,held_out_species,efer-test,Unicycler(-u); SKESA(-s)  [documented in source README; graphs NOT copied],2,COMPLETE_ACCESSIONS,https://www.ncbi.nlm.nih.gov/biosample/SAMN15148320,NONE - no GFA or label file copied (licence not documented)
shaw-2021_efer-SAMN15148324,SAMN15148324,BioSample,Escherichia fergusonii,NOT_IN_PUBLIC_METADATA_RECOVERED_THIS_PASS,SAMN15148324,NOT_RECOVERED_THIS_PASS,SRR11949193,SRR12298624,Nanopore,NOT_RECOVERED_THIS_PASS,Shaw2021,held_out_species,efer-test,Unicycler(-u); SKESA(-s)  [documented in source README; graphs NOT copied],2,COMPLETE_ACCESSIONS,https://www.ncbi.nlm.nih.gov/biosample/SAMN15148324,NONE - no GFA or label file copied (licence not documented)
shaw-2021_efer-SAMN15148325,SAMN15148325,BioSample,Escherichia fergusonii,NOT_IN_PUBLIC_METADATA_RECOVERED_THIS_PASS,SAMN15148325,NOT_RECOVERED_THIS_PASS,SRR11949192,SRR12298623,Nanopore,NOT_RECOVERED_THIS_PASS,Shaw2021,held_out_species,efer-test,Unicycler(-u); SKESA(-s)  [documented in source README; graphs NOT copied],2,COMPLETE_ACCESSIONS,https://www.ncbi.nlm.nih.gov/biosample/SAMN15148325,NONE - no GFA or label file copied (licence not documented)
shaw-2021_efer-SAMN15148326,SAMN15148326,BioSample,Escherichia fergusonii,NOT_IN_PUBLIC_METADATA_RECOVERED_THIS_PASS,SAMN15148326,NOT_RECOVERED_THIS_PASS,SRR11949191,SRR12298622,Nanopore,NOT_RECOVERED_THIS_PASS,Shaw2021,held_out_species,efer-test,Unicycler(-u); SKESA(-s)  [documented in source README; graphs NOT copied],2,COMPLETE_ACCESSIONS,https://www.ncbi.nlm.nih.gov/biosample/SAMN15148326,NONE - no GFA or label file copied (licence not documented)
shaw-2021_efer-SAMN15148372,SAMN15148372,BioSample,Escherichia fergusonii,NOT_IN_PUBLIC_METADATA_RECOVERED_THIS_PASS,SAMN15148372,NOT_RECOVERED_THIS_PASS,SRR11949363,SRR12299047,Nanopore,NOT_RECOVERED_THIS_PASS,Shaw2021,held_out_species,efer-test,Unicycler(-u); SKESA(-s)  [documented in source README; graphs NOT copied],2,COMPLETE_ACCESSIONS,https://www.ncbi.nlm.nih.gov/biosample/SAMN15148372,NONE - no GFA or label file copied (licence not documented)
shaw-2021_efer-SAMN15148373,SAMN15148373,BioSample,Escherichia fergusonii,NOT_IN_PUBLIC_METADATA_RECOVERED_THIS_PASS,SAMN15148373,NOT_RECOVERED_THIS_PASS,SRR11949362,SRR12299046,Nanopore,NOT_RECOVERED_THIS_PASS,Shaw2021,held_out_species,efer-test,Unicycler(-u); SKESA(-s)  [documented in source README; graphs NOT copied],2,COMPLETE_ACCESSIONS,https://www.ncbi.nlm.nih.gov/biosample/SAMN15148373,NONE - no GFA or label file copied (licence not documented)
shaw-2021_efer-SAMN15148374,SAMN15148374,BioSample,Escherichia fergusonii,NOT_IN_PUBLIC_METADATA_RECOVERED_THIS_PASS,SAMN15148374,NOT_RECOVERED_THIS_PASS,SRR11949361,SRR12299045,Nanopore,NOT_RECOVERED_THIS_PASS,Shaw2021,held_out_species,efer-test,Unicycler(-u); SKESA(-s)  [documented in source README; graphs NOT copied],2,COMPLETE_ACCESSIONS,https://www.ncbi.nlm.nih.gov/biosample/SAMN15148374,NONE - no GFA or label file copied (licence not documented)
shaw-2021_efer-SAMN15148375,SAMN15148375,BioSample,Escherichia fergusonii,NOT_IN_PUBLIC_METADATA_RECOVERED_THIS_PASS,SAMN15148375,NOT_RECOVERED_THIS_PASS,SRR11949360,SRR12299044,Nanopore,NOT_RECOVERED_THIS_PASS,Shaw2021,held_out_species,efer-test,Unicycler(-u); SKESA(-s)  [documented in source README; graphs NOT copied],2,COMPLETE_ACCESSIONS,https://www.ncbi.nlm.nih.gov/biosample/SAMN15148375,NONE - no GFA or label file copied (licence not documented)
shaw-2021_efer-SAMN15148376,SAMN15148376,BioSample,Escherichia fergusonii,NOT_IN_PUBLIC_METADATA_RECOVERED_THIS_PASS,SAMN15148376,NOT_RECOVERED_THIS_PASS,SRR11949359,SRR12299043,Nanopore,NOT_RECOVERED_THIS_PASS,Shaw2021,held_out_species,efer-test,Unicycler(-u); SKESA(-s)  [documented in source README; graphs NOT copied],2,COMPLETE_ACCESSIONS,https://www.ncbi.nlm.nih.gov/biosample/SAMN15148376,NONE - no GFA or label file copied (licence not documented)
shaw-2021_efer-SAMN15148383,SAMN15148383,BioSample,Escherichia fergusonii,NOT_IN_PUBLIC_METADATA_RECOVERED_THIS_PASS,SAMN15148383,NOT_RECOVERED_THIS_PASS,SRR11948827,SRR12299035,Nanopore,NOT_RECOVERED_THIS_PASS,Shaw2021,held_out_species,efer-test,Unicycler(-u); SKESA(-s)  [documented in source README; graphs NOT copied],2,COMPLETE_ACCESSIONS,https://www.ncbi.nlm.nih.gov/biosample/SAMN15148383,NONE - no GFA or label file copied (licence not documented)
shaw-2021_efer-SAMN15148384,SAMN15148384,BioSample,Escherichia fergusonii,NOT_IN_PUBLIC_METADATA_RECOVERED_THIS_PASS,SAMN15148384,NOT_RECOVERED_THIS_PASS,SRR11948826,SRR12299034,Nanopore,NOT_RECOVERED_THIS_PASS,Shaw2021,held_out_species,efer-test,Unicycler(-u); SKESA(-s)  [documented in source README; graphs NOT copied],2,COMPLETE_ACCESSIONS,https://www.ncbi.nlm.nih.gov/biosample/SAMN15148384,NONE - no GFA or label file copied (licence not documented)
shaw-2021_efer-SAMN15148386,SAMN15148386,BioSample,Escherichia fergusonii,NOT_IN_PUBLIC_METADATA_RECOVERED_THIS_PASS,SAMN15148386,NOT_RECOVERED_THIS_PASS,SRR11948824,SRR12299032,Nanopore,NOT_RECOVERED_THIS_PASS,Shaw2021,held_out_species,efer-test,Unicycler(-u); SKESA(-s)  [documented in source README; graphs NOT copied],2,COMPLETE_ACCESSIONS,https://www.ncbi.nlm.nih.gov/biosample/SAMN15148386,NONE - no GFA or label file copied (licence not documented)
shaw-2021_efer-SAMN15148427,SAMN15148427,BioSample,Escherichia fergusonii,NOT_IN_PUBLIC_METADATA_RECOVERED_THIS_PASS,SAMN15148427,NOT_RECOVERED_THIS_PASS,SRR11949158,SRR12298539,Nanopore,NOT_RECOVERED_THIS_PASS,Shaw2021,held_out_species,efer-test,Unicycler(-u); SKESA(-s)  [documented in source README; graphs NOT copied],2,COMPLETE_ACCESSIONS,https://www.ncbi.nlm.nih.gov/biosample/SAMN15148427,NONE - no GFA or label file copied (licence not documented)
shaw-2021_efer-SAMN15148429,SAMN15148429,BioSample,Escherichia fergusonii,NOT_IN_PUBLIC_METADATA_RECOVERED_THIS_PASS,SAMN15148429,NOT_RECOVERED_THIS_PASS,SRR11949156,SRR12298537,Nanopore,NOT_RECOVERED_THIS_PASS,Shaw2021,held_out_species,efer-test,Unicycler(-u); SKESA(-s)  [documented in source README; graphs NOT copied],2,COMPLETE_ACCESSIONS,https://www.ncbi.nlm.nih.gov/biosample/SAMN15148429,NONE - no GFA or label file copied (licence not documented)
shaw-2021_efer-SAMN15148431,SAMN15148431,BioSample,Escherichia fergusonii,NOT_IN_PUBLIC_METADATA_RECOVERED_THIS_PASS,SAMN15148431,NOT_RECOVERED_THIS_PASS,SRR11949154,SRR12298535,Nanopore,NOT_RECOVERED_THIS_PASS,Shaw2021,held_out_species,efer-test,Unicycler(-u); SKESA(-s)  [documented in source README; graphs NOT copied],2,COMPLETE_ACCESSIONS,https://www.ncbi.nlm.nih.gov/biosample/SAMN15148431,NONE - no GFA or label file copied (licence not documented)
shaw-2021_efer-SAMN15148432,SAMN15148432,BioSample,Escherichia fergusonii,NOT_IN_PUBLIC_METADATA_RECOVERED_THIS_PASS,SAMN15148432,NOT_RECOVERED_THIS_PASS,SRR11949153,SRR12298534,Nanopore,NOT_RECOVERED_THIS_PASS,Shaw2021,held_out_species,efer-test,Unicycler(-u); SKESA(-s)  [documented in source README; graphs NOT copied],2,COMPLETE_ACCESSIONS,https://www.ncbi.nlm.nih.gov/biosample/SAMN15148432,NONE - no GFA or label file copied (licence not documented)
shaw-2021_efer-SAMN15148437,SAMN15148437,BioSample,Escherichia fergusonii,NOT_IN_PUBLIC_METADATA_RECOVERED_THIS_PASS,SAMN15148437,NOT_RECOVERED_THIS_PASS,SRR11949029,SRR12298504,Nanopore,NOT_RECOVERED_THIS_PASS,Shaw2021,held_out_species,efer-test,Unicycler(-u); SKESA(-s)  [documented in source README; graphs NOT copied],2,COMPLETE_ACCESSIONS,https://www.ncbi.nlm.nih.gov/biosample/SAMN15148437,NONE - no GFA or label file copied (licence not documented)
shaw-2021_efer-SAMN15148442,SAMN15148442,BioSample,Escherichia fergusonii,NOT_IN_PUBLIC_METADATA_RECOVERED_THIS_PASS,SAMN15148442,NOT_RECOVERED_THIS_PASS,SRR11949024,SRR12298499,Nanopore,NOT_RECOVERED_THIS_PASS,Shaw2021,held_out_species,efer-test,Unicycler(-u); SKESA(-s)  [documented in source README; graphs NOT copied],2,COMPLETE_ACCESSIONS,https://www.ncbi.nlm.nih.gov/biosample/SAMN15148442,NONE - no GFA or label file copied (licence not documented)
robertson-benchmark_abau-SAMN10163228,SAMN10163228,BioSample,Acinetobacter baumannii,NOT_IN_PUBLIC_METADATA_RECOVERED_THIS_PASS,SAMN10163228,NOT_RECOVERED_THIS_PASS,SRR8180477,SRR8180476,NA,NOT_RECOVERED_THIS_PASS,Robertson2018,test,eskapee-test,Unicycler(-u); SKESA(-s)  [documented in source README; graphs NOT copied],2,COMPLETE_ACCESSIONS,https://www.ncbi.nlm.nih.gov/biosample/SAMN10163228,NONE - no GFA or label file copied (licence not documented)
robertson-benchmark_abau-SAMN10163233,SAMN10163233,BioSample,Acinetobacter baumannii,NOT_IN_PUBLIC_METADATA_RECOVERED_THIS_PASS,SAMN10163233,NOT_RECOVERED_THIS_PASS,SRR8180786,SRR8180787,NA,NOT_RECOVERED_THIS_PASS,Robertson2018,test,eskapee-test,Unicycler(-u); SKESA(-s)  [documented in source README; graphs NOT copied],2,COMPLETE_ACCESSIONS,https://www.ncbi.nlm.nih.gov/biosample/SAMN10163233,NONE - no GFA or label file copied (licence not documented)
robertson-benchmark_abau-SAMN16357205,SAMN16357205,BioSample,Acinetobacter baumannii,NOT_IN_PUBLIC_METADATA_RECOVERED_THIS_PASS,SAMN16357205,NOT_RECOVERED_THIS_PASS,SRR12825852,SRR12825853,NA,NOT_RECOVERED_THIS_PASS,Robertson2018,test,eskapee-test,Unicycler(-u); SKESA(-s)  [documented in source README; graphs NOT copied],2,COMPLETE_ACCESSIONS,https://www.ncbi.nlm.nih.gov/biosample/SAMN16357205,NONE - no GFA or label file copied (licence not documented)
robertson-benchmark_abau-SAMN16357501,SAMN16357501,BioSample,Acinetobacter baumannii,NOT_IN_PUBLIC_METADATA_RECOVERED_THIS_PASS,SAMN16357501,NOT_RECOVERED_THIS_PASS,SRR13674445,SRR13674444,NA,NOT_RECOVERED_THIS_PASS,Robertson2018,test,eskapee-test,Unicycler(-u); SKESA(-s)  [documented in source README; graphs NOT copied],2,COMPLETE_ACCESSIONS,https://www.ncbi.nlm.nih.gov/biosample/SAMN16357501,NONE - no GFA or label file copied (licence not documented)
robertson-benchmark_abau-SAMN16357502,SAMN16357502,BioSample,Acinetobacter baumannii,NOT_IN_PUBLIC_METADATA_RECOVERED_THIS_PASS,SAMN16357502,NOT_RECOVERED_THIS_PASS,SRR13674446,SRR13674447,NA,NOT_RECOVERED_THIS_PASS,Robertson2018,test,eskapee-test,Unicycler(-u); SKESA(-s)  [documented in source README; graphs NOT copied],2,COMPLETE_ACCESSIONS,https://www.ncbi.nlm.nih.gov/biosample/SAMN16357502,NONE - no GFA or label file copied (licence not documented)
robertson-benchmark_easb-SAMN16357574,SAMN16357574,BioSample,Enterobacter asburiae,NOT_IN_PUBLIC_METADATA_RECOVERED_THIS_PASS,SAMN16357574,NOT_RECOVERED_THIS_PASS,SRR15075451,SRR15075452,NA,NOT_RECOVERED_THIS_PASS,Robertson2018,test,eskapee-test,Unicycler(-u); SKESA(-s)  [documented in source README; graphs NOT copied],2,COMPLETE_ACCESSIONS,https://www.ncbi.nlm.nih.gov/biosample/SAMN16357574,NONE - no GFA or label file copied (licence not documented)
robertson-benchmark_ebug-SAMN16357569,SAMN16357569,BioSample,Enterobacter bugandensis,NOT_IN_PUBLIC_METADATA_RECOVERED_THIS_PASS,SAMN16357569,NOT_RECOVERED_THIS_PASS,SRR15075415,SRR15075414,NA,NOT_RECOVERED_THIS_PASS,Robertson2018,test,eskapee-test,Unicycler(-u); SKESA(-s)  [documented in source README; graphs NOT copied],2,COMPLETE_ACCESSIONS,https://www.ncbi.nlm.nih.gov/biosample/SAMN16357569,NONE - no GFA or label file copied (licence not documented)
robertson-benchmark_ecan-SAMN16357570,SAMN16357570,BioSample,Enterobacter cancerogenus,NOT_IN_PUBLIC_METADATA_RECOVERED_THIS_PASS,SAMN16357570,NOT_RECOVERED_THIS_PASS,SRR15075446,SRR15075445,NA,NOT_RECOVERED_THIS_PASS,Robertson2018,test,eskapee-test,Unicycler(-u); SKESA(-s)  [documented in source README; graphs NOT copied],2,COMPLETE_ACCESSIONS,https://www.ncbi.nlm.nih.gov/biosample/SAMN16357570,NONE - no GFA or label file copied (licence not documented)
robertson-benchmark_eclo-SAMN02934530,SAMN02934530,BioSample,Enterobacter cloacae,NOT_IN_PUBLIC_METADATA_RECOVERED_THIS_PASS,SAMN02934530,NOT_RECOVERED_THIS_PASS,SRR1609082,SRR1609084,NA,NOT_RECOVERED_THIS_PASS,Robertson2018,test,eskapee-test,Unicycler(-u); SKESA(-s)  [documented in source README; graphs NOT copied],2,COMPLETE_ACCESSIONS,https://www.ncbi.nlm.nih.gov/biosample/SAMN02934530,NONE - no GFA or label file copied (licence not documented)
robertson-benchmark_eclo-SAMN16357573,SAMN16357573,BioSample,Enterobacter cloacae,NOT_IN_PUBLIC_METADATA_RECOVERED_THIS_PASS,SAMN16357573,NOT_RECOVERED_THIS_PASS,SRR15075450,SRR15075449,NA,NOT_RECOVERED_THIS_PASS,Robertson2018,test,eskapee-test,Unicycler(-u); SKESA(-s)  [documented in source README; graphs NOT copied],2,COMPLETE_ACCESSIONS,https://www.ncbi.nlm.nih.gov/biosample/SAMN16357573,NONE - no GFA or label file copied (licence not documented)
robertson-benchmark_ecol-SAMD00056131,SAMD00056131,BioSample,Escherichia coli,NOT_IN_PUBLIC_METADATA_RECOVERED_THIS_PASS,SAMD00056131,NOT_RECOVERED_THIS_PASS,DRR065947,DRR065950,NA,NOT_RECOVERED_THIS_PASS,Robertson2018,test,eskapee-test,Unicycler(-u); SKESA(-s)  [documented in source README; graphs NOT copied],2,COMPLETE_ACCESSIONS,https://www.ncbi.nlm.nih.gov/biosample/SAMD00056131,NONE - no GFA or label file copied (licence not documented)
robertson-benchmark_ecol-SAMN02991226,SAMN02991226,BioSample,Escherichia coli,NOT_IN_PUBLIC_METADATA_RECOVERED_THIS_PASS,SAMN02991226,NOT_RECOVERED_THIS_PASS,SRR2014925,SRR2829967,NA,NOT_RECOVERED_THIS_PASS,Robertson2018,test,eskapee-test,Unicycler(-u); SKESA(-s)  [documented in source README; graphs NOT copied],2,COMPLETE_ACCESSIONS,https://www.ncbi.nlm.nih.gov/biosample/SAMN02991226,NONE - no GFA or label file copied (licence not documented)
robertson-benchmark_ecol-SAMN04014847,SAMN04014847,BioSample,Escherichia coli,NOT_IN_PUBLIC_METADATA_RECOVERED_THIS_PASS,SAMN04014847,NOT_RECOVERED_THIS_PASS,SRR3112258,SRR6277507,NA,NOT_RECOVERED_THIS_PASS,Robertson2018,test,eskapee-test,Unicycler(-u); SKESA(-s)  [documented in source README; graphs NOT copied],2,COMPLETE_ACCESSIONS,https://www.ncbi.nlm.nih.gov/biosample/SAMN04014847,NONE - no GFA or label file copied (licence not documented)
robertson-benchmark_ecol-SAMN04014852,SAMN04014852,BioSample,Escherichia coli,NOT_IN_PUBLIC_METADATA_RECOVERED_THIS_PASS,SAMN04014852,NOT_RECOVERED_THIS_PASS,SRR3112262,SRR6277528,NA,NOT_RECOVERED_THIS_PASS,Robertson2018,test,eskapee-test,Unicycler(-u); SKESA(-s)  [documented in source README; graphs NOT copied],2,COMPLETE_ACCESSIONS,https://www.ncbi.nlm.nih.gov/biosample/SAMN04014852,NONE - no GFA or label file copied (licence not documented)
robertson-benchmark_ecol-SAMN04014855,SAMN04014855,BioSample,Escherichia coli,NOT_IN_PUBLIC_METADATA_RECOVERED_THIS_PASS,SAMN04014855,NOT_RECOVERED_THIS_PASS,SRR3112265,SRR6277533,NA,NOT_RECOVERED_THIS_PASS,Robertson2018,test,eskapee-test,Unicycler(-u); SKESA(-s)  [documented in source README; graphs NOT copied],2,COMPLETE_ACCESSIONS,https://www.ncbi.nlm.nih.gov/biosample/SAMN04014855,NONE - no GFA or label file copied (licence not documented)
robertson-benchmark_ecol-SAMN04014856,SAMN04014856,BioSample,Escherichia coli,NOT_IN_PUBLIC_METADATA_RECOVERED_THIS_PASS,SAMN04014856,NOT_RECOVERED_THIS_PASS,SRR3112266,SRR6277538,NA,NOT_RECOVERED_THIS_PASS,Robertson2018,test,eskapee-test,Unicycler(-u); SKESA(-s)  [documented in source README; graphs NOT copied],2,COMPLETE_ACCESSIONS,https://www.ncbi.nlm.nih.gov/biosample/SAMN04014856,NONE - no GFA or label file copied (licence not documented)
robertson-benchmark_ecol-SAMN04014858,SAMN04014858,BioSample,Escherichia coli,NOT_IN_PUBLIC_METADATA_RECOVERED_THIS_PASS,SAMN04014858,NOT_RECOVERED_THIS_PASS,SRR3112268,SRR6278364,NA,NOT_RECOVERED_THIS_PASS,Robertson2018,test,eskapee-test,Unicycler(-u); SKESA(-s)  [documented in source README; graphs NOT copied],2,COMPLETE_ACCESSIONS,https://www.ncbi.nlm.nih.gov/biosample/SAMN04014858,NONE - no GFA or label file copied (licence not documented)
robertson-benchmark_ecol-SAMN04014860,SAMN04014860,BioSample,Escherichia coli,NOT_IN_PUBLIC_METADATA_RECOVERED_THIS_PASS,SAMN04014860,NOT_RECOVERED_THIS_PASS,SRR3112270,SRR6278374,NA,NOT_RECOVERED_THIS_PASS,Robertson2018,test,eskapee-test,Unicycler(-u); SKESA(-s)  [documented in source README; graphs NOT copied],2,COMPLETE_ACCESSIONS,https://www.ncbi.nlm.nih.gov/biosample/SAMN04014860,NONE - no GFA or label file copied (licence not documented)
robertson-benchmark_efae-SAMN03339922,SAMN03339922,BioSample,Enterococcus faecium,NOT_IN_PUBLIC_METADATA_RECOVERED_THIS_PASS,SAMN03339922,NOT_RECOVERED_THIS_PASS,SRR2120261,SRR2120260,NA,NOT_RECOVERED_THIS_PASS,Robertson2018,test,eskapee-test,Unicycler(-u); SKESA(-s)  [documented in source README; graphs NOT copied],2,COMPLETE_ACCESSIONS,https://www.ncbi.nlm.nih.gov/biosample/SAMN03339922,NONE - no GFA or label file copied (licence not documented)
robertson-benchmark_efae-SAMN06173336,SAMN06173336,BioSample,Enterococcus faecium,NOT_IN_PUBLIC_METADATA_RECOVERED_THIS_PASS,SAMN06173336,NOT_RECOVERED_THIS_PASS,SRR5419825,SRR5419824,NA,NOT_RECOVERED_THIS_PASS,Robertson2018,test,eskapee-test,Unicycler(-u); SKESA(-s)  [documented in source README; graphs NOT copied],2,COMPLETE_ACCESSIONS,https://www.ncbi.nlm.nih.gov/biosample/SAMN06173336,NONE - no GFA or label file copied (licence not documented)
robertson-benchmark_ehor-SAMN02713646,SAMN02713646,BioSample,Enterobacter hormaechei,NOT_IN_PUBLIC_METADATA_RECOVERED_THIS_PASS,SAMN02713646,NOT_RECOVERED_THIS_PASS,SRR1576808,SRR1576812,NA,NOT_RECOVERED_THIS_PASS,Robertson2018,test,eskapee-test,Unicycler(-u); SKESA(-s)  [documented in source README; graphs NOT copied],2,COMPLETE_ACCESSIONS,https://www.ncbi.nlm.nih.gov/biosample/SAMN02713646,NONE - no GFA or label file copied (licence not documented)
robertson-benchmark_ehor-SAMN02713683,SAMN02713683,BioSample,Enterobacter hormaechei,NOT_IN_PUBLIC_METADATA_RECOVERED_THIS_PASS,SAMN02713683,NOT_RECOVERED_THIS_PASS,SRR1576778,SRR1576782,NA,NOT_RECOVERED_THIS_PASS,Robertson2018,test,eskapee-test,Unicycler(-u); SKESA(-s)  [documented in source README; graphs NOT copied],2,COMPLETE_ACCESSIONS,https://www.ncbi.nlm.nih.gov/biosample/SAMN02713683,NONE - no GFA or label file copied (licence not documented)
robertson-benchmark_ehor-SAMN03733769,SAMN03733769,BioSample,Enterobacter hormaechei,NOT_IN_PUBLIC_METADATA_RECOVERED_THIS_PASS,SAMN03733769,NOT_RECOVERED_THIS_PASS,SRR5713996,SRR5629774,NA,NOT_RECOVERED_THIS_PASS,Robertson2018,test,eskapee-test,Unicycler(-u); SKESA(-s)  [documented in source README; graphs NOT copied],2,COMPLETE_ACCESSIONS,https://www.ncbi.nlm.nih.gov/biosample/SAMN03733769,NONE - no GFA or label file copied (licence not documented)
robertson-benchmark_ehor-SAMN11056357,SAMN11056357,BioSample,Enterobacter hormaechei,NOT_IN_PUBLIC_METADATA_RECOVERED_THIS_PASS,SAMN11056357,NOT_RECOVERED_THIS_PASS,SRR8984857,SRR8984859,NA,NOT_RECOVERED_THIS_PASS,Robertson2018,test,eskapee-test,Unicycler(-u); SKESA(-s)  [documented in source README; graphs NOT copied],2,COMPLETE_ACCESSIONS,https://www.ncbi.nlm.nih.gov/biosample/SAMN11056357,NONE - no GFA or label file copied (licence not documented)
robertson-benchmark_ehor-SAMN16357247,SAMN16357247,BioSample,Enterobacter hormaechei,NOT_IN_PUBLIC_METADATA_RECOVERED_THIS_PASS,SAMN16357247,NOT_RECOVERED_THIS_PASS,SRR12931606,SRR12931605,NA,NOT_RECOVERED_THIS_PASS,Robertson2018,test,eskapee-test,Unicycler(-u); SKESA(-s)  [documented in source README; graphs NOT copied],2,COMPLETE_ACCESSIONS,https://www.ncbi.nlm.nih.gov/biosample/SAMN16357247,NONE - no GFA or label file copied (licence not documented)
robertson-benchmark_ehor-SAMN16357576,SAMN16357576,BioSample,Enterobacter hormaechei,NOT_IN_PUBLIC_METADATA_RECOVERED_THIS_PASS,SAMN16357576,NOT_RECOVERED_THIS_PASS,SRR15075461,SRR15075462,NA,NOT_RECOVERED_THIS_PASS,Robertson2018,test,eskapee-test,Unicycler(-u); SKESA(-s)  [documented in source README; graphs NOT copied],2,COMPLETE_ACCESSIONS,https://www.ncbi.nlm.nih.gov/biosample/SAMN16357576,NONE - no GFA or label file copied (licence not documented)
robertson-benchmark_ehor-SAMN16357577,SAMN16357577,BioSample,Enterobacter hormaechei,NOT_IN_PUBLIC_METADATA_RECOVERED_THIS_PASS,SAMN16357577,NOT_RECOVERED_THIS_PASS,SRR15075463,SRR15075464,NA,NOT_RECOVERED_THIS_PASS,Robertson2018,test,eskapee-test,Unicycler(-u); SKESA(-s)  [documented in source README; graphs NOT copied],2,COMPLETE_ACCESSIONS,https://www.ncbi.nlm.nih.gov/biosample/SAMN16357577,NONE - no GFA or label file copied (licence not documented)
robertson-benchmark_erog-SAMN10163217,SAMN10163217,BioSample,Enterobacter roggenkampii,NOT_IN_PUBLIC_METADATA_RECOVERED_THIS_PASS,SAMN10163217,NOT_RECOVERED_THIS_PASS,SRR8180306,SRR8180307,NA,NOT_RECOVERED_THIS_PASS,Robertson2018,test,eskapee-test,Unicycler(-u); SKESA(-s)  [documented in source README; graphs NOT copied],2,COMPLETE_ACCESSIONS,https://www.ncbi.nlm.nih.gov/biosample/SAMN10163217,NONE - no GFA or label file copied (licence not documented)
robertson-benchmark_erog-SAMN16357572,SAMN16357572,BioSample,Enterobacter roggenkampii,NOT_IN_PUBLIC_METADATA_RECOVERED_THIS_PASS,SAMN16357572,NOT_RECOVERED_THIS_PASS,SRR15075448,SRR15075447,NA,NOT_RECOVERED_THIS_PASS,Robertson2018,test,eskapee-test,Unicycler(-u); SKESA(-s)  [documented in source README; graphs NOT copied],2,COMPLETE_ACCESSIONS,https://www.ncbi.nlm.nih.gov/biosample/SAMN16357572,NONE - no GFA or label file copied (licence not documented)
robertson-benchmark_exxx-SAMN03996308,SAMN03996308,BioSample,Enterobacter xxx,NOT_IN_PUBLIC_METADATA_RECOVERED_THIS_PASS,SAMN03996308,NOT_RECOVERED_THIS_PASS,SRR2822449,SRR2822448,NA,NOT_RECOVERED_THIS_PASS,Robertson2018,test,eskapee-test,Unicycler(-u); SKESA(-s)  [documented in source README; graphs NOT copied],2,COMPLETE_ACCESSIONS,https://www.ncbi.nlm.nih.gov/biosample/SAMN03996308,NONE - no GFA or label file copied (licence not documented)
robertson-benchmark_kpne-SAMEA3357010,SAMEA3357010,BioSample,Klebsiella pneumoniae,NOT_IN_PUBLIC_METADATA_RECOVERED_THIS_PASS,SAMEA3357010,NOT_RECOVERED_THIS_PASS,ERR1023775,SRR5665597,NA,NOT_RECOVERED_THIS_PASS,Robertson2018,test,eskapee-test,Unicycler(-u); SKESA(-s)  [documented in source README; graphs NOT copied],2,COMPLETE_ACCESSIONS,https://www.ncbi.nlm.nih.gov/biosample/SAMEA3357010,NONE - no GFA or label file copied (licence not documented)
robertson-benchmark_kpne-SAMEA3357043,SAMEA3357043,BioSample,Klebsiella pneumoniae,NOT_IN_PUBLIC_METADATA_RECOVERED_THIS_PASS,SAMEA3357043,NOT_RECOVERED_THIS_PASS,ERR1023792,SRR5665596,NA,NOT_RECOVERED_THIS_PASS,Robertson2018,test,eskapee-test,Unicycler(-u); SKESA(-s)  [documented in source README; graphs NOT copied],2,COMPLETE_ACCESSIONS,https://www.ncbi.nlm.nih.gov/biosample/SAMEA3357043,NONE - no GFA or label file copied (licence not documented)
robertson-benchmark_kpne-SAMEA3357077,SAMEA3357077,BioSample,Klebsiella pneumoniae,NOT_IN_PUBLIC_METADATA_RECOVERED_THIS_PASS,SAMEA3357077,NOT_RECOVERED_THIS_PASS,ERR1023800,SRR6175467,NA,NOT_RECOVERED_THIS_PASS,Robertson2018,test,eskapee-test,Unicycler(-u); SKESA(-s)  [documented in source README; graphs NOT copied],2,COMPLETE_ACCESSIONS,https://www.ncbi.nlm.nih.gov/biosample/SAMEA3357077,NONE - no GFA or label file copied (licence not documented)
robertson-benchmark_kpne-SAMEA3357080,SAMEA3357080,BioSample,Klebsiella pneumoniae,NOT_IN_PUBLIC_METADATA_RECOVERED_THIS_PASS,SAMEA3357080,NOT_RECOVERED_THIS_PASS,ERR1023801,SRR6175468,NA,NOT_RECOVERED_THIS_PASS,Robertson2018,test,eskapee-test,Unicycler(-u); SKESA(-s)  [documented in source README; graphs NOT copied],2,COMPLETE_ACCESSIONS,https://www.ncbi.nlm.nih.gov/biosample/SAMEA3357080,NONE - no GFA or label file copied (licence not documented)
robertson-benchmark_kpne-SAMEA3357223,SAMEA3357223,BioSample,Klebsiella pneumoniae,NOT_IN_PUBLIC_METADATA_RECOVERED_THIS_PASS,SAMEA3357223,NOT_RECOVERED_THIS_PASS,ERR1008714,SRR6175473,NA,NOT_RECOVERED_THIS_PASS,Robertson2018,test,eskapee-test,Unicycler(-u); SKESA(-s)  [documented in source README; graphs NOT copied],2,COMPLETE_ACCESSIONS,https://www.ncbi.nlm.nih.gov/biosample/SAMEA3357223,NONE - no GFA or label file copied (licence not documented)
robertson-benchmark_kpne-SAMEA3357268,SAMEA3357268,BioSample,Klebsiella pneumoniae,NOT_IN_PUBLIC_METADATA_RECOVERED_THIS_PASS,SAMEA3357268,NOT_RECOVERED_THIS_PASS,ERR1008735,SRR6202032,NA,NOT_RECOVERED_THIS_PASS,Robertson2018,test,eskapee-test,Unicycler(-u); SKESA(-s)  [documented in source README; graphs NOT copied],2,COMPLETE_ACCESSIONS,https://www.ncbi.nlm.nih.gov/biosample/SAMEA3357268,NONE - no GFA or label file copied (licence not documented)
robertson-benchmark_kpne-SAMEA3357272,SAMEA3357272,BioSample,Klebsiella pneumoniae,NOT_IN_PUBLIC_METADATA_RECOVERED_THIS_PASS,SAMEA3357272,NOT_RECOVERED_THIS_PASS,ERR1008737,SRR6202031,NA,NOT_RECOVERED_THIS_PASS,Robertson2018,test,eskapee-test,Unicycler(-u); SKESA(-s)  [documented in source README; graphs NOT copied],2,COMPLETE_ACCESSIONS,https://www.ncbi.nlm.nih.gov/biosample/SAMEA3357272,NONE - no GFA or label file copied (licence not documented)
robertson-benchmark_kpne-SAMEA3357328,SAMEA3357328,BioSample,Klebsiella pneumoniae,NOT_IN_PUBLIC_METADATA_RECOVERED_THIS_PASS,SAMEA3357328,NOT_RECOVERED_THIS_PASS,ERR1023631,SRR6175472,NA,NOT_RECOVERED_THIS_PASS,Robertson2018,test,eskapee-test,Unicycler(-u); SKESA(-s)  [documented in source README; graphs NOT copied],2,COMPLETE_ACCESSIONS,https://www.ncbi.nlm.nih.gov/biosample/SAMEA3357328,NONE - no GFA or label file copied (licence not documented)
robertson-benchmark_kpne-SAMN01057614,SAMN01057614,BioSample,Klebsiella pneumoniae,NOT_IN_PUBLIC_METADATA_RECOVERED_THIS_PASS,SAMN01057614,NOT_RECOVERED_THIS_PASS,SRR1427234,SRR1427238,NA,NOT_RECOVERED_THIS_PASS,Robertson2018,test,eskapee-test,Unicycler(-u); SKESA(-s)  [documented in source README; graphs NOT copied],2,COMPLETE_ACCESSIONS,https://www.ncbi.nlm.nih.gov/biosample/SAMN01057614,NONE - no GFA or label file copied (licence not documented)
robertson-benchmark_kpne-SAMN02786856,SAMN02786856,BioSample,Klebsiella pneumoniae,NOT_IN_PUBLIC_METADATA_RECOVERED_THIS_PASS,SAMN02786856,NOT_RECOVERED_THIS_PASS,SRR1510963,SRR1510966,NA,NOT_RECOVERED_THIS_PASS,Robertson2018,test,eskapee-test,Unicycler(-u); SKESA(-s)  [documented in source README; graphs NOT copied],2,COMPLETE_ACCESSIONS,https://www.ncbi.nlm.nih.gov/biosample/SAMN02786856,NONE - no GFA or label file copied (licence not documented)
robertson-benchmark_kpne-SAMN03024573,SAMN03024573,BioSample,Klebsiella pneumoniae,NOT_IN_PUBLIC_METADATA_RECOVERED_THIS_PASS,SAMN03024573,NOT_RECOVERED_THIS_PASS,SRR5713998,SRR5629776,NA,NOT_RECOVERED_THIS_PASS,Robertson2018,test,eskapee-test,Unicycler(-u); SKESA(-s)  [documented in source README; graphs NOT copied],2,COMPLETE_ACCESSIONS,https://www.ncbi.nlm.nih.gov/biosample/SAMN03024573,NONE - no GFA or label file copied (licence not documented)
robertson-benchmark_kpne-SAMN03024583,SAMN03024583,BioSample,Klebsiella pneumoniae,NOT_IN_PUBLIC_METADATA_RECOVERED_THIS_PASS,SAMN03024583,NOT_RECOVERED_THIS_PASS,SRR5714002,SRR5629780,NA,NOT_RECOVERED_THIS_PASS,Robertson2018,test,eskapee-test,Unicycler(-u); SKESA(-s)  [documented in source README; graphs NOT copied],2,COMPLETE_ACCESSIONS,https://www.ncbi.nlm.nih.gov/biosample/SAMN03024583,NONE - no GFA or label file copied (licence not documented)
robertson-benchmark_kpne-SAMN03996301,SAMN03996301,BioSample,Klebsiella pneumoniae,NOT_IN_PUBLIC_METADATA_RECOVERED_THIS_PASS,SAMN03996301,NOT_RECOVERED_THIS_PASS,SRR2821776,SRR2821775,NA,NOT_RECOVERED_THIS_PASS,Robertson2018,test,eskapee-test,Unicycler(-u); SKESA(-s)  [documented in source README; graphs NOT copied],2,COMPLETE_ACCESSIONS,https://www.ncbi.nlm.nih.gov/biosample/SAMN03996301,NONE - no GFA or label file copied (licence not documented)
robertson-benchmark_kpne-SAMN07312483,SAMN07312483,BioSample,Klebsiella pneumoniae,NOT_IN_PUBLIC_METADATA_RECOVERED_THIS_PASS,SAMN07312483,NOT_RECOVERED_THIS_PASS,SRR5884793,SRR5884794,NA,NOT_RECOVERED_THIS_PASS,Robertson2018,test,eskapee-test,Unicycler(-u); SKESA(-s)  [documented in source README; graphs NOT copied],2,COMPLETE_ACCESSIONS,https://www.ncbi.nlm.nih.gov/biosample/SAMN07312483,NONE - no GFA or label file copied (licence not documented)
robertson-benchmark_kpne-SAMN07312488,SAMN07312488,BioSample,Klebsiella pneumoniae,NOT_IN_PUBLIC_METADATA_RECOVERED_THIS_PASS,SAMN07312488,NOT_RECOVERED_THIS_PASS,SRR5884857,SRR5884858,NA,NOT_RECOVERED_THIS_PASS,Robertson2018,test,eskapee-test,Unicycler(-u); SKESA(-s)  [documented in source README; graphs NOT copied],2,COMPLETE_ACCESSIONS,https://www.ncbi.nlm.nih.gov/biosample/SAMN07312488,NONE - no GFA or label file copied (licence not documented)
robertson-benchmark_kpne-SAMN07312490,SAMN07312490,BioSample,Klebsiella pneumoniae,NOT_IN_PUBLIC_METADATA_RECOVERED_THIS_PASS,SAMN07312490,NOT_RECOVERED_THIS_PASS,SRR5884863,SRR5884864,NA,NOT_RECOVERED_THIS_PASS,Robertson2018,test,eskapee-test,Unicycler(-u); SKESA(-s)  [documented in source README; graphs NOT copied],2,COMPLETE_ACCESSIONS,https://www.ncbi.nlm.nih.gov/biosample/SAMN07312490,NONE - no GFA or label file copied (licence not documented)
robertson-benchmark_kpne-SAMN10163190,SAMN10163190,BioSample,Klebsiella pneumoniae,NOT_IN_PUBLIC_METADATA_RECOVERED_THIS_PASS,SAMN10163190,NOT_RECOVERED_THIS_PASS,SRR8179066,SRR8179065,NA,NOT_RECOVERED_THIS_PASS,Robertson2018,test,eskapee-test,Unicycler(-u); SKESA(-s)  [documented in source README; graphs NOT copied],2,COMPLETE_ACCESSIONS,https://www.ncbi.nlm.nih.gov/biosample/SAMN10163190,NONE - no GFA or label file copied (licence not documented)
robertson-benchmark_kpne-SAMN11056344,SAMN11056344,BioSample,Klebsiella pneumoniae,NOT_IN_PUBLIC_METADATA_RECOVERED_THIS_PASS,SAMN11056344,NOT_RECOVERED_THIS_PASS,SRR8984904,SRR8984903,NA,NOT_RECOVERED_THIS_PASS,Robertson2018,test,eskapee-test,Unicycler(-u); SKESA(-s)  [documented in source README; graphs NOT copied],2,COMPLETE_ACCESSIONS,https://www.ncbi.nlm.nih.gov/biosample/SAMN11056344,NONE - no GFA or label file copied (licence not documented)
robertson-benchmark_kpne-SAMN11056345,SAMN11056345,BioSample,Klebsiella pneumoniae,NOT_IN_PUBLIC_METADATA_RECOVERED_THIS_PASS,SAMN11056345,NOT_RECOVERED_THIS_PASS,SRR8984905,SRR8984906,NA,NOT_RECOVERED_THIS_PASS,Robertson2018,test,eskapee-test,Unicycler(-u); SKESA(-s)  [documented in source README; graphs NOT copied],2,COMPLETE_ACCESSIONS,https://www.ncbi.nlm.nih.gov/biosample/SAMN11056345,NONE - no GFA or label file copied (licence not documented)
robertson-benchmark_kpne-SAMN11056346,SAMN11056346,BioSample,Klebsiella pneumoniae,NOT_IN_PUBLIC_METADATA_RECOVERED_THIS_PASS,SAMN11056346,NOT_RECOVERED_THIS_PASS,SRR8984908,SRR8984907,NA,NOT_RECOVERED_THIS_PASS,Robertson2018,test,eskapee-test,Unicycler(-u); SKESA(-s)  [documented in source README; graphs NOT copied],2,COMPLETE_ACCESSIONS,https://www.ncbi.nlm.nih.gov/biosample/SAMN11056346,NONE - no GFA or label file copied (licence not documented)
robertson-benchmark_kpne-SAMN11056490,SAMN11056490,BioSample,Klebsiella pneumoniae,NOT_IN_PUBLIC_METADATA_RECOVERED_THIS_PASS,SAMN11056490,NOT_RECOVERED_THIS_PASS,SRR9641577,SRR9641576,NA,NOT_RECOVERED_THIS_PASS,Robertson2018,test,eskapee-test,Unicycler(-u); SKESA(-s)  [documented in source README; graphs NOT copied],2,COMPLETE_ACCESSIONS,https://www.ncbi.nlm.nih.gov/biosample/SAMN11056490,NONE - no GFA or label file copied (licence not documented)
robertson-benchmark_kpne-SAMN16357245,SAMN16357245,BioSample,Klebsiella pneumoniae,NOT_IN_PUBLIC_METADATA_RECOVERED_THIS_PASS,SAMN16357245,NOT_RECOVERED_THIS_PASS,SRR12931584,SRR12931585,NA,NOT_RECOVERED_THIS_PASS,Robertson2018,test,eskapee-test,Unicycler(-u); SKESA(-s)  [documented in source README; graphs NOT copied],2,COMPLETE_ACCESSIONS,https://www.ncbi.nlm.nih.gov/biosample/SAMN16357245,NONE - no GFA or label file copied (licence not documented)
robertson-benchmark_kpne-SAMN16357448,SAMN16357448,BioSample,Klebsiella pneumoniae,NOT_IN_PUBLIC_METADATA_RECOVERED_THIS_PASS,SAMN16357448,NOT_RECOVERED_THIS_PASS,SRR13673973,SRR13673972,NA,NOT_RECOVERED_THIS_PASS,Robertson2018,test,eskapee-test,Unicycler(-u); SKESA(-s)  [documented in source README; graphs NOT copied],2,COMPLETE_ACCESSIONS,https://www.ncbi.nlm.nih.gov/biosample/SAMN16357448,NONE - no GFA or label file copied (licence not documented)
robertson-benchmark_kpne-SAMN16357449,SAMN16357449,BioSample,Klebsiella pneumoniae,NOT_IN_PUBLIC_METADATA_RECOVERED_THIS_PASS,SAMN16357449,NOT_RECOVERED_THIS_PASS,SRR13673975,SRR13673974,NA,NOT_RECOVERED_THIS_PASS,Robertson2018,test,eskapee-test,Unicycler(-u); SKESA(-s)  [documented in source README; graphs NOT copied],2,COMPLETE_ACCESSIONS,https://www.ncbi.nlm.nih.gov/biosample/SAMN16357449,NONE - no GFA or label file copied (licence not documented)
robertson-benchmark_kpne-SAMN16357450,SAMN16357450,BioSample,Klebsiella pneumoniae,NOT_IN_PUBLIC_METADATA_RECOVERED_THIS_PASS,SAMN16357450,NOT_RECOVERED_THIS_PASS,SRR13673976,SRR13673977,NA,NOT_RECOVERED_THIS_PASS,Robertson2018,test,eskapee-test,Unicycler(-u); SKESA(-s)  [documented in source README; graphs NOT copied],2,COMPLETE_ACCESSIONS,https://www.ncbi.nlm.nih.gov/biosample/SAMN16357450,NONE - no GFA or label file copied (licence not documented)
robertson-benchmark_kpne-SAMN16357451,SAMN16357451,BioSample,Klebsiella pneumoniae,NOT_IN_PUBLIC_METADATA_RECOVERED_THIS_PASS,SAMN16357451,NOT_RECOVERED_THIS_PASS,SRR13673978,SRR13673979,NA,NOT_RECOVERED_THIS_PASS,Robertson2018,test,eskapee-test,Unicycler(-u); SKESA(-s)  [documented in source README; graphs NOT copied],2,COMPLETE_ACCESSIONS,https://www.ncbi.nlm.nih.gov/biosample/SAMN16357451,NONE - no GFA or label file copied (licence not documented)
robertson-benchmark_kpne-SAMN16357452,SAMN16357452,BioSample,Klebsiella pneumoniae,NOT_IN_PUBLIC_METADATA_RECOVERED_THIS_PASS,SAMN16357452,NOT_RECOVERED_THIS_PASS,SRR13674001,SRR13674000,NA,NOT_RECOVERED_THIS_PASS,Robertson2018,test,eskapee-test,Unicycler(-u); SKESA(-s)  [documented in source README; graphs NOT copied],2,COMPLETE_ACCESSIONS,https://www.ncbi.nlm.nih.gov/biosample/SAMN16357452,NONE - no GFA or label file copied (licence not documented)
robertson-benchmark_kpne-SAMN16357453,SAMN16357453,BioSample,Klebsiella pneumoniae,NOT_IN_PUBLIC_METADATA_RECOVERED_THIS_PASS,SAMN16357453,NOT_RECOVERED_THIS_PASS,SRR13674003,SRR13674002,NA,NOT_RECOVERED_THIS_PASS,Robertson2018,test,eskapee-test,Unicycler(-u); SKESA(-s)  [documented in source README; graphs NOT copied],2,COMPLETE_ACCESSIONS,https://www.ncbi.nlm.nih.gov/biosample/SAMN16357453,NONE - no GFA or label file copied (licence not documented)
robertson-benchmark_kpne-SAMN16357454,SAMN16357454,BioSample,Klebsiella pneumoniae,NOT_IN_PUBLIC_METADATA_RECOVERED_THIS_PASS,SAMN16357454,NOT_RECOVERED_THIS_PASS,SRR13674006,SRR13674005,NA,NOT_RECOVERED_THIS_PASS,Robertson2018,test,eskapee-test,Unicycler(-u); SKESA(-s)  [documented in source README; graphs NOT copied],2,COMPLETE_ACCESSIONS,https://www.ncbi.nlm.nih.gov/biosample/SAMN16357454,NONE - no GFA or label file copied (licence not documented)
robertson-benchmark_kpne-SAMN16357455,SAMN16357455,BioSample,Klebsiella pneumoniae,NOT_IN_PUBLIC_METADATA_RECOVERED_THIS_PASS,SAMN16357455,NOT_RECOVERED_THIS_PASS,SRR13674008,SRR13674007,NA,NOT_RECOVERED_THIS_PASS,Robertson2018,test,eskapee-test,Unicycler(-u); SKESA(-s)  [documented in source README; graphs NOT copied],2,COMPLETE_ACCESSIONS,https://www.ncbi.nlm.nih.gov/biosample/SAMN16357455,NONE - no GFA or label file copied (licence not documented)
robertson-benchmark_kpne-SAMN16357456,SAMN16357456,BioSample,Klebsiella pneumoniae,NOT_IN_PUBLIC_METADATA_RECOVERED_THIS_PASS,SAMN16357456,NOT_RECOVERED_THIS_PASS,SRR13674019,SRR13674021,NA,NOT_RECOVERED_THIS_PASS,Robertson2018,test,eskapee-test,Unicycler(-u); SKESA(-s)  [documented in source README; graphs NOT copied],2,COMPLETE_ACCESSIONS,https://www.ncbi.nlm.nih.gov/biosample/SAMN16357456,NONE - no GFA or label file copied (licence not documented)
robertson-benchmark_kpne-SAMN16357457,SAMN16357457,BioSample,Klebsiella pneumoniae,NOT_IN_PUBLIC_METADATA_RECOVERED_THIS_PASS,SAMN16357457,NOT_RECOVERED_THIS_PASS,SRR13674212,SRR13674214,NA,NOT_RECOVERED_THIS_PASS,Robertson2018,test,eskapee-test,Unicycler(-u); SKESA(-s)  [documented in source README; graphs NOT copied],2,COMPLETE_ACCESSIONS,https://www.ncbi.nlm.nih.gov/biosample/SAMN16357457,NONE - no GFA or label file copied (licence not documented)
robertson-benchmark_kpne-SAMN16357458,SAMN16357458,BioSample,Klebsiella pneumoniae,NOT_IN_PUBLIC_METADATA_RECOVERED_THIS_PASS,SAMN16357458,NOT_RECOVERED_THIS_PASS,SRR13674215,SRR13674216,NA,NOT_RECOVERED_THIS_PASS,Robertson2018,test,eskapee-test,Unicycler(-u); SKESA(-s)  [documented in source README; graphs NOT copied],2,COMPLETE_ACCESSIONS,https://www.ncbi.nlm.nih.gov/biosample/SAMN16357458,NONE - no GFA or label file copied (licence not documented)
robertson-benchmark_kpne-SAMN16357459,SAMN16357459,BioSample,Klebsiella pneumoniae,NOT_IN_PUBLIC_METADATA_RECOVERED_THIS_PASS,SAMN16357459,NOT_RECOVERED_THIS_PASS,SRR13674229,SRR13674228,NA,NOT_RECOVERED_THIS_PASS,Robertson2018,test,eskapee-test,Unicycler(-u); SKESA(-s)  [documented in source README; graphs NOT copied],2,COMPLETE_ACCESSIONS,https://www.ncbi.nlm.nih.gov/biosample/SAMN16357459,NONE - no GFA or label file copied (licence not documented)
robertson-benchmark_kpne-SAMN16357460,SAMN16357460,BioSample,Klebsiella pneumoniae,NOT_IN_PUBLIC_METADATA_RECOVERED_THIS_PASS,SAMN16357460,NOT_RECOVERED_THIS_PASS,SRR13674231,SRR13674230,NA,NOT_RECOVERED_THIS_PASS,Robertson2018,test,eskapee-test,Unicycler(-u); SKESA(-s)  [documented in source README; graphs NOT copied],2,COMPLETE_ACCESSIONS,https://www.ncbi.nlm.nih.gov/biosample/SAMN16357460,NONE - no GFA or label file copied (licence not documented)
robertson-benchmark_kpne-SAMN16357461,SAMN16357461,BioSample,Klebsiella pneumoniae,NOT_IN_PUBLIC_METADATA_RECOVERED_THIS_PASS,SAMN16357461,NOT_RECOVERED_THIS_PASS,SRR13674233,SRR13674232,NA,NOT_RECOVERED_THIS_PASS,Robertson2018,test,eskapee-test,Unicycler(-u); SKESA(-s)  [documented in source README; graphs NOT copied],2,COMPLETE_ACCESSIONS,https://www.ncbi.nlm.nih.gov/biosample/SAMN16357461,NONE - no GFA or label file copied (licence not documented)
robertson-benchmark_kpne-SAMN16357462,SAMN16357462,BioSample,Klebsiella pneumoniae,NOT_IN_PUBLIC_METADATA_RECOVERED_THIS_PASS,SAMN16357462,NOT_RECOVERED_THIS_PASS,SRR13674235,SRR13674234,NA,NOT_RECOVERED_THIS_PASS,Robertson2018,test,eskapee-test,Unicycler(-u); SKESA(-s)  [documented in source README; graphs NOT copied],2,COMPLETE_ACCESSIONS,https://www.ncbi.nlm.nih.gov/biosample/SAMN16357462,NONE - no GFA or label file copied (licence not documented)
robertson-benchmark_kpne-SAMN16357463,SAMN16357463,BioSample,Klebsiella pneumoniae,NOT_IN_PUBLIC_METADATA_RECOVERED_THIS_PASS,SAMN16357463,NOT_RECOVERED_THIS_PASS,SRR13674237,SRR13674236,NA,NOT_RECOVERED_THIS_PASS,Robertson2018,test,eskapee-test,Unicycler(-u); SKESA(-s)  [documented in source README; graphs NOT copied],2,COMPLETE_ACCESSIONS,https://www.ncbi.nlm.nih.gov/biosample/SAMN16357463,NONE - no GFA or label file copied (licence not documented)
robertson-benchmark_kpne-SAMN16357464,SAMN16357464,BioSample,Klebsiella pneumoniae,NOT_IN_PUBLIC_METADATA_RECOVERED_THIS_PASS,SAMN16357464,NOT_RECOVERED_THIS_PASS,SRR13674429,SRR13674430,NA,NOT_RECOVERED_THIS_PASS,Robertson2018,test,eskapee-test,Unicycler(-u); SKESA(-s)  [documented in source README; graphs NOT copied],2,COMPLETE_ACCESSIONS,https://www.ncbi.nlm.nih.gov/biosample/SAMN16357464,NONE - no GFA or label file copied (licence not documented)
robertson-benchmark_kpne-SAMN16357465,SAMN16357465,BioSample,Klebsiella pneumoniae,NOT_IN_PUBLIC_METADATA_RECOVERED_THIS_PASS,SAMN16357465,NOT_RECOVERED_THIS_PASS,SRR13674404,SRR13674405,NA,NOT_RECOVERED_THIS_PASS,Robertson2018,test,eskapee-test,Unicycler(-u); SKESA(-s)  [documented in source README; graphs NOT copied],2,COMPLETE_ACCESSIONS,https://www.ncbi.nlm.nih.gov/biosample/SAMN16357465,NONE - no GFA or label file copied (licence not documented)
robertson-benchmark_kpne-SAMN16357466,SAMN16357466,BioSample,Klebsiella pneumoniae,NOT_IN_PUBLIC_METADATA_RECOVERED_THIS_PASS,SAMN16357466,NOT_RECOVERED_THIS_PASS,SRR13668104,SRR13668103,NA,NOT_RECOVERED_THIS_PASS,Robertson2018,test,eskapee-test,Unicycler(-u); SKESA(-s)  [documented in source README; graphs NOT copied],2,COMPLETE_ACCESSIONS,https://www.ncbi.nlm.nih.gov/biosample/SAMN16357466,NONE - no GFA or label file copied (licence not documented)
robertson-benchmark_kpne-SAMN16357467,SAMN16357467,BioSample,Klebsiella pneumoniae,NOT_IN_PUBLIC_METADATA_RECOVERED_THIS_PASS,SAMN16357467,NOT_RECOVERED_THIS_PASS,SRR13668388,SRR13668387,NA,NOT_RECOVERED_THIS_PASS,Robertson2018,test,eskapee-test,Unicycler(-u); SKESA(-s)  [documented in source README; graphs NOT copied],2,COMPLETE_ACCESSIONS,https://www.ncbi.nlm.nih.gov/biosample/SAMN16357467,NONE - no GFA or label file copied (licence not documented)
robertson-benchmark_kpne-SAMN16357468,SAMN16357468,BioSample,Klebsiella pneumoniae,NOT_IN_PUBLIC_METADATA_RECOVERED_THIS_PASS,SAMN16357468,NOT_RECOVERED_THIS_PASS,SRR13668390,SRR13668389,NA,NOT_RECOVERED_THIS_PASS,Robertson2018,test,eskapee-test,Unicycler(-u); SKESA(-s)  [documented in source README; graphs NOT copied],2,COMPLETE_ACCESSIONS,https://www.ncbi.nlm.nih.gov/biosample/SAMN16357468,NONE - no GFA or label file copied (licence not documented)
robertson-benchmark_kpne-SAMN16357470,SAMN16357470,BioSample,Klebsiella pneumoniae,NOT_IN_PUBLIC_METADATA_RECOVERED_THIS_PASS,SAMN16357470,NOT_RECOVERED_THIS_PASS,SRR13668412,SRR13668413,NA,NOT_RECOVERED_THIS_PASS,Robertson2018,test,eskapee-test,Unicycler(-u); SKESA(-s)  [documented in source README; graphs NOT copied],2,COMPLETE_ACCESSIONS,https://www.ncbi.nlm.nih.gov/biosample/SAMN16357470,NONE - no GFA or label file copied (licence not documented)
robertson-benchmark_kpne-SAMN16357471,SAMN16357471,BioSample,Klebsiella pneumoniae,NOT_IN_PUBLIC_METADATA_RECOVERED_THIS_PASS,SAMN16357471,NOT_RECOVERED_THIS_PASS,SRR13668426,SRR13668427,NA,NOT_RECOVERED_THIS_PASS,Robertson2018,test,eskapee-test,Unicycler(-u); SKESA(-s)  [documented in source README; graphs NOT copied],2,COMPLETE_ACCESSIONS,https://www.ncbi.nlm.nih.gov/biosample/SAMN16357471,NONE - no GFA or label file copied (licence not documented)
robertson-benchmark_kpne-SAMN16357472,SAMN16357472,BioSample,Klebsiella pneumoniae,NOT_IN_PUBLIC_METADATA_RECOVERED_THIS_PASS,SAMN16357472,NOT_RECOVERED_THIS_PASS,SRR13668438,SRR13668439,NA,NOT_RECOVERED_THIS_PASS,Robertson2018,test,eskapee-test,Unicycler(-u); SKESA(-s)  [documented in source README; graphs NOT copied],2,COMPLETE_ACCESSIONS,https://www.ncbi.nlm.nih.gov/biosample/SAMN16357472,NONE - no GFA or label file copied (licence not documented)
robertson-benchmark_paer-SAMN10163177,SAMN10163177,BioSample,Pseudomonas aeruginosa,NOT_IN_PUBLIC_METADATA_RECOVERED_THIS_PASS,SAMN10163177,NOT_RECOVERED_THIS_PASS,SRR8178086,SRR8178085,NA,NOT_RECOVERED_THIS_PASS,Robertson2018,test,eskapee-test,Unicycler(-u); SKESA(-s)  [documented in source README; graphs NOT copied],2,COMPLETE_ACCESSIONS,https://www.ncbi.nlm.nih.gov/biosample/SAMN10163177,NONE - no GFA or label file copied (licence not documented)
robertson-benchmark_paer-SAMN10163199,SAMN10163199,BioSample,Pseudomonas aeruginosa,NOT_IN_PUBLIC_METADATA_RECOVERED_THIS_PASS,SAMN10163199,NOT_RECOVERED_THIS_PASS,SRR8179283,SRR8179284,NA,NOT_RECOVERED_THIS_PASS,Robertson2018,test,eskapee-test,Unicycler(-u); SKESA(-s)  [documented in source README; graphs NOT copied],2,COMPLETE_ACCESSIONS,https://www.ncbi.nlm.nih.gov/biosample/SAMN10163199,NONE - no GFA or label file copied (licence not documented)
robertson-benchmark_paer-SAMN10346774,SAMN10346774,BioSample,Pseudomonas aeruginosa,NOT_IN_PUBLIC_METADATA_RECOVERED_THIS_PASS,SAMN10346774,NOT_RECOVERED_THIS_PASS,SRR9160467,SRR9160466,NA,NOT_RECOVERED_THIS_PASS,Robertson2018,test,eskapee-test,Unicycler(-u); SKESA(-s)  [documented in source README; graphs NOT copied],2,COMPLETE_ACCESSIONS,https://www.ncbi.nlm.nih.gov/biosample/SAMN10346774,NONE - no GFA or label file copied (licence not documented)
robertson-benchmark_paer-SAMN11056482,SAMN11056482,BioSample,Pseudomonas aeruginosa,NOT_IN_PUBLIC_METADATA_RECOVERED_THIS_PASS,SAMN11056482,NOT_RECOVERED_THIS_PASS,SRR9641503,SRR9641502,NA,NOT_RECOVERED_THIS_PASS,Robertson2018,test,eskapee-test,Unicycler(-u); SKESA(-s)  [documented in source README; graphs NOT copied],2,COMPLETE_ACCESSIONS,https://www.ncbi.nlm.nih.gov/biosample/SAMN11056482,NONE - no GFA or label file copied (licence not documented)
robertson-benchmark_paer-SAMN16357210,SAMN16357210,BioSample,Pseudomonas aeruginosa,NOT_IN_PUBLIC_METADATA_RECOVERED_THIS_PASS,SAMN16357210,NOT_RECOVERED_THIS_PASS,SRR12825839,SRR12825840,NA,NOT_RECOVERED_THIS_PASS,Robertson2018,test,eskapee-test,Unicycler(-u); SKESA(-s)  [documented in source README; graphs NOT copied],2,COMPLETE_ACCESSIONS,https://www.ncbi.nlm.nih.gov/biosample/SAMN16357210,NONE - no GFA or label file copied (licence not documented)
robertson-benchmark_saur-SAMN02700075,SAMN02700075,BioSample,Staphylococcus aureus,NOT_IN_PUBLIC_METADATA_RECOVERED_THIS_PASS,SAMN02700075,NOT_RECOVERED_THIS_PASS,SRR1206476,SRR1206478,NA,NOT_RECOVERED_THIS_PASS,Robertson2018,test,eskapee-test,Unicycler(-u); SKESA(-s)  [documented in source README; graphs NOT copied],2,COMPLETE_ACCESSIONS,https://www.ncbi.nlm.nih.gov/biosample/SAMN02700075,NONE - no GFA or label file copied (licence not documented)
robertson-benchmark_saur-SAMN03255442,SAMN03255442,BioSample,Staphylococcus aureus,NOT_IN_PUBLIC_METADATA_RECOVERED_THIS_PASS,SAMN03255442,NOT_RECOVERED_THIS_PASS,SRR1955495,SRR1955497,NA,NOT_RECOVERED_THIS_PASS,Robertson2018,test,eskapee-test,Unicycler(-u); SKESA(-s)  [documented in source README; graphs NOT copied],2,COMPLETE_ACCESSIONS,https://www.ncbi.nlm.nih.gov/biosample/SAMN03255442,NONE - no GFA or label file copied (licence not documented)
robertson-benchmark_saur-SAMN03255444,SAMN03255444,BioSample,Staphylococcus aureus,NOT_IN_PUBLIC_METADATA_RECOVERED_THIS_PASS,SAMN03255444,NOT_RECOVERED_THIS_PASS,SRR1955581,SRR1955583,NA,NOT_RECOVERED_THIS_PASS,Robertson2018,test,eskapee-test,Unicycler(-u); SKESA(-s)  [documented in source README; graphs NOT copied],2,COMPLETE_ACCESSIONS,https://www.ncbi.nlm.nih.gov/biosample/SAMN03255444,NONE - no GFA or label file copied (licence not documented)
robertson-benchmark_saur-SAMN03255445,SAMN03255445,BioSample,Staphylococcus aureus,NOT_IN_PUBLIC_METADATA_RECOVERED_THIS_PASS,SAMN03255445,NOT_RECOVERED_THIS_PASS,SRR1955587,SRR1955585,NA,NOT_RECOVERED_THIS_PASS,Robertson2018,test,eskapee-test,Unicycler(-u); SKESA(-s)  [documented in source README; graphs NOT copied],2,COMPLETE_ACCESSIONS,https://www.ncbi.nlm.nih.gov/biosample/SAMN03255445,NONE - no GFA or label file copied (licence not documented)
robertson-benchmark_saur-SAMN03255446,SAMN03255446,BioSample,Staphylococcus aureus,NOT_IN_PUBLIC_METADATA_RECOVERED_THIS_PASS,SAMN03255446,NOT_RECOVERED_THIS_PASS,SRR1955590,SRR1955589,NA,NOT_RECOVERED_THIS_PASS,Robertson2018,test,eskapee-test,Unicycler(-u); SKESA(-s)  [documented in source README; graphs NOT copied],2,COMPLETE_ACCESSIONS,https://www.ncbi.nlm.nih.gov/biosample/SAMN03255446,NONE - no GFA or label file copied (licence not documented)
robertson-benchmark_saur-SAMN03255448,SAMN03255448,BioSample,Staphylococcus aureus,NOT_IN_PUBLIC_METADATA_RECOVERED_THIS_PASS,SAMN03255448,NOT_RECOVERED_THIS_PASS,SRR1955595,SRR1955594,NA,NOT_RECOVERED_THIS_PASS,Robertson2018,test,eskapee-test,Unicycler(-u); SKESA(-s)  [documented in source README; graphs NOT copied],2,COMPLETE_ACCESSIONS,https://www.ncbi.nlm.nih.gov/biosample/SAMN03255448,NONE - no GFA or label file copied (licence not documented)
robertson-benchmark_saur-SAMN03255449,SAMN03255449,BioSample,Staphylococcus aureus,NOT_IN_PUBLIC_METADATA_RECOVERED_THIS_PASS,SAMN03255449,NOT_RECOVERED_THIS_PASS,SRR1955597,SRR1955596,NA,NOT_RECOVERED_THIS_PASS,Robertson2018,test,eskapee-test,Unicycler(-u); SKESA(-s)  [documented in source README; graphs NOT copied],2,COMPLETE_ACCESSIONS,https://www.ncbi.nlm.nih.gov/biosample/SAMN03255449,NONE - no GFA or label file copied (licence not documented)
robertson-benchmark_saur-SAMN03255451,SAMN03255451,BioSample,Staphylococcus aureus,NOT_IN_PUBLIC_METADATA_RECOVERED_THIS_PASS,SAMN03255451,NOT_RECOVERED_THIS_PASS,SRR1955607,SRR1955608,NA,NOT_RECOVERED_THIS_PASS,Robertson2018,test,eskapee-test,Unicycler(-u); SKESA(-s)  [documented in source README; graphs NOT copied],2,COMPLETE_ACCESSIONS,https://www.ncbi.nlm.nih.gov/biosample/SAMN03255451,NONE - no GFA or label file copied (licence not documented)
robertson-benchmark_saur-SAMN03255453,SAMN03255453,BioSample,Staphylococcus aureus,NOT_IN_PUBLIC_METADATA_RECOVERED_THIS_PASS,SAMN03255453,NOT_RECOVERED_THIS_PASS,SRR1955613,SRR1955614,NA,NOT_RECOVERED_THIS_PASS,Robertson2018,test,eskapee-test,Unicycler(-u); SKESA(-s)  [documented in source README; graphs NOT copied],2,COMPLETE_ACCESSIONS,https://www.ncbi.nlm.nih.gov/biosample/SAMN03255453,NONE - no GFA or label file copied (licence not documented)
robertson-benchmark_saur-SAMN03255454,SAMN03255454,BioSample,Staphylococcus aureus,NOT_IN_PUBLIC_METADATA_RECOVERED_THIS_PASS,SAMN03255454,NOT_RECOVERED_THIS_PASS,SRR1955616,SRR1955615,NA,NOT_RECOVERED_THIS_PASS,Robertson2018,test,eskapee-test,Unicycler(-u); SKESA(-s)  [documented in source README; graphs NOT copied],2,COMPLETE_ACCESSIONS,https://www.ncbi.nlm.nih.gov/biosample/SAMN03255454,NONE - no GFA or label file copied (licence not documented)
robertson-benchmark_saur-SAMN03255458,SAMN03255458,BioSample,Staphylococcus aureus,NOT_IN_PUBLIC_METADATA_RECOVERED_THIS_PASS,SAMN03255458,NOT_RECOVERED_THIS_PASS,SRR1955625,SRR1955624,NA,NOT_RECOVERED_THIS_PASS,Robertson2018,test,eskapee-test,Unicycler(-u); SKESA(-s)  [documented in source README; graphs NOT copied],2,COMPLETE_ACCESSIONS,https://www.ncbi.nlm.nih.gov/biosample/SAMN03255458,NONE - no GFA or label file copied (licence not documented)
robertson-benchmark_saur-SAMN03255460,SAMN03255460,BioSample,Staphylococcus aureus,NOT_IN_PUBLIC_METADATA_RECOVERED_THIS_PASS,SAMN03255460,NOT_RECOVERED_THIS_PASS,SRR1955630,SRR1955628,NA,NOT_RECOVERED_THIS_PASS,Robertson2018,test,eskapee-test,Unicycler(-u); SKESA(-s)  [documented in source README; graphs NOT copied],2,COMPLETE_ACCESSIONS,https://www.ncbi.nlm.nih.gov/biosample/SAMN03255460,NONE - no GFA or label file copied (licence not documented)
robertson-benchmark_saur-SAMN03255463,SAMN03255463,BioSample,Staphylococcus aureus,NOT_IN_PUBLIC_METADATA_RECOVERED_THIS_PASS,SAMN03255463,NOT_RECOVERED_THIS_PASS,SRR1955816,SRR1955817,NA,NOT_RECOVERED_THIS_PASS,Robertson2018,test,eskapee-test,Unicycler(-u); SKESA(-s)  [documented in source README; graphs NOT copied],2,COMPLETE_ACCESSIONS,https://www.ncbi.nlm.nih.gov/biosample/SAMN03255463,NONE - no GFA or label file copied (licence not documented)
robertson-benchmark_saur-SAMN03255464,SAMN03255464,BioSample,Staphylococcus aureus,NOT_IN_PUBLIC_METADATA_RECOVERED_THIS_PASS,SAMN03255464,NOT_RECOVERED_THIS_PASS,SRR1955820,SRR1955818,NA,NOT_RECOVERED_THIS_PASS,Robertson2018,test,eskapee-test,Unicycler(-u); SKESA(-s)  [documented in source README; graphs NOT copied],2,COMPLETE_ACCESSIONS,https://www.ncbi.nlm.nih.gov/biosample/SAMN03255464,NONE - no GFA or label file copied (licence not documented)
robertson-benchmark_saur-SAMN03255466,SAMN03255466,BioSample,Staphylococcus aureus,NOT_IN_PUBLIC_METADATA_RECOVERED_THIS_PASS,SAMN03255466,NOT_RECOVERED_THIS_PASS,SRR1955823,SRR1955824,NA,NOT_RECOVERED_THIS_PASS,Robertson2018,test,eskapee-test,Unicycler(-u); SKESA(-s)  [documented in source README; graphs NOT copied],2,COMPLETE_ACCESSIONS,https://www.ncbi.nlm.nih.gov/biosample/SAMN03255466,NONE - no GFA or label file copied (licence not documented)
robertson-benchmark_saur-SAMN03255469,SAMN03255469,BioSample,Staphylococcus aureus,NOT_IN_PUBLIC_METADATA_RECOVERED_THIS_PASS,SAMN03255469,NOT_RECOVERED_THIS_PASS,SRR1955833,SRR1955831,NA,NOT_RECOVERED_THIS_PASS,Robertson2018,test,eskapee-test,Unicycler(-u); SKESA(-s)  [documented in source README; graphs NOT copied],2,COMPLETE_ACCESSIONS,https://www.ncbi.nlm.nih.gov/biosample/SAMN03255469,NONE - no GFA or label file copied (licence not documented)
robertson-benchmark_saur-SAMN03255474,SAMN03255474,BioSample,Staphylococcus aureus,NOT_IN_PUBLIC_METADATA_RECOVERED_THIS_PASS,SAMN03255474,NOT_RECOVERED_THIS_PASS,SRR1955856,SRR1955857,NA,NOT_RECOVERED_THIS_PASS,Robertson2018,test,eskapee-test,Unicycler(-u); SKESA(-s)  [documented in source README; graphs NOT copied],2,COMPLETE_ACCESSIONS,https://www.ncbi.nlm.nih.gov/biosample/SAMN03255474,NONE - no GFA or label file copied (licence not documented)
robertson-benchmark_saur-SAMN03255479,SAMN03255479,BioSample,Staphylococcus aureus,NOT_IN_PUBLIC_METADATA_RECOVERED_THIS_PASS,SAMN03255479,NOT_RECOVERED_THIS_PASS,SRR1955869,SRR1955868,NA,NOT_RECOVERED_THIS_PASS,Robertson2018,test,eskapee-test,Unicycler(-u); SKESA(-s)  [documented in source README; graphs NOT copied],2,COMPLETE_ACCESSIONS,https://www.ncbi.nlm.nih.gov/biosample/SAMN03255479,NONE - no GFA or label file copied (licence not documented)
robertson-benchmark_saur-SAMN03255481,SAMN03255481,BioSample,Staphylococcus aureus,NOT_IN_PUBLIC_METADATA_RECOVERED_THIS_PASS,SAMN03255481,NOT_RECOVERED_THIS_PASS,SRR1955873,SRR1955872,NA,NOT_RECOVERED_THIS_PASS,Robertson2018,test,eskapee-test,Unicycler(-u); SKESA(-s)  [documented in source README; graphs NOT copied],2,COMPLETE_ACCESSIONS,https://www.ncbi.nlm.nih.gov/biosample/SAMN03255481,NONE - no GFA or label file copied (licence not documented)
robertson-benchmark_saur-SAMN03255482,SAMN03255482,BioSample,Staphylococcus aureus,NOT_IN_PUBLIC_METADATA_RECOVERED_THIS_PASS,SAMN03255482,NOT_RECOVERED_THIS_PASS,SRR1955874,SRR1955875,NA,NOT_RECOVERED_THIS_PASS,Robertson2018,test,eskapee-test,Unicycler(-u); SKESA(-s)  [documented in source README; graphs NOT copied],2,COMPLETE_ACCESSIONS,https://www.ncbi.nlm.nih.gov/biosample/SAMN03255482,NONE - no GFA or label file copied (licence not documented)
robertson-benchmark_saur-SAMN03255486,SAMN03255486,BioSample,Staphylococcus aureus,NOT_IN_PUBLIC_METADATA_RECOVERED_THIS_PASS,SAMN03255486,NOT_RECOVERED_THIS_PASS,SRR1955924,SRR1955925,NA,NOT_RECOVERED_THIS_PASS,Robertson2018,test,eskapee-test,Unicycler(-u); SKESA(-s)  [documented in source README; graphs NOT copied],2,COMPLETE_ACCESSIONS,https://www.ncbi.nlm.nih.gov/biosample/SAMN03255486,NONE - no GFA or label file copied (licence not documented)
robertson-benchmark_saur-SAMN03255487,SAMN03255487,BioSample,Staphylococcus aureus,NOT_IN_PUBLIC_METADATA_RECOVERED_THIS_PASS,SAMN03255487,NOT_RECOVERED_THIS_PASS,SRR1955931,SRR1955930,NA,NOT_RECOVERED_THIS_PASS,Robertson2018,test,eskapee-test,Unicycler(-u); SKESA(-s)  [documented in source README; graphs NOT copied],2,COMPLETE_ACCESSIONS,https://www.ncbi.nlm.nih.gov/biosample/SAMN03255487,NONE - no GFA or label file copied (licence not documented)
robertson-benchmark_saur-SAMN03996304,SAMN03996304,BioSample,Staphylococcus aureus,NOT_IN_PUBLIC_METADATA_RECOVERED_THIS_PASS,SAMN03996304,NOT_RECOVERED_THIS_PASS,SRR2822404,SRR2822405,NA,NOT_RECOVERED_THIS_PASS,Robertson2018,test,eskapee-test,Unicycler(-u); SKESA(-s)  [documented in source README; graphs NOT copied],2,COMPLETE_ACCESSIONS,https://www.ncbi.nlm.nih.gov/biosample/SAMN03996304,NONE - no GFA or label file copied (licence not documented)
robertson-benchmark_saur-SAMN07312456,SAMN07312456,BioSample,Staphylococcus aureus,NOT_IN_PUBLIC_METADATA_RECOVERED_THIS_PASS,SAMN07312456,NOT_RECOVERED_THIS_PASS,SRR5878904,SRR5878905,NA,NOT_RECOVERED_THIS_PASS,Robertson2018,test,eskapee-test,Unicycler(-u); SKESA(-s)  [documented in source README; graphs NOT copied],2,COMPLETE_ACCESSIONS,https://www.ncbi.nlm.nih.gov/biosample/SAMN07312456,NONE - no GFA or label file copied (licence not documented)
robertson-benchmark_saur-SAMN10163180,SAMN10163180,BioSample,Staphylococcus aureus,NOT_IN_PUBLIC_METADATA_RECOVERED_THIS_PASS,SAMN10163180,NOT_RECOVERED_THIS_PASS,SRR8178101,SRR8178104,NA,NOT_RECOVERED_THIS_PASS,Robertson2018,test,eskapee-test,Unicycler(-u); SKESA(-s)  [documented in source README; graphs NOT copied],2,COMPLETE_ACCESSIONS,https://www.ncbi.nlm.nih.gov/biosample/SAMN10163180,NONE - no GFA or label file copied (licence not documented)
robertson-benchmark_saur-SAMN11056375,SAMN11056375,BioSample,Staphylococcus aureus,NOT_IN_PUBLIC_METADATA_RECOVERED_THIS_PASS,SAMN11056375,NOT_RECOVERED_THIS_PASS,SRR8984868,SRR8984867,NA,NOT_RECOVERED_THIS_PASS,Robertson2018,test,eskapee-test,Unicycler(-u); SKESA(-s)  [documented in source README; graphs NOT copied],2,COMPLETE_ACCESSIONS,https://www.ncbi.nlm.nih.gov/biosample/SAMN11056375,NONE - no GFA or label file copied (licence not documented)
robertson-benchmark_saur-SAMN11056481,SAMN11056481,BioSample,Staphylococcus aureus,NOT_IN_PUBLIC_METADATA_RECOVERED_THIS_PASS,SAMN11056481,NOT_RECOVERED_THIS_PASS,SRR9641507,SRR9641506,NA,NOT_RECOVERED_THIS_PASS,Robertson2018,test,eskapee-test,Unicycler(-u); SKESA(-s)  [documented in source README; graphs NOT copied],2,COMPLETE_ACCESSIONS,https://www.ncbi.nlm.nih.gov/biosample/SAMN11056481,NONE - no GFA or label file copied (licence not documented)
robertson-benchmark_saur-SAMN11056488,SAMN11056488,BioSample,Staphylococcus aureus,NOT_IN_PUBLIC_METADATA_RECOVERED_THIS_PASS,SAMN11056488,NOT_RECOVERED_THIS_PASS,SRR9641573,SRR9641572,NA,NOT_RECOVERED_THIS_PASS,Robertson2018,test,eskapee-test,Unicycler(-u); SKESA(-s)  [documented in source README; graphs NOT copied],2,COMPLETE_ACCESSIONS,https://www.ncbi.nlm.nih.gov/biosample/SAMN11056488,NONE - no GFA or label file copied (licence not documented)
robertson-benchmark_saur-SAMN16357255,SAMN16357255,BioSample,Staphylococcus aureus,NOT_IN_PUBLIC_METADATA_RECOVERED_THIS_PASS,SAMN16357255,NOT_RECOVERED_THIS_PASS,SRR12934882,SRR12934883,NA,NOT_RECOVERED_THIS_PASS,Robertson2018,test,eskapee-test,Unicycler(-u); SKESA(-s)  [documented in source README; graphs NOT copied],2,COMPLETE_ACCESSIONS,https://www.ncbi.nlm.nih.gov/biosample/SAMN16357255,NONE - no GFA or label file copied (licence not documented)
robertson-benchmark_saur-SAMN16357387,SAMN16357387,BioSample,Staphylococcus aureus,NOT_IN_PUBLIC_METADATA_RECOVERED_THIS_PASS,SAMN16357387,NOT_RECOVERED_THIS_PASS,SRR13182643,SRR13182642,NA,NOT_RECOVERED_THIS_PASS,Robertson2018,test,eskapee-test,Unicycler(-u); SKESA(-s)  [documented in source README; graphs NOT copied],2,COMPLETE_ACCESSIONS,https://www.ncbi.nlm.nih.gov/biosample/SAMN16357387,NONE - no GFA or label file copied (licence not documented)
robertson-benchmark_saur-SAMN16357388,SAMN16357388,BioSample,Staphylococcus aureus,NOT_IN_PUBLIC_METADATA_RECOVERED_THIS_PASS,SAMN16357388,NOT_RECOVERED_THIS_PASS,SRR13182647,SRR13182646,NA,NOT_RECOVERED_THIS_PASS,Robertson2018,test,eskapee-test,Unicycler(-u); SKESA(-s)  [documented in source README; graphs NOT copied],2,COMPLETE_ACCESSIONS,https://www.ncbi.nlm.nih.gov/biosample/SAMN16357388,NONE - no GFA or label file copied (licence not documented)
boostrom_abau-SAMEA12292436,SAMEA12292436,BioSample,Acinetobacter baumannii,NOT_IN_PUBLIC_METADATA_RECOVERED_THIS_PASS,SAMEA12292436,NOT_RECOVERED_THIS_PASS,NOT_PROVIDED_author_supplied,ERR8007744,nanopore,NOT_RECOVERED_THIS_PASS,Boostrom2022,train_or_validation,eskapee-train,Unicycler(-u); SKESA(-s)  [documented in source README; graphs NOT copied],2,PARTIAL,https://www.ncbi.nlm.nih.gov/biosample/SAMEA12292436,NONE - no GFA or label file copied (licence not documented)
boostrom_abau-SAMEA12292492,SAMEA12292492,BioSample,Acinetobacter baumannii,NOT_IN_PUBLIC_METADATA_RECOVERED_THIS_PASS,SAMEA12292492,NOT_RECOVERED_THIS_PASS,NOT_PROVIDED_author_supplied,ERR8007748,nanopore,NOT_RECOVERED_THIS_PASS,Boostrom2022,train_or_validation,eskapee-train,Unicycler(-u); SKESA(-s)  [documented in source README; graphs NOT copied],2,PARTIAL,https://www.ncbi.nlm.nih.gov/biosample/SAMEA12292492,NONE - no GFA or label file copied (licence not documented)
boostrom_abau-SAMEA12292493,SAMEA12292493,BioSample,Acinetobacter baumannii,NOT_IN_PUBLIC_METADATA_RECOVERED_THIS_PASS,SAMEA12292493,NOT_RECOVERED_THIS_PASS,NOT_PROVIDED_author_supplied,ERR8007749,nanopore,NOT_RECOVERED_THIS_PASS,Boostrom2022,train_or_validation,eskapee-train,Unicycler(-u); SKESA(-s)  [documented in source README; graphs NOT copied],2,PARTIAL,https://www.ncbi.nlm.nih.gov/biosample/SAMEA12292493,NONE - no GFA or label file copied (licence not documented)
boostrom_abau-SAMEA12292496,SAMEA12292496,BioSample,Acinetobacter baumannii,NOT_IN_PUBLIC_METADATA_RECOVERED_THIS_PASS,SAMEA12292496,NOT_RECOVERED_THIS_PASS,NOT_PROVIDED_author_supplied,ERR8007750,nanopore,NOT_RECOVERED_THIS_PASS,Boostrom2022,train_or_validation,eskapee-train,Unicycler(-u); SKESA(-s)  [documented in source README; graphs NOT copied],2,PARTIAL,https://www.ncbi.nlm.nih.gov/biosample/SAMEA12292496,NONE - no GFA or label file copied (licence not documented)
boostrom_abau-SAMEA12292515,SAMEA12292515,BioSample,Acinetobacter baumannii,NOT_IN_PUBLIC_METADATA_RECOVERED_THIS_PASS,SAMEA12292515,NOT_RECOVERED_THIS_PASS,NOT_PROVIDED_author_supplied,ERR8007753,nanopore,NOT_RECOVERED_THIS_PASS,Boostrom2022,train_or_validation,eskapee-train,Unicycler(-u); SKESA(-s)  [documented in source README; graphs NOT copied],2,PARTIAL,https://www.ncbi.nlm.nih.gov/biosample/SAMEA12292515,NONE - no GFA or label file copied (licence not documented)
boostrom_abau-SAMEA12292546,SAMEA12292546,BioSample,Acinetobacter baumannii,NOT_IN_PUBLIC_METADATA_RECOVERED_THIS_PASS,SAMEA12292546,NOT_RECOVERED_THIS_PASS,NOT_PROVIDED_author_supplied,ERR8007754,nanopore,NOT_RECOVERED_THIS_PASS,Boostrom2022,train_or_validation,eskapee-train,Unicycler(-u); SKESA(-s)  [documented in source README; graphs NOT copied],2,PARTIAL,https://www.ncbi.nlm.nih.gov/biosample/SAMEA12292546,NONE - no GFA or label file copied (licence not documented)
boostrom_paer-SAMEA12292472,SAMEA12292472,BioSample,Pseudomonas aeruginosa,NOT_IN_PUBLIC_METADATA_RECOVERED_THIS_PASS,SAMEA12292472,NOT_RECOVERED_THIS_PASS,NOT_PROVIDED_author_supplied,ERR8007874,nanopore,NOT_RECOVERED_THIS_PASS,Boostrom2022,train_or_validation,eskapee-train,Unicycler(-u); SKESA(-s)  [documented in source README; graphs NOT copied],2,PARTIAL,https://www.ncbi.nlm.nih.gov/biosample/SAMEA12292472,NONE - no GFA or label file copied (licence not documented)
boostrom_paer-SAMEA12292473,SAMEA12292473,BioSample,Pseudomonas aeruginosa,NOT_IN_PUBLIC_METADATA_RECOVERED_THIS_PASS,SAMEA12292473,NOT_RECOVERED_THIS_PASS,NOT_PROVIDED_author_supplied,ERR8007875,nanopore,NOT_RECOVERED_THIS_PASS,Boostrom2022,train_or_validation,eskapee-train,Unicycler(-u); SKESA(-s)  [documented in source README; graphs NOT copied],2,PARTIAL,https://www.ncbi.nlm.nih.gov/biosample/SAMEA12292473,NONE - no GFA or label file copied (licence not documented)
boostrom_paer-SAMEA12292475,SAMEA12292475,BioSample,Pseudomonas aeruginosa,NOT_IN_PUBLIC_METADATA_RECOVERED_THIS_PASS,SAMEA12292475,NOT_RECOVERED_THIS_PASS,NOT_PROVIDED_author_supplied,ERR8007877,nanopore,NOT_RECOVERED_THIS_PASS,Boostrom2022,train_or_validation,eskapee-train,Unicycler(-u); SKESA(-s)  [documented in source README; graphs NOT copied],2,PARTIAL,https://www.ncbi.nlm.nih.gov/biosample/SAMEA12292475,NONE - no GFA or label file copied (licence not documented)
boostrom_paer-SAMEA12292477,SAMEA12292477,BioSample,Pseudomonas aeruginosa,NOT_IN_PUBLIC_METADATA_RECOVERED_THIS_PASS,SAMEA12292477,NOT_RECOVERED_THIS_PASS,NOT_PROVIDED_author_supplied,ERR8007879,nanopore,NOT_RECOVERED_THIS_PASS,Boostrom2022,train_or_validation,eskapee-train,Unicycler(-u); SKESA(-s)  [documented in source README; graphs NOT copied],2,PARTIAL,https://www.ncbi.nlm.nih.gov/biosample/SAMEA12292477,NONE - no GFA or label file copied (licence not documented)
boostrom_paer-SAMEA12292478,SAMEA12292478,BioSample,Pseudomonas aeruginosa,NOT_IN_PUBLIC_METADATA_RECOVERED_THIS_PASS,SAMEA12292478,NOT_RECOVERED_THIS_PASS,NOT_PROVIDED_author_supplied,ERR8007880,nanopore,NOT_RECOVERED_THIS_PASS,Boostrom2022,train_or_validation,eskapee-train,Unicycler(-u); SKESA(-s)  [documented in source README; graphs NOT copied],2,PARTIAL,https://www.ncbi.nlm.nih.gov/biosample/SAMEA12292478,NONE - no GFA or label file copied (licence not documented)
boostrom_paer-SAMEA12292479,SAMEA12292479,BioSample,Pseudomonas aeruginosa,NOT_IN_PUBLIC_METADATA_RECOVERED_THIS_PASS,SAMEA12292479,NOT_RECOVERED_THIS_PASS,NOT_PROVIDED_author_supplied,ERR8007881,nanopore,NOT_RECOVERED_THIS_PASS,Boostrom2022,train_or_validation,eskapee-train,Unicycler(-u); SKESA(-s)  [documented in source README; graphs NOT copied],2,PARTIAL,https://www.ncbi.nlm.nih.gov/biosample/SAMEA12292479,NONE - no GFA or label file copied (licence not documented)
boostrom_paer-SAMEA12292490,SAMEA12292490,BioSample,Pseudomonas aeruginosa,NOT_IN_PUBLIC_METADATA_RECOVERED_THIS_PASS,SAMEA12292490,NOT_RECOVERED_THIS_PASS,NOT_PROVIDED_author_supplied,ERR8007892,nanopore,NOT_RECOVERED_THIS_PASS,Boostrom2022,train_or_validation,eskapee-train,Unicycler(-u); SKESA(-s)  [documented in source README; graphs NOT copied],2,PARTIAL,https://www.ncbi.nlm.nih.gov/biosample/SAMEA12292490,NONE - no GFA or label file copied (licence not documented)
boostrom_saur-SAMEA12292583,SAMEA12292583,BioSample,Staphylococcus aureus,NOT_IN_PUBLIC_METADATA_RECOVERED_THIS_PASS,SAMEA12292583,NOT_RECOVERED_THIS_PASS,NOT_PROVIDED_author_supplied,ERR8007911,nanopore,NOT_RECOVERED_THIS_PASS,Boostrom2022,train_or_validation,eskapee-train,Unicycler(-u); SKESA(-s)  [documented in source README; graphs NOT copied],2,PARTIAL,https://www.ncbi.nlm.nih.gov/biosample/SAMEA12292583,NONE - no GFA or label file copied (licence not documented)
mlplasmids_efae-E0139,E0139,NON_ARCHIVAL_STUDY_ID,Enterococcus faecium,NOT_IN_PUBLIC_METADATA_RECOVERED_THIS_PASS,NOT_DOCUMENTED,NOT_RECOVERED_THIS_PASS,ERR2778306,NOT_PROVIDED_author_supplied,nanopore,NOT_RECOVERED_THIS_PASS,ArredondoAlonso2018,train_or_validation,eskapee-train,Unicycler(-u); SKESA(-s)  [documented in source README; graphs NOT copied],2,PARTIAL,NOT_APPLICABLE,NONE - no GFA or label file copied (licence not documented)
mlplasmids_efae-E4227,E4227,NON_ARCHIVAL_STUDY_ID,Enterococcus faecium,NOT_IN_PUBLIC_METADATA_RECOVERED_THIS_PASS,NOT_DOCUMENTED,NOT_RECOVERED_THIS_PASS,ERR2779600,NOT_PROVIDED_author_supplied,nanopore,NOT_RECOVERED_THIS_PASS,ArredondoAlonso2018,train_or_validation,eskapee-train,Unicycler(-u); SKESA(-s)  [documented in source README; graphs NOT copied],2,PARTIAL,NOT_APPLICABLE,NONE - no GFA or label file copied (licence not documented)
mlplasmids_efae-E4438,E4438,NON_ARCHIVAL_STUDY_ID,Enterococcus faecium,NOT_IN_PUBLIC_METADATA_RECOVERED_THIS_PASS,NOT_DOCUMENTED,NOT_RECOVERED_THIS_PASS,ERR2779515,NOT_PROVIDED_author_supplied,nanopore,NOT_RECOVERED_THIS_PASS,ArredondoAlonso2018,train_or_validation,eskapee-train,Unicycler(-u); SKESA(-s)  [documented in source README; graphs NOT copied],2,PARTIAL,NOT_APPLICABLE,NONE - no GFA or label file copied (licence not documented)
mlplasmids_efae-E6055,E6055,NON_ARCHIVAL_STUDY_ID,Enterococcus faecium,NOT_IN_PUBLIC_METADATA_RECOVERED_THIS_PASS,NOT_DOCUMENTED,NOT_RECOVERED_THIS_PASS,ERR2778723,NOT_PROVIDED_author_supplied,nanopore,NOT_RECOVERED_THIS_PASS,ArredondoAlonso2018,train_or_validation,eskapee-train,Unicycler(-u); SKESA(-s)  [documented in source README; graphs NOT copied],2,PARTIAL,NOT_APPLICABLE,NONE - no GFA or label file copied (licence not documented)
mlplasmids_efae-E7040,E7040,NON_ARCHIVAL_STUDY_ID,Enterococcus faecium,NOT_IN_PUBLIC_METADATA_RECOVERED_THIS_PASS,NOT_DOCUMENTED,NOT_RECOVERED_THIS_PASS,ERR2778374,NOT_PROVIDED_author_supplied,nanopore,NOT_RECOVERED_THIS_PASS,ArredondoAlonso2018,train_or_validation,eskapee-train,Unicycler(-u); SKESA(-s)  [documented in source README; graphs NOT copied],2,PARTIAL,NOT_APPLICABLE,NONE - no GFA or label file copied (licence not documented)
mlplasmids_efae-E7171,E7171,NON_ARCHIVAL_STUDY_ID,Enterococcus faecium,NOT_IN_PUBLIC_METADATA_RECOVERED_THIS_PASS,NOT_DOCUMENTED,NOT_RECOVERED_THIS_PASS,ERR2778934,NOT_PROVIDED_author_supplied,nanopore,NOT_RECOVERED_THIS_PASS,ArredondoAlonso2018,train_or_validation,eskapee-train,Unicycler(-u); SKESA(-s)  [documented in source README; graphs NOT copied],2,PARTIAL,NOT_APPLICABLE,NONE - no GFA or label file copied (licence not documented)
mlplasmids_efae-E7357,E7357,NON_ARCHIVAL_STUDY_ID,Enterococcus faecium,NOT_IN_PUBLIC_METADATA_RECOVERED_THIS_PASS,NOT_DOCUMENTED,NOT_RECOVERED_THIS_PASS,ERR2778685,NOT_PROVIDED_author_supplied,nanopore,NOT_RECOVERED_THIS_PASS,ArredondoAlonso2018,train_or_validation,eskapee-train,Unicycler(-u); SKESA(-s)  [documented in source README; graphs NOT copied],2,PARTIAL,NOT_APPLICABLE,NONE - no GFA or label file copied (licence not documented)
mlplasmids_efae-E7441,E7441,NON_ARCHIVAL_STUDY_ID,Enterococcus faecium,NOT_IN_PUBLIC_METADATA_RECOVERED_THIS_PASS,NOT_DOCUMENTED,NOT_RECOVERED_THIS_PASS,ERR2779296,NOT_PROVIDED_author_supplied,nanopore,NOT_RECOVERED_THIS_PASS,ArredondoAlonso2018,train_or_validation,eskapee-train,Unicycler(-u); SKESA(-s)  [documented in source README; graphs NOT copied],2,PARTIAL,NOT_APPLICABLE,NONE - no GFA or label file copied (licence not documented)
mlplasmids_efae-E8284,E8284,NON_ARCHIVAL_STUDY_ID,Enterococcus faecium,NOT_IN_PUBLIC_METADATA_RECOVERED_THIS_PASS,NOT_DOCUMENTED,NOT_RECOVERED_THIS_PASS,ERR2778299,NOT_PROVIDED_author_supplied,nanopore,NOT_RECOVERED_THIS_PASS,ArredondoAlonso2018,train_or_validation,eskapee-train,Unicycler(-u); SKESA(-s)  [documented in source README; graphs NOT copied],2,PARTIAL,NOT_APPLICABLE,NONE - no GFA or label file copied (licence not documented)
mlplasmids_efae-E8481,E8481,NON_ARCHIVAL_STUDY_ID,Enterococcus faecium,NOT_IN_PUBLIC_METADATA_RECOVERED_THIS_PASS,NOT_DOCUMENTED,NOT_RECOVERED_THIS_PASS,ERR2778265,NOT_PROVIDED_author_supplied,nanopore,NOT_RECOVERED_THIS_PASS,ArredondoAlonso2018,train_or_validation,eskapee-train,Unicycler(-u); SKESA(-s)  [documented in source README; graphs NOT copied],2,PARTIAL,NOT_APPLICABLE,NONE - no GFA or label file copied (licence not documented)
shaw-2021_eclo-SAMN15148478,SAMN15148478,BioSample,Enterobacter cloacae,NOT_IN_PUBLIC_METADATA_RECOVERED_THIS_PASS,SAMN15148478,NOT_RECOVERED_THIS_PASS,SRR11948779,SRR12298434,PacBio,NOT_RECOVERED_THIS_PASS,Shaw2021,train_or_validation,eskapee-train,Unicycler(-u); SKESA(-s)  [documented in source README; graphs NOT copied],2,COMPLETE_ACCESSIONS,https://www.ncbi.nlm.nih.gov/biosample/SAMN15148478,NONE - no GFA or label file copied (licence not documented)
shaw-2021_eclo-SAMN15148534,SAMN15148534,BioSample,Enterobacter cloacae,NOT_IN_PUBLIC_METADATA_RECOVERED_THIS_PASS,SAMN15148534,NOT_RECOVERED_THIS_PASS,SRR11949168,SRR12298373,PacBio,NOT_RECOVERED_THIS_PASS,Shaw2021,train_or_validation,eskapee-train,Unicycler(-u); SKESA(-s)  [documented in source README; graphs NOT copied],2,COMPLETE_ACCESSIONS,https://www.ncbi.nlm.nih.gov/biosample/SAMN15148534,NONE - no GFA or label file copied (licence not documented)
shaw-2021_eclo-SAMN15148541,SAMN15148541,BioSample,Enterobacter cloacae,NOT_IN_PUBLIC_METADATA_RECOVERED_THIS_PASS,SAMN15148541,NOT_RECOVERED_THIS_PASS,SRR11948892,SRR12298365,PacBio,NOT_RECOVERED_THIS_PASS,Shaw2021,train_or_validation,eskapee-train,Unicycler(-u); SKESA(-s)  [documented in source README; graphs NOT copied],2,COMPLETE_ACCESSIONS,https://www.ncbi.nlm.nih.gov/biosample/SAMN15148541,NONE - no GFA or label file copied (licence not documented)
shaw-2021_eclo-SAMN15148612,SAMN15148612,BioSample,Enterobacter cloacae,NOT_IN_PUBLIC_METADATA_RECOVERED_THIS_PASS,SAMN15148612,NOT_RECOVERED_THIS_PASS,SRR11949257,SRR12298787,Nanopore,NOT_RECOVERED_THIS_PASS,Shaw2021,train_or_validation,eskapee-train,Unicycler(-u); SKESA(-s)  [documented in source README; graphs NOT copied],2,COMPLETE_ACCESSIONS,https://www.ncbi.nlm.nih.gov/biosample/SAMN15148612,NONE - no GFA or label file copied (licence not documented)
shaw-2021_eclo-SAMN15148633,SAMN15148633,BioSample,Enterobacter cloacae,NOT_IN_PUBLIC_METADATA_RECOVERED_THIS_PASS,SAMN15148633,NOT_RECOVERED_THIS_PASS,SRR11948704,SRR12298737,Nanopore,NOT_RECOVERED_THIS_PASS,Shaw2021,train_or_validation,eskapee-train,Unicycler(-u); SKESA(-s)  [documented in source README; graphs NOT copied],2,COMPLETE_ACCESSIONS,https://www.ncbi.nlm.nih.gov/biosample/SAMN15148633,NONE - no GFA or label file copied (licence not documented)
shaw-2021_eclo-SAMN15148668,SAMN15148668,BioSample,Enterobacter cloacae,NOT_IN_PUBLIC_METADATA_RECOVERED_THIS_PASS,SAMN15148668,NOT_RECOVERED_THIS_PASS,SRR11948910,SRR12298697,Nanopore,NOT_RECOVERED_THIS_PASS,Shaw2021,train_or_validation,eskapee-train,Unicycler(-u); SKESA(-s)  [documented in source README; graphs NOT copied],2,COMPLETE_ACCESSIONS,https://www.ncbi.nlm.nih.gov/biosample/SAMN15148668,NONE - no GFA or label file copied (licence not documented)
shaw-2021_eclo-SAMN15148690,SAMN15148690,BioSample,Enterobacter cloacae,NOT_IN_PUBLIC_METADATA_RECOVERED_THIS_PASS,SAMN15148690,NOT_RECOVERED_THIS_PASS,SRR11949452,SRR12298673,Nanopore,NOT_RECOVERED_THIS_PASS,Shaw2021,train_or_validation,eskapee-train,Unicycler(-u); SKESA(-s)  [documented in source README; graphs NOT copied],2,COMPLETE_ACCESSIONS,https://www.ncbi.nlm.nih.gov/biosample/SAMN15148690,NONE - no GFA or label file copied (licence not documented)
shaw-2021_eclo-SAMN15148770,SAMN15148770,BioSample,Enterobacter cloacae,NOT_IN_PUBLIC_METADATA_RECOVERED_THIS_PASS,SAMN15148770,NOT_RECOVERED_THIS_PASS,SRR11949443,SRR12298989,Nanopore,NOT_RECOVERED_THIS_PASS,Shaw2021,train_or_validation,eskapee-train,Unicycler(-u); SKESA(-s)  [documented in source README; graphs NOT copied],2,COMPLETE_ACCESSIONS,https://www.ncbi.nlm.nih.gov/biosample/SAMN15148770,NONE - no GFA or label file copied (licence not documented)
shaw-2021_ecol-SAMN15147948,SAMN15147948,BioSample,Escherichia coli,NOT_IN_PUBLIC_METADATA_RECOVERED_THIS_PASS,SAMN15147948,NOT_RECOVERED_THIS_PASS,SRR11949063,SRR12298764,PacBio,NOT_RECOVERED_THIS_PASS,Shaw2021,train_or_validation,eskapee-train,Unicycler(-u); SKESA(-s)  [documented in source README; graphs NOT copied],2,COMPLETE_ACCESSIONS,https://www.ncbi.nlm.nih.gov/biosample/SAMN15147948,NONE - no GFA or label file copied (licence not documented)
shaw-2021_ecol-SAMN15148054,SAMN15148054,BioSample,Escherichia coli,NOT_IN_PUBLIC_METADATA_RECOVERED_THIS_PASS,SAMN15148054,NOT_RECOVERED_THIS_PASS,SRR11948840,SRR12299088,Nanopore,NOT_RECOVERED_THIS_PASS,Shaw2021,train_or_validation,eskapee-train,Unicycler(-u); SKESA(-s)  [documented in source README; graphs NOT copied],2,COMPLETE_ACCESSIONS,https://www.ncbi.nlm.nih.gov/biosample/SAMN15148054,NONE - no GFA or label file copied (licence not documented)
shaw-2021_ecol-SAMN15148145,SAMN15148145,BioSample,Escherichia coli,NOT_IN_PUBLIC_METADATA_RECOVERED_THIS_PASS,SAMN15148145,NOT_RECOVERED_THIS_PASS,SRR11949328,SRR12298565,Nanopore,NOT_RECOVERED_THIS_PASS,Shaw2021,train_or_validation,eskapee-train,Unicycler(-u); SKESA(-s)  [documented in source README; graphs NOT copied],2,COMPLETE_ACCESSIONS,https://www.ncbi.nlm.nih.gov/biosample/SAMN15148145,NONE - no GFA or label file copied (licence not documented)
shaw-2021_ecol-SAMN15148272,SAMN15148272,BioSample,Escherichia coli,NOT_IN_PUBLIC_METADATA_RECOVERED_THIS_PASS,SAMN15148272,NOT_RECOVERED_THIS_PASS,SRR11949394,SRR12298753,Nanopore,NOT_RECOVERED_THIS_PASS,Shaw2021,train_or_validation,eskapee-train,Unicycler(-u); SKESA(-s)  [documented in source README; graphs NOT copied],2,COMPLETE_ACCESSIONS,https://www.ncbi.nlm.nih.gov/biosample/SAMN15148272,NONE - no GFA or label file copied (licence not documented)
shaw-2021_ecol-SAMN15148318,SAMN15148318,BioSample,Escherichia coli,NOT_IN_PUBLIC_METADATA_RECOVERED_THIS_PASS,SAMN15148318,NOT_RECOVERED_THIS_PASS,SRR11948749,SRR12298630,Nanopore,NOT_RECOVERED_THIS_PASS,Shaw2021,train_or_validation,eskapee-train,Unicycler(-u); SKESA(-s)  [documented in source README; graphs NOT copied],2,COMPLETE_ACCESSIONS,https://www.ncbi.nlm.nih.gov/biosample/SAMN15148318,NONE - no GFA or label file copied (licence not documented)
shaw-2021_ecol-SAMN15148346,SAMN15148346,BioSample,Escherichia coli,NOT_IN_PUBLIC_METADATA_RECOVERED_THIS_PASS,SAMN15148346,NOT_RECOVERED_THIS_PASS,SRR11948933,SRR12299149,Nanopore,NOT_RECOVERED_THIS_PASS,Shaw2021,train_or_validation,eskapee-train,Unicycler(-u); SKESA(-s)  [documented in source README; graphs NOT copied],2,COMPLETE_ACCESSIONS,https://www.ncbi.nlm.nih.gov/biosample/SAMN15148346,NONE - no GFA or label file copied (licence not documented)
shaw-2021_ecol-SAMN15148412,SAMN15148412,BioSample,Escherichia coli,NOT_IN_PUBLIC_METADATA_RECOVERED_THIS_PASS,SAMN15148412,NOT_RECOVERED_THIS_PASS,SRR11948961,SRR12298604,Nanopore,NOT_RECOVERED_THIS_PASS,Shaw2021,train_or_validation,eskapee-train,Unicycler(-u); SKESA(-s)  [documented in source README; graphs NOT copied],2,COMPLETE_ACCESSIONS,https://www.ncbi.nlm.nih.gov/biosample/SAMN15148412,NONE - no GFA or label file copied (licence not documented)
shaw-2021_ecol-SAMN15148474,SAMN15148474,BioSample,Escherichia coli,NOT_IN_PUBLIC_METADATA_RECOVERED_THIS_PASS,SAMN15148474,NOT_RECOVERED_THIS_PASS,SRR11948784,SRR12298439,Nanopore,NOT_RECOVERED_THIS_PASS,Shaw2021,train_or_validation,eskapee-train,Unicycler(-u); SKESA(-s)  [documented in source README; graphs NOT copied],2,COMPLETE_ACCESSIONS,https://www.ncbi.nlm.nih.gov/biosample/SAMN15148474,NONE - no GFA or label file copied (licence not documented)
shaw-2021_ecol-SAMN15148538,SAMN15148538,BioSample,Escherichia coli,NOT_IN_PUBLIC_METADATA_RECOVERED_THIS_PASS,SAMN15148538,NOT_RECOVERED_THIS_PASS,SRR11948895,SRR12298368,Nanopore,NOT_RECOVERED_THIS_PASS,Shaw2021,train_or_validation,eskapee-train,Unicycler(-u); SKESA(-s)  [documented in source README; graphs NOT copied],2,COMPLETE_ACCESSIONS,https://www.ncbi.nlm.nih.gov/biosample/SAMN15148538,NONE - no GFA or label file copied (licence not documented)
shaw-2021_ecol-SAMN15148693,SAMN15148693,BioSample,Escherichia coli,NOT_IN_PUBLIC_METADATA_RECOVERED_THIS_PASS,SAMN15148693,NOT_RECOVERED_THIS_PASS,SRR11949449,SRR12298670,Nanopore,NOT_RECOVERED_THIS_PASS,Shaw2021,train_or_validation,eskapee-train,Unicycler(-u); SKESA(-s)  [documented in source README; graphs NOT copied],2,COMPLETE_ACCESSIONS,https://www.ncbi.nlm.nih.gov/biosample/SAMN15148693,NONE - no GFA or label file copied (licence not documented)
shaw-2021_exxx-SAMN15148503,SAMN15148503,BioSample,Enterobacter sp.,NOT_IN_PUBLIC_METADATA_RECOVERED_THIS_PASS,SAMN15148503,NOT_RECOVERED_THIS_PASS,SRR11948806,SRR12298407,PacBio,NOT_RECOVERED_THIS_PASS,Shaw2021,train_or_validation,eskapee-train,Unicycler(-u); SKESA(-s)  [documented in source README; graphs NOT copied],2,COMPLETE_ACCESSIONS,https://www.ncbi.nlm.nih.gov/biosample/SAMN15148503,NONE - no GFA or label file copied (licence not documented)
shaw-2021_exxx-SAMN15148756,SAMN15148756,BioSample,Enterobacter sp.,NOT_IN_PUBLIC_METADATA_RECOVERED_THIS_PASS,SAMN15148756,NOT_RECOVERED_THIS_PASS,SRR11949011,SRR12299053,Nanopore,NOT_RECOVERED_THIS_PASS,Shaw2021,train_or_validation,eskapee-train,Unicycler(-u); SKESA(-s)  [documented in source README; graphs NOT copied],2,COMPLETE_ACCESSIONS,https://www.ncbi.nlm.nih.gov/biosample/SAMN15148756,NONE - no GFA or label file copied (licence not documented)
shaw-2021_kpne-SAMN15148443,SAMN15148443,BioSample,Klebsiella pneumoniae,NOT_IN_PUBLIC_METADATA_RECOVERED_THIS_PASS,SAMN15148443,NOT_RECOVERED_THIS_PASS,SRR11949023,SRR12298498,PacBio,NOT_RECOVERED_THIS_PASS,Shaw2021,train_or_validation,eskapee-train,Unicycler(-u); SKESA(-s)  [documented in source README; graphs NOT copied],2,COMPLETE_ACCESSIONS,https://www.ncbi.nlm.nih.gov/biosample/SAMN15148443,NONE - no GFA or label file copied (licence not documented)
shaw-2021_kpne-SAMN15148530,SAMN15148530,BioSample,Klebsiella pneumoniae,NOT_IN_PUBLIC_METADATA_RECOVERED_THIS_PASS,SAMN15148530,NOT_RECOVERED_THIS_PASS,SRR11949172,SRR12298377,PacBio,NOT_RECOVERED_THIS_PASS,Shaw2021,train_or_validation,eskapee-train,Unicycler(-u); SKESA(-s)  [documented in source README; graphs NOT copied],2,COMPLETE_ACCESSIONS,https://www.ncbi.nlm.nih.gov/biosample/SAMN15148530,NONE - no GFA or label file copied (licence not documented)
shaw-2021_kpne-SAMN15148557,SAMN15148557,BioSample,Klebsiella pneumoniae,NOT_IN_PUBLIC_METADATA_RECOVERED_THIS_PASS,SAMN15148557,NOT_RECOVERED_THIS_PASS,SRR11949089,SRR12298919,PacBio,NOT_RECOVERED_THIS_PASS,Shaw2021,train_or_validation,eskapee-train,Unicycler(-u); SKESA(-s)  [documented in source README; graphs NOT copied],2,COMPLETE_ACCESSIONS,https://www.ncbi.nlm.nih.gov/biosample/SAMN15148557,NONE - no GFA or label file copied (licence not documented)
shaw-2021_kpne-SAMN15148709,SAMN15148709,BioSample,Klebsiella pneumoniae,NOT_IN_PUBLIC_METADATA_RECOVERED_THIS_PASS,SAMN15148709,NOT_RECOVERED_THIS_PASS,SRR11948865,SRR12299177,Nanopore,NOT_RECOVERED_THIS_PASS,Shaw2021,train_or_validation,eskapee-train,Unicycler(-u); SKESA(-s)  [documented in source README; graphs NOT copied],2,COMPLETE_ACCESSIONS,https://www.ncbi.nlm.nih.gov/biosample/SAMN15148709,NONE - no GFA or label file copied (licence not documented)
shaw-2021_kpne-SAMN15148715,SAMN15148715,BioSample,Klebsiella pneumoniae,NOT_IN_PUBLIC_METADATA_RECOVERED_THIS_PASS,SAMN15148715,NOT_RECOVERED_THIS_PASS,SRR11949271,SRR12299171,Nanopore,NOT_RECOVERED_THIS_PASS,Shaw2021,train_or_validation,eskapee-train,Unicycler(-u); SKESA(-s)  [documented in source README; graphs NOT copied],2,COMPLETE_ACCESSIONS,https://www.ncbi.nlm.nih.gov/biosample/SAMN15148715,NONE - no GFA or label file copied (licence not documented)
small2_abau-SAMN05238571,SAMN05238571,BioSample,Acinetobacter baumannii,NOT_IN_PUBLIC_METADATA_RECOVERED_THIS_PASS,SAMN05238571,NOT_RECOVERED_THIS_PASS,SRR3666896,SRR10173078,nanopore,NOT_RECOVERED_THIS_PASS,Chan2020,train_or_validation,eskapee-train,Unicycler(-u); SKESA(-s)  [documented in source README; graphs NOT copied],2,COMPLETE_ACCESSIONS,https://www.ncbi.nlm.nih.gov/biosample/SAMN05238571,NONE - no GFA or label file copied (licence not documented)
small2_abau-SAMN05238628,SAMN05238628,BioSample,Acinetobacter baumannii,NOT_IN_PUBLIC_METADATA_RECOVERED_THIS_PASS,SAMN05238628,NOT_RECOVERED_THIS_PASS,SRR3666894,SRR10173076,nanopore,NOT_RECOVERED_THIS_PASS,Chan2020,train_or_validation,eskapee-train,Unicycler(-u); SKESA(-s)  [documented in source README; graphs NOT copied],2,COMPLETE_ACCESSIONS,https://www.ncbi.nlm.nih.gov/biosample/SAMN05238628,NONE - no GFA or label file copied (licence not documented)
small2_abau-SAMN05238672,SAMN05238672,BioSample,Acinetobacter baumannii,NOT_IN_PUBLIC_METADATA_RECOVERED_THIS_PASS,SAMN05238672,NOT_RECOVERED_THIS_PASS,SRR3666207,SRR10173103,nanopore,NOT_RECOVERED_THIS_PASS,Chan2020,train_or_validation,eskapee-train,Unicycler(-u); SKESA(-s)  [documented in source README; graphs NOT copied],2,COMPLETE_ACCESSIONS,https://www.ncbi.nlm.nih.gov/biosample/SAMN05238672,NONE - no GFA or label file copied (licence not documented)
small2_abau-SAMN05238697,SAMN05238697,BioSample,Acinetobacter baumannii,NOT_IN_PUBLIC_METADATA_RECOVERED_THIS_PASS,SAMN05238697,NOT_RECOVERED_THIS_PASS,SRR3666904,SRR10173075,nanopore,NOT_RECOVERED_THIS_PASS,Chan2020,train_or_validation,eskapee-train,Unicycler(-u); SKESA(-s)  [documented in source README; graphs NOT copied],2,COMPLETE_ACCESSIONS,https://www.ncbi.nlm.nih.gov/biosample/SAMN05238697,NONE - no GFA or label file copied (licence not documented)
small2_saur-SAMD00180470,SAMD00180470,BioSample,Staphylococcus aureus,NOT_IN_PUBLIC_METADATA_RECOVERED_THIS_PASS,SAMD00180470,NOT_RECOVERED_THIS_PASS,DRR187559,DRR187567,nanopore,NOT_RECOVERED_THIS_PASS,Hikichi2019,train_or_validation,eskapee-train,Unicycler(-u); SKESA(-s)  [documented in source README; graphs NOT copied],2,COMPLETE_ACCESSIONS,https://www.ncbi.nlm.nih.gov/biosample/SAMD00180470,NONE - no GFA or label file copied (licence not documented)
small2_saur-SAMD00180471,SAMD00180471,BioSample,Staphylococcus aureus,NOT_IN_PUBLIC_METADATA_RECOVERED_THIS_PASS,SAMD00180471,NOT_RECOVERED_THIS_PASS,DRR187560,DRR187568,nanopore,NOT_RECOVERED_THIS_PASS,Hikichi2019,train_or_validation,eskapee-train,Unicycler(-u); SKESA(-s)  [documented in source README; graphs NOT copied],2,COMPLETE_ACCESSIONS,https://www.ncbi.nlm.nih.gov/biosample/SAMD00180471,NONE - no GFA or label file copied (licence not documented)
small2_saur-SAMD00180472,SAMD00180472,BioSample,Staphylococcus aureus,NOT_IN_PUBLIC_METADATA_RECOVERED_THIS_PASS,SAMD00180472,NOT_RECOVERED_THIS_PASS,DRR187561,DRR187569,nanopore,NOT_RECOVERED_THIS_PASS,Hikichi2019,train_or_validation,eskapee-train,Unicycler(-u); SKESA(-s)  [documented in source README; graphs NOT copied],2,COMPLETE_ACCESSIONS,https://www.ncbi.nlm.nih.gov/biosample/SAMD00180472,NONE - no GFA or label file copied (licence not documented)
small2_saur-SAMD00180473,SAMD00180473,BioSample,Staphylococcus aureus,NOT_IN_PUBLIC_METADATA_RECOVERED_THIS_PASS,SAMD00180473,NOT_RECOVERED_THIS_PASS,DRR187562,DRR187570,nanopore,NOT_RECOVERED_THIS_PASS,Hikichi2019,train_or_validation,eskapee-train,Unicycler(-u); SKESA(-s)  [documented in source README; graphs NOT copied],2,COMPLETE_ACCESSIONS,https://www.ncbi.nlm.nih.gov/biosample/SAMD00180473,NONE - no GFA or label file copied (licence not documented)
small2_saur-SAMD00180474,SAMD00180474,BioSample,Staphylococcus aureus,NOT_IN_PUBLIC_METADATA_RECOVERED_THIS_PASS,SAMD00180474,NOT_RECOVERED_THIS_PASS,DRR187563,DRR187571,nanopore,NOT_RECOVERED_THIS_PASS,Hikichi2019,train_or_validation,eskapee-train,Unicycler(-u); SKESA(-s)  [documented in source README; graphs NOT copied],2,COMPLETE_ACCESSIONS,https://www.ncbi.nlm.nih.gov/biosample/SAMD00180474,NONE - no GFA or label file copied (licence not documented)
small2_saur-SAMD00180475,SAMD00180475,BioSample,Staphylococcus aureus,NOT_IN_PUBLIC_METADATA_RECOVERED_THIS_PASS,SAMD00180475,NOT_RECOVERED_THIS_PASS,DRR187564,DRR187572,nanopore,NOT_RECOVERED_THIS_PASS,Hikichi2019,train_or_validation,eskapee-train,Unicycler(-u); SKESA(-s)  [documented in source README; graphs NOT copied],2,COMPLETE_ACCESSIONS,https://www.ncbi.nlm.nih.gov/biosample/SAMD00180475,NONE - no GFA or label file copied (licence not documented)
small2_saur-SAMD00180476,SAMD00180476,BioSample,Staphylococcus aureus,NOT_IN_PUBLIC_METADATA_RECOVERED_THIS_PASS,SAMD00180476,NOT_RECOVERED_THIS_PASS,DRR187565,DRR187573,nanopore,NOT_RECOVERED_THIS_PASS,Hikichi2019,train_or_validation,eskapee-train,Unicycler(-u); SKESA(-s)  [documented in source README; graphs NOT copied],2,COMPLETE_ACCESSIONS,https://www.ncbi.nlm.nih.gov/biosample/SAMD00180476,NONE - no GFA or label file copied (licence not documented)
small2_saur-SAMD00180477,SAMD00180477,BioSample,Staphylococcus aureus,NOT_IN_PUBLIC_METADATA_RECOVERED_THIS_PASS,SAMD00180477,NOT_RECOVERED_THIS_PASS,DRR187566,DRR187574,nanopore,NOT_RECOVERED_THIS_PASS,Hikichi2019,train_or_validation,eskapee-train,Unicycler(-u); SKESA(-s)  [documented in source README; graphs NOT copied],2,COMPLETE_ACCESSIONS,https://www.ncbi.nlm.nih.gov/biosample/SAMD00180477,NONE - no GFA or label file copied (licence not documented)
small2_saur-SAMD00258402,SAMD00258402,BioSample,Staphylococcus aureus,NOT_IN_PUBLIC_METADATA_RECOVERED_THIS_PASS,SAMD00258402,NOT_RECOVERED_THIS_PASS,DRR258631,DRR258632,nanopore,NOT_RECOVERED_THIS_PASS,Ono2021,train_or_validation,eskapee-train,Unicycler(-u); SKESA(-s)  [documented in source README; graphs NOT copied],2,COMPLETE_ACCESSIONS,https://www.ncbi.nlm.nih.gov/biosample/SAMD00258402,NONE - no GFA or label file copied (licence not documented)
small3_paer-SAMEA5578836,SAMEA5578836,BioSample,Pseudomonas aeruginosa,NOT_IN_PUBLIC_METADATA_RECOVERED_THIS_PASS,SAMEA5578836,NOT_RECOVERED_THIS_PASS,ERR3307233,ERR3307078,nanopore,NOT_RECOVERED_THIS_PASS,Silke2020,train_or_validation,eskapee-train,Unicycler(-u); SKESA(-s)  [documented in source README; graphs NOT copied],2,COMPLETE_ACCESSIONS,https://www.ncbi.nlm.nih.gov/biosample/SAMEA5578836,NONE - no GFA or label file copied (licence not documented)
small3_paer-SAMEA5578860,SAMEA5578860,BioSample,Pseudomonas aeruginosa,NOT_IN_PUBLIC_METADATA_RECOVERED_THIS_PASS,SAMEA5578860,NOT_RECOVERED_THIS_PASS,ERR3307226,ERR3307085,nanopore,NOT_RECOVERED_THIS_PASS,Silke2020,train_or_validation,eskapee-train,Unicycler(-u); SKESA(-s)  [documented in source README; graphs NOT copied],2,COMPLETE_ACCESSIONS,https://www.ncbi.nlm.nih.gov/biosample/SAMEA5578860,NONE - no GFA or label file copied (licence not documented)
small3_paer-SAMN10374626,SAMN10374626,BioSample,Pseudomonas aeruginosa,NOT_IN_PUBLIC_METADATA_RECOVERED_THIS_PASS,SAMN10374626,NOT_RECOVERED_THIS_PASS,SRR8526280,SRR8518609,pacbio,NOT_RECOVERED_THIS_PASS,Magalhaes2019,train_or_validation,eskapee-train,Unicycler(-u); SKESA(-s)  [documented in source README; graphs NOT copied],2,COMPLETE_ACCESSIONS,https://www.ncbi.nlm.nih.gov/biosample/SAMN10374626,NONE - no GFA or label file copied (licence not documented)
small_kpne-SAMN21365994,SAMN21365994,BioSample,Klebsiella pneumoniae,NOT_IN_PUBLIC_METADATA_RECOVERED_THIS_PASS,SAMN21365994,NOT_RECOVERED_THIS_PASS,SRR15827908,SRR15828019,pacbio,NOT_RECOVERED_THIS_PASS,Acman2021,train_or_validation,eskapee-train,Unicycler(-u); SKESA(-s)  [documented in source README; graphs NOT copied],2,COMPLETE_ACCESSIONS,https://www.ncbi.nlm.nih.gov/biosample/SAMN21365994,NONE - no GFA or label file copied (licence not documented)
small_kpne-SAMN21366002,SAMN21366002,BioSample,Klebsiella pneumoniae,NOT_IN_PUBLIC_METADATA_RECOVERED_THIS_PASS,SAMN21366002,NOT_RECOVERED_THIS_PASS,SRR15827914,SRR15828010,pacbio,NOT_RECOVERED_THIS_PASS,Acman2021,train_or_validation,eskapee-train,Unicycler(-u); SKESA(-s)  [documented in source README; graphs NOT copied],2,COMPLETE_ACCESSIONS,https://www.ncbi.nlm.nih.gov/biosample/SAMN21366002,NONE - no GFA or label file copied (licence not documented)
small_kpne-SAMN21366037,SAMN21366037,BioSample,Klebsiella pneumoniae,NOT_IN_PUBLIC_METADATA_RECOVERED_THIS_PASS,SAMN21366037,NOT_RECOVERED_THIS_PASS,SRR15827824,SRR15827972,pacbio,NOT_RECOVERED_THIS_PASS,Acman2021,train_or_validation,eskapee-train,Unicycler(-u); SKESA(-s)  [documented in source README; graphs NOT copied],2,COMPLETE_ACCESSIONS,https://www.ncbi.nlm.nih.gov/biosample/SAMN21366037,NONE - no GFA or label file copied (licence not documented)
small_kpne-SAMN21366047,SAMN21366047,BioSample,Klebsiella pneumoniae,NOT_IN_PUBLIC_METADATA_RECOVERED_THIS_PASS,SAMN21366047,NOT_RECOVERED_THIS_PASS,SRR15827943,SRR15827961,pacbio,NOT_RECOVERED_THIS_PASS,Acman2021,train_or_validation,eskapee-train,Unicycler(-u); SKESA(-s)  [documented in source README; graphs NOT copied],2,COMPLETE_ACCESSIONS,https://www.ncbi.nlm.nih.gov/biosample/SAMN21366047,NONE - no GFA or label file copied (licence not documented)
small_kpne-SAMN21366070,SAMN21366070,BioSample,Klebsiella pneumoniae,NOT_IN_PUBLIC_METADATA_RECOVERED_THIS_PASS,SAMN21366070,NOT_RECOVERED_THIS_PASS,SRR15827918,SRR15827895,pacbio,NOT_RECOVERED_THIS_PASS,Acman2021,train_or_validation,eskapee-train,Unicycler(-u); SKESA(-s)  [documented in source README; graphs NOT copied],2,COMPLETE_ACCESSIONS,https://www.ncbi.nlm.nih.gov/biosample/SAMN21366070,NONE - no GFA or label file copied (licence not documented)
robertson-benchmark_koxy-SAMN02786843,SAMN02786843,BioSample,Klebsiella oxytoca,NOT_IN_PUBLIC_METADATA_RECOVERED_THIS_PASS,SAMN02786843,NOT_RECOVERED_THIS_PASS,SRR1501122,SRR1501126,NA,NOT_RECOVERED_THIS_PASS,Robertson2018,held_out_species,koxy-test,Unicycler(-u); SKESA(-s)  [documented in source README; graphs NOT copied],2,COMPLETE_ACCESSIONS,https://www.ncbi.nlm.nih.gov/biosample/SAMN02786843,NONE - no GFA or label file copied (licence not documented)
robertson-benchmark_koxy-SAMN03733631,SAMN03733631,BioSample,Klebsiella oxytoca,NOT_IN_PUBLIC_METADATA_RECOVERED_THIS_PASS,SAMN03733631,NOT_RECOVERED_THIS_PASS,SRR5713997,SRR5629775,NA,NOT_RECOVERED_THIS_PASS,Robertson2018,held_out_species,koxy-test,Unicycler(-u); SKESA(-s)  [documented in source README; graphs NOT copied],2,COMPLETE_ACCESSIONS,https://www.ncbi.nlm.nih.gov/biosample/SAMN03733631,NONE - no GFA or label file copied (licence not documented)
shaw-2021_koxy-SAMN15148173,SAMN15148173,BioSample,Klebsiella oxytoca,NOT_IN_PUBLIC_METADATA_RECOVERED_THIS_PASS,SAMN15148173,NOT_RECOVERED_THIS_PASS,SRR11948970,SRR12298509,Nanopore,NOT_RECOVERED_THIS_PASS,Shaw2021,held_out_species,koxy-test,Unicycler(-u); SKESA(-s)  [documented in source README; graphs NOT copied],2,COMPLETE_ACCESSIONS,https://www.ncbi.nlm.nih.gov/biosample/SAMN15148173,NONE - no GFA or label file copied (licence not documented)
shaw-2021_koxy-SAMN15148174,SAMN15148174,BioSample,Klebsiella oxytoca,NOT_IN_PUBLIC_METADATA_RECOVERED_THIS_PASS,SAMN15148174,NOT_RECOVERED_THIS_PASS,SRR11948969,SRR12298508,Nanopore,NOT_RECOVERED_THIS_PASS,Shaw2021,held_out_species,koxy-test,Unicycler(-u); SKESA(-s)  [documented in source README; graphs NOT copied],2,COMPLETE_ACCESSIONS,https://www.ncbi.nlm.nih.gov/biosample/SAMN15148174,NONE - no GFA or label file copied (licence not documented)
shaw-2021_koxy-SAMN15148287,SAMN15148287,BioSample,Klebsiella oxytoca,NOT_IN_PUBLIC_METADATA_RECOVERED_THIS_PASS,SAMN15148287,NOT_RECOVERED_THIS_PASS,SRR11949035,SRR12298664,Nanopore,NOT_RECOVERED_THIS_PASS,Shaw2021,held_out_species,koxy-test,Unicycler(-u); SKESA(-s)  [documented in source README; graphs NOT copied],2,COMPLETE_ACCESSIONS,https://www.ncbi.nlm.nih.gov/biosample/SAMN15148287,NONE - no GFA or label file copied (licence not documented)
shaw-2021_koxy-SAMN15148459,SAMN15148459,BioSample,Klebsiella oxytoca,NOT_IN_PUBLIC_METADATA_RECOVERED_THIS_PASS,SAMN15148459,NOT_RECOVERED_THIS_PASS,SRR11949314,SRR12298455,Nanopore,NOT_RECOVERED_THIS_PASS,Shaw2021,held_out_species,koxy-test,Unicycler(-u); SKESA(-s)  [documented in source README; graphs NOT copied],2,COMPLETE_ACCESSIONS,https://www.ncbi.nlm.nih.gov/biosample/SAMN15148459,NONE - no GFA or label file copied (licence not documented)
shaw-2021_koxy-SAMN15148463,SAMN15148463,BioSample,Klebsiella oxytoca,NOT_IN_PUBLIC_METADATA_RECOVERED_THIS_PASS,SAMN15148463,NOT_RECOVERED_THIS_PASS,SRR11949310,SRR12298451,PacBio,NOT_RECOVERED_THIS_PASS,Shaw2021,held_out_species,koxy-test,Unicycler(-u); SKESA(-s)  [documented in source README; graphs NOT copied],2,COMPLETE_ACCESSIONS,https://www.ncbi.nlm.nih.gov/biosample/SAMN15148463,NONE - no GFA or label file copied (licence not documented)
shaw-2021_koxy-SAMN15148481,SAMN15148481,BioSample,Klebsiella oxytoca,NOT_IN_PUBLIC_METADATA_RECOVERED_THIS_PASS,SAMN15148481,NOT_RECOVERED_THIS_PASS,SRR11949306,SRR12298431,PacBio,NOT_RECOVERED_THIS_PASS,Shaw2021,held_out_species,koxy-test,Unicycler(-u); SKESA(-s)  [documented in source README; graphs NOT copied],2,COMPLETE_ACCESSIONS,https://www.ncbi.nlm.nih.gov/biosample/SAMN15148481,NONE - no GFA or label file copied (licence not documented)
shaw-2021_koxy-SAMN15148490,SAMN15148490,BioSample,Klebsiella oxytoca,NOT_IN_PUBLIC_METADATA_RECOVERED_THIS_PASS,SAMN15148490,NOT_RECOVERED_THIS_PASS,SRR11949296,SRR12298421,Nanopore,NOT_RECOVERED_THIS_PASS,Shaw2021,held_out_species,koxy-test,Unicycler(-u); SKESA(-s)  [documented in source README; graphs NOT copied],2,COMPLETE_ACCESSIONS,https://www.ncbi.nlm.nih.gov/biosample/SAMN15148490,NONE - no GFA or label file copied (licence not documented)
shaw-2021_koxy-SAMN15148521,SAMN15148521,BioSample,Klebsiella oxytoca,NOT_IN_PUBLIC_METADATA_RECOVERED_THIS_PASS,SAMN15148521,NOT_RECOVERED_THIS_PASS,SRR11948796,SRR12298387,Nanopore,NOT_RECOVERED_THIS_PASS,Shaw2021,held_out_species,koxy-test,Unicycler(-u); SKESA(-s)  [documented in source README; graphs NOT copied],2,COMPLETE_ACCESSIONS,https://www.ncbi.nlm.nih.gov/biosample/SAMN15148521,NONE - no GFA or label file copied (licence not documented)
shaw-2021_koxy-SAMN15148522,SAMN15148522,BioSample,Klebsiella oxytoca,NOT_IN_PUBLIC_METADATA_RECOVERED_THIS_PASS,SAMN15148522,NOT_RECOVERED_THIS_PASS,SRR11948795,SRR12298386,PacBio,NOT_RECOVERED_THIS_PASS,Shaw2021,held_out_species,koxy-test,Unicycler(-u); SKESA(-s)  [documented in source README; graphs NOT copied],2,COMPLETE_ACCESSIONS,https://www.ncbi.nlm.nih.gov/biosample/SAMN15148522,NONE - no GFA or label file copied (licence not documented)
shaw-2021_koxy-SAMN15148527,SAMN15148527,BioSample,Klebsiella oxytoca,NOT_IN_PUBLIC_METADATA_RECOVERED_THIS_PASS,SAMN15148527,NOT_RECOVERED_THIS_PASS,SRR11949175,SRR12298380,PacBio,NOT_RECOVERED_THIS_PASS,Shaw2021,held_out_species,koxy-test,Unicycler(-u); SKESA(-s)  [documented in source README; graphs NOT copied],2,COMPLETE_ACCESSIONS,https://www.ncbi.nlm.nih.gov/biosample/SAMN15148527,NONE - no GFA or label file copied (licence not documented)
shaw-2021_koxy-SAMN15148529,SAMN15148529,BioSample,Klebsiella oxytoca,NOT_IN_PUBLIC_METADATA_RECOVERED_THIS_PASS,SAMN15148529,NOT_RECOVERED_THIS_PASS,SRR11949173,SRR12298378,Nanopore,NOT_RECOVERED_THIS_PASS,Shaw2021,held_out_species,koxy-test,Unicycler(-u); SKESA(-s)  [documented in source README; graphs NOT copied],2,COMPLETE_ACCESSIONS,https://www.ncbi.nlm.nih.gov/biosample/SAMN15148529,NONE - no GFA or label file copied (licence not documented)
shaw-2021_koxy-SAMN15148531,SAMN15148531,BioSample,Klebsiella oxytoca,NOT_IN_PUBLIC_METADATA_RECOVERED_THIS_PASS,SAMN15148531,NOT_RECOVERED_THIS_PASS,SRR11949171,SRR12298376,Nanopore,NOT_RECOVERED_THIS_PASS,Shaw2021,held_out_species,koxy-test,Unicycler(-u); SKESA(-s)  [documented in source README; graphs NOT copied],2,COMPLETE_ACCESSIONS,https://www.ncbi.nlm.nih.gov/biosample/SAMN15148531,NONE - no GFA or label file copied (licence not documented)
shaw-2021_koxy-SAMN15148533,SAMN15148533,BioSample,Klebsiella oxytoca,NOT_IN_PUBLIC_METADATA_RECOVERED_THIS_PASS,SAMN15148533,NOT_RECOVERED_THIS_PASS,SRR11949169,SRR12298374,PacBio,NOT_RECOVERED_THIS_PASS,Shaw2021,held_out_species,koxy-test,Unicycler(-u); SKESA(-s)  [documented in source README; graphs NOT copied],2,COMPLETE_ACCESSIONS,https://www.ncbi.nlm.nih.gov/biosample/SAMN15148533,NONE - no GFA or label file copied (licence not documented)
shaw-2021_koxy-SAMN15148592,SAMN15148592,BioSample,Klebsiella oxytoca,NOT_IN_PUBLIC_METADATA_RECOVERED_THIS_PASS,SAMN15148592,NOT_RECOVERED_THIS_PASS,SRR11949135,SRR12298833,Nanopore,NOT_RECOVERED_THIS_PASS,Shaw2021,held_out_species,koxy-test,Unicycler(-u); SKESA(-s)  [documented in source README; graphs NOT copied],2,COMPLETE_ACCESSIONS,https://www.ncbi.nlm.nih.gov/biosample/SAMN15148592,NONE - no GFA or label file copied (licence not documented)
shaw-2021_koxy-SAMN15148604,SAMN15148604,BioSample,Klebsiella oxytoca,NOT_IN_PUBLIC_METADATA_RECOVERED_THIS_PASS,SAMN15148604,NOT_RECOVERED_THIS_PASS,SRR11948672,SRR12298820,Nanopore,NOT_RECOVERED_THIS_PASS,Shaw2021,held_out_species,koxy-test,Unicycler(-u); SKESA(-s)  [documented in source README; graphs NOT copied],2,COMPLETE_ACCESSIONS,https://www.ncbi.nlm.nih.gov/biosample/SAMN15148604,NONE - no GFA or label file copied (licence not documented)
shaw-2021_koxy-SAMN15148609,SAMN15148609,BioSample,Klebsiella oxytoca,NOT_IN_PUBLIC_METADATA_RECOVERED_THIS_PASS,SAMN15148609,NOT_RECOVERED_THIS_PASS,SRR11949260,SRR12298814,Nanopore,NOT_RECOVERED_THIS_PASS,Shaw2021,held_out_species,koxy-test,Unicycler(-u); SKESA(-s)  [documented in source README; graphs NOT copied],2,COMPLETE_ACCESSIONS,https://www.ncbi.nlm.nih.gov/biosample/SAMN15148609,NONE - no GFA or label file copied (licence not documented)
shaw-2021_koxy-SAMN15148619,SAMN15148619,BioSample,Klebsiella oxytoca,NOT_IN_PUBLIC_METADATA_RECOVERED_THIS_PASS,SAMN15148619,NOT_RECOVERED_THIS_PASS,SRR11949249,SRR12298779,Nanopore,NOT_RECOVERED_THIS_PASS,Shaw2021,held_out_species,koxy-test,Unicycler(-u); SKESA(-s)  [documented in source README; graphs NOT copied],2,COMPLETE_ACCESSIONS,https://www.ncbi.nlm.nih.gov/biosample/SAMN15148619,NONE - no GFA or label file copied (licence not documented)
shaw-2021_koxy-SAMN15148636,SAMN15148636,BioSample,Klebsiella oxytoca,NOT_IN_PUBLIC_METADATA_RECOVERED_THIS_PASS,SAMN15148636,NOT_RECOVERED_THIS_PASS,SRR11948701,SRR12298734,Nanopore,NOT_RECOVERED_THIS_PASS,Shaw2021,held_out_species,koxy-test,Unicycler(-u); SKESA(-s)  [documented in source README; graphs NOT copied],2,COMPLETE_ACCESSIONS,https://www.ncbi.nlm.nih.gov/biosample/SAMN15148636,NONE - no GFA or label file copied (licence not documented)
shaw-2021_koxy-SAMN15148637,SAMN15148637,BioSample,Klebsiella oxytoca,NOT_IN_PUBLIC_METADATA_RECOVERED_THIS_PASS,SAMN15148637,NOT_RECOVERED_THIS_PASS,SRR11948699,SRR12298732,Nanopore,NOT_RECOVERED_THIS_PASS,Shaw2021,held_out_species,koxy-test,Unicycler(-u); SKESA(-s)  [documented in source README; graphs NOT copied],2,COMPLETE_ACCESSIONS,https://www.ncbi.nlm.nih.gov/biosample/SAMN15148637,NONE - no GFA or label file copied (licence not documented)
shaw-2021_koxy-SAMN15148647,SAMN15148647,BioSample,Klebsiella oxytoca,NOT_IN_PUBLIC_METADATA_RECOVERED_THIS_PASS,SAMN15148647,NOT_RECOVERED_THIS_PASS,SRR11948917,SRR12298720,Nanopore,NOT_RECOVERED_THIS_PASS,Shaw2021,held_out_species,koxy-test,Unicycler(-u); SKESA(-s)  [documented in source README; graphs NOT copied],2,COMPLETE_ACCESSIONS,https://www.ncbi.nlm.nih.gov/biosample/SAMN15148647,NONE - no GFA or label file copied (licence not documented)
shaw-2021_koxy-SAMN15148651,SAMN15148651,BioSample,Klebsiella oxytoca,NOT_IN_PUBLIC_METADATA_RECOVERED_THIS_PASS,SAMN15148651,NOT_RECOVERED_THIS_PASS,SRR11948913,SRR12298716,Nanopore,NOT_RECOVERED_THIS_PASS,Shaw2021,held_out_species,koxy-test,Unicycler(-u); SKESA(-s)  [documented in source README; graphs NOT copied],2,COMPLETE_ACCESSIONS,https://www.ncbi.nlm.nih.gov/biosample/SAMN15148651,NONE - no GFA or label file copied (licence not documented)
shaw-2021_koxy-SAMN15148657,SAMN15148657,BioSample,Klebsiella oxytoca,NOT_IN_PUBLIC_METADATA_RECOVERED_THIS_PASS,SAMN15148657,NOT_RECOVERED_THIS_PASS,SRR11949238,SRR12298709,Nanopore,NOT_RECOVERED_THIS_PASS,Shaw2021,held_out_species,koxy-test,Unicycler(-u); SKESA(-s)  [documented in source README; graphs NOT copied],2,COMPLETE_ACCESSIONS,https://www.ncbi.nlm.nih.gov/biosample/SAMN15148657,NONE - no GFA or label file copied (licence not documented)
shaw-2021_koxy-SAMN15148669,SAMN15148669,BioSample,Klebsiella oxytoca,NOT_IN_PUBLIC_METADATA_RECOVERED_THIS_PASS,SAMN15148669,NOT_RECOVERED_THIS_PASS,SRR11948909,SRR12298696,Nanopore,NOT_RECOVERED_THIS_PASS,Shaw2021,held_out_species,koxy-test,Unicycler(-u); SKESA(-s)  [documented in source README; graphs NOT copied],2,COMPLETE_ACCESSIONS,https://www.ncbi.nlm.nih.gov/biosample/SAMN15148669,NONE - no GFA or label file copied (licence not documented)
shaw-2021_koxy-SAMN15148673,SAMN15148673,BioSample,Klebsiella oxytoca,NOT_IN_PUBLIC_METADATA_RECOVERED_THIS_PASS,SAMN15148673,NOT_RECOVERED_THIS_PASS,SRR11948905,SRR12298692,Nanopore,NOT_RECOVERED_THIS_PASS,Shaw2021,held_out_species,koxy-test,Unicycler(-u); SKESA(-s)  [documented in source README; graphs NOT copied],2,COMPLETE_ACCESSIONS,https://www.ncbi.nlm.nih.gov/biosample/SAMN15148673,NONE - no GFA or label file copied (licence not documented)
shaw-2021_koxy-SAMN15148681,SAMN15148681,BioSample,Klebsiella oxytoca,NOT_IN_PUBLIC_METADATA_RECOVERED_THIS_PASS,SAMN15148681,NOT_RECOVERED_THIS_PASS,SRR11948634,SRR12298683,Nanopore,NOT_RECOVERED_THIS_PASS,Shaw2021,held_out_species,koxy-test,Unicycler(-u); SKESA(-s)  [documented in source README; graphs NOT copied],2,COMPLETE_ACCESSIONS,https://www.ncbi.nlm.nih.gov/biosample/SAMN15148681,NONE - no GFA or label file copied (licence not documented)
shaw-2021_koxy-SAMN15148716,SAMN15148716,BioSample,Klebsiella oxytoca,NOT_IN_PUBLIC_METADATA_RECOVERED_THIS_PASS,SAMN15148716,NOT_RECOVERED_THIS_PASS,SRR11949270,SRR12299170,Nanopore,NOT_RECOVERED_THIS_PASS,Shaw2021,held_out_species,koxy-test,Unicycler(-u); SKESA(-s)  [documented in source README; graphs NOT copied],2,COMPLETE_ACCESSIONS,https://www.ncbi.nlm.nih.gov/biosample/SAMN15148716,NONE - no GFA or label file copied (licence not documented)
shaw-2021_koxy-SAMN15148723,SAMN15148723,BioSample,Klebsiella oxytoca,NOT_IN_PUBLIC_METADATA_RECOVERED_THIS_PASS,SAMN15148723,NOT_RECOVERED_THIS_PASS,SRR11949262,SRR12299138,Nanopore,NOT_RECOVERED_THIS_PASS,Shaw2021,held_out_species,koxy-test,Unicycler(-u); SKESA(-s)  [documented in source README; graphs NOT copied],2,COMPLETE_ACCESSIONS,https://www.ncbi.nlm.nih.gov/biosample/SAMN15148723,NONE - no GFA or label file copied (licence not documented)
shaw-2021_koxy-SAMN15148734,SAMN15148734,BioSample,Klebsiella oxytoca,NOT_IN_PUBLIC_METADATA_RECOVERED_THIS_PASS,SAMN15148734,NOT_RECOVERED_THIS_PASS,SRR11948720,SRR12299126,Nanopore,NOT_RECOVERED_THIS_PASS,Shaw2021,held_out_species,koxy-test,Unicycler(-u); SKESA(-s)  [documented in source README; graphs NOT copied],2,COMPLETE_ACCESSIONS,https://www.ncbi.nlm.nih.gov/biosample/SAMN15148734,NONE - no GFA or label file copied (licence not documented)
shaw-2021_koxy-SAMN15148741,SAMN15148741,BioSample,Klebsiella oxytoca,NOT_IN_PUBLIC_METADATA_RECOVERED_THIS_PASS,SAMN15148741,NOT_RECOVERED_THIS_PASS,SRR11949354,SRR12299070,Nanopore,NOT_RECOVERED_THIS_PASS,Shaw2021,held_out_species,koxy-test,Unicycler(-u); SKESA(-s)  [documented in source README; graphs NOT copied],2,COMPLETE_ACCESSIONS,https://www.ncbi.nlm.nih.gov/biosample/SAMN15148741,NONE - no GFA or label file copied (licence not documented)
small_mabs-SAMD00153219,SAMD00153219,BioSample,Mycobacteroides abscessus,NOT_IN_PUBLIC_METADATA_RECOVERED_THIS_PASS,SAMD00153219,NOT_RECOVERED_THIS_PASS,DRR161241,DRR161304,nanopore,NOT_RECOVERED_THIS_PASS,Matsumoto2019,held_out_species,myco-test,Unicycler(-u); SKESA(-s)  [documented in source README; graphs NOT copied],2,COMPLETE_ACCESSIONS,https://www.ncbi.nlm.nih.gov/biosample/SAMD00153219,NONE - no GFA or label file copied (licence not documented)
small_magr-SAMD00153167,SAMD00153167,BioSample,Mycolicibacterium agri,NOT_IN_PUBLIC_METADATA_RECOVERED_THIS_PASS,SAMD00153167,NOT_RECOVERED_THIS_PASS,DRR161189,DRR161252,nanopore,NOT_RECOVERED_THIS_PASS,Matsumoto2019,held_out_species,myco-test,Unicycler(-u); SKESA(-s)  [documented in source README; graphs NOT copied],2,COMPLETE_ACCESSIONS,https://www.ncbi.nlm.nih.gov/biosample/SAMD00153167,NONE - no GFA or label file copied (licence not documented)
small_maic-SAMD00153166,SAMD00153166,BioSample,Mycolicibacterium aichiense,NOT_IN_PUBLIC_METADATA_RECOVERED_THIS_PASS,SAMD00153166,NOT_RECOVERED_THIS_PASS,DRR161188,DRR161251,nanopore,NOT_RECOVERED_THIS_PASS,Matsumoto2019,held_out_species,myco-test,Unicycler(-u); SKESA(-s)  [documented in source README; graphs NOT copied],2,COMPLETE_ACCESSIONS,https://www.ncbi.nlm.nih.gov/biosample/SAMD00153166,NONE - no GFA or label file copied (licence not documented)
small_many-SAMD00153216,SAMD00153216,BioSample,Mycolicibacterium anyangense,NOT_IN_PUBLIC_METADATA_RECOVERED_THIS_PASS,SAMD00153216,NOT_RECOVERED_THIS_PASS,DRR161238,DRR161301,nanopore,NOT_RECOVERED_THIS_PASS,Matsumoto2019,held_out_species,myco-test,Unicycler(-u); SKESA(-s)  [documented in source README; graphs NOT copied],2,COMPLETE_ACCESSIONS,https://www.ncbi.nlm.nih.gov/biosample/SAMD00153216,NONE - no GFA or label file copied (licence not documented)
small_mara-SAMD00153213,SAMD00153213,BioSample,Mycolicibacterium arabiense,NOT_IN_PUBLIC_METADATA_RECOVERED_THIS_PASS,SAMD00153213,NOT_RECOVERED_THIS_PASS,DRR161235,DRR161298,nanopore,NOT_RECOVERED_THIS_PASS,Matsumoto2019,held_out_species,myco-test,Unicycler(-u); SKESA(-s)  [documented in source README; graphs NOT copied],2,COMPLETE_ACCESSIONS,https://www.ncbi.nlm.nih.gov/biosample/SAMD00153213,NONE - no GFA or label file copied (licence not documented)
small_maub-SAMD00153195,SAMD00153195,BioSample,Mycolicibacterium aubagnense,NOT_IN_PUBLIC_METADATA_RECOVERED_THIS_PASS,SAMD00153195,NOT_RECOVERED_THIS_PASS,DRR161217,DRR161280,nanopore,NOT_RECOVERED_THIS_PASS,Matsumoto2019,held_out_species,myco-test,Unicycler(-u); SKESA(-s)  [documented in source README; graphs NOT copied],2,COMPLETE_ACCESSIONS,https://www.ncbi.nlm.nih.gov/biosample/SAMD00153195,NONE - no GFA or label file copied (licence not documented)
small_mboe-SAMD00153197,SAMD00153197,BioSample,Mycolicibacterium boenickei,NOT_IN_PUBLIC_METADATA_RECOVERED_THIS_PASS,SAMD00153197,NOT_RECOVERED_THIS_PASS,DRR161219,DRR161282,nanopore,NOT_RECOVERED_THIS_PASS,Matsumoto2019,held_out_species,myco-test,Unicycler(-u); SKESA(-s)  [documented in source README; graphs NOT copied],2,COMPLETE_ACCESSIONS,https://www.ncbi.nlm.nih.gov/biosample/SAMD00153197,NONE - no GFA or label file copied (licence not documented)
small_mbra-SAMD00153181,SAMD00153181,BioSample,Mycobacterium branderi,NOT_IN_PUBLIC_METADATA_RECOVERED_THIS_PASS,SAMD00153181,NOT_RECOVERED_THIS_PASS,DRR161203,DRR161266,nanopore,NOT_RECOVERED_THIS_PASS,Matsumoto2019,held_out_species,myco-test,Unicycler(-u); SKESA(-s)  [documented in source README; graphs NOT copied],2,COMPLETE_ACCESSIONS,https://www.ncbi.nlm.nih.gov/biosample/SAMD00153181,NONE - no GFA or label file copied (licence not documented)
small_mcons-SAMD00153191,SAMD00153191,BioSample,Mycobacterium conspicuum,NOT_IN_PUBLIC_METADATA_RECOVERED_THIS_PASS,SAMD00153191,NOT_RECOVERED_THIS_PASS,DRR161213,DRR161276,nanopore,NOT_RECOVERED_THIS_PASS,Matsumoto2019,held_out_species,myco-test,Unicycler(-u); SKESA(-s)  [documented in source README; graphs NOT copied],2,COMPLETE_ACCESSIONS,https://www.ncbi.nlm.nih.gov/biosample/SAMD00153191,NONE - no GFA or label file copied (licence not documented)
small_mdor-SAMD00153178,SAMD00153178,BioSample,Mycobacterium doricum,NOT_IN_PUBLIC_METADATA_RECOVERED_THIS_PASS,SAMD00153178,NOT_RECOVERED_THIS_PASS,DRR161200,DRR161263,nanopore,NOT_RECOVERED_THIS_PASS,Matsumoto2019,held_out_species,myco-test,Unicycler(-u); SKESA(-s)  [documented in source README; graphs NOT copied],2,COMPLETE_ACCESSIONS,https://www.ncbi.nlm.nih.gov/biosample/SAMD00153178,NONE - no GFA or label file copied (licence not documented)
small_mduv-SAMD00153169,SAMD00153169,BioSample,Mycolicibacterium duvalii,NOT_IN_PUBLIC_METADATA_RECOVERED_THIS_PASS,SAMD00153169,NOT_RECOVERED_THIS_PASS,DRR161191,DRR161254,nanopore,NOT_RECOVERED_THIS_PASS,Matsumoto2019,held_out_species,myco-test,Unicycler(-u); SKESA(-s)  [documented in source README; graphs NOT copied],2,COMPLETE_ACCESSIONS,https://www.ncbi.nlm.nih.gov/biosample/SAMD00153169,NONE - no GFA or label file copied (licence not documented)
small_mflo-SAMD00153192,SAMD00153192,BioSample,Mycobacterium florentinum,NOT_IN_PUBLIC_METADATA_RECOVERED_THIS_PASS,SAMD00153192,NOT_RECOVERED_THIS_PASS,DRR161214,DRR161277,nanopore,NOT_RECOVERED_THIS_PASS,Matsumoto2019,held_out_species,myco-test,Unicycler(-u); SKESA(-s)  [documented in source README; graphs NOT copied],2,COMPLETE_ACCESSIONS,https://www.ncbi.nlm.nih.gov/biosample/SAMD00153192,NONE - no GFA or label file copied (licence not documented)
small_mgad-SAMD00153182,SAMD00153182,BioSample,Mycolicibacterium gadium,NOT_IN_PUBLIC_METADATA_RECOVERED_THIS_PASS,SAMD00153182,NOT_RECOVERED_THIS_PASS,DRR161204,DRR161267,nanopore,NOT_RECOVERED_THIS_PASS,Matsumoto2019,held_out_species,myco-test,Unicycler(-u); SKESA(-s)  [documented in source README; graphs NOT copied],2,COMPLETE_ACCESSIONS,https://www.ncbi.nlm.nih.gov/biosample/SAMD00153182,NONE - no GFA or label file copied (licence not documented)
small_mgal-SAMD00153170,SAMD00153170,BioSample,Mycobacterium gallinarum,NOT_IN_PUBLIC_METADATA_RECOVERED_THIS_PASS,SAMD00153170,NOT_RECOVERED_THIS_PASS,DRR161192,DRR161255,nanopore,NOT_RECOVERED_THIS_PASS,Matsumoto2019,held_out_species,myco-test,Unicycler(-u); SKESA(-s)  [documented in source README; graphs NOT copied],2,COMPLETE_ACCESSIONS,https://www.ncbi.nlm.nih.gov/biosample/SAMD00153170,NONE - no GFA or label file copied (licence not documented)
small_mhel-SAMD00153218,SAMD00153218,BioSample,Mycolicibacterium helvum,NOT_IN_PUBLIC_METADATA_RECOVERED_THIS_PASS,SAMD00153218,NOT_RECOVERED_THIS_PASS,DRR161240,DRR161303,nanopore,NOT_RECOVERED_THIS_PASS,Matsumoto2019,held_out_species,myco-test,Unicycler(-u); SKESA(-s)  [documented in source README; graphs NOT copied],2,COMPLETE_ACCESSIONS,https://www.ncbi.nlm.nih.gov/biosample/SAMD00153218,NONE - no GFA or label file copied (licence not documented)
small_mhip-SAMD00153224,SAMD00153224,BioSample,Mycolicibacterium hippocampi,NOT_IN_PUBLIC_METADATA_RECOVERED_THIS_PASS,SAMD00153224,NOT_RECOVERED_THIS_PASS,DRR161246,DRR161309,nanopore,NOT_RECOVERED_THIS_PASS,Matsumoto2019,held_out_species,myco-test,Unicycler(-u); SKESA(-s)  [documented in source README; graphs NOT copied],2,COMPLETE_ACCESSIONS,https://www.ncbi.nlm.nih.gov/biosample/SAMD00153224,NONE - no GFA or label file copied (licence not documented)
small_mkub-SAMD00153187,SAMD00153187,BioSample,Mycobacterium kubicae,NOT_IN_PUBLIC_METADATA_RECOVERED_THIS_PASS,SAMD00153187,NOT_RECOVERED_THIS_PASS,DRR161209,DRR161272,nanopore,NOT_RECOVERED_THIS_PASS,Matsumoto2019,held_out_species,myco-test,Unicycler(-u); SKESA(-s)  [documented in source README; graphs NOT copied],2,COMPLETE_ACCESSIONS,https://www.ncbi.nlm.nih.gov/biosample/SAMD00153187,NONE - no GFA or label file copied (licence not documented)
small_mmad-SAMD00153188,SAMD00153188,BioSample,Mycolicibacterium madagascariense,NOT_IN_PUBLIC_METADATA_RECOVERED_THIS_PASS,SAMD00153188,NOT_RECOVERED_THIS_PASS,DRR161210,DRR161273,nanopore,NOT_RECOVERED_THIS_PASS,Matsumoto2019,held_out_species,myco-test,Unicycler(-u); SKESA(-s)  [documented in source README; graphs NOT copied],2,COMPLETE_ACCESSIONS,https://www.ncbi.nlm.nih.gov/biosample/SAMD00153188,NONE - no GFA or label file copied (licence not documented)
small_mmar-SAMD00153206,SAMD00153206,BioSample,Mycobacterium marseillense,NOT_IN_PUBLIC_METADATA_RECOVERED_THIS_PASS,SAMD00153206,NOT_RECOVERED_THIS_PASS,DRR161228,DRR161291,nanopore,NOT_RECOVERED_THIS_PASS,Matsumoto2019,held_out_species,myco-test,Unicycler(-u); SKESA(-s)  [documented in source README; graphs NOT copied],2,COMPLETE_ACCESSIONS,https://www.ncbi.nlm.nih.gov/biosample/SAMD00153206,NONE - no GFA or label file copied (licence not documented)
small_mmon-SAMD00153199,SAMD00153199,BioSample,Mycolicibacterium monacense,NOT_IN_PUBLIC_METADATA_RECOVERED_THIS_PASS,SAMD00153199,NOT_RECOVERED_THIS_PASS,DRR161221,DRR161284,nanopore,NOT_RECOVERED_THIS_PASS,Matsumoto2019,held_out_species,myco-test,Unicycler(-u); SKESA(-s)  [documented in source README; graphs NOT copied],2,COMPLETE_ACCESSIONS,https://www.ncbi.nlm.nih.gov/biosample/SAMD00153199,NONE - no GFA or label file copied (licence not documented)
small_mmur-SAMD00153185,SAMD00153185,BioSample,Mycolicibacterium murale,NOT_IN_PUBLIC_METADATA_RECOVERED_THIS_PASS,SAMD00153185,NOT_RECOVERED_THIS_PASS,DRR161207,DRR161270,nanopore,NOT_RECOVERED_THIS_PASS,Matsumoto2019,held_out_species,myco-test,Unicycler(-u); SKESA(-s)  [documented in source README; graphs NOT copied],2,COMPLETE_ACCESSIONS,https://www.ncbi.nlm.nih.gov/biosample/SAMD00153185,NONE - no GFA or label file copied (licence not documented)
small_mparaf-SAMD00153162,SAMD00153162,BioSample,Mycolicibacterium parafortuitum,NOT_IN_PUBLIC_METADATA_RECOVERED_THIS_PASS,SAMD00153162,NOT_RECOVERED_THIS_PASS,DRR161184,DRR161247,nanopore,NOT_RECOVERED_THIS_PASS,Matsumoto2019,held_out_species,myco-test,Unicycler(-u); SKESA(-s)  [documented in source README; graphs NOT copied],2,COMPLETE_ACCESSIONS,https://www.ncbi.nlm.nih.gov/biosample/SAMD00153162,NONE - no GFA or label file copied (licence not documented)
small_mparag-SAMD00153214,SAMD00153214,BioSample,Mycobacterium paragordonae,NOT_IN_PUBLIC_METADATA_RECOVERED_THIS_PASS,SAMD00153214,NOT_RECOVERED_THIS_PASS,DRR161236,DRR161299,nanopore,NOT_RECOVERED_THIS_PASS,Matsumoto2019,held_out_species,myco-test,Unicycler(-u); SKESA(-s)  [documented in source README; graphs NOT copied],2,COMPLETE_ACCESSIONS,https://www.ncbi.nlm.nih.gov/biosample/SAMD00153214,NONE - no GFA or label file copied (licence not documented)
small_mpho-SAMD00153196,SAMD00153196,BioSample,Mycolicibacterium phocaicum,NOT_IN_PUBLIC_METADATA_RECOVERED_THIS_PASS,SAMD00153196,NOT_RECOVERED_THIS_PASS,DRR161218,DRR161281,nanopore,NOT_RECOVERED_THIS_PASS,Matsumoto2019,held_out_species,myco-test,Unicycler(-u); SKESA(-s)  [documented in source README; graphs NOT copied],2,COMPLETE_ACCESSIONS,https://www.ncbi.nlm.nih.gov/biosample/SAMD00153196,NONE - no GFA or label file copied (licence not documented)
small_mpor-SAMD00153179,SAMD00153179,BioSample,Mycolicibacterium poriferae,NOT_IN_PUBLIC_METADATA_RECOVERED_THIS_PASS,SAMD00153179,NOT_RECOVERED_THIS_PASS,DRR161201,DRR161264,nanopore,NOT_RECOVERED_THIS_PASS,Matsumoto2019,held_out_species,myco-test,Unicycler(-u); SKESA(-s)  [documented in source README; graphs NOT copied],2,COMPLETE_ACCESSIONS,https://www.ncbi.nlm.nih.gov/biosample/SAMD00153179,NONE - no GFA or label file copied (licence not documented)
small_msen-SAMD00153200,SAMD00153200,BioSample,Mycolicibacter senuensis,NOT_IN_PUBLIC_METADATA_RECOVERED_THIS_PASS,SAMD00153200,NOT_RECOVERED_THIS_PASS,DRR161222,DRR161285,nanopore,NOT_RECOVERED_THIS_PASS,Matsumoto2019,held_out_species,myco-test,Unicycler(-u); SKESA(-s)  [documented in source README; graphs NOT copied],2,COMPLETE_ACCESSIONS,https://www.ncbi.nlm.nih.gov/biosample/SAMD00153200,NONE - no GFA or label file copied (licence not documented)
small_mshi-SAMD00153190,SAMD00153190,BioSample,Mycobacterium shinjukuense,NOT_IN_PUBLIC_METADATA_RECOVERED_THIS_PASS,SAMD00153190,NOT_RECOVERED_THIS_PASS,DRR161212,DRR161275,nanopore,NOT_RECOVERED_THIS_PASS,Matsumoto2019,held_out_species,myco-test,Unicycler(-u); SKESA(-s)  [documented in source README; graphs NOT copied],2,COMPLETE_ACCESSIONS,https://www.ncbi.nlm.nih.gov/biosample/SAMD00153190,NONE - no GFA or label file copied (licence not documented)
small_msim-SAMD00153175,SAMD00153175,BioSample,Mycobacterium simiae,NOT_IN_PUBLIC_METADATA_RECOVERED_THIS_PASS,SAMD00153175,NOT_RECOVERED_THIS_PASS,DRR161197,DRR161260,nanopore,NOT_RECOVERED_THIS_PASS,Matsumoto2019,held_out_species,myco-test,Unicycler(-u); SKESA(-s)  [documented in source README; graphs NOT copied],2,COMPLETE_ACCESSIONS,https://www.ncbi.nlm.nih.gov/biosample/SAMD00153175,NONE - no GFA or label file copied (licence not documented)
small_mter-SAMD00153172,SAMD00153172,BioSample,Mycolicibacter terrae,NOT_IN_PUBLIC_METADATA_RECOVERED_THIS_PASS,SAMD00153172,NOT_RECOVERED_THIS_PASS,DRR161194,DRR161257,nanopore,NOT_RECOVERED_THIS_PASS,Matsumoto2019,held_out_species,myco-test,Unicycler(-u); SKESA(-s)  [documented in source README; graphs NOT copied],2,COMPLETE_ACCESSIONS,https://www.ncbi.nlm.nih.gov/biosample/SAMD00153172,NONE - no GFA or label file copied (licence not documented)
small_mtim-SAMD00153223,SAMD00153223,BioSample,Mycobacterium timonense,NOT_IN_PUBLIC_METADATA_RECOVERED_THIS_PASS,SAMD00153223,NOT_RECOVERED_THIS_PASS,DRR161245,DRR161308,nanopore,NOT_RECOVERED_THIS_PASS,Matsumoto2019,held_out_species,myco-test,Unicycler(-u); SKESA(-s)  [documented in source README; graphs NOT copied],2,COMPLETE_ACCESSIONS,https://www.ncbi.nlm.nih.gov/biosample/SAMD00153223,NONE - no GFA or label file copied (licence not documented)
robertson-benchmark_sent-SAMN02800603,SAMN02800603,BioSample,Salmonella enterica,NOT_IN_PUBLIC_METADATA_RECOVERED_THIS_PASS,SAMN02800603,NOT_RECOVERED_THIS_PASS,SRR1395326,SRR11317973,NA,NOT_RECOVERED_THIS_PASS,Robertson2018,held_out_species,sent-test,Unicycler(-u); SKESA(-s)  [documented in source README; graphs NOT copied],2,COMPLETE_ACCESSIONS,https://www.ncbi.nlm.nih.gov/biosample/SAMN02800603,NONE - no GFA or label file copied (licence not documented)
robertson-benchmark_sent-SAMN03988471,SAMN03988471,BioSample,Salmonella enterica,NOT_IN_PUBLIC_METADATA_RECOVERED_THIS_PASS,SAMN03988471,NOT_RECOVERED_THIS_PASS,SRR2407791,SRR3710056,NA,NOT_RECOVERED_THIS_PASS,Robertson2018,held_out_species,sent-test,Unicycler(-u); SKESA(-s)  [documented in source README; graphs NOT copied],2,COMPLETE_ACCESSIONS,https://www.ncbi.nlm.nih.gov/biosample/SAMN03988471,NONE - no GFA or label file copied (licence not documented)
robertson-benchmark_sent-SAMN03996249,SAMN03996249,BioSample,Salmonella enterica,NOT_IN_PUBLIC_METADATA_RECOVERED_THIS_PASS,SAMN03996249,NOT_RECOVERED_THIS_PASS,SRR2814420,SRR2814422,NA,NOT_RECOVERED_THIS_PASS,Robertson2018,held_out_species,sent-test,Unicycler(-u); SKESA(-s)  [documented in source README; graphs NOT copied],2,COMPLETE_ACCESSIONS,https://www.ncbi.nlm.nih.gov/biosample/SAMN03996249,NONE - no GFA or label file copied (licence not documented)
robertson-benchmark_sent-SAMN04285042,SAMN04285042,BioSample,Salmonella enterica,NOT_IN_PUBLIC_METADATA_RECOVERED_THIS_PASS,SAMN04285042,NOT_RECOVERED_THIS_PASS,SRR2939562,SRR3710060,NA,NOT_RECOVERED_THIS_PASS,Robertson2018,held_out_species,sent-test,Unicycler(-u); SKESA(-s)  [documented in source README; graphs NOT copied],2,COMPLETE_ACCESSIONS,https://www.ncbi.nlm.nih.gov/biosample/SAMN04285042,NONE - no GFA or label file copied (licence not documented)
small2_sent-SAMN14450150,SAMN14450150,BioSample,Salmonella enterica,NOT_IN_PUBLIC_METADATA_RECOVERED_THIS_PASS,SAMN14450150,NOT_RECOVERED_THIS_PASS,SRR11425889,SRR11425890,nanopore,NOT_RECOVERED_THIS_PASS,Chen2020,held_out_species,sent-test,Unicycler(-u); SKESA(-s)  [documented in source README; graphs NOT copied],2,COMPLETE_ACCESSIONS,https://www.ncbi.nlm.nih.gov/biosample/SAMN14450150,NONE - no GFA or label file copied (licence not documented)
small2_sent-SAMN14450151,SAMN14450151,BioSample,Salmonella enterica,NOT_IN_PUBLIC_METADATA_RECOVERED_THIS_PASS,SAMN14450151,NOT_RECOVERED_THIS_PASS,SRR11425867,SRR11425878,nanopore,NOT_RECOVERED_THIS_PASS,Chen2020,held_out_species,sent-test,Unicycler(-u); SKESA(-s)  [documented in source README; graphs NOT copied],2,COMPLETE_ACCESSIONS,https://www.ncbi.nlm.nih.gov/biosample/SAMN14450151,NONE - no GFA or label file copied (licence not documented)
small2_sent-SAMN14450152,SAMN14450152,BioSample,Salmonella enterica,NOT_IN_PUBLIC_METADATA_RECOVERED_THIS_PASS,SAMN14450152,NOT_RECOVERED_THIS_PASS,SRR11425845,SRR11425856,nanopore,NOT_RECOVERED_THIS_PASS,Chen2020,held_out_species,sent-test,Unicycler(-u); SKESA(-s)  [documented in source README; graphs NOT copied],2,COMPLETE_ACCESSIONS,https://www.ncbi.nlm.nih.gov/biosample/SAMN14450152,NONE - no GFA or label file copied (licence not documented)
small2_sent-SAMN14450153,SAMN14450153,BioSample,Salmonella enterica,NOT_IN_PUBLIC_METADATA_RECOVERED_THIS_PASS,SAMN14450153,NOT_RECOVERED_THIS_PASS,SRR11425843,SRR11425844,nanopore,NOT_RECOVERED_THIS_PASS,Chen2020,held_out_species,sent-test,Unicycler(-u); SKESA(-s)  [documented in source README; graphs NOT copied],2,COMPLETE_ACCESSIONS,https://www.ncbi.nlm.nih.gov/biosample/SAMN14450153,NONE - no GFA or label file copied (licence not documented)
small2_sent-SAMN14450154,SAMN14450154,BioSample,Salmonella enterica,NOT_IN_PUBLIC_METADATA_RECOVERED_THIS_PASS,SAMN14450154,NOT_RECOVERED_THIS_PASS,SRR11425841,SRR11425842,nanopore,NOT_RECOVERED_THIS_PASS,Chen2020,held_out_species,sent-test,Unicycler(-u); SKESA(-s)  [documented in source README; graphs NOT copied],2,COMPLETE_ACCESSIONS,https://www.ncbi.nlm.nih.gov/biosample/SAMN14450154,NONE - no GFA or label file copied (licence not documented)
small2_sent-SAMN14450155,SAMN14450155,BioSample,Salmonella enterica,NOT_IN_PUBLIC_METADATA_RECOVERED_THIS_PASS,SAMN14450155,NOT_RECOVERED_THIS_PASS,SRR11425887,SRR11425888,nanopore,NOT_RECOVERED_THIS_PASS,Chen2020,held_out_species,sent-test,Unicycler(-u); SKESA(-s)  [documented in source README; graphs NOT copied],2,COMPLETE_ACCESSIONS,https://www.ncbi.nlm.nih.gov/biosample/SAMN14450155,NONE - no GFA or label file copied (licence not documented)
small2_sent-SAMN14450156,SAMN14450156,BioSample,Salmonella enterica,NOT_IN_PUBLIC_METADATA_RECOVERED_THIS_PASS,SAMN14450156,NOT_RECOVERED_THIS_PASS,SRR11425885,SRR11425886,nanopore,NOT_RECOVERED_THIS_PASS,Chen2020,held_out_species,sent-test,Unicycler(-u); SKESA(-s)  [documented in source README; graphs NOT copied],2,COMPLETE_ACCESSIONS,https://www.ncbi.nlm.nih.gov/biosample/SAMN14450156,NONE - no GFA or label file copied (licence not documented)
small2_sent-SAMN14450157,SAMN14450157,BioSample,Salmonella enterica,NOT_IN_PUBLIC_METADATA_RECOVERED_THIS_PASS,SAMN14450157,NOT_RECOVERED_THIS_PASS,SRR11425883,SRR11425884,nanopore,NOT_RECOVERED_THIS_PASS,Chen2020,held_out_species,sent-test,Unicycler(-u); SKESA(-s)  [documented in source README; graphs NOT copied],2,COMPLETE_ACCESSIONS,https://www.ncbi.nlm.nih.gov/biosample/SAMN14450157,NONE - no GFA or label file copied (licence not documented)
small2_sent-SAMN14450158,SAMN14450158,BioSample,Salmonella enterica,NOT_IN_PUBLIC_METADATA_RECOVERED_THIS_PASS,SAMN14450158,NOT_RECOVERED_THIS_PASS,SRR11425881,SRR11425882,nanopore,NOT_RECOVERED_THIS_PASS,Chen2020,held_out_species,sent-test,Unicycler(-u); SKESA(-s)  [documented in source README; graphs NOT copied],2,COMPLETE_ACCESSIONS,https://www.ncbi.nlm.nih.gov/biosample/SAMN14450158,NONE - no GFA or label file copied (licence not documented)
small2_sent-SAMN14450159,SAMN14450159,BioSample,Salmonella enterica,NOT_IN_PUBLIC_METADATA_RECOVERED_THIS_PASS,SAMN14450159,NOT_RECOVERED_THIS_PASS,SRR11425879,SRR11425880,nanopore,NOT_RECOVERED_THIS_PASS,Chen2020,held_out_species,sent-test,Unicycler(-u); SKESA(-s)  [documented in source README; graphs NOT copied],2,COMPLETE_ACCESSIONS,https://www.ncbi.nlm.nih.gov/biosample/SAMN14450159,NONE - no GFA or label file copied (licence not documented)
small2_sent-SAMN14450160,SAMN14450160,BioSample,Salmonella enterica,NOT_IN_PUBLIC_METADATA_RECOVERED_THIS_PASS,SAMN14450160,NOT_RECOVERED_THIS_PASS,SRR11425876,SRR11425877,nanopore,NOT_RECOVERED_THIS_PASS,Chen2020,held_out_species,sent-test,Unicycler(-u); SKESA(-s)  [documented in source README; graphs NOT copied],2,COMPLETE_ACCESSIONS,https://www.ncbi.nlm.nih.gov/biosample/SAMN14450160,NONE - no GFA or label file copied (licence not documented)
small2_sent-SAMN14450161,SAMN14450161,BioSample,Salmonella enterica,NOT_IN_PUBLIC_METADATA_RECOVERED_THIS_PASS,SAMN14450161,NOT_RECOVERED_THIS_PASS,SRR11425874,SRR11425875,nanopore,NOT_RECOVERED_THIS_PASS,Chen2020,held_out_species,sent-test,Unicycler(-u); SKESA(-s)  [documented in source README; graphs NOT copied],2,COMPLETE_ACCESSIONS,https://www.ncbi.nlm.nih.gov/biosample/SAMN14450161,NONE - no GFA or label file copied (licence not documented)
small2_sent-SAMN14450162,SAMN14450162,BioSample,Salmonella enterica,NOT_IN_PUBLIC_METADATA_RECOVERED_THIS_PASS,SAMN14450162,NOT_RECOVERED_THIS_PASS,SRR11425872,SRR11425873,nanopore,NOT_RECOVERED_THIS_PASS,Chen2020,held_out_species,sent-test,Unicycler(-u); SKESA(-s)  [documented in source README; graphs NOT copied],2,COMPLETE_ACCESSIONS,https://www.ncbi.nlm.nih.gov/biosample/SAMN14450162,NONE - no GFA or label file copied (licence not documented)
small2_sent-SAMN14450163,SAMN14450163,BioSample,Salmonella enterica,NOT_IN_PUBLIC_METADATA_RECOVERED_THIS_PASS,SAMN14450163,NOT_RECOVERED_THIS_PASS,SRR11425870,SRR11425871,nanopore,NOT_RECOVERED_THIS_PASS,Chen2020,held_out_species,sent-test,Unicycler(-u); SKESA(-s)  [documented in source README; graphs NOT copied],2,COMPLETE_ACCESSIONS,https://www.ncbi.nlm.nih.gov/biosample/SAMN14450163,NONE - no GFA or label file copied (licence not documented)
small2_sent-SAMN14450164,SAMN14450164,BioSample,Salmonella enterica,NOT_IN_PUBLIC_METADATA_RECOVERED_THIS_PASS,SAMN14450164,NOT_RECOVERED_THIS_PASS,SRR11425868,SRR11425869,nanopore,NOT_RECOVERED_THIS_PASS,Chen2020,held_out_species,sent-test,Unicycler(-u); SKESA(-s)  [documented in source README; graphs NOT copied],2,COMPLETE_ACCESSIONS,https://www.ncbi.nlm.nih.gov/biosample/SAMN14450164,NONE - no GFA or label file copied (licence not documented)
small2_sent-SAMN14450165,SAMN14450165,BioSample,Salmonella enterica,NOT_IN_PUBLIC_METADATA_RECOVERED_THIS_PASS,SAMN14450165,NOT_RECOVERED_THIS_PASS,SRR11425865,SRR11425866,nanopore,NOT_RECOVERED_THIS_PASS,Chen2020,held_out_species,sent-test,Unicycler(-u); SKESA(-s)  [documented in source README; graphs NOT copied],2,COMPLETE_ACCESSIONS,https://www.ncbi.nlm.nih.gov/biosample/SAMN14450165,NONE - no GFA or label file copied (licence not documented)
small2_sent-SAMN14450166,SAMN14450166,BioSample,Salmonella enterica,NOT_IN_PUBLIC_METADATA_RECOVERED_THIS_PASS,SAMN14450166,NOT_RECOVERED_THIS_PASS,SRR11425863,SRR11425864,nanopore,NOT_RECOVERED_THIS_PASS,Chen2020,held_out_species,sent-test,Unicycler(-u); SKESA(-s)  [documented in source README; graphs NOT copied],2,COMPLETE_ACCESSIONS,https://www.ncbi.nlm.nih.gov/biosample/SAMN14450166,NONE - no GFA or label file copied (licence not documented)
small2_sent-SAMN14450167,SAMN14450167,BioSample,Salmonella enterica,NOT_IN_PUBLIC_METADATA_RECOVERED_THIS_PASS,SAMN14450167,NOT_RECOVERED_THIS_PASS,SRR11425861,SRR11425862,nanopore,NOT_RECOVERED_THIS_PASS,Chen2020,held_out_species,sent-test,Unicycler(-u); SKESA(-s)  [documented in source README; graphs NOT copied],2,COMPLETE_ACCESSIONS,https://www.ncbi.nlm.nih.gov/biosample/SAMN14450167,NONE - no GFA or label file copied (licence not documented)
small2_sent-SAMN14450168,SAMN14450168,BioSample,Salmonella enterica,NOT_IN_PUBLIC_METADATA_RECOVERED_THIS_PASS,SAMN14450168,NOT_RECOVERED_THIS_PASS,SRR11425859,SRR11425860,nanopore,NOT_RECOVERED_THIS_PASS,Chen2020,held_out_species,sent-test,Unicycler(-u); SKESA(-s)  [documented in source README; graphs NOT copied],2,COMPLETE_ACCESSIONS,https://www.ncbi.nlm.nih.gov/biosample/SAMN14450168,NONE - no GFA or label file copied (licence not documented)
small2_sent-SAMN14450169,SAMN14450169,BioSample,Salmonella enterica,NOT_IN_PUBLIC_METADATA_RECOVERED_THIS_PASS,SAMN14450169,NOT_RECOVERED_THIS_PASS,SRR11425857,SRR11425858,nanopore,NOT_RECOVERED_THIS_PASS,Chen2020,held_out_species,sent-test,Unicycler(-u); SKESA(-s)  [documented in source README; graphs NOT copied],2,COMPLETE_ACCESSIONS,https://www.ncbi.nlm.nih.gov/biosample/SAMN14450169,NONE - no GFA or label file copied (licence not documented)
small2_sent-SAMN14450170,SAMN14450170,BioSample,Salmonella enterica,NOT_IN_PUBLIC_METADATA_RECOVERED_THIS_PASS,SAMN14450170,NOT_RECOVERED_THIS_PASS,SRR11425854,SRR11425855,nanopore,NOT_RECOVERED_THIS_PASS,Chen2020,held_out_species,sent-test,Unicycler(-u); SKESA(-s)  [documented in source README; graphs NOT copied],2,COMPLETE_ACCESSIONS,https://www.ncbi.nlm.nih.gov/biosample/SAMN14450170,NONE - no GFA or label file copied (licence not documented)
small2_sent-SAMN14450171,SAMN14450171,BioSample,Salmonella enterica,NOT_IN_PUBLIC_METADATA_RECOVERED_THIS_PASS,SAMN14450171,NOT_RECOVERED_THIS_PASS,SRR11425852,SRR11425853,nanopore,NOT_RECOVERED_THIS_PASS,Chen2020,held_out_species,sent-test,Unicycler(-u); SKESA(-s)  [documented in source README; graphs NOT copied],2,COMPLETE_ACCESSIONS,https://www.ncbi.nlm.nih.gov/biosample/SAMN14450171,NONE - no GFA or label file copied (licence not documented)
small2_sent-SAMN14450172,SAMN14450172,BioSample,Salmonella enterica,NOT_IN_PUBLIC_METADATA_RECOVERED_THIS_PASS,SAMN14450172,NOT_RECOVERED_THIS_PASS,SRR11425850,SRR11425851,nanopore,NOT_RECOVERED_THIS_PASS,Chen2020,held_out_species,sent-test,Unicycler(-u); SKESA(-s)  [documented in source README; graphs NOT copied],2,COMPLETE_ACCESSIONS,https://www.ncbi.nlm.nih.gov/biosample/SAMN14450172,NONE - no GFA or label file copied (licence not documented)
small2_sent-SAMN14450173,SAMN14450173,BioSample,Salmonella enterica,NOT_IN_PUBLIC_METADATA_RECOVERED_THIS_PASS,SAMN14450173,NOT_RECOVERED_THIS_PASS,SRR11425848,SRR11425849,nanopore,NOT_RECOVERED_THIS_PASS,Chen2020,held_out_species,sent-test,Unicycler(-u); SKESA(-s)  [documented in source README; graphs NOT copied],2,COMPLETE_ACCESSIONS,https://www.ncbi.nlm.nih.gov/biosample/SAMN14450173,NONE - no GFA or label file copied (licence not documented)
small2_sent-SAMN14450174,SAMN14450174,BioSample,Salmonella enterica,NOT_IN_PUBLIC_METADATA_RECOVERED_THIS_PASS,SAMN14450174,NOT_RECOVERED_THIS_PASS,SRR11425846,SRR11425847,nanopore,NOT_RECOVERED_THIS_PASS,Chen2020,held_out_species,sent-test,Unicycler(-u); SKESA(-s)  [documented in source README; graphs NOT copied],2,COMPLETE_ACCESSIONS,https://www.ncbi.nlm.nih.gov/biosample/SAMN14450174,NONE - no GFA or label file copied (licence not documented)
