graph_row_id,biological_sample_id,canonical_sample_id,dataset_partition,species,strain,short_read_accession,long_read_accession,long_read_platform,biosample,bioproject,assembly_accession,graph_assembler,graph_filename,graph_present_at_pin,graph_bytes,label_filename,label_present_at_pin,label_bytes,label_schema,label_allowed_values,label_counts,coverage_field_availability,source_study,provenance_url,pinned_commit,licence_status,metadata_completeness
bacillus_bant-SAMN03024436-u,bacillus_bant-SAMN03024436,SAMN03024436,bacillus-test,Bacillus anthracis,NOT_IN_SOURCE_METADATA,SRR2155543,SRR2155545,pacbio,SAMN03024436,NOT_IN_SOURCE_METADATA,NOT_IN_SOURCE_METADATA,Unicycler,bacillus-test/bacillus_bant-SAMN03024436-u.gfa.gz,YES,1514884,bacillus-test/bacillus_bant-SAMN03024436-u.gfa.csv,YES,2548,contig|plasmid_score|chrom_score|label|length|chr_coverage|pl_coverage|un_coverage|hybrid_mapsto,plasmid;chromosome;ambiguous;unlabeled,NOT_PUBLISHED_IN_METADATA,IN_GFA: dp tag (Unicycler) / KC tag (SKESA),Johnson2015,https://github.com/fmfi-compbio/plasgraph2-datasets/blob/06cdf1524a9d424b5eb97628be26b87f854d398a/bacillus-test/bacillus_bant-SAMN03024436-u.gfa.gz,06cdf1524a9d424b5eb97628be26b87f854d398a,LICENCE_NOT_DOCUMENTED,COMPLETE_FOR_ACCESSIONS;MISSING_STRAIN_BIOPROJECT_ASSEMBLY
bacillus_bant-SAMN03024436-s,bacillus_bant-SAMN03024436,SAMN03024436,bacillus-test,Bacillus anthracis,NOT_IN_SOURCE_METADATA,SRR2155543,SRR2155545,pacbio,SAMN03024436,NOT_IN_SOURCE_METADATA,NOT_IN_SOURCE_METADATA,SKESA,bacillus-test/bacillus_bant-SAMN03024436-s.gfa.gz,YES,1522295,bacillus-test/bacillus_bant-SAMN03024436-s.gfa.csv,YES,16849,contig|plasmid_score|chrom_score|label|length|chr_coverage|pl_coverage|un_coverage|hybrid_mapsto,plasmid;chromosome;ambiguous;unlabeled,NOT_PUBLISHED_IN_METADATA,IN_GFA: dp tag (Unicycler) / KC tag (SKESA),Johnson2015,https://github.com/fmfi-compbio/plasgraph2-datasets/blob/06cdf1524a9d424b5eb97628be26b87f854d398a/bacillus-test/bacillus_bant-SAMN03024436-s.gfa.gz,06cdf1524a9d424b5eb97628be26b87f854d398a,LICENCE_NOT_DOCUMENTED,COMPLETE_FOR_ACCESSIONS;MISSING_STRAIN_BIOPROJECT_ASSEMBLY
bacillus_bant-SAMN03092715-u,bacillus_bant-SAMN03092715,SAMN03092715,bacillus-test,Bacillus anthracis,NOT_IN_SOURCE_METADATA,SRR2164194,SRR2157177,pacbio,SAMN03092715,NOT_IN_SOURCE_METADATA,NOT_IN_SOURCE_METADATA,Unicycler,bacillus-test/bacillus_bant-SAMN03092715-u.gfa.gz,YES,1509739,bacillus-test/bacillus_bant-SAMN03092715-u.gfa.csv,YES,5590,contig|plasmid_score|chrom_score|label|length|chr_coverage|pl_coverage|un_coverage|hybrid_mapsto,plasmid;chromosome;ambiguous;unlabeled,NOT_PUBLISHED_IN_METADATA,IN_GFA: dp tag (Unicycler) / KC tag (SKESA),Johnson2015,https://github.com/fmfi-compbio/plasgraph2-datasets/blob/06cdf1524a9d424b5eb97628be26b87f854d398a/bacillus-test/bacillus_bant-SAMN03092715-u.gfa.gz,06cdf1524a9d424b5eb97628be26b87f854d398a,LICENCE_NOT_DOCUMENTED,COMPLETE_FOR_ACCESSIONS;MISSING_STRAIN_BIOPROJECT_ASSEMBLY
bacillus_bant-SAMN03092715-s,bacillus_bant-SAMN03092715,SAMN03092715,bacillus-test,Bacillus anthracis,NOT_IN_SOURCE_METADATA,SRR2164194,SRR2157177,pacbio,SAMN03092715,NOT_IN_SOURCE_METADATA,NOT_IN_SOURCE_METADATA,SKESA,bacillus-test/bacillus_bant-SAMN03092715-s.gfa.gz,YES,1612911,bacillus-test/bacillus_bant-SAMN03092715-s.gfa.csv,YES,106573,contig|plasmid_score|chrom_score|label|length|chr_coverage|pl_coverage|un_coverage|hybrid_mapsto,plasmid;chromosome;ambiguous;unlabeled,NOT_PUBLISHED_IN_METADATA,IN_GFA: dp tag (Unicycler) / KC tag (SKESA),Johnson2015,https://github.com/fmfi-compbio/plasgraph2-datasets/blob/06cdf1524a9d424b5eb97628be26b87f854d398a/bacillus-test/bacillus_bant-SAMN03092715-s.gfa.gz,06cdf1524a9d424b5eb97628be26b87f854d398a,LICENCE_NOT_DOCUMENTED,COMPLETE_FOR_ACCESSIONS;MISSING_STRAIN_BIOPROJECT_ASSEMBLY
bacillus_bcer-SAMD00203322-u,bacillus_bcer-SAMD00203322,SAMD00203322,bacillus-test,Bacillus cereus,NOT_IN_SOURCE_METADATA,DRR206362,DRR206386,nanopore,SAMD00203322,NOT_IN_SOURCE_METADATA,NOT_IN_SOURCE_METADATA,Unicycler,bacillus-test/bacillus_bcer-SAMD00203322-u.gfa.gz,YES,1576868,bacillus-test/bacillus_bcer-SAMD00203322-u.gfa.csv,YES,20280,contig|plasmid_score|chrom_score|label|length|chr_coverage|pl_coverage|un_coverage|hybrid_mapsto,plasmid;chromosome;ambiguous;unlabeled,NOT_PUBLISHED_IN_METADATA,IN_GFA: dp tag (Unicycler) / KC tag (SKESA),Furuta2022,https://github.com/fmfi-compbio/plasgraph2-datasets/blob/06cdf1524a9d424b5eb97628be26b87f854d398a/bacillus-test/bacillus_bcer-SAMD00203322-u.gfa.gz,06cdf1524a9d424b5eb97628be26b87f854d398a,LICENCE_NOT_DOCUMENTED,COMPLETE_FOR_ACCESSIONS;MISSING_STRAIN_BIOPROJECT_ASSEMBLY
bacillus_bcer-SAMD00203322-s,bacillus_bcer-SAMD00203322,SAMD00203322,bacillus-test,Bacillus cereus,NOT_IN_SOURCE_METADATA,DRR206362,DRR206386,nanopore,SAMD00203322,NOT_IN_SOURCE_METADATA,NOT_IN_SOURCE_METADATA,SKESA,bacillus-test/bacillus_bcer-SAMD00203322-s.gfa.gz,YES,1609905,bacillus-test/bacillus_bcer-SAMD00203322-s.gfa.csv,YES,37420,contig|plasmid_score|chrom_score|label|length|chr_coverage|pl_coverage|un_coverage|hybrid_mapsto,plasmid;chromosome;ambiguous;unlabeled,NOT_PUBLISHED_IN_METADATA,IN_GFA: dp tag (Unicycler) / KC tag (SKESA),Furuta2022,https://github.com/fmfi-compbio/plasgraph2-datasets/blob/06cdf1524a9d424b5eb97628be26b87f854d398a/bacillus-test/bacillus_bcer-SAMD00203322-s.gfa.gz,06cdf1524a9d424b5eb97628be26b87f854d398a,LICENCE_NOT_DOCUMENTED,COMPLETE_FOR_ACCESSIONS;MISSING_STRAIN_BIOPROJECT_ASSEMBLY
bacillus_bcer-SAMD00203323-u,bacillus_bcer-SAMD00203323,SAMD00203323,bacillus-test,Bacillus cereus,NOT_IN_SOURCE_METADATA,DRR206363,DRR206387,nanopore,SAMD00203323,NOT_IN_SOURCE_METADATA,NOT_IN_SOURCE_METADATA,Unicycler,bacillus-test/bacillus_bcer-SAMD00203323-u.gfa.gz,YES,1580007,bacillus-test/bacillus_bcer-SAMD00203323-u.gfa.csv,YES,20976,contig|plasmid_score|chrom_score|label|length|chr_coverage|pl_coverage|un_coverage|hybrid_mapsto,plasmid;chromosome;ambiguous;unlabeled,NOT_PUBLISHED_IN_METADATA,IN_GFA: dp tag (Unicycler) / KC tag (SKESA),Furuta2022,https://github.com/fmfi-compbio/plasgraph2-datasets/blob/06cdf1524a9d424b5eb97628be26b87f854d398a/bacillus-test/bacillus_bcer-SAMD00203323-u.gfa.gz,06cdf1524a9d424b5eb97628be26b87f854d398a,LICENCE_NOT_DOCUMENTED,COMPLETE_FOR_ACCESSIONS;MISSING_STRAIN_BIOPROJECT_ASSEMBLY
bacillus_bcer-SAMD00203323-s,bacillus_bcer-SAMD00203323,SAMD00203323,bacillus-test,Bacillus cereus,NOT_IN_SOURCE_METADATA,DRR206363,DRR206387,nanopore,SAMD00203323,NOT_IN_SOURCE_METADATA,NOT_IN_SOURCE_METADATA,SKESA,bacillus-test/bacillus_bcer-SAMD00203323-s.gfa.gz,YES,1604153,bacillus-test/bacillus_bcer-SAMD00203323-s.gfa.csv,YES,39640,contig|plasmid_score|chrom_score|label|length|chr_coverage|pl_coverage|un_coverage|hybrid_mapsto,plasmid;chromosome;ambiguous;unlabeled,NOT_PUBLISHED_IN_METADATA,IN_GFA: dp tag (Unicycler) / KC tag (SKESA),Furuta2022,https://github.com/fmfi-compbio/plasgraph2-datasets/blob/06cdf1524a9d424b5eb97628be26b87f854d398a/bacillus-test/bacillus_bcer-SAMD00203323-s.gfa.gz,06cdf1524a9d424b5eb97628be26b87f854d398a,LICENCE_NOT_DOCUMENTED,COMPLETE_FOR_ACCESSIONS;MISSING_STRAIN_BIOPROJECT_ASSEMBLY
bacillus_bcer-SAMD00203324-u,bacillus_bcer-SAMD00203324,SAMD00203324,bacillus-test,Bacillus cereus,NOT_IN_SOURCE_METADATA,DRR206364,DRR206388,nanopore,SAMD00203324,NOT_IN_SOURCE_METADATA,NOT_IN_SOURCE_METADATA,Unicycler,bacillus-test/bacillus_bcer-SAMD00203324-u.gfa.gz,YES,1595017,bacillus-test/bacillus_bcer-SAMD00203324-u.gfa.csv,YES,23946,contig|plasmid_score|chrom_score|label|length|chr_coverage|pl_coverage|un_coverage|hybrid_mapsto,plasmid;chromosome;ambiguous;unlabeled,NOT_PUBLISHED_IN_METADATA,IN_GFA: dp tag (Unicycler) / KC tag (SKESA),Furuta2022,https://github.com/fmfi-compbio/plasgraph2-datasets/blob/06cdf1524a9d424b5eb97628be26b87f854d398a/bacillus-test/bacillus_bcer-SAMD00203324-u.gfa.gz,06cdf1524a9d424b5eb97628be26b87f854d398a,LICENCE_NOT_DOCUMENTED,COMPLETE_FOR_ACCESSIONS;MISSING_STRAIN_BIOPROJECT_ASSEMBLY
bacillus_bcer-SAMD00203324-s,bacillus_bcer-SAMD00203324,SAMD00203324,bacillus-test,Bacillus cereus,NOT_IN_SOURCE_METADATA,DRR206364,DRR206388,nanopore,SAMD00203324,NOT_IN_SOURCE_METADATA,NOT_IN_SOURCE_METADATA,SKESA,bacillus-test/bacillus_bcer-SAMD00203324-s.gfa.gz,YES,1621205,bacillus-test/bacillus_bcer-SAMD00203324-s.gfa.csv,YES,55642,contig|plasmid_score|chrom_score|label|length|chr_coverage|pl_coverage|un_coverage|hybrid_mapsto,plasmid;chromosome;ambiguous;unlabeled,NOT_PUBLISHED_IN_METADATA,IN_GFA: dp tag (Unicycler) / KC tag (SKESA),Furuta2022,https://github.com/fmfi-compbio/plasgraph2-datasets/blob/06cdf1524a9d424b5eb97628be26b87f854d398a/bacillus-test/bacillus_bcer-SAMD00203324-s.gfa.gz,06cdf1524a9d424b5eb97628be26b87f854d398a,LICENCE_NOT_DOCUMENTED,COMPLETE_FOR_ACCESSIONS;MISSING_STRAIN_BIOPROJECT_ASSEMBLY
bacillus_bcer-SAMD00203325-u,bacillus_bcer-SAMD00203325,SAMD00203325,bacillus-test,Bacillus cereus,NOT_IN_SOURCE_METADATA,DRR206365,DRR206389,nanopore,SAMD00203325,NOT_IN_SOURCE_METADATA,NOT_IN_SOURCE_METADATA,Unicycler,bacillus-test/bacillus_bcer-SAMD00203325-u.gfa.gz,YES,1504573,bacillus-test/bacillus_bcer-SAMD00203325-u.gfa.csv,YES,24147,contig|plasmid_score|chrom_score|label|length|chr_coverage|pl_coverage|un_coverage|hybrid_mapsto,plasmid;chromosome;ambiguous;unlabeled,NOT_PUBLISHED_IN_METADATA,IN_GFA: dp tag (Unicycler) / KC tag (SKESA),Furuta2022,https://github.com/fmfi-compbio/plasgraph2-datasets/blob/06cdf1524a9d424b5eb97628be26b87f854d398a/bacillus-test/bacillus_bcer-SAMD00203325-u.gfa.gz,06cdf1524a9d424b5eb97628be26b87f854d398a,LICENCE_NOT_DOCUMENTED,COMPLETE_FOR_ACCESSIONS;MISSING_STRAIN_BIOPROJECT_ASSEMBLY
bacillus_bcer-SAMD00203325-s,bacillus_bcer-SAMD00203325,SAMD00203325,bacillus-test,Bacillus cereus,NOT_IN_SOURCE_METADATA,DRR206365,DRR206389,nanopore,SAMD00203325,NOT_IN_SOURCE_METADATA,NOT_IN_SOURCE_METADATA,SKESA,bacillus-test/bacillus_bcer-SAMD00203325-s.gfa.gz,YES,1531812,bacillus-test/bacillus_bcer-SAMD00203325-s.gfa.csv,YES,59915,contig|plasmid_score|chrom_score|label|length|chr_coverage|pl_coverage|un_coverage|hybrid_mapsto,plasmid;chromosome;ambiguous;unlabeled,NOT_PUBLISHED_IN_METADATA,IN_GFA: dp tag (Unicycler) / KC tag (SKESA),Furuta2022,https://github.com/fmfi-compbio/plasgraph2-datasets/blob/06cdf1524a9d424b5eb97628be26b87f854d398a/bacillus-test/bacillus_bcer-SAMD00203325-s.gfa.gz,06cdf1524a9d424b5eb97628be26b87f854d398a,LICENCE_NOT_DOCUMENTED,COMPLETE_FOR_ACCESSIONS;MISSING_STRAIN_BIOPROJECT_ASSEMBLY
bacillus_bcer-SAMD00203326-u,bacillus_bcer-SAMD00203326,SAMD00203326,bacillus-test,Bacillus cereus,NOT_IN_SOURCE_METADATA,DRR206366,DRR206390,nanopore,SAMD00203326,NOT_IN_SOURCE_METADATA,NOT_IN_SOURCE_METADATA,Unicycler,bacillus-test/bacillus_bcer-SAMD00203326-u.gfa.gz,YES,1647493,bacillus-test/bacillus_bcer-SAMD00203326-u.gfa.csv,YES,25623,contig|plasmid_score|chrom_score|label|length|chr_coverage|pl_coverage|un_coverage|hybrid_mapsto,plasmid;chromosome;ambiguous;unlabeled,NOT_PUBLISHED_IN_METADATA,IN_GFA: dp tag (Unicycler) / KC tag (SKESA),Furuta2022,https://github.com/fmfi-compbio/plasgraph2-datasets/blob/06cdf1524a9d424b5eb97628be26b87f854d398a/bacillus-test/bacillus_bcer-SAMD00203326-u.gfa.gz,06cdf1524a9d424b5eb97628be26b87f854d398a,LICENCE_NOT_DOCUMENTED,COMPLETE_FOR_ACCESSIONS;MISSING_STRAIN_BIOPROJECT_ASSEMBLY
bacillus_bcer-SAMD00203326-s,bacillus_bcer-SAMD00203326,SAMD00203326,bacillus-test,Bacillus cereus,NOT_IN_SOURCE_METADATA,DRR206366,DRR206390,nanopore,SAMD00203326,NOT_IN_SOURCE_METADATA,NOT_IN_SOURCE_METADATA,SKESA,bacillus-test/bacillus_bcer-SAMD00203326-s.gfa.gz,YES,1687706,bacillus-test/bacillus_bcer-SAMD00203326-s.gfa.csv,YES,52909,contig|plasmid_score|chrom_score|label|length|chr_coverage|pl_coverage|un_coverage|hybrid_mapsto,plasmid;chromosome;ambiguous;unlabeled,NOT_PUBLISHED_IN_METADATA,IN_GFA: dp tag (Unicycler) / KC tag (SKESA),Furuta2022,https://github.com/fmfi-compbio/plasgraph2-datasets/blob/06cdf1524a9d424b5eb97628be26b87f854d398a/bacillus-test/bacillus_bcer-SAMD00203326-s.gfa.gz,06cdf1524a9d424b5eb97628be26b87f854d398a,LICENCE_NOT_DOCUMENTED,COMPLETE_FOR_ACCESSIONS;MISSING_STRAIN_BIOPROJECT_ASSEMBLY
bacillus_bcer-SAMD00203327-u,bacillus_bcer-SAMD00203327,SAMD00203327,bacillus-test,Bacillus cereus,NOT_IN_SOURCE_METADATA,DRR206367,DRR206391,nanopore,SAMD00203327,NOT_IN_SOURCE_METADATA,NOT_IN_SOURCE_METADATA,Unicycler,bacillus-test/bacillus_bcer-SAMD00203327-u.gfa.gz,YES,1557394,bacillus-test/bacillus_bcer-SAMD00203327-u.gfa.csv,YES,26440,contig|plasmid_score|chrom_score|label|length|chr_coverage|pl_coverage|un_coverage|hybrid_mapsto,plasmid;chromosome;ambiguous;unlabeled,NOT_PUBLISHED_IN_METADATA,IN_GFA: dp tag (Unicycler) / KC tag (SKESA),Furuta2022,https://github.com/fmfi-compbio/plasgraph2-datasets/blob/06cdf1524a9d424b5eb97628be26b87f854d398a/bacillus-test/bacillus_bcer-SAMD00203327-u.gfa.gz,06cdf1524a9d424b5eb97628be26b87f854d398a,LICENCE_NOT_DOCUMENTED,COMPLETE_FOR_ACCESSIONS;MISSING_STRAIN_BIOPROJECT_ASSEMBLY
bacillus_bcer-SAMD00203327-s,bacillus_bcer-SAMD00203327,SAMD00203327,bacillus-test,Bacillus cereus,NOT_IN_SOURCE_METADATA,DRR206367,DRR206391,nanopore,SAMD00203327,NOT_IN_SOURCE_METADATA,NOT_IN_SOURCE_METADATA,SKESA,bacillus-test/bacillus_bcer-SAMD00203327-s.gfa.gz,YES,1596350,bacillus-test/bacillus_bcer-SAMD00203327-s.gfa.csv,YES,54682,contig|plasmid_score|chrom_score|label|length|chr_coverage|pl_coverage|un_coverage|hybrid_mapsto,plasmid;chromosome;ambiguous;unlabeled,NOT_PUBLISHED_IN_METADATA,IN_GFA: dp tag (Unicycler) / KC tag (SKESA),Furuta2022,https://github.com/fmfi-compbio/plasgraph2-datasets/blob/06cdf1524a9d424b5eb97628be26b87f854d398a/bacillus-test/bacillus_bcer-SAMD00203327-s.gfa.gz,06cdf1524a9d424b5eb97628be26b87f854d398a,LICENCE_NOT_DOCUMENTED,COMPLETE_FOR_ACCESSIONS;MISSING_STRAIN_BIOPROJECT_ASSEMBLY
bacillus_bcer-SAMD00203328-u,bacillus_bcer-SAMD00203328,SAMD00203328,bacillus-test,Bacillus cereus,NOT_IN_SOURCE_METADATA,DRR206368,DRR206392,nanopore,SAMD00203328,NOT_IN_SOURCE_METADATA,NOT_IN_SOURCE_METADATA,Unicycler,bacillus-test/bacillus_bcer-SAMD00203328-u.gfa.gz,YES,1578195,bacillus-test/bacillus_bcer-SAMD00203328-u.gfa.csv,YES,18490,contig|plasmid_score|chrom_score|label|length|chr_coverage|pl_coverage|un_coverage|hybrid_mapsto,plasmid;chromosome;ambiguous;unlabeled,NOT_PUBLISHED_IN_METADATA,IN_GFA: dp tag (Unicycler) / KC tag (SKESA),Furuta2022,https://github.com/fmfi-compbio/plasgraph2-datasets/blob/06cdf1524a9d424b5eb97628be26b87f854d398a/bacillus-test/bacillus_bcer-SAMD00203328-u.gfa.gz,06cdf1524a9d424b5eb97628be26b87f854d398a,LICENCE_NOT_DOCUMENTED,COMPLETE_FOR_ACCESSIONS;MISSING_STRAIN_BIOPROJECT_ASSEMBLY
bacillus_bcer-SAMD00203328-s,bacillus_bcer-SAMD00203328,SAMD00203328,bacillus-test,Bacillus cereus,NOT_IN_SOURCE_METADATA,DRR206368,DRR206392,nanopore,SAMD00203328,NOT_IN_SOURCE_METADATA,NOT_IN_SOURCE_METADATA,SKESA,bacillus-test/bacillus_bcer-SAMD00203328-s.gfa.gz,YES,1597838,bacillus-test/bacillus_bcer-SAMD00203328-s.gfa.csv,YES,37759,contig|plasmid_score|chrom_score|label|length|chr_coverage|pl_coverage|un_coverage|hybrid_mapsto,plasmid;chromosome;ambiguous;unlabeled,NOT_PUBLISHED_IN_METADATA,IN_GFA: dp tag (Unicycler) / KC tag (SKESA),Furuta2022,https://github.com/fmfi-compbio/plasgraph2-datasets/blob/06cdf1524a9d424b5eb97628be26b87f854d398a/bacillus-test/bacillus_bcer-SAMD00203328-s.gfa.gz,06cdf1524a9d424b5eb97628be26b87f854d398a,LICENCE_NOT_DOCUMENTED,COMPLETE_FOR_ACCESSIONS;MISSING_STRAIN_BIOPROJECT_ASSEMBLY
bacillus_bcer-SAMD00203329-u,bacillus_bcer-SAMD00203329,SAMD00203329,bacillus-test,Bacillus cereus,NOT_IN_SOURCE_METADATA,DRR206369,DRR206393,nanopore,SAMD00203329,NOT_IN_SOURCE_METADATA,NOT_IN_SOURCE_METADATA,Unicycler,bacillus-test/bacillus_bcer-SAMD00203329-u.gfa.gz,YES,1592275,bacillus-test/bacillus_bcer-SAMD00203329-u.gfa.csv,YES,13789,contig|plasmid_score|chrom_score|label|length|chr_coverage|pl_coverage|un_coverage|hybrid_mapsto,plasmid;chromosome;ambiguous;unlabeled,NOT_PUBLISHED_IN_METADATA,IN_GFA: dp tag (Unicycler) / KC tag (SKESA),Furuta2022,https://github.com/fmfi-compbio/plasgraph2-datasets/blob/06cdf1524a9d424b5eb97628be26b87f854d398a/bacillus-test/bacillus_bcer-SAMD00203329-u.gfa.gz,06cdf1524a9d424b5eb97628be26b87f854d398a,LICENCE_NOT_DOCUMENTED,COMPLETE_FOR_ACCESSIONS;MISSING_STRAIN_BIOPROJECT_ASSEMBLY
bacillus_bcer-SAMD00203329-s,bacillus_bcer-SAMD00203329,SAMD00203329,bacillus-test,Bacillus cereus,NOT_IN_SOURCE_METADATA,DRR206369,DRR206393,nanopore,SAMD00203329,NOT_IN_SOURCE_METADATA,NOT_IN_SOURCE_METADATA,SKESA,bacillus-test/bacillus_bcer-SAMD00203329-s.gfa.gz,YES,1609558,bacillus-test/bacillus_bcer-SAMD00203329-s.gfa.csv,YES,31744,contig|plasmid_score|chrom_score|label|length|chr_coverage|pl_coverage|un_coverage|hybrid_mapsto,plasmid;chromosome;ambiguous;unlabeled,NOT_PUBLISHED_IN_METADATA,IN_GFA: dp tag (Unicycler) / KC tag (SKESA),Furuta2022,https://github.com/fmfi-compbio/plasgraph2-datasets/blob/06cdf1524a9d424b5eb97628be26b87f854d398a/bacillus-test/bacillus_bcer-SAMD00203329-s.gfa.gz,06cdf1524a9d424b5eb97628be26b87f854d398a,LICENCE_NOT_DOCUMENTED,COMPLETE_FOR_ACCESSIONS;MISSING_STRAIN_BIOPROJECT_ASSEMBLY
bacillus_bcer-SAMD00203330-u,bacillus_bcer-SAMD00203330,SAMD00203330,bacillus-test,Bacillus cereus,NOT_IN_SOURCE_METADATA,DRR206370,DRR206394,nanopore,SAMD00203330,NOT_IN_SOURCE_METADATA,NOT_IN_SOURCE_METADATA,Unicycler,bacillus-test/bacillus_bcer-SAMD00203330-u.gfa.gz,YES,1601636,bacillus-test/bacillus_bcer-SAMD00203330-u.gfa.csv,YES,17224,contig|plasmid_score|chrom_score|label|length|chr_coverage|pl_coverage|un_coverage|hybrid_mapsto,plasmid;chromosome;ambiguous;unlabeled,NOT_PUBLISHED_IN_METADATA,IN_GFA: dp tag (Unicycler) / KC tag (SKESA),Furuta2022,https://github.com/fmfi-compbio/plasgraph2-datasets/blob/06cdf1524a9d424b5eb97628be26b87f854d398a/bacillus-test/bacillus_bcer-SAMD00203330-u.gfa.gz,06cdf1524a9d424b5eb97628be26b87f854d398a,LICENCE_NOT_DOCUMENTED,COMPLETE_FOR_ACCESSIONS;MISSING_STRAIN_BIOPROJECT_ASSEMBLY
bacillus_bcer-SAMD00203330-s,bacillus_bcer-SAMD00203330,SAMD00203330,bacillus-test,Bacillus cereus,NOT_IN_SOURCE_METADATA,DRR206370,DRR206394,nanopore,SAMD00203330,NOT_IN_SOURCE_METADATA,NOT_IN_SOURCE_METADATA,SKESA,bacillus-test/bacillus_bcer-SAMD00203330-s.gfa.gz,YES,1626543,bacillus-test/bacillus_bcer-SAMD00203330-s.gfa.csv,YES,33474,contig|plasmid_score|chrom_score|label|length|chr_coverage|pl_coverage|un_coverage|hybrid_mapsto,plasmid;chromosome;ambiguous;unlabeled,NOT_PUBLISHED_IN_METADATA,IN_GFA: dp tag (Unicycler) / KC tag (SKESA),Furuta2022,https://github.com/fmfi-compbio/plasgraph2-datasets/blob/06cdf1524a9d424b5eb97628be26b87f854d398a/bacillus-test/bacillus_bcer-SAMD00203330-s.gfa.gz,06cdf1524a9d424b5eb97628be26b87f854d398a,LICENCE_NOT_DOCUMENTED,COMPLETE_FOR_ACCESSIONS;MISSING_STRAIN_BIOPROJECT_ASSEMBLY
bacillus_bcer-SAMD00203331-u,bacillus_bcer-SAMD00203331,SAMD00203331,bacillus-test,Bacillus cereus,NOT_IN_SOURCE_METADATA,DRR206371,DRR206395,nanopore,SAMD00203331,NOT_IN_SOURCE_METADATA,NOT_IN_SOURCE_METADATA,Unicycler,bacillus-test/bacillus_bcer-SAMD00203331-u.gfa.gz,YES,1621520,bacillus-test/bacillus_bcer-SAMD00203331-u.gfa.csv,YES,25886,contig|plasmid_score|chrom_score|label|length|chr_coverage|pl_coverage|un_coverage|hybrid_mapsto,plasmid;chromosome;ambiguous;unlabeled,NOT_PUBLISHED_IN_METADATA,IN_GFA: dp tag (Unicycler) / KC tag (SKESA),Furuta2022,https://github.com/fmfi-compbio/plasgraph2-datasets/blob/06cdf1524a9d424b5eb97628be26b87f854d398a/bacillus-test/bacillus_bcer-SAMD00203331-u.gfa.gz,06cdf1524a9d424b5eb97628be26b87f854d398a,LICENCE_NOT_DOCUMENTED,COMPLETE_FOR_ACCESSIONS;MISSING_STRAIN_BIOPROJECT_ASSEMBLY
bacillus_bcer-SAMD00203331-s,bacillus_bcer-SAMD00203331,SAMD00203331,bacillus-test,Bacillus cereus,NOT_IN_SOURCE_METADATA,DRR206371,DRR206395,nanopore,SAMD00203331,NOT_IN_SOURCE_METADATA,NOT_IN_SOURCE_METADATA,SKESA,bacillus-test/bacillus_bcer-SAMD00203331-s.gfa.gz,YES,1654308,bacillus-test/bacillus_bcer-SAMD00203331-s.gfa.csv,YES,53152,contig|plasmid_score|chrom_score|label|length|chr_coverage|pl_coverage|un_coverage|hybrid_mapsto,plasmid;chromosome;ambiguous;unlabeled,NOT_PUBLISHED_IN_METADATA,IN_GFA: dp tag (Unicycler) / KC tag (SKESA),Furuta2022,https://github.com/fmfi-compbio/plasgraph2-datasets/blob/06cdf1524a9d424b5eb97628be26b87f854d398a/bacillus-test/bacillus_bcer-SAMD00203331-s.gfa.gz,06cdf1524a9d424b5eb97628be26b87f854d398a,LICENCE_NOT_DOCUMENTED,COMPLETE_FOR_ACCESSIONS;MISSING_STRAIN_BIOPROJECT_ASSEMBLY
bacillus_bcer-SAMD00203332-u,bacillus_bcer-SAMD00203332,SAMD00203332,bacillus-test,Bacillus cereus,NOT_IN_SOURCE_METADATA,DRR206372,DRR206396,nanopore,SAMD00203332,NOT_IN_SOURCE_METADATA,NOT_IN_SOURCE_METADATA,Unicycler,bacillus-test/bacillus_bcer-SAMD00203332-u.gfa.gz,YES,1599928,bacillus-test/bacillus_bcer-SAMD00203332-u.gfa.csv,YES,26861,contig|plasmid_score|chrom_score|label|length|chr_coverage|pl_coverage|un_coverage|hybrid_mapsto,plasmid;chromosome;ambiguous;unlabeled,NOT_PUBLISHED_IN_METADATA,IN_GFA: dp tag (Unicycler) / KC tag (SKESA),Furuta2022,https://github.com/fmfi-compbio/plasgraph2-datasets/blob/06cdf1524a9d424b5eb97628be26b87f854d398a/bacillus-test/bacillus_bcer-SAMD00203332-u.gfa.gz,06cdf1524a9d424b5eb97628be26b87f854d398a,LICENCE_NOT_DOCUMENTED,COMPLETE_FOR_ACCESSIONS;MISSING_STRAIN_BIOPROJECT_ASSEMBLY
bacillus_bcer-SAMD00203332-s,bacillus_bcer-SAMD00203332,SAMD00203332,bacillus-test,Bacillus cereus,NOT_IN_SOURCE_METADATA,DRR206372,DRR206396,nanopore,SAMD00203332,NOT_IN_SOURCE_METADATA,NOT_IN_SOURCE_METADATA,SKESA,bacillus-test/bacillus_bcer-SAMD00203332-s.gfa.gz,YES,1645146,bacillus-test/bacillus_bcer-SAMD00203332-s.gfa.csv,YES,59505,contig|plasmid_score|chrom_score|label|length|chr_coverage|pl_coverage|un_coverage|hybrid_mapsto,plasmid;chromosome;ambiguous;unlabeled,NOT_PUBLISHED_IN_METADATA,IN_GFA: dp tag (Unicycler) / KC tag (SKESA),Furuta2022,https://github.com/fmfi-compbio/plasgraph2-datasets/blob/06cdf1524a9d424b5eb97628be26b87f854d398a/bacillus-test/bacillus_bcer-SAMD00203332-s.gfa.gz,06cdf1524a9d424b5eb97628be26b87f854d398a,LICENCE_NOT_DOCUMENTED,COMPLETE_FOR_ACCESSIONS;MISSING_STRAIN_BIOPROJECT_ASSEMBLY
bacillus_bcer-SAMD00203333-u,bacillus_bcer-SAMD00203333,SAMD00203333,bacillus-test,Bacillus cereus,NOT_IN_SOURCE_METADATA,DRR206373,DRR206397,nanopore,SAMD00203333,NOT_IN_SOURCE_METADATA,NOT_IN_SOURCE_METADATA,Unicycler,bacillus-test/bacillus_bcer-SAMD00203333-u.gfa.gz,YES,1566077,bacillus-test/bacillus_bcer-SAMD00203333-u.gfa.csv,YES,28018,contig|plasmid_score|chrom_score|label|length|chr_coverage|pl_coverage|un_coverage|hybrid_mapsto,plasmid;chromosome;ambiguous;unlabeled,NOT_PUBLISHED_IN_METADATA,IN_GFA: dp tag (Unicycler) / KC tag (SKESA),Furuta2022,https://github.com/fmfi-compbio/plasgraph2-datasets/blob/06cdf1524a9d424b5eb97628be26b87f854d398a/bacillus-test/bacillus_bcer-SAMD00203333-u.gfa.gz,06cdf1524a9d424b5eb97628be26b87f854d398a,LICENCE_NOT_DOCUMENTED,COMPLETE_FOR_ACCESSIONS;MISSING_STRAIN_BIOPROJECT_ASSEMBLY
bacillus_bcer-SAMD00203333-s,bacillus_bcer-SAMD00203333,SAMD00203333,bacillus-test,Bacillus cereus,NOT_IN_SOURCE_METADATA,DRR206373,DRR206397,nanopore,SAMD00203333,NOT_IN_SOURCE_METADATA,NOT_IN_SOURCE_METADATA,SKESA,bacillus-test/bacillus_bcer-SAMD00203333-s.gfa.gz,YES,1605178,bacillus-test/bacillus_bcer-SAMD00203333-s.gfa.csv,YES,59977,contig|plasmid_score|chrom_score|label|length|chr_coverage|pl_coverage|un_coverage|hybrid_mapsto,plasmid;chromosome;ambiguous;unlabeled,NOT_PUBLISHED_IN_METADATA,IN_GFA: dp tag (Unicycler) / KC tag (SKESA),Furuta2022,https://github.com/fmfi-compbio/plasgraph2-datasets/blob/06cdf1524a9d424b5eb97628be26b87f854d398a/bacillus-test/bacillus_bcer-SAMD00203333-s.gfa.gz,06cdf1524a9d424b5eb97628be26b87f854d398a,LICENCE_NOT_DOCUMENTED,COMPLETE_FOR_ACCESSIONS;MISSING_STRAIN_BIOPROJECT_ASSEMBLY
bacillus_bcer-SAMD00203334-u,bacillus_bcer-SAMD00203334,SAMD00203334,bacillus-test,Bacillus cereus,NOT_IN_SOURCE_METADATA,DRR206374,DRR206398,nanopore,SAMD00203334,NOT_IN_SOURCE_METADATA,NOT_IN_SOURCE_METADATA,Unicycler,bacillus-test/bacillus_bcer-SAMD00203334-u.gfa.gz,YES,1569657,bacillus-test/bacillus_bcer-SAMD00203334-u.gfa.csv,YES,24651,contig|plasmid_score|chrom_score|label|length|chr_coverage|pl_coverage|un_coverage|hybrid_mapsto,plasmid;chromosome;ambiguous;unlabeled,NOT_PUBLISHED_IN_METADATA,IN_GFA: dp tag (Unicycler) / KC tag (SKESA),Furuta2022,https://github.com/fmfi-compbio/plasgraph2-datasets/blob/06cdf1524a9d424b5eb97628be26b87f854d398a/bacillus-test/bacillus_bcer-SAMD00203334-u.gfa.gz,06cdf1524a9d424b5eb97628be26b87f854d398a,LICENCE_NOT_DOCUMENTED,COMPLETE_FOR_ACCESSIONS;MISSING_STRAIN_BIOPROJECT_ASSEMBLY
bacillus_bcer-SAMD00203334-s,bacillus_bcer-SAMD00203334,SAMD00203334,bacillus-test,Bacillus cereus,NOT_IN_SOURCE_METADATA,DRR206374,DRR206398,nanopore,SAMD00203334,NOT_IN_SOURCE_METADATA,NOT_IN_SOURCE_METADATA,SKESA,bacillus-test/bacillus_bcer-SAMD00203334-s.gfa.gz,YES,1588426,bacillus-test/bacillus_bcer-SAMD00203334-s.gfa.csv,YES,60441,contig|plasmid_score|chrom_score|label|length|chr_coverage|pl_coverage|un_coverage|hybrid_mapsto,plasmid;chromosome;ambiguous;unlabeled,NOT_PUBLISHED_IN_METADATA,IN_GFA: dp tag (Unicycler) / KC tag (SKESA),Furuta2022,https://github.com/fmfi-compbio/plasgraph2-datasets/blob/06cdf1524a9d424b5eb97628be26b87f854d398a/bacillus-test/bacillus_bcer-SAMD00203334-s.gfa.gz,06cdf1524a9d424b5eb97628be26b87f854d398a,LICENCE_NOT_DOCUMENTED,COMPLETE_FOR_ACCESSIONS;MISSING_STRAIN_BIOPROJECT_ASSEMBLY
bacillus_bcer-SAMD00203335-u,bacillus_bcer-SAMD00203335,SAMD00203335,bacillus-test,Bacillus cereus,NOT_IN_SOURCE_METADATA,DRR206375,DRR206399,nanopore,SAMD00203335,NOT_IN_SOURCE_METADATA,NOT_IN_SOURCE_METADATA,Unicycler,bacillus-test/bacillus_bcer-SAMD00203335-u.gfa.gz,YES,1590585,bacillus-test/bacillus_bcer-SAMD00203335-u.gfa.csv,YES,26396,contig|plasmid_score|chrom_score|label|length|chr_coverage|pl_coverage|un_coverage|hybrid_mapsto,plasmid;chromosome;ambiguous;unlabeled,NOT_PUBLISHED_IN_METADATA,IN_GFA: dp tag (Unicycler) / KC tag (SKESA),Furuta2022,https://github.com/fmfi-compbio/plasgraph2-datasets/blob/06cdf1524a9d424b5eb97628be26b87f854d398a/bacillus-test/bacillus_bcer-SAMD00203335-u.gfa.gz,06cdf1524a9d424b5eb97628be26b87f854d398a,LICENCE_NOT_DOCUMENTED,COMPLETE_FOR_ACCESSIONS;MISSING_STRAIN_BIOPROJECT_ASSEMBLY
bacillus_bcer-SAMD00203335-s,bacillus_bcer-SAMD00203335,SAMD00203335,bacillus-test,Bacillus cereus,NOT_IN_SOURCE_METADATA,DRR206375,DRR206399,nanopore,SAMD00203335,NOT_IN_SOURCE_METADATA,NOT_IN_SOURCE_METADATA,SKESA,bacillus-test/bacillus_bcer-SAMD00203335-s.gfa.gz,YES,1623333,bacillus-test/bacillus_bcer-SAMD00203335-s.gfa.csv,YES,53699,contig|plasmid_score|chrom_score|label|length|chr_coverage|pl_coverage|un_coverage|hybrid_mapsto,plasmid;chromosome;ambiguous;unlabeled,NOT_PUBLISHED_IN_METADATA,IN_GFA: dp tag (Unicycler) / KC tag (SKESA),Furuta2022,https://github.com/fmfi-compbio/plasgraph2-datasets/blob/06cdf1524a9d424b5eb97628be26b87f854d398a/bacillus-test/bacillus_bcer-SAMD00203335-s.gfa.gz,06cdf1524a9d424b5eb97628be26b87f854d398a,LICENCE_NOT_DOCUMENTED,COMPLETE_FOR_ACCESSIONS;MISSING_STRAIN_BIOPROJECT_ASSEMBLY
bacillus_bcer-SAMD00203336-u,bacillus_bcer-SAMD00203336,SAMD00203336,bacillus-test,Bacillus cereus,NOT_IN_SOURCE_METADATA,DRR206376,DRR206400,nanopore,SAMD00203336,NOT_IN_SOURCE_METADATA,NOT_IN_SOURCE_METADATA,Unicycler,bacillus-test/bacillus_bcer-SAMD00203336-u.gfa.gz,YES,1606170,bacillus-test/bacillus_bcer-SAMD00203336-u.gfa.csv,YES,23546,contig|plasmid_score|chrom_score|label|length|chr_coverage|pl_coverage|un_coverage|hybrid_mapsto,plasmid;chromosome;ambiguous;unlabeled,NOT_PUBLISHED_IN_METADATA,IN_GFA: dp tag (Unicycler) / KC tag (SKESA),Furuta2022,https://github.com/fmfi-compbio/plasgraph2-datasets/blob/06cdf1524a9d424b5eb97628be26b87f854d398a/bacillus-test/bacillus_bcer-SAMD00203336-u.gfa.gz,06cdf1524a9d424b5eb97628be26b87f854d398a,LICENCE_NOT_DOCUMENTED,COMPLETE_FOR_ACCESSIONS;MISSING_STRAIN_BIOPROJECT_ASSEMBLY
bacillus_bcer-SAMD00203336-s,bacillus_bcer-SAMD00203336,SAMD00203336,bacillus-test,Bacillus cereus,NOT_IN_SOURCE_METADATA,DRR206376,DRR206400,nanopore,SAMD00203336,NOT_IN_SOURCE_METADATA,NOT_IN_SOURCE_METADATA,SKESA,bacillus-test/bacillus_bcer-SAMD00203336-s.gfa.gz,YES,1633338,bacillus-test/bacillus_bcer-SAMD00203336-s.gfa.csv,YES,46349,contig|plasmid_score|chrom_score|label|length|chr_coverage|pl_coverage|un_coverage|hybrid_mapsto,plasmid;chromosome;ambiguous;unlabeled,NOT_PUBLISHED_IN_METADATA,IN_GFA: dp tag (Unicycler) / KC tag (SKESA),Furuta2022,https://github.com/fmfi-compbio/plasgraph2-datasets/blob/06cdf1524a9d424b5eb97628be26b87f854d398a/bacillus-test/bacillus_bcer-SAMD00203336-s.gfa.gz,06cdf1524a9d424b5eb97628be26b87f854d398a,LICENCE_NOT_DOCUMENTED,COMPLETE_FOR_ACCESSIONS;MISSING_STRAIN_BIOPROJECT_ASSEMBLY
bacillus_bcer-SAMD00203337-u,bacillus_bcer-SAMD00203337,SAMD00203337,bacillus-test,Bacillus cereus,NOT_IN_SOURCE_METADATA,DRR206377,DRR206401,nanopore,SAMD00203337,NOT_IN_SOURCE_METADATA,NOT_IN_SOURCE_METADATA,Unicycler,bacillus-test/bacillus_bcer-SAMD00203337-u.gfa.gz,YES,1588121,bacillus-test/bacillus_bcer-SAMD00203337-u.gfa.csv,YES,18437,contig|plasmid_score|chrom_score|label|length|chr_coverage|pl_coverage|un_coverage|hybrid_mapsto,plasmid;chromosome;ambiguous;unlabeled,NOT_PUBLISHED_IN_METADATA,IN_GFA: dp tag (Unicycler) / KC tag (SKESA),Furuta2022,https://github.com/fmfi-compbio/plasgraph2-datasets/blob/06cdf1524a9d424b5eb97628be26b87f854d398a/bacillus-test/bacillus_bcer-SAMD00203337-u.gfa.gz,06cdf1524a9d424b5eb97628be26b87f854d398a,LICENCE_NOT_DOCUMENTED,COMPLETE_FOR_ACCESSIONS;MISSING_STRAIN_BIOPROJECT_ASSEMBLY
bacillus_bcer-SAMD00203337-s,bacillus_bcer-SAMD00203337,SAMD00203337,bacillus-test,Bacillus cereus,NOT_IN_SOURCE_METADATA,DRR206377,DRR206401,nanopore,SAMD00203337,NOT_IN_SOURCE_METADATA,NOT_IN_SOURCE_METADATA,SKESA,bacillus-test/bacillus_bcer-SAMD00203337-s.gfa.gz,YES,1608933,bacillus-test/bacillus_bcer-SAMD00203337-s.gfa.csv,YES,33743,contig|plasmid_score|chrom_score|label|length|chr_coverage|pl_coverage|un_coverage|hybrid_mapsto,plasmid;chromosome;ambiguous;unlabeled,NOT_PUBLISHED_IN_METADATA,IN_GFA: dp tag (Unicycler) / KC tag (SKESA),Furuta2022,https://github.com/fmfi-compbio/plasgraph2-datasets/blob/06cdf1524a9d424b5eb97628be26b87f854d398a/bacillus-test/bacillus_bcer-SAMD00203337-s.gfa.gz,06cdf1524a9d424b5eb97628be26b87f854d398a,LICENCE_NOT_DOCUMENTED,COMPLETE_FOR_ACCESSIONS;MISSING_STRAIN_BIOPROJECT_ASSEMBLY
bacillus_bcer-SAMD00203338-u,bacillus_bcer-SAMD00203338,SAMD00203338,bacillus-test,Bacillus cereus,NOT_IN_SOURCE_METADATA,DRR206378,DRR206402,nanopore,SAMD00203338,NOT_IN_SOURCE_METADATA,NOT_IN_SOURCE_METADATA,Unicycler,bacillus-test/bacillus_bcer-SAMD00203338-u.gfa.gz,YES,1502425,bacillus-test/bacillus_bcer-SAMD00203338-u.gfa.csv,YES,15376,contig|plasmid_score|chrom_score|label|length|chr_coverage|pl_coverage|un_coverage|hybrid_mapsto,plasmid;chromosome;ambiguous;unlabeled,NOT_PUBLISHED_IN_METADATA,IN_GFA: dp tag (Unicycler) / KC tag (SKESA),Furuta2022,https://github.com/fmfi-compbio/plasgraph2-datasets/blob/06cdf1524a9d424b5eb97628be26b87f854d398a/bacillus-test/bacillus_bcer-SAMD00203338-u.gfa.gz,06cdf1524a9d424b5eb97628be26b87f854d398a,LICENCE_NOT_DOCUMENTED,COMPLETE_FOR_ACCESSIONS;MISSING_STRAIN_BIOPROJECT_ASSEMBLY
bacillus_bcer-SAMD00203338-s,bacillus_bcer-SAMD00203338,SAMD00203338,bacillus-test,Bacillus cereus,NOT_IN_SOURCE_METADATA,DRR206378,DRR206402,nanopore,SAMD00203338,NOT_IN_SOURCE_METADATA,NOT_IN_SOURCE_METADATA,SKESA,bacillus-test/bacillus_bcer-SAMD00203338-s.gfa.gz,YES,1525251,bacillus-test/bacillus_bcer-SAMD00203338-s.gfa.csv,YES,29487,contig|plasmid_score|chrom_score|label|length|chr_coverage|pl_coverage|un_coverage|hybrid_mapsto,plasmid;chromosome;ambiguous;unlabeled,NOT_PUBLISHED_IN_METADATA,IN_GFA: dp tag (Unicycler) / KC tag (SKESA),Furuta2022,https://github.com/fmfi-compbio/plasgraph2-datasets/blob/06cdf1524a9d424b5eb97628be26b87f854d398a/bacillus-test/bacillus_bcer-SAMD00203338-s.gfa.gz,06cdf1524a9d424b5eb97628be26b87f854d398a,LICENCE_NOT_DOCUMENTED,COMPLETE_FOR_ACCESSIONS;MISSING_STRAIN_BIOPROJECT_ASSEMBLY
bacillus_bcer-SAMD00203339-u,bacillus_bcer-SAMD00203339,SAMD00203339,bacillus-test,Bacillus cereus,NOT_IN_SOURCE_METADATA,DRR206379,DRR206403,nanopore,SAMD00203339,NOT_IN_SOURCE_METADATA,NOT_IN_SOURCE_METADATA,Unicycler,bacillus-test/bacillus_bcer-SAMD00203339-u.gfa.gz,YES,1488103,bacillus-test/bacillus_bcer-SAMD00203339-u.gfa.csv,YES,22816,contig|plasmid_score|chrom_score|label|length|chr_coverage|pl_coverage|un_coverage|hybrid_mapsto,plasmid;chromosome;ambiguous;unlabeled,NOT_PUBLISHED_IN_METADATA,IN_GFA: dp tag (Unicycler) / KC tag (SKESA),Furuta2022,https://github.com/fmfi-compbio/plasgraph2-datasets/blob/06cdf1524a9d424b5eb97628be26b87f854d398a/bacillus-test/bacillus_bcer-SAMD00203339-u.gfa.gz,06cdf1524a9d424b5eb97628be26b87f854d398a,LICENCE_NOT_DOCUMENTED,COMPLETE_FOR_ACCESSIONS;MISSING_STRAIN_BIOPROJECT_ASSEMBLY
bacillus_bcer-SAMD00203339-s,bacillus_bcer-SAMD00203339,SAMD00203339,bacillus-test,Bacillus cereus,NOT_IN_SOURCE_METADATA,DRR206379,DRR206403,nanopore,SAMD00203339,NOT_IN_SOURCE_METADATA,NOT_IN_SOURCE_METADATA,SKESA,bacillus-test/bacillus_bcer-SAMD00203339-s.gfa.gz,YES,1513805,bacillus-test/bacillus_bcer-SAMD00203339-s.gfa.csv,YES,45515,contig|plasmid_score|chrom_score|label|length|chr_coverage|pl_coverage|un_coverage|hybrid_mapsto,plasmid;chromosome;ambiguous;unlabeled,NOT_PUBLISHED_IN_METADATA,IN_GFA: dp tag (Unicycler) / KC tag (SKESA),Furuta2022,https://github.com/fmfi-compbio/plasgraph2-datasets/blob/06cdf1524a9d424b5eb97628be26b87f854d398a/bacillus-test/bacillus_bcer-SAMD00203339-s.gfa.gz,06cdf1524a9d424b5eb97628be26b87f854d398a,LICENCE_NOT_DOCUMENTED,COMPLETE_FOR_ACCESSIONS;MISSING_STRAIN_BIOPROJECT_ASSEMBLY
bacillus_bcer-SAMD00203340-u,bacillus_bcer-SAMD00203340,SAMD00203340,bacillus-test,Bacillus cereus,NOT_IN_SOURCE_METADATA,DRR206380,DRR206404,nanopore,SAMD00203340,NOT_IN_SOURCE_METADATA,NOT_IN_SOURCE_METADATA,Unicycler,bacillus-test/bacillus_bcer-SAMD00203340-u.gfa.gz,YES,1562216,bacillus-test/bacillus_bcer-SAMD00203340-u.gfa.csv,YES,29890,contig|plasmid_score|chrom_score|label|length|chr_coverage|pl_coverage|un_coverage|hybrid_mapsto,plasmid;chromosome;ambiguous;unlabeled,NOT_PUBLISHED_IN_METADATA,IN_GFA: dp tag (Unicycler) / KC tag (SKESA),Furuta2022,https://github.com/fmfi-compbio/plasgraph2-datasets/blob/06cdf1524a9d424b5eb97628be26b87f854d398a/bacillus-test/bacillus_bcer-SAMD00203340-u.gfa.gz,06cdf1524a9d424b5eb97628be26b87f854d398a,LICENCE_NOT_DOCUMENTED,COMPLETE_FOR_ACCESSIONS;MISSING_STRAIN_BIOPROJECT_ASSEMBLY
bacillus_bcer-SAMD00203340-s,bacillus_bcer-SAMD00203340,SAMD00203340,bacillus-test,Bacillus cereus,NOT_IN_SOURCE_METADATA,DRR206380,DRR206404,nanopore,SAMD00203340,NOT_IN_SOURCE_METADATA,NOT_IN_SOURCE_METADATA,SKESA,bacillus-test/bacillus_bcer-SAMD00203340-s.gfa.gz,YES,1609513,bacillus-test/bacillus_bcer-SAMD00203340-s.gfa.csv,YES,65914,contig|plasmid_score|chrom_score|label|length|chr_coverage|pl_coverage|un_coverage|hybrid_mapsto,plasmid;chromosome;ambiguous;unlabeled,NOT_PUBLISHED_IN_METADATA,IN_GFA: dp tag (Unicycler) / KC tag (SKESA),Furuta2022,https://github.com/fmfi-compbio/plasgraph2-datasets/blob/06cdf1524a9d424b5eb97628be26b87f854d398a/bacillus-test/bacillus_bcer-SAMD00203340-s.gfa.gz,06cdf1524a9d424b5eb97628be26b87f854d398a,LICENCE_NOT_DOCUMENTED,COMPLETE_FOR_ACCESSIONS;MISSING_STRAIN_BIOPROJECT_ASSEMBLY
bacillus_bcer-SAMD00203341-u,bacillus_bcer-SAMD00203341,SAMD00203341,bacillus-test,Bacillus cereus,NOT_IN_SOURCE_METADATA,DRR206381,DRR206405,nanopore,SAMD00203341,NOT_IN_SOURCE_METADATA,NOT_IN_SOURCE_METADATA,Unicycler,bacillus-test/bacillus_bcer-SAMD00203341-u.gfa.gz,YES,1587611,bacillus-test/bacillus_bcer-SAMD00203341-u.gfa.csv,YES,28761,contig|plasmid_score|chrom_score|label|length|chr_coverage|pl_coverage|un_coverage|hybrid_mapsto,plasmid;chromosome;ambiguous;unlabeled,NOT_PUBLISHED_IN_METADATA,IN_GFA: dp tag (Unicycler) / KC tag (SKESA),Furuta2022,https://github.com/fmfi-compbio/plasgraph2-datasets/blob/06cdf1524a9d424b5eb97628be26b87f854d398a/bacillus-test/bacillus_bcer-SAMD00203341-u.gfa.gz,06cdf1524a9d424b5eb97628be26b87f854d398a,LICENCE_NOT_DOCUMENTED,COMPLETE_FOR_ACCESSIONS;MISSING_STRAIN_BIOPROJECT_ASSEMBLY
bacillus_bcer-SAMD00203341-s,bacillus_bcer-SAMD00203341,SAMD00203341,bacillus-test,Bacillus cereus,NOT_IN_SOURCE_METADATA,DRR206381,DRR206405,nanopore,SAMD00203341,NOT_IN_SOURCE_METADATA,NOT_IN_SOURCE_METADATA,SKESA,bacillus-test/bacillus_bcer-SAMD00203341-s.gfa.gz,YES,1663517,bacillus-test/bacillus_bcer-SAMD00203341-s.gfa.csv,YES,71708,contig|plasmid_score|chrom_score|label|length|chr_coverage|pl_coverage|un_coverage|hybrid_mapsto,plasmid;chromosome;ambiguous;unlabeled,NOT_PUBLISHED_IN_METADATA,IN_GFA: dp tag (Unicycler) / KC tag (SKESA),Furuta2022,https://github.com/fmfi-compbio/plasgraph2-datasets/blob/06cdf1524a9d424b5eb97628be26b87f854d398a/bacillus-test/bacillus_bcer-SAMD00203341-s.gfa.gz,06cdf1524a9d424b5eb97628be26b87f854d398a,LICENCE_NOT_DOCUMENTED,COMPLETE_FOR_ACCESSIONS;MISSING_STRAIN_BIOPROJECT_ASSEMBLY
bacillus_bcer-SAMD00203342-u,bacillus_bcer-SAMD00203342,SAMD00203342,bacillus-test,Bacillus cereus,NOT_IN_SOURCE_METADATA,DRR206382,DRR206406,nanopore,SAMD00203342,NOT_IN_SOURCE_METADATA,NOT_IN_SOURCE_METADATA,Unicycler,bacillus-test/bacillus_bcer-SAMD00203342-u.gfa.gz,YES,1552917,bacillus-test/bacillus_bcer-SAMD00203342-u.gfa.csv,YES,29493,contig|plasmid_score|chrom_score|label|length|chr_coverage|pl_coverage|un_coverage|hybrid_mapsto,plasmid;chromosome;ambiguous;unlabeled,NOT_PUBLISHED_IN_METADATA,IN_GFA: dp tag (Unicycler) / KC tag (SKESA),Furuta2022,https://github.com/fmfi-compbio/plasgraph2-datasets/blob/06cdf1524a9d424b5eb97628be26b87f854d398a/bacillus-test/bacillus_bcer-SAMD00203342-u.gfa.gz,06cdf1524a9d424b5eb97628be26b87f854d398a,LICENCE_NOT_DOCUMENTED,COMPLETE_FOR_ACCESSIONS;MISSING_STRAIN_BIOPROJECT_ASSEMBLY
bacillus_bcer-SAMD00203342-s,bacillus_bcer-SAMD00203342,SAMD00203342,bacillus-test,Bacillus cereus,NOT_IN_SOURCE_METADATA,DRR206382,DRR206406,nanopore,SAMD00203342,NOT_IN_SOURCE_METADATA,NOT_IN_SOURCE_METADATA,SKESA,bacillus-test/bacillus_bcer-SAMD00203342-s.gfa.gz,YES,1608973,bacillus-test/bacillus_bcer-SAMD00203342-s.gfa.csv,YES,64043,contig|plasmid_score|chrom_score|label|length|chr_coverage|pl_coverage|un_coverage|hybrid_mapsto,plasmid;chromosome;ambiguous;unlabeled,NOT_PUBLISHED_IN_METADATA,IN_GFA: dp tag (Unicycler) / KC tag (SKESA),Furuta2022,https://github.com/fmfi-compbio/plasgraph2-datasets/blob/06cdf1524a9d424b5eb97628be26b87f854d398a/bacillus-test/bacillus_bcer-SAMD00203342-s.gfa.gz,06cdf1524a9d424b5eb97628be26b87f854d398a,LICENCE_NOT_DOCUMENTED,COMPLETE_FOR_ACCESSIONS;MISSING_STRAIN_BIOPROJECT_ASSEMBLY
bacillus_bcer-SAMD00203343-u,bacillus_bcer-SAMD00203343,SAMD00203343,bacillus-test,Bacillus cereus,NOT_IN_SOURCE_METADATA,DRR206383,DRR206407,nanopore,SAMD00203343,NOT_IN_SOURCE_METADATA,NOT_IN_SOURCE_METADATA,Unicycler,bacillus-test/bacillus_bcer-SAMD00203343-u.gfa.gz,YES,1549013,bacillus-test/bacillus_bcer-SAMD00203343-u.gfa.csv,YES,25680,contig|plasmid_score|chrom_score|label|length|chr_coverage|pl_coverage|un_coverage|hybrid_mapsto,plasmid;chromosome;ambiguous;unlabeled,NOT_PUBLISHED_IN_METADATA,IN_GFA: dp tag (Unicycler) / KC tag (SKESA),Furuta2022,https://github.com/fmfi-compbio/plasgraph2-datasets/blob/06cdf1524a9d424b5eb97628be26b87f854d398a/bacillus-test/bacillus_bcer-SAMD00203343-u.gfa.gz,06cdf1524a9d424b5eb97628be26b87f854d398a,LICENCE_NOT_DOCUMENTED,COMPLETE_FOR_ACCESSIONS;MISSING_STRAIN_BIOPROJECT_ASSEMBLY
bacillus_bcer-SAMD00203343-s,bacillus_bcer-SAMD00203343,SAMD00203343,bacillus-test,Bacillus cereus,NOT_IN_SOURCE_METADATA,DRR206383,DRR206407,nanopore,SAMD00203343,NOT_IN_SOURCE_METADATA,NOT_IN_SOURCE_METADATA,SKESA,bacillus-test/bacillus_bcer-SAMD00203343-s.gfa.gz,YES,1585810,bacillus-test/bacillus_bcer-SAMD00203343-s.gfa.csv,YES,52485,contig|plasmid_score|chrom_score|label|length|chr_coverage|pl_coverage|un_coverage|hybrid_mapsto,plasmid;chromosome;ambiguous;unlabeled,NOT_PUBLISHED_IN_METADATA,IN_GFA: dp tag (Unicycler) / KC tag (SKESA),Furuta2022,https://github.com/fmfi-compbio/plasgraph2-datasets/blob/06cdf1524a9d424b5eb97628be26b87f854d398a/bacillus-test/bacillus_bcer-SAMD00203343-s.gfa.gz,06cdf1524a9d424b5eb97628be26b87f854d398a,LICENCE_NOT_DOCUMENTED,COMPLETE_FOR_ACCESSIONS;MISSING_STRAIN_BIOPROJECT_ASSEMBLY
bacillus_bcer-SAMD00203344-u,bacillus_bcer-SAMD00203344,SAMD00203344,bacillus-test,Bacillus cereus,NOT_IN_SOURCE_METADATA,DRR206384,DRR206408,nanopore,SAMD00203344,NOT_IN_SOURCE_METADATA,NOT_IN_SOURCE_METADATA,Unicycler,bacillus-test/bacillus_bcer-SAMD00203344-u.gfa.gz,YES,1596092,bacillus-test/bacillus_bcer-SAMD00203344-u.gfa.csv,YES,23633,contig|plasmid_score|chrom_score|label|length|chr_coverage|pl_coverage|un_coverage|hybrid_mapsto,plasmid;chromosome;ambiguous;unlabeled,NOT_PUBLISHED_IN_METADATA,IN_GFA: dp tag (Unicycler) / KC tag (SKESA),Furuta2022,https://github.com/fmfi-compbio/plasgraph2-datasets/blob/06cdf1524a9d424b5eb97628be26b87f854d398a/bacillus-test/bacillus_bcer-SAMD00203344-u.gfa.gz,06cdf1524a9d424b5eb97628be26b87f854d398a,LICENCE_NOT_DOCUMENTED,COMPLETE_FOR_ACCESSIONS;MISSING_STRAIN_BIOPROJECT_ASSEMBLY
bacillus_bcer-SAMD00203344-s,bacillus_bcer-SAMD00203344,SAMD00203344,bacillus-test,Bacillus cereus,NOT_IN_SOURCE_METADATA,DRR206384,DRR206408,nanopore,SAMD00203344,NOT_IN_SOURCE_METADATA,NOT_IN_SOURCE_METADATA,SKESA,bacillus-test/bacillus_bcer-SAMD00203344-s.gfa.gz,YES,1623194,bacillus-test/bacillus_bcer-SAMD00203344-s.gfa.csv,YES,45007,contig|plasmid_score|chrom_score|label|length|chr_coverage|pl_coverage|un_coverage|hybrid_mapsto,plasmid;chromosome;ambiguous;unlabeled,NOT_PUBLISHED_IN_METADATA,IN_GFA: dp tag (Unicycler) / KC tag (SKESA),Furuta2022,https://github.com/fmfi-compbio/plasgraph2-datasets/blob/06cdf1524a9d424b5eb97628be26b87f854d398a/bacillus-test/bacillus_bcer-SAMD00203344-s.gfa.gz,06cdf1524a9d424b5eb97628be26b87f854d398a,LICENCE_NOT_DOCUMENTED,COMPLETE_FOR_ACCESSIONS;MISSING_STRAIN_BIOPROJECT_ASSEMBLY
bacillus_bcer-SAMD00203345-u,bacillus_bcer-SAMD00203345,SAMD00203345,bacillus-test,Bacillus cereus,NOT_IN_SOURCE_METADATA,DRR206385,DRR206409,nanopore,SAMD00203345,NOT_IN_SOURCE_METADATA,NOT_IN_SOURCE_METADATA,Unicycler,bacillus-test/bacillus_bcer-SAMD00203345-u.gfa.gz,YES,1657161,bacillus-test/bacillus_bcer-SAMD00203345-u.gfa.csv,YES,19674,contig|plasmid_score|chrom_score|label|length|chr_coverage|pl_coverage|un_coverage|hybrid_mapsto,plasmid;chromosome;ambiguous;unlabeled,NOT_PUBLISHED_IN_METADATA,IN_GFA: dp tag (Unicycler) / KC tag (SKESA),Furuta2022,https://github.com/fmfi-compbio/plasgraph2-datasets/blob/06cdf1524a9d424b5eb97628be26b87f854d398a/bacillus-test/bacillus_bcer-SAMD00203345-u.gfa.gz,06cdf1524a9d424b5eb97628be26b87f854d398a,LICENCE_NOT_DOCUMENTED,COMPLETE_FOR_ACCESSIONS;MISSING_STRAIN_BIOPROJECT_ASSEMBLY
bacillus_bcer-SAMD00203345-s,bacillus_bcer-SAMD00203345,SAMD00203345,bacillus-test,Bacillus cereus,NOT_IN_SOURCE_METADATA,DRR206385,DRR206409,nanopore,SAMD00203345,NOT_IN_SOURCE_METADATA,NOT_IN_SOURCE_METADATA,SKESA,bacillus-test/bacillus_bcer-SAMD00203345-s.gfa.gz,YES,1686390,bacillus-test/bacillus_bcer-SAMD00203345-s.gfa.csv,YES,36627,contig|plasmid_score|chrom_score|label|length|chr_coverage|pl_coverage|un_coverage|hybrid_mapsto,plasmid;chromosome;ambiguous;unlabeled,NOT_PUBLISHED_IN_METADATA,IN_GFA: dp tag (Unicycler) / KC tag (SKESA),Furuta2022,https://github.com/fmfi-compbio/plasgraph2-datasets/blob/06cdf1524a9d424b5eb97628be26b87f854d398a/bacillus-test/bacillus_bcer-SAMD00203345-s.gfa.gz,06cdf1524a9d424b5eb97628be26b87f854d398a,LICENCE_NOT_DOCUMENTED,COMPLETE_FOR_ACCESSIONS;MISSING_STRAIN_BIOPROJECT_ASSEMBLY
bacillus_bcer-SAMN03085852-u,bacillus_bcer-SAMN03085852,SAMN03085852,bacillus-test,Bacillus cereus,NOT_IN_SOURCE_METADATA,SRR2157172,SRR2157174,pacbio,SAMN03085852,NOT_IN_SOURCE_METADATA,NOT_IN_SOURCE_METADATA,Unicycler,bacillus-test/bacillus_bcer-SAMN03085852-u.gfa.gz,YES,1610159,bacillus-test/bacillus_bcer-SAMN03085852-u.gfa.csv,YES,5856,contig|plasmid_score|chrom_score|label|length|chr_coverage|pl_coverage|un_coverage|hybrid_mapsto,plasmid;chromosome;ambiguous;unlabeled,NOT_PUBLISHED_IN_METADATA,IN_GFA: dp tag (Unicycler) / KC tag (SKESA),Johnson2015,https://github.com/fmfi-compbio/plasgraph2-datasets/blob/06cdf1524a9d424b5eb97628be26b87f854d398a/bacillus-test/bacillus_bcer-SAMN03085852-u.gfa.gz,06cdf1524a9d424b5eb97628be26b87f854d398a,LICENCE_NOT_DOCUMENTED,COMPLETE_FOR_ACCESSIONS;MISSING_STRAIN_BIOPROJECT_ASSEMBLY
bacillus_bcer-SAMN03085852-s,bacillus_bcer-SAMN03085852,SAMN03085852,bacillus-test,Bacillus cereus,NOT_IN_SOURCE_METADATA,SRR2157172,SRR2157174,pacbio,SAMN03085852,NOT_IN_SOURCE_METADATA,NOT_IN_SOURCE_METADATA,SKESA,bacillus-test/bacillus_bcer-SAMN03085852-s.gfa.gz,YES,1625436,bacillus-test/bacillus_bcer-SAMN03085852-s.gfa.csv,YES,48748,contig|plasmid_score|chrom_score|label|length|chr_coverage|pl_coverage|un_coverage|hybrid_mapsto,plasmid;chromosome;ambiguous;unlabeled,NOT_PUBLISHED_IN_METADATA,IN_GFA: dp tag (Unicycler) / KC tag (SKESA),Johnson2015,https://github.com/fmfi-compbio/plasgraph2-datasets/blob/06cdf1524a9d424b5eb97628be26b87f854d398a/bacillus-test/bacillus_bcer-SAMN03085852-s.gfa.gz,06cdf1524a9d424b5eb97628be26b87f854d398a,LICENCE_NOT_DOCUMENTED,COMPLETE_FOR_ACCESSIONS;MISSING_STRAIN_BIOPROJECT_ASSEMBLY
bacillus_bcer-SAMN03085864-u,bacillus_bcer-SAMN03085864,SAMN03085864,bacillus-test,Bacillus cereus,NOT_IN_SOURCE_METADATA,SRR2164312,SRR2164313,pacbio,SAMN03085864,NOT_IN_SOURCE_METADATA,NOT_IN_SOURCE_METADATA,Unicycler,bacillus-test/bacillus_bcer-SAMN03085864-u.gfa.gz,YES,1624881,bacillus-test/bacillus_bcer-SAMN03085864-u.gfa.csv,YES,18972,contig|plasmid_score|chrom_score|label|length|chr_coverage|pl_coverage|un_coverage|hybrid_mapsto,plasmid;chromosome;ambiguous;unlabeled,NOT_PUBLISHED_IN_METADATA,IN_GFA: dp tag (Unicycler) / KC tag (SKESA),Johnson2015,https://github.com/fmfi-compbio/plasgraph2-datasets/blob/06cdf1524a9d424b5eb97628be26b87f854d398a/bacillus-test/bacillus_bcer-SAMN03085864-u.gfa.gz,06cdf1524a9d424b5eb97628be26b87f854d398a,LICENCE_NOT_DOCUMENTED,COMPLETE_FOR_ACCESSIONS;MISSING_STRAIN_BIOPROJECT_ASSEMBLY
bacillus_bcer-SAMN03085864-s,bacillus_bcer-SAMN03085864,SAMN03085864,bacillus-test,Bacillus cereus,NOT_IN_SOURCE_METADATA,SRR2164312,SRR2164313,pacbio,SAMN03085864,NOT_IN_SOURCE_METADATA,NOT_IN_SOURCE_METADATA,SKESA,bacillus-test/bacillus_bcer-SAMN03085864-s.gfa.gz,YES,1674430,bacillus-test/bacillus_bcer-SAMN03085864-s.gfa.csv,YES,101658,contig|plasmid_score|chrom_score|label|length|chr_coverage|pl_coverage|un_coverage|hybrid_mapsto,plasmid;chromosome;ambiguous;unlabeled,NOT_PUBLISHED_IN_METADATA,IN_GFA: dp tag (Unicycler) / KC tag (SKESA),Johnson2015,https://github.com/fmfi-compbio/plasgraph2-datasets/blob/06cdf1524a9d424b5eb97628be26b87f854d398a/bacillus-test/bacillus_bcer-SAMN03085864-s.gfa.gz,06cdf1524a9d424b5eb97628be26b87f854d398a,LICENCE_NOT_DOCUMENTED,COMPLETE_FOR_ACCESSIONS;MISSING_STRAIN_BIOPROJECT_ASSEMBLY
bacillus_bcer-SAMN03092702-u,bacillus_bcer-SAMN03092702,SAMN03092702,bacillus-test,Bacillus cereus,NOT_IN_SOURCE_METADATA,SRR2175373,SRR2171383,pacbio,SAMN03092702,NOT_IN_SOURCE_METADATA,NOT_IN_SOURCE_METADATA,Unicycler,bacillus-test/bacillus_bcer-SAMN03092702-u.gfa.gz,YES,1575924,bacillus-test/bacillus_bcer-SAMN03092702-u.gfa.csv,YES,3499,contig|plasmid_score|chrom_score|label|length|chr_coverage|pl_coverage|un_coverage|hybrid_mapsto,plasmid;chromosome;ambiguous;unlabeled,NOT_PUBLISHED_IN_METADATA,IN_GFA: dp tag (Unicycler) / KC tag (SKESA),Johnson2015,https://github.com/fmfi-compbio/plasgraph2-datasets/blob/06cdf1524a9d424b5eb97628be26b87f854d398a/bacillus-test/bacillus_bcer-SAMN03092702-u.gfa.gz,06cdf1524a9d424b5eb97628be26b87f854d398a,LICENCE_NOT_DOCUMENTED,COMPLETE_FOR_ACCESSIONS;MISSING_STRAIN_BIOPROJECT_ASSEMBLY
bacillus_bcer-SAMN03092702-s,bacillus_bcer-SAMN03092702,SAMN03092702,bacillus-test,Bacillus cereus,NOT_IN_SOURCE_METADATA,SRR2175373,SRR2171383,pacbio,SAMN03092702,NOT_IN_SOURCE_METADATA,NOT_IN_SOURCE_METADATA,SKESA,bacillus-test/bacillus_bcer-SAMN03092702-s.gfa.gz,YES,1583794,bacillus-test/bacillus_bcer-SAMN03092702-s.gfa.csv,YES,19765,contig|plasmid_score|chrom_score|label|length|chr_coverage|pl_coverage|un_coverage|hybrid_mapsto,plasmid;chromosome;ambiguous;unlabeled,NOT_PUBLISHED_IN_METADATA,IN_GFA: dp tag (Unicycler) / KC tag (SKESA),Johnson2015,https://github.com/fmfi-compbio/plasgraph2-datasets/blob/06cdf1524a9d424b5eb97628be26b87f854d398a/bacillus-test/bacillus_bcer-SAMN03092702-s.gfa.gz,06cdf1524a9d424b5eb97628be26b87f854d398a,LICENCE_NOT_DOCUMENTED,COMPLETE_FOR_ACCESSIONS;MISSING_STRAIN_BIOPROJECT_ASSEMBLY
bacillus_bsub-SAMN13190552-u,bacillus_bsub-SAMN13190552,SAMN13190552,bacillus-test,Bacillus subtilis,NOT_IN_SOURCE_METADATA,SRR10390690,SRR10390703,nanopore,SAMN13190552,NOT_IN_SOURCE_METADATA,NOT_IN_SOURCE_METADATA,Unicycler,bacillus-test/bacillus_bsub-SAMN13190552-u.gfa.gz,YES,1230217,bacillus-test/bacillus_bsub-SAMN13190552-u.gfa.csv,YES,2589,contig|plasmid_score|chrom_score|label|length|chr_coverage|pl_coverage|un_coverage|hybrid_mapsto,plasmid;chromosome;ambiguous;unlabeled,NOT_PUBLISHED_IN_METADATA,IN_GFA: dp tag (Unicycler) / KC tag (SKESA),Kiesewalter2020,https://github.com/fmfi-compbio/plasgraph2-datasets/blob/06cdf1524a9d424b5eb97628be26b87f854d398a/bacillus-test/bacillus_bsub-SAMN13190552-u.gfa.gz,06cdf1524a9d424b5eb97628be26b87f854d398a,LICENCE_NOT_DOCUMENTED,COMPLETE_FOR_ACCESSIONS;MISSING_STRAIN_BIOPROJECT_ASSEMBLY
bacillus_bsub-SAMN13190552-s,bacillus_bsub-SAMN13190552,SAMN13190552,bacillus-test,Bacillus subtilis,NOT_IN_SOURCE_METADATA,SRR10390690,SRR10390703,nanopore,SAMN13190552,NOT_IN_SOURCE_METADATA,NOT_IN_SOURCE_METADATA,SKESA,bacillus-test/bacillus_bsub-SAMN13190552-s.gfa.gz,YES,1231128,bacillus-test/bacillus_bsub-SAMN13190552-s.gfa.csv,YES,2940,contig|plasmid_score|chrom_score|label|length|chr_coverage|pl_coverage|un_coverage|hybrid_mapsto,plasmid;chromosome;ambiguous;unlabeled,NOT_PUBLISHED_IN_METADATA,IN_GFA: dp tag (Unicycler) / KC tag (SKESA),Kiesewalter2020,https://github.com/fmfi-compbio/plasgraph2-datasets/blob/06cdf1524a9d424b5eb97628be26b87f854d398a/bacillus-test/bacillus_bsub-SAMN13190552-s.gfa.gz,06cdf1524a9d424b5eb97628be26b87f854d398a,LICENCE_NOT_DOCUMENTED,COMPLETE_FOR_ACCESSIONS;MISSING_STRAIN_BIOPROJECT_ASSEMBLY
bacillus_bsub-SAMN13190559-u,bacillus_bsub-SAMN13190559,SAMN13190559,bacillus-test,Bacillus subtilis,NOT_IN_SOURCE_METADATA,SRR10390711,SRR10390695,nanopore,SAMN13190559,NOT_IN_SOURCE_METADATA,NOT_IN_SOURCE_METADATA,Unicycler,bacillus-test/bacillus_bsub-SAMN13190559-u.gfa.gz,YES,1237293,bacillus-test/bacillus_bsub-SAMN13190559-u.gfa.csv,YES,2308,contig|plasmid_score|chrom_score|label|length|chr_coverage|pl_coverage|un_coverage|hybrid_mapsto,plasmid;chromosome;ambiguous;unlabeled,NOT_PUBLISHED_IN_METADATA,IN_GFA: dp tag (Unicycler) / KC tag (SKESA),Kiesewalter2020,https://github.com/fmfi-compbio/plasgraph2-datasets/blob/06cdf1524a9d424b5eb97628be26b87f854d398a/bacillus-test/bacillus_bsub-SAMN13190559-u.gfa.gz,06cdf1524a9d424b5eb97628be26b87f854d398a,LICENCE_NOT_DOCUMENTED,COMPLETE_FOR_ACCESSIONS;MISSING_STRAIN_BIOPROJECT_ASSEMBLY
bacillus_bsub-SAMN13190559-s,bacillus_bsub-SAMN13190559,SAMN13190559,bacillus-test,Bacillus subtilis,NOT_IN_SOURCE_METADATA,SRR10390711,SRR10390695,nanopore,SAMN13190559,NOT_IN_SOURCE_METADATA,NOT_IN_SOURCE_METADATA,SKESA,bacillus-test/bacillus_bsub-SAMN13190559-s.gfa.gz,YES,1238734,bacillus-test/bacillus_bsub-SAMN13190559-s.gfa.csv,YES,3337,contig|plasmid_score|chrom_score|label|length|chr_coverage|pl_coverage|un_coverage|hybrid_mapsto,plasmid;chromosome;ambiguous;unlabeled,NOT_PUBLISHED_IN_METADATA,IN_GFA: dp tag (Unicycler) / KC tag (SKESA),Kiesewalter2020,https://github.com/fmfi-compbio/plasgraph2-datasets/blob/06cdf1524a9d424b5eb97628be26b87f854d398a/bacillus-test/bacillus_bsub-SAMN13190559-s.gfa.gz,06cdf1524a9d424b5eb97628be26b87f854d398a,LICENCE_NOT_DOCUMENTED,COMPLETE_FOR_ACCESSIONS;MISSING_STRAIN_BIOPROJECT_ASSEMBLY
bacillus_bsub-SAMN13190561-u,bacillus_bsub-SAMN13190561,SAMN13190561,bacillus-test,Bacillus subtilis,NOT_IN_SOURCE_METADATA,SRR10390709,SRR10390693,nanopore,SAMN13190561,NOT_IN_SOURCE_METADATA,NOT_IN_SOURCE_METADATA,Unicycler,bacillus-test/bacillus_bsub-SAMN13190561-u.gfa.gz,YES,1236986,bacillus-test/bacillus_bsub-SAMN13190561-u.gfa.csv,YES,2308,contig|plasmid_score|chrom_score|label|length|chr_coverage|pl_coverage|un_coverage|hybrid_mapsto,plasmid;chromosome;ambiguous;unlabeled,NOT_PUBLISHED_IN_METADATA,IN_GFA: dp tag (Unicycler) / KC tag (SKESA),Kiesewalter2020,https://github.com/fmfi-compbio/plasgraph2-datasets/blob/06cdf1524a9d424b5eb97628be26b87f854d398a/bacillus-test/bacillus_bsub-SAMN13190561-u.gfa.gz,06cdf1524a9d424b5eb97628be26b87f854d398a,LICENCE_NOT_DOCUMENTED,COMPLETE_FOR_ACCESSIONS;MISSING_STRAIN_BIOPROJECT_ASSEMBLY
bacillus_bsub-SAMN13190561-s,bacillus_bsub-SAMN13190561,SAMN13190561,bacillus-test,Bacillus subtilis,NOT_IN_SOURCE_METADATA,SRR10390709,SRR10390693,nanopore,SAMN13190561,NOT_IN_SOURCE_METADATA,NOT_IN_SOURCE_METADATA,SKESA,bacillus-test/bacillus_bsub-SAMN13190561-s.gfa.gz,YES,1238483,bacillus-test/bacillus_bsub-SAMN13190561-s.gfa.csv,YES,3455,contig|plasmid_score|chrom_score|label|length|chr_coverage|pl_coverage|un_coverage|hybrid_mapsto,plasmid;chromosome;ambiguous;unlabeled,NOT_PUBLISHED_IN_METADATA,IN_GFA: dp tag (Unicycler) / KC tag (SKESA),Kiesewalter2020,https://github.com/fmfi-compbio/plasgraph2-datasets/blob/06cdf1524a9d424b5eb97628be26b87f854d398a/bacillus-test/bacillus_bsub-SAMN13190561-s.gfa.gz,06cdf1524a9d424b5eb97628be26b87f854d398a,LICENCE_NOT_DOCUMENTED,COMPLETE_FOR_ACCESSIONS;MISSING_STRAIN_BIOPROJECT_ASSEMBLY
bacillus_bthu-SAMN03085882-u,bacillus_bthu-SAMN03085882,SAMN03085882,bacillus-test,Bacillus thuringiensis,NOT_IN_SOURCE_METADATA,SRR2171004,SRR2171006,pacbio,SAMN03085882,NOT_IN_SOURCE_METADATA,NOT_IN_SOURCE_METADATA,Unicycler,bacillus-test/bacillus_bthu-SAMN03085882-u.gfa.gz,YES,1515951,bacillus-test/bacillus_bthu-SAMN03085882-u.gfa.csv,YES,4599,contig|plasmid_score|chrom_score|label|length|chr_coverage|pl_coverage|un_coverage|hybrid_mapsto,plasmid;chromosome;ambiguous;unlabeled,NOT_PUBLISHED_IN_METADATA,IN_GFA: dp tag (Unicycler) / KC tag (SKESA),Johnson2015,https://github.com/fmfi-compbio/plasgraph2-datasets/blob/06cdf1524a9d424b5eb97628be26b87f854d398a/bacillus-test/bacillus_bthu-SAMN03085882-u.gfa.gz,06cdf1524a9d424b5eb97628be26b87f854d398a,LICENCE_NOT_DOCUMENTED,COMPLETE_FOR_ACCESSIONS;MISSING_STRAIN_BIOPROJECT_ASSEMBLY
bacillus_bthu-SAMN03085882-s,bacillus_bthu-SAMN03085882,SAMN03085882,bacillus-test,Bacillus thuringiensis,NOT_IN_SOURCE_METADATA,SRR2171004,SRR2171006,pacbio,SAMN03085882,NOT_IN_SOURCE_METADATA,NOT_IN_SOURCE_METADATA,SKESA,bacillus-test/bacillus_bthu-SAMN03085882-s.gfa.gz,YES,1539071,bacillus-test/bacillus_bthu-SAMN03085882-s.gfa.csv,YES,54462,contig|plasmid_score|chrom_score|label|length|chr_coverage|pl_coverage|un_coverage|hybrid_mapsto,plasmid;chromosome;ambiguous;unlabeled,NOT_PUBLISHED_IN_METADATA,IN_GFA: dp tag (Unicycler) / KC tag (SKESA),Johnson2015,https://github.com/fmfi-compbio/plasgraph2-datasets/blob/06cdf1524a9d424b5eb97628be26b87f854d398a/bacillus-test/bacillus_bthu-SAMN03085882-s.gfa.gz,06cdf1524a9d424b5eb97628be26b87f854d398a,LICENCE_NOT_DOCUMENTED,COMPLETE_FOR_ACCESSIONS;MISSING_STRAIN_BIOPROJECT_ASSEMBLY
bacillus_bthu-SAMN03216682-u,bacillus_bthu-SAMN03216682,SAMN03216682,bacillus-test,Bacillus thuringiensis,NOT_IN_SOURCE_METADATA,SRR2175480,SRR2175482,pacbio,SAMN03216682,NOT_IN_SOURCE_METADATA,NOT_IN_SOURCE_METADATA,Unicycler,bacillus-test/bacillus_bthu-SAMN03216682-u.gfa.gz,YES,1872239,bacillus-test/bacillus_bthu-SAMN03216682-u.gfa.csv,YES,29872,contig|plasmid_score|chrom_score|label|length|chr_coverage|pl_coverage|un_coverage|hybrid_mapsto,plasmid;chromosome;ambiguous;unlabeled,NOT_PUBLISHED_IN_METADATA,IN_GFA: dp tag (Unicycler) / KC tag (SKESA),Johnson2015,https://github.com/fmfi-compbio/plasgraph2-datasets/blob/06cdf1524a9d424b5eb97628be26b87f854d398a/bacillus-test/bacillus_bthu-SAMN03216682-u.gfa.gz,06cdf1524a9d424b5eb97628be26b87f854d398a,LICENCE_NOT_DOCUMENTED,COMPLETE_FOR_ACCESSIONS;MISSING_STRAIN_BIOPROJECT_ASSEMBLY
bacillus_bthu-SAMN03216682-s,bacillus_bthu-SAMN03216682,SAMN03216682,bacillus-test,Bacillus thuringiensis,NOT_IN_SOURCE_METADATA,SRR2175480,SRR2175482,pacbio,SAMN03216682,NOT_IN_SOURCE_METADATA,NOT_IN_SOURCE_METADATA,SKESA,bacillus-test/bacillus_bthu-SAMN03216682-s.gfa.gz,YES,1904239,bacillus-test/bacillus_bthu-SAMN03216682-s.gfa.csv,YES,86599,contig|plasmid_score|chrom_score|label|length|chr_coverage|pl_coverage|un_coverage|hybrid_mapsto,plasmid;chromosome;ambiguous;unlabeled,NOT_PUBLISHED_IN_METADATA,IN_GFA: dp tag (Unicycler) / KC tag (SKESA),Johnson2015,https://github.com/fmfi-compbio/plasgraph2-datasets/blob/06cdf1524a9d424b5eb97628be26b87f854d398a/bacillus-test/bacillus_bthu-SAMN03216682-s.gfa.gz,06cdf1524a9d424b5eb97628be26b87f854d398a,LICENCE_NOT_DOCUMENTED,COMPLETE_FOR_ACCESSIONS;MISSING_STRAIN_BIOPROJECT_ASSEMBLY
robertson-benchmark_cfre-SAMN02713684-u,robertson-benchmark_cfre-SAMN02713684,SAMN02713684,cfre-test,Citrobacter freundii,NOT_IN_SOURCE_METADATA,SRR1284629,SRR1284633,NA,SAMN02713684,NOT_IN_SOURCE_METADATA,NOT_IN_SOURCE_METADATA,Unicycler,cfre-test/robertson-benchmark_cfre-SAMN02713684-u.gfa.gz,YES,1540790,cfre-test/robertson-benchmark_cfre-SAMN02713684-u.gfa.csv,YES,6643,contig|plasmid_score|chrom_score|label|length|chr_coverage|pl_coverage|un_coverage|hybrid_mapsto,plasmid;chromosome;ambiguous;unlabeled,NOT_PUBLISHED_IN_METADATA,IN_GFA: dp tag (Unicycler) / KC tag (SKESA),Robertson2018,https://github.com/fmfi-compbio/plasgraph2-datasets/blob/06cdf1524a9d424b5eb97628be26b87f854d398a/cfre-test/robertson-benchmark_cfre-SAMN02713684-u.gfa.gz,06cdf1524a9d424b5eb97628be26b87f854d398a,LICENCE_NOT_DOCUMENTED,COMPLETE_FOR_ACCESSIONS;MISSING_STRAIN_BIOPROJECT_ASSEMBLY
robertson-benchmark_cfre-SAMN02713684-s,robertson-benchmark_cfre-SAMN02713684,SAMN02713684,cfre-test,Citrobacter freundii,NOT_IN_SOURCE_METADATA,SRR1284629,SRR1284633,NA,SAMN02713684,NOT_IN_SOURCE_METADATA,NOT_IN_SOURCE_METADATA,SKESA,cfre-test/robertson-benchmark_cfre-SAMN02713684-s.gfa.gz,YES,1543780,cfre-test/robertson-benchmark_cfre-SAMN02713684-s.gfa.csv,YES,8887,contig|plasmid_score|chrom_score|label|length|chr_coverage|pl_coverage|un_coverage|hybrid_mapsto,plasmid;chromosome;ambiguous;unlabeled,NOT_PUBLISHED_IN_METADATA,IN_GFA: dp tag (Unicycler) / KC tag (SKESA),Robertson2018,https://github.com/fmfi-compbio/plasgraph2-datasets/blob/06cdf1524a9d424b5eb97628be26b87f854d398a/cfre-test/robertson-benchmark_cfre-SAMN02713684-s.gfa.gz,06cdf1524a9d424b5eb97628be26b87f854d398a,LICENCE_NOT_DOCUMENTED,COMPLETE_FOR_ACCESSIONS;MISSING_STRAIN_BIOPROJECT_ASSEMBLY
robertson-benchmark_cfre-SAMN04014863-u,robertson-benchmark_cfre-SAMN04014863,SAMN04014863,cfre-test,Citrobacter freundii,NOT_IN_SOURCE_METADATA,SRR3112272,SRR6278430,NA,SAMN04014863,NOT_IN_SOURCE_METADATA,NOT_IN_SOURCE_METADATA,Unicycler,cfre-test/robertson-benchmark_cfre-SAMN04014863-u.gfa.gz,YES,1447408,cfre-test/robertson-benchmark_cfre-SAMN04014863-u.gfa.csv,YES,3736,contig|plasmid_score|chrom_score|label|length|chr_coverage|pl_coverage|un_coverage|hybrid_mapsto,plasmid;chromosome;ambiguous;unlabeled,NOT_PUBLISHED_IN_METADATA,IN_GFA: dp tag (Unicycler) / KC tag (SKESA),Robertson2018,https://github.com/fmfi-compbio/plasgraph2-datasets/blob/06cdf1524a9d424b5eb97628be26b87f854d398a/cfre-test/robertson-benchmark_cfre-SAMN04014863-u.gfa.gz,06cdf1524a9d424b5eb97628be26b87f854d398a,LICENCE_NOT_DOCUMENTED,COMPLETE_FOR_ACCESSIONS;MISSING_STRAIN_BIOPROJECT_ASSEMBLY
robertson-benchmark_cfre-SAMN04014863-s,robertson-benchmark_cfre-SAMN04014863,SAMN04014863,cfre-test,Citrobacter freundii,NOT_IN_SOURCE_METADATA,SRR3112272,SRR6278430,NA,SAMN04014863,NOT_IN_SOURCE_METADATA,NOT_IN_SOURCE_METADATA,SKESA,cfre-test/robertson-benchmark_cfre-SAMN04014863-s.gfa.gz,YES,1448829,cfre-test/robertson-benchmark_cfre-SAMN04014863-s.gfa.csv,YES,5391,contig|plasmid_score|chrom_score|label|length|chr_coverage|pl_coverage|un_coverage|hybrid_mapsto,plasmid;chromosome;ambiguous;unlabeled,NOT_PUBLISHED_IN_METADATA,IN_GFA: dp tag (Unicycler) / KC tag (SKESA),Robertson2018,https://github.com/fmfi-compbio/plasgraph2-datasets/blob/06cdf1524a9d424b5eb97628be26b87f854d398a/cfre-test/robertson-benchmark_cfre-SAMN04014863-s.gfa.gz,06cdf1524a9d424b5eb97628be26b87f854d398a,LICENCE_NOT_DOCUMENTED,COMPLETE_FOR_ACCESSIONS;MISSING_STRAIN_BIOPROJECT_ASSEMBLY
shaw-2021_cfre-SAMN15148082-u,shaw-2021_cfre-SAMN15148082,SAMN15148082,cfre-test,Citrobacter freundii,NOT_IN_SOURCE_METADATA,SRR11948857,SRR12299009,PacBio,SAMN15148082,NOT_IN_SOURCE_METADATA,NOT_IN_SOURCE_METADATA,Unicycler,cfre-test/shaw-2021_cfre-SAMN15148082-u.gfa.gz,YES,1408492,cfre-test/shaw-2021_cfre-SAMN15148082-u.gfa.csv,YES,3211,contig|plasmid_score|chrom_score|label|length|chr_coverage|pl_coverage|un_coverage|hybrid_mapsto,plasmid;chromosome;ambiguous;unlabeled,NOT_PUBLISHED_IN_METADATA,IN_GFA: dp tag (Unicycler) / KC tag (SKESA),Shaw2021,https://github.com/fmfi-compbio/plasgraph2-datasets/blob/06cdf1524a9d424b5eb97628be26b87f854d398a/cfre-test/shaw-2021_cfre-SAMN15148082-u.gfa.gz,06cdf1524a9d424b5eb97628be26b87f854d398a,LICENCE_NOT_DOCUMENTED,COMPLETE_FOR_ACCESSIONS;MISSING_STRAIN_BIOPROJECT_ASSEMBLY
shaw-2021_cfre-SAMN15148082-s,shaw-2021_cfre-SAMN15148082,SAMN15148082,cfre-test,Citrobacter freundii,NOT_IN_SOURCE_METADATA,SRR11948857,SRR12299009,PacBio,SAMN15148082,NOT_IN_SOURCE_METADATA,NOT_IN_SOURCE_METADATA,SKESA,cfre-test/shaw-2021_cfre-SAMN15148082-s.gfa.gz,YES,1410499,cfre-test/shaw-2021_cfre-SAMN15148082-s.gfa.csv,YES,4922,contig|plasmid_score|chrom_score|label|length|chr_coverage|pl_coverage|un_coverage|hybrid_mapsto,plasmid;chromosome;ambiguous;unlabeled,NOT_PUBLISHED_IN_METADATA,IN_GFA: dp tag (Unicycler) / KC tag (SKESA),Shaw2021,https://github.com/fmfi-compbio/plasgraph2-datasets/blob/06cdf1524a9d424b5eb97628be26b87f854d398a/cfre-test/shaw-2021_cfre-SAMN15148082-s.gfa.gz,06cdf1524a9d424b5eb97628be26b87f854d398a,LICENCE_NOT_DOCUMENTED,COMPLETE_FOR_ACCESSIONS;MISSING_STRAIN_BIOPROJECT_ASSEMBLY
shaw-2021_cfre-SAMN15148084-u,shaw-2021_cfre-SAMN15148084,SAMN15148084,cfre-test,Citrobacter freundii,NOT_IN_SOURCE_METADATA,SRR11948855,SRR12299007,PacBio,SAMN15148084,NOT_IN_SOURCE_METADATA,NOT_IN_SOURCE_METADATA,Unicycler,cfre-test/shaw-2021_cfre-SAMN15148084-u.gfa.gz,YES,1405191,cfre-test/shaw-2021_cfre-SAMN15148084-u.gfa.csv,YES,3205,contig|plasmid_score|chrom_score|label|length|chr_coverage|pl_coverage|un_coverage|hybrid_mapsto,plasmid;chromosome;ambiguous;unlabeled,NOT_PUBLISHED_IN_METADATA,IN_GFA: dp tag (Unicycler) / KC tag (SKESA),Shaw2021,https://github.com/fmfi-compbio/plasgraph2-datasets/blob/06cdf1524a9d424b5eb97628be26b87f854d398a/cfre-test/shaw-2021_cfre-SAMN15148084-u.gfa.gz,06cdf1524a9d424b5eb97628be26b87f854d398a,LICENCE_NOT_DOCUMENTED,COMPLETE_FOR_ACCESSIONS;MISSING_STRAIN_BIOPROJECT_ASSEMBLY
shaw-2021_cfre-SAMN15148084-s,shaw-2021_cfre-SAMN15148084,SAMN15148084,cfre-test,Citrobacter freundii,NOT_IN_SOURCE_METADATA,SRR11948855,SRR12299007,PacBio,SAMN15148084,NOT_IN_SOURCE_METADATA,NOT_IN_SOURCE_METADATA,SKESA,cfre-test/shaw-2021_cfre-SAMN15148084-s.gfa.gz,YES,1409298,cfre-test/shaw-2021_cfre-SAMN15148084-s.gfa.csv,YES,7387,contig|plasmid_score|chrom_score|label|length|chr_coverage|pl_coverage|un_coverage|hybrid_mapsto,plasmid;chromosome;ambiguous;unlabeled,NOT_PUBLISHED_IN_METADATA,IN_GFA: dp tag (Unicycler) / KC tag (SKESA),Shaw2021,https://github.com/fmfi-compbio/plasgraph2-datasets/blob/06cdf1524a9d424b5eb97628be26b87f854d398a/cfre-test/shaw-2021_cfre-SAMN15148084-s.gfa.gz,06cdf1524a9d424b5eb97628be26b87f854d398a,LICENCE_NOT_DOCUMENTED,COMPLETE_FOR_ACCESSIONS;MISSING_STRAIN_BIOPROJECT_ASSEMBLY
shaw-2021_cfre-SAMN15148085-u,shaw-2021_cfre-SAMN15148085,SAMN15148085,cfre-test,Citrobacter freundii,NOT_IN_SOURCE_METADATA,SRR11948854,SRR12299006,Nanopore,SAMN15148085,NOT_IN_SOURCE_METADATA,NOT_IN_SOURCE_METADATA,Unicycler,cfre-test/shaw-2021_cfre-SAMN15148085-u.gfa.gz,YES,1409772,cfre-test/shaw-2021_cfre-SAMN15148085-u.gfa.csv,YES,2205,contig|plasmid_score|chrom_score|label|length|chr_coverage|pl_coverage|un_coverage|hybrid_mapsto,plasmid;chromosome;ambiguous;unlabeled,NOT_PUBLISHED_IN_METADATA,IN_GFA: dp tag (Unicycler) / KC tag (SKESA),Shaw2021,https://github.com/fmfi-compbio/plasgraph2-datasets/blob/06cdf1524a9d424b5eb97628be26b87f854d398a/cfre-test/shaw-2021_cfre-SAMN15148085-u.gfa.gz,06cdf1524a9d424b5eb97628be26b87f854d398a,LICENCE_NOT_DOCUMENTED,COMPLETE_FOR_ACCESSIONS;MISSING_STRAIN_BIOPROJECT_ASSEMBLY
shaw-2021_cfre-SAMN15148085-s,shaw-2021_cfre-SAMN15148085,SAMN15148085,cfre-test,Citrobacter freundii,NOT_IN_SOURCE_METADATA,SRR11948854,SRR12299006,Nanopore,SAMN15148085,NOT_IN_SOURCE_METADATA,NOT_IN_SOURCE_METADATA,SKESA,cfre-test/shaw-2021_cfre-SAMN15148085-s.gfa.gz,YES,1409904,cfre-test/shaw-2021_cfre-SAMN15148085-s.gfa.csv,YES,3727,contig|plasmid_score|chrom_score|label|length|chr_coverage|pl_coverage|un_coverage|hybrid_mapsto,plasmid;chromosome;ambiguous;unlabeled,NOT_PUBLISHED_IN_METADATA,IN_GFA: dp tag (Unicycler) / KC tag (SKESA),Shaw2021,https://github.com/fmfi-compbio/plasgraph2-datasets/blob/06cdf1524a9d424b5eb97628be26b87f854d398a/cfre-test/shaw-2021_cfre-SAMN15148085-s.gfa.gz,06cdf1524a9d424b5eb97628be26b87f854d398a,LICENCE_NOT_DOCUMENTED,COMPLETE_FOR_ACCESSIONS;MISSING_STRAIN_BIOPROJECT_ASSEMBLY
shaw-2021_cfre-SAMN15148130-u,shaw-2021_cfre-SAMN15148130,SAMN15148130,cfre-test,Citrobacter freundii,NOT_IN_SOURCE_METADATA,SRR11949068,SRR12298581,Nanopore,SAMN15148130,NOT_IN_SOURCE_METADATA,NOT_IN_SOURCE_METADATA,Unicycler,cfre-test/shaw-2021_cfre-SAMN15148130-u.gfa.gz,YES,1492156,cfre-test/shaw-2021_cfre-SAMN15148130-u.gfa.csv,YES,10265,contig|plasmid_score|chrom_score|label|length|chr_coverage|pl_coverage|un_coverage|hybrid_mapsto,plasmid;chromosome;ambiguous;unlabeled,NOT_PUBLISHED_IN_METADATA,IN_GFA: dp tag (Unicycler) / KC tag (SKESA),Shaw2021,https://github.com/fmfi-compbio/plasgraph2-datasets/blob/06cdf1524a9d424b5eb97628be26b87f854d398a/cfre-test/shaw-2021_cfre-SAMN15148130-u.gfa.gz,06cdf1524a9d424b5eb97628be26b87f854d398a,LICENCE_NOT_DOCUMENTED,COMPLETE_FOR_ACCESSIONS;MISSING_STRAIN_BIOPROJECT_ASSEMBLY
shaw-2021_cfre-SAMN15148130-s,shaw-2021_cfre-SAMN15148130,SAMN15148130,cfre-test,Citrobacter freundii,NOT_IN_SOURCE_METADATA,SRR11949068,SRR12298581,Nanopore,SAMN15148130,NOT_IN_SOURCE_METADATA,NOT_IN_SOURCE_METADATA,SKESA,cfre-test/shaw-2021_cfre-SAMN15148130-s.gfa.gz,YES,1498039,cfre-test/shaw-2021_cfre-SAMN15148130-s.gfa.csv,YES,12912,contig|plasmid_score|chrom_score|label|length|chr_coverage|pl_coverage|un_coverage|hybrid_mapsto,plasmid;chromosome;ambiguous;unlabeled,NOT_PUBLISHED_IN_METADATA,IN_GFA: dp tag (Unicycler) / KC tag (SKESA),Shaw2021,https://github.com/fmfi-compbio/plasgraph2-datasets/blob/06cdf1524a9d424b5eb97628be26b87f854d398a/cfre-test/shaw-2021_cfre-SAMN15148130-s.gfa.gz,06cdf1524a9d424b5eb97628be26b87f854d398a,LICENCE_NOT_DOCUMENTED,COMPLETE_FOR_ACCESSIONS;MISSING_STRAIN_BIOPROJECT_ASSEMBLY
shaw-2021_cfre-SAMN15148131-u,shaw-2021_cfre-SAMN15148131,SAMN15148131,cfre-test,Citrobacter freundii,NOT_IN_SOURCE_METADATA,SRR11949067,SRR12298580,Nanopore,SAMN15148131,NOT_IN_SOURCE_METADATA,NOT_IN_SOURCE_METADATA,Unicycler,cfre-test/shaw-2021_cfre-SAMN15148131-u.gfa.gz,YES,1491093,cfre-test/shaw-2021_cfre-SAMN15148131-u.gfa.csv,YES,10109,contig|plasmid_score|chrom_score|label|length|chr_coverage|pl_coverage|un_coverage|hybrid_mapsto,plasmid;chromosome;ambiguous;unlabeled,NOT_PUBLISHED_IN_METADATA,IN_GFA: dp tag (Unicycler) / KC tag (SKESA),Shaw2021,https://github.com/fmfi-compbio/plasgraph2-datasets/blob/06cdf1524a9d424b5eb97628be26b87f854d398a/cfre-test/shaw-2021_cfre-SAMN15148131-u.gfa.gz,06cdf1524a9d424b5eb97628be26b87f854d398a,LICENCE_NOT_DOCUMENTED,COMPLETE_FOR_ACCESSIONS;MISSING_STRAIN_BIOPROJECT_ASSEMBLY
shaw-2021_cfre-SAMN15148131-s,shaw-2021_cfre-SAMN15148131,SAMN15148131,cfre-test,Citrobacter freundii,NOT_IN_SOURCE_METADATA,SRR11949067,SRR12298580,Nanopore,SAMN15148131,NOT_IN_SOURCE_METADATA,NOT_IN_SOURCE_METADATA,SKESA,cfre-test/shaw-2021_cfre-SAMN15148131-s.gfa.gz,YES,1497425,cfre-test/shaw-2021_cfre-SAMN15148131-s.gfa.csv,YES,12345,contig|plasmid_score|chrom_score|label|length|chr_coverage|pl_coverage|un_coverage|hybrid_mapsto,plasmid;chromosome;ambiguous;unlabeled,NOT_PUBLISHED_IN_METADATA,IN_GFA: dp tag (Unicycler) / KC tag (SKESA),Shaw2021,https://github.com/fmfi-compbio/plasgraph2-datasets/blob/06cdf1524a9d424b5eb97628be26b87f854d398a/cfre-test/shaw-2021_cfre-SAMN15148131-s.gfa.gz,06cdf1524a9d424b5eb97628be26b87f854d398a,LICENCE_NOT_DOCUMENTED,COMPLETE_FOR_ACCESSIONS;MISSING_STRAIN_BIOPROJECT_ASSEMBLY
shaw-2021_cfre-SAMN15148132-u,shaw-2021_cfre-SAMN15148132,SAMN15148132,cfre-test,Citrobacter freundii,NOT_IN_SOURCE_METADATA,SRR11949066,SRR12298579,Nanopore,SAMN15148132,NOT_IN_SOURCE_METADATA,NOT_IN_SOURCE_METADATA,Unicycler,cfre-test/shaw-2021_cfre-SAMN15148132-u.gfa.gz,YES,1464523,cfre-test/shaw-2021_cfre-SAMN15148132-u.gfa.csv,YES,10011,contig|plasmid_score|chrom_score|label|length|chr_coverage|pl_coverage|un_coverage|hybrid_mapsto,plasmid;chromosome;ambiguous;unlabeled,NOT_PUBLISHED_IN_METADATA,IN_GFA: dp tag (Unicycler) / KC tag (SKESA),Shaw2021,https://github.com/fmfi-compbio/plasgraph2-datasets/blob/06cdf1524a9d424b5eb97628be26b87f854d398a/cfre-test/shaw-2021_cfre-SAMN15148132-u.gfa.gz,06cdf1524a9d424b5eb97628be26b87f854d398a,LICENCE_NOT_DOCUMENTED,COMPLETE_FOR_ACCESSIONS;MISSING_STRAIN_BIOPROJECT_ASSEMBLY
shaw-2021_cfre-SAMN15148132-s,shaw-2021_cfre-SAMN15148132,SAMN15148132,cfre-test,Citrobacter freundii,NOT_IN_SOURCE_METADATA,SRR11949066,SRR12298579,Nanopore,SAMN15148132,NOT_IN_SOURCE_METADATA,NOT_IN_SOURCE_METADATA,SKESA,cfre-test/shaw-2021_cfre-SAMN15148132-s.gfa.gz,YES,1498127,cfre-test/shaw-2021_cfre-SAMN15148132-s.gfa.csv,YES,12377,contig|plasmid_score|chrom_score|label|length|chr_coverage|pl_coverage|un_coverage|hybrid_mapsto,plasmid;chromosome;ambiguous;unlabeled,NOT_PUBLISHED_IN_METADATA,IN_GFA: dp tag (Unicycler) / KC tag (SKESA),Shaw2021,https://github.com/fmfi-compbio/plasgraph2-datasets/blob/06cdf1524a9d424b5eb97628be26b87f854d398a/cfre-test/shaw-2021_cfre-SAMN15148132-s.gfa.gz,06cdf1524a9d424b5eb97628be26b87f854d398a,LICENCE_NOT_DOCUMENTED,COMPLETE_FOR_ACCESSIONS;MISSING_STRAIN_BIOPROJECT_ASSEMBLY
shaw-2021_cfre-SAMN15148135-u,shaw-2021_cfre-SAMN15148135,SAMN15148135,cfre-test,Citrobacter freundii,NOT_IN_SOURCE_METADATA,SRR11949339,SRR12298576,Nanopore,SAMN15148135,NOT_IN_SOURCE_METADATA,NOT_IN_SOURCE_METADATA,Unicycler,cfre-test/shaw-2021_cfre-SAMN15148135-u.gfa.gz,YES,1491835,cfre-test/shaw-2021_cfre-SAMN15148135-u.gfa.csv,YES,10655,contig|plasmid_score|chrom_score|label|length|chr_coverage|pl_coverage|un_coverage|hybrid_mapsto,plasmid;chromosome;ambiguous;unlabeled,NOT_PUBLISHED_IN_METADATA,IN_GFA: dp tag (Unicycler) / KC tag (SKESA),Shaw2021,https://github.com/fmfi-compbio/plasgraph2-datasets/blob/06cdf1524a9d424b5eb97628be26b87f854d398a/cfre-test/shaw-2021_cfre-SAMN15148135-u.gfa.gz,06cdf1524a9d424b5eb97628be26b87f854d398a,LICENCE_NOT_DOCUMENTED,COMPLETE_FOR_ACCESSIONS;MISSING_STRAIN_BIOPROJECT_ASSEMBLY
shaw-2021_cfre-SAMN15148135-s,shaw-2021_cfre-SAMN15148135,SAMN15148135,cfre-test,Citrobacter freundii,NOT_IN_SOURCE_METADATA,SRR11949339,SRR12298576,Nanopore,SAMN15148135,NOT_IN_SOURCE_METADATA,NOT_IN_SOURCE_METADATA,SKESA,cfre-test/shaw-2021_cfre-SAMN15148135-s.gfa.gz,YES,1498214,cfre-test/shaw-2021_cfre-SAMN15148135-s.gfa.csv,YES,13481,contig|plasmid_score|chrom_score|label|length|chr_coverage|pl_coverage|un_coverage|hybrid_mapsto,plasmid;chromosome;ambiguous;unlabeled,NOT_PUBLISHED_IN_METADATA,IN_GFA: dp tag (Unicycler) / KC tag (SKESA),Shaw2021,https://github.com/fmfi-compbio/plasgraph2-datasets/blob/06cdf1524a9d424b5eb97628be26b87f854d398a/cfre-test/shaw-2021_cfre-SAMN15148135-s.gfa.gz,06cdf1524a9d424b5eb97628be26b87f854d398a,LICENCE_NOT_DOCUMENTED,COMPLETE_FOR_ACCESSIONS;MISSING_STRAIN_BIOPROJECT_ASSEMBLY
shaw-2021_cfre-SAMN15148223-u,shaw-2021_cfre-SAMN15148223,SAMN15148223,cfre-test,Citrobacter freundii,NOT_IN_SOURCE_METADATA,SRR11948775,SRR12298859,Nanopore,SAMN15148223,NOT_IN_SOURCE_METADATA,NOT_IN_SOURCE_METADATA,Unicycler,cfre-test/shaw-2021_cfre-SAMN15148223-u.gfa.gz,YES,1352036,cfre-test/shaw-2021_cfre-SAMN15148223-u.gfa.csv,YES,2134,contig|plasmid_score|chrom_score|label|length|chr_coverage|pl_coverage|un_coverage|hybrid_mapsto,plasmid;chromosome;ambiguous;unlabeled,NOT_PUBLISHED_IN_METADATA,IN_GFA: dp tag (Unicycler) / KC tag (SKESA),Shaw2021,https://github.com/fmfi-compbio/plasgraph2-datasets/blob/06cdf1524a9d424b5eb97628be26b87f854d398a/cfre-test/shaw-2021_cfre-SAMN15148223-u.gfa.gz,06cdf1524a9d424b5eb97628be26b87f854d398a,LICENCE_NOT_DOCUMENTED,COMPLETE_FOR_ACCESSIONS;MISSING_STRAIN_BIOPROJECT_ASSEMBLY
shaw-2021_cfre-SAMN15148223-s,shaw-2021_cfre-SAMN15148223,SAMN15148223,cfre-test,Citrobacter freundii,NOT_IN_SOURCE_METADATA,SRR11948775,SRR12298859,Nanopore,SAMN15148223,NOT_IN_SOURCE_METADATA,NOT_IN_SOURCE_METADATA,SKESA,cfre-test/shaw-2021_cfre-SAMN15148223-s.gfa.gz,YES,1354285,cfre-test/shaw-2021_cfre-SAMN15148223-s.gfa.csv,YES,5072,contig|plasmid_score|chrom_score|label|length|chr_coverage|pl_coverage|un_coverage|hybrid_mapsto,plasmid;chromosome;ambiguous;unlabeled,NOT_PUBLISHED_IN_METADATA,IN_GFA: dp tag (Unicycler) / KC tag (SKESA),Shaw2021,https://github.com/fmfi-compbio/plasgraph2-datasets/blob/06cdf1524a9d424b5eb97628be26b87f854d398a/cfre-test/shaw-2021_cfre-SAMN15148223-s.gfa.gz,06cdf1524a9d424b5eb97628be26b87f854d398a,LICENCE_NOT_DOCUMENTED,COMPLETE_FOR_ACCESSIONS;MISSING_STRAIN_BIOPROJECT_ASSEMBLY
shaw-2021_cfre-SAMN15148277-u,shaw-2021_cfre-SAMN15148277,SAMN15148277,cfre-test,Citrobacter freundii,NOT_IN_SOURCE_METADATA,SRR11949046,SRR12298747,Nanopore,SAMN15148277,NOT_IN_SOURCE_METADATA,NOT_IN_SOURCE_METADATA,Unicycler,cfre-test/shaw-2021_cfre-SAMN15148277-u.gfa.gz,YES,1368442,cfre-test/shaw-2021_cfre-SAMN15148277-u.gfa.csv,YES,1623,contig|plasmid_score|chrom_score|label|length|chr_coverage|pl_coverage|un_coverage|hybrid_mapsto,plasmid;chromosome;ambiguous;unlabeled,NOT_PUBLISHED_IN_METADATA,IN_GFA: dp tag (Unicycler) / KC tag (SKESA),Shaw2021,https://github.com/fmfi-compbio/plasgraph2-datasets/blob/06cdf1524a9d424b5eb97628be26b87f854d398a/cfre-test/shaw-2021_cfre-SAMN15148277-u.gfa.gz,06cdf1524a9d424b5eb97628be26b87f854d398a,LICENCE_NOT_DOCUMENTED,COMPLETE_FOR_ACCESSIONS;MISSING_STRAIN_BIOPROJECT_ASSEMBLY
shaw-2021_cfre-SAMN15148277-s,shaw-2021_cfre-SAMN15148277,SAMN15148277,cfre-test,Citrobacter freundii,NOT_IN_SOURCE_METADATA,SRR11949046,SRR12298747,Nanopore,SAMN15148277,NOT_IN_SOURCE_METADATA,NOT_IN_SOURCE_METADATA,SKESA,cfre-test/shaw-2021_cfre-SAMN15148277-s.gfa.gz,YES,1371674,cfre-test/shaw-2021_cfre-SAMN15148277-s.gfa.csv,YES,5647,contig|plasmid_score|chrom_score|label|length|chr_coverage|pl_coverage|un_coverage|hybrid_mapsto,plasmid;chromosome;ambiguous;unlabeled,NOT_PUBLISHED_IN_METADATA,IN_GFA: dp tag (Unicycler) / KC tag (SKESA),Shaw2021,https://github.com/fmfi-compbio/plasgraph2-datasets/blob/06cdf1524a9d424b5eb97628be26b87f854d398a/cfre-test/shaw-2021_cfre-SAMN15148277-s.gfa.gz,06cdf1524a9d424b5eb97628be26b87f854d398a,LICENCE_NOT_DOCUMENTED,COMPLETE_FOR_ACCESSIONS;MISSING_STRAIN_BIOPROJECT_ASSEMBLY
shaw-2021_cfre-SAMN15148288-u,shaw-2021_cfre-SAMN15148288,SAMN15148288,cfre-test,Citrobacter freundii,NOT_IN_SOURCE_METADATA,SRR11949034,SRR12298663,Nanopore,SAMN15148288,NOT_IN_SOURCE_METADATA,NOT_IN_SOURCE_METADATA,Unicycler,cfre-test/shaw-2021_cfre-SAMN15148288-u.gfa.gz,YES,1562196,cfre-test/shaw-2021_cfre-SAMN15148288-u.gfa.csv,YES,9020,contig|plasmid_score|chrom_score|label|length|chr_coverage|pl_coverage|un_coverage|hybrid_mapsto,plasmid;chromosome;ambiguous;unlabeled,NOT_PUBLISHED_IN_METADATA,IN_GFA: dp tag (Unicycler) / KC tag (SKESA),Shaw2021,https://github.com/fmfi-compbio/plasgraph2-datasets/blob/06cdf1524a9d424b5eb97628be26b87f854d398a/cfre-test/shaw-2021_cfre-SAMN15148288-u.gfa.gz,06cdf1524a9d424b5eb97628be26b87f854d398a,LICENCE_NOT_DOCUMENTED,COMPLETE_FOR_ACCESSIONS;MISSING_STRAIN_BIOPROJECT_ASSEMBLY
shaw-2021_cfre-SAMN15148288-s,shaw-2021_cfre-SAMN15148288,SAMN15148288,cfre-test,Citrobacter freundii,NOT_IN_SOURCE_METADATA,SRR11949034,SRR12298663,Nanopore,SAMN15148288,NOT_IN_SOURCE_METADATA,NOT_IN_SOURCE_METADATA,SKESA,cfre-test/shaw-2021_cfre-SAMN15148288-s.gfa.gz,YES,1565368,cfre-test/shaw-2021_cfre-SAMN15148288-s.gfa.csv,YES,11312,contig|plasmid_score|chrom_score|label|length|chr_coverage|pl_coverage|un_coverage|hybrid_mapsto,plasmid;chromosome;ambiguous;unlabeled,NOT_PUBLISHED_IN_METADATA,IN_GFA: dp tag (Unicycler) / KC tag (SKESA),Shaw2021,https://github.com/fmfi-compbio/plasgraph2-datasets/blob/06cdf1524a9d424b5eb97628be26b87f854d398a/cfre-test/shaw-2021_cfre-SAMN15148288-s.gfa.gz,06cdf1524a9d424b5eb97628be26b87f854d398a,LICENCE_NOT_DOCUMENTED,COMPLETE_FOR_ACCESSIONS;MISSING_STRAIN_BIOPROJECT_ASSEMBLY
shaw-2021_cfre-SAMN15148307-u,shaw-2021_cfre-SAMN15148307,SAMN15148307,cfre-test,Citrobacter freundii,NOT_IN_SOURCE_METADATA,SRR11948761,SRR12298642,Nanopore,SAMN15148307,NOT_IN_SOURCE_METADATA,NOT_IN_SOURCE_METADATA,Unicycler,cfre-test/shaw-2021_cfre-SAMN15148307-u.gfa.gz,YES,1358634,cfre-test/shaw-2021_cfre-SAMN15148307-u.gfa.csv,YES,2699,contig|plasmid_score|chrom_score|label|length|chr_coverage|pl_coverage|un_coverage|hybrid_mapsto,plasmid;chromosome;ambiguous;unlabeled,NOT_PUBLISHED_IN_METADATA,IN_GFA: dp tag (Unicycler) / KC tag (SKESA),Shaw2021,https://github.com/fmfi-compbio/plasgraph2-datasets/blob/06cdf1524a9d424b5eb97628be26b87f854d398a/cfre-test/shaw-2021_cfre-SAMN15148307-u.gfa.gz,06cdf1524a9d424b5eb97628be26b87f854d398a,LICENCE_NOT_DOCUMENTED,COMPLETE_FOR_ACCESSIONS;MISSING_STRAIN_BIOPROJECT_ASSEMBLY
shaw-2021_cfre-SAMN15148307-s,shaw-2021_cfre-SAMN15148307,SAMN15148307,cfre-test,Citrobacter freundii,NOT_IN_SOURCE_METADATA,SRR11948761,SRR12298642,Nanopore,SAMN15148307,NOT_IN_SOURCE_METADATA,NOT_IN_SOURCE_METADATA,SKESA,cfre-test/shaw-2021_cfre-SAMN15148307-s.gfa.gz,YES,1360603,cfre-test/shaw-2021_cfre-SAMN15148307-s.gfa.csv,YES,5375,contig|plasmid_score|chrom_score|label|length|chr_coverage|pl_coverage|un_coverage|hybrid_mapsto,plasmid;chromosome;ambiguous;unlabeled,NOT_PUBLISHED_IN_METADATA,IN_GFA: dp tag (Unicycler) / KC tag (SKESA),Shaw2021,https://github.com/fmfi-compbio/plasgraph2-datasets/blob/06cdf1524a9d424b5eb97628be26b87f854d398a/cfre-test/shaw-2021_cfre-SAMN15148307-s.gfa.gz,06cdf1524a9d424b5eb97628be26b87f854d398a,LICENCE_NOT_DOCUMENTED,COMPLETE_FOR_ACCESSIONS;MISSING_STRAIN_BIOPROJECT_ASSEMBLY
shaw-2021_cfre-SAMN15148340-u,shaw-2021_cfre-SAMN15148340,SAMN15148340,cfre-test,Citrobacter freundii,NOT_IN_SOURCE_METADATA,SRR11948939,SRR12299155,Nanopore,SAMN15148340,NOT_IN_SOURCE_METADATA,NOT_IN_SOURCE_METADATA,Unicycler,cfre-test/shaw-2021_cfre-SAMN15148340-u.gfa.gz,YES,1327418,cfre-test/shaw-2021_cfre-SAMN15148340-u.gfa.csv,YES,2388,contig|plasmid_score|chrom_score|label|length|chr_coverage|pl_coverage|un_coverage|hybrid_mapsto,plasmid;chromosome;ambiguous;unlabeled,NOT_PUBLISHED_IN_METADATA,IN_GFA: dp tag (Unicycler) / KC tag (SKESA),Shaw2021,https://github.com/fmfi-compbio/plasgraph2-datasets/blob/06cdf1524a9d424b5eb97628be26b87f854d398a/cfre-test/shaw-2021_cfre-SAMN15148340-u.gfa.gz,06cdf1524a9d424b5eb97628be26b87f854d398a,LICENCE_NOT_DOCUMENTED,COMPLETE_FOR_ACCESSIONS;MISSING_STRAIN_BIOPROJECT_ASSEMBLY
shaw-2021_cfre-SAMN15148340-s,shaw-2021_cfre-SAMN15148340,SAMN15148340,cfre-test,Citrobacter freundii,NOT_IN_SOURCE_METADATA,SRR11948939,SRR12299155,Nanopore,SAMN15148340,NOT_IN_SOURCE_METADATA,NOT_IN_SOURCE_METADATA,SKESA,cfre-test/shaw-2021_cfre-SAMN15148340-s.gfa.gz,YES,1336233,cfre-test/shaw-2021_cfre-SAMN15148340-s.gfa.csv,YES,5543,contig|plasmid_score|chrom_score|label|length|chr_coverage|pl_coverage|un_coverage|hybrid_mapsto,plasmid;chromosome;ambiguous;unlabeled,NOT_PUBLISHED_IN_METADATA,IN_GFA: dp tag (Unicycler) / KC tag (SKESA),Shaw2021,https://github.com/fmfi-compbio/plasgraph2-datasets/blob/06cdf1524a9d424b5eb97628be26b87f854d398a/cfre-test/shaw-2021_cfre-SAMN15148340-s.gfa.gz,06cdf1524a9d424b5eb97628be26b87f854d398a,LICENCE_NOT_DOCUMENTED,COMPLETE_FOR_ACCESSIONS;MISSING_STRAIN_BIOPROJECT_ASSEMBLY
shaw-2021_cfre-SAMN15148355-u,shaw-2021_cfre-SAMN15148355,SAMN15148355,cfre-test,Citrobacter freundii,NOT_IN_SOURCE_METADATA,SRR11949382,SRR12299114,Nanopore,SAMN15148355,NOT_IN_SOURCE_METADATA,NOT_IN_SOURCE_METADATA,Unicycler,cfre-test/shaw-2021_cfre-SAMN15148355-u.gfa.gz,YES,1474647,cfre-test/shaw-2021_cfre-SAMN15148355-u.gfa.csv,YES,2721,contig|plasmid_score|chrom_score|label|length|chr_coverage|pl_coverage|un_coverage|hybrid_mapsto,plasmid;chromosome;ambiguous;unlabeled,NOT_PUBLISHED_IN_METADATA,IN_GFA: dp tag (Unicycler) / KC tag (SKESA),Shaw2021,https://github.com/fmfi-compbio/plasgraph2-datasets/blob/06cdf1524a9d424b5eb97628be26b87f854d398a/cfre-test/shaw-2021_cfre-SAMN15148355-u.gfa.gz,06cdf1524a9d424b5eb97628be26b87f854d398a,LICENCE_NOT_DOCUMENTED,COMPLETE_FOR_ACCESSIONS;MISSING_STRAIN_BIOPROJECT_ASSEMBLY
shaw-2021_cfre-SAMN15148355-s,shaw-2021_cfre-SAMN15148355,SAMN15148355,cfre-test,Citrobacter freundii,NOT_IN_SOURCE_METADATA,SRR11949382,SRR12299114,Nanopore,SAMN15148355,NOT_IN_SOURCE_METADATA,NOT_IN_SOURCE_METADATA,SKESA,cfre-test/shaw-2021_cfre-SAMN15148355-s.gfa.gz,YES,1475631,cfre-test/shaw-2021_cfre-SAMN15148355-s.gfa.csv,YES,4704,contig|plasmid_score|chrom_score|label|length|chr_coverage|pl_coverage|un_coverage|hybrid_mapsto,plasmid;chromosome;ambiguous;unlabeled,NOT_PUBLISHED_IN_METADATA,IN_GFA: dp tag (Unicycler) / KC tag (SKESA),Shaw2021,https://github.com/fmfi-compbio/plasgraph2-datasets/blob/06cdf1524a9d424b5eb97628be26b87f854d398a/cfre-test/shaw-2021_cfre-SAMN15148355-s.gfa.gz,06cdf1524a9d424b5eb97628be26b87f854d398a,LICENCE_NOT_DOCUMENTED,COMPLETE_FOR_ACCESSIONS;MISSING_STRAIN_BIOPROJECT_ASSEMBLY
shaw-2021_cfre-SAMN15148357-u,shaw-2021_cfre-SAMN15148357,SAMN15148357,cfre-test,Citrobacter freundii,NOT_IN_SOURCE_METADATA,SRR11949379,SRR12299111,Nanopore,SAMN15148357,NOT_IN_SOURCE_METADATA,NOT_IN_SOURCE_METADATA,Unicycler,cfre-test/shaw-2021_cfre-SAMN15148357-u.gfa.gz,YES,1474593,cfre-test/shaw-2021_cfre-SAMN15148357-u.gfa.csv,YES,2625,contig|plasmid_score|chrom_score|label|length|chr_coverage|pl_coverage|un_coverage|hybrid_mapsto,plasmid;chromosome;ambiguous;unlabeled,NOT_PUBLISHED_IN_METADATA,IN_GFA: dp tag (Unicycler) / KC tag (SKESA),Shaw2021,https://github.com/fmfi-compbio/plasgraph2-datasets/blob/06cdf1524a9d424b5eb97628be26b87f854d398a/cfre-test/shaw-2021_cfre-SAMN15148357-u.gfa.gz,06cdf1524a9d424b5eb97628be26b87f854d398a,LICENCE_NOT_DOCUMENTED,COMPLETE_FOR_ACCESSIONS;MISSING_STRAIN_BIOPROJECT_ASSEMBLY
shaw-2021_cfre-SAMN15148357-s,shaw-2021_cfre-SAMN15148357,SAMN15148357,cfre-test,Citrobacter freundii,NOT_IN_SOURCE_METADATA,SRR11949379,SRR12299111,Nanopore,SAMN15148357,NOT_IN_SOURCE_METADATA,NOT_IN_SOURCE_METADATA,SKESA,cfre-test/shaw-2021_cfre-SAMN15148357-s.gfa.gz,YES,1475794,cfre-test/shaw-2021_cfre-SAMN15148357-s.gfa.csv,YES,4750,contig|plasmid_score|chrom_score|label|length|chr_coverage|pl_coverage|un_coverage|hybrid_mapsto,plasmid;chromosome;ambiguous;unlabeled,NOT_PUBLISHED_IN_METADATA,IN_GFA: dp tag (Unicycler) / KC tag (SKESA),Shaw2021,https://github.com/fmfi-compbio/plasgraph2-datasets/blob/06cdf1524a9d424b5eb97628be26b87f854d398a/cfre-test/shaw-2021_cfre-SAMN15148357-s.gfa.gz,06cdf1524a9d424b5eb97628be26b87f854d398a,LICENCE_NOT_DOCUMENTED,COMPLETE_FOR_ACCESSIONS;MISSING_STRAIN_BIOPROJECT_ASSEMBLY
shaw-2021_cfre-SAMN15148363-u,shaw-2021_cfre-SAMN15148363,SAMN15148363,cfre-test,Citrobacter freundii,NOT_IN_SOURCE_METADATA,SRR11949373,SRR12299105,Nanopore,SAMN15148363,NOT_IN_SOURCE_METADATA,NOT_IN_SOURCE_METADATA,Unicycler,cfre-test/shaw-2021_cfre-SAMN15148363-u.gfa.gz,YES,1450902,cfre-test/shaw-2021_cfre-SAMN15148363-u.gfa.csv,YES,3252,contig|plasmid_score|chrom_score|label|length|chr_coverage|pl_coverage|un_coverage|hybrid_mapsto,plasmid;chromosome;ambiguous;unlabeled,NOT_PUBLISHED_IN_METADATA,IN_GFA: dp tag (Unicycler) / KC tag (SKESA),Shaw2021,https://github.com/fmfi-compbio/plasgraph2-datasets/blob/06cdf1524a9d424b5eb97628be26b87f854d398a/cfre-test/shaw-2021_cfre-SAMN15148363-u.gfa.gz,06cdf1524a9d424b5eb97628be26b87f854d398a,LICENCE_NOT_DOCUMENTED,COMPLETE_FOR_ACCESSIONS;MISSING_STRAIN_BIOPROJECT_ASSEMBLY
shaw-2021_cfre-SAMN15148363-s,shaw-2021_cfre-SAMN15148363,SAMN15148363,cfre-test,Citrobacter freundii,NOT_IN_SOURCE_METADATA,SRR11949373,SRR12299105,Nanopore,SAMN15148363,NOT_IN_SOURCE_METADATA,NOT_IN_SOURCE_METADATA,SKESA,cfre-test/shaw-2021_cfre-SAMN15148363-s.gfa.gz,YES,1454470,cfre-test/shaw-2021_cfre-SAMN15148363-s.gfa.csv,YES,6918,contig|plasmid_score|chrom_score|label|length|chr_coverage|pl_coverage|un_coverage|hybrid_mapsto,plasmid;chromosome;ambiguous;unlabeled,NOT_PUBLISHED_IN_METADATA,IN_GFA: dp tag (Unicycler) / KC tag (SKESA),Shaw2021,https://github.com/fmfi-compbio/plasgraph2-datasets/blob/06cdf1524a9d424b5eb97628be26b87f854d398a/cfre-test/shaw-2021_cfre-SAMN15148363-s.gfa.gz,06cdf1524a9d424b5eb97628be26b87f854d398a,LICENCE_NOT_DOCUMENTED,COMPLETE_FOR_ACCESSIONS;MISSING_STRAIN_BIOPROJECT_ASSEMBLY
shaw-2021_cfre-SAMN15148428-u,shaw-2021_cfre-SAMN15148428,SAMN15148428,cfre-test,Citrobacter freundii,NOT_IN_SOURCE_METADATA,SRR11949157,SRR12298538,Nanopore,SAMN15148428,NOT_IN_SOURCE_METADATA,NOT_IN_SOURCE_METADATA,Unicycler,cfre-test/shaw-2021_cfre-SAMN15148428-u.gfa.gz,YES,1395803,cfre-test/shaw-2021_cfre-SAMN15148428-u.gfa.csv,YES,2530,contig|plasmid_score|chrom_score|label|length|chr_coverage|pl_coverage|un_coverage|hybrid_mapsto,plasmid;chromosome;ambiguous;unlabeled,NOT_PUBLISHED_IN_METADATA,IN_GFA: dp tag (Unicycler) / KC tag (SKESA),Shaw2021,https://github.com/fmfi-compbio/plasgraph2-datasets/blob/06cdf1524a9d424b5eb97628be26b87f854d398a/cfre-test/shaw-2021_cfre-SAMN15148428-u.gfa.gz,06cdf1524a9d424b5eb97628be26b87f854d398a,LICENCE_NOT_DOCUMENTED,COMPLETE_FOR_ACCESSIONS;MISSING_STRAIN_BIOPROJECT_ASSEMBLY
shaw-2021_cfre-SAMN15148428-s,shaw-2021_cfre-SAMN15148428,SAMN15148428,cfre-test,Citrobacter freundii,NOT_IN_SOURCE_METADATA,SRR11949157,SRR12298538,Nanopore,SAMN15148428,NOT_IN_SOURCE_METADATA,NOT_IN_SOURCE_METADATA,SKESA,cfre-test/shaw-2021_cfre-SAMN15148428-s.gfa.gz,YES,1399562,cfre-test/shaw-2021_cfre-SAMN15148428-s.gfa.csv,YES,6013,contig|plasmid_score|chrom_score|label|length|chr_coverage|pl_coverage|un_coverage|hybrid_mapsto,plasmid;chromosome;ambiguous;unlabeled,NOT_PUBLISHED_IN_METADATA,IN_GFA: dp tag (Unicycler) / KC tag (SKESA),Shaw2021,https://github.com/fmfi-compbio/plasgraph2-datasets/blob/06cdf1524a9d424b5eb97628be26b87f854d398a/cfre-test/shaw-2021_cfre-SAMN15148428-s.gfa.gz,06cdf1524a9d424b5eb97628be26b87f854d398a,LICENCE_NOT_DOCUMENTED,COMPLETE_FOR_ACCESSIONS;MISSING_STRAIN_BIOPROJECT_ASSEMBLY
shaw-2021_cfre-SAMN15148449-u,shaw-2021_cfre-SAMN15148449,SAMN15148449,cfre-test,Citrobacter freundii,NOT_IN_SOURCE_METADATA,SRR11949015,SRR12298490,PacBio,SAMN15148449,NOT_IN_SOURCE_METADATA,NOT_IN_SOURCE_METADATA,Unicycler,cfre-test/shaw-2021_cfre-SAMN15148449-u.gfa.gz,YES,1605952,cfre-test/shaw-2021_cfre-SAMN15148449-u.gfa.csv,YES,6371,contig|plasmid_score|chrom_score|label|length|chr_coverage|pl_coverage|un_coverage|hybrid_mapsto,plasmid;chromosome;ambiguous;unlabeled,NOT_PUBLISHED_IN_METADATA,IN_GFA: dp tag (Unicycler) / KC tag (SKESA),Shaw2021,https://github.com/fmfi-compbio/plasgraph2-datasets/blob/06cdf1524a9d424b5eb97628be26b87f854d398a/cfre-test/shaw-2021_cfre-SAMN15148449-u.gfa.gz,06cdf1524a9d424b5eb97628be26b87f854d398a,LICENCE_NOT_DOCUMENTED,COMPLETE_FOR_ACCESSIONS;MISSING_STRAIN_BIOPROJECT_ASSEMBLY
shaw-2021_cfre-SAMN15148449-s,shaw-2021_cfre-SAMN15148449,SAMN15148449,cfre-test,Citrobacter freundii,NOT_IN_SOURCE_METADATA,SRR11949015,SRR12298490,PacBio,SAMN15148449,NOT_IN_SOURCE_METADATA,NOT_IN_SOURCE_METADATA,SKESA,cfre-test/shaw-2021_cfre-SAMN15148449-s.gfa.gz,YES,1609680,cfre-test/shaw-2021_cfre-SAMN15148449-s.gfa.csv,YES,10837,contig|plasmid_score|chrom_score|label|length|chr_coverage|pl_coverage|un_coverage|hybrid_mapsto,plasmid;chromosome;ambiguous;unlabeled,NOT_PUBLISHED_IN_METADATA,IN_GFA: dp tag (Unicycler) / KC tag (SKESA),Shaw2021,https://github.com/fmfi-compbio/plasgraph2-datasets/blob/06cdf1524a9d424b5eb97628be26b87f854d398a/cfre-test/shaw-2021_cfre-SAMN15148449-s.gfa.gz,06cdf1524a9d424b5eb97628be26b87f854d398a,LICENCE_NOT_DOCUMENTED,COMPLETE_FOR_ACCESSIONS;MISSING_STRAIN_BIOPROJECT_ASSEMBLY
shaw-2021_cfre-SAMN15148491-u,shaw-2021_cfre-SAMN15148491,SAMN15148491,cfre-test,Citrobacter freundii,NOT_IN_SOURCE_METADATA,SRR11949295,SRR12298420,Nanopore,SAMN15148491,NOT_IN_SOURCE_METADATA,NOT_IN_SOURCE_METADATA,Unicycler,cfre-test/shaw-2021_cfre-SAMN15148491-u.gfa.gz,YES,1556768,cfre-test/shaw-2021_cfre-SAMN15148491-u.gfa.csv,YES,9835,contig|plasmid_score|chrom_score|label|length|chr_coverage|pl_coverage|un_coverage|hybrid_mapsto,plasmid;chromosome;ambiguous;unlabeled,NOT_PUBLISHED_IN_METADATA,IN_GFA: dp tag (Unicycler) / KC tag (SKESA),Shaw2021,https://github.com/fmfi-compbio/plasgraph2-datasets/blob/06cdf1524a9d424b5eb97628be26b87f854d398a/cfre-test/shaw-2021_cfre-SAMN15148491-u.gfa.gz,06cdf1524a9d424b5eb97628be26b87f854d398a,LICENCE_NOT_DOCUMENTED,COMPLETE_FOR_ACCESSIONS;MISSING_STRAIN_BIOPROJECT_ASSEMBLY
shaw-2021_cfre-SAMN15148491-s,shaw-2021_cfre-SAMN15148491,SAMN15148491,cfre-test,Citrobacter freundii,NOT_IN_SOURCE_METADATA,SRR11949295,SRR12298420,Nanopore,SAMN15148491,NOT_IN_SOURCE_METADATA,NOT_IN_SOURCE_METADATA,SKESA,cfre-test/shaw-2021_cfre-SAMN15148491-s.gfa.gz,YES,1559778,cfre-test/shaw-2021_cfre-SAMN15148491-s.gfa.csv,YES,14417,contig|plasmid_score|chrom_score|label|length|chr_coverage|pl_coverage|un_coverage|hybrid_mapsto,plasmid;chromosome;ambiguous;unlabeled,NOT_PUBLISHED_IN_METADATA,IN_GFA: dp tag (Unicycler) / KC tag (SKESA),Shaw2021,https://github.com/fmfi-compbio/plasgraph2-datasets/blob/06cdf1524a9d424b5eb97628be26b87f854d398a/cfre-test/shaw-2021_cfre-SAMN15148491-s.gfa.gz,06cdf1524a9d424b5eb97628be26b87f854d398a,LICENCE_NOT_DOCUMENTED,COMPLETE_FOR_ACCESSIONS;MISSING_STRAIN_BIOPROJECT_ASSEMBLY
shaw-2021_cfre-SAMN15148496-u,shaw-2021_cfre-SAMN15148496,SAMN15148496,cfre-test,Citrobacter freundii,NOT_IN_SOURCE_METADATA,SRR11948814,SRR12298415,PacBio,SAMN15148496,NOT_IN_SOURCE_METADATA,NOT_IN_SOURCE_METADATA,Unicycler,cfre-test/shaw-2021_cfre-SAMN15148496-u.gfa.gz,YES,1513113,cfre-test/shaw-2021_cfre-SAMN15148496-u.gfa.csv,YES,7382,contig|plasmid_score|chrom_score|label|length|chr_coverage|pl_coverage|un_coverage|hybrid_mapsto,plasmid;chromosome;ambiguous;unlabeled,NOT_PUBLISHED_IN_METADATA,IN_GFA: dp tag (Unicycler) / KC tag (SKESA),Shaw2021,https://github.com/fmfi-compbio/plasgraph2-datasets/blob/06cdf1524a9d424b5eb97628be26b87f854d398a/cfre-test/shaw-2021_cfre-SAMN15148496-u.gfa.gz,06cdf1524a9d424b5eb97628be26b87f854d398a,LICENCE_NOT_DOCUMENTED,COMPLETE_FOR_ACCESSIONS;MISSING_STRAIN_BIOPROJECT_ASSEMBLY
shaw-2021_cfre-SAMN15148496-s,shaw-2021_cfre-SAMN15148496,SAMN15148496,cfre-test,Citrobacter freundii,NOT_IN_SOURCE_METADATA,SRR11948814,SRR12298415,PacBio,SAMN15148496,NOT_IN_SOURCE_METADATA,NOT_IN_SOURCE_METADATA,SKESA,cfre-test/shaw-2021_cfre-SAMN15148496-s.gfa.gz,YES,1517795,cfre-test/shaw-2021_cfre-SAMN15148496-s.gfa.csv,YES,13894,contig|plasmid_score|chrom_score|label|length|chr_coverage|pl_coverage|un_coverage|hybrid_mapsto,plasmid;chromosome;ambiguous;unlabeled,NOT_PUBLISHED_IN_METADATA,IN_GFA: dp tag (Unicycler) / KC tag (SKESA),Shaw2021,https://github.com/fmfi-compbio/plasgraph2-datasets/blob/06cdf1524a9d424b5eb97628be26b87f854d398a/cfre-test/shaw-2021_cfre-SAMN15148496-s.gfa.gz,06cdf1524a9d424b5eb97628be26b87f854d398a,LICENCE_NOT_DOCUMENTED,COMPLETE_FOR_ACCESSIONS;MISSING_STRAIN_BIOPROJECT_ASSEMBLY
shaw-2021_cfre-SAMN15148500-u,shaw-2021_cfre-SAMN15148500,SAMN15148500,cfre-test,Citrobacter freundii,NOT_IN_SOURCE_METADATA,SRR11948809,SRR12298410,Nanopore,SAMN15148500,NOT_IN_SOURCE_METADATA,NOT_IN_SOURCE_METADATA,Unicycler,cfre-test/shaw-2021_cfre-SAMN15148500-u.gfa.gz,YES,1434612,cfre-test/shaw-2021_cfre-SAMN15148500-u.gfa.csv,YES,5719,contig|plasmid_score|chrom_score|label|length|chr_coverage|pl_coverage|un_coverage|hybrid_mapsto,plasmid;chromosome;ambiguous;unlabeled,NOT_PUBLISHED_IN_METADATA,IN_GFA: dp tag (Unicycler) / KC tag (SKESA),Shaw2021,https://github.com/fmfi-compbio/plasgraph2-datasets/blob/06cdf1524a9d424b5eb97628be26b87f854d398a/cfre-test/shaw-2021_cfre-SAMN15148500-u.gfa.gz,06cdf1524a9d424b5eb97628be26b87f854d398a,LICENCE_NOT_DOCUMENTED,COMPLETE_FOR_ACCESSIONS;MISSING_STRAIN_BIOPROJECT_ASSEMBLY
shaw-2021_cfre-SAMN15148500-s,shaw-2021_cfre-SAMN15148500,SAMN15148500,cfre-test,Citrobacter freundii,NOT_IN_SOURCE_METADATA,SRR11948809,SRR12298410,Nanopore,SAMN15148500,NOT_IN_SOURCE_METADATA,NOT_IN_SOURCE_METADATA,SKESA,cfre-test/shaw-2021_cfre-SAMN15148500-s.gfa.gz,YES,1437682,cfre-test/shaw-2021_cfre-SAMN15148500-s.gfa.csv,YES,9193,contig|plasmid_score|chrom_score|label|length|chr_coverage|pl_coverage|un_coverage|hybrid_mapsto,plasmid;chromosome;ambiguous;unlabeled,NOT_PUBLISHED_IN_METADATA,IN_GFA: dp tag (Unicycler) / KC tag (SKESA),Shaw2021,https://github.com/fmfi-compbio/plasgraph2-datasets/blob/06cdf1524a9d424b5eb97628be26b87f854d398a/cfre-test/shaw-2021_cfre-SAMN15148500-s.gfa.gz,06cdf1524a9d424b5eb97628be26b87f854d398a,LICENCE_NOT_DOCUMENTED,COMPLETE_FOR_ACCESSIONS;MISSING_STRAIN_BIOPROJECT_ASSEMBLY
shaw-2021_cfre-SAMN15148504-u,shaw-2021_cfre-SAMN15148504,SAMN15148504,cfre-test,Citrobacter freundii,NOT_IN_SOURCE_METADATA,SRR11948805,SRR12298406,PacBio,SAMN15148504,NOT_IN_SOURCE_METADATA,NOT_IN_SOURCE_METADATA,Unicycler,cfre-test/shaw-2021_cfre-SAMN15148504-u.gfa.gz,YES,1535895,cfre-test/shaw-2021_cfre-SAMN15148504-u.gfa.csv,YES,5556,contig|plasmid_score|chrom_score|label|length|chr_coverage|pl_coverage|un_coverage|hybrid_mapsto,plasmid;chromosome;ambiguous;unlabeled,NOT_PUBLISHED_IN_METADATA,IN_GFA: dp tag (Unicycler) / KC tag (SKESA),Shaw2021,https://github.com/fmfi-compbio/plasgraph2-datasets/blob/06cdf1524a9d424b5eb97628be26b87f854d398a/cfre-test/shaw-2021_cfre-SAMN15148504-u.gfa.gz,06cdf1524a9d424b5eb97628be26b87f854d398a,LICENCE_NOT_DOCUMENTED,COMPLETE_FOR_ACCESSIONS;MISSING_STRAIN_BIOPROJECT_ASSEMBLY
shaw-2021_cfre-SAMN15148504-s,shaw-2021_cfre-SAMN15148504,SAMN15148504,cfre-test,Citrobacter freundii,NOT_IN_SOURCE_METADATA,SRR11948805,SRR12298406,PacBio,SAMN15148504,NOT_IN_SOURCE_METADATA,NOT_IN_SOURCE_METADATA,SKESA,cfre-test/shaw-2021_cfre-SAMN15148504-s.gfa.gz,YES,1538221,cfre-test/shaw-2021_cfre-SAMN15148504-s.gfa.csv,YES,6768,contig|plasmid_score|chrom_score|label|length|chr_coverage|pl_coverage|un_coverage|hybrid_mapsto,plasmid;chromosome;ambiguous;unlabeled,NOT_PUBLISHED_IN_METADATA,IN_GFA: dp tag (Unicycler) / KC tag (SKESA),Shaw2021,https://github.com/fmfi-compbio/plasgraph2-datasets/blob/06cdf1524a9d424b5eb97628be26b87f854d398a/cfre-test/shaw-2021_cfre-SAMN15148504-s.gfa.gz,06cdf1524a9d424b5eb97628be26b87f854d398a,LICENCE_NOT_DOCUMENTED,COMPLETE_FOR_ACCESSIONS;MISSING_STRAIN_BIOPROJECT_ASSEMBLY
shaw-2021_cfre-SAMN15148518-u,shaw-2021_cfre-SAMN15148518,SAMN15148518,cfre-test,Citrobacter freundii,NOT_IN_SOURCE_METADATA,SRR11948799,SRR12298390,PacBio,SAMN15148518,NOT_IN_SOURCE_METADATA,NOT_IN_SOURCE_METADATA,Unicycler,cfre-test/shaw-2021_cfre-SAMN15148518-u.gfa.gz,YES,1572776,cfre-test/shaw-2021_cfre-SAMN15148518-u.gfa.csv,YES,11387,contig|plasmid_score|chrom_score|label|length|chr_coverage|pl_coverage|un_coverage|hybrid_mapsto,plasmid;chromosome;ambiguous;unlabeled,NOT_PUBLISHED_IN_METADATA,IN_GFA: dp tag (Unicycler) / KC tag (SKESA),Shaw2021,https://github.com/fmfi-compbio/plasgraph2-datasets/blob/06cdf1524a9d424b5eb97628be26b87f854d398a/cfre-test/shaw-2021_cfre-SAMN15148518-u.gfa.gz,06cdf1524a9d424b5eb97628be26b87f854d398a,LICENCE_NOT_DOCUMENTED,COMPLETE_FOR_ACCESSIONS;MISSING_STRAIN_BIOPROJECT_ASSEMBLY
shaw-2021_cfre-SAMN15148518-s,shaw-2021_cfre-SAMN15148518,SAMN15148518,cfre-test,Citrobacter freundii,NOT_IN_SOURCE_METADATA,SRR11948799,SRR12298390,PacBio,SAMN15148518,NOT_IN_SOURCE_METADATA,NOT_IN_SOURCE_METADATA,SKESA,cfre-test/shaw-2021_cfre-SAMN15148518-s.gfa.gz,YES,1581232,cfre-test/shaw-2021_cfre-SAMN15148518-s.gfa.csv,YES,16415,contig|plasmid_score|chrom_score|label|length|chr_coverage|pl_coverage|un_coverage|hybrid_mapsto,plasmid;chromosome;ambiguous;unlabeled,NOT_PUBLISHED_IN_METADATA,IN_GFA: dp tag (Unicycler) / KC tag (SKESA),Shaw2021,https://github.com/fmfi-compbio/plasgraph2-datasets/blob/06cdf1524a9d424b5eb97628be26b87f854d398a/cfre-test/shaw-2021_cfre-SAMN15148518-s.gfa.gz,06cdf1524a9d424b5eb97628be26b87f854d398a,LICENCE_NOT_DOCUMENTED,COMPLETE_FOR_ACCESSIONS;MISSING_STRAIN_BIOPROJECT_ASSEMBLY
shaw-2021_cfre-SAMN15148520-u,shaw-2021_cfre-SAMN15148520,SAMN15148520,cfre-test,Citrobacter freundii,NOT_IN_SOURCE_METADATA,SRR11948797,SRR12298388,PacBio,SAMN15148520,NOT_IN_SOURCE_METADATA,NOT_IN_SOURCE_METADATA,Unicycler,cfre-test/shaw-2021_cfre-SAMN15148520-u.gfa.gz,YES,1451296,cfre-test/shaw-2021_cfre-SAMN15148520-u.gfa.csv,YES,3867,contig|plasmid_score|chrom_score|label|length|chr_coverage|pl_coverage|un_coverage|hybrid_mapsto,plasmid;chromosome;ambiguous;unlabeled,NOT_PUBLISHED_IN_METADATA,IN_GFA: dp tag (Unicycler) / KC tag (SKESA),Shaw2021,https://github.com/fmfi-compbio/plasgraph2-datasets/blob/06cdf1524a9d424b5eb97628be26b87f854d398a/cfre-test/shaw-2021_cfre-SAMN15148520-u.gfa.gz,06cdf1524a9d424b5eb97628be26b87f854d398a,LICENCE_NOT_DOCUMENTED,COMPLETE_FOR_ACCESSIONS;MISSING_STRAIN_BIOPROJECT_ASSEMBLY
shaw-2021_cfre-SAMN15148520-s,shaw-2021_cfre-SAMN15148520,SAMN15148520,cfre-test,Citrobacter freundii,NOT_IN_SOURCE_METADATA,SRR11948797,SRR12298388,PacBio,SAMN15148520,NOT_IN_SOURCE_METADATA,NOT_IN_SOURCE_METADATA,SKESA,cfre-test/shaw-2021_cfre-SAMN15148520-s.gfa.gz,YES,1453701,cfre-test/shaw-2021_cfre-SAMN15148520-s.gfa.csv,YES,7037,contig|plasmid_score|chrom_score|label|length|chr_coverage|pl_coverage|un_coverage|hybrid_mapsto,plasmid;chromosome;ambiguous;unlabeled,NOT_PUBLISHED_IN_METADATA,IN_GFA: dp tag (Unicycler) / KC tag (SKESA),Shaw2021,https://github.com/fmfi-compbio/plasgraph2-datasets/blob/06cdf1524a9d424b5eb97628be26b87f854d398a/cfre-test/shaw-2021_cfre-SAMN15148520-s.gfa.gz,06cdf1524a9d424b5eb97628be26b87f854d398a,LICENCE_NOT_DOCUMENTED,COMPLETE_FOR_ACCESSIONS;MISSING_STRAIN_BIOPROJECT_ASSEMBLY
shaw-2021_cfre-SAMN15148536-u,shaw-2021_cfre-SAMN15148536,SAMN15148536,cfre-test,Citrobacter freundii,NOT_IN_SOURCE_METADATA,SRR11949166,SRR12298371,Nanopore,SAMN15148536,NOT_IN_SOURCE_METADATA,NOT_IN_SOURCE_METADATA,Unicycler,cfre-test/shaw-2021_cfre-SAMN15148536-u.gfa.gz,YES,1584994,cfre-test/shaw-2021_cfre-SAMN15148536-u.gfa.csv,YES,7020,contig|plasmid_score|chrom_score|label|length|chr_coverage|pl_coverage|un_coverage|hybrid_mapsto,plasmid;chromosome;ambiguous;unlabeled,NOT_PUBLISHED_IN_METADATA,IN_GFA: dp tag (Unicycler) / KC tag (SKESA),Shaw2021,https://github.com/fmfi-compbio/plasgraph2-datasets/blob/06cdf1524a9d424b5eb97628be26b87f854d398a/cfre-test/shaw-2021_cfre-SAMN15148536-u.gfa.gz,06cdf1524a9d424b5eb97628be26b87f854d398a,LICENCE_NOT_DOCUMENTED,COMPLETE_FOR_ACCESSIONS;MISSING_STRAIN_BIOPROJECT_ASSEMBLY
shaw-2021_cfre-SAMN15148536-s,shaw-2021_cfre-SAMN15148536,SAMN15148536,cfre-test,Citrobacter freundii,NOT_IN_SOURCE_METADATA,SRR11949166,SRR12298371,Nanopore,SAMN15148536,NOT_IN_SOURCE_METADATA,NOT_IN_SOURCE_METADATA,SKESA,cfre-test/shaw-2021_cfre-SAMN15148536-s.gfa.gz,YES,1585885,cfre-test/shaw-2021_cfre-SAMN15148536-s.gfa.csv,YES,10092,contig|plasmid_score|chrom_score|label|length|chr_coverage|pl_coverage|un_coverage|hybrid_mapsto,plasmid;chromosome;ambiguous;unlabeled,NOT_PUBLISHED_IN_METADATA,IN_GFA: dp tag (Unicycler) / KC tag (SKESA),Shaw2021,https://github.com/fmfi-compbio/plasgraph2-datasets/blob/06cdf1524a9d424b5eb97628be26b87f854d398a/cfre-test/shaw-2021_cfre-SAMN15148536-s.gfa.gz,06cdf1524a9d424b5eb97628be26b87f854d398a,LICENCE_NOT_DOCUMENTED,COMPLETE_FOR_ACCESSIONS;MISSING_STRAIN_BIOPROJECT_ASSEMBLY
shaw-2021_cfre-SAMN15148543-u,shaw-2021_cfre-SAMN15148543,SAMN15148543,cfre-test,Citrobacter freundii,NOT_IN_SOURCE_METADATA,SRR11948890,SRR12298363,PacBio,SAMN15148543,NOT_IN_SOURCE_METADATA,NOT_IN_SOURCE_METADATA,Unicycler,cfre-test/shaw-2021_cfre-SAMN15148543-u.gfa.gz,YES,1539116,cfre-test/shaw-2021_cfre-SAMN15148543-u.gfa.csv,YES,4163,contig|plasmid_score|chrom_score|label|length|chr_coverage|pl_coverage|un_coverage|hybrid_mapsto,plasmid;chromosome;ambiguous;unlabeled,NOT_PUBLISHED_IN_METADATA,IN_GFA: dp tag (Unicycler) / KC tag (SKESA),Shaw2021,https://github.com/fmfi-compbio/plasgraph2-datasets/blob/06cdf1524a9d424b5eb97628be26b87f854d398a/cfre-test/shaw-2021_cfre-SAMN15148543-u.gfa.gz,06cdf1524a9d424b5eb97628be26b87f854d398a,LICENCE_NOT_DOCUMENTED,COMPLETE_FOR_ACCESSIONS;MISSING_STRAIN_BIOPROJECT_ASSEMBLY
shaw-2021_cfre-SAMN15148543-s,shaw-2021_cfre-SAMN15148543,SAMN15148543,cfre-test,Citrobacter freundii,NOT_IN_SOURCE_METADATA,SRR11948890,SRR12298363,PacBio,SAMN15148543,NOT_IN_SOURCE_METADATA,NOT_IN_SOURCE_METADATA,SKESA,cfre-test/shaw-2021_cfre-SAMN15148543-s.gfa.gz,YES,1542546,cfre-test/shaw-2021_cfre-SAMN15148543-s.gfa.csv,YES,8140,contig|plasmid_score|chrom_score|label|length|chr_coverage|pl_coverage|un_coverage|hybrid_mapsto,plasmid;chromosome;ambiguous;unlabeled,NOT_PUBLISHED_IN_METADATA,IN_GFA: dp tag (Unicycler) / KC tag (SKESA),Shaw2021,https://github.com/fmfi-compbio/plasgraph2-datasets/blob/06cdf1524a9d424b5eb97628be26b87f854d398a/cfre-test/shaw-2021_cfre-SAMN15148543-s.gfa.gz,06cdf1524a9d424b5eb97628be26b87f854d398a,LICENCE_NOT_DOCUMENTED,COMPLETE_FOR_ACCESSIONS;MISSING_STRAIN_BIOPROJECT_ASSEMBLY
shaw-2021_cfre-SAMN15148556-u,shaw-2021_cfre-SAMN15148556,SAMN15148556,cfre-test,Citrobacter freundii,NOT_IN_SOURCE_METADATA,SRR11949091,SRR12298921,Nanopore,SAMN15148556,NOT_IN_SOURCE_METADATA,NOT_IN_SOURCE_METADATA,Unicycler,cfre-test/shaw-2021_cfre-SAMN15148556-u.gfa.gz,YES,1491850,cfre-test/shaw-2021_cfre-SAMN15148556-u.gfa.csv,YES,9703,contig|plasmid_score|chrom_score|label|length|chr_coverage|pl_coverage|un_coverage|hybrid_mapsto,plasmid;chromosome;ambiguous;unlabeled,NOT_PUBLISHED_IN_METADATA,IN_GFA: dp tag (Unicycler) / KC tag (SKESA),Shaw2021,https://github.com/fmfi-compbio/plasgraph2-datasets/blob/06cdf1524a9d424b5eb97628be26b87f854d398a/cfre-test/shaw-2021_cfre-SAMN15148556-u.gfa.gz,06cdf1524a9d424b5eb97628be26b87f854d398a,LICENCE_NOT_DOCUMENTED,COMPLETE_FOR_ACCESSIONS;MISSING_STRAIN_BIOPROJECT_ASSEMBLY
shaw-2021_cfre-SAMN15148556-s,shaw-2021_cfre-SAMN15148556,SAMN15148556,cfre-test,Citrobacter freundii,NOT_IN_SOURCE_METADATA,SRR11949091,SRR12298921,Nanopore,SAMN15148556,NOT_IN_SOURCE_METADATA,NOT_IN_SOURCE_METADATA,SKESA,cfre-test/shaw-2021_cfre-SAMN15148556-s.gfa.gz,YES,1498021,cfre-test/shaw-2021_cfre-SAMN15148556-s.gfa.csv,YES,13873,contig|plasmid_score|chrom_score|label|length|chr_coverage|pl_coverage|un_coverage|hybrid_mapsto,plasmid;chromosome;ambiguous;unlabeled,NOT_PUBLISHED_IN_METADATA,IN_GFA: dp tag (Unicycler) / KC tag (SKESA),Shaw2021,https://github.com/fmfi-compbio/plasgraph2-datasets/blob/06cdf1524a9d424b5eb97628be26b87f854d398a/cfre-test/shaw-2021_cfre-SAMN15148556-s.gfa.gz,06cdf1524a9d424b5eb97628be26b87f854d398a,LICENCE_NOT_DOCUMENTED,COMPLETE_FOR_ACCESSIONS;MISSING_STRAIN_BIOPROJECT_ASSEMBLY
shaw-2021_cfre-SAMN15148558-u,shaw-2021_cfre-SAMN15148558,SAMN15148558,cfre-test,Citrobacter freundii,NOT_IN_SOURCE_METADATA,SRR11949088,SRR12298918,PacBio,SAMN15148558,NOT_IN_SOURCE_METADATA,NOT_IN_SOURCE_METADATA,Unicycler,cfre-test/shaw-2021_cfre-SAMN15148558-u.gfa.gz,YES,1537560,cfre-test/shaw-2021_cfre-SAMN15148558-u.gfa.csv,YES,5900,contig|plasmid_score|chrom_score|label|length|chr_coverage|pl_coverage|un_coverage|hybrid_mapsto,plasmid;chromosome;ambiguous;unlabeled,NOT_PUBLISHED_IN_METADATA,IN_GFA: dp tag (Unicycler) / KC tag (SKESA),Shaw2021,https://github.com/fmfi-compbio/plasgraph2-datasets/blob/06cdf1524a9d424b5eb97628be26b87f854d398a/cfre-test/shaw-2021_cfre-SAMN15148558-u.gfa.gz,06cdf1524a9d424b5eb97628be26b87f854d398a,LICENCE_NOT_DOCUMENTED,COMPLETE_FOR_ACCESSIONS;MISSING_STRAIN_BIOPROJECT_ASSEMBLY
shaw-2021_cfre-SAMN15148558-s,shaw-2021_cfre-SAMN15148558,SAMN15148558,cfre-test,Citrobacter freundii,NOT_IN_SOURCE_METADATA,SRR11949088,SRR12298918,PacBio,SAMN15148558,NOT_IN_SOURCE_METADATA,NOT_IN_SOURCE_METADATA,SKESA,cfre-test/shaw-2021_cfre-SAMN15148558-s.gfa.gz,YES,1544498,cfre-test/shaw-2021_cfre-SAMN15148558-s.gfa.csv,YES,12508,contig|plasmid_score|chrom_score|label|length|chr_coverage|pl_coverage|un_coverage|hybrid_mapsto,plasmid;chromosome;ambiguous;unlabeled,NOT_PUBLISHED_IN_METADATA,IN_GFA: dp tag (Unicycler) / KC tag (SKESA),Shaw2021,https://github.com/fmfi-compbio/plasgraph2-datasets/blob/06cdf1524a9d424b5eb97628be26b87f854d398a/cfre-test/shaw-2021_cfre-SAMN15148558-s.gfa.gz,06cdf1524a9d424b5eb97628be26b87f854d398a,LICENCE_NOT_DOCUMENTED,COMPLETE_FOR_ACCESSIONS;MISSING_STRAIN_BIOPROJECT_ASSEMBLY
shaw-2021_cfre-SAMN15148581-u,shaw-2021_cfre-SAMN15148581,SAMN15148581,cfre-test,Citrobacter freundii,NOT_IN_SOURCE_METADATA,SRR11949147,SRR12298869,Nanopore,SAMN15148581,NOT_IN_SOURCE_METADATA,NOT_IN_SOURCE_METADATA,Unicycler,cfre-test/shaw-2021_cfre-SAMN15148581-u.gfa.gz,YES,1375501,cfre-test/shaw-2021_cfre-SAMN15148581-u.gfa.csv,YES,2632,contig|plasmid_score|chrom_score|label|length|chr_coverage|pl_coverage|un_coverage|hybrid_mapsto,plasmid;chromosome;ambiguous;unlabeled,NOT_PUBLISHED_IN_METADATA,IN_GFA: dp tag (Unicycler) / KC tag (SKESA),Shaw2021,https://github.com/fmfi-compbio/plasgraph2-datasets/blob/06cdf1524a9d424b5eb97628be26b87f854d398a/cfre-test/shaw-2021_cfre-SAMN15148581-u.gfa.gz,06cdf1524a9d424b5eb97628be26b87f854d398a,LICENCE_NOT_DOCUMENTED,COMPLETE_FOR_ACCESSIONS;MISSING_STRAIN_BIOPROJECT_ASSEMBLY
shaw-2021_cfre-SAMN15148581-s,shaw-2021_cfre-SAMN15148581,SAMN15148581,cfre-test,Citrobacter freundii,NOT_IN_SOURCE_METADATA,SRR11949147,SRR12298869,Nanopore,SAMN15148581,NOT_IN_SOURCE_METADATA,NOT_IN_SOURCE_METADATA,SKESA,cfre-test/shaw-2021_cfre-SAMN15148581-s.gfa.gz,YES,1379221,cfre-test/shaw-2021_cfre-SAMN15148581-s.gfa.csv,YES,5261,contig|plasmid_score|chrom_score|label|length|chr_coverage|pl_coverage|un_coverage|hybrid_mapsto,plasmid;chromosome;ambiguous;unlabeled,NOT_PUBLISHED_IN_METADATA,IN_GFA: dp tag (Unicycler) / KC tag (SKESA),Shaw2021,https://github.com/fmfi-compbio/plasgraph2-datasets/blob/06cdf1524a9d424b5eb97628be26b87f854d398a/cfre-test/shaw-2021_cfre-SAMN15148581-s.gfa.gz,06cdf1524a9d424b5eb97628be26b87f854d398a,LICENCE_NOT_DOCUMENTED,COMPLETE_FOR_ACCESSIONS;MISSING_STRAIN_BIOPROJECT_ASSEMBLY
shaw-2021_cfre-SAMN15148584-u,shaw-2021_cfre-SAMN15148584,SAMN15148584,cfre-test,Citrobacter freundii,NOT_IN_SOURCE_METADATA,SRR11949144,SRR12298866,PacBio,SAMN15148584,NOT_IN_SOURCE_METADATA,NOT_IN_SOURCE_METADATA,Unicycler,cfre-test/shaw-2021_cfre-SAMN15148584-u.gfa.gz,YES,1462632,cfre-test/shaw-2021_cfre-SAMN15148584-u.gfa.csv,YES,5703,contig|plasmid_score|chrom_score|label|length|chr_coverage|pl_coverage|un_coverage|hybrid_mapsto,plasmid;chromosome;ambiguous;unlabeled,NOT_PUBLISHED_IN_METADATA,IN_GFA: dp tag (Unicycler) / KC tag (SKESA),Shaw2021,https://github.com/fmfi-compbio/plasgraph2-datasets/blob/06cdf1524a9d424b5eb97628be26b87f854d398a/cfre-test/shaw-2021_cfre-SAMN15148584-u.gfa.gz,06cdf1524a9d424b5eb97628be26b87f854d398a,LICENCE_NOT_DOCUMENTED,COMPLETE_FOR_ACCESSIONS;MISSING_STRAIN_BIOPROJECT_ASSEMBLY
shaw-2021_cfre-SAMN15148584-s,shaw-2021_cfre-SAMN15148584,SAMN15148584,cfre-test,Citrobacter freundii,NOT_IN_SOURCE_METADATA,SRR11949144,SRR12298866,PacBio,SAMN15148584,NOT_IN_SOURCE_METADATA,NOT_IN_SOURCE_METADATA,SKESA,cfre-test/shaw-2021_cfre-SAMN15148584-s.gfa.gz,YES,1468362,cfre-test/shaw-2021_cfre-SAMN15148584-s.gfa.csv,YES,10759,contig|plasmid_score|chrom_score|label|length|chr_coverage|pl_coverage|un_coverage|hybrid_mapsto,plasmid;chromosome;ambiguous;unlabeled,NOT_PUBLISHED_IN_METADATA,IN_GFA: dp tag (Unicycler) / KC tag (SKESA),Shaw2021,https://github.com/fmfi-compbio/plasgraph2-datasets/blob/06cdf1524a9d424b5eb97628be26b87f854d398a/cfre-test/shaw-2021_cfre-SAMN15148584-s.gfa.gz,06cdf1524a9d424b5eb97628be26b87f854d398a,LICENCE_NOT_DOCUMENTED,COMPLETE_FOR_ACCESSIONS;MISSING_STRAIN_BIOPROJECT_ASSEMBLY
shaw-2021_cfre-SAMN15148586-u,shaw-2021_cfre-SAMN15148586,SAMN15148586,cfre-test,Citrobacter freundii,NOT_IN_SOURCE_METADATA,SRR11949142,SRR12298864,PacBio,SAMN15148586,NOT_IN_SOURCE_METADATA,NOT_IN_SOURCE_METADATA,Unicycler,cfre-test/shaw-2021_cfre-SAMN15148586-u.gfa.gz,YES,1399510,cfre-test/shaw-2021_cfre-SAMN15148586-u.gfa.csv,YES,4232,contig|plasmid_score|chrom_score|label|length|chr_coverage|pl_coverage|un_coverage|hybrid_mapsto,plasmid;chromosome;ambiguous;unlabeled,NOT_PUBLISHED_IN_METADATA,IN_GFA: dp tag (Unicycler) / KC tag (SKESA),Shaw2021,https://github.com/fmfi-compbio/plasgraph2-datasets/blob/06cdf1524a9d424b5eb97628be26b87f854d398a/cfre-test/shaw-2021_cfre-SAMN15148586-u.gfa.gz,06cdf1524a9d424b5eb97628be26b87f854d398a,LICENCE_NOT_DOCUMENTED,COMPLETE_FOR_ACCESSIONS;MISSING_STRAIN_BIOPROJECT_ASSEMBLY
shaw-2021_cfre-SAMN15148586-s,shaw-2021_cfre-SAMN15148586,SAMN15148586,cfre-test,Citrobacter freundii,NOT_IN_SOURCE_METADATA,SRR11949142,SRR12298864,PacBio,SAMN15148586,NOT_IN_SOURCE_METADATA,NOT_IN_SOURCE_METADATA,SKESA,cfre-test/shaw-2021_cfre-SAMN15148586-s.gfa.gz,YES,1400227,cfre-test/shaw-2021_cfre-SAMN15148586-s.gfa.csv,YES,4592,contig|plasmid_score|chrom_score|label|length|chr_coverage|pl_coverage|un_coverage|hybrid_mapsto,plasmid;chromosome;ambiguous;unlabeled,NOT_PUBLISHED_IN_METADATA,IN_GFA: dp tag (Unicycler) / KC tag (SKESA),Shaw2021,https://github.com/fmfi-compbio/plasgraph2-datasets/blob/06cdf1524a9d424b5eb97628be26b87f854d398a/cfre-test/shaw-2021_cfre-SAMN15148586-s.gfa.gz,06cdf1524a9d424b5eb97628be26b87f854d398a,LICENCE_NOT_DOCUMENTED,COMPLETE_FOR_ACCESSIONS;MISSING_STRAIN_BIOPROJECT_ASSEMBLY
shaw-2021_cfre-SAMN15148590-u,shaw-2021_cfre-SAMN15148590,SAMN15148590,cfre-test,Citrobacter freundii,NOT_IN_SOURCE_METADATA,SRR11949137,SRR12298835,PacBio,SAMN15148590,NOT_IN_SOURCE_METADATA,NOT_IN_SOURCE_METADATA,Unicycler,cfre-test/shaw-2021_cfre-SAMN15148590-u.gfa.gz,YES,1574220,cfre-test/shaw-2021_cfre-SAMN15148590-u.gfa.csv,YES,15314,contig|plasmid_score|chrom_score|label|length|chr_coverage|pl_coverage|un_coverage|hybrid_mapsto,plasmid;chromosome;ambiguous;unlabeled,NOT_PUBLISHED_IN_METADATA,IN_GFA: dp tag (Unicycler) / KC tag (SKESA),Shaw2021,https://github.com/fmfi-compbio/plasgraph2-datasets/blob/06cdf1524a9d424b5eb97628be26b87f854d398a/cfre-test/shaw-2021_cfre-SAMN15148590-u.gfa.gz,06cdf1524a9d424b5eb97628be26b87f854d398a,LICENCE_NOT_DOCUMENTED,COMPLETE_FOR_ACCESSIONS;MISSING_STRAIN_BIOPROJECT_ASSEMBLY
shaw-2021_cfre-SAMN15148590-s,shaw-2021_cfre-SAMN15148590,SAMN15148590,cfre-test,Citrobacter freundii,NOT_IN_SOURCE_METADATA,SRR11949137,SRR12298835,PacBio,SAMN15148590,NOT_IN_SOURCE_METADATA,NOT_IN_SOURCE_METADATA,SKESA,cfre-test/shaw-2021_cfre-SAMN15148590-s.gfa.gz,YES,1582744,cfre-test/shaw-2021_cfre-SAMN15148590-s.gfa.csv,YES,22853,contig|plasmid_score|chrom_score|label|length|chr_coverage|pl_coverage|un_coverage|hybrid_mapsto,plasmid;chromosome;ambiguous;unlabeled,NOT_PUBLISHED_IN_METADATA,IN_GFA: dp tag (Unicycler) / KC tag (SKESA),Shaw2021,https://github.com/fmfi-compbio/plasgraph2-datasets/blob/06cdf1524a9d424b5eb97628be26b87f854d398a/cfre-test/shaw-2021_cfre-SAMN15148590-s.gfa.gz,06cdf1524a9d424b5eb97628be26b87f854d398a,LICENCE_NOT_DOCUMENTED,COMPLETE_FOR_ACCESSIONS;MISSING_STRAIN_BIOPROJECT_ASSEMBLY
shaw-2021_cfre-SAMN15148595-u,shaw-2021_cfre-SAMN15148595,SAMN15148595,cfre-test,Citrobacter freundii,NOT_IN_SOURCE_METADATA,SRR11948682,SRR12298830,Nanopore,SAMN15148595,NOT_IN_SOURCE_METADATA,NOT_IN_SOURCE_METADATA,Unicycler,cfre-test/shaw-2021_cfre-SAMN15148595-u.gfa.gz,YES,1617924,cfre-test/shaw-2021_cfre-SAMN15148595-u.gfa.csv,YES,7949,contig|plasmid_score|chrom_score|label|length|chr_coverage|pl_coverage|un_coverage|hybrid_mapsto,plasmid;chromosome;ambiguous;unlabeled,NOT_PUBLISHED_IN_METADATA,IN_GFA: dp tag (Unicycler) / KC tag (SKESA),Shaw2021,https://github.com/fmfi-compbio/plasgraph2-datasets/blob/06cdf1524a9d424b5eb97628be26b87f854d398a/cfre-test/shaw-2021_cfre-SAMN15148595-u.gfa.gz,06cdf1524a9d424b5eb97628be26b87f854d398a,LICENCE_NOT_DOCUMENTED,COMPLETE_FOR_ACCESSIONS;MISSING_STRAIN_BIOPROJECT_ASSEMBLY
shaw-2021_cfre-SAMN15148595-s,shaw-2021_cfre-SAMN15148595,SAMN15148595,cfre-test,Citrobacter freundii,NOT_IN_SOURCE_METADATA,SRR11948682,SRR12298830,Nanopore,SAMN15148595,NOT_IN_SOURCE_METADATA,NOT_IN_SOURCE_METADATA,SKESA,cfre-test/shaw-2021_cfre-SAMN15148595-s.gfa.gz,YES,1628830,cfre-test/shaw-2021_cfre-SAMN15148595-s.gfa.csv,YES,11934,contig|plasmid_score|chrom_score|label|length|chr_coverage|pl_coverage|un_coverage|hybrid_mapsto,plasmid;chromosome;ambiguous;unlabeled,NOT_PUBLISHED_IN_METADATA,IN_GFA: dp tag (Unicycler) / KC tag (SKESA),Shaw2021,https://github.com/fmfi-compbio/plasgraph2-datasets/blob/06cdf1524a9d424b5eb97628be26b87f854d398a/cfre-test/shaw-2021_cfre-SAMN15148595-s.gfa.gz,06cdf1524a9d424b5eb97628be26b87f854d398a,LICENCE_NOT_DOCUMENTED,COMPLETE_FOR_ACCESSIONS;MISSING_STRAIN_BIOPROJECT_ASSEMBLY
shaw-2021_cfre-SAMN15148600-u,shaw-2021_cfre-SAMN15148600,SAMN15148600,cfre-test,Citrobacter freundii,NOT_IN_SOURCE_METADATA,SRR11948676,SRR12298824,Nanopore,SAMN15148600,NOT_IN_SOURCE_METADATA,NOT_IN_SOURCE_METADATA,Unicycler,cfre-test/shaw-2021_cfre-SAMN15148600-u.gfa.gz,YES,1574323,cfre-test/shaw-2021_cfre-SAMN15148600-u.gfa.csv,YES,8568,contig|plasmid_score|chrom_score|label|length|chr_coverage|pl_coverage|un_coverage|hybrid_mapsto,plasmid;chromosome;ambiguous;unlabeled,NOT_PUBLISHED_IN_METADATA,IN_GFA: dp tag (Unicycler) / KC tag (SKESA),Shaw2021,https://github.com/fmfi-compbio/plasgraph2-datasets/blob/06cdf1524a9d424b5eb97628be26b87f854d398a/cfre-test/shaw-2021_cfre-SAMN15148600-u.gfa.gz,06cdf1524a9d424b5eb97628be26b87f854d398a,LICENCE_NOT_DOCUMENTED,COMPLETE_FOR_ACCESSIONS;MISSING_STRAIN_BIOPROJECT_ASSEMBLY
shaw-2021_cfre-SAMN15148600-s,shaw-2021_cfre-SAMN15148600,SAMN15148600,cfre-test,Citrobacter freundii,NOT_IN_SOURCE_METADATA,SRR11948676,SRR12298824,Nanopore,SAMN15148600,NOT_IN_SOURCE_METADATA,NOT_IN_SOURCE_METADATA,SKESA,cfre-test/shaw-2021_cfre-SAMN15148600-s.gfa.gz,YES,1582272,cfre-test/shaw-2021_cfre-SAMN15148600-s.gfa.csv,YES,17920,contig|plasmid_score|chrom_score|label|length|chr_coverage|pl_coverage|un_coverage|hybrid_mapsto,plasmid;chromosome;ambiguous;unlabeled,NOT_PUBLISHED_IN_METADATA,IN_GFA: dp tag (Unicycler) / KC tag (SKESA),Shaw2021,https://github.com/fmfi-compbio/plasgraph2-datasets/blob/06cdf1524a9d424b5eb97628be26b87f854d398a/cfre-test/shaw-2021_cfre-SAMN15148600-s.gfa.gz,06cdf1524a9d424b5eb97628be26b87f854d398a,LICENCE_NOT_DOCUMENTED,COMPLETE_FOR_ACCESSIONS;MISSING_STRAIN_BIOPROJECT_ASSEMBLY
shaw-2021_cfre-SAMN15148603-u,shaw-2021_cfre-SAMN15148603,SAMN15148603,cfre-test,Citrobacter freundii,NOT_IN_SOURCE_METADATA,SRR11948673,SRR12298821,Nanopore,SAMN15148603,NOT_IN_SOURCE_METADATA,NOT_IN_SOURCE_METADATA,Unicycler,cfre-test/shaw-2021_cfre-SAMN15148603-u.gfa.gz,YES,1374639,cfre-test/shaw-2021_cfre-SAMN15148603-u.gfa.csv,YES,3208,contig|plasmid_score|chrom_score|label|length|chr_coverage|pl_coverage|un_coverage|hybrid_mapsto,plasmid;chromosome;ambiguous;unlabeled,NOT_PUBLISHED_IN_METADATA,IN_GFA: dp tag (Unicycler) / KC tag (SKESA),Shaw2021,https://github.com/fmfi-compbio/plasgraph2-datasets/blob/06cdf1524a9d424b5eb97628be26b87f854d398a/cfre-test/shaw-2021_cfre-SAMN15148603-u.gfa.gz,06cdf1524a9d424b5eb97628be26b87f854d398a,LICENCE_NOT_DOCUMENTED,COMPLETE_FOR_ACCESSIONS;MISSING_STRAIN_BIOPROJECT_ASSEMBLY
shaw-2021_cfre-SAMN15148603-s,shaw-2021_cfre-SAMN15148603,SAMN15148603,cfre-test,Citrobacter freundii,NOT_IN_SOURCE_METADATA,SRR11948673,SRR12298821,Nanopore,SAMN15148603,NOT_IN_SOURCE_METADATA,NOT_IN_SOURCE_METADATA,SKESA,cfre-test/shaw-2021_cfre-SAMN15148603-s.gfa.gz,YES,1377971,cfre-test/shaw-2021_cfre-SAMN15148603-s.gfa.csv,YES,8227,contig|plasmid_score|chrom_score|label|length|chr_coverage|pl_coverage|un_coverage|hybrid_mapsto,plasmid;chromosome;ambiguous;unlabeled,NOT_PUBLISHED_IN_METADATA,IN_GFA: dp tag (Unicycler) / KC tag (SKESA),Shaw2021,https://github.com/fmfi-compbio/plasgraph2-datasets/blob/06cdf1524a9d424b5eb97628be26b87f854d398a/cfre-test/shaw-2021_cfre-SAMN15148603-s.gfa.gz,06cdf1524a9d424b5eb97628be26b87f854d398a,LICENCE_NOT_DOCUMENTED,COMPLETE_FOR_ACCESSIONS;MISSING_STRAIN_BIOPROJECT_ASSEMBLY
shaw-2021_cfre-SAMN15148611-u,shaw-2021_cfre-SAMN15148611,SAMN15148611,cfre-test,Citrobacter freundii,NOT_IN_SOURCE_METADATA,SRR11949258,SRR12298788,Nanopore,SAMN15148611,NOT_IN_SOURCE_METADATA,NOT_IN_SOURCE_METADATA,Unicycler,cfre-test/shaw-2021_cfre-SAMN15148611-u.gfa.gz,YES,1518132,cfre-test/shaw-2021_cfre-SAMN15148611-u.gfa.csv,YES,7402,contig|plasmid_score|chrom_score|label|length|chr_coverage|pl_coverage|un_coverage|hybrid_mapsto,plasmid;chromosome;ambiguous;unlabeled,NOT_PUBLISHED_IN_METADATA,IN_GFA: dp tag (Unicycler) / KC tag (SKESA),Shaw2021,https://github.com/fmfi-compbio/plasgraph2-datasets/blob/06cdf1524a9d424b5eb97628be26b87f854d398a/cfre-test/shaw-2021_cfre-SAMN15148611-u.gfa.gz,06cdf1524a9d424b5eb97628be26b87f854d398a,LICENCE_NOT_DOCUMENTED,COMPLETE_FOR_ACCESSIONS;MISSING_STRAIN_BIOPROJECT_ASSEMBLY
shaw-2021_cfre-SAMN15148611-s,shaw-2021_cfre-SAMN15148611,SAMN15148611,cfre-test,Citrobacter freundii,NOT_IN_SOURCE_METADATA,SRR11949258,SRR12298788,Nanopore,SAMN15148611,NOT_IN_SOURCE_METADATA,NOT_IN_SOURCE_METADATA,SKESA,cfre-test/shaw-2021_cfre-SAMN15148611-s.gfa.gz,YES,1525881,cfre-test/shaw-2021_cfre-SAMN15148611-s.gfa.csv,YES,15699,contig|plasmid_score|chrom_score|label|length|chr_coverage|pl_coverage|un_coverage|hybrid_mapsto,plasmid;chromosome;ambiguous;unlabeled,NOT_PUBLISHED_IN_METADATA,IN_GFA: dp tag (Unicycler) / KC tag (SKESA),Shaw2021,https://github.com/fmfi-compbio/plasgraph2-datasets/blob/06cdf1524a9d424b5eb97628be26b87f854d398a/cfre-test/shaw-2021_cfre-SAMN15148611-s.gfa.gz,06cdf1524a9d424b5eb97628be26b87f854d398a,LICENCE_NOT_DOCUMENTED,COMPLETE_FOR_ACCESSIONS;MISSING_STRAIN_BIOPROJECT_ASSEMBLY
shaw-2021_cfre-SAMN15148618-u,shaw-2021_cfre-SAMN15148618,SAMN15148618,cfre-test,Citrobacter freundii,NOT_IN_SOURCE_METADATA,SRR11949250,SRR12298780,Nanopore,SAMN15148618,NOT_IN_SOURCE_METADATA,NOT_IN_SOURCE_METADATA,Unicycler,cfre-test/shaw-2021_cfre-SAMN15148618-u.gfa.gz,YES,1528731,cfre-test/shaw-2021_cfre-SAMN15148618-u.gfa.csv,YES,4880,contig|plasmid_score|chrom_score|label|length|chr_coverage|pl_coverage|un_coverage|hybrid_mapsto,plasmid;chromosome;ambiguous;unlabeled,NOT_PUBLISHED_IN_METADATA,IN_GFA: dp tag (Unicycler) / KC tag (SKESA),Shaw2021,https://github.com/fmfi-compbio/plasgraph2-datasets/blob/06cdf1524a9d424b5eb97628be26b87f854d398a/cfre-test/shaw-2021_cfre-SAMN15148618-u.gfa.gz,06cdf1524a9d424b5eb97628be26b87f854d398a,LICENCE_NOT_DOCUMENTED,COMPLETE_FOR_ACCESSIONS;MISSING_STRAIN_BIOPROJECT_ASSEMBLY
shaw-2021_cfre-SAMN15148618-s,shaw-2021_cfre-SAMN15148618,SAMN15148618,cfre-test,Citrobacter freundii,NOT_IN_SOURCE_METADATA,SRR11949250,SRR12298780,Nanopore,SAMN15148618,NOT_IN_SOURCE_METADATA,NOT_IN_SOURCE_METADATA,SKESA,cfre-test/shaw-2021_cfre-SAMN15148618-s.gfa.gz,YES,1535033,cfre-test/shaw-2021_cfre-SAMN15148618-s.gfa.csv,YES,11411,contig|plasmid_score|chrom_score|label|length|chr_coverage|pl_coverage|un_coverage|hybrid_mapsto,plasmid;chromosome;ambiguous;unlabeled,NOT_PUBLISHED_IN_METADATA,IN_GFA: dp tag (Unicycler) / KC tag (SKESA),Shaw2021,https://github.com/fmfi-compbio/plasgraph2-datasets/blob/06cdf1524a9d424b5eb97628be26b87f854d398a/cfre-test/shaw-2021_cfre-SAMN15148618-s.gfa.gz,06cdf1524a9d424b5eb97628be26b87f854d398a,LICENCE_NOT_DOCUMENTED,COMPLETE_FOR_ACCESSIONS;MISSING_STRAIN_BIOPROJECT_ASSEMBLY
shaw-2021_cfre-SAMN15148687-u,shaw-2021_cfre-SAMN15148687,SAMN15148687,cfre-test,Citrobacter freundii,NOT_IN_SOURCE_METADATA,SRR11949455,SRR12298676,Nanopore,SAMN15148687,NOT_IN_SOURCE_METADATA,NOT_IN_SOURCE_METADATA,Unicycler,cfre-test/shaw-2021_cfre-SAMN15148687-u.gfa.gz,YES,1572507,cfre-test/shaw-2021_cfre-SAMN15148687-u.gfa.csv,YES,6614,contig|plasmid_score|chrom_score|label|length|chr_coverage|pl_coverage|un_coverage|hybrid_mapsto,plasmid;chromosome;ambiguous;unlabeled,NOT_PUBLISHED_IN_METADATA,IN_GFA: dp tag (Unicycler) / KC tag (SKESA),Shaw2021,https://github.com/fmfi-compbio/plasgraph2-datasets/blob/06cdf1524a9d424b5eb97628be26b87f854d398a/cfre-test/shaw-2021_cfre-SAMN15148687-u.gfa.gz,06cdf1524a9d424b5eb97628be26b87f854d398a,LICENCE_NOT_DOCUMENTED,COMPLETE_FOR_ACCESSIONS;MISSING_STRAIN_BIOPROJECT_ASSEMBLY
shaw-2021_cfre-SAMN15148687-s,shaw-2021_cfre-SAMN15148687,SAMN15148687,cfre-test,Citrobacter freundii,NOT_IN_SOURCE_METADATA,SRR11949455,SRR12298676,Nanopore,SAMN15148687,NOT_IN_SOURCE_METADATA,NOT_IN_SOURCE_METADATA,SKESA,cfre-test/shaw-2021_cfre-SAMN15148687-s.gfa.gz,YES,1577509,cfre-test/shaw-2021_cfre-SAMN15148687-s.gfa.csv,YES,12596,contig|plasmid_score|chrom_score|label|length|chr_coverage|pl_coverage|un_coverage|hybrid_mapsto,plasmid;chromosome;ambiguous;unlabeled,NOT_PUBLISHED_IN_METADATA,IN_GFA: dp tag (Unicycler) / KC tag (SKESA),Shaw2021,https://github.com/fmfi-compbio/plasgraph2-datasets/blob/06cdf1524a9d424b5eb97628be26b87f854d398a/cfre-test/shaw-2021_cfre-SAMN15148687-s.gfa.gz,06cdf1524a9d424b5eb97628be26b87f854d398a,LICENCE_NOT_DOCUMENTED,COMPLETE_FOR_ACCESSIONS;MISSING_STRAIN_BIOPROJECT_ASSEMBLY
shaw-2021_cfre-SAMN15148688-u,shaw-2021_cfre-SAMN15148688,SAMN15148688,cfre-test,Citrobacter freundii,NOT_IN_SOURCE_METADATA,SRR11949454,SRR12298675,Nanopore,SAMN15148688,NOT_IN_SOURCE_METADATA,NOT_IN_SOURCE_METADATA,Unicycler,cfre-test/shaw-2021_cfre-SAMN15148688-u.gfa.gz,YES,1504572,cfre-test/shaw-2021_cfre-SAMN15148688-u.gfa.csv,YES,4835,contig|plasmid_score|chrom_score|label|length|chr_coverage|pl_coverage|un_coverage|hybrid_mapsto,plasmid;chromosome;ambiguous;unlabeled,NOT_PUBLISHED_IN_METADATA,IN_GFA: dp tag (Unicycler) / KC tag (SKESA),Shaw2021,https://github.com/fmfi-compbio/plasgraph2-datasets/blob/06cdf1524a9d424b5eb97628be26b87f854d398a/cfre-test/shaw-2021_cfre-SAMN15148688-u.gfa.gz,06cdf1524a9d424b5eb97628be26b87f854d398a,LICENCE_NOT_DOCUMENTED,COMPLETE_FOR_ACCESSIONS;MISSING_STRAIN_BIOPROJECT_ASSEMBLY
shaw-2021_cfre-SAMN15148688-s,shaw-2021_cfre-SAMN15148688,SAMN15148688,cfre-test,Citrobacter freundii,NOT_IN_SOURCE_METADATA,SRR11949454,SRR12298675,Nanopore,SAMN15148688,NOT_IN_SOURCE_METADATA,NOT_IN_SOURCE_METADATA,SKESA,cfre-test/shaw-2021_cfre-SAMN15148688-s.gfa.gz,YES,1509952,cfre-test/shaw-2021_cfre-SAMN15148688-s.gfa.csv,YES,9515,contig|plasmid_score|chrom_score|label|length|chr_coverage|pl_coverage|un_coverage|hybrid_mapsto,plasmid;chromosome;ambiguous;unlabeled,NOT_PUBLISHED_IN_METADATA,IN_GFA: dp tag (Unicycler) / KC tag (SKESA),Shaw2021,https://github.com/fmfi-compbio/plasgraph2-datasets/blob/06cdf1524a9d424b5eb97628be26b87f854d398a/cfre-test/shaw-2021_cfre-SAMN15148688-s.gfa.gz,06cdf1524a9d424b5eb97628be26b87f854d398a,LICENCE_NOT_DOCUMENTED,COMPLETE_FOR_ACCESSIONS;MISSING_STRAIN_BIOPROJECT_ASSEMBLY
shaw-2021_cfre-SAMN15148707-u,shaw-2021_cfre-SAMN15148707,SAMN15148707,cfre-test,Citrobacter freundii,NOT_IN_SOURCE_METADATA,SRR11948867,SRR12299179,Nanopore,SAMN15148707,NOT_IN_SOURCE_METADATA,NOT_IN_SOURCE_METADATA,Unicycler,cfre-test/shaw-2021_cfre-SAMN15148707-u.gfa.gz,YES,1435012,cfre-test/shaw-2021_cfre-SAMN15148707-u.gfa.csv,YES,2429,contig|plasmid_score|chrom_score|label|length|chr_coverage|pl_coverage|un_coverage|hybrid_mapsto,plasmid;chromosome;ambiguous;unlabeled,NOT_PUBLISHED_IN_METADATA,IN_GFA: dp tag (Unicycler) / KC tag (SKESA),Shaw2021,https://github.com/fmfi-compbio/plasgraph2-datasets/blob/06cdf1524a9d424b5eb97628be26b87f854d398a/cfre-test/shaw-2021_cfre-SAMN15148707-u.gfa.gz,06cdf1524a9d424b5eb97628be26b87f854d398a,LICENCE_NOT_DOCUMENTED,COMPLETE_FOR_ACCESSIONS;MISSING_STRAIN_BIOPROJECT_ASSEMBLY
shaw-2021_cfre-SAMN15148707-s,shaw-2021_cfre-SAMN15148707,SAMN15148707,cfre-test,Citrobacter freundii,NOT_IN_SOURCE_METADATA,SRR11948867,SRR12299179,Nanopore,SAMN15148707,NOT_IN_SOURCE_METADATA,NOT_IN_SOURCE_METADATA,SKESA,cfre-test/shaw-2021_cfre-SAMN15148707-s.gfa.gz,YES,1436012,cfre-test/shaw-2021_cfre-SAMN15148707-s.gfa.csv,YES,3704,contig|plasmid_score|chrom_score|label|length|chr_coverage|pl_coverage|un_coverage|hybrid_mapsto,plasmid;chromosome;ambiguous;unlabeled,NOT_PUBLISHED_IN_METADATA,IN_GFA: dp tag (Unicycler) / KC tag (SKESA),Shaw2021,https://github.com/fmfi-compbio/plasgraph2-datasets/blob/06cdf1524a9d424b5eb97628be26b87f854d398a/cfre-test/shaw-2021_cfre-SAMN15148707-s.gfa.gz,06cdf1524a9d424b5eb97628be26b87f854d398a,LICENCE_NOT_DOCUMENTED,COMPLETE_FOR_ACCESSIONS;MISSING_STRAIN_BIOPROJECT_ASSEMBLY
shaw-2021_cfre-SAMN15148717-u,shaw-2021_cfre-SAMN15148717,SAMN15148717,cfre-test,Citrobacter freundii,NOT_IN_SOURCE_METADATA,SRR11949268,SRR12299168,Nanopore,SAMN15148717,NOT_IN_SOURCE_METADATA,NOT_IN_SOURCE_METADATA,Unicycler,cfre-test/shaw-2021_cfre-SAMN15148717-u.gfa.gz,YES,1443148,cfre-test/shaw-2021_cfre-SAMN15148717-u.gfa.csv,YES,6595,contig|plasmid_score|chrom_score|label|length|chr_coverage|pl_coverage|un_coverage|hybrid_mapsto,plasmid;chromosome;ambiguous;unlabeled,NOT_PUBLISHED_IN_METADATA,IN_GFA: dp tag (Unicycler) / KC tag (SKESA),Shaw2021,https://github.com/fmfi-compbio/plasgraph2-datasets/blob/06cdf1524a9d424b5eb97628be26b87f854d398a/cfre-test/shaw-2021_cfre-SAMN15148717-u.gfa.gz,06cdf1524a9d424b5eb97628be26b87f854d398a,LICENCE_NOT_DOCUMENTED,COMPLETE_FOR_ACCESSIONS;MISSING_STRAIN_BIOPROJECT_ASSEMBLY
shaw-2021_cfre-SAMN15148717-s,shaw-2021_cfre-SAMN15148717,SAMN15148717,cfre-test,Citrobacter freundii,NOT_IN_SOURCE_METADATA,SRR11949268,SRR12299168,Nanopore,SAMN15148717,NOT_IN_SOURCE_METADATA,NOT_IN_SOURCE_METADATA,SKESA,cfre-test/shaw-2021_cfre-SAMN15148717-s.gfa.gz,YES,1448125,cfre-test/shaw-2021_cfre-SAMN15148717-s.gfa.csv,YES,10599,contig|plasmid_score|chrom_score|label|length|chr_coverage|pl_coverage|un_coverage|hybrid_mapsto,plasmid;chromosome;ambiguous;unlabeled,NOT_PUBLISHED_IN_METADATA,IN_GFA: dp tag (Unicycler) / KC tag (SKESA),Shaw2021,https://github.com/fmfi-compbio/plasgraph2-datasets/blob/06cdf1524a9d424b5eb97628be26b87f854d398a/cfre-test/shaw-2021_cfre-SAMN15148717-s.gfa.gz,06cdf1524a9d424b5eb97628be26b87f854d398a,LICENCE_NOT_DOCUMENTED,COMPLETE_FOR_ACCESSIONS;MISSING_STRAIN_BIOPROJECT_ASSEMBLY
shaw-2021_cfre-SAMN15148718-u,shaw-2021_cfre-SAMN15148718,SAMN15148718,cfre-test,Citrobacter freundii,NOT_IN_SOURCE_METADATA,SRR11949267,SRR12299143,Nanopore,SAMN15148718,NOT_IN_SOURCE_METADATA,NOT_IN_SOURCE_METADATA,Unicycler,cfre-test/shaw-2021_cfre-SAMN15148718-u.gfa.gz,YES,1443322,cfre-test/shaw-2021_cfre-SAMN15148718-u.gfa.csv,YES,6655,contig|plasmid_score|chrom_score|label|length|chr_coverage|pl_coverage|un_coverage|hybrid_mapsto,plasmid;chromosome;ambiguous;unlabeled,NOT_PUBLISHED_IN_METADATA,IN_GFA: dp tag (Unicycler) / KC tag (SKESA),Shaw2021,https://github.com/fmfi-compbio/plasgraph2-datasets/blob/06cdf1524a9d424b5eb97628be26b87f854d398a/cfre-test/shaw-2021_cfre-SAMN15148718-u.gfa.gz,06cdf1524a9d424b5eb97628be26b87f854d398a,LICENCE_NOT_DOCUMENTED,COMPLETE_FOR_ACCESSIONS;MISSING_STRAIN_BIOPROJECT_ASSEMBLY
shaw-2021_cfre-SAMN15148718-s,shaw-2021_cfre-SAMN15148718,SAMN15148718,cfre-test,Citrobacter freundii,NOT_IN_SOURCE_METADATA,SRR11949267,SRR12299143,Nanopore,SAMN15148718,NOT_IN_SOURCE_METADATA,NOT_IN_SOURCE_METADATA,SKESA,cfre-test/shaw-2021_cfre-SAMN15148718-s.gfa.gz,YES,1448691,cfre-test/shaw-2021_cfre-SAMN15148718-s.gfa.csv,YES,11617,contig|plasmid_score|chrom_score|label|length|chr_coverage|pl_coverage|un_coverage|hybrid_mapsto,plasmid;chromosome;ambiguous;unlabeled,NOT_PUBLISHED_IN_METADATA,IN_GFA: dp tag (Unicycler) / KC tag (SKESA),Shaw2021,https://github.com/fmfi-compbio/plasgraph2-datasets/blob/06cdf1524a9d424b5eb97628be26b87f854d398a/cfre-test/shaw-2021_cfre-SAMN15148718-s.gfa.gz,06cdf1524a9d424b5eb97628be26b87f854d398a,LICENCE_NOT_DOCUMENTED,COMPLETE_FOR_ACCESSIONS;MISSING_STRAIN_BIOPROJECT_ASSEMBLY
shaw-2021_cfre-SAMN15148727-u,shaw-2021_cfre-SAMN15148727,SAMN15148727,cfre-test,Citrobacter freundii,NOT_IN_SOURCE_METADATA,SRR11948727,SRR12299133,Nanopore,SAMN15148727,NOT_IN_SOURCE_METADATA,NOT_IN_SOURCE_METADATA,Unicycler,cfre-test/shaw-2021_cfre-SAMN15148727-u.gfa.gz,YES,1509415,cfre-test/shaw-2021_cfre-SAMN15148727-u.gfa.csv,YES,9002,contig|plasmid_score|chrom_score|label|length|chr_coverage|pl_coverage|un_coverage|hybrid_mapsto,plasmid;chromosome;ambiguous;unlabeled,NOT_PUBLISHED_IN_METADATA,IN_GFA: dp tag (Unicycler) / KC tag (SKESA),Shaw2021,https://github.com/fmfi-compbio/plasgraph2-datasets/blob/06cdf1524a9d424b5eb97628be26b87f854d398a/cfre-test/shaw-2021_cfre-SAMN15148727-u.gfa.gz,06cdf1524a9d424b5eb97628be26b87f854d398a,LICENCE_NOT_DOCUMENTED,COMPLETE_FOR_ACCESSIONS;MISSING_STRAIN_BIOPROJECT_ASSEMBLY
shaw-2021_cfre-SAMN15148727-s,shaw-2021_cfre-SAMN15148727,SAMN15148727,cfre-test,Citrobacter freundii,NOT_IN_SOURCE_METADATA,SRR11948727,SRR12299133,Nanopore,SAMN15148727,NOT_IN_SOURCE_METADATA,NOT_IN_SOURCE_METADATA,SKESA,cfre-test/shaw-2021_cfre-SAMN15148727-s.gfa.gz,YES,1515373,cfre-test/shaw-2021_cfre-SAMN15148727-s.gfa.csv,YES,17326,contig|plasmid_score|chrom_score|label|length|chr_coverage|pl_coverage|un_coverage|hybrid_mapsto,plasmid;chromosome;ambiguous;unlabeled,NOT_PUBLISHED_IN_METADATA,IN_GFA: dp tag (Unicycler) / KC tag (SKESA),Shaw2021,https://github.com/fmfi-compbio/plasgraph2-datasets/blob/06cdf1524a9d424b5eb97628be26b87f854d398a/cfre-test/shaw-2021_cfre-SAMN15148727-s.gfa.gz,06cdf1524a9d424b5eb97628be26b87f854d398a,LICENCE_NOT_DOCUMENTED,COMPLETE_FOR_ACCESSIONS;MISSING_STRAIN_BIOPROJECT_ASSEMBLY
shaw-2021_cfre-SAMN15148736-u,shaw-2021_cfre-SAMN15148736,SAMN15148736,cfre-test,Citrobacter freundii,NOT_IN_SOURCE_METADATA,SRR11948718,SRR12299124,Nanopore,SAMN15148736,NOT_IN_SOURCE_METADATA,NOT_IN_SOURCE_METADATA,Unicycler,cfre-test/shaw-2021_cfre-SAMN15148736-u.gfa.gz,YES,1558341,cfre-test/shaw-2021_cfre-SAMN15148736-u.gfa.csv,YES,8525,contig|plasmid_score|chrom_score|label|length|chr_coverage|pl_coverage|un_coverage|hybrid_mapsto,plasmid;chromosome;ambiguous;unlabeled,NOT_PUBLISHED_IN_METADATA,IN_GFA: dp tag (Unicycler) / KC tag (SKESA),Shaw2021,https://github.com/fmfi-compbio/plasgraph2-datasets/blob/06cdf1524a9d424b5eb97628be26b87f854d398a/cfre-test/shaw-2021_cfre-SAMN15148736-u.gfa.gz,06cdf1524a9d424b5eb97628be26b87f854d398a,LICENCE_NOT_DOCUMENTED,COMPLETE_FOR_ACCESSIONS;MISSING_STRAIN_BIOPROJECT_ASSEMBLY
shaw-2021_cfre-SAMN15148736-s,shaw-2021_cfre-SAMN15148736,SAMN15148736,cfre-test,Citrobacter freundii,NOT_IN_SOURCE_METADATA,SRR11948718,SRR12299124,Nanopore,SAMN15148736,NOT_IN_SOURCE_METADATA,NOT_IN_SOURCE_METADATA,SKESA,cfre-test/shaw-2021_cfre-SAMN15148736-s.gfa.gz,YES,1564724,cfre-test/shaw-2021_cfre-SAMN15148736-s.gfa.csv,YES,15141,contig|plasmid_score|chrom_score|label|length|chr_coverage|pl_coverage|un_coverage|hybrid_mapsto,plasmid;chromosome;ambiguous;unlabeled,NOT_PUBLISHED_IN_METADATA,IN_GFA: dp tag (Unicycler) / KC tag (SKESA),Shaw2021,https://github.com/fmfi-compbio/plasgraph2-datasets/blob/06cdf1524a9d424b5eb97628be26b87f854d398a/cfre-test/shaw-2021_cfre-SAMN15148736-s.gfa.gz,06cdf1524a9d424b5eb97628be26b87f854d398a,LICENCE_NOT_DOCUMENTED,COMPLETE_FOR_ACCESSIONS;MISSING_STRAIN_BIOPROJECT_ASSEMBLY
shaw-2021_cfre-SAMN15148742-u,shaw-2021_cfre-SAMN15148742,SAMN15148742,cfre-test,Citrobacter freundii,NOT_IN_SOURCE_METADATA,SRR11949353,SRR12299069,Nanopore,SAMN15148742,NOT_IN_SOURCE_METADATA,NOT_IN_SOURCE_METADATA,Unicycler,cfre-test/shaw-2021_cfre-SAMN15148742-u.gfa.gz,YES,1472268,cfre-test/shaw-2021_cfre-SAMN15148742-u.gfa.csv,YES,5016,contig|plasmid_score|chrom_score|label|length|chr_coverage|pl_coverage|un_coverage|hybrid_mapsto,plasmid;chromosome;ambiguous;unlabeled,NOT_PUBLISHED_IN_METADATA,IN_GFA: dp tag (Unicycler) / KC tag (SKESA),Shaw2021,https://github.com/fmfi-compbio/plasgraph2-datasets/blob/06cdf1524a9d424b5eb97628be26b87f854d398a/cfre-test/shaw-2021_cfre-SAMN15148742-u.gfa.gz,06cdf1524a9d424b5eb97628be26b87f854d398a,LICENCE_NOT_DOCUMENTED,COMPLETE_FOR_ACCESSIONS;MISSING_STRAIN_BIOPROJECT_ASSEMBLY
shaw-2021_cfre-SAMN15148742-s,shaw-2021_cfre-SAMN15148742,SAMN15148742,cfre-test,Citrobacter freundii,NOT_IN_SOURCE_METADATA,SRR11949353,SRR12299069,Nanopore,SAMN15148742,NOT_IN_SOURCE_METADATA,NOT_IN_SOURCE_METADATA,SKESA,cfre-test/shaw-2021_cfre-SAMN15148742-s.gfa.gz,YES,1479089,cfre-test/shaw-2021_cfre-SAMN15148742-s.gfa.csv,YES,12377,contig|plasmid_score|chrom_score|label|length|chr_coverage|pl_coverage|un_coverage|hybrid_mapsto,plasmid;chromosome;ambiguous;unlabeled,NOT_PUBLISHED_IN_METADATA,IN_GFA: dp tag (Unicycler) / KC tag (SKESA),Shaw2021,https://github.com/fmfi-compbio/plasgraph2-datasets/blob/06cdf1524a9d424b5eb97628be26b87f854d398a/cfre-test/shaw-2021_cfre-SAMN15148742-s.gfa.gz,06cdf1524a9d424b5eb97628be26b87f854d398a,LICENCE_NOT_DOCUMENTED,COMPLETE_FOR_ACCESSIONS;MISSING_STRAIN_BIOPROJECT_ASSEMBLY
shaw-2021_cfre-SAMN15148744-u,shaw-2021_cfre-SAMN15148744,SAMN15148744,cfre-test,Citrobacter freundii,NOT_IN_SOURCE_METADATA,SRR11949351,SRR12299067,Nanopore,SAMN15148744,NOT_IN_SOURCE_METADATA,NOT_IN_SOURCE_METADATA,Unicycler,cfre-test/shaw-2021_cfre-SAMN15148744-u.gfa.gz,YES,1383827,cfre-test/shaw-2021_cfre-SAMN15148744-u.gfa.csv,YES,2597,contig|plasmid_score|chrom_score|label|length|chr_coverage|pl_coverage|un_coverage|hybrid_mapsto,plasmid;chromosome;ambiguous;unlabeled,NOT_PUBLISHED_IN_METADATA,IN_GFA: dp tag (Unicycler) / KC tag (SKESA),Shaw2021,https://github.com/fmfi-compbio/plasgraph2-datasets/blob/06cdf1524a9d424b5eb97628be26b87f854d398a/cfre-test/shaw-2021_cfre-SAMN15148744-u.gfa.gz,06cdf1524a9d424b5eb97628be26b87f854d398a,LICENCE_NOT_DOCUMENTED,COMPLETE_FOR_ACCESSIONS;MISSING_STRAIN_BIOPROJECT_ASSEMBLY
shaw-2021_cfre-SAMN15148744-s,shaw-2021_cfre-SAMN15148744,SAMN15148744,cfre-test,Citrobacter freundii,NOT_IN_SOURCE_METADATA,SRR11949351,SRR12299067,Nanopore,SAMN15148744,NOT_IN_SOURCE_METADATA,NOT_IN_SOURCE_METADATA,SKESA,cfre-test/shaw-2021_cfre-SAMN15148744-s.gfa.gz,YES,1389450,cfre-test/shaw-2021_cfre-SAMN15148744-s.gfa.csv,YES,7120,contig|plasmid_score|chrom_score|label|length|chr_coverage|pl_coverage|un_coverage|hybrid_mapsto,plasmid;chromosome;ambiguous;unlabeled,NOT_PUBLISHED_IN_METADATA,IN_GFA: dp tag (Unicycler) / KC tag (SKESA),Shaw2021,https://github.com/fmfi-compbio/plasgraph2-datasets/blob/06cdf1524a9d424b5eb97628be26b87f854d398a/cfre-test/shaw-2021_cfre-SAMN15148744-s.gfa.gz,06cdf1524a9d424b5eb97628be26b87f854d398a,LICENCE_NOT_DOCUMENTED,COMPLETE_FOR_ACCESSIONS;MISSING_STRAIN_BIOPROJECT_ASSEMBLY
shaw-2021_cfre-SAMN15148747-u,shaw-2021_cfre-SAMN15148747,SAMN15148747,cfre-test,Citrobacter freundii,NOT_IN_SOURCE_METADATA,SRR11949346,SRR12299062,Nanopore,SAMN15148747,NOT_IN_SOURCE_METADATA,NOT_IN_SOURCE_METADATA,Unicycler,cfre-test/shaw-2021_cfre-SAMN15148747-u.gfa.gz,YES,1557393,cfre-test/shaw-2021_cfre-SAMN15148747-u.gfa.csv,YES,8179,contig|plasmid_score|chrom_score|label|length|chr_coverage|pl_coverage|un_coverage|hybrid_mapsto,plasmid;chromosome;ambiguous;unlabeled,NOT_PUBLISHED_IN_METADATA,IN_GFA: dp tag (Unicycler) / KC tag (SKESA),Shaw2021,https://github.com/fmfi-compbio/plasgraph2-datasets/blob/06cdf1524a9d424b5eb97628be26b87f854d398a/cfre-test/shaw-2021_cfre-SAMN15148747-u.gfa.gz,06cdf1524a9d424b5eb97628be26b87f854d398a,LICENCE_NOT_DOCUMENTED,COMPLETE_FOR_ACCESSIONS;MISSING_STRAIN_BIOPROJECT_ASSEMBLY
shaw-2021_cfre-SAMN15148747-s,shaw-2021_cfre-SAMN15148747,SAMN15148747,cfre-test,Citrobacter freundii,NOT_IN_SOURCE_METADATA,SRR11949346,SRR12299062,Nanopore,SAMN15148747,NOT_IN_SOURCE_METADATA,NOT_IN_SOURCE_METADATA,SKESA,cfre-test/shaw-2021_cfre-SAMN15148747-s.gfa.gz,YES,1565351,cfre-test/shaw-2021_cfre-SAMN15148747-s.gfa.csv,YES,16190,contig|plasmid_score|chrom_score|label|length|chr_coverage|pl_coverage|un_coverage|hybrid_mapsto,plasmid;chromosome;ambiguous;unlabeled,NOT_PUBLISHED_IN_METADATA,IN_GFA: dp tag (Unicycler) / KC tag (SKESA),Shaw2021,https://github.com/fmfi-compbio/plasgraph2-datasets/blob/06cdf1524a9d424b5eb97628be26b87f854d398a/cfre-test/shaw-2021_cfre-SAMN15148747-s.gfa.gz,06cdf1524a9d424b5eb97628be26b87f854d398a,LICENCE_NOT_DOCUMENTED,COMPLETE_FOR_ACCESSIONS;MISSING_STRAIN_BIOPROJECT_ASSEMBLY
shaw-2021_cfre-SAMN15148750-u,shaw-2021_cfre-SAMN15148750,SAMN15148750,cfre-test,Citrobacter freundii,NOT_IN_SOURCE_METADATA,SRR11949343,SRR12299059,Nanopore,SAMN15148750,NOT_IN_SOURCE_METADATA,NOT_IN_SOURCE_METADATA,Unicycler,cfre-test/shaw-2021_cfre-SAMN15148750-u.gfa.gz,YES,1587736,cfre-test/shaw-2021_cfre-SAMN15148750-u.gfa.csv,YES,8708,contig|plasmid_score|chrom_score|label|length|chr_coverage|pl_coverage|un_coverage|hybrid_mapsto,plasmid;chromosome;ambiguous;unlabeled,NOT_PUBLISHED_IN_METADATA,IN_GFA: dp tag (Unicycler) / KC tag (SKESA),Shaw2021,https://github.com/fmfi-compbio/plasgraph2-datasets/blob/06cdf1524a9d424b5eb97628be26b87f854d398a/cfre-test/shaw-2021_cfre-SAMN15148750-u.gfa.gz,06cdf1524a9d424b5eb97628be26b87f854d398a,LICENCE_NOT_DOCUMENTED,COMPLETE_FOR_ACCESSIONS;MISSING_STRAIN_BIOPROJECT_ASSEMBLY
shaw-2021_cfre-SAMN15148750-s,shaw-2021_cfre-SAMN15148750,SAMN15148750,cfre-test,Citrobacter freundii,NOT_IN_SOURCE_METADATA,SRR11949343,SRR12299059,Nanopore,SAMN15148750,NOT_IN_SOURCE_METADATA,NOT_IN_SOURCE_METADATA,SKESA,cfre-test/shaw-2021_cfre-SAMN15148750-s.gfa.gz,YES,1597283,cfre-test/shaw-2021_cfre-SAMN15148750-s.gfa.csv,YES,17961,contig|plasmid_score|chrom_score|label|length|chr_coverage|pl_coverage|un_coverage|hybrid_mapsto,plasmid;chromosome;ambiguous;unlabeled,NOT_PUBLISHED_IN_METADATA,IN_GFA: dp tag (Unicycler) / KC tag (SKESA),Shaw2021,https://github.com/fmfi-compbio/plasgraph2-datasets/blob/06cdf1524a9d424b5eb97628be26b87f854d398a/cfre-test/shaw-2021_cfre-SAMN15148750-s.gfa.gz,06cdf1524a9d424b5eb97628be26b87f854d398a,LICENCE_NOT_DOCUMENTED,COMPLETE_FOR_ACCESSIONS;MISSING_STRAIN_BIOPROJECT_ASSEMBLY
shaw-2021_cfre-SAMN15148761-u,shaw-2021_cfre-SAMN15148761,SAMN15148761,cfre-test,Citrobacter freundii,NOT_IN_SOURCE_METADATA,SRR11949005,SRR12298999,Nanopore,SAMN15148761,NOT_IN_SOURCE_METADATA,NOT_IN_SOURCE_METADATA,Unicycler,cfre-test/shaw-2021_cfre-SAMN15148761-u.gfa.gz,YES,1493923,cfre-test/shaw-2021_cfre-SAMN15148761-u.gfa.csv,YES,9222,contig|plasmid_score|chrom_score|label|length|chr_coverage|pl_coverage|un_coverage|hybrid_mapsto,plasmid;chromosome;ambiguous;unlabeled,NOT_PUBLISHED_IN_METADATA,IN_GFA: dp tag (Unicycler) / KC tag (SKESA),Shaw2021,https://github.com/fmfi-compbio/plasgraph2-datasets/blob/06cdf1524a9d424b5eb97628be26b87f854d398a/cfre-test/shaw-2021_cfre-SAMN15148761-u.gfa.gz,06cdf1524a9d424b5eb97628be26b87f854d398a,LICENCE_NOT_DOCUMENTED,COMPLETE_FOR_ACCESSIONS;MISSING_STRAIN_BIOPROJECT_ASSEMBLY
shaw-2021_cfre-SAMN15148761-s,shaw-2021_cfre-SAMN15148761,SAMN15148761,cfre-test,Citrobacter freundii,NOT_IN_SOURCE_METADATA,SRR11949005,SRR12298999,Nanopore,SAMN15148761,NOT_IN_SOURCE_METADATA,NOT_IN_SOURCE_METADATA,SKESA,cfre-test/shaw-2021_cfre-SAMN15148761-s.gfa.gz,YES,1500962,cfre-test/shaw-2021_cfre-SAMN15148761-s.gfa.csv,YES,15649,contig|plasmid_score|chrom_score|label|length|chr_coverage|pl_coverage|un_coverage|hybrid_mapsto,plasmid;chromosome;ambiguous;unlabeled,NOT_PUBLISHED_IN_METADATA,IN_GFA: dp tag (Unicycler) / KC tag (SKESA),Shaw2021,https://github.com/fmfi-compbio/plasgraph2-datasets/blob/06cdf1524a9d424b5eb97628be26b87f854d398a/cfre-test/shaw-2021_cfre-SAMN15148761-s.gfa.gz,06cdf1524a9d424b5eb97628be26b87f854d398a,LICENCE_NOT_DOCUMENTED,COMPLETE_FOR_ACCESSIONS;MISSING_STRAIN_BIOPROJECT_ASSEMBLY
campylobacter_cjej-SAMD00491644-u,campylobacter_cjej-SAMD00491644,SAMD00491644,cjej-test,Campylobacter jejuni,NOT_IN_SOURCE_METADATA,DRR378527,DRR378563,nanopore,SAMD00491644,NOT_IN_SOURCE_METADATA,NOT_IN_SOURCE_METADATA,Unicycler,cjej-test/campylobacter_cjej-SAMD00491644-u.gfa.gz,YES,476804,cjej-test/campylobacter_cjej-SAMD00491644-u.gfa.csv,YES,2904,contig|plasmid_score|chrom_score|label|length|chr_coverage|pl_coverage|un_coverage|hybrid_mapsto,plasmid;chromosome;ambiguous;unlabeled,NOT_PUBLISHED_IN_METADATA,IN_GFA: dp tag (Unicycler) / KC tag (SKESA),Morita2023,https://github.com/fmfi-compbio/plasgraph2-datasets/blob/06cdf1524a9d424b5eb97628be26b87f854d398a/cjej-test/campylobacter_cjej-SAMD00491644-u.gfa.gz,06cdf1524a9d424b5eb97628be26b87f854d398a,LICENCE_NOT_DOCUMENTED,COMPLETE_FOR_ACCESSIONS;MISSING_STRAIN_BIOPROJECT_ASSEMBLY
campylobacter_cjej-SAMD00491644-s,campylobacter_cjej-SAMD00491644,SAMD00491644,cjej-test,Campylobacter jejuni,NOT_IN_SOURCE_METADATA,DRR378527,DRR378563,nanopore,SAMD00491644,NOT_IN_SOURCE_METADATA,NOT_IN_SOURCE_METADATA,SKESA,cjej-test/campylobacter_cjej-SAMD00491644-s.gfa.gz,YES,483588,cjej-test/campylobacter_cjej-SAMD00491644-s.gfa.csv,YES,12977,contig|plasmid_score|chrom_score|label|length|chr_coverage|pl_coverage|un_coverage|hybrid_mapsto,plasmid;chromosome;ambiguous;unlabeled,NOT_PUBLISHED_IN_METADATA,IN_GFA: dp tag (Unicycler) / KC tag (SKESA),Morita2023,https://github.com/fmfi-compbio/plasgraph2-datasets/blob/06cdf1524a9d424b5eb97628be26b87f854d398a/cjej-test/campylobacter_cjej-SAMD00491644-s.gfa.gz,06cdf1524a9d424b5eb97628be26b87f854d398a,LICENCE_NOT_DOCUMENTED,COMPLETE_FOR_ACCESSIONS;MISSING_STRAIN_BIOPROJECT_ASSEMBLY
campylobacter_cjej-SAMD00491646-u,campylobacter_cjej-SAMD00491646,SAMD00491646,cjej-test,Campylobacter jejuni,NOT_IN_SOURCE_METADATA,DRR378529,DRR378564,nanopore,SAMD00491646,NOT_IN_SOURCE_METADATA,NOT_IN_SOURCE_METADATA,Unicycler,cjej-test/campylobacter_cjej-SAMD00491646-u.gfa.gz,YES,476059,cjej-test/campylobacter_cjej-SAMD00491646-u.gfa.csv,YES,2710,contig|plasmid_score|chrom_score|label|length|chr_coverage|pl_coverage|un_coverage|hybrid_mapsto,plasmid;chromosome;ambiguous;unlabeled,NOT_PUBLISHED_IN_METADATA,IN_GFA: dp tag (Unicycler) / KC tag (SKESA),Morita2023,https://github.com/fmfi-compbio/plasgraph2-datasets/blob/06cdf1524a9d424b5eb97628be26b87f854d398a/cjej-test/campylobacter_cjej-SAMD00491646-u.gfa.gz,06cdf1524a9d424b5eb97628be26b87f854d398a,LICENCE_NOT_DOCUMENTED,COMPLETE_FOR_ACCESSIONS;MISSING_STRAIN_BIOPROJECT_ASSEMBLY
campylobacter_cjej-SAMD00491646-s,campylobacter_cjej-SAMD00491646,SAMD00491646,cjej-test,Campylobacter jejuni,NOT_IN_SOURCE_METADATA,DRR378529,DRR378564,nanopore,SAMD00491646,NOT_IN_SOURCE_METADATA,NOT_IN_SOURCE_METADATA,SKESA,cjej-test/campylobacter_cjej-SAMD00491646-s.gfa.gz,YES,479945,cjej-test/campylobacter_cjej-SAMD00491646-s.gfa.csv,YES,4936,contig|plasmid_score|chrom_score|label|length|chr_coverage|pl_coverage|un_coverage|hybrid_mapsto,plasmid;chromosome;ambiguous;unlabeled,NOT_PUBLISHED_IN_METADATA,IN_GFA: dp tag (Unicycler) / KC tag (SKESA),Morita2023,https://github.com/fmfi-compbio/plasgraph2-datasets/blob/06cdf1524a9d424b5eb97628be26b87f854d398a/cjej-test/campylobacter_cjej-SAMD00491646-s.gfa.gz,06cdf1524a9d424b5eb97628be26b87f854d398a,LICENCE_NOT_DOCUMENTED,COMPLETE_FOR_ACCESSIONS;MISSING_STRAIN_BIOPROJECT_ASSEMBLY
campylobacter_cjej-SAMD00491647-u,campylobacter_cjej-SAMD00491647,SAMD00491647,cjej-test,Campylobacter jejuni,NOT_IN_SOURCE_METADATA,DRR378530,DRR378565,nanopore,SAMD00491647,NOT_IN_SOURCE_METADATA,NOT_IN_SOURCE_METADATA,Unicycler,cjej-test/campylobacter_cjej-SAMD00491647-u.gfa.gz,YES,477135,cjej-test/campylobacter_cjej-SAMD00491647-u.gfa.csv,YES,2934,contig|plasmid_score|chrom_score|label|length|chr_coverage|pl_coverage|un_coverage|hybrid_mapsto,plasmid;chromosome;ambiguous;unlabeled,NOT_PUBLISHED_IN_METADATA,IN_GFA: dp tag (Unicycler) / KC tag (SKESA),Morita2023,https://github.com/fmfi-compbio/plasgraph2-datasets/blob/06cdf1524a9d424b5eb97628be26b87f854d398a/cjej-test/campylobacter_cjej-SAMD00491647-u.gfa.gz,06cdf1524a9d424b5eb97628be26b87f854d398a,LICENCE_NOT_DOCUMENTED,COMPLETE_FOR_ACCESSIONS;MISSING_STRAIN_BIOPROJECT_ASSEMBLY
campylobacter_cjej-SAMD00491647-s,campylobacter_cjej-SAMD00491647,SAMD00491647,cjej-test,Campylobacter jejuni,NOT_IN_SOURCE_METADATA,DRR378530,DRR378565,nanopore,SAMD00491647,NOT_IN_SOURCE_METADATA,NOT_IN_SOURCE_METADATA,SKESA,cjej-test/campylobacter_cjej-SAMD00491647-s.gfa.gz,YES,482491,cjej-test/campylobacter_cjej-SAMD00491647-s.gfa.csv,YES,12305,contig|plasmid_score|chrom_score|label|length|chr_coverage|pl_coverage|un_coverage|hybrid_mapsto,plasmid;chromosome;ambiguous;unlabeled,NOT_PUBLISHED_IN_METADATA,IN_GFA: dp tag (Unicycler) / KC tag (SKESA),Morita2023,https://github.com/fmfi-compbio/plasgraph2-datasets/blob/06cdf1524a9d424b5eb97628be26b87f854d398a/cjej-test/campylobacter_cjej-SAMD00491647-s.gfa.gz,06cdf1524a9d424b5eb97628be26b87f854d398a,LICENCE_NOT_DOCUMENTED,COMPLETE_FOR_ACCESSIONS;MISSING_STRAIN_BIOPROJECT_ASSEMBLY
campylobacter_cjej-SAMD00491650-u,campylobacter_cjej-SAMD00491650,SAMD00491650,cjej-test,Campylobacter jejuni,NOT_IN_SOURCE_METADATA,DRR378532,DRR378566,nanopore,SAMD00491650,NOT_IN_SOURCE_METADATA,NOT_IN_SOURCE_METADATA,Unicycler,cjej-test/campylobacter_cjej-SAMD00491650-u.gfa.gz,YES,482125,cjej-test/campylobacter_cjej-SAMD00491650-u.gfa.csv,YES,1818,contig|plasmid_score|chrom_score|label|length|chr_coverage|pl_coverage|un_coverage|hybrid_mapsto,plasmid;chromosome;ambiguous;unlabeled,NOT_PUBLISHED_IN_METADATA,IN_GFA: dp tag (Unicycler) / KC tag (SKESA),Morita2023,https://github.com/fmfi-compbio/plasgraph2-datasets/blob/06cdf1524a9d424b5eb97628be26b87f854d398a/cjej-test/campylobacter_cjej-SAMD00491650-u.gfa.gz,06cdf1524a9d424b5eb97628be26b87f854d398a,LICENCE_NOT_DOCUMENTED,COMPLETE_FOR_ACCESSIONS;MISSING_STRAIN_BIOPROJECT_ASSEMBLY
campylobacter_cjej-SAMD00491650-s,campylobacter_cjej-SAMD00491650,SAMD00491650,cjej-test,Campylobacter jejuni,NOT_IN_SOURCE_METADATA,DRR378532,DRR378566,nanopore,SAMD00491650,NOT_IN_SOURCE_METADATA,NOT_IN_SOURCE_METADATA,SKESA,cjej-test/campylobacter_cjej-SAMD00491650-s.gfa.gz,YES,482967,cjej-test/campylobacter_cjej-SAMD00491650-s.gfa.csv,YES,2055,contig|plasmid_score|chrom_score|label|length|chr_coverage|pl_coverage|un_coverage|hybrid_mapsto,plasmid;chromosome;ambiguous;unlabeled,NOT_PUBLISHED_IN_METADATA,IN_GFA: dp tag (Unicycler) / KC tag (SKESA),Morita2023,https://github.com/fmfi-compbio/plasgraph2-datasets/blob/06cdf1524a9d424b5eb97628be26b87f854d398a/cjej-test/campylobacter_cjej-SAMD00491650-s.gfa.gz,06cdf1524a9d424b5eb97628be26b87f854d398a,LICENCE_NOT_DOCUMENTED,COMPLETE_FOR_ACCESSIONS;MISSING_STRAIN_BIOPROJECT_ASSEMBLY
campylobacter_cjej-SAMD00491657-u,campylobacter_cjej-SAMD00491657,SAMD00491657,cjej-test,Campylobacter jejuni,NOT_IN_SOURCE_METADATA,DRR378539,DRR378568,nanopore,SAMD00491657,NOT_IN_SOURCE_METADATA,NOT_IN_SOURCE_METADATA,Unicycler,cjej-test/campylobacter_cjej-SAMD00491657-u.gfa.gz,YES,517082,cjej-test/campylobacter_cjej-SAMD00491657-u.gfa.csv,YES,2312,contig|plasmid_score|chrom_score|label|length|chr_coverage|pl_coverage|un_coverage|hybrid_mapsto,plasmid;chromosome;ambiguous;unlabeled,NOT_PUBLISHED_IN_METADATA,IN_GFA: dp tag (Unicycler) / KC tag (SKESA),Morita2023,https://github.com/fmfi-compbio/plasgraph2-datasets/blob/06cdf1524a9d424b5eb97628be26b87f854d398a/cjej-test/campylobacter_cjej-SAMD00491657-u.gfa.gz,06cdf1524a9d424b5eb97628be26b87f854d398a,LICENCE_NOT_DOCUMENTED,COMPLETE_FOR_ACCESSIONS;MISSING_STRAIN_BIOPROJECT_ASSEMBLY
campylobacter_cjej-SAMD00491657-s,campylobacter_cjej-SAMD00491657,SAMD00491657,cjej-test,Campylobacter jejuni,NOT_IN_SOURCE_METADATA,DRR378539,DRR378568,nanopore,SAMD00491657,NOT_IN_SOURCE_METADATA,NOT_IN_SOURCE_METADATA,SKESA,cjej-test/campylobacter_cjej-SAMD00491657-s.gfa.gz,YES,520302,cjej-test/campylobacter_cjej-SAMD00491657-s.gfa.csv,YES,4033,contig|plasmid_score|chrom_score|label|length|chr_coverage|pl_coverage|un_coverage|hybrid_mapsto,plasmid;chromosome;ambiguous;unlabeled,NOT_PUBLISHED_IN_METADATA,IN_GFA: dp tag (Unicycler) / KC tag (SKESA),Morita2023,https://github.com/fmfi-compbio/plasgraph2-datasets/blob/06cdf1524a9d424b5eb97628be26b87f854d398a/cjej-test/campylobacter_cjej-SAMD00491657-s.gfa.gz,06cdf1524a9d424b5eb97628be26b87f854d398a,LICENCE_NOT_DOCUMENTED,COMPLETE_FOR_ACCESSIONS;MISSING_STRAIN_BIOPROJECT_ASSEMBLY
campylobacter_cjej-SAMD00491659-u,campylobacter_cjej-SAMD00491659,SAMD00491659,cjej-test,Campylobacter jejuni,NOT_IN_SOURCE_METADATA,DRR378540,DRR378570,nanopore,SAMD00491659,NOT_IN_SOURCE_METADATA,NOT_IN_SOURCE_METADATA,Unicycler,cjej-test/campylobacter_cjej-SAMD00491659-u.gfa.gz,YES,475261,cjej-test/campylobacter_cjej-SAMD00491659-u.gfa.csv,YES,3483,contig|plasmid_score|chrom_score|label|length|chr_coverage|pl_coverage|un_coverage|hybrid_mapsto,plasmid;chromosome;ambiguous;unlabeled,NOT_PUBLISHED_IN_METADATA,IN_GFA: dp tag (Unicycler) / KC tag (SKESA),Morita2023,https://github.com/fmfi-compbio/plasgraph2-datasets/blob/06cdf1524a9d424b5eb97628be26b87f854d398a/cjej-test/campylobacter_cjej-SAMD00491659-u.gfa.gz,06cdf1524a9d424b5eb97628be26b87f854d398a,LICENCE_NOT_DOCUMENTED,COMPLETE_FOR_ACCESSIONS;MISSING_STRAIN_BIOPROJECT_ASSEMBLY
campylobacter_cjej-SAMD00491659-s,campylobacter_cjej-SAMD00491659,SAMD00491659,cjej-test,Campylobacter jejuni,NOT_IN_SOURCE_METADATA,DRR378540,DRR378570,nanopore,SAMD00491659,NOT_IN_SOURCE_METADATA,NOT_IN_SOURCE_METADATA,SKESA,cjej-test/campylobacter_cjej-SAMD00491659-s.gfa.gz,YES,479670,cjej-test/campylobacter_cjej-SAMD00491659-s.gfa.csv,YES,11627,contig|plasmid_score|chrom_score|label|length|chr_coverage|pl_coverage|un_coverage|hybrid_mapsto,plasmid;chromosome;ambiguous;unlabeled,NOT_PUBLISHED_IN_METADATA,IN_GFA: dp tag (Unicycler) / KC tag (SKESA),Morita2023,https://github.com/fmfi-compbio/plasgraph2-datasets/blob/06cdf1524a9d424b5eb97628be26b87f854d398a/cjej-test/campylobacter_cjej-SAMD00491659-s.gfa.gz,06cdf1524a9d424b5eb97628be26b87f854d398a,LICENCE_NOT_DOCUMENTED,COMPLETE_FOR_ACCESSIONS;MISSING_STRAIN_BIOPROJECT_ASSEMBLY
campylobacter_cjej-SAMD00491660-u,campylobacter_cjej-SAMD00491660,SAMD00491660,cjej-test,Campylobacter jejuni,NOT_IN_SOURCE_METADATA,DRR378541,DRR378571,nanopore,SAMD00491660,NOT_IN_SOURCE_METADATA,NOT_IN_SOURCE_METADATA,Unicycler,cjej-test/campylobacter_cjej-SAMD00491660-u.gfa.gz,YES,484080,cjej-test/campylobacter_cjej-SAMD00491660-u.gfa.csv,YES,1331,contig|plasmid_score|chrom_score|label|length|chr_coverage|pl_coverage|un_coverage|hybrid_mapsto,plasmid;chromosome;ambiguous;unlabeled,NOT_PUBLISHED_IN_METADATA,IN_GFA: dp tag (Unicycler) / KC tag (SKESA),Morita2023,https://github.com/fmfi-compbio/plasgraph2-datasets/blob/06cdf1524a9d424b5eb97628be26b87f854d398a/cjej-test/campylobacter_cjej-SAMD00491660-u.gfa.gz,06cdf1524a9d424b5eb97628be26b87f854d398a,LICENCE_NOT_DOCUMENTED,COMPLETE_FOR_ACCESSIONS;MISSING_STRAIN_BIOPROJECT_ASSEMBLY
campylobacter_cjej-SAMD00491660-s,campylobacter_cjej-SAMD00491660,SAMD00491660,cjej-test,Campylobacter jejuni,NOT_IN_SOURCE_METADATA,DRR378541,DRR378571,nanopore,SAMD00491660,NOT_IN_SOURCE_METADATA,NOT_IN_SOURCE_METADATA,SKESA,cjej-test/campylobacter_cjej-SAMD00491660-s.gfa.gz,YES,485442,cjej-test/campylobacter_cjej-SAMD00491660-s.gfa.csv,YES,2037,contig|plasmid_score|chrom_score|label|length|chr_coverage|pl_coverage|un_coverage|hybrid_mapsto,plasmid;chromosome;ambiguous;unlabeled,NOT_PUBLISHED_IN_METADATA,IN_GFA: dp tag (Unicycler) / KC tag (SKESA),Morita2023,https://github.com/fmfi-compbio/plasgraph2-datasets/blob/06cdf1524a9d424b5eb97628be26b87f854d398a/cjej-test/campylobacter_cjej-SAMD00491660-s.gfa.gz,06cdf1524a9d424b5eb97628be26b87f854d398a,LICENCE_NOT_DOCUMENTED,COMPLETE_FOR_ACCESSIONS;MISSING_STRAIN_BIOPROJECT_ASSEMBLY
campylobacter_cjej-SAMD00491662-u,campylobacter_cjej-SAMD00491662,SAMD00491662,cjej-test,Campylobacter jejuni,NOT_IN_SOURCE_METADATA,DRR378543,DRR378573,nanopore,SAMD00491662,NOT_IN_SOURCE_METADATA,NOT_IN_SOURCE_METADATA,Unicycler,cjej-test/campylobacter_cjej-SAMD00491662-u.gfa.gz,YES,494735,cjej-test/campylobacter_cjej-SAMD00491662-u.gfa.csv,YES,2720,contig|plasmid_score|chrom_score|label|length|chr_coverage|pl_coverage|un_coverage|hybrid_mapsto,plasmid;chromosome;ambiguous;unlabeled,NOT_PUBLISHED_IN_METADATA,IN_GFA: dp tag (Unicycler) / KC tag (SKESA),Morita2023,https://github.com/fmfi-compbio/plasgraph2-datasets/blob/06cdf1524a9d424b5eb97628be26b87f854d398a/cjej-test/campylobacter_cjej-SAMD00491662-u.gfa.gz,06cdf1524a9d424b5eb97628be26b87f854d398a,LICENCE_NOT_DOCUMENTED,COMPLETE_FOR_ACCESSIONS;MISSING_STRAIN_BIOPROJECT_ASSEMBLY
campylobacter_cjej-SAMD00491662-s,campylobacter_cjej-SAMD00491662,SAMD00491662,cjej-test,Campylobacter jejuni,NOT_IN_SOURCE_METADATA,DRR378543,DRR378573,nanopore,SAMD00491662,NOT_IN_SOURCE_METADATA,NOT_IN_SOURCE_METADATA,SKESA,cjej-test/campylobacter_cjej-SAMD00491662-s.gfa.gz,YES,496153,cjej-test/campylobacter_cjej-SAMD00491662-s.gfa.csv,YES,2695,contig|plasmid_score|chrom_score|label|length|chr_coverage|pl_coverage|un_coverage|hybrid_mapsto,plasmid;chromosome;ambiguous;unlabeled,NOT_PUBLISHED_IN_METADATA,IN_GFA: dp tag (Unicycler) / KC tag (SKESA),Morita2023,https://github.com/fmfi-compbio/plasgraph2-datasets/blob/06cdf1524a9d424b5eb97628be26b87f854d398a/cjej-test/campylobacter_cjej-SAMD00491662-s.gfa.gz,06cdf1524a9d424b5eb97628be26b87f854d398a,LICENCE_NOT_DOCUMENTED,COMPLETE_FOR_ACCESSIONS;MISSING_STRAIN_BIOPROJECT_ASSEMBLY
campylobacter_cjej-SAMD00491665-u,campylobacter_cjej-SAMD00491665,SAMD00491665,cjej-test,Campylobacter jejuni,NOT_IN_SOURCE_METADATA,DRR378546,DRR378575,nanopore,SAMD00491665,NOT_IN_SOURCE_METADATA,NOT_IN_SOURCE_METADATA,Unicycler,cjej-test/campylobacter_cjej-SAMD00491665-u.gfa.gz,YES,507289,cjej-test/campylobacter_cjej-SAMD00491665-u.gfa.csv,YES,4320,contig|plasmid_score|chrom_score|label|length|chr_coverage|pl_coverage|un_coverage|hybrid_mapsto,plasmid;chromosome;ambiguous;unlabeled,NOT_PUBLISHED_IN_METADATA,IN_GFA: dp tag (Unicycler) / KC tag (SKESA),Morita2023,https://github.com/fmfi-compbio/plasgraph2-datasets/blob/06cdf1524a9d424b5eb97628be26b87f854d398a/cjej-test/campylobacter_cjej-SAMD00491665-u.gfa.gz,06cdf1524a9d424b5eb97628be26b87f854d398a,LICENCE_NOT_DOCUMENTED,COMPLETE_FOR_ACCESSIONS;MISSING_STRAIN_BIOPROJECT_ASSEMBLY
campylobacter_cjej-SAMD00491665-s,campylobacter_cjej-SAMD00491665,SAMD00491665,cjej-test,Campylobacter jejuni,NOT_IN_SOURCE_METADATA,DRR378546,DRR378575,nanopore,SAMD00491665,NOT_IN_SOURCE_METADATA,NOT_IN_SOURCE_METADATA,SKESA,cjej-test/campylobacter_cjej-SAMD00491665-s.gfa.gz,YES,510089,cjej-test/campylobacter_cjej-SAMD00491665-s.gfa.csv,YES,5556,contig|plasmid_score|chrom_score|label|length|chr_coverage|pl_coverage|un_coverage|hybrid_mapsto,plasmid;chromosome;ambiguous;unlabeled,NOT_PUBLISHED_IN_METADATA,IN_GFA: dp tag (Unicycler) / KC tag (SKESA),Morita2023,https://github.com/fmfi-compbio/plasgraph2-datasets/blob/06cdf1524a9d424b5eb97628be26b87f854d398a/cjej-test/campylobacter_cjej-SAMD00491665-s.gfa.gz,06cdf1524a9d424b5eb97628be26b87f854d398a,LICENCE_NOT_DOCUMENTED,COMPLETE_FOR_ACCESSIONS;MISSING_STRAIN_BIOPROJECT_ASSEMBLY
campylobacter_cjej-SAMD00491669-u,campylobacter_cjej-SAMD00491669,SAMD00491669,cjej-test,Campylobacter jejuni,NOT_IN_SOURCE_METADATA,DRR378549,DRR378576,nanopore,SAMD00491669,NOT_IN_SOURCE_METADATA,NOT_IN_SOURCE_METADATA,Unicycler,cjej-test/campylobacter_cjej-SAMD00491669-u.gfa.gz,YES,530873,cjej-test/campylobacter_cjej-SAMD00491669-u.gfa.csv,YES,7120,contig|plasmid_score|chrom_score|label|length|chr_coverage|pl_coverage|un_coverage|hybrid_mapsto,plasmid;chromosome;ambiguous;unlabeled,NOT_PUBLISHED_IN_METADATA,IN_GFA: dp tag (Unicycler) / KC tag (SKESA),Morita2023,https://github.com/fmfi-compbio/plasgraph2-datasets/blob/06cdf1524a9d424b5eb97628be26b87f854d398a/cjej-test/campylobacter_cjej-SAMD00491669-u.gfa.gz,06cdf1524a9d424b5eb97628be26b87f854d398a,LICENCE_NOT_DOCUMENTED,COMPLETE_FOR_ACCESSIONS;MISSING_STRAIN_BIOPROJECT_ASSEMBLY
campylobacter_cjej-SAMD00491669-s,campylobacter_cjej-SAMD00491669,SAMD00491669,cjej-test,Campylobacter jejuni,NOT_IN_SOURCE_METADATA,DRR378549,DRR378576,nanopore,SAMD00491669,NOT_IN_SOURCE_METADATA,NOT_IN_SOURCE_METADATA,SKESA,cjej-test/campylobacter_cjej-SAMD00491669-s.gfa.gz,YES,533864,cjej-test/campylobacter_cjej-SAMD00491669-s.gfa.csv,YES,6253,contig|plasmid_score|chrom_score|label|length|chr_coverage|pl_coverage|un_coverage|hybrid_mapsto,plasmid;chromosome;ambiguous;unlabeled,NOT_PUBLISHED_IN_METADATA,IN_GFA: dp tag (Unicycler) / KC tag (SKESA),Morita2023,https://github.com/fmfi-compbio/plasgraph2-datasets/blob/06cdf1524a9d424b5eb97628be26b87f854d398a/cjej-test/campylobacter_cjej-SAMD00491669-s.gfa.gz,06cdf1524a9d424b5eb97628be26b87f854d398a,LICENCE_NOT_DOCUMENTED,COMPLETE_FOR_ACCESSIONS;MISSING_STRAIN_BIOPROJECT_ASSEMBLY
campylobacter_cjej-SAMD00491671-u,campylobacter_cjej-SAMD00491671,SAMD00491671,cjej-test,Campylobacter jejuni,NOT_IN_SOURCE_METADATA,DRR378551,DRR378578,nanopore,SAMD00491671,NOT_IN_SOURCE_METADATA,NOT_IN_SOURCE_METADATA,Unicycler,cjej-test/campylobacter_cjej-SAMD00491671-u.gfa.gz,YES,515597,cjej-test/campylobacter_cjej-SAMD00491671-u.gfa.csv,YES,4475,contig|plasmid_score|chrom_score|label|length|chr_coverage|pl_coverage|un_coverage|hybrid_mapsto,plasmid;chromosome;ambiguous;unlabeled,NOT_PUBLISHED_IN_METADATA,IN_GFA: dp tag (Unicycler) / KC tag (SKESA),Morita2023,https://github.com/fmfi-compbio/plasgraph2-datasets/blob/06cdf1524a9d424b5eb97628be26b87f854d398a/cjej-test/campylobacter_cjej-SAMD00491671-u.gfa.gz,06cdf1524a9d424b5eb97628be26b87f854d398a,LICENCE_NOT_DOCUMENTED,COMPLETE_FOR_ACCESSIONS;MISSING_STRAIN_BIOPROJECT_ASSEMBLY
campylobacter_cjej-SAMD00491671-s,campylobacter_cjej-SAMD00491671,SAMD00491671,cjej-test,Campylobacter jejuni,NOT_IN_SOURCE_METADATA,DRR378551,DRR378578,nanopore,SAMD00491671,NOT_IN_SOURCE_METADATA,NOT_IN_SOURCE_METADATA,SKESA,cjej-test/campylobacter_cjej-SAMD00491671-s.gfa.gz,YES,518219,cjej-test/campylobacter_cjej-SAMD00491671-s.gfa.csv,YES,4982,contig|plasmid_score|chrom_score|label|length|chr_coverage|pl_coverage|un_coverage|hybrid_mapsto,plasmid;chromosome;ambiguous;unlabeled,NOT_PUBLISHED_IN_METADATA,IN_GFA: dp tag (Unicycler) / KC tag (SKESA),Morita2023,https://github.com/fmfi-compbio/plasgraph2-datasets/blob/06cdf1524a9d424b5eb97628be26b87f854d398a/cjej-test/campylobacter_cjej-SAMD00491671-s.gfa.gz,06cdf1524a9d424b5eb97628be26b87f854d398a,LICENCE_NOT_DOCUMENTED,COMPLETE_FOR_ACCESSIONS;MISSING_STRAIN_BIOPROJECT_ASSEMBLY
campylobacter_cjej-SAMD00491676-u,campylobacter_cjej-SAMD00491676,SAMD00491676,cjej-test,Campylobacter jejuni,NOT_IN_SOURCE_METADATA,DRR378555,DRR378579,nanopore,SAMD00491676,NOT_IN_SOURCE_METADATA,NOT_IN_SOURCE_METADATA,Unicycler,cjej-test/campylobacter_cjej-SAMD00491676-u.gfa.gz,YES,477013,cjej-test/campylobacter_cjej-SAMD00491676-u.gfa.csv,YES,2851,contig|plasmid_score|chrom_score|label|length|chr_coverage|pl_coverage|un_coverage|hybrid_mapsto,plasmid;chromosome;ambiguous;unlabeled,NOT_PUBLISHED_IN_METADATA,IN_GFA: dp tag (Unicycler) / KC tag (SKESA),Morita2023,https://github.com/fmfi-compbio/plasgraph2-datasets/blob/06cdf1524a9d424b5eb97628be26b87f854d398a/cjej-test/campylobacter_cjej-SAMD00491676-u.gfa.gz,06cdf1524a9d424b5eb97628be26b87f854d398a,LICENCE_NOT_DOCUMENTED,COMPLETE_FOR_ACCESSIONS;MISSING_STRAIN_BIOPROJECT_ASSEMBLY
campylobacter_cjej-SAMD00491676-s,campylobacter_cjej-SAMD00491676,SAMD00491676,cjej-test,Campylobacter jejuni,NOT_IN_SOURCE_METADATA,DRR378555,DRR378579,nanopore,SAMD00491676,NOT_IN_SOURCE_METADATA,NOT_IN_SOURCE_METADATA,SKESA,cjej-test/campylobacter_cjej-SAMD00491676-s.gfa.gz,YES,480567,cjej-test/campylobacter_cjej-SAMD00491676-s.gfa.csv,YES,6369,contig|plasmid_score|chrom_score|label|length|chr_coverage|pl_coverage|un_coverage|hybrid_mapsto,plasmid;chromosome;ambiguous;unlabeled,NOT_PUBLISHED_IN_METADATA,IN_GFA: dp tag (Unicycler) / KC tag (SKESA),Morita2023,https://github.com/fmfi-compbio/plasgraph2-datasets/blob/06cdf1524a9d424b5eb97628be26b87f854d398a/cjej-test/campylobacter_cjej-SAMD00491676-s.gfa.gz,06cdf1524a9d424b5eb97628be26b87f854d398a,LICENCE_NOT_DOCUMENTED,COMPLETE_FOR_ACCESSIONS;MISSING_STRAIN_BIOPROJECT_ASSEMBLY
campylobacter_cjej-SAMD00491680-u,campylobacter_cjej-SAMD00491680,SAMD00491680,cjej-test,Campylobacter jejuni,NOT_IN_SOURCE_METADATA,DRR378559,DRR378580,nanopore,SAMD00491680,NOT_IN_SOURCE_METADATA,NOT_IN_SOURCE_METADATA,Unicycler,cjej-test/campylobacter_cjej-SAMD00491680-u.gfa.gz,YES,479264,cjej-test/campylobacter_cjej-SAMD00491680-u.gfa.csv,YES,3904,contig|plasmid_score|chrom_score|label|length|chr_coverage|pl_coverage|un_coverage|hybrid_mapsto,plasmid;chromosome;ambiguous;unlabeled,NOT_PUBLISHED_IN_METADATA,IN_GFA: dp tag (Unicycler) / KC tag (SKESA),Morita2023,https://github.com/fmfi-compbio/plasgraph2-datasets/blob/06cdf1524a9d424b5eb97628be26b87f854d398a/cjej-test/campylobacter_cjej-SAMD00491680-u.gfa.gz,06cdf1524a9d424b5eb97628be26b87f854d398a,LICENCE_NOT_DOCUMENTED,COMPLETE_FOR_ACCESSIONS;MISSING_STRAIN_BIOPROJECT_ASSEMBLY
campylobacter_cjej-SAMD00491680-s,campylobacter_cjej-SAMD00491680,SAMD00491680,cjej-test,Campylobacter jejuni,NOT_IN_SOURCE_METADATA,DRR378559,DRR378580,nanopore,SAMD00491680,NOT_IN_SOURCE_METADATA,NOT_IN_SOURCE_METADATA,SKESA,cjej-test/campylobacter_cjej-SAMD00491680-s.gfa.gz,YES,483405,cjej-test/campylobacter_cjej-SAMD00491680-s.gfa.csv,YES,8628,contig|plasmid_score|chrom_score|label|length|chr_coverage|pl_coverage|un_coverage|hybrid_mapsto,plasmid;chromosome;ambiguous;unlabeled,NOT_PUBLISHED_IN_METADATA,IN_GFA: dp tag (Unicycler) / KC tag (SKESA),Morita2023,https://github.com/fmfi-compbio/plasgraph2-datasets/blob/06cdf1524a9d424b5eb97628be26b87f854d398a/cjej-test/campylobacter_cjej-SAMD00491680-s.gfa.gz,06cdf1524a9d424b5eb97628be26b87f854d398a,LICENCE_NOT_DOCUMENTED,COMPLETE_FOR_ACCESSIONS;MISSING_STRAIN_BIOPROJECT_ASSEMBLY
campylobacter_cjej-SAMD00491690-u,campylobacter_cjej-SAMD00491690,SAMD00491690,cjej-test,Campylobacter jejuni,NOT_IN_SOURCE_METADATA,DRR378448,DRR378477,nanopore,SAMD00491690,NOT_IN_SOURCE_METADATA,NOT_IN_SOURCE_METADATA,Unicycler,cjej-test/campylobacter_cjej-SAMD00491690-u.gfa.gz,YES,505076,cjej-test/campylobacter_cjej-SAMD00491690-u.gfa.csv,YES,2349,contig|plasmid_score|chrom_score|label|length|chr_coverage|pl_coverage|un_coverage|hybrid_mapsto,plasmid;chromosome;ambiguous;unlabeled,NOT_PUBLISHED_IN_METADATA,IN_GFA: dp tag (Unicycler) / KC tag (SKESA),Morita2023,https://github.com/fmfi-compbio/plasgraph2-datasets/blob/06cdf1524a9d424b5eb97628be26b87f854d398a/cjej-test/campylobacter_cjej-SAMD00491690-u.gfa.gz,06cdf1524a9d424b5eb97628be26b87f854d398a,LICENCE_NOT_DOCUMENTED,COMPLETE_FOR_ACCESSIONS;MISSING_STRAIN_BIOPROJECT_ASSEMBLY
campylobacter_cjej-SAMD00491690-s,campylobacter_cjej-SAMD00491690,SAMD00491690,cjej-test,Campylobacter jejuni,NOT_IN_SOURCE_METADATA,DRR378448,DRR378477,nanopore,SAMD00491690,NOT_IN_SOURCE_METADATA,NOT_IN_SOURCE_METADATA,SKESA,cjej-test/campylobacter_cjej-SAMD00491690-s.gfa.gz,YES,509771,cjej-test/campylobacter_cjej-SAMD00491690-s.gfa.csv,YES,4100,contig|plasmid_score|chrom_score|label|length|chr_coverage|pl_coverage|un_coverage|hybrid_mapsto,plasmid;chromosome;ambiguous;unlabeled,NOT_PUBLISHED_IN_METADATA,IN_GFA: dp tag (Unicycler) / KC tag (SKESA),Morita2023,https://github.com/fmfi-compbio/plasgraph2-datasets/blob/06cdf1524a9d424b5eb97628be26b87f854d398a/cjej-test/campylobacter_cjej-SAMD00491690-s.gfa.gz,06cdf1524a9d424b5eb97628be26b87f854d398a,LICENCE_NOT_DOCUMENTED,COMPLETE_FOR_ACCESSIONS;MISSING_STRAIN_BIOPROJECT_ASSEMBLY
campylobacter_cjej-SAMD00491691-u,campylobacter_cjej-SAMD00491691,SAMD00491691,cjej-test,Campylobacter jejuni,NOT_IN_SOURCE_METADATA,DRR378449,DRR378478,nanopore,SAMD00491691,NOT_IN_SOURCE_METADATA,NOT_IN_SOURCE_METADATA,Unicycler,cjej-test/campylobacter_cjej-SAMD00491691-u.gfa.gz,YES,502627,cjej-test/campylobacter_cjej-SAMD00491691-u.gfa.csv,YES,3424,contig|plasmid_score|chrom_score|label|length|chr_coverage|pl_coverage|un_coverage|hybrid_mapsto,plasmid;chromosome;ambiguous;unlabeled,NOT_PUBLISHED_IN_METADATA,IN_GFA: dp tag (Unicycler) / KC tag (SKESA),Morita2023,https://github.com/fmfi-compbio/plasgraph2-datasets/blob/06cdf1524a9d424b5eb97628be26b87f854d398a/cjej-test/campylobacter_cjej-SAMD00491691-u.gfa.gz,06cdf1524a9d424b5eb97628be26b87f854d398a,LICENCE_NOT_DOCUMENTED,COMPLETE_FOR_ACCESSIONS;MISSING_STRAIN_BIOPROJECT_ASSEMBLY
campylobacter_cjej-SAMD00491691-s,campylobacter_cjej-SAMD00491691,SAMD00491691,cjej-test,Campylobacter jejuni,NOT_IN_SOURCE_METADATA,DRR378449,DRR378478,nanopore,SAMD00491691,NOT_IN_SOURCE_METADATA,NOT_IN_SOURCE_METADATA,SKESA,cjej-test/campylobacter_cjej-SAMD00491691-s.gfa.gz,YES,504184,cjej-test/campylobacter_cjej-SAMD00491691-s.gfa.csv,YES,3922,contig|plasmid_score|chrom_score|label|length|chr_coverage|pl_coverage|un_coverage|hybrid_mapsto,plasmid;chromosome;ambiguous;unlabeled,NOT_PUBLISHED_IN_METADATA,IN_GFA: dp tag (Unicycler) / KC tag (SKESA),Morita2023,https://github.com/fmfi-compbio/plasgraph2-datasets/blob/06cdf1524a9d424b5eb97628be26b87f854d398a/cjej-test/campylobacter_cjej-SAMD00491691-s.gfa.gz,06cdf1524a9d424b5eb97628be26b87f854d398a,LICENCE_NOT_DOCUMENTED,COMPLETE_FOR_ACCESSIONS;MISSING_STRAIN_BIOPROJECT_ASSEMBLY
campylobacter_cjej-SAMD00491699-u,campylobacter_cjej-SAMD00491699,SAMD00491699,cjej-test,Campylobacter jejuni,NOT_IN_SOURCE_METADATA,DRR378456,DRR378479,nanopore,SAMD00491699,NOT_IN_SOURCE_METADATA,NOT_IN_SOURCE_METADATA,Unicycler,cjej-test/campylobacter_cjej-SAMD00491699-u.gfa.gz,YES,498681,cjej-test/campylobacter_cjej-SAMD00491699-u.gfa.csv,YES,2433,contig|plasmid_score|chrom_score|label|length|chr_coverage|pl_coverage|un_coverage|hybrid_mapsto,plasmid;chromosome;ambiguous;unlabeled,NOT_PUBLISHED_IN_METADATA,IN_GFA: dp tag (Unicycler) / KC tag (SKESA),Morita2023,https://github.com/fmfi-compbio/plasgraph2-datasets/blob/06cdf1524a9d424b5eb97628be26b87f854d398a/cjej-test/campylobacter_cjej-SAMD00491699-u.gfa.gz,06cdf1524a9d424b5eb97628be26b87f854d398a,LICENCE_NOT_DOCUMENTED,COMPLETE_FOR_ACCESSIONS;MISSING_STRAIN_BIOPROJECT_ASSEMBLY
campylobacter_cjej-SAMD00491699-s,campylobacter_cjej-SAMD00491699,SAMD00491699,cjej-test,Campylobacter jejuni,NOT_IN_SOURCE_METADATA,DRR378456,DRR378479,nanopore,SAMD00491699,NOT_IN_SOURCE_METADATA,NOT_IN_SOURCE_METADATA,SKESA,cjej-test/campylobacter_cjej-SAMD00491699-s.gfa.gz,YES,502751,cjej-test/campylobacter_cjej-SAMD00491699-s.gfa.csv,YES,7993,contig|plasmid_score|chrom_score|label|length|chr_coverage|pl_coverage|un_coverage|hybrid_mapsto,plasmid;chromosome;ambiguous;unlabeled,NOT_PUBLISHED_IN_METADATA,IN_GFA: dp tag (Unicycler) / KC tag (SKESA),Morita2023,https://github.com/fmfi-compbio/plasgraph2-datasets/blob/06cdf1524a9d424b5eb97628be26b87f854d398a/cjej-test/campylobacter_cjej-SAMD00491699-s.gfa.gz,06cdf1524a9d424b5eb97628be26b87f854d398a,LICENCE_NOT_DOCUMENTED,COMPLETE_FOR_ACCESSIONS;MISSING_STRAIN_BIOPROJECT_ASSEMBLY
campylobacter_cjej-SAMD00491700-u,campylobacter_cjej-SAMD00491700,SAMD00491700,cjej-test,Campylobacter jejuni,NOT_IN_SOURCE_METADATA,DRR378457,DRR378480,nanopore,SAMD00491700,NOT_IN_SOURCE_METADATA,NOT_IN_SOURCE_METADATA,Unicycler,cjej-test/campylobacter_cjej-SAMD00491700-u.gfa.gz,YES,479604,cjej-test/campylobacter_cjej-SAMD00491700-u.gfa.csv,YES,3290,contig|plasmid_score|chrom_score|label|length|chr_coverage|pl_coverage|un_coverage|hybrid_mapsto,plasmid;chromosome;ambiguous;unlabeled,NOT_PUBLISHED_IN_METADATA,IN_GFA: dp tag (Unicycler) / KC tag (SKESA),Morita2023,https://github.com/fmfi-compbio/plasgraph2-datasets/blob/06cdf1524a9d424b5eb97628be26b87f854d398a/cjej-test/campylobacter_cjej-SAMD00491700-u.gfa.gz,06cdf1524a9d424b5eb97628be26b87f854d398a,LICENCE_NOT_DOCUMENTED,COMPLETE_FOR_ACCESSIONS;MISSING_STRAIN_BIOPROJECT_ASSEMBLY
campylobacter_cjej-SAMD00491700-s,campylobacter_cjej-SAMD00491700,SAMD00491700,cjej-test,Campylobacter jejuni,NOT_IN_SOURCE_METADATA,DRR378457,DRR378480,nanopore,SAMD00491700,NOT_IN_SOURCE_METADATA,NOT_IN_SOURCE_METADATA,SKESA,cjej-test/campylobacter_cjej-SAMD00491700-s.gfa.gz,YES,484411,cjej-test/campylobacter_cjej-SAMD00491700-s.gfa.csv,YES,9219,contig|plasmid_score|chrom_score|label|length|chr_coverage|pl_coverage|un_coverage|hybrid_mapsto,plasmid;chromosome;ambiguous;unlabeled,NOT_PUBLISHED_IN_METADATA,IN_GFA: dp tag (Unicycler) / KC tag (SKESA),Morita2023,https://github.com/fmfi-compbio/plasgraph2-datasets/blob/06cdf1524a9d424b5eb97628be26b87f854d398a/cjej-test/campylobacter_cjej-SAMD00491700-s.gfa.gz,06cdf1524a9d424b5eb97628be26b87f854d398a,LICENCE_NOT_DOCUMENTED,COMPLETE_FOR_ACCESSIONS;MISSING_STRAIN_BIOPROJECT_ASSEMBLY
campylobacter_cjej-SAMD00491702-u,campylobacter_cjej-SAMD00491702,SAMD00491702,cjej-test,Campylobacter jejuni,NOT_IN_SOURCE_METADATA,DRR378459,DRR378481,nanopore,SAMD00491702,NOT_IN_SOURCE_METADATA,NOT_IN_SOURCE_METADATA,Unicycler,cjej-test/campylobacter_cjej-SAMD00491702-u.gfa.gz,YES,491072,cjej-test/campylobacter_cjej-SAMD00491702-u.gfa.csv,YES,3238,contig|plasmid_score|chrom_score|label|length|chr_coverage|pl_coverage|un_coverage|hybrid_mapsto,plasmid;chromosome;ambiguous;unlabeled,NOT_PUBLISHED_IN_METADATA,IN_GFA: dp tag (Unicycler) / KC tag (SKESA),Morita2023,https://github.com/fmfi-compbio/plasgraph2-datasets/blob/06cdf1524a9d424b5eb97628be26b87f854d398a/cjej-test/campylobacter_cjej-SAMD00491702-u.gfa.gz,06cdf1524a9d424b5eb97628be26b87f854d398a,LICENCE_NOT_DOCUMENTED,COMPLETE_FOR_ACCESSIONS;MISSING_STRAIN_BIOPROJECT_ASSEMBLY
campylobacter_cjej-SAMD00491702-s,campylobacter_cjej-SAMD00491702,SAMD00491702,cjej-test,Campylobacter jejuni,NOT_IN_SOURCE_METADATA,DRR378459,DRR378481,nanopore,SAMD00491702,NOT_IN_SOURCE_METADATA,NOT_IN_SOURCE_METADATA,SKESA,cjej-test/campylobacter_cjej-SAMD00491702-s.gfa.gz,YES,493731,cjej-test/campylobacter_cjej-SAMD00491702-s.gfa.csv,YES,6102,contig|plasmid_score|chrom_score|label|length|chr_coverage|pl_coverage|un_coverage|hybrid_mapsto,plasmid;chromosome;ambiguous;unlabeled,NOT_PUBLISHED_IN_METADATA,IN_GFA: dp tag (Unicycler) / KC tag (SKESA),Morita2023,https://github.com/fmfi-compbio/plasgraph2-datasets/blob/06cdf1524a9d424b5eb97628be26b87f854d398a/cjej-test/campylobacter_cjej-SAMD00491702-s.gfa.gz,06cdf1524a9d424b5eb97628be26b87f854d398a,LICENCE_NOT_DOCUMENTED,COMPLETE_FOR_ACCESSIONS;MISSING_STRAIN_BIOPROJECT_ASSEMBLY
campylobacter_cjej-SAMD00491708-u,campylobacter_cjej-SAMD00491708,SAMD00491708,cjej-test,Campylobacter jejuni,NOT_IN_SOURCE_METADATA,DRR378464,DRR378482,nanopore,SAMD00491708,NOT_IN_SOURCE_METADATA,NOT_IN_SOURCE_METADATA,Unicycler,cjej-test/campylobacter_cjej-SAMD00491708-u.gfa.gz,YES,494349,cjej-test/campylobacter_cjej-SAMD00491708-u.gfa.csv,YES,2955,contig|plasmid_score|chrom_score|label|length|chr_coverage|pl_coverage|un_coverage|hybrid_mapsto,plasmid;chromosome;ambiguous;unlabeled,NOT_PUBLISHED_IN_METADATA,IN_GFA: dp tag (Unicycler) / KC tag (SKESA),Morita2023,https://github.com/fmfi-compbio/plasgraph2-datasets/blob/06cdf1524a9d424b5eb97628be26b87f854d398a/cjej-test/campylobacter_cjej-SAMD00491708-u.gfa.gz,06cdf1524a9d424b5eb97628be26b87f854d398a,LICENCE_NOT_DOCUMENTED,COMPLETE_FOR_ACCESSIONS;MISSING_STRAIN_BIOPROJECT_ASSEMBLY
campylobacter_cjej-SAMD00491708-s,campylobacter_cjej-SAMD00491708,SAMD00491708,cjej-test,Campylobacter jejuni,NOT_IN_SOURCE_METADATA,DRR378464,DRR378482,nanopore,SAMD00491708,NOT_IN_SOURCE_METADATA,NOT_IN_SOURCE_METADATA,SKESA,cjej-test/campylobacter_cjej-SAMD00491708-s.gfa.gz,YES,496840,cjej-test/campylobacter_cjej-SAMD00491708-s.gfa.csv,YES,5359,contig|plasmid_score|chrom_score|label|length|chr_coverage|pl_coverage|un_coverage|hybrid_mapsto,plasmid;chromosome;ambiguous;unlabeled,NOT_PUBLISHED_IN_METADATA,IN_GFA: dp tag (Unicycler) / KC tag (SKESA),Morita2023,https://github.com/fmfi-compbio/plasgraph2-datasets/blob/06cdf1524a9d424b5eb97628be26b87f854d398a/cjej-test/campylobacter_cjej-SAMD00491708-s.gfa.gz,06cdf1524a9d424b5eb97628be26b87f854d398a,LICENCE_NOT_DOCUMENTED,COMPLETE_FOR_ACCESSIONS;MISSING_STRAIN_BIOPROJECT_ASSEMBLY
campylobacter_cjej-SAMD00491710-u,campylobacter_cjej-SAMD00491710,SAMD00491710,cjej-test,Campylobacter jejuni,NOT_IN_SOURCE_METADATA,DRR378466,DRR378483,nanopore,SAMD00491710,NOT_IN_SOURCE_METADATA,NOT_IN_SOURCE_METADATA,Unicycler,cjej-test/campylobacter_cjej-SAMD00491710-u.gfa.gz,YES,476974,cjej-test/campylobacter_cjej-SAMD00491710-u.gfa.csv,YES,2686,contig|plasmid_score|chrom_score|label|length|chr_coverage|pl_coverage|un_coverage|hybrid_mapsto,plasmid;chromosome;ambiguous;unlabeled,NOT_PUBLISHED_IN_METADATA,IN_GFA: dp tag (Unicycler) / KC tag (SKESA),Morita2023,https://github.com/fmfi-compbio/plasgraph2-datasets/blob/06cdf1524a9d424b5eb97628be26b87f854d398a/cjej-test/campylobacter_cjej-SAMD00491710-u.gfa.gz,06cdf1524a9d424b5eb97628be26b87f854d398a,LICENCE_NOT_DOCUMENTED,COMPLETE_FOR_ACCESSIONS;MISSING_STRAIN_BIOPROJECT_ASSEMBLY
campylobacter_cjej-SAMD00491710-s,campylobacter_cjej-SAMD00491710,SAMD00491710,cjej-test,Campylobacter jejuni,NOT_IN_SOURCE_METADATA,DRR378466,DRR378483,nanopore,SAMD00491710,NOT_IN_SOURCE_METADATA,NOT_IN_SOURCE_METADATA,SKESA,cjej-test/campylobacter_cjej-SAMD00491710-s.gfa.gz,YES,480848,cjej-test/campylobacter_cjej-SAMD00491710-s.gfa.csv,YES,6064,contig|plasmid_score|chrom_score|label|length|chr_coverage|pl_coverage|un_coverage|hybrid_mapsto,plasmid;chromosome;ambiguous;unlabeled,NOT_PUBLISHED_IN_METADATA,IN_GFA: dp tag (Unicycler) / KC tag (SKESA),Morita2023,https://github.com/fmfi-compbio/plasgraph2-datasets/blob/06cdf1524a9d424b5eb97628be26b87f854d398a/cjej-test/campylobacter_cjej-SAMD00491710-s.gfa.gz,06cdf1524a9d424b5eb97628be26b87f854d398a,LICENCE_NOT_DOCUMENTED,COMPLETE_FOR_ACCESSIONS;MISSING_STRAIN_BIOPROJECT_ASSEMBLY
campylobacter_cjej-SAMD00491737-u,campylobacter_cjej-SAMD00491737,SAMD00491737,cjej-test,Campylobacter jejuni,NOT_IN_SOURCE_METADATA,DRR378493,DRR378516,nanopore,SAMD00491737,NOT_IN_SOURCE_METADATA,NOT_IN_SOURCE_METADATA,Unicycler,cjej-test/campylobacter_cjej-SAMD00491737-u.gfa.gz,YES,493845,cjej-test/campylobacter_cjej-SAMD00491737-u.gfa.csv,YES,2093,contig|plasmid_score|chrom_score|label|length|chr_coverage|pl_coverage|un_coverage|hybrid_mapsto,plasmid;chromosome;ambiguous;unlabeled,NOT_PUBLISHED_IN_METADATA,IN_GFA: dp tag (Unicycler) / KC tag (SKESA),Morita2023,https://github.com/fmfi-compbio/plasgraph2-datasets/blob/06cdf1524a9d424b5eb97628be26b87f854d398a/cjej-test/campylobacter_cjej-SAMD00491737-u.gfa.gz,06cdf1524a9d424b5eb97628be26b87f854d398a,LICENCE_NOT_DOCUMENTED,COMPLETE_FOR_ACCESSIONS;MISSING_STRAIN_BIOPROJECT_ASSEMBLY
campylobacter_cjej-SAMD00491737-s,campylobacter_cjej-SAMD00491737,SAMD00491737,cjej-test,Campylobacter jejuni,NOT_IN_SOURCE_METADATA,DRR378493,DRR378516,nanopore,SAMD00491737,NOT_IN_SOURCE_METADATA,NOT_IN_SOURCE_METADATA,SKESA,cjej-test/campylobacter_cjej-SAMD00491737-s.gfa.gz,YES,496898,cjej-test/campylobacter_cjej-SAMD00491737-s.gfa.csv,YES,3570,contig|plasmid_score|chrom_score|label|length|chr_coverage|pl_coverage|un_coverage|hybrid_mapsto,plasmid;chromosome;ambiguous;unlabeled,NOT_PUBLISHED_IN_METADATA,IN_GFA: dp tag (Unicycler) / KC tag (SKESA),Morita2023,https://github.com/fmfi-compbio/plasgraph2-datasets/blob/06cdf1524a9d424b5eb97628be26b87f854d398a/cjej-test/campylobacter_cjej-SAMD00491737-s.gfa.gz,06cdf1524a9d424b5eb97628be26b87f854d398a,LICENCE_NOT_DOCUMENTED,COMPLETE_FOR_ACCESSIONS;MISSING_STRAIN_BIOPROJECT_ASSEMBLY
campylobacter_cjej-SAMD00491739-u,campylobacter_cjej-SAMD00491739,SAMD00491739,cjej-test,Campylobacter jejuni,NOT_IN_SOURCE_METADATA,DRR378495,DRR378518,nanopore,SAMD00491739,NOT_IN_SOURCE_METADATA,NOT_IN_SOURCE_METADATA,Unicycler,cjej-test/campylobacter_cjej-SAMD00491739-u.gfa.gz,YES,540809,cjej-test/campylobacter_cjej-SAMD00491739-u.gfa.csv,YES,6837,contig|plasmid_score|chrom_score|label|length|chr_coverage|pl_coverage|un_coverage|hybrid_mapsto,plasmid;chromosome;ambiguous;unlabeled,NOT_PUBLISHED_IN_METADATA,IN_GFA: dp tag (Unicycler) / KC tag (SKESA),Morita2023,https://github.com/fmfi-compbio/plasgraph2-datasets/blob/06cdf1524a9d424b5eb97628be26b87f854d398a/cjej-test/campylobacter_cjej-SAMD00491739-u.gfa.gz,06cdf1524a9d424b5eb97628be26b87f854d398a,LICENCE_NOT_DOCUMENTED,COMPLETE_FOR_ACCESSIONS;MISSING_STRAIN_BIOPROJECT_ASSEMBLY
campylobacter_cjej-SAMD00491739-s,campylobacter_cjej-SAMD00491739,SAMD00491739,cjej-test,Campylobacter jejuni,NOT_IN_SOURCE_METADATA,DRR378495,DRR378518,nanopore,SAMD00491739,NOT_IN_SOURCE_METADATA,NOT_IN_SOURCE_METADATA,SKESA,cjej-test/campylobacter_cjej-SAMD00491739-s.gfa.gz,YES,548004,cjej-test/campylobacter_cjej-SAMD00491739-s.gfa.csv,YES,12628,contig|plasmid_score|chrom_score|label|length|chr_coverage|pl_coverage|un_coverage|hybrid_mapsto,plasmid;chromosome;ambiguous;unlabeled,NOT_PUBLISHED_IN_METADATA,IN_GFA: dp tag (Unicycler) / KC tag (SKESA),Morita2023,https://github.com/fmfi-compbio/plasgraph2-datasets/blob/06cdf1524a9d424b5eb97628be26b87f854d398a/cjej-test/campylobacter_cjej-SAMD00491739-s.gfa.gz,06cdf1524a9d424b5eb97628be26b87f854d398a,LICENCE_NOT_DOCUMENTED,COMPLETE_FOR_ACCESSIONS;MISSING_STRAIN_BIOPROJECT_ASSEMBLY
campylobacter_cjej-SAMD00491740-u,campylobacter_cjej-SAMD00491740,SAMD00491740,cjej-test,Campylobacter jejuni,NOT_IN_SOURCE_METADATA,DRR378496,DRR378519,nanopore,SAMD00491740,NOT_IN_SOURCE_METADATA,NOT_IN_SOURCE_METADATA,Unicycler,cjej-test/campylobacter_cjej-SAMD00491740-u.gfa.gz,YES,530917,cjej-test/campylobacter_cjej-SAMD00491740-u.gfa.csv,YES,7304,contig|plasmid_score|chrom_score|label|length|chr_coverage|pl_coverage|un_coverage|hybrid_mapsto,plasmid;chromosome;ambiguous;unlabeled,NOT_PUBLISHED_IN_METADATA,IN_GFA: dp tag (Unicycler) / KC tag (SKESA),Morita2023,https://github.com/fmfi-compbio/plasgraph2-datasets/blob/06cdf1524a9d424b5eb97628be26b87f854d398a/cjej-test/campylobacter_cjej-SAMD00491740-u.gfa.gz,06cdf1524a9d424b5eb97628be26b87f854d398a,LICENCE_NOT_DOCUMENTED,COMPLETE_FOR_ACCESSIONS;MISSING_STRAIN_BIOPROJECT_ASSEMBLY
campylobacter_cjej-SAMD00491740-s,campylobacter_cjej-SAMD00491740,SAMD00491740,cjej-test,Campylobacter jejuni,NOT_IN_SOURCE_METADATA,DRR378496,DRR378519,nanopore,SAMD00491740,NOT_IN_SOURCE_METADATA,NOT_IN_SOURCE_METADATA,SKESA,cjej-test/campylobacter_cjej-SAMD00491740-s.gfa.gz,YES,534371,cjej-test/campylobacter_cjej-SAMD00491740-s.gfa.csv,YES,9958,contig|plasmid_score|chrom_score|label|length|chr_coverage|pl_coverage|un_coverage|hybrid_mapsto,plasmid;chromosome;ambiguous;unlabeled,NOT_PUBLISHED_IN_METADATA,IN_GFA: dp tag (Unicycler) / KC tag (SKESA),Morita2023,https://github.com/fmfi-compbio/plasgraph2-datasets/blob/06cdf1524a9d424b5eb97628be26b87f854d398a/cjej-test/campylobacter_cjej-SAMD00491740-s.gfa.gz,06cdf1524a9d424b5eb97628be26b87f854d398a,LICENCE_NOT_DOCUMENTED,COMPLETE_FOR_ACCESSIONS;MISSING_STRAIN_BIOPROJECT_ASSEMBLY
campylobacter_cjej-SAMD00491742-u,campylobacter_cjej-SAMD00491742,SAMD00491742,cjej-test,Campylobacter jejuni,NOT_IN_SOURCE_METADATA,DRR378498,DRR378520,nanopore,SAMD00491742,NOT_IN_SOURCE_METADATA,NOT_IN_SOURCE_METADATA,Unicycler,cjej-test/campylobacter_cjej-SAMD00491742-u.gfa.gz,YES,494475,cjej-test/campylobacter_cjej-SAMD00491742-u.gfa.csv,YES,2246,contig|plasmid_score|chrom_score|label|length|chr_coverage|pl_coverage|un_coverage|hybrid_mapsto,plasmid;chromosome;ambiguous;unlabeled,NOT_PUBLISHED_IN_METADATA,IN_GFA: dp tag (Unicycler) / KC tag (SKESA),Morita2023,https://github.com/fmfi-compbio/plasgraph2-datasets/blob/06cdf1524a9d424b5eb97628be26b87f854d398a/cjej-test/campylobacter_cjej-SAMD00491742-u.gfa.gz,06cdf1524a9d424b5eb97628be26b87f854d398a,LICENCE_NOT_DOCUMENTED,COMPLETE_FOR_ACCESSIONS;MISSING_STRAIN_BIOPROJECT_ASSEMBLY
campylobacter_cjej-SAMD00491742-s,campylobacter_cjej-SAMD00491742,SAMD00491742,cjej-test,Campylobacter jejuni,NOT_IN_SOURCE_METADATA,DRR378498,DRR378520,nanopore,SAMD00491742,NOT_IN_SOURCE_METADATA,NOT_IN_SOURCE_METADATA,SKESA,cjej-test/campylobacter_cjej-SAMD00491742-s.gfa.gz,YES,497089,cjej-test/campylobacter_cjej-SAMD00491742-s.gfa.csv,YES,3238,contig|plasmid_score|chrom_score|label|length|chr_coverage|pl_coverage|un_coverage|hybrid_mapsto,plasmid;chromosome;ambiguous;unlabeled,NOT_PUBLISHED_IN_METADATA,IN_GFA: dp tag (Unicycler) / KC tag (SKESA),Morita2023,https://github.com/fmfi-compbio/plasgraph2-datasets/blob/06cdf1524a9d424b5eb97628be26b87f854d398a/cjej-test/campylobacter_cjej-SAMD00491742-s.gfa.gz,06cdf1524a9d424b5eb97628be26b87f854d398a,LICENCE_NOT_DOCUMENTED,COMPLETE_FOR_ACCESSIONS;MISSING_STRAIN_BIOPROJECT_ASSEMBLY
campylobacter_cjej-SAMD00491744-u,campylobacter_cjej-SAMD00491744,SAMD00491744,cjej-test,Campylobacter jejuni,NOT_IN_SOURCE_METADATA,DRR378500,DRR378521,nanopore,SAMD00491744,NOT_IN_SOURCE_METADATA,NOT_IN_SOURCE_METADATA,Unicycler,cjej-test/campylobacter_cjej-SAMD00491744-u.gfa.gz,YES,494587,cjej-test/campylobacter_cjej-SAMD00491744-u.gfa.csv,YES,2836,contig|plasmid_score|chrom_score|label|length|chr_coverage|pl_coverage|un_coverage|hybrid_mapsto,plasmid;chromosome;ambiguous;unlabeled,NOT_PUBLISHED_IN_METADATA,IN_GFA: dp tag (Unicycler) / KC tag (SKESA),Morita2023,https://github.com/fmfi-compbio/plasgraph2-datasets/blob/06cdf1524a9d424b5eb97628be26b87f854d398a/cjej-test/campylobacter_cjej-SAMD00491744-u.gfa.gz,06cdf1524a9d424b5eb97628be26b87f854d398a,LICENCE_NOT_DOCUMENTED,COMPLETE_FOR_ACCESSIONS;MISSING_STRAIN_BIOPROJECT_ASSEMBLY
campylobacter_cjej-SAMD00491744-s,campylobacter_cjej-SAMD00491744,SAMD00491744,cjej-test,Campylobacter jejuni,NOT_IN_SOURCE_METADATA,DRR378500,DRR378521,nanopore,SAMD00491744,NOT_IN_SOURCE_METADATA,NOT_IN_SOURCE_METADATA,SKESA,cjej-test/campylobacter_cjej-SAMD00491744-s.gfa.gz,YES,497661,cjej-test/campylobacter_cjej-SAMD00491744-s.gfa.csv,YES,4748,contig|plasmid_score|chrom_score|label|length|chr_coverage|pl_coverage|un_coverage|hybrid_mapsto,plasmid;chromosome;ambiguous;unlabeled,NOT_PUBLISHED_IN_METADATA,IN_GFA: dp tag (Unicycler) / KC tag (SKESA),Morita2023,https://github.com/fmfi-compbio/plasgraph2-datasets/blob/06cdf1524a9d424b5eb97628be26b87f854d398a/cjej-test/campylobacter_cjej-SAMD00491744-s.gfa.gz,06cdf1524a9d424b5eb97628be26b87f854d398a,LICENCE_NOT_DOCUMENTED,COMPLETE_FOR_ACCESSIONS;MISSING_STRAIN_BIOPROJECT_ASSEMBLY
campylobacter_cjej-SAMD00491751-u,campylobacter_cjej-SAMD00491751,SAMD00491751,cjej-test,Campylobacter jejuni,NOT_IN_SOURCE_METADATA,DRR378507,DRR378522,nanopore,SAMD00491751,NOT_IN_SOURCE_METADATA,NOT_IN_SOURCE_METADATA,Unicycler,cjej-test/campylobacter_cjej-SAMD00491751-u.gfa.gz,YES,487155,cjej-test/campylobacter_cjej-SAMD00491751-u.gfa.csv,YES,2653,contig|plasmid_score|chrom_score|label|length|chr_coverage|pl_coverage|un_coverage|hybrid_mapsto,plasmid;chromosome;ambiguous;unlabeled,NOT_PUBLISHED_IN_METADATA,IN_GFA: dp tag (Unicycler) / KC tag (SKESA),Morita2023,https://github.com/fmfi-compbio/plasgraph2-datasets/blob/06cdf1524a9d424b5eb97628be26b87f854d398a/cjej-test/campylobacter_cjej-SAMD00491751-u.gfa.gz,06cdf1524a9d424b5eb97628be26b87f854d398a,LICENCE_NOT_DOCUMENTED,COMPLETE_FOR_ACCESSIONS;MISSING_STRAIN_BIOPROJECT_ASSEMBLY
campylobacter_cjej-SAMD00491751-s,campylobacter_cjej-SAMD00491751,SAMD00491751,cjej-test,Campylobacter jejuni,NOT_IN_SOURCE_METADATA,DRR378507,DRR378522,nanopore,SAMD00491751,NOT_IN_SOURCE_METADATA,NOT_IN_SOURCE_METADATA,SKESA,cjej-test/campylobacter_cjej-SAMD00491751-s.gfa.gz,YES,489834,cjej-test/campylobacter_cjej-SAMD00491751-s.gfa.csv,YES,3910,contig|plasmid_score|chrom_score|label|length|chr_coverage|pl_coverage|un_coverage|hybrid_mapsto,plasmid;chromosome;ambiguous;unlabeled,NOT_PUBLISHED_IN_METADATA,IN_GFA: dp tag (Unicycler) / KC tag (SKESA),Morita2023,https://github.com/fmfi-compbio/plasgraph2-datasets/blob/06cdf1524a9d424b5eb97628be26b87f854d398a/cjej-test/campylobacter_cjej-SAMD00491751-s.gfa.gz,06cdf1524a9d424b5eb97628be26b87f854d398a,LICENCE_NOT_DOCUMENTED,COMPLETE_FOR_ACCESSIONS;MISSING_STRAIN_BIOPROJECT_ASSEMBLY
campylobacter_cjej-SAMD00491752-u,campylobacter_cjej-SAMD00491752,SAMD00491752,cjej-test,Campylobacter jejuni,NOT_IN_SOURCE_METADATA,DRR378508,DRR378523,nanopore,SAMD00491752,NOT_IN_SOURCE_METADATA,NOT_IN_SOURCE_METADATA,Unicycler,cjej-test/campylobacter_cjej-SAMD00491752-u.gfa.gz,YES,487012,cjej-test/campylobacter_cjej-SAMD00491752-u.gfa.csv,YES,2581,contig|plasmid_score|chrom_score|label|length|chr_coverage|pl_coverage|un_coverage|hybrid_mapsto,plasmid;chromosome;ambiguous;unlabeled,NOT_PUBLISHED_IN_METADATA,IN_GFA: dp tag (Unicycler) / KC tag (SKESA),Morita2023,https://github.com/fmfi-compbio/plasgraph2-datasets/blob/06cdf1524a9d424b5eb97628be26b87f854d398a/cjej-test/campylobacter_cjej-SAMD00491752-u.gfa.gz,06cdf1524a9d424b5eb97628be26b87f854d398a,LICENCE_NOT_DOCUMENTED,COMPLETE_FOR_ACCESSIONS;MISSING_STRAIN_BIOPROJECT_ASSEMBLY
campylobacter_cjej-SAMD00491752-s,campylobacter_cjej-SAMD00491752,SAMD00491752,cjej-test,Campylobacter jejuni,NOT_IN_SOURCE_METADATA,DRR378508,DRR378523,nanopore,SAMD00491752,NOT_IN_SOURCE_METADATA,NOT_IN_SOURCE_METADATA,SKESA,cjej-test/campylobacter_cjej-SAMD00491752-s.gfa.gz,YES,489867,cjej-test/campylobacter_cjej-SAMD00491752-s.gfa.csv,YES,4573,contig|plasmid_score|chrom_score|label|length|chr_coverage|pl_coverage|un_coverage|hybrid_mapsto,plasmid;chromosome;ambiguous;unlabeled,NOT_PUBLISHED_IN_METADATA,IN_GFA: dp tag (Unicycler) / KC tag (SKESA),Morita2023,https://github.com/fmfi-compbio/plasgraph2-datasets/blob/06cdf1524a9d424b5eb97628be26b87f854d398a/cjej-test/campylobacter_cjej-SAMD00491752-s.gfa.gz,06cdf1524a9d424b5eb97628be26b87f854d398a,LICENCE_NOT_DOCUMENTED,COMPLETE_FOR_ACCESSIONS;MISSING_STRAIN_BIOPROJECT_ASSEMBLY
campylobacter_cjej-SAMD00491754-u,campylobacter_cjej-SAMD00491754,SAMD00491754,cjej-test,Campylobacter jejuni,NOT_IN_SOURCE_METADATA,DRR378510,DRR378524,nanopore,SAMD00491754,NOT_IN_SOURCE_METADATA,NOT_IN_SOURCE_METADATA,Unicycler,cjej-test/campylobacter_cjej-SAMD00491754-u.gfa.gz,YES,477138,cjej-test/campylobacter_cjej-SAMD00491754-u.gfa.csv,YES,3023,contig|plasmid_score|chrom_score|label|length|chr_coverage|pl_coverage|un_coverage|hybrid_mapsto,plasmid;chromosome;ambiguous;unlabeled,NOT_PUBLISHED_IN_METADATA,IN_GFA: dp tag (Unicycler) / KC tag (SKESA),Morita2023,https://github.com/fmfi-compbio/plasgraph2-datasets/blob/06cdf1524a9d424b5eb97628be26b87f854d398a/cjej-test/campylobacter_cjej-SAMD00491754-u.gfa.gz,06cdf1524a9d424b5eb97628be26b87f854d398a,LICENCE_NOT_DOCUMENTED,COMPLETE_FOR_ACCESSIONS;MISSING_STRAIN_BIOPROJECT_ASSEMBLY
campylobacter_cjej-SAMD00491754-s,campylobacter_cjej-SAMD00491754,SAMD00491754,cjej-test,Campylobacter jejuni,NOT_IN_SOURCE_METADATA,DRR378510,DRR378524,nanopore,SAMD00491754,NOT_IN_SOURCE_METADATA,NOT_IN_SOURCE_METADATA,SKESA,cjej-test/campylobacter_cjej-SAMD00491754-s.gfa.gz,YES,478947,cjej-test/campylobacter_cjej-SAMD00491754-s.gfa.csv,YES,4562,contig|plasmid_score|chrom_score|label|length|chr_coverage|pl_coverage|un_coverage|hybrid_mapsto,plasmid;chromosome;ambiguous;unlabeled,NOT_PUBLISHED_IN_METADATA,IN_GFA: dp tag (Unicycler) / KC tag (SKESA),Morita2023,https://github.com/fmfi-compbio/plasgraph2-datasets/blob/06cdf1524a9d424b5eb97628be26b87f854d398a/cjej-test/campylobacter_cjej-SAMD00491754-s.gfa.gz,06cdf1524a9d424b5eb97628be26b87f854d398a,LICENCE_NOT_DOCUMENTED,COMPLETE_FOR_ACCESSIONS;MISSING_STRAIN_BIOPROJECT_ASSEMBLY
campylobacter_cjej-SAMD00491755-u,campylobacter_cjej-SAMD00491755,SAMD00491755,cjej-test,Campylobacter jejuni,NOT_IN_SOURCE_METADATA,DRR378511,DRR378525,nanopore,SAMD00491755,NOT_IN_SOURCE_METADATA,NOT_IN_SOURCE_METADATA,Unicycler,cjej-test/campylobacter_cjej-SAMD00491755-u.gfa.gz,YES,477252,cjej-test/campylobacter_cjej-SAMD00491755-u.gfa.csv,YES,3179,contig|plasmid_score|chrom_score|label|length|chr_coverage|pl_coverage|un_coverage|hybrid_mapsto,plasmid;chromosome;ambiguous;unlabeled,NOT_PUBLISHED_IN_METADATA,IN_GFA: dp tag (Unicycler) / KC tag (SKESA),Morita2023,https://github.com/fmfi-compbio/plasgraph2-datasets/blob/06cdf1524a9d424b5eb97628be26b87f854d398a/cjej-test/campylobacter_cjej-SAMD00491755-u.gfa.gz,06cdf1524a9d424b5eb97628be26b87f854d398a,LICENCE_NOT_DOCUMENTED,COMPLETE_FOR_ACCESSIONS;MISSING_STRAIN_BIOPROJECT_ASSEMBLY
campylobacter_cjej-SAMD00491755-s,campylobacter_cjej-SAMD00491755,SAMD00491755,cjej-test,Campylobacter jejuni,NOT_IN_SOURCE_METADATA,DRR378511,DRR378525,nanopore,SAMD00491755,NOT_IN_SOURCE_METADATA,NOT_IN_SOURCE_METADATA,SKESA,cjej-test/campylobacter_cjej-SAMD00491755-s.gfa.gz,YES,479115,cjej-test/campylobacter_cjej-SAMD00491755-s.gfa.csv,YES,4223,contig|plasmid_score|chrom_score|label|length|chr_coverage|pl_coverage|un_coverage|hybrid_mapsto,plasmid;chromosome;ambiguous;unlabeled,NOT_PUBLISHED_IN_METADATA,IN_GFA: dp tag (Unicycler) / KC tag (SKESA),Morita2023,https://github.com/fmfi-compbio/plasgraph2-datasets/blob/06cdf1524a9d424b5eb97628be26b87f854d398a/cjej-test/campylobacter_cjej-SAMD00491755-s.gfa.gz,06cdf1524a9d424b5eb97628be26b87f854d398a,LICENCE_NOT_DOCUMENTED,COMPLETE_FOR_ACCESSIONS;MISSING_STRAIN_BIOPROJECT_ASSEMBLY
campylobacter_cjej-SAMD00491757-u,campylobacter_cjej-SAMD00491757,SAMD00491757,cjej-test,Campylobacter jejuni,NOT_IN_SOURCE_METADATA,DRR378513,DRR378526,nanopore,SAMD00491757,NOT_IN_SOURCE_METADATA,NOT_IN_SOURCE_METADATA,Unicycler,cjej-test/campylobacter_cjej-SAMD00491757-u.gfa.gz,YES,476740,cjej-test/campylobacter_cjej-SAMD00491757-u.gfa.csv,YES,2642,contig|plasmid_score|chrom_score|label|length|chr_coverage|pl_coverage|un_coverage|hybrid_mapsto,plasmid;chromosome;ambiguous;unlabeled,NOT_PUBLISHED_IN_METADATA,IN_GFA: dp tag (Unicycler) / KC tag (SKESA),Morita2023,https://github.com/fmfi-compbio/plasgraph2-datasets/blob/06cdf1524a9d424b5eb97628be26b87f854d398a/cjej-test/campylobacter_cjej-SAMD00491757-u.gfa.gz,06cdf1524a9d424b5eb97628be26b87f854d398a,LICENCE_NOT_DOCUMENTED,COMPLETE_FOR_ACCESSIONS;MISSING_STRAIN_BIOPROJECT_ASSEMBLY
campylobacter_cjej-SAMD00491757-s,campylobacter_cjej-SAMD00491757,SAMD00491757,cjej-test,Campylobacter jejuni,NOT_IN_SOURCE_METADATA,DRR378513,DRR378526,nanopore,SAMD00491757,NOT_IN_SOURCE_METADATA,NOT_IN_SOURCE_METADATA,SKESA,cjej-test/campylobacter_cjej-SAMD00491757-s.gfa.gz,YES,478985,cjej-test/campylobacter_cjej-SAMD00491757-s.gfa.csv,YES,4012,contig|plasmid_score|chrom_score|label|length|chr_coverage|pl_coverage|un_coverage|hybrid_mapsto,plasmid;chromosome;ambiguous;unlabeled,NOT_PUBLISHED_IN_METADATA,IN_GFA: dp tag (Unicycler) / KC tag (SKESA),Morita2023,https://github.com/fmfi-compbio/plasgraph2-datasets/blob/06cdf1524a9d424b5eb97628be26b87f854d398a/cjej-test/campylobacter_cjej-SAMD00491757-s.gfa.gz,06cdf1524a9d424b5eb97628be26b87f854d398a,LICENCE_NOT_DOCUMENTED,COMPLETE_FOR_ACCESSIONS;MISSING_STRAIN_BIOPROJECT_ASSEMBLY
shaw-2021_efer-SAMN15147967-u,shaw-2021_efer-SAMN15147967,SAMN15147967,efer-test,Escherichia fergusonii,NOT_IN_SOURCE_METADATA,SRR11949325,SRR12298562,PacBio,SAMN15147967,NOT_IN_SOURCE_METADATA,NOT_IN_SOURCE_METADATA,Unicycler,efer-test/shaw-2021_efer-SAMN15147967-u.gfa.gz,YES,1419729,efer-test/shaw-2021_efer-SAMN15147967-u.gfa.csv,YES,5774,contig|plasmid_score|chrom_score|label|length|chr_coverage|pl_coverage|un_coverage|hybrid_mapsto,plasmid;chromosome;ambiguous;unlabeled,NOT_PUBLISHED_IN_METADATA,IN_GFA: dp tag (Unicycler) / KC tag (SKESA),Shaw2021,https://github.com/fmfi-compbio/plasgraph2-datasets/blob/06cdf1524a9d424b5eb97628be26b87f854d398a/efer-test/shaw-2021_efer-SAMN15147967-u.gfa.gz,06cdf1524a9d424b5eb97628be26b87f854d398a,LICENCE_NOT_DOCUMENTED,COMPLETE_FOR_ACCESSIONS;MISSING_STRAIN_BIOPROJECT_ASSEMBLY
shaw-2021_efer-SAMN15147967-s,shaw-2021_efer-SAMN15147967,SAMN15147967,efer-test,Escherichia fergusonii,NOT_IN_SOURCE_METADATA,SRR11949325,SRR12298562,PacBio,SAMN15147967,NOT_IN_SOURCE_METADATA,NOT_IN_SOURCE_METADATA,SKESA,efer-test/shaw-2021_efer-SAMN15147967-s.gfa.gz,YES,1426443,efer-test/shaw-2021_efer-SAMN15147967-s.gfa.csv,YES,9198,contig|plasmid_score|chrom_score|label|length|chr_coverage|pl_coverage|un_coverage|hybrid_mapsto,plasmid;chromosome;ambiguous;unlabeled,NOT_PUBLISHED_IN_METADATA,IN_GFA: dp tag (Unicycler) / KC tag (SKESA),Shaw2021,https://github.com/fmfi-compbio/plasgraph2-datasets/blob/06cdf1524a9d424b5eb97628be26b87f854d398a/efer-test/shaw-2021_efer-SAMN15147967-s.gfa.gz,06cdf1524a9d424b5eb97628be26b87f854d398a,LICENCE_NOT_DOCUMENTED,COMPLETE_FOR_ACCESSIONS;MISSING_STRAIN_BIOPROJECT_ASSEMBLY
shaw-2021_efer-SAMN15147968-u,shaw-2021_efer-SAMN15147968,SAMN15147968,efer-test,Escherichia fergusonii,NOT_IN_SOURCE_METADATA,SRR11949282,SRR12298527,PacBio,SAMN15147968,NOT_IN_SOURCE_METADATA,NOT_IN_SOURCE_METADATA,Unicycler,efer-test/shaw-2021_efer-SAMN15147968-u.gfa.gz,YES,1420034,efer-test/shaw-2021_efer-SAMN15147968-u.gfa.csv,YES,5921,contig|plasmid_score|chrom_score|label|length|chr_coverage|pl_coverage|un_coverage|hybrid_mapsto,plasmid;chromosome;ambiguous;unlabeled,NOT_PUBLISHED_IN_METADATA,IN_GFA: dp tag (Unicycler) / KC tag (SKESA),Shaw2021,https://github.com/fmfi-compbio/plasgraph2-datasets/blob/06cdf1524a9d424b5eb97628be26b87f854d398a/efer-test/shaw-2021_efer-SAMN15147968-u.gfa.gz,06cdf1524a9d424b5eb97628be26b87f854d398a,LICENCE_NOT_DOCUMENTED,COMPLETE_FOR_ACCESSIONS;MISSING_STRAIN_BIOPROJECT_ASSEMBLY
shaw-2021_efer-SAMN15147968-s,shaw-2021_efer-SAMN15147968,SAMN15147968,efer-test,Escherichia fergusonii,NOT_IN_SOURCE_METADATA,SRR11949282,SRR12298527,PacBio,SAMN15147968,NOT_IN_SOURCE_METADATA,NOT_IN_SOURCE_METADATA,SKESA,efer-test/shaw-2021_efer-SAMN15147968-s.gfa.gz,YES,1426597,efer-test/shaw-2021_efer-SAMN15147968-s.gfa.csv,YES,9889,contig|plasmid_score|chrom_score|label|length|chr_coverage|pl_coverage|un_coverage|hybrid_mapsto,plasmid;chromosome;ambiguous;unlabeled,NOT_PUBLISHED_IN_METADATA,IN_GFA: dp tag (Unicycler) / KC tag (SKESA),Shaw2021,https://github.com/fmfi-compbio/plasgraph2-datasets/blob/06cdf1524a9d424b5eb97628be26b87f854d398a/efer-test/shaw-2021_efer-SAMN15147968-s.gfa.gz,06cdf1524a9d424b5eb97628be26b87f854d398a,LICENCE_NOT_DOCUMENTED,COMPLETE_FOR_ACCESSIONS;MISSING_STRAIN_BIOPROJECT_ASSEMBLY
shaw-2021_efer-SAMN15147969-u,shaw-2021_efer-SAMN15147969,SAMN15147969,efer-test,Escherichia fergusonii,NOT_IN_SOURCE_METADATA,SRR11948977,SRR12298516,PacBio,SAMN15147969,NOT_IN_SOURCE_METADATA,NOT_IN_SOURCE_METADATA,Unicycler,efer-test/shaw-2021_efer-SAMN15147969-u.gfa.gz,YES,1420508,efer-test/shaw-2021_efer-SAMN15147969-u.gfa.csv,YES,6156,contig|plasmid_score|chrom_score|label|length|chr_coverage|pl_coverage|un_coverage|hybrid_mapsto,plasmid;chromosome;ambiguous;unlabeled,NOT_PUBLISHED_IN_METADATA,IN_GFA: dp tag (Unicycler) / KC tag (SKESA),Shaw2021,https://github.com/fmfi-compbio/plasgraph2-datasets/blob/06cdf1524a9d424b5eb97628be26b87f854d398a/efer-test/shaw-2021_efer-SAMN15147969-u.gfa.gz,06cdf1524a9d424b5eb97628be26b87f854d398a,LICENCE_NOT_DOCUMENTED,COMPLETE_FOR_ACCESSIONS;MISSING_STRAIN_BIOPROJECT_ASSEMBLY
shaw-2021_efer-SAMN15147969-s,shaw-2021_efer-SAMN15147969,SAMN15147969,efer-test,Escherichia fergusonii,NOT_IN_SOURCE_METADATA,SRR11948977,SRR12298516,PacBio,SAMN15147969,NOT_IN_SOURCE_METADATA,NOT_IN_SOURCE_METADATA,SKESA,efer-test/shaw-2021_efer-SAMN15147969-s.gfa.gz,YES,1426442,efer-test/shaw-2021_efer-SAMN15147969-s.gfa.csv,YES,9498,contig|plasmid_score|chrom_score|label|length|chr_coverage|pl_coverage|un_coverage|hybrid_mapsto,plasmid;chromosome;ambiguous;unlabeled,NOT_PUBLISHED_IN_METADATA,IN_GFA: dp tag (Unicycler) / KC tag (SKESA),Shaw2021,https://github.com/fmfi-compbio/plasgraph2-datasets/blob/06cdf1524a9d424b5eb97628be26b87f854d398a/efer-test/shaw-2021_efer-SAMN15147969-s.gfa.gz,06cdf1524a9d424b5eb97628be26b87f854d398a,LICENCE_NOT_DOCUMENTED,COMPLETE_FOR_ACCESSIONS;MISSING_STRAIN_BIOPROJECT_ASSEMBLY
shaw-2021_efer-SAMN15147971-u,shaw-2021_efer-SAMN15147971,SAMN15147971,efer-test,Escherichia fergusonii,NOT_IN_SOURCE_METADATA,SRR11948639,SRR12298470,Nanopore,SAMN15147971,NOT_IN_SOURCE_METADATA,NOT_IN_SOURCE_METADATA,Unicycler,efer-test/shaw-2021_efer-SAMN15147971-u.gfa.gz,YES,1420179,efer-test/shaw-2021_efer-SAMN15147971-u.gfa.csv,YES,5941,contig|plasmid_score|chrom_score|label|length|chr_coverage|pl_coverage|un_coverage|hybrid_mapsto,plasmid;chromosome;ambiguous;unlabeled,NOT_PUBLISHED_IN_METADATA,IN_GFA: dp tag (Unicycler) / KC tag (SKESA),Shaw2021,https://github.com/fmfi-compbio/plasgraph2-datasets/blob/06cdf1524a9d424b5eb97628be26b87f854d398a/efer-test/shaw-2021_efer-SAMN15147971-u.gfa.gz,06cdf1524a9d424b5eb97628be26b87f854d398a,LICENCE_NOT_DOCUMENTED,COMPLETE_FOR_ACCESSIONS;MISSING_STRAIN_BIOPROJECT_ASSEMBLY
shaw-2021_efer-SAMN15147971-s,shaw-2021_efer-SAMN15147971,SAMN15147971,efer-test,Escherichia fergusonii,NOT_IN_SOURCE_METADATA,SRR11948639,SRR12298470,Nanopore,SAMN15147971,NOT_IN_SOURCE_METADATA,NOT_IN_SOURCE_METADATA,SKESA,efer-test/shaw-2021_efer-SAMN15147971-s.gfa.gz,YES,1425331,efer-test/shaw-2021_efer-SAMN15147971-s.gfa.csv,YES,7820,contig|plasmid_score|chrom_score|label|length|chr_coverage|pl_coverage|un_coverage|hybrid_mapsto,plasmid;chromosome;ambiguous;unlabeled,NOT_PUBLISHED_IN_METADATA,IN_GFA: dp tag (Unicycler) / KC tag (SKESA),Shaw2021,https://github.com/fmfi-compbio/plasgraph2-datasets/blob/06cdf1524a9d424b5eb97628be26b87f854d398a/efer-test/shaw-2021_efer-SAMN15147971-s.gfa.gz,06cdf1524a9d424b5eb97628be26b87f854d398a,LICENCE_NOT_DOCUMENTED,COMPLETE_FOR_ACCESSIONS;MISSING_STRAIN_BIOPROJECT_ASSEMBLY
shaw-2021_efer-SAMN15147978-u,shaw-2021_efer-SAMN15147978,SAMN15147978,efer-test,Escherichia fergusonii,NOT_IN_SOURCE_METADATA,SRR11949053,SRR12298797,PacBio,SAMN15147978,NOT_IN_SOURCE_METADATA,NOT_IN_SOURCE_METADATA,Unicycler,efer-test/shaw-2021_efer-SAMN15147978-u.gfa.gz,YES,1408623,efer-test/shaw-2021_efer-SAMN15147978-u.gfa.csv,YES,5126,contig|plasmid_score|chrom_score|label|length|chr_coverage|pl_coverage|un_coverage|hybrid_mapsto,plasmid;chromosome;ambiguous;unlabeled,NOT_PUBLISHED_IN_METADATA,IN_GFA: dp tag (Unicycler) / KC tag (SKESA),Shaw2021,https://github.com/fmfi-compbio/plasgraph2-datasets/blob/06cdf1524a9d424b5eb97628be26b87f854d398a/efer-test/shaw-2021_efer-SAMN15147978-u.gfa.gz,06cdf1524a9d424b5eb97628be26b87f854d398a,LICENCE_NOT_DOCUMENTED,COMPLETE_FOR_ACCESSIONS;MISSING_STRAIN_BIOPROJECT_ASSEMBLY
shaw-2021_efer-SAMN15147978-s,shaw-2021_efer-SAMN15147978,SAMN15147978,efer-test,Escherichia fergusonii,NOT_IN_SOURCE_METADATA,SRR11949053,SRR12298797,PacBio,SAMN15147978,NOT_IN_SOURCE_METADATA,NOT_IN_SOURCE_METADATA,SKESA,efer-test/shaw-2021_efer-SAMN15147978-s.gfa.gz,YES,1414107,efer-test/shaw-2021_efer-SAMN15147978-s.gfa.csv,YES,7738,contig|plasmid_score|chrom_score|label|length|chr_coverage|pl_coverage|un_coverage|hybrid_mapsto,plasmid;chromosome;ambiguous;unlabeled,NOT_PUBLISHED_IN_METADATA,IN_GFA: dp tag (Unicycler) / KC tag (SKESA),Shaw2021,https://github.com/fmfi-compbio/plasgraph2-datasets/blob/06cdf1524a9d424b5eb97628be26b87f854d398a/efer-test/shaw-2021_efer-SAMN15147978-s.gfa.gz,06cdf1524a9d424b5eb97628be26b87f854d398a,LICENCE_NOT_DOCUMENTED,COMPLETE_FOR_ACCESSIONS;MISSING_STRAIN_BIOPROJECT_ASSEMBLY
shaw-2021_efer-SAMN15147982-u,shaw-2021_efer-SAMN15147982,SAMN15147982,efer-test,Escherichia fergusonii,NOT_IN_SOURCE_METADATA,SRR11949207,SRR12298654,PacBio,SAMN15147982,NOT_IN_SOURCE_METADATA,NOT_IN_SOURCE_METADATA,Unicycler,efer-test/shaw-2021_efer-SAMN15147982-u.gfa.gz,YES,1396849,efer-test/shaw-2021_efer-SAMN15147982-u.gfa.csv,YES,4986,contig|plasmid_score|chrom_score|label|length|chr_coverage|pl_coverage|un_coverage|hybrid_mapsto,plasmid;chromosome;ambiguous;unlabeled,NOT_PUBLISHED_IN_METADATA,IN_GFA: dp tag (Unicycler) / KC tag (SKESA),Shaw2021,https://github.com/fmfi-compbio/plasgraph2-datasets/blob/06cdf1524a9d424b5eb97628be26b87f854d398a/efer-test/shaw-2021_efer-SAMN15147982-u.gfa.gz,06cdf1524a9d424b5eb97628be26b87f854d398a,LICENCE_NOT_DOCUMENTED,COMPLETE_FOR_ACCESSIONS;MISSING_STRAIN_BIOPROJECT_ASSEMBLY
shaw-2021_efer-SAMN15147982-s,shaw-2021_efer-SAMN15147982,SAMN15147982,efer-test,Escherichia fergusonii,NOT_IN_SOURCE_METADATA,SRR11949207,SRR12298654,PacBio,SAMN15147982,NOT_IN_SOURCE_METADATA,NOT_IN_SOURCE_METADATA,SKESA,efer-test/shaw-2021_efer-SAMN15147982-s.gfa.gz,YES,1401887,efer-test/shaw-2021_efer-SAMN15147982-s.gfa.csv,YES,7067,contig|plasmid_score|chrom_score|label|length|chr_coverage|pl_coverage|un_coverage|hybrid_mapsto,plasmid;chromosome;ambiguous;unlabeled,NOT_PUBLISHED_IN_METADATA,IN_GFA: dp tag (Unicycler) / KC tag (SKESA),Shaw2021,https://github.com/fmfi-compbio/plasgraph2-datasets/blob/06cdf1524a9d424b5eb97628be26b87f854d398a/efer-test/shaw-2021_efer-SAMN15147982-s.gfa.gz,06cdf1524a9d424b5eb97628be26b87f854d398a,LICENCE_NOT_DOCUMENTED,COMPLETE_FOR_ACCESSIONS;MISSING_STRAIN_BIOPROJECT_ASSEMBLY
shaw-2021_efer-SAMN15148032-u,shaw-2021_efer-SAMN15148032,SAMN15148032,efer-test,Escherichia fergusonii,NOT_IN_SOURCE_METADATA,SRR11949436,SRR12298982,PacBio,SAMN15148032,NOT_IN_SOURCE_METADATA,NOT_IN_SOURCE_METADATA,Unicycler,efer-test/shaw-2021_efer-SAMN15148032-u.gfa.gz,YES,1406562,efer-test/shaw-2021_efer-SAMN15148032-u.gfa.csv,YES,7741,contig|plasmid_score|chrom_score|label|length|chr_coverage|pl_coverage|un_coverage|hybrid_mapsto,plasmid;chromosome;ambiguous;unlabeled,NOT_PUBLISHED_IN_METADATA,IN_GFA: dp tag (Unicycler) / KC tag (SKESA),Shaw2021,https://github.com/fmfi-compbio/plasgraph2-datasets/blob/06cdf1524a9d424b5eb97628be26b87f854d398a/efer-test/shaw-2021_efer-SAMN15148032-u.gfa.gz,06cdf1524a9d424b5eb97628be26b87f854d398a,LICENCE_NOT_DOCUMENTED,COMPLETE_FOR_ACCESSIONS;MISSING_STRAIN_BIOPROJECT_ASSEMBLY
shaw-2021_efer-SAMN15148032-s,shaw-2021_efer-SAMN15148032,SAMN15148032,efer-test,Escherichia fergusonii,NOT_IN_SOURCE_METADATA,SRR11949436,SRR12298982,PacBio,SAMN15148032,NOT_IN_SOURCE_METADATA,NOT_IN_SOURCE_METADATA,SKESA,efer-test/shaw-2021_efer-SAMN15148032-s.gfa.gz,YES,1410561,efer-test/shaw-2021_efer-SAMN15148032-s.gfa.csv,YES,9495,contig|plasmid_score|chrom_score|label|length|chr_coverage|pl_coverage|un_coverage|hybrid_mapsto,plasmid;chromosome;ambiguous;unlabeled,NOT_PUBLISHED_IN_METADATA,IN_GFA: dp tag (Unicycler) / KC tag (SKESA),Shaw2021,https://github.com/fmfi-compbio/plasgraph2-datasets/blob/06cdf1524a9d424b5eb97628be26b87f854d398a/efer-test/shaw-2021_efer-SAMN15148032-s.gfa.gz,06cdf1524a9d424b5eb97628be26b87f854d398a,LICENCE_NOT_DOCUMENTED,COMPLETE_FOR_ACCESSIONS;MISSING_STRAIN_BIOPROJECT_ASSEMBLY
shaw-2021_efer-SAMN15148055-u,shaw-2021_efer-SAMN15148055,SAMN15148055,efer-test,Escherichia fergusonii,NOT_IN_SOURCE_METADATA,SRR11948839,SRR12299087,PacBio,SAMN15148055,NOT_IN_SOURCE_METADATA,NOT_IN_SOURCE_METADATA,Unicycler,efer-test/shaw-2021_efer-SAMN15148055-u.gfa.gz,YES,1352642,efer-test/shaw-2021_efer-SAMN15148055-u.gfa.csv,YES,3021,contig|plasmid_score|chrom_score|label|length|chr_coverage|pl_coverage|un_coverage|hybrid_mapsto,plasmid;chromosome;ambiguous;unlabeled,NOT_PUBLISHED_IN_METADATA,IN_GFA: dp tag (Unicycler) / KC tag (SKESA),Shaw2021,https://github.com/fmfi-compbio/plasgraph2-datasets/blob/06cdf1524a9d424b5eb97628be26b87f854d398a/efer-test/shaw-2021_efer-SAMN15148055-u.gfa.gz,06cdf1524a9d424b5eb97628be26b87f854d398a,LICENCE_NOT_DOCUMENTED,COMPLETE_FOR_ACCESSIONS;MISSING_STRAIN_BIOPROJECT_ASSEMBLY
shaw-2021_efer-SAMN15148055-s,shaw-2021_efer-SAMN15148055,SAMN15148055,efer-test,Escherichia fergusonii,NOT_IN_SOURCE_METADATA,SRR11948839,SRR12299087,PacBio,SAMN15148055,NOT_IN_SOURCE_METADATA,NOT_IN_SOURCE_METADATA,SKESA,efer-test/shaw-2021_efer-SAMN15148055-s.gfa.gz,YES,1357855,efer-test/shaw-2021_efer-SAMN15148055-s.gfa.csv,YES,7256,contig|plasmid_score|chrom_score|label|length|chr_coverage|pl_coverage|un_coverage|hybrid_mapsto,plasmid;chromosome;ambiguous;unlabeled,NOT_PUBLISHED_IN_METADATA,IN_GFA: dp tag (Unicycler) / KC tag (SKESA),Shaw2021,https://github.com/fmfi-compbio/plasgraph2-datasets/blob/06cdf1524a9d424b5eb97628be26b87f854d398a/efer-test/shaw-2021_efer-SAMN15148055-s.gfa.gz,06cdf1524a9d424b5eb97628be26b87f854d398a,LICENCE_NOT_DOCUMENTED,COMPLETE_FOR_ACCESSIONS;MISSING_STRAIN_BIOPROJECT_ASSEMBLY
shaw-2021_efer-SAMN15148066-u,shaw-2021_efer-SAMN15148066,SAMN15148066,efer-test,Escherichia fergusonii,NOT_IN_SOURCE_METADATA,SRR11948993,SRR12299075,PacBio,SAMN15148066,NOT_IN_SOURCE_METADATA,NOT_IN_SOURCE_METADATA,Unicycler,efer-test/shaw-2021_efer-SAMN15148066-u.gfa.gz,YES,1352131,efer-test/shaw-2021_efer-SAMN15148066-u.gfa.csv,YES,3360,contig|plasmid_score|chrom_score|label|length|chr_coverage|pl_coverage|un_coverage|hybrid_mapsto,plasmid;chromosome;ambiguous;unlabeled,NOT_PUBLISHED_IN_METADATA,IN_GFA: dp tag (Unicycler) / KC tag (SKESA),Shaw2021,https://github.com/fmfi-compbio/plasgraph2-datasets/blob/06cdf1524a9d424b5eb97628be26b87f854d398a/efer-test/shaw-2021_efer-SAMN15148066-u.gfa.gz,06cdf1524a9d424b5eb97628be26b87f854d398a,LICENCE_NOT_DOCUMENTED,COMPLETE_FOR_ACCESSIONS;MISSING_STRAIN_BIOPROJECT_ASSEMBLY
shaw-2021_efer-SAMN15148066-s,shaw-2021_efer-SAMN15148066,SAMN15148066,efer-test,Escherichia fergusonii,NOT_IN_SOURCE_METADATA,SRR11948993,SRR12299075,PacBio,SAMN15148066,NOT_IN_SOURCE_METADATA,NOT_IN_SOURCE_METADATA,SKESA,efer-test/shaw-2021_efer-SAMN15148066-s.gfa.gz,YES,1358107,efer-test/shaw-2021_efer-SAMN15148066-s.gfa.csv,YES,7346,contig|plasmid_score|chrom_score|label|length|chr_coverage|pl_coverage|un_coverage|hybrid_mapsto,plasmid;chromosome;ambiguous;unlabeled,NOT_PUBLISHED_IN_METADATA,IN_GFA: dp tag (Unicycler) / KC tag (SKESA),Shaw2021,https://github.com/fmfi-compbio/plasgraph2-datasets/blob/06cdf1524a9d424b5eb97628be26b87f854d398a/efer-test/shaw-2021_efer-SAMN15148066-s.gfa.gz,06cdf1524a9d424b5eb97628be26b87f854d398a,LICENCE_NOT_DOCUMENTED,COMPLETE_FOR_ACCESSIONS;MISSING_STRAIN_BIOPROJECT_ASSEMBLY
shaw-2021_efer-SAMN15148146-u,shaw-2021_efer-SAMN15148146,SAMN15148146,efer-test,Escherichia fergusonii,NOT_IN_SOURCE_METADATA,SRR11949327,SRR12298564,Nanopore,SAMN15148146,NOT_IN_SOURCE_METADATA,NOT_IN_SOURCE_METADATA,Unicycler,efer-test/shaw-2021_efer-SAMN15148146-u.gfa.gz,YES,1303330,efer-test/shaw-2021_efer-SAMN15148146-u.gfa.csv,YES,3460,contig|plasmid_score|chrom_score|label|length|chr_coverage|pl_coverage|un_coverage|hybrid_mapsto,plasmid;chromosome;ambiguous;unlabeled,NOT_PUBLISHED_IN_METADATA,IN_GFA: dp tag (Unicycler) / KC tag (SKESA),Shaw2021,https://github.com/fmfi-compbio/plasgraph2-datasets/blob/06cdf1524a9d424b5eb97628be26b87f854d398a/efer-test/shaw-2021_efer-SAMN15148146-u.gfa.gz,06cdf1524a9d424b5eb97628be26b87f854d398a,LICENCE_NOT_DOCUMENTED,COMPLETE_FOR_ACCESSIONS;MISSING_STRAIN_BIOPROJECT_ASSEMBLY
shaw-2021_efer-SAMN15148146-s,shaw-2021_efer-SAMN15148146,SAMN15148146,efer-test,Escherichia fergusonii,NOT_IN_SOURCE_METADATA,SRR11949327,SRR12298564,Nanopore,SAMN15148146,NOT_IN_SOURCE_METADATA,NOT_IN_SOURCE_METADATA,SKESA,efer-test/shaw-2021_efer-SAMN15148146-s.gfa.gz,YES,1307543,efer-test/shaw-2021_efer-SAMN15148146-s.gfa.csv,YES,6957,contig|plasmid_score|chrom_score|label|length|chr_coverage|pl_coverage|un_coverage|hybrid_mapsto,plasmid;chromosome;ambiguous;unlabeled,NOT_PUBLISHED_IN_METADATA,IN_GFA: dp tag (Unicycler) / KC tag (SKESA),Shaw2021,https://github.com/fmfi-compbio/plasgraph2-datasets/blob/06cdf1524a9d424b5eb97628be26b87f854d398a/efer-test/shaw-2021_efer-SAMN15148146-s.gfa.gz,06cdf1524a9d424b5eb97628be26b87f854d398a,LICENCE_NOT_DOCUMENTED,COMPLETE_FOR_ACCESSIONS;MISSING_STRAIN_BIOPROJECT_ASSEMBLY
shaw-2021_efer-SAMN15148151-u,shaw-2021_efer-SAMN15148151,SAMN15148151,efer-test,Escherichia fergusonii,NOT_IN_SOURCE_METADATA,SRR11949288,SRR12298557,Nanopore,SAMN15148151,NOT_IN_SOURCE_METADATA,NOT_IN_SOURCE_METADATA,Unicycler,efer-test/shaw-2021_efer-SAMN15148151-u.gfa.gz,YES,1348582,efer-test/shaw-2021_efer-SAMN15148151-u.gfa.csv,YES,4295,contig|plasmid_score|chrom_score|label|length|chr_coverage|pl_coverage|un_coverage|hybrid_mapsto,plasmid;chromosome;ambiguous;unlabeled,NOT_PUBLISHED_IN_METADATA,IN_GFA: dp tag (Unicycler) / KC tag (SKESA),Shaw2021,https://github.com/fmfi-compbio/plasgraph2-datasets/blob/06cdf1524a9d424b5eb97628be26b87f854d398a/efer-test/shaw-2021_efer-SAMN15148151-u.gfa.gz,06cdf1524a9d424b5eb97628be26b87f854d398a,LICENCE_NOT_DOCUMENTED,COMPLETE_FOR_ACCESSIONS;MISSING_STRAIN_BIOPROJECT_ASSEMBLY
shaw-2021_efer-SAMN15148151-s,shaw-2021_efer-SAMN15148151,SAMN15148151,efer-test,Escherichia fergusonii,NOT_IN_SOURCE_METADATA,SRR11949288,SRR12298557,Nanopore,SAMN15148151,NOT_IN_SOURCE_METADATA,NOT_IN_SOURCE_METADATA,SKESA,efer-test/shaw-2021_efer-SAMN15148151-s.gfa.gz,YES,1353465,efer-test/shaw-2021_efer-SAMN15148151-s.gfa.csv,YES,5896,contig|plasmid_score|chrom_score|label|length|chr_coverage|pl_coverage|un_coverage|hybrid_mapsto,plasmid;chromosome;ambiguous;unlabeled,NOT_PUBLISHED_IN_METADATA,IN_GFA: dp tag (Unicycler) / KC tag (SKESA),Shaw2021,https://github.com/fmfi-compbio/plasgraph2-datasets/blob/06cdf1524a9d424b5eb97628be26b87f854d398a/efer-test/shaw-2021_efer-SAMN15148151-s.gfa.gz,06cdf1524a9d424b5eb97628be26b87f854d398a,LICENCE_NOT_DOCUMENTED,COMPLETE_FOR_ACCESSIONS;MISSING_STRAIN_BIOPROJECT_ASSEMBLY
shaw-2021_efer-SAMN15148152-u,shaw-2021_efer-SAMN15148152,SAMN15148152,efer-test,Escherichia fergusonii,NOT_IN_SOURCE_METADATA,SRR11949287,SRR12298556,Nanopore,SAMN15148152,NOT_IN_SOURCE_METADATA,NOT_IN_SOURCE_METADATA,Unicycler,efer-test/shaw-2021_efer-SAMN15148152-u.gfa.gz,YES,1349255,efer-test/shaw-2021_efer-SAMN15148152-u.gfa.csv,YES,2803,contig|plasmid_score|chrom_score|label|length|chr_coverage|pl_coverage|un_coverage|hybrid_mapsto,plasmid;chromosome;ambiguous;unlabeled,NOT_PUBLISHED_IN_METADATA,IN_GFA: dp tag (Unicycler) / KC tag (SKESA),Shaw2021,https://github.com/fmfi-compbio/plasgraph2-datasets/blob/06cdf1524a9d424b5eb97628be26b87f854d398a/efer-test/shaw-2021_efer-SAMN15148152-u.gfa.gz,06cdf1524a9d424b5eb97628be26b87f854d398a,LICENCE_NOT_DOCUMENTED,COMPLETE_FOR_ACCESSIONS;MISSING_STRAIN_BIOPROJECT_ASSEMBLY
shaw-2021_efer-SAMN15148152-s,shaw-2021_efer-SAMN15148152,SAMN15148152,efer-test,Escherichia fergusonii,NOT_IN_SOURCE_METADATA,SRR11949287,SRR12298556,Nanopore,SAMN15148152,NOT_IN_SOURCE_METADATA,NOT_IN_SOURCE_METADATA,SKESA,efer-test/shaw-2021_efer-SAMN15148152-s.gfa.gz,YES,1353227,efer-test/shaw-2021_efer-SAMN15148152-s.gfa.csv,YES,5530,contig|plasmid_score|chrom_score|label|length|chr_coverage|pl_coverage|un_coverage|hybrid_mapsto,plasmid;chromosome;ambiguous;unlabeled,NOT_PUBLISHED_IN_METADATA,IN_GFA: dp tag (Unicycler) / KC tag (SKESA),Shaw2021,https://github.com/fmfi-compbio/plasgraph2-datasets/blob/06cdf1524a9d424b5eb97628be26b87f854d398a/efer-test/shaw-2021_efer-SAMN15148152-s.gfa.gz,06cdf1524a9d424b5eb97628be26b87f854d398a,LICENCE_NOT_DOCUMENTED,COMPLETE_FOR_ACCESSIONS;MISSING_STRAIN_BIOPROJECT_ASSEMBLY
shaw-2021_efer-SAMN15148153-u,shaw-2021_efer-SAMN15148153,SAMN15148153,efer-test,Escherichia fergusonii,NOT_IN_SOURCE_METADATA,SRR11949286,SRR12298555,Nanopore,SAMN15148153,NOT_IN_SOURCE_METADATA,NOT_IN_SOURCE_METADATA,Unicycler,efer-test/shaw-2021_efer-SAMN15148153-u.gfa.gz,YES,1348888,efer-test/shaw-2021_efer-SAMN15148153-u.gfa.csv,YES,3085,contig|plasmid_score|chrom_score|label|length|chr_coverage|pl_coverage|un_coverage|hybrid_mapsto,plasmid;chromosome;ambiguous;unlabeled,NOT_PUBLISHED_IN_METADATA,IN_GFA: dp tag (Unicycler) / KC tag (SKESA),Shaw2021,https://github.com/fmfi-compbio/plasgraph2-datasets/blob/06cdf1524a9d424b5eb97628be26b87f854d398a/efer-test/shaw-2021_efer-SAMN15148153-u.gfa.gz,06cdf1524a9d424b5eb97628be26b87f854d398a,LICENCE_NOT_DOCUMENTED,COMPLETE_FOR_ACCESSIONS;MISSING_STRAIN_BIOPROJECT_ASSEMBLY
shaw-2021_efer-SAMN15148153-s,shaw-2021_efer-SAMN15148153,SAMN15148153,efer-test,Escherichia fergusonii,NOT_IN_SOURCE_METADATA,SRR11949286,SRR12298555,Nanopore,SAMN15148153,NOT_IN_SOURCE_METADATA,NOT_IN_SOURCE_METADATA,SKESA,efer-test/shaw-2021_efer-SAMN15148153-s.gfa.gz,YES,1353363,efer-test/shaw-2021_efer-SAMN15148153-s.gfa.csv,YES,6031,contig|plasmid_score|chrom_score|label|length|chr_coverage|pl_coverage|un_coverage|hybrid_mapsto,plasmid;chromosome;ambiguous;unlabeled,NOT_PUBLISHED_IN_METADATA,IN_GFA: dp tag (Unicycler) / KC tag (SKESA),Shaw2021,https://github.com/fmfi-compbio/plasgraph2-datasets/blob/06cdf1524a9d424b5eb97628be26b87f854d398a/efer-test/shaw-2021_efer-SAMN15148153-s.gfa.gz,06cdf1524a9d424b5eb97628be26b87f854d398a,LICENCE_NOT_DOCUMENTED,COMPLETE_FOR_ACCESSIONS;MISSING_STRAIN_BIOPROJECT_ASSEMBLY
shaw-2021_efer-SAMN15148162-u,shaw-2021_efer-SAMN15148162,SAMN15148162,efer-test,Escherichia fergusonii,NOT_IN_SOURCE_METADATA,SRR11948982,SRR12298521,Nanopore,SAMN15148162,NOT_IN_SOURCE_METADATA,NOT_IN_SOURCE_METADATA,Unicycler,efer-test/shaw-2021_efer-SAMN15148162-u.gfa.gz,YES,1378121,efer-test/shaw-2021_efer-SAMN15148162-u.gfa.csv,YES,3272,contig|plasmid_score|chrom_score|label|length|chr_coverage|pl_coverage|un_coverage|hybrid_mapsto,plasmid;chromosome;ambiguous;unlabeled,NOT_PUBLISHED_IN_METADATA,IN_GFA: dp tag (Unicycler) / KC tag (SKESA),Shaw2021,https://github.com/fmfi-compbio/plasgraph2-datasets/blob/06cdf1524a9d424b5eb97628be26b87f854d398a/efer-test/shaw-2021_efer-SAMN15148162-u.gfa.gz,06cdf1524a9d424b5eb97628be26b87f854d398a,LICENCE_NOT_DOCUMENTED,COMPLETE_FOR_ACCESSIONS;MISSING_STRAIN_BIOPROJECT_ASSEMBLY
shaw-2021_efer-SAMN15148162-s,shaw-2021_efer-SAMN15148162,SAMN15148162,efer-test,Escherichia fergusonii,NOT_IN_SOURCE_METADATA,SRR11948982,SRR12298521,Nanopore,SAMN15148162,NOT_IN_SOURCE_METADATA,NOT_IN_SOURCE_METADATA,SKESA,efer-test/shaw-2021_efer-SAMN15148162-s.gfa.gz,YES,1381225,efer-test/shaw-2021_efer-SAMN15148162-s.gfa.csv,YES,6304,contig|plasmid_score|chrom_score|label|length|chr_coverage|pl_coverage|un_coverage|hybrid_mapsto,plasmid;chromosome;ambiguous;unlabeled,NOT_PUBLISHED_IN_METADATA,IN_GFA: dp tag (Unicycler) / KC tag (SKESA),Shaw2021,https://github.com/fmfi-compbio/plasgraph2-datasets/blob/06cdf1524a9d424b5eb97628be26b87f854d398a/efer-test/shaw-2021_efer-SAMN15148162-s.gfa.gz,06cdf1524a9d424b5eb97628be26b87f854d398a,LICENCE_NOT_DOCUMENTED,COMPLETE_FOR_ACCESSIONS;MISSING_STRAIN_BIOPROJECT_ASSEMBLY
shaw-2021_efer-SAMN15148208-u,shaw-2021_efer-SAMN15148208,SAMN15148208,efer-test,Escherichia fergusonii,NOT_IN_SOURCE_METADATA,SRR11949225,SRR12298899,Nanopore,SAMN15148208,NOT_IN_SOURCE_METADATA,NOT_IN_SOURCE_METADATA,Unicycler,efer-test/shaw-2021_efer-SAMN15148208-u.gfa.gz,YES,1399130,efer-test/shaw-2021_efer-SAMN15148208-u.gfa.csv,YES,3788,contig|plasmid_score|chrom_score|label|length|chr_coverage|pl_coverage|un_coverage|hybrid_mapsto,plasmid;chromosome;ambiguous;unlabeled,NOT_PUBLISHED_IN_METADATA,IN_GFA: dp tag (Unicycler) / KC tag (SKESA),Shaw2021,https://github.com/fmfi-compbio/plasgraph2-datasets/blob/06cdf1524a9d424b5eb97628be26b87f854d398a/efer-test/shaw-2021_efer-SAMN15148208-u.gfa.gz,06cdf1524a9d424b5eb97628be26b87f854d398a,LICENCE_NOT_DOCUMENTED,COMPLETE_FOR_ACCESSIONS;MISSING_STRAIN_BIOPROJECT_ASSEMBLY
shaw-2021_efer-SAMN15148208-s,shaw-2021_efer-SAMN15148208,SAMN15148208,efer-test,Escherichia fergusonii,NOT_IN_SOURCE_METADATA,SRR11949225,SRR12298899,Nanopore,SAMN15148208,NOT_IN_SOURCE_METADATA,NOT_IN_SOURCE_METADATA,SKESA,efer-test/shaw-2021_efer-SAMN15148208-s.gfa.gz,YES,1401249,efer-test/shaw-2021_efer-SAMN15148208-s.gfa.csv,YES,4816,contig|plasmid_score|chrom_score|label|length|chr_coverage|pl_coverage|un_coverage|hybrid_mapsto,plasmid;chromosome;ambiguous;unlabeled,NOT_PUBLISHED_IN_METADATA,IN_GFA: dp tag (Unicycler) / KC tag (SKESA),Shaw2021,https://github.com/fmfi-compbio/plasgraph2-datasets/blob/06cdf1524a9d424b5eb97628be26b87f854d398a/efer-test/shaw-2021_efer-SAMN15148208-s.gfa.gz,06cdf1524a9d424b5eb97628be26b87f854d398a,LICENCE_NOT_DOCUMENTED,COMPLETE_FOR_ACCESSIONS;MISSING_STRAIN_BIOPROJECT_ASSEMBLY
shaw-2021_efer-SAMN15148209-u,shaw-2021_efer-SAMN15148209,SAMN15148209,efer-test,Escherichia fergusonii,NOT_IN_SOURCE_METADATA,SRR11949224,SRR12298898,Nanopore,SAMN15148209,NOT_IN_SOURCE_METADATA,NOT_IN_SOURCE_METADATA,Unicycler,efer-test/shaw-2021_efer-SAMN15148209-u.gfa.gz,YES,1386712,efer-test/shaw-2021_efer-SAMN15148209-u.gfa.csv,YES,3609,contig|plasmid_score|chrom_score|label|length|chr_coverage|pl_coverage|un_coverage|hybrid_mapsto,plasmid;chromosome;ambiguous;unlabeled,NOT_PUBLISHED_IN_METADATA,IN_GFA: dp tag (Unicycler) / KC tag (SKESA),Shaw2021,https://github.com/fmfi-compbio/plasgraph2-datasets/blob/06cdf1524a9d424b5eb97628be26b87f854d398a/efer-test/shaw-2021_efer-SAMN15148209-u.gfa.gz,06cdf1524a9d424b5eb97628be26b87f854d398a,LICENCE_NOT_DOCUMENTED,COMPLETE_FOR_ACCESSIONS;MISSING_STRAIN_BIOPROJECT_ASSEMBLY
shaw-2021_efer-SAMN15148209-s,shaw-2021_efer-SAMN15148209,SAMN15148209,efer-test,Escherichia fergusonii,NOT_IN_SOURCE_METADATA,SRR11949224,SRR12298898,Nanopore,SAMN15148209,NOT_IN_SOURCE_METADATA,NOT_IN_SOURCE_METADATA,SKESA,efer-test/shaw-2021_efer-SAMN15148209-s.gfa.gz,YES,1389560,efer-test/shaw-2021_efer-SAMN15148209-s.gfa.csv,YES,5279,contig|plasmid_score|chrom_score|label|length|chr_coverage|pl_coverage|un_coverage|hybrid_mapsto,plasmid;chromosome;ambiguous;unlabeled,NOT_PUBLISHED_IN_METADATA,IN_GFA: dp tag (Unicycler) / KC tag (SKESA),Shaw2021,https://github.com/fmfi-compbio/plasgraph2-datasets/blob/06cdf1524a9d424b5eb97628be26b87f854d398a/efer-test/shaw-2021_efer-SAMN15148209-s.gfa.gz,06cdf1524a9d424b5eb97628be26b87f854d398a,LICENCE_NOT_DOCUMENTED,COMPLETE_FOR_ACCESSIONS;MISSING_STRAIN_BIOPROJECT_ASSEMBLY
shaw-2021_efer-SAMN15148224-u,shaw-2021_efer-SAMN15148224,SAMN15148224,efer-test,Escherichia fergusonii,NOT_IN_SOURCE_METADATA,SRR11948774,SRR12298858,Nanopore,SAMN15148224,NOT_IN_SOURCE_METADATA,NOT_IN_SOURCE_METADATA,Unicycler,efer-test/shaw-2021_efer-SAMN15148224-u.gfa.gz,YES,1281776,efer-test/shaw-2021_efer-SAMN15148224-u.gfa.csv,YES,3198,contig|plasmid_score|chrom_score|label|length|chr_coverage|pl_coverage|un_coverage|hybrid_mapsto,plasmid;chromosome;ambiguous;unlabeled,NOT_PUBLISHED_IN_METADATA,IN_GFA: dp tag (Unicycler) / KC tag (SKESA),Shaw2021,https://github.com/fmfi-compbio/plasgraph2-datasets/blob/06cdf1524a9d424b5eb97628be26b87f854d398a/efer-test/shaw-2021_efer-SAMN15148224-u.gfa.gz,06cdf1524a9d424b5eb97628be26b87f854d398a,LICENCE_NOT_DOCUMENTED,COMPLETE_FOR_ACCESSIONS;MISSING_STRAIN_BIOPROJECT_ASSEMBLY
shaw-2021_efer-SAMN15148224-s,shaw-2021_efer-SAMN15148224,SAMN15148224,efer-test,Escherichia fergusonii,NOT_IN_SOURCE_METADATA,SRR11948774,SRR12298858,Nanopore,SAMN15148224,NOT_IN_SOURCE_METADATA,NOT_IN_SOURCE_METADATA,SKESA,efer-test/shaw-2021_efer-SAMN15148224-s.gfa.gz,YES,1283319,efer-test/shaw-2021_efer-SAMN15148224-s.gfa.csv,YES,5070,contig|plasmid_score|chrom_score|label|length|chr_coverage|pl_coverage|un_coverage|hybrid_mapsto,plasmid;chromosome;ambiguous;unlabeled,NOT_PUBLISHED_IN_METADATA,IN_GFA: dp tag (Unicycler) / KC tag (SKESA),Shaw2021,https://github.com/fmfi-compbio/plasgraph2-datasets/blob/06cdf1524a9d424b5eb97628be26b87f854d398a/efer-test/shaw-2021_efer-SAMN15148224-s.gfa.gz,06cdf1524a9d424b5eb97628be26b87f854d398a,LICENCE_NOT_DOCUMENTED,COMPLETE_FOR_ACCESSIONS;MISSING_STRAIN_BIOPROJECT_ASSEMBLY
shaw-2021_efer-SAMN15148225-u,shaw-2021_efer-SAMN15148225,SAMN15148225,efer-test,Escherichia fergusonii,NOT_IN_SOURCE_METADATA,SRR11948773,SRR12298857,Nanopore,SAMN15148225,NOT_IN_SOURCE_METADATA,NOT_IN_SOURCE_METADATA,Unicycler,efer-test/shaw-2021_efer-SAMN15148225-u.gfa.gz,YES,1282086,efer-test/shaw-2021_efer-SAMN15148225-u.gfa.csv,YES,3612,contig|plasmid_score|chrom_score|label|length|chr_coverage|pl_coverage|un_coverage|hybrid_mapsto,plasmid;chromosome;ambiguous;unlabeled,NOT_PUBLISHED_IN_METADATA,IN_GFA: dp tag (Unicycler) / KC tag (SKESA),Shaw2021,https://github.com/fmfi-compbio/plasgraph2-datasets/blob/06cdf1524a9d424b5eb97628be26b87f854d398a/efer-test/shaw-2021_efer-SAMN15148225-u.gfa.gz,06cdf1524a9d424b5eb97628be26b87f854d398a,LICENCE_NOT_DOCUMENTED,COMPLETE_FOR_ACCESSIONS;MISSING_STRAIN_BIOPROJECT_ASSEMBLY
shaw-2021_efer-SAMN15148225-s,shaw-2021_efer-SAMN15148225,SAMN15148225,efer-test,Escherichia fergusonii,NOT_IN_SOURCE_METADATA,SRR11948773,SRR12298857,Nanopore,SAMN15148225,NOT_IN_SOURCE_METADATA,NOT_IN_SOURCE_METADATA,SKESA,efer-test/shaw-2021_efer-SAMN15148225-s.gfa.gz,YES,1285388,efer-test/shaw-2021_efer-SAMN15148225-s.gfa.csv,YES,6149,contig|plasmid_score|chrom_score|label|length|chr_coverage|pl_coverage|un_coverage|hybrid_mapsto,plasmid;chromosome;ambiguous;unlabeled,NOT_PUBLISHED_IN_METADATA,IN_GFA: dp tag (Unicycler) / KC tag (SKESA),Shaw2021,https://github.com/fmfi-compbio/plasgraph2-datasets/blob/06cdf1524a9d424b5eb97628be26b87f854d398a/efer-test/shaw-2021_efer-SAMN15148225-s.gfa.gz,06cdf1524a9d424b5eb97628be26b87f854d398a,LICENCE_NOT_DOCUMENTED,COMPLETE_FOR_ACCESSIONS;MISSING_STRAIN_BIOPROJECT_ASSEMBLY
shaw-2021_efer-SAMN15148235-u,shaw-2021_efer-SAMN15148235,SAMN15148235,efer-test,Escherichia fergusonii,NOT_IN_SOURCE_METADATA,SRR11949420,SRR12298846,Nanopore,SAMN15148235,NOT_IN_SOURCE_METADATA,NOT_IN_SOURCE_METADATA,Unicycler,efer-test/shaw-2021_efer-SAMN15148235-u.gfa.gz,YES,1310280,efer-test/shaw-2021_efer-SAMN15148235-u.gfa.csv,YES,2216,contig|plasmid_score|chrom_score|label|length|chr_coverage|pl_coverage|un_coverage|hybrid_mapsto,plasmid;chromosome;ambiguous;unlabeled,NOT_PUBLISHED_IN_METADATA,IN_GFA: dp tag (Unicycler) / KC tag (SKESA),Shaw2021,https://github.com/fmfi-compbio/plasgraph2-datasets/blob/06cdf1524a9d424b5eb97628be26b87f854d398a/efer-test/shaw-2021_efer-SAMN15148235-u.gfa.gz,06cdf1524a9d424b5eb97628be26b87f854d398a,LICENCE_NOT_DOCUMENTED,COMPLETE_FOR_ACCESSIONS;MISSING_STRAIN_BIOPROJECT_ASSEMBLY
shaw-2021_efer-SAMN15148235-s,shaw-2021_efer-SAMN15148235,SAMN15148235,efer-test,Escherichia fergusonii,NOT_IN_SOURCE_METADATA,SRR11949420,SRR12298846,Nanopore,SAMN15148235,NOT_IN_SOURCE_METADATA,NOT_IN_SOURCE_METADATA,SKESA,efer-test/shaw-2021_efer-SAMN15148235-s.gfa.gz,YES,1318134,efer-test/shaw-2021_efer-SAMN15148235-s.gfa.csv,YES,4679,contig|plasmid_score|chrom_score|label|length|chr_coverage|pl_coverage|un_coverage|hybrid_mapsto,plasmid;chromosome;ambiguous;unlabeled,NOT_PUBLISHED_IN_METADATA,IN_GFA: dp tag (Unicycler) / KC tag (SKESA),Shaw2021,https://github.com/fmfi-compbio/plasgraph2-datasets/blob/06cdf1524a9d424b5eb97628be26b87f854d398a/efer-test/shaw-2021_efer-SAMN15148235-s.gfa.gz,06cdf1524a9d424b5eb97628be26b87f854d398a,LICENCE_NOT_DOCUMENTED,COMPLETE_FOR_ACCESSIONS;MISSING_STRAIN_BIOPROJECT_ASSEMBLY
shaw-2021_efer-SAMN15148237-u,shaw-2021_efer-SAMN15148237,SAMN15148237,efer-test,Escherichia fergusonii,NOT_IN_SOURCE_METADATA,SRR11949417,SRR12298843,Nanopore,SAMN15148237,NOT_IN_SOURCE_METADATA,NOT_IN_SOURCE_METADATA,Unicycler,efer-test/shaw-2021_efer-SAMN15148237-u.gfa.gz,YES,1315610,efer-test/shaw-2021_efer-SAMN15148237-u.gfa.csv,YES,2226,contig|plasmid_score|chrom_score|label|length|chr_coverage|pl_coverage|un_coverage|hybrid_mapsto,plasmid;chromosome;ambiguous;unlabeled,NOT_PUBLISHED_IN_METADATA,IN_GFA: dp tag (Unicycler) / KC tag (SKESA),Shaw2021,https://github.com/fmfi-compbio/plasgraph2-datasets/blob/06cdf1524a9d424b5eb97628be26b87f854d398a/efer-test/shaw-2021_efer-SAMN15148237-u.gfa.gz,06cdf1524a9d424b5eb97628be26b87f854d398a,LICENCE_NOT_DOCUMENTED,COMPLETE_FOR_ACCESSIONS;MISSING_STRAIN_BIOPROJECT_ASSEMBLY
shaw-2021_efer-SAMN15148237-s,shaw-2021_efer-SAMN15148237,SAMN15148237,efer-test,Escherichia fergusonii,NOT_IN_SOURCE_METADATA,SRR11949417,SRR12298843,Nanopore,SAMN15148237,NOT_IN_SOURCE_METADATA,NOT_IN_SOURCE_METADATA,SKESA,efer-test/shaw-2021_efer-SAMN15148237-s.gfa.gz,YES,1317975,efer-test/shaw-2021_efer-SAMN15148237-s.gfa.csv,YES,4401,contig|plasmid_score|chrom_score|label|length|chr_coverage|pl_coverage|un_coverage|hybrid_mapsto,plasmid;chromosome;ambiguous;unlabeled,NOT_PUBLISHED_IN_METADATA,IN_GFA: dp tag (Unicycler) / KC tag (SKESA),Shaw2021,https://github.com/fmfi-compbio/plasgraph2-datasets/blob/06cdf1524a9d424b5eb97628be26b87f854d398a/efer-test/shaw-2021_efer-SAMN15148237-s.gfa.gz,06cdf1524a9d424b5eb97628be26b87f854d398a,LICENCE_NOT_DOCUMENTED,COMPLETE_FOR_ACCESSIONS;MISSING_STRAIN_BIOPROJECT_ASSEMBLY
shaw-2021_efer-SAMN15148244-u,shaw-2021_efer-SAMN15148244,SAMN15148244,efer-test,Escherichia fergusonii,NOT_IN_SOURCE_METADATA,SRR11949410,SRR12298812,Nanopore,SAMN15148244,NOT_IN_SOURCE_METADATA,NOT_IN_SOURCE_METADATA,Unicycler,efer-test/shaw-2021_efer-SAMN15148244-u.gfa.gz,YES,1359468,efer-test/shaw-2021_efer-SAMN15148244-u.gfa.csv,YES,7967,contig|plasmid_score|chrom_score|label|length|chr_coverage|pl_coverage|un_coverage|hybrid_mapsto,plasmid;chromosome;ambiguous;unlabeled,NOT_PUBLISHED_IN_METADATA,IN_GFA: dp tag (Unicycler) / KC tag (SKESA),Shaw2021,https://github.com/fmfi-compbio/plasgraph2-datasets/blob/06cdf1524a9d424b5eb97628be26b87f854d398a/efer-test/shaw-2021_efer-SAMN15148244-u.gfa.gz,06cdf1524a9d424b5eb97628be26b87f854d398a,LICENCE_NOT_DOCUMENTED,COMPLETE_FOR_ACCESSIONS;MISSING_STRAIN_BIOPROJECT_ASSEMBLY
shaw-2021_efer-SAMN15148244-s,shaw-2021_efer-SAMN15148244,SAMN15148244,efer-test,Escherichia fergusonii,NOT_IN_SOURCE_METADATA,SRR11949410,SRR12298812,Nanopore,SAMN15148244,NOT_IN_SOURCE_METADATA,NOT_IN_SOURCE_METADATA,SKESA,efer-test/shaw-2021_efer-SAMN15148244-s.gfa.gz,YES,1363207,efer-test/shaw-2021_efer-SAMN15148244-s.gfa.csv,YES,7405,contig|plasmid_score|chrom_score|label|length|chr_coverage|pl_coverage|un_coverage|hybrid_mapsto,plasmid;chromosome;ambiguous;unlabeled,NOT_PUBLISHED_IN_METADATA,IN_GFA: dp tag (Unicycler) / KC tag (SKESA),Shaw2021,https://github.com/fmfi-compbio/plasgraph2-datasets/blob/06cdf1524a9d424b5eb97628be26b87f854d398a/efer-test/shaw-2021_efer-SAMN15148244-s.gfa.gz,06cdf1524a9d424b5eb97628be26b87f854d398a,LICENCE_NOT_DOCUMENTED,COMPLETE_FOR_ACCESSIONS;MISSING_STRAIN_BIOPROJECT_ASSEMBLY
shaw-2021_efer-SAMN15148245-u,shaw-2021_efer-SAMN15148245,SAMN15148245,efer-test,Escherichia fergusonii,NOT_IN_SOURCE_METADATA,SRR11949409,SRR12298811,Nanopore,SAMN15148245,NOT_IN_SOURCE_METADATA,NOT_IN_SOURCE_METADATA,Unicycler,efer-test/shaw-2021_efer-SAMN15148245-u.gfa.gz,YES,1309541,efer-test/shaw-2021_efer-SAMN15148245-u.gfa.csv,YES,3406,contig|plasmid_score|chrom_score|label|length|chr_coverage|pl_coverage|un_coverage|hybrid_mapsto,plasmid;chromosome;ambiguous;unlabeled,NOT_PUBLISHED_IN_METADATA,IN_GFA: dp tag (Unicycler) / KC tag (SKESA),Shaw2021,https://github.com/fmfi-compbio/plasgraph2-datasets/blob/06cdf1524a9d424b5eb97628be26b87f854d398a/efer-test/shaw-2021_efer-SAMN15148245-u.gfa.gz,06cdf1524a9d424b5eb97628be26b87f854d398a,LICENCE_NOT_DOCUMENTED,COMPLETE_FOR_ACCESSIONS;MISSING_STRAIN_BIOPROJECT_ASSEMBLY
shaw-2021_efer-SAMN15148245-s,shaw-2021_efer-SAMN15148245,SAMN15148245,efer-test,Escherichia fergusonii,NOT_IN_SOURCE_METADATA,SRR11949409,SRR12298811,Nanopore,SAMN15148245,NOT_IN_SOURCE_METADATA,NOT_IN_SOURCE_METADATA,SKESA,efer-test/shaw-2021_efer-SAMN15148245-s.gfa.gz,YES,1312039,efer-test/shaw-2021_efer-SAMN15148245-s.gfa.csv,YES,5752,contig|plasmid_score|chrom_score|label|length|chr_coverage|pl_coverage|un_coverage|hybrid_mapsto,plasmid;chromosome;ambiguous;unlabeled,NOT_PUBLISHED_IN_METADATA,IN_GFA: dp tag (Unicycler) / KC tag (SKESA),Shaw2021,https://github.com/fmfi-compbio/plasgraph2-datasets/blob/06cdf1524a9d424b5eb97628be26b87f854d398a/efer-test/shaw-2021_efer-SAMN15148245-s.gfa.gz,06cdf1524a9d424b5eb97628be26b87f854d398a,LICENCE_NOT_DOCUMENTED,COMPLETE_FOR_ACCESSIONS;MISSING_STRAIN_BIOPROJECT_ASSEMBLY
shaw-2021_efer-SAMN15148247-u,shaw-2021_efer-SAMN15148247,SAMN15148247,efer-test,Escherichia fergusonii,NOT_IN_SOURCE_METADATA,SRR11949405,SRR12298807,Nanopore,SAMN15148247,NOT_IN_SOURCE_METADATA,NOT_IN_SOURCE_METADATA,Unicycler,efer-test/shaw-2021_efer-SAMN15148247-u.gfa.gz,YES,1305223,efer-test/shaw-2021_efer-SAMN15148247-u.gfa.csv,YES,4376,contig|plasmid_score|chrom_score|label|length|chr_coverage|pl_coverage|un_coverage|hybrid_mapsto,plasmid;chromosome;ambiguous;unlabeled,NOT_PUBLISHED_IN_METADATA,IN_GFA: dp tag (Unicycler) / KC tag (SKESA),Shaw2021,https://github.com/fmfi-compbio/plasgraph2-datasets/blob/06cdf1524a9d424b5eb97628be26b87f854d398a/efer-test/shaw-2021_efer-SAMN15148247-u.gfa.gz,06cdf1524a9d424b5eb97628be26b87f854d398a,LICENCE_NOT_DOCUMENTED,COMPLETE_FOR_ACCESSIONS;MISSING_STRAIN_BIOPROJECT_ASSEMBLY
shaw-2021_efer-SAMN15148247-s,shaw-2021_efer-SAMN15148247,SAMN15148247,efer-test,Escherichia fergusonii,NOT_IN_SOURCE_METADATA,SRR11949405,SRR12298807,Nanopore,SAMN15148247,NOT_IN_SOURCE_METADATA,NOT_IN_SOURCE_METADATA,SKESA,efer-test/shaw-2021_efer-SAMN15148247-s.gfa.gz,YES,1309701,efer-test/shaw-2021_efer-SAMN15148247-s.gfa.csv,YES,6302,contig|plasmid_score|chrom_score|label|length|chr_coverage|pl_coverage|un_coverage|hybrid_mapsto,plasmid;chromosome;ambiguous;unlabeled,NOT_PUBLISHED_IN_METADATA,IN_GFA: dp tag (Unicycler) / KC tag (SKESA),Shaw2021,https://github.com/fmfi-compbio/plasgraph2-datasets/blob/06cdf1524a9d424b5eb97628be26b87f854d398a/efer-test/shaw-2021_efer-SAMN15148247-s.gfa.gz,06cdf1524a9d424b5eb97628be26b87f854d398a,LICENCE_NOT_DOCUMENTED,COMPLETE_FOR_ACCESSIONS;MISSING_STRAIN_BIOPROJECT_ASSEMBLY
shaw-2021_efer-SAMN15148269-u,shaw-2021_efer-SAMN15148269,SAMN15148269,efer-test,Escherichia fergusonii,NOT_IN_SOURCE_METADATA,SRR11949397,SRR12298756,Nanopore,SAMN15148269,NOT_IN_SOURCE_METADATA,NOT_IN_SOURCE_METADATA,Unicycler,efer-test/shaw-2021_efer-SAMN15148269-u.gfa.gz,YES,1481177,efer-test/shaw-2021_efer-SAMN15148269-u.gfa.csv,YES,5328,contig|plasmid_score|chrom_score|label|length|chr_coverage|pl_coverage|un_coverage|hybrid_mapsto,plasmid;chromosome;ambiguous;unlabeled,NOT_PUBLISHED_IN_METADATA,IN_GFA: dp tag (Unicycler) / KC tag (SKESA),Shaw2021,https://github.com/fmfi-compbio/plasgraph2-datasets/blob/06cdf1524a9d424b5eb97628be26b87f854d398a/efer-test/shaw-2021_efer-SAMN15148269-u.gfa.gz,06cdf1524a9d424b5eb97628be26b87f854d398a,LICENCE_NOT_DOCUMENTED,COMPLETE_FOR_ACCESSIONS;MISSING_STRAIN_BIOPROJECT_ASSEMBLY
shaw-2021_efer-SAMN15148269-s,shaw-2021_efer-SAMN15148269,SAMN15148269,efer-test,Escherichia fergusonii,NOT_IN_SOURCE_METADATA,SRR11949397,SRR12298756,Nanopore,SAMN15148269,NOT_IN_SOURCE_METADATA,NOT_IN_SOURCE_METADATA,SKESA,efer-test/shaw-2021_efer-SAMN15148269-s.gfa.gz,YES,1484806,efer-test/shaw-2021_efer-SAMN15148269-s.gfa.csv,YES,7918,contig|plasmid_score|chrom_score|label|length|chr_coverage|pl_coverage|un_coverage|hybrid_mapsto,plasmid;chromosome;ambiguous;unlabeled,NOT_PUBLISHED_IN_METADATA,IN_GFA: dp tag (Unicycler) / KC tag (SKESA),Shaw2021,https://github.com/fmfi-compbio/plasgraph2-datasets/blob/06cdf1524a9d424b5eb97628be26b87f854d398a/efer-test/shaw-2021_efer-SAMN15148269-s.gfa.gz,06cdf1524a9d424b5eb97628be26b87f854d398a,LICENCE_NOT_DOCUMENTED,COMPLETE_FOR_ACCESSIONS;MISSING_STRAIN_BIOPROJECT_ASSEMBLY
shaw-2021_efer-SAMN15148274-u,shaw-2021_efer-SAMN15148274,SAMN15148274,efer-test,Escherichia fergusonii,NOT_IN_SOURCE_METADATA,SRR11949392,SRR12298751,Nanopore,SAMN15148274,NOT_IN_SOURCE_METADATA,NOT_IN_SOURCE_METADATA,Unicycler,efer-test/shaw-2021_efer-SAMN15148274-u.gfa.gz,YES,1440617,efer-test/shaw-2021_efer-SAMN15148274-u.gfa.csv,YES,14851,contig|plasmid_score|chrom_score|label|length|chr_coverage|pl_coverage|un_coverage|hybrid_mapsto,plasmid;chromosome;ambiguous;unlabeled,NOT_PUBLISHED_IN_METADATA,IN_GFA: dp tag (Unicycler) / KC tag (SKESA),Shaw2021,https://github.com/fmfi-compbio/plasgraph2-datasets/blob/06cdf1524a9d424b5eb97628be26b87f854d398a/efer-test/shaw-2021_efer-SAMN15148274-u.gfa.gz,06cdf1524a9d424b5eb97628be26b87f854d398a,LICENCE_NOT_DOCUMENTED,COMPLETE_FOR_ACCESSIONS;MISSING_STRAIN_BIOPROJECT_ASSEMBLY
shaw-2021_efer-SAMN15148274-s,shaw-2021_efer-SAMN15148274,SAMN15148274,efer-test,Escherichia fergusonii,NOT_IN_SOURCE_METADATA,SRR11949392,SRR12298751,Nanopore,SAMN15148274,NOT_IN_SOURCE_METADATA,NOT_IN_SOURCE_METADATA,SKESA,efer-test/shaw-2021_efer-SAMN15148274-s.gfa.gz,YES,1449694,efer-test/shaw-2021_efer-SAMN15148274-s.gfa.csv,YES,20001,contig|plasmid_score|chrom_score|label|length|chr_coverage|pl_coverage|un_coverage|hybrid_mapsto,plasmid;chromosome;ambiguous;unlabeled,NOT_PUBLISHED_IN_METADATA,IN_GFA: dp tag (Unicycler) / KC tag (SKESA),Shaw2021,https://github.com/fmfi-compbio/plasgraph2-datasets/blob/06cdf1524a9d424b5eb97628be26b87f854d398a/efer-test/shaw-2021_efer-SAMN15148274-s.gfa.gz,06cdf1524a9d424b5eb97628be26b87f854d398a,LICENCE_NOT_DOCUMENTED,COMPLETE_FOR_ACCESSIONS;MISSING_STRAIN_BIOPROJECT_ASSEMBLY
shaw-2021_efer-SAMN15148286-u,shaw-2021_efer-SAMN15148286,SAMN15148286,efer-test,Escherichia fergusonii,NOT_IN_SOURCE_METADATA,SRR11949037,SRR12298666,Nanopore,SAMN15148286,NOT_IN_SOURCE_METADATA,NOT_IN_SOURCE_METADATA,Unicycler,efer-test/shaw-2021_efer-SAMN15148286-u.gfa.gz,YES,1402162,efer-test/shaw-2021_efer-SAMN15148286-u.gfa.csv,YES,2362,contig|plasmid_score|chrom_score|label|length|chr_coverage|pl_coverage|un_coverage|hybrid_mapsto,plasmid;chromosome;ambiguous;unlabeled,NOT_PUBLISHED_IN_METADATA,IN_GFA: dp tag (Unicycler) / KC tag (SKESA),Shaw2021,https://github.com/fmfi-compbio/plasgraph2-datasets/blob/06cdf1524a9d424b5eb97628be26b87f854d398a/efer-test/shaw-2021_efer-SAMN15148286-u.gfa.gz,06cdf1524a9d424b5eb97628be26b87f854d398a,LICENCE_NOT_DOCUMENTED,COMPLETE_FOR_ACCESSIONS;MISSING_STRAIN_BIOPROJECT_ASSEMBLY
shaw-2021_efer-SAMN15148286-s,shaw-2021_efer-SAMN15148286,SAMN15148286,efer-test,Escherichia fergusonii,NOT_IN_SOURCE_METADATA,SRR11949037,SRR12298666,Nanopore,SAMN15148286,NOT_IN_SOURCE_METADATA,NOT_IN_SOURCE_METADATA,SKESA,efer-test/shaw-2021_efer-SAMN15148286-s.gfa.gz,YES,1406478,efer-test/shaw-2021_efer-SAMN15148286-s.gfa.csv,YES,6596,contig|plasmid_score|chrom_score|label|length|chr_coverage|pl_coverage|un_coverage|hybrid_mapsto,plasmid;chromosome;ambiguous;unlabeled,NOT_PUBLISHED_IN_METADATA,IN_GFA: dp tag (Unicycler) / KC tag (SKESA),Shaw2021,https://github.com/fmfi-compbio/plasgraph2-datasets/blob/06cdf1524a9d424b5eb97628be26b87f854d398a/efer-test/shaw-2021_efer-SAMN15148286-s.gfa.gz,06cdf1524a9d424b5eb97628be26b87f854d398a,LICENCE_NOT_DOCUMENTED,COMPLETE_FOR_ACCESSIONS;MISSING_STRAIN_BIOPROJECT_ASSEMBLY
shaw-2021_efer-SAMN15148292-u,shaw-2021_efer-SAMN15148292,SAMN15148292,efer-test,Escherichia fergusonii,NOT_IN_SOURCE_METADATA,SRR11949212,SRR12298659,Nanopore,SAMN15148292,NOT_IN_SOURCE_METADATA,NOT_IN_SOURCE_METADATA,Unicycler,efer-test/shaw-2021_efer-SAMN15148292-u.gfa.gz,YES,1402144,efer-test/shaw-2021_efer-SAMN15148292-u.gfa.csv,YES,2419,contig|plasmid_score|chrom_score|label|length|chr_coverage|pl_coverage|un_coverage|hybrid_mapsto,plasmid;chromosome;ambiguous;unlabeled,NOT_PUBLISHED_IN_METADATA,IN_GFA: dp tag (Unicycler) / KC tag (SKESA),Shaw2021,https://github.com/fmfi-compbio/plasgraph2-datasets/blob/06cdf1524a9d424b5eb97628be26b87f854d398a/efer-test/shaw-2021_efer-SAMN15148292-u.gfa.gz,06cdf1524a9d424b5eb97628be26b87f854d398a,LICENCE_NOT_DOCUMENTED,COMPLETE_FOR_ACCESSIONS;MISSING_STRAIN_BIOPROJECT_ASSEMBLY
shaw-2021_efer-SAMN15148292-s,shaw-2021_efer-SAMN15148292,SAMN15148292,efer-test,Escherichia fergusonii,NOT_IN_SOURCE_METADATA,SRR11949212,SRR12298659,Nanopore,SAMN15148292,NOT_IN_SOURCE_METADATA,NOT_IN_SOURCE_METADATA,SKESA,efer-test/shaw-2021_efer-SAMN15148292-s.gfa.gz,YES,1406597,efer-test/shaw-2021_efer-SAMN15148292-s.gfa.csv,YES,6855,contig|plasmid_score|chrom_score|label|length|chr_coverage|pl_coverage|un_coverage|hybrid_mapsto,plasmid;chromosome;ambiguous;unlabeled,NOT_PUBLISHED_IN_METADATA,IN_GFA: dp tag (Unicycler) / KC tag (SKESA),Shaw2021,https://github.com/fmfi-compbio/plasgraph2-datasets/blob/06cdf1524a9d424b5eb97628be26b87f854d398a/efer-test/shaw-2021_efer-SAMN15148292-s.gfa.gz,06cdf1524a9d424b5eb97628be26b87f854d398a,LICENCE_NOT_DOCUMENTED,COMPLETE_FOR_ACCESSIONS;MISSING_STRAIN_BIOPROJECT_ASSEMBLY
shaw-2021_efer-SAMN15148304-u,shaw-2021_efer-SAMN15148304,SAMN15148304,efer-test,Escherichia fergusonii,NOT_IN_SOURCE_METADATA,SRR11949199,SRR12298646,Nanopore,SAMN15148304,NOT_IN_SOURCE_METADATA,NOT_IN_SOURCE_METADATA,Unicycler,efer-test/shaw-2021_efer-SAMN15148304-u.gfa.gz,YES,1318849,efer-test/shaw-2021_efer-SAMN15148304-u.gfa.csv,YES,4408,contig|plasmid_score|chrom_score|label|length|chr_coverage|pl_coverage|un_coverage|hybrid_mapsto,plasmid;chromosome;ambiguous;unlabeled,NOT_PUBLISHED_IN_METADATA,IN_GFA: dp tag (Unicycler) / KC tag (SKESA),Shaw2021,https://github.com/fmfi-compbio/plasgraph2-datasets/blob/06cdf1524a9d424b5eb97628be26b87f854d398a/efer-test/shaw-2021_efer-SAMN15148304-u.gfa.gz,06cdf1524a9d424b5eb97628be26b87f854d398a,LICENCE_NOT_DOCUMENTED,COMPLETE_FOR_ACCESSIONS;MISSING_STRAIN_BIOPROJECT_ASSEMBLY
shaw-2021_efer-SAMN15148304-s,shaw-2021_efer-SAMN15148304,SAMN15148304,efer-test,Escherichia fergusonii,NOT_IN_SOURCE_METADATA,SRR11949199,SRR12298646,Nanopore,SAMN15148304,NOT_IN_SOURCE_METADATA,NOT_IN_SOURCE_METADATA,SKESA,efer-test/shaw-2021_efer-SAMN15148304-s.gfa.gz,YES,1322700,efer-test/shaw-2021_efer-SAMN15148304-s.gfa.csv,YES,6821,contig|plasmid_score|chrom_score|label|length|chr_coverage|pl_coverage|un_coverage|hybrid_mapsto,plasmid;chromosome;ambiguous;unlabeled,NOT_PUBLISHED_IN_METADATA,IN_GFA: dp tag (Unicycler) / KC tag (SKESA),Shaw2021,https://github.com/fmfi-compbio/plasgraph2-datasets/blob/06cdf1524a9d424b5eb97628be26b87f854d398a/efer-test/shaw-2021_efer-SAMN15148304-s.gfa.gz,06cdf1524a9d424b5eb97628be26b87f854d398a,LICENCE_NOT_DOCUMENTED,COMPLETE_FOR_ACCESSIONS;MISSING_STRAIN_BIOPROJECT_ASSEMBLY
shaw-2021_efer-SAMN15148308-u,shaw-2021_efer-SAMN15148308,SAMN15148308,efer-test,Escherichia fergusonii,NOT_IN_SOURCE_METADATA,SRR11948760,SRR12298641,Nanopore,SAMN15148308,NOT_IN_SOURCE_METADATA,NOT_IN_SOURCE_METADATA,Unicycler,efer-test/shaw-2021_efer-SAMN15148308-u.gfa.gz,YES,1315358,efer-test/shaw-2021_efer-SAMN15148308-u.gfa.csv,YES,3903,contig|plasmid_score|chrom_score|label|length|chr_coverage|pl_coverage|un_coverage|hybrid_mapsto,plasmid;chromosome;ambiguous;unlabeled,NOT_PUBLISHED_IN_METADATA,IN_GFA: dp tag (Unicycler) / KC tag (SKESA),Shaw2021,https://github.com/fmfi-compbio/plasgraph2-datasets/blob/06cdf1524a9d424b5eb97628be26b87f854d398a/efer-test/shaw-2021_efer-SAMN15148308-u.gfa.gz,06cdf1524a9d424b5eb97628be26b87f854d398a,LICENCE_NOT_DOCUMENTED,COMPLETE_FOR_ACCESSIONS;MISSING_STRAIN_BIOPROJECT_ASSEMBLY
shaw-2021_efer-SAMN15148308-s,shaw-2021_efer-SAMN15148308,SAMN15148308,efer-test,Escherichia fergusonii,NOT_IN_SOURCE_METADATA,SRR11948760,SRR12298641,Nanopore,SAMN15148308,NOT_IN_SOURCE_METADATA,NOT_IN_SOURCE_METADATA,SKESA,efer-test/shaw-2021_efer-SAMN15148308-s.gfa.gz,YES,1318564,efer-test/shaw-2021_efer-SAMN15148308-s.gfa.csv,YES,6432,contig|plasmid_score|chrom_score|label|length|chr_coverage|pl_coverage|un_coverage|hybrid_mapsto,plasmid;chromosome;ambiguous;unlabeled,NOT_PUBLISHED_IN_METADATA,IN_GFA: dp tag (Unicycler) / KC tag (SKESA),Shaw2021,https://github.com/fmfi-compbio/plasgraph2-datasets/blob/06cdf1524a9d424b5eb97628be26b87f854d398a/efer-test/shaw-2021_efer-SAMN15148308-s.gfa.gz,06cdf1524a9d424b5eb97628be26b87f854d398a,LICENCE_NOT_DOCUMENTED,COMPLETE_FOR_ACCESSIONS;MISSING_STRAIN_BIOPROJECT_ASSEMBLY
shaw-2021_efer-SAMN15148313-u,shaw-2021_efer-SAMN15148313,SAMN15148313,efer-test,Escherichia fergusonii,NOT_IN_SOURCE_METADATA,SRR11948755,SRR12298636,Nanopore,SAMN15148313,NOT_IN_SOURCE_METADATA,NOT_IN_SOURCE_METADATA,Unicycler,efer-test/shaw-2021_efer-SAMN15148313-u.gfa.gz,YES,1444095,efer-test/shaw-2021_efer-SAMN15148313-u.gfa.csv,YES,6510,contig|plasmid_score|chrom_score|label|length|chr_coverage|pl_coverage|un_coverage|hybrid_mapsto,plasmid;chromosome;ambiguous;unlabeled,NOT_PUBLISHED_IN_METADATA,IN_GFA: dp tag (Unicycler) / KC tag (SKESA),Shaw2021,https://github.com/fmfi-compbio/plasgraph2-datasets/blob/06cdf1524a9d424b5eb97628be26b87f854d398a/efer-test/shaw-2021_efer-SAMN15148313-u.gfa.gz,06cdf1524a9d424b5eb97628be26b87f854d398a,LICENCE_NOT_DOCUMENTED,COMPLETE_FOR_ACCESSIONS;MISSING_STRAIN_BIOPROJECT_ASSEMBLY
shaw-2021_efer-SAMN15148313-s,shaw-2021_efer-SAMN15148313,SAMN15148313,efer-test,Escherichia fergusonii,NOT_IN_SOURCE_METADATA,SRR11948755,SRR12298636,Nanopore,SAMN15148313,NOT_IN_SOURCE_METADATA,NOT_IN_SOURCE_METADATA,SKESA,efer-test/shaw-2021_efer-SAMN15148313-s.gfa.gz,YES,1448485,efer-test/shaw-2021_efer-SAMN15148313-s.gfa.csv,YES,10896,contig|plasmid_score|chrom_score|label|length|chr_coverage|pl_coverage|un_coverage|hybrid_mapsto,plasmid;chromosome;ambiguous;unlabeled,NOT_PUBLISHED_IN_METADATA,IN_GFA: dp tag (Unicycler) / KC tag (SKESA),Shaw2021,https://github.com/fmfi-compbio/plasgraph2-datasets/blob/06cdf1524a9d424b5eb97628be26b87f854d398a/efer-test/shaw-2021_efer-SAMN15148313-s.gfa.gz,06cdf1524a9d424b5eb97628be26b87f854d398a,LICENCE_NOT_DOCUMENTED,COMPLETE_FOR_ACCESSIONS;MISSING_STRAIN_BIOPROJECT_ASSEMBLY
shaw-2021_efer-SAMN15148315-u,shaw-2021_efer-SAMN15148315,SAMN15148315,efer-test,Escherichia fergusonii,NOT_IN_SOURCE_METADATA,SRR11948753,SRR12298634,Nanopore,SAMN15148315,NOT_IN_SOURCE_METADATA,NOT_IN_SOURCE_METADATA,Unicycler,efer-test/shaw-2021_efer-SAMN15148315-u.gfa.gz,YES,1378696,efer-test/shaw-2021_efer-SAMN15148315-u.gfa.csv,YES,7507,contig|plasmid_score|chrom_score|label|length|chr_coverage|pl_coverage|un_coverage|hybrid_mapsto,plasmid;chromosome;ambiguous;unlabeled,NOT_PUBLISHED_IN_METADATA,IN_GFA: dp tag (Unicycler) / KC tag (SKESA),Shaw2021,https://github.com/fmfi-compbio/plasgraph2-datasets/blob/06cdf1524a9d424b5eb97628be26b87f854d398a/efer-test/shaw-2021_efer-SAMN15148315-u.gfa.gz,06cdf1524a9d424b5eb97628be26b87f854d398a,LICENCE_NOT_DOCUMENTED,COMPLETE_FOR_ACCESSIONS;MISSING_STRAIN_BIOPROJECT_ASSEMBLY
shaw-2021_efer-SAMN15148315-s,shaw-2021_efer-SAMN15148315,SAMN15148315,efer-test,Escherichia fergusonii,NOT_IN_SOURCE_METADATA,SRR11948753,SRR12298634,Nanopore,SAMN15148315,NOT_IN_SOURCE_METADATA,NOT_IN_SOURCE_METADATA,SKESA,efer-test/shaw-2021_efer-SAMN15148315-s.gfa.gz,YES,1382965,efer-test/shaw-2021_efer-SAMN15148315-s.gfa.csv,YES,8378,contig|plasmid_score|chrom_score|label|length|chr_coverage|pl_coverage|un_coverage|hybrid_mapsto,plasmid;chromosome;ambiguous;unlabeled,NOT_PUBLISHED_IN_METADATA,IN_GFA: dp tag (Unicycler) / KC tag (SKESA),Shaw2021,https://github.com/fmfi-compbio/plasgraph2-datasets/blob/06cdf1524a9d424b5eb97628be26b87f854d398a/efer-test/shaw-2021_efer-SAMN15148315-s.gfa.gz,06cdf1524a9d424b5eb97628be26b87f854d398a,LICENCE_NOT_DOCUMENTED,COMPLETE_FOR_ACCESSIONS;MISSING_STRAIN_BIOPROJECT_ASSEMBLY
shaw-2021_efer-SAMN15148317-u,shaw-2021_efer-SAMN15148317,SAMN15148317,efer-test,Escherichia fergusonii,NOT_IN_SOURCE_METADATA,SRR11948750,SRR12298631,Nanopore,SAMN15148317,NOT_IN_SOURCE_METADATA,NOT_IN_SOURCE_METADATA,Unicycler,efer-test/shaw-2021_efer-SAMN15148317-u.gfa.gz,YES,1382168,efer-test/shaw-2021_efer-SAMN15148317-u.gfa.csv,YES,3200,contig|plasmid_score|chrom_score|label|length|chr_coverage|pl_coverage|un_coverage|hybrid_mapsto,plasmid;chromosome;ambiguous;unlabeled,NOT_PUBLISHED_IN_METADATA,IN_GFA: dp tag (Unicycler) / KC tag (SKESA),Shaw2021,https://github.com/fmfi-compbio/plasgraph2-datasets/blob/06cdf1524a9d424b5eb97628be26b87f854d398a/efer-test/shaw-2021_efer-SAMN15148317-u.gfa.gz,06cdf1524a9d424b5eb97628be26b87f854d398a,LICENCE_NOT_DOCUMENTED,COMPLETE_FOR_ACCESSIONS;MISSING_STRAIN_BIOPROJECT_ASSEMBLY
shaw-2021_efer-SAMN15148317-s,shaw-2021_efer-SAMN15148317,SAMN15148317,efer-test,Escherichia fergusonii,NOT_IN_SOURCE_METADATA,SRR11948750,SRR12298631,Nanopore,SAMN15148317,NOT_IN_SOURCE_METADATA,NOT_IN_SOURCE_METADATA,SKESA,efer-test/shaw-2021_efer-SAMN15148317-s.gfa.gz,YES,1384745,efer-test/shaw-2021_efer-SAMN15148317-s.gfa.csv,YES,3967,contig|plasmid_score|chrom_score|label|length|chr_coverage|pl_coverage|un_coverage|hybrid_mapsto,plasmid;chromosome;ambiguous;unlabeled,NOT_PUBLISHED_IN_METADATA,IN_GFA: dp tag (Unicycler) / KC tag (SKESA),Shaw2021,https://github.com/fmfi-compbio/plasgraph2-datasets/blob/06cdf1524a9d424b5eb97628be26b87f854d398a/efer-test/shaw-2021_efer-SAMN15148317-s.gfa.gz,06cdf1524a9d424b5eb97628be26b87f854d398a,LICENCE_NOT_DOCUMENTED,COMPLETE_FOR_ACCESSIONS;MISSING_STRAIN_BIOPROJECT_ASSEMBLY
shaw-2021_efer-SAMN15148320-u,shaw-2021_efer-SAMN15148320,SAMN15148320,efer-test,Escherichia fergusonii,NOT_IN_SOURCE_METADATA,SRR11948747,SRR12298628,Nanopore,SAMN15148320,NOT_IN_SOURCE_METADATA,NOT_IN_SOURCE_METADATA,Unicycler,efer-test/shaw-2021_efer-SAMN15148320-u.gfa.gz,YES,1382326,efer-test/shaw-2021_efer-SAMN15148320-u.gfa.csv,YES,3202,contig|plasmid_score|chrom_score|label|length|chr_coverage|pl_coverage|un_coverage|hybrid_mapsto,plasmid;chromosome;ambiguous;unlabeled,NOT_PUBLISHED_IN_METADATA,IN_GFA: dp tag (Unicycler) / KC tag (SKESA),Shaw2021,https://github.com/fmfi-compbio/plasgraph2-datasets/blob/06cdf1524a9d424b5eb97628be26b87f854d398a/efer-test/shaw-2021_efer-SAMN15148320-u.gfa.gz,06cdf1524a9d424b5eb97628be26b87f854d398a,LICENCE_NOT_DOCUMENTED,COMPLETE_FOR_ACCESSIONS;MISSING_STRAIN_BIOPROJECT_ASSEMBLY
shaw-2021_efer-SAMN15148320-s,shaw-2021_efer-SAMN15148320,SAMN15148320,efer-test,Escherichia fergusonii,NOT_IN_SOURCE_METADATA,SRR11948747,SRR12298628,Nanopore,SAMN15148320,NOT_IN_SOURCE_METADATA,NOT_IN_SOURCE_METADATA,SKESA,efer-test/shaw-2021_efer-SAMN15148320-s.gfa.gz,YES,1384761,efer-test/shaw-2021_efer-SAMN15148320-s.gfa.csv,YES,4004,contig|plasmid_score|chrom_score|label|length|chr_coverage|pl_coverage|un_coverage|hybrid_mapsto,plasmid;chromosome;ambiguous;unlabeled,NOT_PUBLISHED_IN_METADATA,IN_GFA: dp tag (Unicycler) / KC tag (SKESA),Shaw2021,https://github.com/fmfi-compbio/plasgraph2-datasets/blob/06cdf1524a9d424b5eb97628be26b87f854d398a/efer-test/shaw-2021_efer-SAMN15148320-s.gfa.gz,06cdf1524a9d424b5eb97628be26b87f854d398a,LICENCE_NOT_DOCUMENTED,COMPLETE_FOR_ACCESSIONS;MISSING_STRAIN_BIOPROJECT_ASSEMBLY
shaw-2021_efer-SAMN15148324-u,shaw-2021_efer-SAMN15148324,SAMN15148324,efer-test,Escherichia fergusonii,NOT_IN_SOURCE_METADATA,SRR11949193,SRR12298624,Nanopore,SAMN15148324,NOT_IN_SOURCE_METADATA,NOT_IN_SOURCE_METADATA,Unicycler,efer-test/shaw-2021_efer-SAMN15148324-u.gfa.gz,YES,1361834,efer-test/shaw-2021_efer-SAMN15148324-u.gfa.csv,YES,4378,contig|plasmid_score|chrom_score|label|length|chr_coverage|pl_coverage|un_coverage|hybrid_mapsto,plasmid;chromosome;ambiguous;unlabeled,NOT_PUBLISHED_IN_METADATA,IN_GFA: dp tag (Unicycler) / KC tag (SKESA),Shaw2021,https://github.com/fmfi-compbio/plasgraph2-datasets/blob/06cdf1524a9d424b5eb97628be26b87f854d398a/efer-test/shaw-2021_efer-SAMN15148324-u.gfa.gz,06cdf1524a9d424b5eb97628be26b87f854d398a,LICENCE_NOT_DOCUMENTED,COMPLETE_FOR_ACCESSIONS;MISSING_STRAIN_BIOPROJECT_ASSEMBLY
shaw-2021_efer-SAMN15148324-s,shaw-2021_efer-SAMN15148324,SAMN15148324,efer-test,Escherichia fergusonii,NOT_IN_SOURCE_METADATA,SRR11949193,SRR12298624,Nanopore,SAMN15148324,NOT_IN_SOURCE_METADATA,NOT_IN_SOURCE_METADATA,SKESA,efer-test/shaw-2021_efer-SAMN15148324-s.gfa.gz,YES,1364605,efer-test/shaw-2021_efer-SAMN15148324-s.gfa.csv,YES,5587,contig|plasmid_score|chrom_score|label|length|chr_coverage|pl_coverage|un_coverage|hybrid_mapsto,plasmid;chromosome;ambiguous;unlabeled,NOT_PUBLISHED_IN_METADATA,IN_GFA: dp tag (Unicycler) / KC tag (SKESA),Shaw2021,https://github.com/fmfi-compbio/plasgraph2-datasets/blob/06cdf1524a9d424b5eb97628be26b87f854d398a/efer-test/shaw-2021_efer-SAMN15148324-s.gfa.gz,06cdf1524a9d424b5eb97628be26b87f854d398a,LICENCE_NOT_DOCUMENTED,COMPLETE_FOR_ACCESSIONS;MISSING_STRAIN_BIOPROJECT_ASSEMBLY
shaw-2021_efer-SAMN15148325-u,shaw-2021_efer-SAMN15148325,SAMN15148325,efer-test,Escherichia fergusonii,NOT_IN_SOURCE_METADATA,SRR11949192,SRR12298623,Nanopore,SAMN15148325,NOT_IN_SOURCE_METADATA,NOT_IN_SOURCE_METADATA,Unicycler,efer-test/shaw-2021_efer-SAMN15148325-u.gfa.gz,YES,1429501,efer-test/shaw-2021_efer-SAMN15148325-u.gfa.csv,YES,5753,contig|plasmid_score|chrom_score|label|length|chr_coverage|pl_coverage|un_coverage|hybrid_mapsto,plasmid;chromosome;ambiguous;unlabeled,NOT_PUBLISHED_IN_METADATA,IN_GFA: dp tag (Unicycler) / KC tag (SKESA),Shaw2021,https://github.com/fmfi-compbio/plasgraph2-datasets/blob/06cdf1524a9d424b5eb97628be26b87f854d398a/efer-test/shaw-2021_efer-SAMN15148325-u.gfa.gz,06cdf1524a9d424b5eb97628be26b87f854d398a,LICENCE_NOT_DOCUMENTED,COMPLETE_FOR_ACCESSIONS;MISSING_STRAIN_BIOPROJECT_ASSEMBLY
shaw-2021_efer-SAMN15148325-s,shaw-2021_efer-SAMN15148325,SAMN15148325,efer-test,Escherichia fergusonii,NOT_IN_SOURCE_METADATA,SRR11949192,SRR12298623,Nanopore,SAMN15148325,NOT_IN_SOURCE_METADATA,NOT_IN_SOURCE_METADATA,SKESA,efer-test/shaw-2021_efer-SAMN15148325-s.gfa.gz,YES,1436806,efer-test/shaw-2021_efer-SAMN15148325-s.gfa.csv,YES,10881,contig|plasmid_score|chrom_score|label|length|chr_coverage|pl_coverage|un_coverage|hybrid_mapsto,plasmid;chromosome;ambiguous;unlabeled,NOT_PUBLISHED_IN_METADATA,IN_GFA: dp tag (Unicycler) / KC tag (SKESA),Shaw2021,https://github.com/fmfi-compbio/plasgraph2-datasets/blob/06cdf1524a9d424b5eb97628be26b87f854d398a/efer-test/shaw-2021_efer-SAMN15148325-s.gfa.gz,06cdf1524a9d424b5eb97628be26b87f854d398a,LICENCE_NOT_DOCUMENTED,COMPLETE_FOR_ACCESSIONS;MISSING_STRAIN_BIOPROJECT_ASSEMBLY
shaw-2021_efer-SAMN15148326-u,shaw-2021_efer-SAMN15148326,SAMN15148326,efer-test,Escherichia fergusonii,NOT_IN_SOURCE_METADATA,SRR11949191,SRR12298622,Nanopore,SAMN15148326,NOT_IN_SOURCE_METADATA,NOT_IN_SOURCE_METADATA,Unicycler,efer-test/shaw-2021_efer-SAMN15148326-u.gfa.gz,YES,1430297,efer-test/shaw-2021_efer-SAMN15148326-u.gfa.csv,YES,5709,contig|plasmid_score|chrom_score|label|length|chr_coverage|pl_coverage|un_coverage|hybrid_mapsto,plasmid;chromosome;ambiguous;unlabeled,NOT_PUBLISHED_IN_METADATA,IN_GFA: dp tag (Unicycler) / KC tag (SKESA),Shaw2021,https://github.com/fmfi-compbio/plasgraph2-datasets/blob/06cdf1524a9d424b5eb97628be26b87f854d398a/efer-test/shaw-2021_efer-SAMN15148326-u.gfa.gz,06cdf1524a9d424b5eb97628be26b87f854d398a,LICENCE_NOT_DOCUMENTED,COMPLETE_FOR_ACCESSIONS;MISSING_STRAIN_BIOPROJECT_ASSEMBLY
shaw-2021_efer-SAMN15148326-s,shaw-2021_efer-SAMN15148326,SAMN15148326,efer-test,Escherichia fergusonii,NOT_IN_SOURCE_METADATA,SRR11949191,SRR12298622,Nanopore,SAMN15148326,NOT_IN_SOURCE_METADATA,NOT_IN_SOURCE_METADATA,SKESA,efer-test/shaw-2021_efer-SAMN15148326-s.gfa.gz,YES,1436775,efer-test/shaw-2021_efer-SAMN15148326-s.gfa.csv,YES,10479,contig|plasmid_score|chrom_score|label|length|chr_coverage|pl_coverage|un_coverage|hybrid_mapsto,plasmid;chromosome;ambiguous;unlabeled,NOT_PUBLISHED_IN_METADATA,IN_GFA: dp tag (Unicycler) / KC tag (SKESA),Shaw2021,https://github.com/fmfi-compbio/plasgraph2-datasets/blob/06cdf1524a9d424b5eb97628be26b87f854d398a/efer-test/shaw-2021_efer-SAMN15148326-s.gfa.gz,06cdf1524a9d424b5eb97628be26b87f854d398a,LICENCE_NOT_DOCUMENTED,COMPLETE_FOR_ACCESSIONS;MISSING_STRAIN_BIOPROJECT_ASSEMBLY
shaw-2021_efer-SAMN15148372-u,shaw-2021_efer-SAMN15148372,SAMN15148372,efer-test,Escherichia fergusonii,NOT_IN_SOURCE_METADATA,SRR11949363,SRR12299047,Nanopore,SAMN15148372,NOT_IN_SOURCE_METADATA,NOT_IN_SOURCE_METADATA,Unicycler,efer-test/shaw-2021_efer-SAMN15148372-u.gfa.gz,YES,1341342,efer-test/shaw-2021_efer-SAMN15148372-u.gfa.csv,YES,4873,contig|plasmid_score|chrom_score|label|length|chr_coverage|pl_coverage|un_coverage|hybrid_mapsto,plasmid;chromosome;ambiguous;unlabeled,NOT_PUBLISHED_IN_METADATA,IN_GFA: dp tag (Unicycler) / KC tag (SKESA),Shaw2021,https://github.com/fmfi-compbio/plasgraph2-datasets/blob/06cdf1524a9d424b5eb97628be26b87f854d398a/efer-test/shaw-2021_efer-SAMN15148372-u.gfa.gz,06cdf1524a9d424b5eb97628be26b87f854d398a,LICENCE_NOT_DOCUMENTED,COMPLETE_FOR_ACCESSIONS;MISSING_STRAIN_BIOPROJECT_ASSEMBLY
shaw-2021_efer-SAMN15148372-s,shaw-2021_efer-SAMN15148372,SAMN15148372,efer-test,Escherichia fergusonii,NOT_IN_SOURCE_METADATA,SRR11949363,SRR12299047,Nanopore,SAMN15148372,NOT_IN_SOURCE_METADATA,NOT_IN_SOURCE_METADATA,SKESA,efer-test/shaw-2021_efer-SAMN15148372-s.gfa.gz,YES,1347518,efer-test/shaw-2021_efer-SAMN15148372-s.gfa.csv,YES,9199,contig|plasmid_score|chrom_score|label|length|chr_coverage|pl_coverage|un_coverage|hybrid_mapsto,plasmid;chromosome;ambiguous;unlabeled,NOT_PUBLISHED_IN_METADATA,IN_GFA: dp tag (Unicycler) / KC tag (SKESA),Shaw2021,https://github.com/fmfi-compbio/plasgraph2-datasets/blob/06cdf1524a9d424b5eb97628be26b87f854d398a/efer-test/shaw-2021_efer-SAMN15148372-s.gfa.gz,06cdf1524a9d424b5eb97628be26b87f854d398a,LICENCE_NOT_DOCUMENTED,COMPLETE_FOR_ACCESSIONS;MISSING_STRAIN_BIOPROJECT_ASSEMBLY
shaw-2021_efer-SAMN15148373-u,shaw-2021_efer-SAMN15148373,SAMN15148373,efer-test,Escherichia fergusonii,NOT_IN_SOURCE_METADATA,SRR11949362,SRR12299046,Nanopore,SAMN15148373,NOT_IN_SOURCE_METADATA,NOT_IN_SOURCE_METADATA,Unicycler,efer-test/shaw-2021_efer-SAMN15148373-u.gfa.gz,YES,1341891,efer-test/shaw-2021_efer-SAMN15148373-u.gfa.csv,YES,5334,contig|plasmid_score|chrom_score|label|length|chr_coverage|pl_coverage|un_coverage|hybrid_mapsto,plasmid;chromosome;ambiguous;unlabeled,NOT_PUBLISHED_IN_METADATA,IN_GFA: dp tag (Unicycler) / KC tag (SKESA),Shaw2021,https://github.com/fmfi-compbio/plasgraph2-datasets/blob/06cdf1524a9d424b5eb97628be26b87f854d398a/efer-test/shaw-2021_efer-SAMN15148373-u.gfa.gz,06cdf1524a9d424b5eb97628be26b87f854d398a,LICENCE_NOT_DOCUMENTED,COMPLETE_FOR_ACCESSIONS;MISSING_STRAIN_BIOPROJECT_ASSEMBLY
shaw-2021_efer-SAMN15148373-s,shaw-2021_efer-SAMN15148373,SAMN15148373,efer-test,Escherichia fergusonii,NOT_IN_SOURCE_METADATA,SRR11949362,SRR12299046,Nanopore,SAMN15148373,NOT_IN_SOURCE_METADATA,NOT_IN_SOURCE_METADATA,SKESA,efer-test/shaw-2021_efer-SAMN15148373-s.gfa.gz,YES,1347325,efer-test/shaw-2021_efer-SAMN15148373-s.gfa.csv,YES,8987,contig|plasmid_score|chrom_score|label|length|chr_coverage|pl_coverage|un_coverage|hybrid_mapsto,plasmid;chromosome;ambiguous;unlabeled,NOT_PUBLISHED_IN_METADATA,IN_GFA: dp tag (Unicycler) / KC tag (SKESA),Shaw2021,https://github.com/fmfi-compbio/plasgraph2-datasets/blob/06cdf1524a9d424b5eb97628be26b87f854d398a/efer-test/shaw-2021_efer-SAMN15148373-s.gfa.gz,06cdf1524a9d424b5eb97628be26b87f854d398a,LICENCE_NOT_DOCUMENTED,COMPLETE_FOR_ACCESSIONS;MISSING_STRAIN_BIOPROJECT_ASSEMBLY
shaw-2021_efer-SAMN15148374-u,shaw-2021_efer-SAMN15148374,SAMN15148374,efer-test,Escherichia fergusonii,NOT_IN_SOURCE_METADATA,SRR11949361,SRR12299045,Nanopore,SAMN15148374,NOT_IN_SOURCE_METADATA,NOT_IN_SOURCE_METADATA,Unicycler,efer-test/shaw-2021_efer-SAMN15148374-u.gfa.gz,YES,1341966,efer-test/shaw-2021_efer-SAMN15148374-u.gfa.csv,YES,5184,contig|plasmid_score|chrom_score|label|length|chr_coverage|pl_coverage|un_coverage|hybrid_mapsto,plasmid;chromosome;ambiguous;unlabeled,NOT_PUBLISHED_IN_METADATA,IN_GFA: dp tag (Unicycler) / KC tag (SKESA),Shaw2021,https://github.com/fmfi-compbio/plasgraph2-datasets/blob/06cdf1524a9d424b5eb97628be26b87f854d398a/efer-test/shaw-2021_efer-SAMN15148374-u.gfa.gz,06cdf1524a9d424b5eb97628be26b87f854d398a,LICENCE_NOT_DOCUMENTED,COMPLETE_FOR_ACCESSIONS;MISSING_STRAIN_BIOPROJECT_ASSEMBLY
shaw-2021_efer-SAMN15148374-s,shaw-2021_efer-SAMN15148374,SAMN15148374,efer-test,Escherichia fergusonii,NOT_IN_SOURCE_METADATA,SRR11949361,SRR12299045,Nanopore,SAMN15148374,NOT_IN_SOURCE_METADATA,NOT_IN_SOURCE_METADATA,SKESA,efer-test/shaw-2021_efer-SAMN15148374-s.gfa.gz,YES,1347274,efer-test/shaw-2021_efer-SAMN15148374-s.gfa.csv,YES,9177,contig|plasmid_score|chrom_score|label|length|chr_coverage|pl_coverage|un_coverage|hybrid_mapsto,plasmid;chromosome;ambiguous;unlabeled,NOT_PUBLISHED_IN_METADATA,IN_GFA: dp tag (Unicycler) / KC tag (SKESA),Shaw2021,https://github.com/fmfi-compbio/plasgraph2-datasets/blob/06cdf1524a9d424b5eb97628be26b87f854d398a/efer-test/shaw-2021_efer-SAMN15148374-s.gfa.gz,06cdf1524a9d424b5eb97628be26b87f854d398a,LICENCE_NOT_DOCUMENTED,COMPLETE_FOR_ACCESSIONS;MISSING_STRAIN_BIOPROJECT_ASSEMBLY
shaw-2021_efer-SAMN15148375-u,shaw-2021_efer-SAMN15148375,SAMN15148375,efer-test,Escherichia fergusonii,NOT_IN_SOURCE_METADATA,SRR11949360,SRR12299044,Nanopore,SAMN15148375,NOT_IN_SOURCE_METADATA,NOT_IN_SOURCE_METADATA,Unicycler,efer-test/shaw-2021_efer-SAMN15148375-u.gfa.gz,YES,1341421,efer-test/shaw-2021_efer-SAMN15148375-u.gfa.csv,YES,5183,contig|plasmid_score|chrom_score|label|length|chr_coverage|pl_coverage|un_coverage|hybrid_mapsto,plasmid;chromosome;ambiguous;unlabeled,NOT_PUBLISHED_IN_METADATA,IN_GFA: dp tag (Unicycler) / KC tag (SKESA),Shaw2021,https://github.com/fmfi-compbio/plasgraph2-datasets/blob/06cdf1524a9d424b5eb97628be26b87f854d398a/efer-test/shaw-2021_efer-SAMN15148375-u.gfa.gz,06cdf1524a9d424b5eb97628be26b87f854d398a,LICENCE_NOT_DOCUMENTED,COMPLETE_FOR_ACCESSIONS;MISSING_STRAIN_BIOPROJECT_ASSEMBLY
shaw-2021_efer-SAMN15148375-s,shaw-2021_efer-SAMN15148375,SAMN15148375,efer-test,Escherichia fergusonii,NOT_IN_SOURCE_METADATA,SRR11949360,SRR12299044,Nanopore,SAMN15148375,NOT_IN_SOURCE_METADATA,NOT_IN_SOURCE_METADATA,SKESA,efer-test/shaw-2021_efer-SAMN15148375-s.gfa.gz,YES,1347455,efer-test/shaw-2021_efer-SAMN15148375-s.gfa.csv,YES,9511,contig|plasmid_score|chrom_score|label|length|chr_coverage|pl_coverage|un_coverage|hybrid_mapsto,plasmid;chromosome;ambiguous;unlabeled,NOT_PUBLISHED_IN_METADATA,IN_GFA: dp tag (Unicycler) / KC tag (SKESA),Shaw2021,https://github.com/fmfi-compbio/plasgraph2-datasets/blob/06cdf1524a9d424b5eb97628be26b87f854d398a/efer-test/shaw-2021_efer-SAMN15148375-s.gfa.gz,06cdf1524a9d424b5eb97628be26b87f854d398a,LICENCE_NOT_DOCUMENTED,COMPLETE_FOR_ACCESSIONS;MISSING_STRAIN_BIOPROJECT_ASSEMBLY
shaw-2021_efer-SAMN15148376-u,shaw-2021_efer-SAMN15148376,SAMN15148376,efer-test,Escherichia fergusonii,NOT_IN_SOURCE_METADATA,SRR11949359,SRR12299043,Nanopore,SAMN15148376,NOT_IN_SOURCE_METADATA,NOT_IN_SOURCE_METADATA,Unicycler,efer-test/shaw-2021_efer-SAMN15148376-u.gfa.gz,YES,1341372,efer-test/shaw-2021_efer-SAMN15148376-u.gfa.csv,YES,4860,contig|plasmid_score|chrom_score|label|length|chr_coverage|pl_coverage|un_coverage|hybrid_mapsto,plasmid;chromosome;ambiguous;unlabeled,NOT_PUBLISHED_IN_METADATA,IN_GFA: dp tag (Unicycler) / KC tag (SKESA),Shaw2021,https://github.com/fmfi-compbio/plasgraph2-datasets/blob/06cdf1524a9d424b5eb97628be26b87f854d398a/efer-test/shaw-2021_efer-SAMN15148376-u.gfa.gz,06cdf1524a9d424b5eb97628be26b87f854d398a,LICENCE_NOT_DOCUMENTED,COMPLETE_FOR_ACCESSIONS;MISSING_STRAIN_BIOPROJECT_ASSEMBLY
shaw-2021_efer-SAMN15148376-s,shaw-2021_efer-SAMN15148376,SAMN15148376,efer-test,Escherichia fergusonii,NOT_IN_SOURCE_METADATA,SRR11949359,SRR12299043,Nanopore,SAMN15148376,NOT_IN_SOURCE_METADATA,NOT_IN_SOURCE_METADATA,SKESA,efer-test/shaw-2021_efer-SAMN15148376-s.gfa.gz,YES,1347393,efer-test/shaw-2021_efer-SAMN15148376-s.gfa.csv,YES,9007,contig|plasmid_score|chrom_score|label|length|chr_coverage|pl_coverage|un_coverage|hybrid_mapsto,plasmid;chromosome;ambiguous;unlabeled,NOT_PUBLISHED_IN_METADATA,IN_GFA: dp tag (Unicycler) / KC tag (SKESA),Shaw2021,https://github.com/fmfi-compbio/plasgraph2-datasets/blob/06cdf1524a9d424b5eb97628be26b87f854d398a/efer-test/shaw-2021_efer-SAMN15148376-s.gfa.gz,06cdf1524a9d424b5eb97628be26b87f854d398a,LICENCE_NOT_DOCUMENTED,COMPLETE_FOR_ACCESSIONS;MISSING_STRAIN_BIOPROJECT_ASSEMBLY
shaw-2021_efer-SAMN15148383-u,shaw-2021_efer-SAMN15148383,SAMN15148383,efer-test,Escherichia fergusonii,NOT_IN_SOURCE_METADATA,SRR11948827,SRR12299035,Nanopore,SAMN15148383,NOT_IN_SOURCE_METADATA,NOT_IN_SOURCE_METADATA,Unicycler,efer-test/shaw-2021_efer-SAMN15148383-u.gfa.gz,YES,1391292,efer-test/shaw-2021_efer-SAMN15148383-u.gfa.csv,YES,7333,contig|plasmid_score|chrom_score|label|length|chr_coverage|pl_coverage|un_coverage|hybrid_mapsto,plasmid;chromosome;ambiguous;unlabeled,NOT_PUBLISHED_IN_METADATA,IN_GFA: dp tag (Unicycler) / KC tag (SKESA),Shaw2021,https://github.com/fmfi-compbio/plasgraph2-datasets/blob/06cdf1524a9d424b5eb97628be26b87f854d398a/efer-test/shaw-2021_efer-SAMN15148383-u.gfa.gz,06cdf1524a9d424b5eb97628be26b87f854d398a,LICENCE_NOT_DOCUMENTED,COMPLETE_FOR_ACCESSIONS;MISSING_STRAIN_BIOPROJECT_ASSEMBLY
shaw-2021_efer-SAMN15148383-s,shaw-2021_efer-SAMN15148383,SAMN15148383,efer-test,Escherichia fergusonii,NOT_IN_SOURCE_METADATA,SRR11948827,SRR12299035,Nanopore,SAMN15148383,NOT_IN_SOURCE_METADATA,NOT_IN_SOURCE_METADATA,SKESA,efer-test/shaw-2021_efer-SAMN15148383-s.gfa.gz,YES,1395549,efer-test/shaw-2021_efer-SAMN15148383-s.gfa.csv,YES,8892,contig|plasmid_score|chrom_score|label|length|chr_coverage|pl_coverage|un_coverage|hybrid_mapsto,plasmid;chromosome;ambiguous;unlabeled,NOT_PUBLISHED_IN_METADATA,IN_GFA: dp tag (Unicycler) / KC tag (SKESA),Shaw2021,https://github.com/fmfi-compbio/plasgraph2-datasets/blob/06cdf1524a9d424b5eb97628be26b87f854d398a/efer-test/shaw-2021_efer-SAMN15148383-s.gfa.gz,06cdf1524a9d424b5eb97628be26b87f854d398a,LICENCE_NOT_DOCUMENTED,COMPLETE_FOR_ACCESSIONS;MISSING_STRAIN_BIOPROJECT_ASSEMBLY
shaw-2021_efer-SAMN15148384-u,shaw-2021_efer-SAMN15148384,SAMN15148384,efer-test,Escherichia fergusonii,NOT_IN_SOURCE_METADATA,SRR11948826,SRR12299034,Nanopore,SAMN15148384,NOT_IN_SOURCE_METADATA,NOT_IN_SOURCE_METADATA,Unicycler,efer-test/shaw-2021_efer-SAMN15148384-u.gfa.gz,YES,1330641,efer-test/shaw-2021_efer-SAMN15148384-u.gfa.csv,YES,3756,contig|plasmid_score|chrom_score|label|length|chr_coverage|pl_coverage|un_coverage|hybrid_mapsto,plasmid;chromosome;ambiguous;unlabeled,NOT_PUBLISHED_IN_METADATA,IN_GFA: dp tag (Unicycler) / KC tag (SKESA),Shaw2021,https://github.com/fmfi-compbio/plasgraph2-datasets/blob/06cdf1524a9d424b5eb97628be26b87f854d398a/efer-test/shaw-2021_efer-SAMN15148384-u.gfa.gz,06cdf1524a9d424b5eb97628be26b87f854d398a,LICENCE_NOT_DOCUMENTED,COMPLETE_FOR_ACCESSIONS;MISSING_STRAIN_BIOPROJECT_ASSEMBLY
shaw-2021_efer-SAMN15148384-s,shaw-2021_efer-SAMN15148384,SAMN15148384,efer-test,Escherichia fergusonii,NOT_IN_SOURCE_METADATA,SRR11948826,SRR12299034,Nanopore,SAMN15148384,NOT_IN_SOURCE_METADATA,NOT_IN_SOURCE_METADATA,SKESA,efer-test/shaw-2021_efer-SAMN15148384-s.gfa.gz,YES,1332905,efer-test/shaw-2021_efer-SAMN15148384-s.gfa.csv,YES,4406,contig|plasmid_score|chrom_score|label|length|chr_coverage|pl_coverage|un_coverage|hybrid_mapsto,plasmid;chromosome;ambiguous;unlabeled,NOT_PUBLISHED_IN_METADATA,IN_GFA: dp tag (Unicycler) / KC tag (SKESA),Shaw2021,https://github.com/fmfi-compbio/plasgraph2-datasets/blob/06cdf1524a9d424b5eb97628be26b87f854d398a/efer-test/shaw-2021_efer-SAMN15148384-s.gfa.gz,06cdf1524a9d424b5eb97628be26b87f854d398a,LICENCE_NOT_DOCUMENTED,COMPLETE_FOR_ACCESSIONS;MISSING_STRAIN_BIOPROJECT_ASSEMBLY
shaw-2021_efer-SAMN15148386-u,shaw-2021_efer-SAMN15148386,SAMN15148386,efer-test,Escherichia fergusonii,NOT_IN_SOURCE_METADATA,SRR11948824,SRR12299032,Nanopore,SAMN15148386,NOT_IN_SOURCE_METADATA,NOT_IN_SOURCE_METADATA,Unicycler,efer-test/shaw-2021_efer-SAMN15148386-u.gfa.gz,YES,1387537,efer-test/shaw-2021_efer-SAMN15148386-u.gfa.csv,YES,7828,contig|plasmid_score|chrom_score|label|length|chr_coverage|pl_coverage|un_coverage|hybrid_mapsto,plasmid;chromosome;ambiguous;unlabeled,NOT_PUBLISHED_IN_METADATA,IN_GFA: dp tag (Unicycler) / KC tag (SKESA),Shaw2021,https://github.com/fmfi-compbio/plasgraph2-datasets/blob/06cdf1524a9d424b5eb97628be26b87f854d398a/efer-test/shaw-2021_efer-SAMN15148386-u.gfa.gz,06cdf1524a9d424b5eb97628be26b87f854d398a,LICENCE_NOT_DOCUMENTED,COMPLETE_FOR_ACCESSIONS;MISSING_STRAIN_BIOPROJECT_ASSEMBLY
shaw-2021_efer-SAMN15148386-s,shaw-2021_efer-SAMN15148386,SAMN15148386,efer-test,Escherichia fergusonii,NOT_IN_SOURCE_METADATA,SRR11948824,SRR12299032,Nanopore,SAMN15148386,NOT_IN_SOURCE_METADATA,NOT_IN_SOURCE_METADATA,SKESA,efer-test/shaw-2021_efer-SAMN15148386-s.gfa.gz,YES,1391381,efer-test/shaw-2021_efer-SAMN15148386-s.gfa.csv,YES,11181,contig|plasmid_score|chrom_score|label|length|chr_coverage|pl_coverage|un_coverage|hybrid_mapsto,plasmid;chromosome;ambiguous;unlabeled,NOT_PUBLISHED_IN_METADATA,IN_GFA: dp tag (Unicycler) / KC tag (SKESA),Shaw2021,https://github.com/fmfi-compbio/plasgraph2-datasets/blob/06cdf1524a9d424b5eb97628be26b87f854d398a/efer-test/shaw-2021_efer-SAMN15148386-s.gfa.gz,06cdf1524a9d424b5eb97628be26b87f854d398a,LICENCE_NOT_DOCUMENTED,COMPLETE_FOR_ACCESSIONS;MISSING_STRAIN_BIOPROJECT_ASSEMBLY
shaw-2021_efer-SAMN15148427-u,shaw-2021_efer-SAMN15148427,SAMN15148427,efer-test,Escherichia fergusonii,NOT_IN_SOURCE_METADATA,SRR11949158,SRR12298539,Nanopore,SAMN15148427,NOT_IN_SOURCE_METADATA,NOT_IN_SOURCE_METADATA,Unicycler,efer-test/shaw-2021_efer-SAMN15148427-u.gfa.gz,YES,1404705,efer-test/shaw-2021_efer-SAMN15148427-u.gfa.csv,YES,7182,contig|plasmid_score|chrom_score|label|length|chr_coverage|pl_coverage|un_coverage|hybrid_mapsto,plasmid;chromosome;ambiguous;unlabeled,NOT_PUBLISHED_IN_METADATA,IN_GFA: dp tag (Unicycler) / KC tag (SKESA),Shaw2021,https://github.com/fmfi-compbio/plasgraph2-datasets/blob/06cdf1524a9d424b5eb97628be26b87f854d398a/efer-test/shaw-2021_efer-SAMN15148427-u.gfa.gz,06cdf1524a9d424b5eb97628be26b87f854d398a,LICENCE_NOT_DOCUMENTED,COMPLETE_FOR_ACCESSIONS;MISSING_STRAIN_BIOPROJECT_ASSEMBLY
shaw-2021_efer-SAMN15148427-s,shaw-2021_efer-SAMN15148427,SAMN15148427,efer-test,Escherichia fergusonii,NOT_IN_SOURCE_METADATA,SRR11949158,SRR12298539,Nanopore,SAMN15148427,NOT_IN_SOURCE_METADATA,NOT_IN_SOURCE_METADATA,SKESA,efer-test/shaw-2021_efer-SAMN15148427-s.gfa.gz,YES,1408164,efer-test/shaw-2021_efer-SAMN15148427-s.gfa.csv,YES,10768,contig|plasmid_score|chrom_score|label|length|chr_coverage|pl_coverage|un_coverage|hybrid_mapsto,plasmid;chromosome;ambiguous;unlabeled,NOT_PUBLISHED_IN_METADATA,IN_GFA: dp tag (Unicycler) / KC tag (SKESA),Shaw2021,https://github.com/fmfi-compbio/plasgraph2-datasets/blob/06cdf1524a9d424b5eb97628be26b87f854d398a/efer-test/shaw-2021_efer-SAMN15148427-s.gfa.gz,06cdf1524a9d424b5eb97628be26b87f854d398a,LICENCE_NOT_DOCUMENTED,COMPLETE_FOR_ACCESSIONS;MISSING_STRAIN_BIOPROJECT_ASSEMBLY
shaw-2021_efer-SAMN15148429-u,shaw-2021_efer-SAMN15148429,SAMN15148429,efer-test,Escherichia fergusonii,NOT_IN_SOURCE_METADATA,SRR11949156,SRR12298537,Nanopore,SAMN15148429,NOT_IN_SOURCE_METADATA,NOT_IN_SOURCE_METADATA,Unicycler,efer-test/shaw-2021_efer-SAMN15148429-u.gfa.gz,YES,1404683,efer-test/shaw-2021_efer-SAMN15148429-u.gfa.csv,YES,7176,contig|plasmid_score|chrom_score|label|length|chr_coverage|pl_coverage|un_coverage|hybrid_mapsto,plasmid;chromosome;ambiguous;unlabeled,NOT_PUBLISHED_IN_METADATA,IN_GFA: dp tag (Unicycler) / KC tag (SKESA),Shaw2021,https://github.com/fmfi-compbio/plasgraph2-datasets/blob/06cdf1524a9d424b5eb97628be26b87f854d398a/efer-test/shaw-2021_efer-SAMN15148429-u.gfa.gz,06cdf1524a9d424b5eb97628be26b87f854d398a,LICENCE_NOT_DOCUMENTED,COMPLETE_FOR_ACCESSIONS;MISSING_STRAIN_BIOPROJECT_ASSEMBLY
shaw-2021_efer-SAMN15148429-s,shaw-2021_efer-SAMN15148429,SAMN15148429,efer-test,Escherichia fergusonii,NOT_IN_SOURCE_METADATA,SRR11949156,SRR12298537,Nanopore,SAMN15148429,NOT_IN_SOURCE_METADATA,NOT_IN_SOURCE_METADATA,SKESA,efer-test/shaw-2021_efer-SAMN15148429-s.gfa.gz,YES,1409904,efer-test/shaw-2021_efer-SAMN15148429-s.gfa.csv,YES,11000,contig|plasmid_score|chrom_score|label|length|chr_coverage|pl_coverage|un_coverage|hybrid_mapsto,plasmid;chromosome;ambiguous;unlabeled,NOT_PUBLISHED_IN_METADATA,IN_GFA: dp tag (Unicycler) / KC tag (SKESA),Shaw2021,https://github.com/fmfi-compbio/plasgraph2-datasets/blob/06cdf1524a9d424b5eb97628be26b87f854d398a/efer-test/shaw-2021_efer-SAMN15148429-s.gfa.gz,06cdf1524a9d424b5eb97628be26b87f854d398a,LICENCE_NOT_DOCUMENTED,COMPLETE_FOR_ACCESSIONS;MISSING_STRAIN_BIOPROJECT_ASSEMBLY
shaw-2021_efer-SAMN15148431-u,shaw-2021_efer-SAMN15148431,SAMN15148431,efer-test,Escherichia fergusonii,NOT_IN_SOURCE_METADATA,SRR11949154,SRR12298535,Nanopore,SAMN15148431,NOT_IN_SOURCE_METADATA,NOT_IN_SOURCE_METADATA,Unicycler,efer-test/shaw-2021_efer-SAMN15148431-u.gfa.gz,YES,1409492,efer-test/shaw-2021_efer-SAMN15148431-u.gfa.csv,YES,4726,contig|plasmid_score|chrom_score|label|length|chr_coverage|pl_coverage|un_coverage|hybrid_mapsto,plasmid;chromosome;ambiguous;unlabeled,NOT_PUBLISHED_IN_METADATA,IN_GFA: dp tag (Unicycler) / KC tag (SKESA),Shaw2021,https://github.com/fmfi-compbio/plasgraph2-datasets/blob/06cdf1524a9d424b5eb97628be26b87f854d398a/efer-test/shaw-2021_efer-SAMN15148431-u.gfa.gz,06cdf1524a9d424b5eb97628be26b87f854d398a,LICENCE_NOT_DOCUMENTED,COMPLETE_FOR_ACCESSIONS;MISSING_STRAIN_BIOPROJECT_ASSEMBLY
shaw-2021_efer-SAMN15148431-s,shaw-2021_efer-SAMN15148431,SAMN15148431,efer-test,Escherichia fergusonii,NOT_IN_SOURCE_METADATA,SRR11949154,SRR12298535,Nanopore,SAMN15148431,NOT_IN_SOURCE_METADATA,NOT_IN_SOURCE_METADATA,SKESA,efer-test/shaw-2021_efer-SAMN15148431-s.gfa.gz,YES,1412857,efer-test/shaw-2021_efer-SAMN15148431-s.gfa.csv,YES,7293,contig|plasmid_score|chrom_score|label|length|chr_coverage|pl_coverage|un_coverage|hybrid_mapsto,plasmid;chromosome;ambiguous;unlabeled,NOT_PUBLISHED_IN_METADATA,IN_GFA: dp tag (Unicycler) / KC tag (SKESA),Shaw2021,https://github.com/fmfi-compbio/plasgraph2-datasets/blob/06cdf1524a9d424b5eb97628be26b87f854d398a/efer-test/shaw-2021_efer-SAMN15148431-s.gfa.gz,06cdf1524a9d424b5eb97628be26b87f854d398a,LICENCE_NOT_DOCUMENTED,COMPLETE_FOR_ACCESSIONS;MISSING_STRAIN_BIOPROJECT_ASSEMBLY
shaw-2021_efer-SAMN15148432-u,shaw-2021_efer-SAMN15148432,SAMN15148432,efer-test,Escherichia fergusonii,NOT_IN_SOURCE_METADATA,SRR11949153,SRR12298534,Nanopore,SAMN15148432,NOT_IN_SOURCE_METADATA,NOT_IN_SOURCE_METADATA,Unicycler,efer-test/shaw-2021_efer-SAMN15148432-u.gfa.gz,YES,1352652,efer-test/shaw-2021_efer-SAMN15148432-u.gfa.csv,YES,3318,contig|plasmid_score|chrom_score|label|length|chr_coverage|pl_coverage|un_coverage|hybrid_mapsto,plasmid;chromosome;ambiguous;unlabeled,NOT_PUBLISHED_IN_METADATA,IN_GFA: dp tag (Unicycler) / KC tag (SKESA),Shaw2021,https://github.com/fmfi-compbio/plasgraph2-datasets/blob/06cdf1524a9d424b5eb97628be26b87f854d398a/efer-test/shaw-2021_efer-SAMN15148432-u.gfa.gz,06cdf1524a9d424b5eb97628be26b87f854d398a,LICENCE_NOT_DOCUMENTED,COMPLETE_FOR_ACCESSIONS;MISSING_STRAIN_BIOPROJECT_ASSEMBLY
shaw-2021_efer-SAMN15148432-s,shaw-2021_efer-SAMN15148432,SAMN15148432,efer-test,Escherichia fergusonii,NOT_IN_SOURCE_METADATA,SRR11949153,SRR12298534,Nanopore,SAMN15148432,NOT_IN_SOURCE_METADATA,NOT_IN_SOURCE_METADATA,SKESA,efer-test/shaw-2021_efer-SAMN15148432-s.gfa.gz,YES,1358867,efer-test/shaw-2021_efer-SAMN15148432-s.gfa.csv,YES,8814,contig|plasmid_score|chrom_score|label|length|chr_coverage|pl_coverage|un_coverage|hybrid_mapsto,plasmid;chromosome;ambiguous;unlabeled,NOT_PUBLISHED_IN_METADATA,IN_GFA: dp tag (Unicycler) / KC tag (SKESA),Shaw2021,https://github.com/fmfi-compbio/plasgraph2-datasets/blob/06cdf1524a9d424b5eb97628be26b87f854d398a/efer-test/shaw-2021_efer-SAMN15148432-s.gfa.gz,06cdf1524a9d424b5eb97628be26b87f854d398a,LICENCE_NOT_DOCUMENTED,COMPLETE_FOR_ACCESSIONS;MISSING_STRAIN_BIOPROJECT_ASSEMBLY
shaw-2021_efer-SAMN15148437-u,shaw-2021_efer-SAMN15148437,SAMN15148437,efer-test,Escherichia fergusonii,NOT_IN_SOURCE_METADATA,SRR11949029,SRR12298504,Nanopore,SAMN15148437,NOT_IN_SOURCE_METADATA,NOT_IN_SOURCE_METADATA,Unicycler,efer-test/shaw-2021_efer-SAMN15148437-u.gfa.gz,YES,1338463,efer-test/shaw-2021_efer-SAMN15148437-u.gfa.csv,YES,2919,contig|plasmid_score|chrom_score|label|length|chr_coverage|pl_coverage|un_coverage|hybrid_mapsto,plasmid;chromosome;ambiguous;unlabeled,NOT_PUBLISHED_IN_METADATA,IN_GFA: dp tag (Unicycler) / KC tag (SKESA),Shaw2021,https://github.com/fmfi-compbio/plasgraph2-datasets/blob/06cdf1524a9d424b5eb97628be26b87f854d398a/efer-test/shaw-2021_efer-SAMN15148437-u.gfa.gz,06cdf1524a9d424b5eb97628be26b87f854d398a,LICENCE_NOT_DOCUMENTED,COMPLETE_FOR_ACCESSIONS;MISSING_STRAIN_BIOPROJECT_ASSEMBLY
shaw-2021_efer-SAMN15148437-s,shaw-2021_efer-SAMN15148437,SAMN15148437,efer-test,Escherichia fergusonii,NOT_IN_SOURCE_METADATA,SRR11949029,SRR12298504,Nanopore,SAMN15148437,NOT_IN_SOURCE_METADATA,NOT_IN_SOURCE_METADATA,SKESA,efer-test/shaw-2021_efer-SAMN15148437-s.gfa.gz,YES,1343231,efer-test/shaw-2021_efer-SAMN15148437-s.gfa.csv,YES,8287,contig|plasmid_score|chrom_score|label|length|chr_coverage|pl_coverage|un_coverage|hybrid_mapsto,plasmid;chromosome;ambiguous;unlabeled,NOT_PUBLISHED_IN_METADATA,IN_GFA: dp tag (Unicycler) / KC tag (SKESA),Shaw2021,https://github.com/fmfi-compbio/plasgraph2-datasets/blob/06cdf1524a9d424b5eb97628be26b87f854d398a/efer-test/shaw-2021_efer-SAMN15148437-s.gfa.gz,06cdf1524a9d424b5eb97628be26b87f854d398a,LICENCE_NOT_DOCUMENTED,COMPLETE_FOR_ACCESSIONS;MISSING_STRAIN_BIOPROJECT_ASSEMBLY
shaw-2021_efer-SAMN15148442-u,shaw-2021_efer-SAMN15148442,SAMN15148442,efer-test,Escherichia fergusonii,NOT_IN_SOURCE_METADATA,SRR11949024,SRR12298499,Nanopore,SAMN15148442,NOT_IN_SOURCE_METADATA,NOT_IN_SOURCE_METADATA,Unicycler,efer-test/shaw-2021_efer-SAMN15148442-u.gfa.gz,YES,1353543,efer-test/shaw-2021_efer-SAMN15148442-u.gfa.csv,YES,3345,contig|plasmid_score|chrom_score|label|length|chr_coverage|pl_coverage|un_coverage|hybrid_mapsto,plasmid;chromosome;ambiguous;unlabeled,NOT_PUBLISHED_IN_METADATA,IN_GFA: dp tag (Unicycler) / KC tag (SKESA),Shaw2021,https://github.com/fmfi-compbio/plasgraph2-datasets/blob/06cdf1524a9d424b5eb97628be26b87f854d398a/efer-test/shaw-2021_efer-SAMN15148442-u.gfa.gz,06cdf1524a9d424b5eb97628be26b87f854d398a,LICENCE_NOT_DOCUMENTED,COMPLETE_FOR_ACCESSIONS;MISSING_STRAIN_BIOPROJECT_ASSEMBLY
shaw-2021_efer-SAMN15148442-s,shaw-2021_efer-SAMN15148442,SAMN15148442,efer-test,Escherichia fergusonii,NOT_IN_SOURCE_METADATA,SRR11949024,SRR12298499,Nanopore,SAMN15148442,NOT_IN_SOURCE_METADATA,NOT_IN_SOURCE_METADATA,SKESA,efer-test/shaw-2021_efer-SAMN15148442-s.gfa.gz,YES,1359089,efer-test/shaw-2021_efer-SAMN15148442-s.gfa.csv,YES,8565,contig|plasmid_score|chrom_score|label|length|chr_coverage|pl_coverage|un_coverage|hybrid_mapsto,plasmid;chromosome;ambiguous;unlabeled,NOT_PUBLISHED_IN_METADATA,IN_GFA: dp tag (Unicycler) / KC tag (SKESA),Shaw2021,https://github.com/fmfi-compbio/plasgraph2-datasets/blob/06cdf1524a9d424b5eb97628be26b87f854d398a/efer-test/shaw-2021_efer-SAMN15148442-s.gfa.gz,06cdf1524a9d424b5eb97628be26b87f854d398a,LICENCE_NOT_DOCUMENTED,COMPLETE_FOR_ACCESSIONS;MISSING_STRAIN_BIOPROJECT_ASSEMBLY
robertson-benchmark_abau-SAMN10163228-u,robertson-benchmark_abau-SAMN10163228,SAMN10163228,eskapee-test,Acinetobacter baumannii,NOT_IN_SOURCE_METADATA,SRR8180477,SRR8180476,NA,SAMN10163228,NOT_IN_SOURCE_METADATA,NOT_IN_SOURCE_METADATA,Unicycler,eskapee-test/robertson-benchmark_abau-SAMN10163228-u.gfa.gz,YES,1107546,eskapee-test/robertson-benchmark_abau-SAMN10163228-u.gfa.csv,YES,5514,contig|plasmid_score|chrom_score|label|length|chr_coverage|pl_coverage|un_coverage|hybrid_mapsto,plasmid;chromosome;ambiguous;unlabeled,NOT_PUBLISHED_IN_METADATA,IN_GFA: dp tag (Unicycler) / KC tag (SKESA),Robertson2018,https://github.com/fmfi-compbio/plasgraph2-datasets/blob/06cdf1524a9d424b5eb97628be26b87f854d398a/eskapee-test/robertson-benchmark_abau-SAMN10163228-u.gfa.gz,06cdf1524a9d424b5eb97628be26b87f854d398a,LICENCE_NOT_DOCUMENTED,COMPLETE_FOR_ACCESSIONS;MISSING_STRAIN_BIOPROJECT_ASSEMBLY
robertson-benchmark_abau-SAMN10163228-s,robertson-benchmark_abau-SAMN10163228,SAMN10163228,eskapee-test,Acinetobacter baumannii,NOT_IN_SOURCE_METADATA,SRR8180477,SRR8180476,NA,SAMN10163228,NOT_IN_SOURCE_METADATA,NOT_IN_SOURCE_METADATA,SKESA,eskapee-test/robertson-benchmark_abau-SAMN10163228-s.gfa.gz,YES,1116834,eskapee-test/robertson-benchmark_abau-SAMN10163228-s.gfa.csv,YES,22862,contig|plasmid_score|chrom_score|label|length|chr_coverage|pl_coverage|un_coverage|hybrid_mapsto,plasmid;chromosome;ambiguous;unlabeled,NOT_PUBLISHED_IN_METADATA,IN_GFA: dp tag (Unicycler) / KC tag (SKESA),Robertson2018,https://github.com/fmfi-compbio/plasgraph2-datasets/blob/06cdf1524a9d424b5eb97628be26b87f854d398a/eskapee-test/robertson-benchmark_abau-SAMN10163228-s.gfa.gz,06cdf1524a9d424b5eb97628be26b87f854d398a,LICENCE_NOT_DOCUMENTED,COMPLETE_FOR_ACCESSIONS;MISSING_STRAIN_BIOPROJECT_ASSEMBLY
robertson-benchmark_abau-SAMN10163233-u,robertson-benchmark_abau-SAMN10163233,SAMN10163233,eskapee-test,Acinetobacter baumannii,NOT_IN_SOURCE_METADATA,SRR8180786,SRR8180787,NA,SAMN10163233,NOT_IN_SOURCE_METADATA,NOT_IN_SOURCE_METADATA,Unicycler,eskapee-test/robertson-benchmark_abau-SAMN10163233-u.gfa.gz,YES,2527028,eskapee-test/robertson-benchmark_abau-SAMN10163233-u.gfa.csv,YES,16422,contig|plasmid_score|chrom_score|label|length|chr_coverage|pl_coverage|un_coverage|hybrid_mapsto,plasmid;chromosome;ambiguous;unlabeled,NOT_PUBLISHED_IN_METADATA,IN_GFA: dp tag (Unicycler) / KC tag (SKESA),Robertson2018,https://github.com/fmfi-compbio/plasgraph2-datasets/blob/06cdf1524a9d424b5eb97628be26b87f854d398a/eskapee-test/robertson-benchmark_abau-SAMN10163233-u.gfa.gz,06cdf1524a9d424b5eb97628be26b87f854d398a,LICENCE_NOT_DOCUMENTED,COMPLETE_FOR_ACCESSIONS;MISSING_STRAIN_BIOPROJECT_ASSEMBLY
robertson-benchmark_abau-SAMN10163233-s,robertson-benchmark_abau-SAMN10163233,SAMN10163233,eskapee-test,Acinetobacter baumannii,NOT_IN_SOURCE_METADATA,SRR8180786,SRR8180787,NA,SAMN10163233,NOT_IN_SOURCE_METADATA,NOT_IN_SOURCE_METADATA,SKESA,eskapee-test/robertson-benchmark_abau-SAMN10163233-s.gfa.gz,YES,2544240,eskapee-test/robertson-benchmark_abau-SAMN10163233-s.gfa.csv,YES,30903,contig|plasmid_score|chrom_score|label|length|chr_coverage|pl_coverage|un_coverage|hybrid_mapsto,plasmid;chromosome;ambiguous;unlabeled,NOT_PUBLISHED_IN_METADATA,IN_GFA: dp tag (Unicycler) / KC tag (SKESA),Robertson2018,https://github.com/fmfi-compbio/plasgraph2-datasets/blob/06cdf1524a9d424b5eb97628be26b87f854d398a/eskapee-test/robertson-benchmark_abau-SAMN10163233-s.gfa.gz,06cdf1524a9d424b5eb97628be26b87f854d398a,LICENCE_NOT_DOCUMENTED,COMPLETE_FOR_ACCESSIONS;MISSING_STRAIN_BIOPROJECT_ASSEMBLY
robertson-benchmark_abau-SAMN16357205-u,robertson-benchmark_abau-SAMN16357205,SAMN16357205,eskapee-test,Acinetobacter baumannii,NOT_IN_SOURCE_METADATA,SRR12825852,SRR12825853,NA,SAMN16357205,NOT_IN_SOURCE_METADATA,NOT_IN_SOURCE_METADATA,Unicycler,eskapee-test/robertson-benchmark_abau-SAMN16357205-u.gfa.gz,YES,1157583,eskapee-test/robertson-benchmark_abau-SAMN16357205-u.gfa.csv,YES,5684,contig|plasmid_score|chrom_score|label|length|chr_coverage|pl_coverage|un_coverage|hybrid_mapsto,plasmid;chromosome;ambiguous;unlabeled,NOT_PUBLISHED_IN_METADATA,IN_GFA: dp tag (Unicycler) / KC tag (SKESA),Robertson2018,https://github.com/fmfi-compbio/plasgraph2-datasets/blob/06cdf1524a9d424b5eb97628be26b87f854d398a/eskapee-test/robertson-benchmark_abau-SAMN16357205-u.gfa.gz,06cdf1524a9d424b5eb97628be26b87f854d398a,LICENCE_NOT_DOCUMENTED,COMPLETE_FOR_ACCESSIONS;MISSING_STRAIN_BIOPROJECT_ASSEMBLY
robertson-benchmark_abau-SAMN16357205-s,robertson-benchmark_abau-SAMN16357205,SAMN16357205,eskapee-test,Acinetobacter baumannii,NOT_IN_SOURCE_METADATA,SRR12825852,SRR12825853,NA,SAMN16357205,NOT_IN_SOURCE_METADATA,NOT_IN_SOURCE_METADATA,SKESA,eskapee-test/robertson-benchmark_abau-SAMN16357205-s.gfa.gz,YES,1159575,eskapee-test/robertson-benchmark_abau-SAMN16357205-s.gfa.csv,YES,7654,contig|plasmid_score|chrom_score|label|length|chr_coverage|pl_coverage|un_coverage|hybrid_mapsto,plasmid;chromosome;ambiguous;unlabeled,NOT_PUBLISHED_IN_METADATA,IN_GFA: dp tag (Unicycler) / KC tag (SKESA),Robertson2018,https://github.com/fmfi-compbio/plasgraph2-datasets/blob/06cdf1524a9d424b5eb97628be26b87f854d398a/eskapee-test/robertson-benchmark_abau-SAMN16357205-s.gfa.gz,06cdf1524a9d424b5eb97628be26b87f854d398a,LICENCE_NOT_DOCUMENTED,COMPLETE_FOR_ACCESSIONS;MISSING_STRAIN_BIOPROJECT_ASSEMBLY
robertson-benchmark_abau-SAMN16357501-u,robertson-benchmark_abau-SAMN16357501,SAMN16357501,eskapee-test,Acinetobacter baumannii,NOT_IN_SOURCE_METADATA,SRR13674445,SRR13674444,NA,SAMN16357501,NOT_IN_SOURCE_METADATA,NOT_IN_SOURCE_METADATA,Unicycler,eskapee-test/robertson-benchmark_abau-SAMN16357501-u.gfa.gz,YES,1119019,eskapee-test/robertson-benchmark_abau-SAMN16357501-u.gfa.csv,YES,4403,contig|plasmid_score|chrom_score|label|length|chr_coverage|pl_coverage|un_coverage|hybrid_mapsto,plasmid;chromosome;ambiguous;unlabeled,NOT_PUBLISHED_IN_METADATA,IN_GFA: dp tag (Unicycler) / KC tag (SKESA),Robertson2018,https://github.com/fmfi-compbio/plasgraph2-datasets/blob/06cdf1524a9d424b5eb97628be26b87f854d398a/eskapee-test/robertson-benchmark_abau-SAMN16357501-u.gfa.gz,06cdf1524a9d424b5eb97628be26b87f854d398a,LICENCE_NOT_DOCUMENTED,COMPLETE_FOR_ACCESSIONS;MISSING_STRAIN_BIOPROJECT_ASSEMBLY
robertson-benchmark_abau-SAMN16357501-s,robertson-benchmark_abau-SAMN16357501,SAMN16357501,eskapee-test,Acinetobacter baumannii,NOT_IN_SOURCE_METADATA,SRR13674445,SRR13674444,NA,SAMN16357501,NOT_IN_SOURCE_METADATA,NOT_IN_SOURCE_METADATA,SKESA,eskapee-test/robertson-benchmark_abau-SAMN16357501-s.gfa.gz,YES,1121895,eskapee-test/robertson-benchmark_abau-SAMN16357501-s.gfa.csv,YES,9608,contig|plasmid_score|chrom_score|label|length|chr_coverage|pl_coverage|un_coverage|hybrid_mapsto,plasmid;chromosome;ambiguous;unlabeled,NOT_PUBLISHED_IN_METADATA,IN_GFA: dp tag (Unicycler) / KC tag (SKESA),Robertson2018,https://github.com/fmfi-compbio/plasgraph2-datasets/blob/06cdf1524a9d424b5eb97628be26b87f854d398a/eskapee-test/robertson-benchmark_abau-SAMN16357501-s.gfa.gz,06cdf1524a9d424b5eb97628be26b87f854d398a,LICENCE_NOT_DOCUMENTED,COMPLETE_FOR_ACCESSIONS;MISSING_STRAIN_BIOPROJECT_ASSEMBLY
robertson-benchmark_abau-SAMN16357502-u,robertson-benchmark_abau-SAMN16357502,SAMN16357502,eskapee-test,Acinetobacter baumannii,NOT_IN_SOURCE_METADATA,SRR13674446,SRR13674447,NA,SAMN16357502,NOT_IN_SOURCE_METADATA,NOT_IN_SOURCE_METADATA,Unicycler,eskapee-test/robertson-benchmark_abau-SAMN16357502-u.gfa.gz,YES,1165664,eskapee-test/robertson-benchmark_abau-SAMN16357502-u.gfa.csv,YES,5708,contig|plasmid_score|chrom_score|label|length|chr_coverage|pl_coverage|un_coverage|hybrid_mapsto,plasmid;chromosome;ambiguous;unlabeled,NOT_PUBLISHED_IN_METADATA,IN_GFA: dp tag (Unicycler) / KC tag (SKESA),Robertson2018,https://github.com/fmfi-compbio/plasgraph2-datasets/blob/06cdf1524a9d424b5eb97628be26b87f854d398a/eskapee-test/robertson-benchmark_abau-SAMN16357502-u.gfa.gz,06cdf1524a9d424b5eb97628be26b87f854d398a,LICENCE_NOT_DOCUMENTED,COMPLETE_FOR_ACCESSIONS;MISSING_STRAIN_BIOPROJECT_ASSEMBLY
robertson-benchmark_abau-SAMN16357502-s,robertson-benchmark_abau-SAMN16357502,SAMN16357502,eskapee-test,Acinetobacter baumannii,NOT_IN_SOURCE_METADATA,SRR13674446,SRR13674447,NA,SAMN16357502,NOT_IN_SOURCE_METADATA,NOT_IN_SOURCE_METADATA,SKESA,eskapee-test/robertson-benchmark_abau-SAMN16357502-s.gfa.gz,YES,1168876,eskapee-test/robertson-benchmark_abau-SAMN16357502-s.gfa.csv,YES,9877,contig|plasmid_score|chrom_score|label|length|chr_coverage|pl_coverage|un_coverage|hybrid_mapsto,plasmid;chromosome;ambiguous;unlabeled,NOT_PUBLISHED_IN_METADATA,IN_GFA: dp tag (Unicycler) / KC tag (SKESA),Robertson2018,https://github.com/fmfi-compbio/plasgraph2-datasets/blob/06cdf1524a9d424b5eb97628be26b87f854d398a/eskapee-test/robertson-benchmark_abau-SAMN16357502-s.gfa.gz,06cdf1524a9d424b5eb97628be26b87f854d398a,LICENCE_NOT_DOCUMENTED,COMPLETE_FOR_ACCESSIONS;MISSING_STRAIN_BIOPROJECT_ASSEMBLY
robertson-benchmark_easb-SAMN16357574-u,robertson-benchmark_easb-SAMN16357574,SAMN16357574,eskapee-test,Enterobacter asburiae,NOT_IN_SOURCE_METADATA,SRR15075451,SRR15075452,NA,SAMN16357574,NOT_IN_SOURCE_METADATA,NOT_IN_SOURCE_METADATA,Unicycler,eskapee-test/robertson-benchmark_easb-SAMN16357574-u.gfa.gz,YES,1402166,eskapee-test/robertson-benchmark_easb-SAMN16357574-u.gfa.csv,YES,4510,contig|plasmid_score|chrom_score|label|length|chr_coverage|pl_coverage|un_coverage|hybrid_mapsto,plasmid;chromosome;ambiguous;unlabeled,NOT_PUBLISHED_IN_METADATA,IN_GFA: dp tag (Unicycler) / KC tag (SKESA),Robertson2018,https://github.com/fmfi-compbio/plasgraph2-datasets/blob/06cdf1524a9d424b5eb97628be26b87f854d398a/eskapee-test/robertson-benchmark_easb-SAMN16357574-u.gfa.gz,06cdf1524a9d424b5eb97628be26b87f854d398a,LICENCE_NOT_DOCUMENTED,COMPLETE_FOR_ACCESSIONS;MISSING_STRAIN_BIOPROJECT_ASSEMBLY
robertson-benchmark_easb-SAMN16357574-s,robertson-benchmark_easb-SAMN16357574,SAMN16357574,eskapee-test,Enterobacter asburiae,NOT_IN_SOURCE_METADATA,SRR15075451,SRR15075452,NA,SAMN16357574,NOT_IN_SOURCE_METADATA,NOT_IN_SOURCE_METADATA,SKESA,eskapee-test/robertson-benchmark_easb-SAMN16357574-s.gfa.gz,YES,1406288,eskapee-test/robertson-benchmark_easb-SAMN16357574-s.gfa.csv,YES,6706,contig|plasmid_score|chrom_score|label|length|chr_coverage|pl_coverage|un_coverage|hybrid_mapsto,plasmid;chromosome;ambiguous;unlabeled,NOT_PUBLISHED_IN_METADATA,IN_GFA: dp tag (Unicycler) / KC tag (SKESA),Robertson2018,https://github.com/fmfi-compbio/plasgraph2-datasets/blob/06cdf1524a9d424b5eb97628be26b87f854d398a/eskapee-test/robertson-benchmark_easb-SAMN16357574-s.gfa.gz,06cdf1524a9d424b5eb97628be26b87f854d398a,LICENCE_NOT_DOCUMENTED,COMPLETE_FOR_ACCESSIONS;MISSING_STRAIN_BIOPROJECT_ASSEMBLY
robertson-benchmark_ebug-SAMN16357569-u,robertson-benchmark_ebug-SAMN16357569,SAMN16357569,eskapee-test,Enterobacter bugandensis,NOT_IN_SOURCE_METADATA,SRR15075415,SRR15075414,NA,SAMN16357569,NOT_IN_SOURCE_METADATA,NOT_IN_SOURCE_METADATA,Unicycler,eskapee-test/robertson-benchmark_ebug-SAMN16357569-u.gfa.gz,YES,1422620,eskapee-test/robertson-benchmark_ebug-SAMN16357569-u.gfa.csv,YES,4461,contig|plasmid_score|chrom_score|label|length|chr_coverage|pl_coverage|un_coverage|hybrid_mapsto,plasmid;chromosome;ambiguous;unlabeled,NOT_PUBLISHED_IN_METADATA,IN_GFA: dp tag (Unicycler) / KC tag (SKESA),Robertson2018,https://github.com/fmfi-compbio/plasgraph2-datasets/blob/06cdf1524a9d424b5eb97628be26b87f854d398a/eskapee-test/robertson-benchmark_ebug-SAMN16357569-u.gfa.gz,06cdf1524a9d424b5eb97628be26b87f854d398a,LICENCE_NOT_DOCUMENTED,COMPLETE_FOR_ACCESSIONS;MISSING_STRAIN_BIOPROJECT_ASSEMBLY
robertson-benchmark_ebug-SAMN16357569-s,robertson-benchmark_ebug-SAMN16357569,SAMN16357569,eskapee-test,Enterobacter bugandensis,NOT_IN_SOURCE_METADATA,SRR15075415,SRR15075414,NA,SAMN16357569,NOT_IN_SOURCE_METADATA,NOT_IN_SOURCE_METADATA,SKESA,eskapee-test/robertson-benchmark_ebug-SAMN16357569-s.gfa.gz,YES,1447491,eskapee-test/robertson-benchmark_ebug-SAMN16357569-s.gfa.csv,YES,13162,contig|plasmid_score|chrom_score|label|length|chr_coverage|pl_coverage|un_coverage|hybrid_mapsto,plasmid;chromosome;ambiguous;unlabeled,NOT_PUBLISHED_IN_METADATA,IN_GFA: dp tag (Unicycler) / KC tag (SKESA),Robertson2018,https://github.com/fmfi-compbio/plasgraph2-datasets/blob/06cdf1524a9d424b5eb97628be26b87f854d398a/eskapee-test/robertson-benchmark_ebug-SAMN16357569-s.gfa.gz,06cdf1524a9d424b5eb97628be26b87f854d398a,LICENCE_NOT_DOCUMENTED,COMPLETE_FOR_ACCESSIONS;MISSING_STRAIN_BIOPROJECT_ASSEMBLY
robertson-benchmark_ecan-SAMN16357570-u,robertson-benchmark_ecan-SAMN16357570,SAMN16357570,eskapee-test,Enterobacter cancerogenus,NOT_IN_SOURCE_METADATA,SRR15075446,SRR15075445,NA,SAMN16357570,NOT_IN_SOURCE_METADATA,NOT_IN_SOURCE_METADATA,Unicycler,eskapee-test/robertson-benchmark_ecan-SAMN16357570-u.gfa.gz,YES,1384945,eskapee-test/robertson-benchmark_ecan-SAMN16357570-u.gfa.csv,YES,3443,contig|plasmid_score|chrom_score|label|length|chr_coverage|pl_coverage|un_coverage|hybrid_mapsto,plasmid;chromosome;ambiguous;unlabeled,NOT_PUBLISHED_IN_METADATA,IN_GFA: dp tag (Unicycler) / KC tag (SKESA),Robertson2018,https://github.com/fmfi-compbio/plasgraph2-datasets/blob/06cdf1524a9d424b5eb97628be26b87f854d398a/eskapee-test/robertson-benchmark_ecan-SAMN16357570-u.gfa.gz,06cdf1524a9d424b5eb97628be26b87f854d398a,LICENCE_NOT_DOCUMENTED,COMPLETE_FOR_ACCESSIONS;MISSING_STRAIN_BIOPROJECT_ASSEMBLY
robertson-benchmark_ecan-SAMN16357570-s,robertson-benchmark_ecan-SAMN16357570,SAMN16357570,eskapee-test,Enterobacter cancerogenus,NOT_IN_SOURCE_METADATA,SRR15075446,SRR15075445,NA,SAMN16357570,NOT_IN_SOURCE_METADATA,NOT_IN_SOURCE_METADATA,SKESA,eskapee-test/robertson-benchmark_ecan-SAMN16357570-s.gfa.gz,YES,1385147,eskapee-test/robertson-benchmark_ecan-SAMN16357570-s.gfa.csv,YES,3979,contig|plasmid_score|chrom_score|label|length|chr_coverage|pl_coverage|un_coverage|hybrid_mapsto,plasmid;chromosome;ambiguous;unlabeled,NOT_PUBLISHED_IN_METADATA,IN_GFA: dp tag (Unicycler) / KC tag (SKESA),Robertson2018,https://github.com/fmfi-compbio/plasgraph2-datasets/blob/06cdf1524a9d424b5eb97628be26b87f854d398a/eskapee-test/robertson-benchmark_ecan-SAMN16357570-s.gfa.gz,06cdf1524a9d424b5eb97628be26b87f854d398a,LICENCE_NOT_DOCUMENTED,COMPLETE_FOR_ACCESSIONS;MISSING_STRAIN_BIOPROJECT_ASSEMBLY
robertson-benchmark_eclo-SAMN02934530-u,robertson-benchmark_eclo-SAMN02934530,SAMN02934530,eskapee-test,Enterobacter cloacae,NOT_IN_SOURCE_METADATA,SRR1609082,SRR1609084,NA,SAMN02934530,NOT_IN_SOURCE_METADATA,NOT_IN_SOURCE_METADATA,Unicycler,eskapee-test/robertson-benchmark_eclo-SAMN02934530-u.gfa.gz,YES,1391819,eskapee-test/robertson-benchmark_eclo-SAMN02934530-u.gfa.csv,YES,8676,contig|plasmid_score|chrom_score|label|length|chr_coverage|pl_coverage|un_coverage|hybrid_mapsto,plasmid;chromosome;ambiguous;unlabeled,NOT_PUBLISHED_IN_METADATA,IN_GFA: dp tag (Unicycler) / KC tag (SKESA),Robertson2018,https://github.com/fmfi-compbio/plasgraph2-datasets/blob/06cdf1524a9d424b5eb97628be26b87f854d398a/eskapee-test/robertson-benchmark_eclo-SAMN02934530-u.gfa.gz,06cdf1524a9d424b5eb97628be26b87f854d398a,LICENCE_NOT_DOCUMENTED,COMPLETE_FOR_ACCESSIONS;MISSING_STRAIN_BIOPROJECT_ASSEMBLY
robertson-benchmark_eclo-SAMN02934530-s,robertson-benchmark_eclo-SAMN02934530,SAMN02934530,eskapee-test,Enterobacter cloacae,NOT_IN_SOURCE_METADATA,SRR1609082,SRR1609084,NA,SAMN02934530,NOT_IN_SOURCE_METADATA,NOT_IN_SOURCE_METADATA,SKESA,eskapee-test/robertson-benchmark_eclo-SAMN02934530-s.gfa.gz,YES,1407396,eskapee-test/robertson-benchmark_eclo-SAMN02934530-s.gfa.csv,YES,21593,contig|plasmid_score|chrom_score|label|length|chr_coverage|pl_coverage|un_coverage|hybrid_mapsto,plasmid;chromosome;ambiguous;unlabeled,NOT_PUBLISHED_IN_METADATA,IN_GFA: dp tag (Unicycler) / KC tag (SKESA),Robertson2018,https://github.com/fmfi-compbio/plasgraph2-datasets/blob/06cdf1524a9d424b5eb97628be26b87f854d398a/eskapee-test/robertson-benchmark_eclo-SAMN02934530-s.gfa.gz,06cdf1524a9d424b5eb97628be26b87f854d398a,LICENCE_NOT_DOCUMENTED,COMPLETE_FOR_ACCESSIONS;MISSING_STRAIN_BIOPROJECT_ASSEMBLY
robertson-benchmark_eclo-SAMN16357573-u,robertson-benchmark_eclo-SAMN16357573,SAMN16357573,eskapee-test,Enterobacter cloacae,NOT_IN_SOURCE_METADATA,SRR15075450,SRR15075449,NA,SAMN16357573,NOT_IN_SOURCE_METADATA,NOT_IN_SOURCE_METADATA,Unicycler,eskapee-test/robertson-benchmark_eclo-SAMN16357573-u.gfa.gz,YES,1586690,eskapee-test/robertson-benchmark_eclo-SAMN16357573-u.gfa.csv,YES,9825,contig|plasmid_score|chrom_score|label|length|chr_coverage|pl_coverage|un_coverage|hybrid_mapsto,plasmid;chromosome;ambiguous;unlabeled,NOT_PUBLISHED_IN_METADATA,IN_GFA: dp tag (Unicycler) / KC tag (SKESA),Robertson2018,https://github.com/fmfi-compbio/plasgraph2-datasets/blob/06cdf1524a9d424b5eb97628be26b87f854d398a/eskapee-test/robertson-benchmark_eclo-SAMN16357573-u.gfa.gz,06cdf1524a9d424b5eb97628be26b87f854d398a,LICENCE_NOT_DOCUMENTED,COMPLETE_FOR_ACCESSIONS;MISSING_STRAIN_BIOPROJECT_ASSEMBLY
robertson-benchmark_eclo-SAMN16357573-s,robertson-benchmark_eclo-SAMN16357573,SAMN16357573,eskapee-test,Enterobacter cloacae,NOT_IN_SOURCE_METADATA,SRR15075450,SRR15075449,NA,SAMN16357573,NOT_IN_SOURCE_METADATA,NOT_IN_SOURCE_METADATA,SKESA,eskapee-test/robertson-benchmark_eclo-SAMN16357573-s.gfa.gz,YES,1597051,eskapee-test/robertson-benchmark_eclo-SAMN16357573-s.gfa.csv,YES,20478,contig|plasmid_score|chrom_score|label|length|chr_coverage|pl_coverage|un_coverage|hybrid_mapsto,plasmid;chromosome;ambiguous;unlabeled,NOT_PUBLISHED_IN_METADATA,IN_GFA: dp tag (Unicycler) / KC tag (SKESA),Robertson2018,https://github.com/fmfi-compbio/plasgraph2-datasets/blob/06cdf1524a9d424b5eb97628be26b87f854d398a/eskapee-test/robertson-benchmark_eclo-SAMN16357573-s.gfa.gz,06cdf1524a9d424b5eb97628be26b87f854d398a,LICENCE_NOT_DOCUMENTED,COMPLETE_FOR_ACCESSIONS;MISSING_STRAIN_BIOPROJECT_ASSEMBLY
robertson-benchmark_ecol-SAMD00056131-u,robertson-benchmark_ecol-SAMD00056131,SAMD00056131,eskapee-test,Escherichia coli,NOT_IN_SOURCE_METADATA,DRR065947,DRR065950,NA,SAMD00056131,NOT_IN_SOURCE_METADATA,NOT_IN_SOURCE_METADATA,Unicycler,eskapee-test/robertson-benchmark_ecol-SAMD00056131-u.gfa.gz,YES,1510449,eskapee-test/robertson-benchmark_ecol-SAMD00056131-u.gfa.csv,YES,12151,contig|plasmid_score|chrom_score|label|length|chr_coverage|pl_coverage|un_coverage|hybrid_mapsto,plasmid;chromosome;ambiguous;unlabeled,NOT_PUBLISHED_IN_METADATA,IN_GFA: dp tag (Unicycler) / KC tag (SKESA),Robertson2018,https://github.com/fmfi-compbio/plasgraph2-datasets/blob/06cdf1524a9d424b5eb97628be26b87f854d398a/eskapee-test/robertson-benchmark_ecol-SAMD00056131-u.gfa.gz,06cdf1524a9d424b5eb97628be26b87f854d398a,LICENCE_NOT_DOCUMENTED,COMPLETE_FOR_ACCESSIONS;MISSING_STRAIN_BIOPROJECT_ASSEMBLY
robertson-benchmark_ecol-SAMD00056131-s,robertson-benchmark_ecol-SAMD00056131,SAMD00056131,eskapee-test,Escherichia coli,NOT_IN_SOURCE_METADATA,DRR065947,DRR065950,NA,SAMD00056131,NOT_IN_SOURCE_METADATA,NOT_IN_SOURCE_METADATA,SKESA,eskapee-test/robertson-benchmark_ecol-SAMD00056131-s.gfa.gz,YES,1509494,eskapee-test/robertson-benchmark_ecol-SAMD00056131-s.gfa.csv,YES,16433,contig|plasmid_score|chrom_score|label|length|chr_coverage|pl_coverage|un_coverage|hybrid_mapsto,plasmid;chromosome;ambiguous;unlabeled,NOT_PUBLISHED_IN_METADATA,IN_GFA: dp tag (Unicycler) / KC tag (SKESA),Robertson2018,https://github.com/fmfi-compbio/plasgraph2-datasets/blob/06cdf1524a9d424b5eb97628be26b87f854d398a/eskapee-test/robertson-benchmark_ecol-SAMD00056131-s.gfa.gz,06cdf1524a9d424b5eb97628be26b87f854d398a,LICENCE_NOT_DOCUMENTED,COMPLETE_FOR_ACCESSIONS;MISSING_STRAIN_BIOPROJECT_ASSEMBLY
robertson-benchmark_ecol-SAMN02991226-u,robertson-benchmark_ecol-SAMN02991226,SAMN02991226,eskapee-test,Escherichia coli,NOT_IN_SOURCE_METADATA,SRR2014925,SRR2829967,NA,SAMN02991226,NOT_IN_SOURCE_METADATA,NOT_IN_SOURCE_METADATA,Unicycler,eskapee-test/robertson-benchmark_ecol-SAMN02991226-u.gfa.gz,YES,1559250,eskapee-test/robertson-benchmark_ecol-SAMN02991226-u.gfa.csv,YES,20598,contig|plasmid_score|chrom_score|label|length|chr_coverage|pl_coverage|un_coverage|hybrid_mapsto,plasmid;chromosome;ambiguous;unlabeled,NOT_PUBLISHED_IN_METADATA,IN_GFA: dp tag (Unicycler) / KC tag (SKESA),Robertson2018,https://github.com/fmfi-compbio/plasgraph2-datasets/blob/06cdf1524a9d424b5eb97628be26b87f854d398a/eskapee-test/robertson-benchmark_ecol-SAMN02991226-u.gfa.gz,06cdf1524a9d424b5eb97628be26b87f854d398a,LICENCE_NOT_DOCUMENTED,COMPLETE_FOR_ACCESSIONS;MISSING_STRAIN_BIOPROJECT_ASSEMBLY
robertson-benchmark_ecol-SAMN02991226-s,robertson-benchmark_ecol-SAMN02991226,SAMN02991226,eskapee-test,Escherichia coli,NOT_IN_SOURCE_METADATA,SRR2014925,SRR2829967,NA,SAMN02991226,NOT_IN_SOURCE_METADATA,NOT_IN_SOURCE_METADATA,SKESA,eskapee-test/robertson-benchmark_ecol-SAMN02991226-s.gfa.gz,YES,1570686,eskapee-test/robertson-benchmark_ecol-SAMN02991226-s.gfa.csv,YES,19611,contig|plasmid_score|chrom_score|label|length|chr_coverage|pl_coverage|un_coverage|hybrid_mapsto,plasmid;chromosome;ambiguous;unlabeled,NOT_PUBLISHED_IN_METADATA,IN_GFA: dp tag (Unicycler) / KC tag (SKESA),Robertson2018,https://github.com/fmfi-compbio/plasgraph2-datasets/blob/06cdf1524a9d424b5eb97628be26b87f854d398a/eskapee-test/robertson-benchmark_ecol-SAMN02991226-s.gfa.gz,06cdf1524a9d424b5eb97628be26b87f854d398a,LICENCE_NOT_DOCUMENTED,COMPLETE_FOR_ACCESSIONS;MISSING_STRAIN_BIOPROJECT_ASSEMBLY
robertson-benchmark_ecol-SAMN04014847-u,robertson-benchmark_ecol-SAMN04014847,SAMN04014847,eskapee-test,Escherichia coli,NOT_IN_SOURCE_METADATA,SRR3112258,SRR6277507,NA,SAMN04014847,NOT_IN_SOURCE_METADATA,NOT_IN_SOURCE_METADATA,Unicycler,eskapee-test/robertson-benchmark_ecol-SAMN04014847-u.gfa.gz,YES,1531452,eskapee-test/robertson-benchmark_ecol-SAMN04014847-u.gfa.csv,YES,16345,contig|plasmid_score|chrom_score|label|length|chr_coverage|pl_coverage|un_coverage|hybrid_mapsto,plasmid;chromosome;ambiguous;unlabeled,NOT_PUBLISHED_IN_METADATA,IN_GFA: dp tag (Unicycler) / KC tag (SKESA),Robertson2018,https://github.com/fmfi-compbio/plasgraph2-datasets/blob/06cdf1524a9d424b5eb97628be26b87f854d398a/eskapee-test/robertson-benchmark_ecol-SAMN04014847-u.gfa.gz,06cdf1524a9d424b5eb97628be26b87f854d398a,LICENCE_NOT_DOCUMENTED,COMPLETE_FOR_ACCESSIONS;MISSING_STRAIN_BIOPROJECT_ASSEMBLY
robertson-benchmark_ecol-SAMN04014847-s,robertson-benchmark_ecol-SAMN04014847,SAMN04014847,eskapee-test,Escherichia coli,NOT_IN_SOURCE_METADATA,SRR3112258,SRR6277507,NA,SAMN04014847,NOT_IN_SOURCE_METADATA,NOT_IN_SOURCE_METADATA,SKESA,eskapee-test/robertson-benchmark_ecol-SAMN04014847-s.gfa.gz,YES,1536554,eskapee-test/robertson-benchmark_ecol-SAMN04014847-s.gfa.csv,YES,25163,contig|plasmid_score|chrom_score|label|length|chr_coverage|pl_coverage|un_coverage|hybrid_mapsto,plasmid;chromosome;ambiguous;unlabeled,NOT_PUBLISHED_IN_METADATA,IN_GFA: dp tag (Unicycler) / KC tag (SKESA),Robertson2018,https://github.com/fmfi-compbio/plasgraph2-datasets/blob/06cdf1524a9d424b5eb97628be26b87f854d398a/eskapee-test/robertson-benchmark_ecol-SAMN04014847-s.gfa.gz,06cdf1524a9d424b5eb97628be26b87f854d398a,LICENCE_NOT_DOCUMENTED,COMPLETE_FOR_ACCESSIONS;MISSING_STRAIN_BIOPROJECT_ASSEMBLY
robertson-benchmark_ecol-SAMN04014852-u,robertson-benchmark_ecol-SAMN04014852,SAMN04014852,eskapee-test,Escherichia coli,NOT_IN_SOURCE_METADATA,SRR3112262,SRR6277528,NA,SAMN04014852,NOT_IN_SOURCE_METADATA,NOT_IN_SOURCE_METADATA,Unicycler,eskapee-test/robertson-benchmark_ecol-SAMN04014852-u.gfa.gz,YES,1476357,eskapee-test/robertson-benchmark_ecol-SAMN04014852-u.gfa.csv,YES,13736,contig|plasmid_score|chrom_score|label|length|chr_coverage|pl_coverage|un_coverage|hybrid_mapsto,plasmid;chromosome;ambiguous;unlabeled,NOT_PUBLISHED_IN_METADATA,IN_GFA: dp tag (Unicycler) / KC tag (SKESA),Robertson2018,https://github.com/fmfi-compbio/plasgraph2-datasets/blob/06cdf1524a9d424b5eb97628be26b87f854d398a/eskapee-test/robertson-benchmark_ecol-SAMN04014852-u.gfa.gz,06cdf1524a9d424b5eb97628be26b87f854d398a,LICENCE_NOT_DOCUMENTED,COMPLETE_FOR_ACCESSIONS;MISSING_STRAIN_BIOPROJECT_ASSEMBLY
robertson-benchmark_ecol-SAMN04014852-s,robertson-benchmark_ecol-SAMN04014852,SAMN04014852,eskapee-test,Escherichia coli,NOT_IN_SOURCE_METADATA,SRR3112262,SRR6277528,NA,SAMN04014852,NOT_IN_SOURCE_METADATA,NOT_IN_SOURCE_METADATA,SKESA,eskapee-test/robertson-benchmark_ecol-SAMN04014852-s.gfa.gz,YES,1481194,eskapee-test/robertson-benchmark_ecol-SAMN04014852-s.gfa.csv,YES,23713,contig|plasmid_score|chrom_score|label|length|chr_coverage|pl_coverage|un_coverage|hybrid_mapsto,plasmid;chromosome;ambiguous;unlabeled,NOT_PUBLISHED_IN_METADATA,IN_GFA: dp tag (Unicycler) / KC tag (SKESA),Robertson2018,https://github.com/fmfi-compbio/plasgraph2-datasets/blob/06cdf1524a9d424b5eb97628be26b87f854d398a/eskapee-test/robertson-benchmark_ecol-SAMN04014852-s.gfa.gz,06cdf1524a9d424b5eb97628be26b87f854d398a,LICENCE_NOT_DOCUMENTED,COMPLETE_FOR_ACCESSIONS;MISSING_STRAIN_BIOPROJECT_ASSEMBLY
robertson-benchmark_ecol-SAMN04014855-u,robertson-benchmark_ecol-SAMN04014855,SAMN04014855,eskapee-test,Escherichia coli,NOT_IN_SOURCE_METADATA,SRR3112265,SRR6277533,NA,SAMN04014855,NOT_IN_SOURCE_METADATA,NOT_IN_SOURCE_METADATA,Unicycler,eskapee-test/robertson-benchmark_ecol-SAMN04014855-u.gfa.gz,YES,1441433,eskapee-test/robertson-benchmark_ecol-SAMN04014855-u.gfa.csv,YES,8349,contig|plasmid_score|chrom_score|label|length|chr_coverage|pl_coverage|un_coverage|hybrid_mapsto,plasmid;chromosome;ambiguous;unlabeled,NOT_PUBLISHED_IN_METADATA,IN_GFA: dp tag (Unicycler) / KC tag (SKESA),Robertson2018,https://github.com/fmfi-compbio/plasgraph2-datasets/blob/06cdf1524a9d424b5eb97628be26b87f854d398a/eskapee-test/robertson-benchmark_ecol-SAMN04014855-u.gfa.gz,06cdf1524a9d424b5eb97628be26b87f854d398a,LICENCE_NOT_DOCUMENTED,COMPLETE_FOR_ACCESSIONS;MISSING_STRAIN_BIOPROJECT_ASSEMBLY
robertson-benchmark_ecol-SAMN04014855-s,robertson-benchmark_ecol-SAMN04014855,SAMN04014855,eskapee-test,Escherichia coli,NOT_IN_SOURCE_METADATA,SRR3112265,SRR6277533,NA,SAMN04014855,NOT_IN_SOURCE_METADATA,NOT_IN_SOURCE_METADATA,SKESA,eskapee-test/robertson-benchmark_ecol-SAMN04014855-s.gfa.gz,YES,1448196,eskapee-test/robertson-benchmark_ecol-SAMN04014855-s.gfa.csv,YES,18887,contig|plasmid_score|chrom_score|label|length|chr_coverage|pl_coverage|un_coverage|hybrid_mapsto,plasmid;chromosome;ambiguous;unlabeled,NOT_PUBLISHED_IN_METADATA,IN_GFA: dp tag (Unicycler) / KC tag (SKESA),Robertson2018,https://github.com/fmfi-compbio/plasgraph2-datasets/blob/06cdf1524a9d424b5eb97628be26b87f854d398a/eskapee-test/robertson-benchmark_ecol-SAMN04014855-s.gfa.gz,06cdf1524a9d424b5eb97628be26b87f854d398a,LICENCE_NOT_DOCUMENTED,COMPLETE_FOR_ACCESSIONS;MISSING_STRAIN_BIOPROJECT_ASSEMBLY
robertson-benchmark_ecol-SAMN04014856-u,robertson-benchmark_ecol-SAMN04014856,SAMN04014856,eskapee-test,Escherichia coli,NOT_IN_SOURCE_METADATA,SRR3112266,SRR6277538,NA,SAMN04014856,NOT_IN_SOURCE_METADATA,NOT_IN_SOURCE_METADATA,Unicycler,eskapee-test/robertson-benchmark_ecol-SAMN04014856-u.gfa.gz,YES,1541493,eskapee-test/robertson-benchmark_ecol-SAMN04014856-u.gfa.csv,YES,18886,contig|plasmid_score|chrom_score|label|length|chr_coverage|pl_coverage|un_coverage|hybrid_mapsto,plasmid;chromosome;ambiguous;unlabeled,NOT_PUBLISHED_IN_METADATA,IN_GFA: dp tag (Unicycler) / KC tag (SKESA),Robertson2018,https://github.com/fmfi-compbio/plasgraph2-datasets/blob/06cdf1524a9d424b5eb97628be26b87f854d398a/eskapee-test/robertson-benchmark_ecol-SAMN04014856-u.gfa.gz,06cdf1524a9d424b5eb97628be26b87f854d398a,LICENCE_NOT_DOCUMENTED,COMPLETE_FOR_ACCESSIONS;MISSING_STRAIN_BIOPROJECT_ASSEMBLY
robertson-benchmark_ecol-SAMN04014856-s,robertson-benchmark_ecol-SAMN04014856,SAMN04014856,eskapee-test,Escherichia coli,NOT_IN_SOURCE_METADATA,SRR3112266,SRR6277538,NA,SAMN04014856,NOT_IN_SOURCE_METADATA,NOT_IN_SOURCE_METADATA,SKESA,eskapee-test/robertson-benchmark_ecol-SAMN04014856-s.gfa.gz,YES,1548723,eskapee-test/robertson-benchmark_ecol-SAMN04014856-s.gfa.csv,YES,36198,contig|plasmid_score|chrom_score|label|length|chr_coverage|pl_coverage|un_coverage|hybrid_mapsto,plasmid;chromosome;ambiguous;unlabeled,NOT_PUBLISHED_IN_METADATA,IN_GFA: dp tag (Unicycler) / KC tag (SKESA),Robertson2018,https://github.com/fmfi-compbio/plasgraph2-datasets/blob/06cdf1524a9d424b5eb97628be26b87f854d398a/eskapee-test/robertson-benchmark_ecol-SAMN04014856-s.gfa.gz,06cdf1524a9d424b5eb97628be26b87f854d398a,LICENCE_NOT_DOCUMENTED,COMPLETE_FOR_ACCESSIONS;MISSING_STRAIN_BIOPROJECT_ASSEMBLY
robertson-benchmark_ecol-SAMN04014858-u,robertson-benchmark_ecol-SAMN04014858,SAMN04014858,eskapee-test,Escherichia coli,NOT_IN_SOURCE_METADATA,SRR3112268,SRR6278364,NA,SAMN04014858,NOT_IN_SOURCE_METADATA,NOT_IN_SOURCE_METADATA,Unicycler,eskapee-test/robertson-benchmark_ecol-SAMN04014858-u.gfa.gz,YES,1468660,eskapee-test/robertson-benchmark_ecol-SAMN04014858-u.gfa.csv,YES,14280,contig|plasmid_score|chrom_score|label|length|chr_coverage|pl_coverage|un_coverage|hybrid_mapsto,plasmid;chromosome;ambiguous;unlabeled,NOT_PUBLISHED_IN_METADATA,IN_GFA: dp tag (Unicycler) / KC tag (SKESA),Robertson2018,https://github.com/fmfi-compbio/plasgraph2-datasets/blob/06cdf1524a9d424b5eb97628be26b87f854d398a/eskapee-test/robertson-benchmark_ecol-SAMN04014858-u.gfa.gz,06cdf1524a9d424b5eb97628be26b87f854d398a,LICENCE_NOT_DOCUMENTED,COMPLETE_FOR_ACCESSIONS;MISSING_STRAIN_BIOPROJECT_ASSEMBLY
robertson-benchmark_ecol-SAMN04014858-s,robertson-benchmark_ecol-SAMN04014858,SAMN04014858,eskapee-test,Escherichia coli,NOT_IN_SOURCE_METADATA,SRR3112268,SRR6278364,NA,SAMN04014858,NOT_IN_SOURCE_METADATA,NOT_IN_SOURCE_METADATA,SKESA,eskapee-test/robertson-benchmark_ecol-SAMN04014858-s.gfa.gz,YES,1469172,eskapee-test/robertson-benchmark_ecol-SAMN04014858-s.gfa.csv,YES,15893,contig|plasmid_score|chrom_score|label|length|chr_coverage|pl_coverage|un_coverage|hybrid_mapsto,plasmid;chromosome;ambiguous;unlabeled,NOT_PUBLISHED_IN_METADATA,IN_GFA: dp tag (Unicycler) / KC tag (SKESA),Robertson2018,https://github.com/fmfi-compbio/plasgraph2-datasets/blob/06cdf1524a9d424b5eb97628be26b87f854d398a/eskapee-test/robertson-benchmark_ecol-SAMN04014858-s.gfa.gz,06cdf1524a9d424b5eb97628be26b87f854d398a,LICENCE_NOT_DOCUMENTED,COMPLETE_FOR_ACCESSIONS;MISSING_STRAIN_BIOPROJECT_ASSEMBLY
robertson-benchmark_ecol-SAMN04014860-u,robertson-benchmark_ecol-SAMN04014860,SAMN04014860,eskapee-test,Escherichia coli,NOT_IN_SOURCE_METADATA,SRR3112270,SRR6278374,NA,SAMN04014860,NOT_IN_SOURCE_METADATA,NOT_IN_SOURCE_METADATA,Unicycler,eskapee-test/robertson-benchmark_ecol-SAMN04014860-u.gfa.gz,YES,1350237,eskapee-test/robertson-benchmark_ecol-SAMN04014860-u.gfa.csv,YES,9443,contig|plasmid_score|chrom_score|label|length|chr_coverage|pl_coverage|un_coverage|hybrid_mapsto,plasmid;chromosome;ambiguous;unlabeled,NOT_PUBLISHED_IN_METADATA,IN_GFA: dp tag (Unicycler) / KC tag (SKESA),Robertson2018,https://github.com/fmfi-compbio/plasgraph2-datasets/blob/06cdf1524a9d424b5eb97628be26b87f854d398a/eskapee-test/robertson-benchmark_ecol-SAMN04014860-u.gfa.gz,06cdf1524a9d424b5eb97628be26b87f854d398a,LICENCE_NOT_DOCUMENTED,COMPLETE_FOR_ACCESSIONS;MISSING_STRAIN_BIOPROJECT_ASSEMBLY
robertson-benchmark_ecol-SAMN04014860-s,robertson-benchmark_ecol-SAMN04014860,SAMN04014860,eskapee-test,Escherichia coli,NOT_IN_SOURCE_METADATA,SRR3112270,SRR6278374,NA,SAMN04014860,NOT_IN_SOURCE_METADATA,NOT_IN_SOURCE_METADATA,SKESA,eskapee-test/robertson-benchmark_ecol-SAMN04014860-s.gfa.gz,YES,1352651,eskapee-test/robertson-benchmark_ecol-SAMN04014860-s.gfa.csv,YES,11637,contig|plasmid_score|chrom_score|label|length|chr_coverage|pl_coverage|un_coverage|hybrid_mapsto,plasmid;chromosome;ambiguous;unlabeled,NOT_PUBLISHED_IN_METADATA,IN_GFA: dp tag (Unicycler) / KC tag (SKESA),Robertson2018,https://github.com/fmfi-compbio/plasgraph2-datasets/blob/06cdf1524a9d424b5eb97628be26b87f854d398a/eskapee-test/robertson-benchmark_ecol-SAMN04014860-s.gfa.gz,06cdf1524a9d424b5eb97628be26b87f854d398a,LICENCE_NOT_DOCUMENTED,COMPLETE_FOR_ACCESSIONS;MISSING_STRAIN_BIOPROJECT_ASSEMBLY
robertson-benchmark_efae-SAMN03339922-u,robertson-benchmark_efae-SAMN03339922,SAMN03339922,eskapee-test,Enterococcus faecium,NOT_IN_SOURCE_METADATA,SRR2120261,SRR2120260,NA,SAMN03339922,NOT_IN_SOURCE_METADATA,NOT_IN_SOURCE_METADATA,Unicycler,eskapee-test/robertson-benchmark_efae-SAMN03339922-u.gfa.gz,YES,822444,eskapee-test/robertson-benchmark_efae-SAMN03339922-u.gfa.csv,YES,6685,contig|plasmid_score|chrom_score|label|length|chr_coverage|pl_coverage|un_coverage|hybrid_mapsto,plasmid;chromosome;ambiguous;unlabeled,NOT_PUBLISHED_IN_METADATA,IN_GFA: dp tag (Unicycler) / KC tag (SKESA),Robertson2018,https://github.com/fmfi-compbio/plasgraph2-datasets/blob/06cdf1524a9d424b5eb97628be26b87f854d398a/eskapee-test/robertson-benchmark_efae-SAMN03339922-u.gfa.gz,06cdf1524a9d424b5eb97628be26b87f854d398a,LICENCE_NOT_DOCUMENTED,COMPLETE_FOR_ACCESSIONS;MISSING_STRAIN_BIOPROJECT_ASSEMBLY
robertson-benchmark_efae-SAMN03339922-s,robertson-benchmark_efae-SAMN03339922,SAMN03339922,eskapee-test,Enterococcus faecium,NOT_IN_SOURCE_METADATA,SRR2120261,SRR2120260,NA,SAMN03339922,NOT_IN_SOURCE_METADATA,NOT_IN_SOURCE_METADATA,SKESA,eskapee-test/robertson-benchmark_efae-SAMN03339922-s.gfa.gz,YES,830308,eskapee-test/robertson-benchmark_efae-SAMN03339922-s.gfa.csv,YES,13115,contig|plasmid_score|chrom_score|label|length|chr_coverage|pl_coverage|un_coverage|hybrid_mapsto,plasmid;chromosome;ambiguous;unlabeled,NOT_PUBLISHED_IN_METADATA,IN_GFA: dp tag (Unicycler) / KC tag (SKESA),Robertson2018,https://github.com/fmfi-compbio/plasgraph2-datasets/blob/06cdf1524a9d424b5eb97628be26b87f854d398a/eskapee-test/robertson-benchmark_efae-SAMN03339922-s.gfa.gz,06cdf1524a9d424b5eb97628be26b87f854d398a,LICENCE_NOT_DOCUMENTED,COMPLETE_FOR_ACCESSIONS;MISSING_STRAIN_BIOPROJECT_ASSEMBLY
robertson-benchmark_efae-SAMN06173336-u,robertson-benchmark_efae-SAMN06173336,SAMN06173336,eskapee-test,Enterococcus faecium,NOT_IN_SOURCE_METADATA,SRR5419825,SRR5419824,NA,SAMN06173336,NOT_IN_SOURCE_METADATA,NOT_IN_SOURCE_METADATA,Unicycler,eskapee-test/robertson-benchmark_efae-SAMN06173336-u.gfa.gz,YES,769142,eskapee-test/robertson-benchmark_efae-SAMN06173336-u.gfa.csv,YES,3432,contig|plasmid_score|chrom_score|label|length|chr_coverage|pl_coverage|un_coverage|hybrid_mapsto,plasmid;chromosome;ambiguous;unlabeled,NOT_PUBLISHED_IN_METADATA,IN_GFA: dp tag (Unicycler) / KC tag (SKESA),Robertson2018,https://github.com/fmfi-compbio/plasgraph2-datasets/blob/06cdf1524a9d424b5eb97628be26b87f854d398a/eskapee-test/robertson-benchmark_efae-SAMN06173336-u.gfa.gz,06cdf1524a9d424b5eb97628be26b87f854d398a,LICENCE_NOT_DOCUMENTED,COMPLETE_FOR_ACCESSIONS;MISSING_STRAIN_BIOPROJECT_ASSEMBLY
robertson-benchmark_efae-SAMN06173336-s,robertson-benchmark_efae-SAMN06173336,SAMN06173336,eskapee-test,Enterococcus faecium,NOT_IN_SOURCE_METADATA,SRR5419825,SRR5419824,NA,SAMN06173336,NOT_IN_SOURCE_METADATA,NOT_IN_SOURCE_METADATA,SKESA,eskapee-test/robertson-benchmark_efae-SAMN06173336-s.gfa.gz,YES,787571,eskapee-test/robertson-benchmark_efae-SAMN06173336-s.gfa.csv,YES,35449,contig|plasmid_score|chrom_score|label|length|chr_coverage|pl_coverage|un_coverage|hybrid_mapsto,plasmid;chromosome;ambiguous;unlabeled,NOT_PUBLISHED_IN_METADATA,IN_GFA: dp tag (Unicycler) / KC tag (SKESA),Robertson2018,https://github.com/fmfi-compbio/plasgraph2-datasets/blob/06cdf1524a9d424b5eb97628be26b87f854d398a/eskapee-test/robertson-benchmark_efae-SAMN06173336-s.gfa.gz,06cdf1524a9d424b5eb97628be26b87f854d398a,LICENCE_NOT_DOCUMENTED,COMPLETE_FOR_ACCESSIONS;MISSING_STRAIN_BIOPROJECT_ASSEMBLY
robertson-benchmark_ehor-SAMN02713646-u,robertson-benchmark_ehor-SAMN02713646,SAMN02713646,eskapee-test,Enterobacter hormaechei,NOT_IN_SOURCE_METADATA,SRR1576808,SRR1576812,NA,SAMN02713646,NOT_IN_SOURCE_METADATA,NOT_IN_SOURCE_METADATA,Unicycler,eskapee-test/robertson-benchmark_ehor-SAMN02713646-u.gfa.gz,YES,1421008,eskapee-test/robertson-benchmark_ehor-SAMN02713646-u.gfa.csv,YES,5569,contig|plasmid_score|chrom_score|label|length|chr_coverage|pl_coverage|un_coverage|hybrid_mapsto,plasmid;chromosome;ambiguous;unlabeled,NOT_PUBLISHED_IN_METADATA,IN_GFA: dp tag (Unicycler) / KC tag (SKESA),Robertson2018,https://github.com/fmfi-compbio/plasgraph2-datasets/blob/06cdf1524a9d424b5eb97628be26b87f854d398a/eskapee-test/robertson-benchmark_ehor-SAMN02713646-u.gfa.gz,06cdf1524a9d424b5eb97628be26b87f854d398a,LICENCE_NOT_DOCUMENTED,COMPLETE_FOR_ACCESSIONS;MISSING_STRAIN_BIOPROJECT_ASSEMBLY
robertson-benchmark_ehor-SAMN02713646-s,robertson-benchmark_ehor-SAMN02713646,SAMN02713646,eskapee-test,Enterobacter hormaechei,NOT_IN_SOURCE_METADATA,SRR1576808,SRR1576812,NA,SAMN02713646,NOT_IN_SOURCE_METADATA,NOT_IN_SOURCE_METADATA,SKESA,eskapee-test/robertson-benchmark_ehor-SAMN02713646-s.gfa.gz,YES,1426257,eskapee-test/robertson-benchmark_ehor-SAMN02713646-s.gfa.csv,YES,9412,contig|plasmid_score|chrom_score|label|length|chr_coverage|pl_coverage|un_coverage|hybrid_mapsto,plasmid;chromosome;ambiguous;unlabeled,NOT_PUBLISHED_IN_METADATA,IN_GFA: dp tag (Unicycler) / KC tag (SKESA),Robertson2018,https://github.com/fmfi-compbio/plasgraph2-datasets/blob/06cdf1524a9d424b5eb97628be26b87f854d398a/eskapee-test/robertson-benchmark_ehor-SAMN02713646-s.gfa.gz,06cdf1524a9d424b5eb97628be26b87f854d398a,LICENCE_NOT_DOCUMENTED,COMPLETE_FOR_ACCESSIONS;MISSING_STRAIN_BIOPROJECT_ASSEMBLY
robertson-benchmark_ehor-SAMN02713683-u,robertson-benchmark_ehor-SAMN02713683,SAMN02713683,eskapee-test,Enterobacter hormaechei,NOT_IN_SOURCE_METADATA,SRR1576778,SRR1576782,NA,SAMN02713683,NOT_IN_SOURCE_METADATA,NOT_IN_SOURCE_METADATA,Unicycler,eskapee-test/robertson-benchmark_ehor-SAMN02713683-u.gfa.gz,YES,1445197,eskapee-test/robertson-benchmark_ehor-SAMN02713683-u.gfa.csv,YES,6795,contig|plasmid_score|chrom_score|label|length|chr_coverage|pl_coverage|un_coverage|hybrid_mapsto,plasmid;chromosome;ambiguous;unlabeled,NOT_PUBLISHED_IN_METADATA,IN_GFA: dp tag (Unicycler) / KC tag (SKESA),Robertson2018,https://github.com/fmfi-compbio/plasgraph2-datasets/blob/06cdf1524a9d424b5eb97628be26b87f854d398a/eskapee-test/robertson-benchmark_ehor-SAMN02713683-u.gfa.gz,06cdf1524a9d424b5eb97628be26b87f854d398a,LICENCE_NOT_DOCUMENTED,COMPLETE_FOR_ACCESSIONS;MISSING_STRAIN_BIOPROJECT_ASSEMBLY
robertson-benchmark_ehor-SAMN02713683-s,robertson-benchmark_ehor-SAMN02713683,SAMN02713683,eskapee-test,Enterobacter hormaechei,NOT_IN_SOURCE_METADATA,SRR1576778,SRR1576782,NA,SAMN02713683,NOT_IN_SOURCE_METADATA,NOT_IN_SOURCE_METADATA,SKESA,eskapee-test/robertson-benchmark_ehor-SAMN02713683-s.gfa.gz,YES,1447087,eskapee-test/robertson-benchmark_ehor-SAMN02713683-s.gfa.csv,YES,8666,contig|plasmid_score|chrom_score|label|length|chr_coverage|pl_coverage|un_coverage|hybrid_mapsto,plasmid;chromosome;ambiguous;unlabeled,NOT_PUBLISHED_IN_METADATA,IN_GFA: dp tag (Unicycler) / KC tag (SKESA),Robertson2018,https://github.com/fmfi-compbio/plasgraph2-datasets/blob/06cdf1524a9d424b5eb97628be26b87f854d398a/eskapee-test/robertson-benchmark_ehor-SAMN02713683-s.gfa.gz,06cdf1524a9d424b5eb97628be26b87f854d398a,LICENCE_NOT_DOCUMENTED,COMPLETE_FOR_ACCESSIONS;MISSING_STRAIN_BIOPROJECT_ASSEMBLY
robertson-benchmark_ehor-SAMN03733769-u,robertson-benchmark_ehor-SAMN03733769,SAMN03733769,eskapee-test,Enterobacter hormaechei,NOT_IN_SOURCE_METADATA,SRR5713996,SRR5629774,NA,SAMN03733769,NOT_IN_SOURCE_METADATA,NOT_IN_SOURCE_METADATA,Unicycler,eskapee-test/robertson-benchmark_ehor-SAMN03733769-u.gfa.gz,YES,1429777,eskapee-test/robertson-benchmark_ehor-SAMN03733769-u.gfa.csv,YES,3893,contig|plasmid_score|chrom_score|label|length|chr_coverage|pl_coverage|un_coverage|hybrid_mapsto,plasmid;chromosome;ambiguous;unlabeled,NOT_PUBLISHED_IN_METADATA,IN_GFA: dp tag (Unicycler) / KC tag (SKESA),Robertson2018,https://github.com/fmfi-compbio/plasgraph2-datasets/blob/06cdf1524a9d424b5eb97628be26b87f854d398a/eskapee-test/robertson-benchmark_ehor-SAMN03733769-u.gfa.gz,06cdf1524a9d424b5eb97628be26b87f854d398a,LICENCE_NOT_DOCUMENTED,COMPLETE_FOR_ACCESSIONS;MISSING_STRAIN_BIOPROJECT_ASSEMBLY
robertson-benchmark_ehor-SAMN03733769-s,robertson-benchmark_ehor-SAMN03733769,SAMN03733769,eskapee-test,Enterobacter hormaechei,NOT_IN_SOURCE_METADATA,SRR5713996,SRR5629774,NA,SAMN03733769,NOT_IN_SOURCE_METADATA,NOT_IN_SOURCE_METADATA,SKESA,eskapee-test/robertson-benchmark_ehor-SAMN03733769-s.gfa.gz,YES,1434702,eskapee-test/robertson-benchmark_ehor-SAMN03733769-s.gfa.csv,YES,9145,contig|plasmid_score|chrom_score|label|length|chr_coverage|pl_coverage|un_coverage|hybrid_mapsto,plasmid;chromosome;ambiguous;unlabeled,NOT_PUBLISHED_IN_METADATA,IN_GFA: dp tag (Unicycler) / KC tag (SKESA),Robertson2018,https://github.com/fmfi-compbio/plasgraph2-datasets/blob/06cdf1524a9d424b5eb97628be26b87f854d398a/eskapee-test/robertson-benchmark_ehor-SAMN03733769-s.gfa.gz,06cdf1524a9d424b5eb97628be26b87f854d398a,LICENCE_NOT_DOCUMENTED,COMPLETE_FOR_ACCESSIONS;MISSING_STRAIN_BIOPROJECT_ASSEMBLY
robertson-benchmark_ehor-SAMN11056357-u,robertson-benchmark_ehor-SAMN11056357,SAMN11056357,eskapee-test,Enterobacter hormaechei,NOT_IN_SOURCE_METADATA,SRR8984857,SRR8984859,NA,SAMN11056357,NOT_IN_SOURCE_METADATA,NOT_IN_SOURCE_METADATA,Unicycler,eskapee-test/robertson-benchmark_ehor-SAMN11056357-u.gfa.gz,YES,1350413,eskapee-test/robertson-benchmark_ehor-SAMN11056357-u.gfa.csv,YES,1729,contig|plasmid_score|chrom_score|label|length|chr_coverage|pl_coverage|un_coverage|hybrid_mapsto,plasmid;chromosome;ambiguous;unlabeled,NOT_PUBLISHED_IN_METADATA,IN_GFA: dp tag (Unicycler) / KC tag (SKESA),Robertson2018,https://github.com/fmfi-compbio/plasgraph2-datasets/blob/06cdf1524a9d424b5eb97628be26b87f854d398a/eskapee-test/robertson-benchmark_ehor-SAMN11056357-u.gfa.gz,06cdf1524a9d424b5eb97628be26b87f854d398a,LICENCE_NOT_DOCUMENTED,COMPLETE_FOR_ACCESSIONS;MISSING_STRAIN_BIOPROJECT_ASSEMBLY
robertson-benchmark_ehor-SAMN11056357-s,robertson-benchmark_ehor-SAMN11056357,SAMN11056357,eskapee-test,Enterobacter hormaechei,NOT_IN_SOURCE_METADATA,SRR8984857,SRR8984859,NA,SAMN11056357,NOT_IN_SOURCE_METADATA,NOT_IN_SOURCE_METADATA,SKESA,eskapee-test/robertson-benchmark_ehor-SAMN11056357-s.gfa.gz,YES,1351613,eskapee-test/robertson-benchmark_ehor-SAMN11056357-s.gfa.csv,YES,3645,contig|plasmid_score|chrom_score|label|length|chr_coverage|pl_coverage|un_coverage|hybrid_mapsto,plasmid;chromosome;ambiguous;unlabeled,NOT_PUBLISHED_IN_METADATA,IN_GFA: dp tag (Unicycler) / KC tag (SKESA),Robertson2018,https://github.com/fmfi-compbio/plasgraph2-datasets/blob/06cdf1524a9d424b5eb97628be26b87f854d398a/eskapee-test/robertson-benchmark_ehor-SAMN11056357-s.gfa.gz,06cdf1524a9d424b5eb97628be26b87f854d398a,LICENCE_NOT_DOCUMENTED,COMPLETE_FOR_ACCESSIONS;MISSING_STRAIN_BIOPROJECT_ASSEMBLY
robertson-benchmark_ehor-SAMN16357247-u,robertson-benchmark_ehor-SAMN16357247,SAMN16357247,eskapee-test,Enterobacter hormaechei,NOT_IN_SOURCE_METADATA,SRR12931606,SRR12931605,NA,SAMN16357247,NOT_IN_SOURCE_METADATA,NOT_IN_SOURCE_METADATA,Unicycler,eskapee-test/robertson-benchmark_ehor-SAMN16357247-u.gfa.gz,YES,1456638,eskapee-test/robertson-benchmark_ehor-SAMN16357247-u.gfa.csv,YES,3232,contig|plasmid_score|chrom_score|label|length|chr_coverage|pl_coverage|un_coverage|hybrid_mapsto,plasmid;chromosome;ambiguous;unlabeled,NOT_PUBLISHED_IN_METADATA,IN_GFA: dp tag (Unicycler) / KC tag (SKESA),Robertson2018,https://github.com/fmfi-compbio/plasgraph2-datasets/blob/06cdf1524a9d424b5eb97628be26b87f854d398a/eskapee-test/robertson-benchmark_ehor-SAMN16357247-u.gfa.gz,06cdf1524a9d424b5eb97628be26b87f854d398a,LICENCE_NOT_DOCUMENTED,COMPLETE_FOR_ACCESSIONS;MISSING_STRAIN_BIOPROJECT_ASSEMBLY
robertson-benchmark_ehor-SAMN16357247-s,robertson-benchmark_ehor-SAMN16357247,SAMN16357247,eskapee-test,Enterobacter hormaechei,NOT_IN_SOURCE_METADATA,SRR12931606,SRR12931605,NA,SAMN16357247,NOT_IN_SOURCE_METADATA,NOT_IN_SOURCE_METADATA,SKESA,eskapee-test/robertson-benchmark_ehor-SAMN16357247-s.gfa.gz,YES,1460158,eskapee-test/robertson-benchmark_ehor-SAMN16357247-s.gfa.csv,YES,7164,contig|plasmid_score|chrom_score|label|length|chr_coverage|pl_coverage|un_coverage|hybrid_mapsto,plasmid;chromosome;ambiguous;unlabeled,NOT_PUBLISHED_IN_METADATA,IN_GFA: dp tag (Unicycler) / KC tag (SKESA),Robertson2018,https://github.com/fmfi-compbio/plasgraph2-datasets/blob/06cdf1524a9d424b5eb97628be26b87f854d398a/eskapee-test/robertson-benchmark_ehor-SAMN16357247-s.gfa.gz,06cdf1524a9d424b5eb97628be26b87f854d398a,LICENCE_NOT_DOCUMENTED,COMPLETE_FOR_ACCESSIONS;MISSING_STRAIN_BIOPROJECT_ASSEMBLY
robertson-benchmark_ehor-SAMN16357576-u,robertson-benchmark_ehor-SAMN16357576,SAMN16357576,eskapee-test,Enterobacter hormaechei,NOT_IN_SOURCE_METADATA,SRR15075461,SRR15075462,NA,SAMN16357576,NOT_IN_SOURCE_METADATA,NOT_IN_SOURCE_METADATA,Unicycler,eskapee-test/robertson-benchmark_ehor-SAMN16357576-u.gfa.gz,YES,1374454,eskapee-test/robertson-benchmark_ehor-SAMN16357576-u.gfa.csv,YES,3403,contig|plasmid_score|chrom_score|label|length|chr_coverage|pl_coverage|un_coverage|hybrid_mapsto,plasmid;chromosome;ambiguous;unlabeled,NOT_PUBLISHED_IN_METADATA,IN_GFA: dp tag (Unicycler) / KC tag (SKESA),Robertson2018,https://github.com/fmfi-compbio/plasgraph2-datasets/blob/06cdf1524a9d424b5eb97628be26b87f854d398a/eskapee-test/robertson-benchmark_ehor-SAMN16357576-u.gfa.gz,06cdf1524a9d424b5eb97628be26b87f854d398a,LICENCE_NOT_DOCUMENTED,COMPLETE_FOR_ACCESSIONS;MISSING_STRAIN_BIOPROJECT_ASSEMBLY
robertson-benchmark_ehor-SAMN16357576-s,robertson-benchmark_ehor-SAMN16357576,SAMN16357576,eskapee-test,Enterobacter hormaechei,NOT_IN_SOURCE_METADATA,SRR15075461,SRR15075462,NA,SAMN16357576,NOT_IN_SOURCE_METADATA,NOT_IN_SOURCE_METADATA,SKESA,eskapee-test/robertson-benchmark_ehor-SAMN16357576-s.gfa.gz,YES,1377461,eskapee-test/robertson-benchmark_ehor-SAMN16357576-s.gfa.csv,YES,6207,contig|plasmid_score|chrom_score|label|length|chr_coverage|pl_coverage|un_coverage|hybrid_mapsto,plasmid;chromosome;ambiguous;unlabeled,NOT_PUBLISHED_IN_METADATA,IN_GFA: dp tag (Unicycler) / KC tag (SKESA),Robertson2018,https://github.com/fmfi-compbio/plasgraph2-datasets/blob/06cdf1524a9d424b5eb97628be26b87f854d398a/eskapee-test/robertson-benchmark_ehor-SAMN16357576-s.gfa.gz,06cdf1524a9d424b5eb97628be26b87f854d398a,LICENCE_NOT_DOCUMENTED,COMPLETE_FOR_ACCESSIONS;MISSING_STRAIN_BIOPROJECT_ASSEMBLY
robertson-benchmark_ehor-SAMN16357577-u,robertson-benchmark_ehor-SAMN16357577,SAMN16357577,eskapee-test,Enterobacter hormaechei,NOT_IN_SOURCE_METADATA,SRR15075463,SRR15075464,NA,SAMN16357577,NOT_IN_SOURCE_METADATA,NOT_IN_SOURCE_METADATA,Unicycler,eskapee-test/robertson-benchmark_ehor-SAMN16357577-u.gfa.gz,YES,1365575,eskapee-test/robertson-benchmark_ehor-SAMN16357577-u.gfa.csv,YES,4037,contig|plasmid_score|chrom_score|label|length|chr_coverage|pl_coverage|un_coverage|hybrid_mapsto,plasmid;chromosome;ambiguous;unlabeled,NOT_PUBLISHED_IN_METADATA,IN_GFA: dp tag (Unicycler) / KC tag (SKESA),Robertson2018,https://github.com/fmfi-compbio/plasgraph2-datasets/blob/06cdf1524a9d424b5eb97628be26b87f854d398a/eskapee-test/robertson-benchmark_ehor-SAMN16357577-u.gfa.gz,06cdf1524a9d424b5eb97628be26b87f854d398a,LICENCE_NOT_DOCUMENTED,COMPLETE_FOR_ACCESSIONS;MISSING_STRAIN_BIOPROJECT_ASSEMBLY
robertson-benchmark_ehor-SAMN16357577-s,robertson-benchmark_ehor-SAMN16357577,SAMN16357577,eskapee-test,Enterobacter hormaechei,NOT_IN_SOURCE_METADATA,SRR15075463,SRR15075464,NA,SAMN16357577,NOT_IN_SOURCE_METADATA,NOT_IN_SOURCE_METADATA,SKESA,eskapee-test/robertson-benchmark_ehor-SAMN16357577-s.gfa.gz,YES,1370008,eskapee-test/robertson-benchmark_ehor-SAMN16357577-s.gfa.csv,YES,9246,contig|plasmid_score|chrom_score|label|length|chr_coverage|pl_coverage|un_coverage|hybrid_mapsto,plasmid;chromosome;ambiguous;unlabeled,NOT_PUBLISHED_IN_METADATA,IN_GFA: dp tag (Unicycler) / KC tag (SKESA),Robertson2018,https://github.com/fmfi-compbio/plasgraph2-datasets/blob/06cdf1524a9d424b5eb97628be26b87f854d398a/eskapee-test/robertson-benchmark_ehor-SAMN16357577-s.gfa.gz,06cdf1524a9d424b5eb97628be26b87f854d398a,LICENCE_NOT_DOCUMENTED,COMPLETE_FOR_ACCESSIONS;MISSING_STRAIN_BIOPROJECT_ASSEMBLY
robertson-benchmark_erog-SAMN10163217-u,robertson-benchmark_erog-SAMN10163217,SAMN10163217,eskapee-test,Enterobacter roggenkampii,NOT_IN_SOURCE_METADATA,SRR8180306,SRR8180307,NA,SAMN10163217,NOT_IN_SOURCE_METADATA,NOT_IN_SOURCE_METADATA,Unicycler,eskapee-test/robertson-benchmark_erog-SAMN10163217-u.gfa.gz,YES,1473924,eskapee-test/robertson-benchmark_erog-SAMN10163217-u.gfa.csv,YES,6061,contig|plasmid_score|chrom_score|label|length|chr_coverage|pl_coverage|un_coverage|hybrid_mapsto,plasmid;chromosome;ambiguous;unlabeled,NOT_PUBLISHED_IN_METADATA,IN_GFA: dp tag (Unicycler) / KC tag (SKESA),Robertson2018,https://github.com/fmfi-compbio/plasgraph2-datasets/blob/06cdf1524a9d424b5eb97628be26b87f854d398a/eskapee-test/robertson-benchmark_erog-SAMN10163217-u.gfa.gz,06cdf1524a9d424b5eb97628be26b87f854d398a,LICENCE_NOT_DOCUMENTED,COMPLETE_FOR_ACCESSIONS;MISSING_STRAIN_BIOPROJECT_ASSEMBLY
robertson-benchmark_erog-SAMN10163217-s,robertson-benchmark_erog-SAMN10163217,SAMN10163217,eskapee-test,Enterobacter roggenkampii,NOT_IN_SOURCE_METADATA,SRR8180306,SRR8180307,NA,SAMN10163217,NOT_IN_SOURCE_METADATA,NOT_IN_SOURCE_METADATA,SKESA,eskapee-test/robertson-benchmark_erog-SAMN10163217-s.gfa.gz,YES,1478742,eskapee-test/robertson-benchmark_erog-SAMN10163217-s.gfa.csv,YES,9383,contig|plasmid_score|chrom_score|label|length|chr_coverage|pl_coverage|un_coverage|hybrid_mapsto,plasmid;chromosome;ambiguous;unlabeled,NOT_PUBLISHED_IN_METADATA,IN_GFA: dp tag (Unicycler) / KC tag (SKESA),Robertson2018,https://github.com/fmfi-compbio/plasgraph2-datasets/blob/06cdf1524a9d424b5eb97628be26b87f854d398a/eskapee-test/robertson-benchmark_erog-SAMN10163217-s.gfa.gz,06cdf1524a9d424b5eb97628be26b87f854d398a,LICENCE_NOT_DOCUMENTED,COMPLETE_FOR_ACCESSIONS;MISSING_STRAIN_BIOPROJECT_ASSEMBLY
robertson-benchmark_erog-SAMN16357572-u,robertson-benchmark_erog-SAMN16357572,SAMN16357572,eskapee-test,Enterobacter roggenkampii,NOT_IN_SOURCE_METADATA,SRR15075448,SRR15075447,NA,SAMN16357572,NOT_IN_SOURCE_METADATA,NOT_IN_SOURCE_METADATA,Unicycler,eskapee-test/robertson-benchmark_erog-SAMN16357572-u.gfa.gz,YES,1403701,eskapee-test/robertson-benchmark_erog-SAMN16357572-u.gfa.csv,YES,5744,contig|plasmid_score|chrom_score|label|length|chr_coverage|pl_coverage|un_coverage|hybrid_mapsto,plasmid;chromosome;ambiguous;unlabeled,NOT_PUBLISHED_IN_METADATA,IN_GFA: dp tag (Unicycler) / KC tag (SKESA),Robertson2018,https://github.com/fmfi-compbio/plasgraph2-datasets/blob/06cdf1524a9d424b5eb97628be26b87f854d398a/eskapee-test/robertson-benchmark_erog-SAMN16357572-u.gfa.gz,06cdf1524a9d424b5eb97628be26b87f854d398a,LICENCE_NOT_DOCUMENTED,COMPLETE_FOR_ACCESSIONS;MISSING_STRAIN_BIOPROJECT_ASSEMBLY
robertson-benchmark_erog-SAMN16357572-s,robertson-benchmark_erog-SAMN16357572,SAMN16357572,eskapee-test,Enterobacter roggenkampii,NOT_IN_SOURCE_METADATA,SRR15075448,SRR15075447,NA,SAMN16357572,NOT_IN_SOURCE_METADATA,NOT_IN_SOURCE_METADATA,SKESA,eskapee-test/robertson-benchmark_erog-SAMN16357572-s.gfa.gz,YES,1409487,eskapee-test/robertson-benchmark_erog-SAMN16357572-s.gfa.csv,YES,14482,contig|plasmid_score|chrom_score|label|length|chr_coverage|pl_coverage|un_coverage|hybrid_mapsto,plasmid;chromosome;ambiguous;unlabeled,NOT_PUBLISHED_IN_METADATA,IN_GFA: dp tag (Unicycler) / KC tag (SKESA),Robertson2018,https://github.com/fmfi-compbio/plasgraph2-datasets/blob/06cdf1524a9d424b5eb97628be26b87f854d398a/eskapee-test/robertson-benchmark_erog-SAMN16357572-s.gfa.gz,06cdf1524a9d424b5eb97628be26b87f854d398a,LICENCE_NOT_DOCUMENTED,COMPLETE_FOR_ACCESSIONS;MISSING_STRAIN_BIOPROJECT_ASSEMBLY
robertson-benchmark_exxx-SAMN03996308-u,robertson-benchmark_exxx-SAMN03996308,SAMN03996308,eskapee-test,Enterobacter xxx,NOT_IN_SOURCE_METADATA,SRR2822449,SRR2822448,NA,SAMN03996308,NOT_IN_SOURCE_METADATA,NOT_IN_SOURCE_METADATA,Unicycler,eskapee-test/robertson-benchmark_exxx-SAMN03996308-u.gfa.gz,YES,1102794,eskapee-test/robertson-benchmark_exxx-SAMN03996308-u.gfa.csv,YES,1553,contig|plasmid_score|chrom_score|label|length|chr_coverage|pl_coverage|un_coverage|hybrid_mapsto,plasmid;chromosome;ambiguous;unlabeled,NOT_PUBLISHED_IN_METADATA,IN_GFA: dp tag (Unicycler) / KC tag (SKESA),Robertson2018,https://github.com/fmfi-compbio/plasgraph2-datasets/blob/06cdf1524a9d424b5eb97628be26b87f854d398a/eskapee-test/robertson-benchmark_exxx-SAMN03996308-u.gfa.gz,06cdf1524a9d424b5eb97628be26b87f854d398a,LICENCE_NOT_DOCUMENTED,COMPLETE_FOR_ACCESSIONS;MISSING_STRAIN_BIOPROJECT_ASSEMBLY
robertson-benchmark_exxx-SAMN03996308-s,robertson-benchmark_exxx-SAMN03996308,SAMN03996308,eskapee-test,Enterobacter xxx,NOT_IN_SOURCE_METADATA,SRR2822449,SRR2822448,NA,SAMN03996308,NOT_IN_SOURCE_METADATA,NOT_IN_SOURCE_METADATA,SKESA,eskapee-test/robertson-benchmark_exxx-SAMN03996308-s.gfa.gz,YES,1106146,eskapee-test/robertson-benchmark_exxx-SAMN03996308-s.gfa.csv,YES,5791,contig|plasmid_score|chrom_score|label|length|chr_coverage|pl_coverage|un_coverage|hybrid_mapsto,plasmid;chromosome;ambiguous;unlabeled,NOT_PUBLISHED_IN_METADATA,IN_GFA: dp tag (Unicycler) / KC tag (SKESA),Robertson2018,https://github.com/fmfi-compbio/plasgraph2-datasets/blob/06cdf1524a9d424b5eb97628be26b87f854d398a/eskapee-test/robertson-benchmark_exxx-SAMN03996308-s.gfa.gz,06cdf1524a9d424b5eb97628be26b87f854d398a,LICENCE_NOT_DOCUMENTED,COMPLETE_FOR_ACCESSIONS;MISSING_STRAIN_BIOPROJECT_ASSEMBLY
robertson-benchmark_kpne-SAMEA3357010-u,robertson-benchmark_kpne-SAMEA3357010,SAMEA3357010,eskapee-test,Klebsiella pneumoniae,NOT_IN_SOURCE_METADATA,ERR1023775,SRR5665597,NA,SAMEA3357010,NOT_IN_SOURCE_METADATA,NOT_IN_SOURCE_METADATA,Unicycler,eskapee-test/robertson-benchmark_kpne-SAMEA3357010-u.gfa.gz,YES,1577775,eskapee-test/robertson-benchmark_kpne-SAMEA3357010-u.gfa.csv,YES,4850,contig|plasmid_score|chrom_score|label|length|chr_coverage|pl_coverage|un_coverage|hybrid_mapsto,plasmid;chromosome;ambiguous;unlabeled,NOT_PUBLISHED_IN_METADATA,IN_GFA: dp tag (Unicycler) / KC tag (SKESA),Robertson2018,https://github.com/fmfi-compbio/plasgraph2-datasets/blob/06cdf1524a9d424b5eb97628be26b87f854d398a/eskapee-test/robertson-benchmark_kpne-SAMEA3357010-u.gfa.gz,06cdf1524a9d424b5eb97628be26b87f854d398a,LICENCE_NOT_DOCUMENTED,COMPLETE_FOR_ACCESSIONS;MISSING_STRAIN_BIOPROJECT_ASSEMBLY
robertson-benchmark_kpne-SAMEA3357010-s,robertson-benchmark_kpne-SAMEA3357010,SAMEA3357010,eskapee-test,Klebsiella pneumoniae,NOT_IN_SOURCE_METADATA,ERR1023775,SRR5665597,NA,SAMEA3357010,NOT_IN_SOURCE_METADATA,NOT_IN_SOURCE_METADATA,SKESA,eskapee-test/robertson-benchmark_kpne-SAMEA3357010-s.gfa.gz,YES,1579720,eskapee-test/robertson-benchmark_kpne-SAMEA3357010-s.gfa.csv,YES,7139,contig|plasmid_score|chrom_score|label|length|chr_coverage|pl_coverage|un_coverage|hybrid_mapsto,plasmid;chromosome;ambiguous;unlabeled,NOT_PUBLISHED_IN_METADATA,IN_GFA: dp tag (Unicycler) / KC tag (SKESA),Robertson2018,https://github.com/fmfi-compbio/plasgraph2-datasets/blob/06cdf1524a9d424b5eb97628be26b87f854d398a/eskapee-test/robertson-benchmark_kpne-SAMEA3357010-s.gfa.gz,06cdf1524a9d424b5eb97628be26b87f854d398a,LICENCE_NOT_DOCUMENTED,COMPLETE_FOR_ACCESSIONS;MISSING_STRAIN_BIOPROJECT_ASSEMBLY
robertson-benchmark_kpne-SAMEA3357043-u,robertson-benchmark_kpne-SAMEA3357043,SAMEA3357043,eskapee-test,Klebsiella pneumoniae,NOT_IN_SOURCE_METADATA,ERR1023792,SRR5665596,NA,SAMEA3357043,NOT_IN_SOURCE_METADATA,NOT_IN_SOURCE_METADATA,Unicycler,eskapee-test/robertson-benchmark_kpne-SAMEA3357043-u.gfa.gz,YES,1577789,eskapee-test/robertson-benchmark_kpne-SAMEA3357043-u.gfa.csv,YES,5057,contig|plasmid_score|chrom_score|label|length|chr_coverage|pl_coverage|un_coverage|hybrid_mapsto,plasmid;chromosome;ambiguous;unlabeled,NOT_PUBLISHED_IN_METADATA,IN_GFA: dp tag (Unicycler) / KC tag (SKESA),Robertson2018,https://github.com/fmfi-compbio/plasgraph2-datasets/blob/06cdf1524a9d424b5eb97628be26b87f854d398a/eskapee-test/robertson-benchmark_kpne-SAMEA3357043-u.gfa.gz,06cdf1524a9d424b5eb97628be26b87f854d398a,LICENCE_NOT_DOCUMENTED,COMPLETE_FOR_ACCESSIONS;MISSING_STRAIN_BIOPROJECT_ASSEMBLY
robertson-benchmark_kpne-SAMEA3357043-s,robertson-benchmark_kpne-SAMEA3357043,SAMEA3357043,eskapee-test,Klebsiella pneumoniae,NOT_IN_SOURCE_METADATA,ERR1023792,SRR5665596,NA,SAMEA3357043,NOT_IN_SOURCE_METADATA,NOT_IN_SOURCE_METADATA,SKESA,eskapee-test/robertson-benchmark_kpne-SAMEA3357043-s.gfa.gz,YES,1578144,eskapee-test/robertson-benchmark_kpne-SAMEA3357043-s.gfa.csv,YES,5821,contig|plasmid_score|chrom_score|label|length|chr_coverage|pl_coverage|un_coverage|hybrid_mapsto,plasmid;chromosome;ambiguous;unlabeled,NOT_PUBLISHED_IN_METADATA,IN_GFA: dp tag (Unicycler) / KC tag (SKESA),Robertson2018,https://github.com/fmfi-compbio/plasgraph2-datasets/blob/06cdf1524a9d424b5eb97628be26b87f854d398a/eskapee-test/robertson-benchmark_kpne-SAMEA3357043-s.gfa.gz,06cdf1524a9d424b5eb97628be26b87f854d398a,LICENCE_NOT_DOCUMENTED,COMPLETE_FOR_ACCESSIONS;MISSING_STRAIN_BIOPROJECT_ASSEMBLY
robertson-benchmark_kpne-SAMEA3357077-u,robertson-benchmark_kpne-SAMEA3357077,SAMEA3357077,eskapee-test,Klebsiella pneumoniae,NOT_IN_SOURCE_METADATA,ERR1023800,SRR6175467,NA,SAMEA3357077,NOT_IN_SOURCE_METADATA,NOT_IN_SOURCE_METADATA,Unicycler,eskapee-test/robertson-benchmark_kpne-SAMEA3357077-u.gfa.gz,YES,1634313,eskapee-test/robertson-benchmark_kpne-SAMEA3357077-u.gfa.csv,YES,9506,contig|plasmid_score|chrom_score|label|length|chr_coverage|pl_coverage|un_coverage|hybrid_mapsto,plasmid;chromosome;ambiguous;unlabeled,NOT_PUBLISHED_IN_METADATA,IN_GFA: dp tag (Unicycler) / KC tag (SKESA),Robertson2018,https://github.com/fmfi-compbio/plasgraph2-datasets/blob/06cdf1524a9d424b5eb97628be26b87f854d398a/eskapee-test/robertson-benchmark_kpne-SAMEA3357077-u.gfa.gz,06cdf1524a9d424b5eb97628be26b87f854d398a,LICENCE_NOT_DOCUMENTED,COMPLETE_FOR_ACCESSIONS;MISSING_STRAIN_BIOPROJECT_ASSEMBLY
robertson-benchmark_kpne-SAMEA3357077-s,robertson-benchmark_kpne-SAMEA3357077,SAMEA3357077,eskapee-test,Klebsiella pneumoniae,NOT_IN_SOURCE_METADATA,ERR1023800,SRR6175467,NA,SAMEA3357077,NOT_IN_SOURCE_METADATA,NOT_IN_SOURCE_METADATA,SKESA,eskapee-test/robertson-benchmark_kpne-SAMEA3357077-s.gfa.gz,YES,1644693,eskapee-test/robertson-benchmark_kpne-SAMEA3357077-s.gfa.csv,YES,25668,contig|plasmid_score|chrom_score|label|length|chr_coverage|pl_coverage|un_coverage|hybrid_mapsto,plasmid;chromosome;ambiguous;unlabeled,NOT_PUBLISHED_IN_METADATA,IN_GFA: dp tag (Unicycler) / KC tag (SKESA),Robertson2018,https://github.com/fmfi-compbio/plasgraph2-datasets/blob/06cdf1524a9d424b5eb97628be26b87f854d398a/eskapee-test/robertson-benchmark_kpne-SAMEA3357077-s.gfa.gz,06cdf1524a9d424b5eb97628be26b87f854d398a,LICENCE_NOT_DOCUMENTED,COMPLETE_FOR_ACCESSIONS;MISSING_STRAIN_BIOPROJECT_ASSEMBLY
robertson-benchmark_kpne-SAMEA3357080-u,robertson-benchmark_kpne-SAMEA3357080,SAMEA3357080,eskapee-test,Klebsiella pneumoniae,NOT_IN_SOURCE_METADATA,ERR1023801,SRR6175468,NA,SAMEA3357080,NOT_IN_SOURCE_METADATA,NOT_IN_SOURCE_METADATA,Unicycler,eskapee-test/robertson-benchmark_kpne-SAMEA3357080-u.gfa.gz,YES,1633854,eskapee-test/robertson-benchmark_kpne-SAMEA3357080-u.gfa.csv,YES,8862,contig|plasmid_score|chrom_score|label|length|chr_coverage|pl_coverage|un_coverage|hybrid_mapsto,plasmid;chromosome;ambiguous;unlabeled,NOT_PUBLISHED_IN_METADATA,IN_GFA: dp tag (Unicycler) / KC tag (SKESA),Robertson2018,https://github.com/fmfi-compbio/plasgraph2-datasets/blob/06cdf1524a9d424b5eb97628be26b87f854d398a/eskapee-test/robertson-benchmark_kpne-SAMEA3357080-u.gfa.gz,06cdf1524a9d424b5eb97628be26b87f854d398a,LICENCE_NOT_DOCUMENTED,COMPLETE_FOR_ACCESSIONS;MISSING_STRAIN_BIOPROJECT_ASSEMBLY
robertson-benchmark_kpne-SAMEA3357080-s,robertson-benchmark_kpne-SAMEA3357080,SAMEA3357080,eskapee-test,Klebsiella pneumoniae,NOT_IN_SOURCE_METADATA,ERR1023801,SRR6175468,NA,SAMEA3357080,NOT_IN_SOURCE_METADATA,NOT_IN_SOURCE_METADATA,SKESA,eskapee-test/robertson-benchmark_kpne-SAMEA3357080-s.gfa.gz,YES,1643192,eskapee-test/robertson-benchmark_kpne-SAMEA3357080-s.gfa.csv,YES,24460,contig|plasmid_score|chrom_score|label|length|chr_coverage|pl_coverage|un_coverage|hybrid_mapsto,plasmid;chromosome;ambiguous;unlabeled,NOT_PUBLISHED_IN_METADATA,IN_GFA: dp tag (Unicycler) / KC tag (SKESA),Robertson2018,https://github.com/fmfi-compbio/plasgraph2-datasets/blob/06cdf1524a9d424b5eb97628be26b87f854d398a/eskapee-test/robertson-benchmark_kpne-SAMEA3357080-s.gfa.gz,06cdf1524a9d424b5eb97628be26b87f854d398a,LICENCE_NOT_DOCUMENTED,COMPLETE_FOR_ACCESSIONS;MISSING_STRAIN_BIOPROJECT_ASSEMBLY
robertson-benchmark_kpne-SAMEA3357223-u,robertson-benchmark_kpne-SAMEA3357223,SAMEA3357223,eskapee-test,Klebsiella pneumoniae,NOT_IN_SOURCE_METADATA,ERR1008714,SRR6175473,NA,SAMEA3357223,NOT_IN_SOURCE_METADATA,NOT_IN_SOURCE_METADATA,Unicycler,eskapee-test/robertson-benchmark_kpne-SAMEA3357223-u.gfa.gz,YES,1622900,eskapee-test/robertson-benchmark_kpne-SAMEA3357223-u.gfa.csv,YES,9911,contig|plasmid_score|chrom_score|label|length|chr_coverage|pl_coverage|un_coverage|hybrid_mapsto,plasmid;chromosome;ambiguous;unlabeled,NOT_PUBLISHED_IN_METADATA,IN_GFA: dp tag (Unicycler) / KC tag (SKESA),Robertson2018,https://github.com/fmfi-compbio/plasgraph2-datasets/blob/06cdf1524a9d424b5eb97628be26b87f854d398a/eskapee-test/robertson-benchmark_kpne-SAMEA3357223-u.gfa.gz,06cdf1524a9d424b5eb97628be26b87f854d398a,LICENCE_NOT_DOCUMENTED,COMPLETE_FOR_ACCESSIONS;MISSING_STRAIN_BIOPROJECT_ASSEMBLY
robertson-benchmark_kpne-SAMEA3357223-s,robertson-benchmark_kpne-SAMEA3357223,SAMEA3357223,eskapee-test,Klebsiella pneumoniae,NOT_IN_SOURCE_METADATA,ERR1008714,SRR6175473,NA,SAMEA3357223,NOT_IN_SOURCE_METADATA,NOT_IN_SOURCE_METADATA,SKESA,eskapee-test/robertson-benchmark_kpne-SAMEA3357223-s.gfa.gz,YES,1625818,eskapee-test/robertson-benchmark_kpne-SAMEA3357223-s.gfa.csv,YES,12524,contig|plasmid_score|chrom_score|label|length|chr_coverage|pl_coverage|un_coverage|hybrid_mapsto,plasmid;chromosome;ambiguous;unlabeled,NOT_PUBLISHED_IN_METADATA,IN_GFA: dp tag (Unicycler) / KC tag (SKESA),Robertson2018,https://github.com/fmfi-compbio/plasgraph2-datasets/blob/06cdf1524a9d424b5eb97628be26b87f854d398a/eskapee-test/robertson-benchmark_kpne-SAMEA3357223-s.gfa.gz,06cdf1524a9d424b5eb97628be26b87f854d398a,LICENCE_NOT_DOCUMENTED,COMPLETE_FOR_ACCESSIONS;MISSING_STRAIN_BIOPROJECT_ASSEMBLY
robertson-benchmark_kpne-SAMEA3357268-u,robertson-benchmark_kpne-SAMEA3357268,SAMEA3357268,eskapee-test,Klebsiella pneumoniae,NOT_IN_SOURCE_METADATA,ERR1008735,SRR6202032,NA,SAMEA3357268,NOT_IN_SOURCE_METADATA,NOT_IN_SOURCE_METADATA,Unicycler,eskapee-test/robertson-benchmark_kpne-SAMEA3357268-u.gfa.gz,YES,1624740,eskapee-test/robertson-benchmark_kpne-SAMEA3357268-u.gfa.csv,YES,8137,contig|plasmid_score|chrom_score|label|length|chr_coverage|pl_coverage|un_coverage|hybrid_mapsto,plasmid;chromosome;ambiguous;unlabeled,NOT_PUBLISHED_IN_METADATA,IN_GFA: dp tag (Unicycler) / KC tag (SKESA),Robertson2018,https://github.com/fmfi-compbio/plasgraph2-datasets/blob/06cdf1524a9d424b5eb97628be26b87f854d398a/eskapee-test/robertson-benchmark_kpne-SAMEA3357268-u.gfa.gz,06cdf1524a9d424b5eb97628be26b87f854d398a,LICENCE_NOT_DOCUMENTED,COMPLETE_FOR_ACCESSIONS;MISSING_STRAIN_BIOPROJECT_ASSEMBLY
robertson-benchmark_kpne-SAMEA3357268-s,robertson-benchmark_kpne-SAMEA3357268,SAMEA3357268,eskapee-test,Klebsiella pneumoniae,NOT_IN_SOURCE_METADATA,ERR1008735,SRR6202032,NA,SAMEA3357268,NOT_IN_SOURCE_METADATA,NOT_IN_SOURCE_METADATA,SKESA,eskapee-test/robertson-benchmark_kpne-SAMEA3357268-s.gfa.gz,YES,1632239,eskapee-test/robertson-benchmark_kpne-SAMEA3357268-s.gfa.csv,YES,19352,contig|plasmid_score|chrom_score|label|length|chr_coverage|pl_coverage|un_coverage|hybrid_mapsto,plasmid;chromosome;ambiguous;unlabeled,NOT_PUBLISHED_IN_METADATA,IN_GFA: dp tag (Unicycler) / KC tag (SKESA),Robertson2018,https://github.com/fmfi-compbio/plasgraph2-datasets/blob/06cdf1524a9d424b5eb97628be26b87f854d398a/eskapee-test/robertson-benchmark_kpne-SAMEA3357268-s.gfa.gz,06cdf1524a9d424b5eb97628be26b87f854d398a,LICENCE_NOT_DOCUMENTED,COMPLETE_FOR_ACCESSIONS;MISSING_STRAIN_BIOPROJECT_ASSEMBLY
robertson-benchmark_kpne-SAMEA3357272-u,robertson-benchmark_kpne-SAMEA3357272,SAMEA3357272,eskapee-test,Klebsiella pneumoniae,NOT_IN_SOURCE_METADATA,ERR1008737,SRR6202031,NA,SAMEA3357272,NOT_IN_SOURCE_METADATA,NOT_IN_SOURCE_METADATA,Unicycler,eskapee-test/robertson-benchmark_kpne-SAMEA3357272-u.gfa.gz,YES,1624672,eskapee-test/robertson-benchmark_kpne-SAMEA3357272-u.gfa.csv,YES,8014,contig|plasmid_score|chrom_score|label|length|chr_coverage|pl_coverage|un_coverage|hybrid_mapsto,plasmid;chromosome;ambiguous;unlabeled,NOT_PUBLISHED_IN_METADATA,IN_GFA: dp tag (Unicycler) / KC tag (SKESA),Robertson2018,https://github.com/fmfi-compbio/plasgraph2-datasets/blob/06cdf1524a9d424b5eb97628be26b87f854d398a/eskapee-test/robertson-benchmark_kpne-SAMEA3357272-u.gfa.gz,06cdf1524a9d424b5eb97628be26b87f854d398a,LICENCE_NOT_DOCUMENTED,COMPLETE_FOR_ACCESSIONS;MISSING_STRAIN_BIOPROJECT_ASSEMBLY
robertson-benchmark_kpne-SAMEA3357272-s,robertson-benchmark_kpne-SAMEA3357272,SAMEA3357272,eskapee-test,Klebsiella pneumoniae,NOT_IN_SOURCE_METADATA,ERR1008737,SRR6202031,NA,SAMEA3357272,NOT_IN_SOURCE_METADATA,NOT_IN_SOURCE_METADATA,SKESA,eskapee-test/robertson-benchmark_kpne-SAMEA3357272-s.gfa.gz,YES,1633697,eskapee-test/robertson-benchmark_kpne-SAMEA3357272-s.gfa.csv,YES,21976,contig|plasmid_score|chrom_score|label|length|chr_coverage|pl_coverage|un_coverage|hybrid_mapsto,plasmid;chromosome;ambiguous;unlabeled,NOT_PUBLISHED_IN_METADATA,IN_GFA: dp tag (Unicycler) / KC tag (SKESA),Robertson2018,https://github.com/fmfi-compbio/plasgraph2-datasets/blob/06cdf1524a9d424b5eb97628be26b87f854d398a/eskapee-test/robertson-benchmark_kpne-SAMEA3357272-s.gfa.gz,06cdf1524a9d424b5eb97628be26b87f854d398a,LICENCE_NOT_DOCUMENTED,COMPLETE_FOR_ACCESSIONS;MISSING_STRAIN_BIOPROJECT_ASSEMBLY
robertson-benchmark_kpne-SAMEA3357328-u,robertson-benchmark_kpne-SAMEA3357328,SAMEA3357328,eskapee-test,Klebsiella pneumoniae,NOT_IN_SOURCE_METADATA,ERR1023631,SRR6175472,NA,SAMEA3357328,NOT_IN_SOURCE_METADATA,NOT_IN_SOURCE_METADATA,Unicycler,eskapee-test/robertson-benchmark_kpne-SAMEA3357328-u.gfa.gz,YES,1562682,eskapee-test/robertson-benchmark_kpne-SAMEA3357328-u.gfa.csv,YES,4515,contig|plasmid_score|chrom_score|label|length|chr_coverage|pl_coverage|un_coverage|hybrid_mapsto,plasmid;chromosome;ambiguous;unlabeled,NOT_PUBLISHED_IN_METADATA,IN_GFA: dp tag (Unicycler) / KC tag (SKESA),Robertson2018,https://github.com/fmfi-compbio/plasgraph2-datasets/blob/06cdf1524a9d424b5eb97628be26b87f854d398a/eskapee-test/robertson-benchmark_kpne-SAMEA3357328-u.gfa.gz,06cdf1524a9d424b5eb97628be26b87f854d398a,LICENCE_NOT_DOCUMENTED,COMPLETE_FOR_ACCESSIONS;MISSING_STRAIN_BIOPROJECT_ASSEMBLY
robertson-benchmark_kpne-SAMEA3357328-s,robertson-benchmark_kpne-SAMEA3357328,SAMEA3357328,eskapee-test,Klebsiella pneumoniae,NOT_IN_SOURCE_METADATA,ERR1023631,SRR6175472,NA,SAMEA3357328,NOT_IN_SOURCE_METADATA,NOT_IN_SOURCE_METADATA,SKESA,eskapee-test/robertson-benchmark_kpne-SAMEA3357328-s.gfa.gz,YES,1565121,eskapee-test/robertson-benchmark_kpne-SAMEA3357328-s.gfa.csv,YES,7717,contig|plasmid_score|chrom_score|label|length|chr_coverage|pl_coverage|un_coverage|hybrid_mapsto,plasmid;chromosome;ambiguous;unlabeled,NOT_PUBLISHED_IN_METADATA,IN_GFA: dp tag (Unicycler) / KC tag (SKESA),Robertson2018,https://github.com/fmfi-compbio/plasgraph2-datasets/blob/06cdf1524a9d424b5eb97628be26b87f854d398a/eskapee-test/robertson-benchmark_kpne-SAMEA3357328-s.gfa.gz,06cdf1524a9d424b5eb97628be26b87f854d398a,LICENCE_NOT_DOCUMENTED,COMPLETE_FOR_ACCESSIONS;MISSING_STRAIN_BIOPROJECT_ASSEMBLY
robertson-benchmark_kpne-SAMN01057614-u,robertson-benchmark_kpne-SAMN01057614,SAMN01057614,eskapee-test,Klebsiella pneumoniae,NOT_IN_SOURCE_METADATA,SRR1427234,SRR1427238,NA,SAMN01057614,NOT_IN_SOURCE_METADATA,NOT_IN_SOURCE_METADATA,Unicycler,eskapee-test/robertson-benchmark_kpne-SAMN01057614-u.gfa.gz,YES,1637234,eskapee-test/robertson-benchmark_kpne-SAMN01057614-u.gfa.csv,YES,10248,contig|plasmid_score|chrom_score|label|length|chr_coverage|pl_coverage|un_coverage|hybrid_mapsto,plasmid;chromosome;ambiguous;unlabeled,NOT_PUBLISHED_IN_METADATA,IN_GFA: dp tag (Unicycler) / KC tag (SKESA),Robertson2018,https://github.com/fmfi-compbio/plasgraph2-datasets/blob/06cdf1524a9d424b5eb97628be26b87f854d398a/eskapee-test/robertson-benchmark_kpne-SAMN01057614-u.gfa.gz,06cdf1524a9d424b5eb97628be26b87f854d398a,LICENCE_NOT_DOCUMENTED,COMPLETE_FOR_ACCESSIONS;MISSING_STRAIN_BIOPROJECT_ASSEMBLY
robertson-benchmark_kpne-SAMN01057614-s,robertson-benchmark_kpne-SAMN01057614,SAMN01057614,eskapee-test,Klebsiella pneumoniae,NOT_IN_SOURCE_METADATA,SRR1427234,SRR1427238,NA,SAMN01057614,NOT_IN_SOURCE_METADATA,NOT_IN_SOURCE_METADATA,SKESA,eskapee-test/robertson-benchmark_kpne-SAMN01057614-s.gfa.gz,YES,1644949,eskapee-test/robertson-benchmark_kpne-SAMN01057614-s.gfa.csv,YES,14619,contig|plasmid_score|chrom_score|label|length|chr_coverage|pl_coverage|un_coverage|hybrid_mapsto,plasmid;chromosome;ambiguous;unlabeled,NOT_PUBLISHED_IN_METADATA,IN_GFA: dp tag (Unicycler) / KC tag (SKESA),Robertson2018,https://github.com/fmfi-compbio/plasgraph2-datasets/blob/06cdf1524a9d424b5eb97628be26b87f854d398a/eskapee-test/robertson-benchmark_kpne-SAMN01057614-s.gfa.gz,06cdf1524a9d424b5eb97628be26b87f854d398a,LICENCE_NOT_DOCUMENTED,COMPLETE_FOR_ACCESSIONS;MISSING_STRAIN_BIOPROJECT_ASSEMBLY
robertson-benchmark_kpne-SAMN02786856-u,robertson-benchmark_kpne-SAMN02786856,SAMN02786856,eskapee-test,Klebsiella pneumoniae,NOT_IN_SOURCE_METADATA,SRR1510963,SRR1510966,NA,SAMN02786856,NOT_IN_SOURCE_METADATA,NOT_IN_SOURCE_METADATA,Unicycler,eskapee-test/robertson-benchmark_kpne-SAMN02786856-u.gfa.gz,YES,1552709,eskapee-test/robertson-benchmark_kpne-SAMN02786856-u.gfa.csv,YES,5415,contig|plasmid_score|chrom_score|label|length|chr_coverage|pl_coverage|un_coverage|hybrid_mapsto,plasmid;chromosome;ambiguous;unlabeled,NOT_PUBLISHED_IN_METADATA,IN_GFA: dp tag (Unicycler) / KC tag (SKESA),Robertson2018,https://github.com/fmfi-compbio/plasgraph2-datasets/blob/06cdf1524a9d424b5eb97628be26b87f854d398a/eskapee-test/robertson-benchmark_kpne-SAMN02786856-u.gfa.gz,06cdf1524a9d424b5eb97628be26b87f854d398a,LICENCE_NOT_DOCUMENTED,COMPLETE_FOR_ACCESSIONS;MISSING_STRAIN_BIOPROJECT_ASSEMBLY
robertson-benchmark_kpne-SAMN02786856-s,robertson-benchmark_kpne-SAMN02786856,SAMN02786856,eskapee-test,Klebsiella pneumoniae,NOT_IN_SOURCE_METADATA,SRR1510963,SRR1510966,NA,SAMN02786856,NOT_IN_SOURCE_METADATA,NOT_IN_SOURCE_METADATA,SKESA,eskapee-test/robertson-benchmark_kpne-SAMN02786856-s.gfa.gz,YES,1555533,eskapee-test/robertson-benchmark_kpne-SAMN02786856-s.gfa.csv,YES,7639,contig|plasmid_score|chrom_score|label|length|chr_coverage|pl_coverage|un_coverage|hybrid_mapsto,plasmid;chromosome;ambiguous;unlabeled,NOT_PUBLISHED_IN_METADATA,IN_GFA: dp tag (Unicycler) / KC tag (SKESA),Robertson2018,https://github.com/fmfi-compbio/plasgraph2-datasets/blob/06cdf1524a9d424b5eb97628be26b87f854d398a/eskapee-test/robertson-benchmark_kpne-SAMN02786856-s.gfa.gz,06cdf1524a9d424b5eb97628be26b87f854d398a,LICENCE_NOT_DOCUMENTED,COMPLETE_FOR_ACCESSIONS;MISSING_STRAIN_BIOPROJECT_ASSEMBLY
robertson-benchmark_kpne-SAMN03024573-u,robertson-benchmark_kpne-SAMN03024573,SAMN03024573,eskapee-test,Klebsiella pneumoniae,NOT_IN_SOURCE_METADATA,SRR5713998,SRR5629776,NA,SAMN03024573,NOT_IN_SOURCE_METADATA,NOT_IN_SOURCE_METADATA,Unicycler,eskapee-test/robertson-benchmark_kpne-SAMN03024573-u.gfa.gz,YES,1593288,eskapee-test/robertson-benchmark_kpne-SAMN03024573-u.gfa.csv,YES,6144,contig|plasmid_score|chrom_score|label|length|chr_coverage|pl_coverage|un_coverage|hybrid_mapsto,plasmid;chromosome;ambiguous;unlabeled,NOT_PUBLISHED_IN_METADATA,IN_GFA: dp tag (Unicycler) / KC tag (SKESA),Robertson2018,https://github.com/fmfi-compbio/plasgraph2-datasets/blob/06cdf1524a9d424b5eb97628be26b87f854d398a/eskapee-test/robertson-benchmark_kpne-SAMN03024573-u.gfa.gz,06cdf1524a9d424b5eb97628be26b87f854d398a,LICENCE_NOT_DOCUMENTED,COMPLETE_FOR_ACCESSIONS;MISSING_STRAIN_BIOPROJECT_ASSEMBLY
robertson-benchmark_kpne-SAMN03024573-s,robertson-benchmark_kpne-SAMN03024573,SAMN03024573,eskapee-test,Klebsiella pneumoniae,NOT_IN_SOURCE_METADATA,SRR5713998,SRR5629776,NA,SAMN03024573,NOT_IN_SOURCE_METADATA,NOT_IN_SOURCE_METADATA,SKESA,eskapee-test/robertson-benchmark_kpne-SAMN03024573-s.gfa.gz,YES,1602362,eskapee-test/robertson-benchmark_kpne-SAMN03024573-s.gfa.csv,YES,5838,contig|plasmid_score|chrom_score|label|length|chr_coverage|pl_coverage|un_coverage|hybrid_mapsto,plasmid;chromosome;ambiguous;unlabeled,NOT_PUBLISHED_IN_METADATA,IN_GFA: dp tag (Unicycler) / KC tag (SKESA),Robertson2018,https://github.com/fmfi-compbio/plasgraph2-datasets/blob/06cdf1524a9d424b5eb97628be26b87f854d398a/eskapee-test/robertson-benchmark_kpne-SAMN03024573-s.gfa.gz,06cdf1524a9d424b5eb97628be26b87f854d398a,LICENCE_NOT_DOCUMENTED,COMPLETE_FOR_ACCESSIONS;MISSING_STRAIN_BIOPROJECT_ASSEMBLY
robertson-benchmark_kpne-SAMN03024583-u,robertson-benchmark_kpne-SAMN03024583,SAMN03024583,eskapee-test,Klebsiella pneumoniae,NOT_IN_SOURCE_METADATA,SRR5714002,SRR5629780,NA,SAMN03024583,NOT_IN_SOURCE_METADATA,NOT_IN_SOURCE_METADATA,Unicycler,eskapee-test/robertson-benchmark_kpne-SAMN03024583-u.gfa.gz,YES,1599586,eskapee-test/robertson-benchmark_kpne-SAMN03024583-u.gfa.csv,YES,8092,contig|plasmid_score|chrom_score|label|length|chr_coverage|pl_coverage|un_coverage|hybrid_mapsto,plasmid;chromosome;ambiguous;unlabeled,NOT_PUBLISHED_IN_METADATA,IN_GFA: dp tag (Unicycler) / KC tag (SKESA),Robertson2018,https://github.com/fmfi-compbio/plasgraph2-datasets/blob/06cdf1524a9d424b5eb97628be26b87f854d398a/eskapee-test/robertson-benchmark_kpne-SAMN03024583-u.gfa.gz,06cdf1524a9d424b5eb97628be26b87f854d398a,LICENCE_NOT_DOCUMENTED,COMPLETE_FOR_ACCESSIONS;MISSING_STRAIN_BIOPROJECT_ASSEMBLY
robertson-benchmark_kpne-SAMN03024583-s,robertson-benchmark_kpne-SAMN03024583,SAMN03024583,eskapee-test,Klebsiella pneumoniae,NOT_IN_SOURCE_METADATA,SRR5714002,SRR5629780,NA,SAMN03024583,NOT_IN_SOURCE_METADATA,NOT_IN_SOURCE_METADATA,SKESA,eskapee-test/robertson-benchmark_kpne-SAMN03024583-s.gfa.gz,YES,1603420,eskapee-test/robertson-benchmark_kpne-SAMN03024583-s.gfa.csv,YES,11211,contig|plasmid_score|chrom_score|label|length|chr_coverage|pl_coverage|un_coverage|hybrid_mapsto,plasmid;chromosome;ambiguous;unlabeled,NOT_PUBLISHED_IN_METADATA,IN_GFA: dp tag (Unicycler) / KC tag (SKESA),Robertson2018,https://github.com/fmfi-compbio/plasgraph2-datasets/blob/06cdf1524a9d424b5eb97628be26b87f854d398a/eskapee-test/robertson-benchmark_kpne-SAMN03024583-s.gfa.gz,06cdf1524a9d424b5eb97628be26b87f854d398a,LICENCE_NOT_DOCUMENTED,COMPLETE_FOR_ACCESSIONS;MISSING_STRAIN_BIOPROJECT_ASSEMBLY
robertson-benchmark_kpne-SAMN03996301-u,robertson-benchmark_kpne-SAMN03996301,SAMN03996301,eskapee-test,Klebsiella pneumoniae,NOT_IN_SOURCE_METADATA,SRR2821776,SRR2821775,NA,SAMN03996301,NOT_IN_SOURCE_METADATA,NOT_IN_SOURCE_METADATA,Unicycler,eskapee-test/robertson-benchmark_kpne-SAMN03996301-u.gfa.gz,YES,1580810,eskapee-test/robertson-benchmark_kpne-SAMN03996301-u.gfa.csv,YES,6616,contig|plasmid_score|chrom_score|label|length|chr_coverage|pl_coverage|un_coverage|hybrid_mapsto,plasmid;chromosome;ambiguous;unlabeled,NOT_PUBLISHED_IN_METADATA,IN_GFA: dp tag (Unicycler) / KC tag (SKESA),Robertson2018,https://github.com/fmfi-compbio/plasgraph2-datasets/blob/06cdf1524a9d424b5eb97628be26b87f854d398a/eskapee-test/robertson-benchmark_kpne-SAMN03996301-u.gfa.gz,06cdf1524a9d424b5eb97628be26b87f854d398a,LICENCE_NOT_DOCUMENTED,COMPLETE_FOR_ACCESSIONS;MISSING_STRAIN_BIOPROJECT_ASSEMBLY
robertson-benchmark_kpne-SAMN03996301-s,robertson-benchmark_kpne-SAMN03996301,SAMN03996301,eskapee-test,Klebsiella pneumoniae,NOT_IN_SOURCE_METADATA,SRR2821776,SRR2821775,NA,SAMN03996301,NOT_IN_SOURCE_METADATA,NOT_IN_SOURCE_METADATA,SKESA,eskapee-test/robertson-benchmark_kpne-SAMN03996301-s.gfa.gz,YES,1590801,eskapee-test/robertson-benchmark_kpne-SAMN03996301-s.gfa.csv,YES,26339,contig|plasmid_score|chrom_score|label|length|chr_coverage|pl_coverage|un_coverage|hybrid_mapsto,plasmid;chromosome;ambiguous;unlabeled,NOT_PUBLISHED_IN_METADATA,IN_GFA: dp tag (Unicycler) / KC tag (SKESA),Robertson2018,https://github.com/fmfi-compbio/plasgraph2-datasets/blob/06cdf1524a9d424b5eb97628be26b87f854d398a/eskapee-test/robertson-benchmark_kpne-SAMN03996301-s.gfa.gz,06cdf1524a9d424b5eb97628be26b87f854d398a,LICENCE_NOT_DOCUMENTED,COMPLETE_FOR_ACCESSIONS;MISSING_STRAIN_BIOPROJECT_ASSEMBLY
robertson-benchmark_kpne-SAMN07312483-u,robertson-benchmark_kpne-SAMN07312483,SAMN07312483,eskapee-test,Klebsiella pneumoniae,NOT_IN_SOURCE_METADATA,SRR5884793,SRR5884794,NA,SAMN07312483,NOT_IN_SOURCE_METADATA,NOT_IN_SOURCE_METADATA,Unicycler,eskapee-test/robertson-benchmark_kpne-SAMN07312483-u.gfa.gz,YES,1637468,eskapee-test/robertson-benchmark_kpne-SAMN07312483-u.gfa.csv,YES,9495,contig|plasmid_score|chrom_score|label|length|chr_coverage|pl_coverage|un_coverage|hybrid_mapsto,plasmid;chromosome;ambiguous;unlabeled,NOT_PUBLISHED_IN_METADATA,IN_GFA: dp tag (Unicycler) / KC tag (SKESA),Robertson2018,https://github.com/fmfi-compbio/plasgraph2-datasets/blob/06cdf1524a9d424b5eb97628be26b87f854d398a/eskapee-test/robertson-benchmark_kpne-SAMN07312483-u.gfa.gz,06cdf1524a9d424b5eb97628be26b87f854d398a,LICENCE_NOT_DOCUMENTED,COMPLETE_FOR_ACCESSIONS;MISSING_STRAIN_BIOPROJECT_ASSEMBLY
robertson-benchmark_kpne-SAMN07312483-s,robertson-benchmark_kpne-SAMN07312483,SAMN07312483,eskapee-test,Klebsiella pneumoniae,NOT_IN_SOURCE_METADATA,SRR5884793,SRR5884794,NA,SAMN07312483,NOT_IN_SOURCE_METADATA,NOT_IN_SOURCE_METADATA,SKESA,eskapee-test/robertson-benchmark_kpne-SAMN07312483-s.gfa.gz,YES,1647526,eskapee-test/robertson-benchmark_kpne-SAMN07312483-s.gfa.csv,YES,16313,contig|plasmid_score|chrom_score|label|length|chr_coverage|pl_coverage|un_coverage|hybrid_mapsto,plasmid;chromosome;ambiguous;unlabeled,NOT_PUBLISHED_IN_METADATA,IN_GFA: dp tag (Unicycler) / KC tag (SKESA),Robertson2018,https://github.com/fmfi-compbio/plasgraph2-datasets/blob/06cdf1524a9d424b5eb97628be26b87f854d398a/eskapee-test/robertson-benchmark_kpne-SAMN07312483-s.gfa.gz,06cdf1524a9d424b5eb97628be26b87f854d398a,LICENCE_NOT_DOCUMENTED,COMPLETE_FOR_ACCESSIONS;MISSING_STRAIN_BIOPROJECT_ASSEMBLY
robertson-benchmark_kpne-SAMN07312488-u,robertson-benchmark_kpne-SAMN07312488,SAMN07312488,eskapee-test,Klebsiella pneumoniae,NOT_IN_SOURCE_METADATA,SRR5884857,SRR5884858,NA,SAMN07312488,NOT_IN_SOURCE_METADATA,NOT_IN_SOURCE_METADATA,Unicycler,eskapee-test/robertson-benchmark_kpne-SAMN07312488-u.gfa.gz,YES,1670504,eskapee-test/robertson-benchmark_kpne-SAMN07312488-u.gfa.csv,YES,10720,contig|plasmid_score|chrom_score|label|length|chr_coverage|pl_coverage|un_coverage|hybrid_mapsto,plasmid;chromosome;ambiguous;unlabeled,NOT_PUBLISHED_IN_METADATA,IN_GFA: dp tag (Unicycler) / KC tag (SKESA),Robertson2018,https://github.com/fmfi-compbio/plasgraph2-datasets/blob/06cdf1524a9d424b5eb97628be26b87f854d398a/eskapee-test/robertson-benchmark_kpne-SAMN07312488-u.gfa.gz,06cdf1524a9d424b5eb97628be26b87f854d398a,LICENCE_NOT_DOCUMENTED,COMPLETE_FOR_ACCESSIONS;MISSING_STRAIN_BIOPROJECT_ASSEMBLY
robertson-benchmark_kpne-SAMN07312488-s,robertson-benchmark_kpne-SAMN07312488,SAMN07312488,eskapee-test,Klebsiella pneumoniae,NOT_IN_SOURCE_METADATA,SRR5884857,SRR5884858,NA,SAMN07312488,NOT_IN_SOURCE_METADATA,NOT_IN_SOURCE_METADATA,SKESA,eskapee-test/robertson-benchmark_kpne-SAMN07312488-s.gfa.gz,YES,1686820,eskapee-test/robertson-benchmark_kpne-SAMN07312488-s.gfa.csv,YES,37370,contig|plasmid_score|chrom_score|label|length|chr_coverage|pl_coverage|un_coverage|hybrid_mapsto,plasmid;chromosome;ambiguous;unlabeled,NOT_PUBLISHED_IN_METADATA,IN_GFA: dp tag (Unicycler) / KC tag (SKESA),Robertson2018,https://github.com/fmfi-compbio/plasgraph2-datasets/blob/06cdf1524a9d424b5eb97628be26b87f854d398a/eskapee-test/robertson-benchmark_kpne-SAMN07312488-s.gfa.gz,06cdf1524a9d424b5eb97628be26b87f854d398a,LICENCE_NOT_DOCUMENTED,COMPLETE_FOR_ACCESSIONS;MISSING_STRAIN_BIOPROJECT_ASSEMBLY
robertson-benchmark_kpne-SAMN07312490-u,robertson-benchmark_kpne-SAMN07312490,SAMN07312490,eskapee-test,Klebsiella pneumoniae,NOT_IN_SOURCE_METADATA,SRR5884863,SRR5884864,NA,SAMN07312490,NOT_IN_SOURCE_METADATA,NOT_IN_SOURCE_METADATA,Unicycler,eskapee-test/robertson-benchmark_kpne-SAMN07312490-u.gfa.gz,YES,1639654,eskapee-test/robertson-benchmark_kpne-SAMN07312490-u.gfa.csv,YES,7437,contig|plasmid_score|chrom_score|label|length|chr_coverage|pl_coverage|un_coverage|hybrid_mapsto,plasmid;chromosome;ambiguous;unlabeled,NOT_PUBLISHED_IN_METADATA,IN_GFA: dp tag (Unicycler) / KC tag (SKESA),Robertson2018,https://github.com/fmfi-compbio/plasgraph2-datasets/blob/06cdf1524a9d424b5eb97628be26b87f854d398a/eskapee-test/robertson-benchmark_kpne-SAMN07312490-u.gfa.gz,06cdf1524a9d424b5eb97628be26b87f854d398a,LICENCE_NOT_DOCUMENTED,COMPLETE_FOR_ACCESSIONS;MISSING_STRAIN_BIOPROJECT_ASSEMBLY
robertson-benchmark_kpne-SAMN07312490-s,robertson-benchmark_kpne-SAMN07312490,SAMN07312490,eskapee-test,Klebsiella pneumoniae,NOT_IN_SOURCE_METADATA,SRR5884863,SRR5884864,NA,SAMN07312490,NOT_IN_SOURCE_METADATA,NOT_IN_SOURCE_METADATA,SKESA,eskapee-test/robertson-benchmark_kpne-SAMN07312490-s.gfa.gz,YES,1647220,eskapee-test/robertson-benchmark_kpne-SAMN07312490-s.gfa.csv,YES,15410,contig|plasmid_score|chrom_score|label|length|chr_coverage|pl_coverage|un_coverage|hybrid_mapsto,plasmid;chromosome;ambiguous;unlabeled,NOT_PUBLISHED_IN_METADATA,IN_GFA: dp tag (Unicycler) / KC tag (SKESA),Robertson2018,https://github.com/fmfi-compbio/plasgraph2-datasets/blob/06cdf1524a9d424b5eb97628be26b87f854d398a/eskapee-test/robertson-benchmark_kpne-SAMN07312490-s.gfa.gz,06cdf1524a9d424b5eb97628be26b87f854d398a,LICENCE_NOT_DOCUMENTED,COMPLETE_FOR_ACCESSIONS;MISSING_STRAIN_BIOPROJECT_ASSEMBLY
robertson-benchmark_kpne-SAMN10163190-u,robertson-benchmark_kpne-SAMN10163190,SAMN10163190,eskapee-test,Klebsiella pneumoniae,NOT_IN_SOURCE_METADATA,SRR8179066,SRR8179065,NA,SAMN10163190,NOT_IN_SOURCE_METADATA,NOT_IN_SOURCE_METADATA,Unicycler,eskapee-test/robertson-benchmark_kpne-SAMN10163190-u.gfa.gz,YES,1606509,eskapee-test/robertson-benchmark_kpne-SAMN10163190-u.gfa.csv,YES,6356,contig|plasmid_score|chrom_score|label|length|chr_coverage|pl_coverage|un_coverage|hybrid_mapsto,plasmid;chromosome;ambiguous;unlabeled,NOT_PUBLISHED_IN_METADATA,IN_GFA: dp tag (Unicycler) / KC tag (SKESA),Robertson2018,https://github.com/fmfi-compbio/plasgraph2-datasets/blob/06cdf1524a9d424b5eb97628be26b87f854d398a/eskapee-test/robertson-benchmark_kpne-SAMN10163190-u.gfa.gz,06cdf1524a9d424b5eb97628be26b87f854d398a,LICENCE_NOT_DOCUMENTED,COMPLETE_FOR_ACCESSIONS;MISSING_STRAIN_BIOPROJECT_ASSEMBLY
robertson-benchmark_kpne-SAMN10163190-s,robertson-benchmark_kpne-SAMN10163190,SAMN10163190,eskapee-test,Klebsiella pneumoniae,NOT_IN_SOURCE_METADATA,SRR8179066,SRR8179065,NA,SAMN10163190,NOT_IN_SOURCE_METADATA,NOT_IN_SOURCE_METADATA,SKESA,eskapee-test/robertson-benchmark_kpne-SAMN10163190-s.gfa.gz,YES,1617882,eskapee-test/robertson-benchmark_kpne-SAMN10163190-s.gfa.csv,YES,11497,contig|plasmid_score|chrom_score|label|length|chr_coverage|pl_coverage|un_coverage|hybrid_mapsto,plasmid;chromosome;ambiguous;unlabeled,NOT_PUBLISHED_IN_METADATA,IN_GFA: dp tag (Unicycler) / KC tag (SKESA),Robertson2018,https://github.com/fmfi-compbio/plasgraph2-datasets/blob/06cdf1524a9d424b5eb97628be26b87f854d398a/eskapee-test/robertson-benchmark_kpne-SAMN10163190-s.gfa.gz,06cdf1524a9d424b5eb97628be26b87f854d398a,LICENCE_NOT_DOCUMENTED,COMPLETE_FOR_ACCESSIONS;MISSING_STRAIN_BIOPROJECT_ASSEMBLY
robertson-benchmark_kpne-SAMN11056344-u,robertson-benchmark_kpne-SAMN11056344,SAMN11056344,eskapee-test,Klebsiella pneumoniae,NOT_IN_SOURCE_METADATA,SRR8984904,SRR8984903,NA,SAMN11056344,NOT_IN_SOURCE_METADATA,NOT_IN_SOURCE_METADATA,Unicycler,eskapee-test/robertson-benchmark_kpne-SAMN11056344-u.gfa.gz,YES,1643598,eskapee-test/robertson-benchmark_kpne-SAMN11056344-u.gfa.csv,YES,5500,contig|plasmid_score|chrom_score|label|length|chr_coverage|pl_coverage|un_coverage|hybrid_mapsto,plasmid;chromosome;ambiguous;unlabeled,NOT_PUBLISHED_IN_METADATA,IN_GFA: dp tag (Unicycler) / KC tag (SKESA),Robertson2018,https://github.com/fmfi-compbio/plasgraph2-datasets/blob/06cdf1524a9d424b5eb97628be26b87f854d398a/eskapee-test/robertson-benchmark_kpne-SAMN11056344-u.gfa.gz,06cdf1524a9d424b5eb97628be26b87f854d398a,LICENCE_NOT_DOCUMENTED,COMPLETE_FOR_ACCESSIONS;MISSING_STRAIN_BIOPROJECT_ASSEMBLY
robertson-benchmark_kpne-SAMN11056344-s,robertson-benchmark_kpne-SAMN11056344,SAMN11056344,eskapee-test,Klebsiella pneumoniae,NOT_IN_SOURCE_METADATA,SRR8984904,SRR8984903,NA,SAMN11056344,NOT_IN_SOURCE_METADATA,NOT_IN_SOURCE_METADATA,SKESA,eskapee-test/robertson-benchmark_kpne-SAMN11056344-s.gfa.gz,YES,1646556,eskapee-test/robertson-benchmark_kpne-SAMN11056344-s.gfa.csv,YES,7265,contig|plasmid_score|chrom_score|label|length|chr_coverage|pl_coverage|un_coverage|hybrid_mapsto,plasmid;chromosome;ambiguous;unlabeled,NOT_PUBLISHED_IN_METADATA,IN_GFA: dp tag (Unicycler) / KC tag (SKESA),Robertson2018,https://github.com/fmfi-compbio/plasgraph2-datasets/blob/06cdf1524a9d424b5eb97628be26b87f854d398a/eskapee-test/robertson-benchmark_kpne-SAMN11056344-s.gfa.gz,06cdf1524a9d424b5eb97628be26b87f854d398a,LICENCE_NOT_DOCUMENTED,COMPLETE_FOR_ACCESSIONS;MISSING_STRAIN_BIOPROJECT_ASSEMBLY
robertson-benchmark_kpne-SAMN11056345-u,robertson-benchmark_kpne-SAMN11056345,SAMN11056345,eskapee-test,Klebsiella pneumoniae,NOT_IN_SOURCE_METADATA,SRR8984905,SRR8984906,NA,SAMN11056345,NOT_IN_SOURCE_METADATA,NOT_IN_SOURCE_METADATA,Unicycler,eskapee-test/robertson-benchmark_kpne-SAMN11056345-u.gfa.gz,YES,1607987,eskapee-test/robertson-benchmark_kpne-SAMN11056345-u.gfa.csv,YES,5469,contig|plasmid_score|chrom_score|label|length|chr_coverage|pl_coverage|un_coverage|hybrid_mapsto,plasmid;chromosome;ambiguous;unlabeled,NOT_PUBLISHED_IN_METADATA,IN_GFA: dp tag (Unicycler) / KC tag (SKESA),Robertson2018,https://github.com/fmfi-compbio/plasgraph2-datasets/blob/06cdf1524a9d424b5eb97628be26b87f854d398a/eskapee-test/robertson-benchmark_kpne-SAMN11056345-u.gfa.gz,06cdf1524a9d424b5eb97628be26b87f854d398a,LICENCE_NOT_DOCUMENTED,COMPLETE_FOR_ACCESSIONS;MISSING_STRAIN_BIOPROJECT_ASSEMBLY
robertson-benchmark_kpne-SAMN11056345-s,robertson-benchmark_kpne-SAMN11056345,SAMN11056345,eskapee-test,Klebsiella pneumoniae,NOT_IN_SOURCE_METADATA,SRR8984905,SRR8984906,NA,SAMN11056345,NOT_IN_SOURCE_METADATA,NOT_IN_SOURCE_METADATA,SKESA,eskapee-test/robertson-benchmark_kpne-SAMN11056345-s.gfa.gz,YES,1613980,eskapee-test/robertson-benchmark_kpne-SAMN11056345-s.gfa.csv,YES,8934,contig|plasmid_score|chrom_score|label|length|chr_coverage|pl_coverage|un_coverage|hybrid_mapsto,plasmid;chromosome;ambiguous;unlabeled,NOT_PUBLISHED_IN_METADATA,IN_GFA: dp tag (Unicycler) / KC tag (SKESA),Robertson2018,https://github.com/fmfi-compbio/plasgraph2-datasets/blob/06cdf1524a9d424b5eb97628be26b87f854d398a/eskapee-test/robertson-benchmark_kpne-SAMN11056345-s.gfa.gz,06cdf1524a9d424b5eb97628be26b87f854d398a,LICENCE_NOT_DOCUMENTED,COMPLETE_FOR_ACCESSIONS;MISSING_STRAIN_BIOPROJECT_ASSEMBLY
robertson-benchmark_kpne-SAMN11056346-u,robertson-benchmark_kpne-SAMN11056346,SAMN11056346,eskapee-test,Klebsiella pneumoniae,NOT_IN_SOURCE_METADATA,SRR8984908,SRR8984907,NA,SAMN11056346,NOT_IN_SOURCE_METADATA,NOT_IN_SOURCE_METADATA,Unicycler,eskapee-test/robertson-benchmark_kpne-SAMN11056346-u.gfa.gz,YES,1569319,eskapee-test/robertson-benchmark_kpne-SAMN11056346-u.gfa.csv,YES,5625,contig|plasmid_score|chrom_score|label|length|chr_coverage|pl_coverage|un_coverage|hybrid_mapsto,plasmid;chromosome;ambiguous;unlabeled,NOT_PUBLISHED_IN_METADATA,IN_GFA: dp tag (Unicycler) / KC tag (SKESA),Robertson2018,https://github.com/fmfi-compbio/plasgraph2-datasets/blob/06cdf1524a9d424b5eb97628be26b87f854d398a/eskapee-test/robertson-benchmark_kpne-SAMN11056346-u.gfa.gz,06cdf1524a9d424b5eb97628be26b87f854d398a,LICENCE_NOT_DOCUMENTED,COMPLETE_FOR_ACCESSIONS;MISSING_STRAIN_BIOPROJECT_ASSEMBLY
robertson-benchmark_kpne-SAMN11056346-s,robertson-benchmark_kpne-SAMN11056346,SAMN11056346,eskapee-test,Klebsiella pneumoniae,NOT_IN_SOURCE_METADATA,SRR8984908,SRR8984907,NA,SAMN11056346,NOT_IN_SOURCE_METADATA,NOT_IN_SOURCE_METADATA,SKESA,eskapee-test/robertson-benchmark_kpne-SAMN11056346-s.gfa.gz,YES,1576310,eskapee-test/robertson-benchmark_kpne-SAMN11056346-s.gfa.csv,YES,15099,contig|plasmid_score|chrom_score|label|length|chr_coverage|pl_coverage|un_coverage|hybrid_mapsto,plasmid;chromosome;ambiguous;unlabeled,NOT_PUBLISHED_IN_METADATA,IN_GFA: dp tag (Unicycler) / KC tag (SKESA),Robertson2018,https://github.com/fmfi-compbio/plasgraph2-datasets/blob/06cdf1524a9d424b5eb97628be26b87f854d398a/eskapee-test/robertson-benchmark_kpne-SAMN11056346-s.gfa.gz,06cdf1524a9d424b5eb97628be26b87f854d398a,LICENCE_NOT_DOCUMENTED,COMPLETE_FOR_ACCESSIONS;MISSING_STRAIN_BIOPROJECT_ASSEMBLY
robertson-benchmark_kpne-SAMN11056490-u,robertson-benchmark_kpne-SAMN11056490,SAMN11056490,eskapee-test,Klebsiella pneumoniae,NOT_IN_SOURCE_METADATA,SRR9641577,SRR9641576,NA,SAMN11056490,NOT_IN_SOURCE_METADATA,NOT_IN_SOURCE_METADATA,Unicycler,eskapee-test/robertson-benchmark_kpne-SAMN11056490-u.gfa.gz,YES,1592071,eskapee-test/robertson-benchmark_kpne-SAMN11056490-u.gfa.csv,YES,5028,contig|plasmid_score|chrom_score|label|length|chr_coverage|pl_coverage|un_coverage|hybrid_mapsto,plasmid;chromosome;ambiguous;unlabeled,NOT_PUBLISHED_IN_METADATA,IN_GFA: dp tag (Unicycler) / KC tag (SKESA),Robertson2018,https://github.com/fmfi-compbio/plasgraph2-datasets/blob/06cdf1524a9d424b5eb97628be26b87f854d398a/eskapee-test/robertson-benchmark_kpne-SAMN11056490-u.gfa.gz,06cdf1524a9d424b5eb97628be26b87f854d398a,LICENCE_NOT_DOCUMENTED,COMPLETE_FOR_ACCESSIONS;MISSING_STRAIN_BIOPROJECT_ASSEMBLY
robertson-benchmark_kpne-SAMN11056490-s,robertson-benchmark_kpne-SAMN11056490,SAMN11056490,eskapee-test,Klebsiella pneumoniae,NOT_IN_SOURCE_METADATA,SRR9641577,SRR9641576,NA,SAMN11056490,NOT_IN_SOURCE_METADATA,NOT_IN_SOURCE_METADATA,SKESA,eskapee-test/robertson-benchmark_kpne-SAMN11056490-s.gfa.gz,YES,1597190,eskapee-test/robertson-benchmark_kpne-SAMN11056490-s.gfa.csv,YES,10425,contig|plasmid_score|chrom_score|label|length|chr_coverage|pl_coverage|un_coverage|hybrid_mapsto,plasmid;chromosome;ambiguous;unlabeled,NOT_PUBLISHED_IN_METADATA,IN_GFA: dp tag (Unicycler) / KC tag (SKESA),Robertson2018,https://github.com/fmfi-compbio/plasgraph2-datasets/blob/06cdf1524a9d424b5eb97628be26b87f854d398a/eskapee-test/robertson-benchmark_kpne-SAMN11056490-s.gfa.gz,06cdf1524a9d424b5eb97628be26b87f854d398a,LICENCE_NOT_DOCUMENTED,COMPLETE_FOR_ACCESSIONS;MISSING_STRAIN_BIOPROJECT_ASSEMBLY
robertson-benchmark_kpne-SAMN16357245-u,robertson-benchmark_kpne-SAMN16357245,SAMN16357245,eskapee-test,Klebsiella pneumoniae,NOT_IN_SOURCE_METADATA,SRR12931584,SRR12931585,NA,SAMN16357245,NOT_IN_SOURCE_METADATA,NOT_IN_SOURCE_METADATA,Unicycler,eskapee-test/robertson-benchmark_kpne-SAMN16357245-u.gfa.gz,YES,1644112,eskapee-test/robertson-benchmark_kpne-SAMN16357245-u.gfa.csv,YES,4197,contig|plasmid_score|chrom_score|label|length|chr_coverage|pl_coverage|un_coverage|hybrid_mapsto,plasmid;chromosome;ambiguous;unlabeled,NOT_PUBLISHED_IN_METADATA,IN_GFA: dp tag (Unicycler) / KC tag (SKESA),Robertson2018,https://github.com/fmfi-compbio/plasgraph2-datasets/blob/06cdf1524a9d424b5eb97628be26b87f854d398a/eskapee-test/robertson-benchmark_kpne-SAMN16357245-u.gfa.gz,06cdf1524a9d424b5eb97628be26b87f854d398a,LICENCE_NOT_DOCUMENTED,COMPLETE_FOR_ACCESSIONS;MISSING_STRAIN_BIOPROJECT_ASSEMBLY
robertson-benchmark_kpne-SAMN16357245-s,robertson-benchmark_kpne-SAMN16357245,SAMN16357245,eskapee-test,Klebsiella pneumoniae,NOT_IN_SOURCE_METADATA,SRR12931584,SRR12931585,NA,SAMN16357245,NOT_IN_SOURCE_METADATA,NOT_IN_SOURCE_METADATA,SKESA,eskapee-test/robertson-benchmark_kpne-SAMN16357245-s.gfa.gz,YES,1538449,eskapee-test/robertson-benchmark_kpne-SAMN16357245-s.gfa.csv,YES,3874,contig|plasmid_score|chrom_score|label|length|chr_coverage|pl_coverage|un_coverage|hybrid_mapsto,plasmid;chromosome;ambiguous;unlabeled,NOT_PUBLISHED_IN_METADATA,IN_GFA: dp tag (Unicycler) / KC tag (SKESA),Robertson2018,https://github.com/fmfi-compbio/plasgraph2-datasets/blob/06cdf1524a9d424b5eb97628be26b87f854d398a/eskapee-test/robertson-benchmark_kpne-SAMN16357245-s.gfa.gz,06cdf1524a9d424b5eb97628be26b87f854d398a,LICENCE_NOT_DOCUMENTED,COMPLETE_FOR_ACCESSIONS;MISSING_STRAIN_BIOPROJECT_ASSEMBLY
robertson-benchmark_kpne-SAMN16357448-u,robertson-benchmark_kpne-SAMN16357448,SAMN16357448,eskapee-test,Klebsiella pneumoniae,NOT_IN_SOURCE_METADATA,SRR13673973,SRR13673972,NA,SAMN16357448,NOT_IN_SOURCE_METADATA,NOT_IN_SOURCE_METADATA,Unicycler,eskapee-test/robertson-benchmark_kpne-SAMN16357448-u.gfa.gz,YES,1594785,eskapee-test/robertson-benchmark_kpne-SAMN16357448-u.gfa.csv,YES,3159,contig|plasmid_score|chrom_score|label|length|chr_coverage|pl_coverage|un_coverage|hybrid_mapsto,plasmid;chromosome;ambiguous;unlabeled,NOT_PUBLISHED_IN_METADATA,IN_GFA: dp tag (Unicycler) / KC tag (SKESA),Robertson2018,https://github.com/fmfi-compbio/plasgraph2-datasets/blob/06cdf1524a9d424b5eb97628be26b87f854d398a/eskapee-test/robertson-benchmark_kpne-SAMN16357448-u.gfa.gz,06cdf1524a9d424b5eb97628be26b87f854d398a,LICENCE_NOT_DOCUMENTED,COMPLETE_FOR_ACCESSIONS;MISSING_STRAIN_BIOPROJECT_ASSEMBLY
robertson-benchmark_kpne-SAMN16357448-s,robertson-benchmark_kpne-SAMN16357448,SAMN16357448,eskapee-test,Klebsiella pneumoniae,NOT_IN_SOURCE_METADATA,SRR13673973,SRR13673972,NA,SAMN16357448,NOT_IN_SOURCE_METADATA,NOT_IN_SOURCE_METADATA,SKESA,eskapee-test/robertson-benchmark_kpne-SAMN16357448-s.gfa.gz,YES,1600966,eskapee-test/robertson-benchmark_kpne-SAMN16357448-s.gfa.csv,YES,12304,contig|plasmid_score|chrom_score|label|length|chr_coverage|pl_coverage|un_coverage|hybrid_mapsto,plasmid;chromosome;ambiguous;unlabeled,NOT_PUBLISHED_IN_METADATA,IN_GFA: dp tag (Unicycler) / KC tag (SKESA),Robertson2018,https://github.com/fmfi-compbio/plasgraph2-datasets/blob/06cdf1524a9d424b5eb97628be26b87f854d398a/eskapee-test/robertson-benchmark_kpne-SAMN16357448-s.gfa.gz,06cdf1524a9d424b5eb97628be26b87f854d398a,LICENCE_NOT_DOCUMENTED,COMPLETE_FOR_ACCESSIONS;MISSING_STRAIN_BIOPROJECT_ASSEMBLY
robertson-benchmark_kpne-SAMN16357449-u,robertson-benchmark_kpne-SAMN16357449,SAMN16357449,eskapee-test,Klebsiella pneumoniae,NOT_IN_SOURCE_METADATA,SRR13673975,SRR13673974,NA,SAMN16357449,NOT_IN_SOURCE_METADATA,NOT_IN_SOURCE_METADATA,Unicycler,eskapee-test/robertson-benchmark_kpne-SAMN16357449-u.gfa.gz,YES,1620122,eskapee-test/robertson-benchmark_kpne-SAMN16357449-u.gfa.csv,YES,4271,contig|plasmid_score|chrom_score|label|length|chr_coverage|pl_coverage|un_coverage|hybrid_mapsto,plasmid;chromosome;ambiguous;unlabeled,NOT_PUBLISHED_IN_METADATA,IN_GFA: dp tag (Unicycler) / KC tag (SKESA),Robertson2018,https://github.com/fmfi-compbio/plasgraph2-datasets/blob/06cdf1524a9d424b5eb97628be26b87f854d398a/eskapee-test/robertson-benchmark_kpne-SAMN16357449-u.gfa.gz,06cdf1524a9d424b5eb97628be26b87f854d398a,LICENCE_NOT_DOCUMENTED,COMPLETE_FOR_ACCESSIONS;MISSING_STRAIN_BIOPROJECT_ASSEMBLY
robertson-benchmark_kpne-SAMN16357449-s,robertson-benchmark_kpne-SAMN16357449,SAMN16357449,eskapee-test,Klebsiella pneumoniae,NOT_IN_SOURCE_METADATA,SRR13673975,SRR13673974,NA,SAMN16357449,NOT_IN_SOURCE_METADATA,NOT_IN_SOURCE_METADATA,SKESA,eskapee-test/robertson-benchmark_kpne-SAMN16357449-s.gfa.gz,YES,1627353,eskapee-test/robertson-benchmark_kpne-SAMN16357449-s.gfa.csv,YES,12650,contig|plasmid_score|chrom_score|label|length|chr_coverage|pl_coverage|un_coverage|hybrid_mapsto,plasmid;chromosome;ambiguous;unlabeled,NOT_PUBLISHED_IN_METADATA,IN_GFA: dp tag (Unicycler) / KC tag (SKESA),Robertson2018,https://github.com/fmfi-compbio/plasgraph2-datasets/blob/06cdf1524a9d424b5eb97628be26b87f854d398a/eskapee-test/robertson-benchmark_kpne-SAMN16357449-s.gfa.gz,06cdf1524a9d424b5eb97628be26b87f854d398a,LICENCE_NOT_DOCUMENTED,COMPLETE_FOR_ACCESSIONS;MISSING_STRAIN_BIOPROJECT_ASSEMBLY
robertson-benchmark_kpne-SAMN16357450-u,robertson-benchmark_kpne-SAMN16357450,SAMN16357450,eskapee-test,Klebsiella pneumoniae,NOT_IN_SOURCE_METADATA,SRR13673976,SRR13673977,NA,SAMN16357450,NOT_IN_SOURCE_METADATA,NOT_IN_SOURCE_METADATA,Unicycler,eskapee-test/robertson-benchmark_kpne-SAMN16357450-u.gfa.gz,YES,1591491,eskapee-test/robertson-benchmark_kpne-SAMN16357450-u.gfa.csv,YES,3387,contig|plasmid_score|chrom_score|label|length|chr_coverage|pl_coverage|un_coverage|hybrid_mapsto,plasmid;chromosome;ambiguous;unlabeled,NOT_PUBLISHED_IN_METADATA,IN_GFA: dp tag (Unicycler) / KC tag (SKESA),Robertson2018,https://github.com/fmfi-compbio/plasgraph2-datasets/blob/06cdf1524a9d424b5eb97628be26b87f854d398a/eskapee-test/robertson-benchmark_kpne-SAMN16357450-u.gfa.gz,06cdf1524a9d424b5eb97628be26b87f854d398a,LICENCE_NOT_DOCUMENTED,COMPLETE_FOR_ACCESSIONS;MISSING_STRAIN_BIOPROJECT_ASSEMBLY
robertson-benchmark_kpne-SAMN16357450-s,robertson-benchmark_kpne-SAMN16357450,SAMN16357450,eskapee-test,Klebsiella pneumoniae,NOT_IN_SOURCE_METADATA,SRR13673976,SRR13673977,NA,SAMN16357450,NOT_IN_SOURCE_METADATA,NOT_IN_SOURCE_METADATA,SKESA,eskapee-test/robertson-benchmark_kpne-SAMN16357450-s.gfa.gz,YES,1593862,eskapee-test/robertson-benchmark_kpne-SAMN16357450-s.gfa.csv,YES,8290,contig|plasmid_score|chrom_score|label|length|chr_coverage|pl_coverage|un_coverage|hybrid_mapsto,plasmid;chromosome;ambiguous;unlabeled,NOT_PUBLISHED_IN_METADATA,IN_GFA: dp tag (Unicycler) / KC tag (SKESA),Robertson2018,https://github.com/fmfi-compbio/plasgraph2-datasets/blob/06cdf1524a9d424b5eb97628be26b87f854d398a/eskapee-test/robertson-benchmark_kpne-SAMN16357450-s.gfa.gz,06cdf1524a9d424b5eb97628be26b87f854d398a,LICENCE_NOT_DOCUMENTED,COMPLETE_FOR_ACCESSIONS;MISSING_STRAIN_BIOPROJECT_ASSEMBLY
robertson-benchmark_kpne-SAMN16357451-u,robertson-benchmark_kpne-SAMN16357451,SAMN16357451,eskapee-test,Klebsiella pneumoniae,NOT_IN_SOURCE_METADATA,SRR13673978,SRR13673979,NA,SAMN16357451,NOT_IN_SOURCE_METADATA,NOT_IN_SOURCE_METADATA,Unicycler,eskapee-test/robertson-benchmark_kpne-SAMN16357451-u.gfa.gz,YES,1603267,eskapee-test/robertson-benchmark_kpne-SAMN16357451-u.gfa.csv,YES,5420,contig|plasmid_score|chrom_score|label|length|chr_coverage|pl_coverage|un_coverage|hybrid_mapsto,plasmid;chromosome;ambiguous;unlabeled,NOT_PUBLISHED_IN_METADATA,IN_GFA: dp tag (Unicycler) / KC tag (SKESA),Robertson2018,https://github.com/fmfi-compbio/plasgraph2-datasets/blob/06cdf1524a9d424b5eb97628be26b87f854d398a/eskapee-test/robertson-benchmark_kpne-SAMN16357451-u.gfa.gz,06cdf1524a9d424b5eb97628be26b87f854d398a,LICENCE_NOT_DOCUMENTED,COMPLETE_FOR_ACCESSIONS;MISSING_STRAIN_BIOPROJECT_ASSEMBLY
robertson-benchmark_kpne-SAMN16357451-s,robertson-benchmark_kpne-SAMN16357451,SAMN16357451,eskapee-test,Klebsiella pneumoniae,NOT_IN_SOURCE_METADATA,SRR13673978,SRR13673979,NA,SAMN16357451,NOT_IN_SOURCE_METADATA,NOT_IN_SOURCE_METADATA,SKESA,eskapee-test/robertson-benchmark_kpne-SAMN16357451-s.gfa.gz,YES,1607002,eskapee-test/robertson-benchmark_kpne-SAMN16357451-s.gfa.csv,YES,12009,contig|plasmid_score|chrom_score|label|length|chr_coverage|pl_coverage|un_coverage|hybrid_mapsto,plasmid;chromosome;ambiguous;unlabeled,NOT_PUBLISHED_IN_METADATA,IN_GFA: dp tag (Unicycler) / KC tag (SKESA),Robertson2018,https://github.com/fmfi-compbio/plasgraph2-datasets/blob/06cdf1524a9d424b5eb97628be26b87f854d398a/eskapee-test/robertson-benchmark_kpne-SAMN16357451-s.gfa.gz,06cdf1524a9d424b5eb97628be26b87f854d398a,LICENCE_NOT_DOCUMENTED,COMPLETE_FOR_ACCESSIONS;MISSING_STRAIN_BIOPROJECT_ASSEMBLY
robertson-benchmark_kpne-SAMN16357452-u,robertson-benchmark_kpne-SAMN16357452,SAMN16357452,eskapee-test,Klebsiella pneumoniae,NOT_IN_SOURCE_METADATA,SRR13674001,SRR13674000,NA,SAMN16357452,NOT_IN_SOURCE_METADATA,NOT_IN_SOURCE_METADATA,Unicycler,eskapee-test/robertson-benchmark_kpne-SAMN16357452-u.gfa.gz,YES,1604332,eskapee-test/robertson-benchmark_kpne-SAMN16357452-u.gfa.csv,YES,4466,contig|plasmid_score|chrom_score|label|length|chr_coverage|pl_coverage|un_coverage|hybrid_mapsto,plasmid;chromosome;ambiguous;unlabeled,NOT_PUBLISHED_IN_METADATA,IN_GFA: dp tag (Unicycler) / KC tag (SKESA),Robertson2018,https://github.com/fmfi-compbio/plasgraph2-datasets/blob/06cdf1524a9d424b5eb97628be26b87f854d398a/eskapee-test/robertson-benchmark_kpne-SAMN16357452-u.gfa.gz,06cdf1524a9d424b5eb97628be26b87f854d398a,LICENCE_NOT_DOCUMENTED,COMPLETE_FOR_ACCESSIONS;MISSING_STRAIN_BIOPROJECT_ASSEMBLY
robertson-benchmark_kpne-SAMN16357452-s,robertson-benchmark_kpne-SAMN16357452,SAMN16357452,eskapee-test,Klebsiella pneumoniae,NOT_IN_SOURCE_METADATA,SRR13674001,SRR13674000,NA,SAMN16357452,NOT_IN_SOURCE_METADATA,NOT_IN_SOURCE_METADATA,SKESA,eskapee-test/robertson-benchmark_kpne-SAMN16357452-s.gfa.gz,YES,1607590,eskapee-test/robertson-benchmark_kpne-SAMN16357452-s.gfa.csv,YES,10932,contig|plasmid_score|chrom_score|label|length|chr_coverage|pl_coverage|un_coverage|hybrid_mapsto,plasmid;chromosome;ambiguous;unlabeled,NOT_PUBLISHED_IN_METADATA,IN_GFA: dp tag (Unicycler) / KC tag (SKESA),Robertson2018,https://github.com/fmfi-compbio/plasgraph2-datasets/blob/06cdf1524a9d424b5eb97628be26b87f854d398a/eskapee-test/robertson-benchmark_kpne-SAMN16357452-s.gfa.gz,06cdf1524a9d424b5eb97628be26b87f854d398a,LICENCE_NOT_DOCUMENTED,COMPLETE_FOR_ACCESSIONS;MISSING_STRAIN_BIOPROJECT_ASSEMBLY
robertson-benchmark_kpne-SAMN16357453-u,robertson-benchmark_kpne-SAMN16357453,SAMN16357453,eskapee-test,Klebsiella pneumoniae,NOT_IN_SOURCE_METADATA,SRR13674003,SRR13674002,NA,SAMN16357453,NOT_IN_SOURCE_METADATA,NOT_IN_SOURCE_METADATA,Unicycler,eskapee-test/robertson-benchmark_kpne-SAMN16357453-u.gfa.gz,YES,1592331,eskapee-test/robertson-benchmark_kpne-SAMN16357453-u.gfa.csv,YES,6804,contig|plasmid_score|chrom_score|label|length|chr_coverage|pl_coverage|un_coverage|hybrid_mapsto,plasmid;chromosome;ambiguous;unlabeled,NOT_PUBLISHED_IN_METADATA,IN_GFA: dp tag (Unicycler) / KC tag (SKESA),Robertson2018,https://github.com/fmfi-compbio/plasgraph2-datasets/blob/06cdf1524a9d424b5eb97628be26b87f854d398a/eskapee-test/robertson-benchmark_kpne-SAMN16357453-u.gfa.gz,06cdf1524a9d424b5eb97628be26b87f854d398a,LICENCE_NOT_DOCUMENTED,COMPLETE_FOR_ACCESSIONS;MISSING_STRAIN_BIOPROJECT_ASSEMBLY
robertson-benchmark_kpne-SAMN16357453-s,robertson-benchmark_kpne-SAMN16357453,SAMN16357453,eskapee-test,Klebsiella pneumoniae,NOT_IN_SOURCE_METADATA,SRR13674003,SRR13674002,NA,SAMN16357453,NOT_IN_SOURCE_METADATA,NOT_IN_SOURCE_METADATA,SKESA,eskapee-test/robertson-benchmark_kpne-SAMN16357453-s.gfa.gz,YES,1594927,eskapee-test/robertson-benchmark_kpne-SAMN16357453-s.gfa.csv,YES,8386,contig|plasmid_score|chrom_score|label|length|chr_coverage|pl_coverage|un_coverage|hybrid_mapsto,plasmid;chromosome;ambiguous;unlabeled,NOT_PUBLISHED_IN_METADATA,IN_GFA: dp tag (Unicycler) / KC tag (SKESA),Robertson2018,https://github.com/fmfi-compbio/plasgraph2-datasets/blob/06cdf1524a9d424b5eb97628be26b87f854d398a/eskapee-test/robertson-benchmark_kpne-SAMN16357453-s.gfa.gz,06cdf1524a9d424b5eb97628be26b87f854d398a,LICENCE_NOT_DOCUMENTED,COMPLETE_FOR_ACCESSIONS;MISSING_STRAIN_BIOPROJECT_ASSEMBLY
robertson-benchmark_kpne-SAMN16357454-u,robertson-benchmark_kpne-SAMN16357454,SAMN16357454,eskapee-test,Klebsiella pneumoniae,NOT_IN_SOURCE_METADATA,SRR13674006,SRR13674005,NA,SAMN16357454,NOT_IN_SOURCE_METADATA,NOT_IN_SOURCE_METADATA,Unicycler,eskapee-test/robertson-benchmark_kpne-SAMN16357454-u.gfa.gz,YES,1596429,eskapee-test/robertson-benchmark_kpne-SAMN16357454-u.gfa.csv,YES,3809,contig|plasmid_score|chrom_score|label|length|chr_coverage|pl_coverage|un_coverage|hybrid_mapsto,plasmid;chromosome;ambiguous;unlabeled,NOT_PUBLISHED_IN_METADATA,IN_GFA: dp tag (Unicycler) / KC tag (SKESA),Robertson2018,https://github.com/fmfi-compbio/plasgraph2-datasets/blob/06cdf1524a9d424b5eb97628be26b87f854d398a/eskapee-test/robertson-benchmark_kpne-SAMN16357454-u.gfa.gz,06cdf1524a9d424b5eb97628be26b87f854d398a,LICENCE_NOT_DOCUMENTED,COMPLETE_FOR_ACCESSIONS;MISSING_STRAIN_BIOPROJECT_ASSEMBLY
robertson-benchmark_kpne-SAMN16357454-s,robertson-benchmark_kpne-SAMN16357454,SAMN16357454,eskapee-test,Klebsiella pneumoniae,NOT_IN_SOURCE_METADATA,SRR13674006,SRR13674005,NA,SAMN16357454,NOT_IN_SOURCE_METADATA,NOT_IN_SOURCE_METADATA,SKESA,eskapee-test/robertson-benchmark_kpne-SAMN16357454-s.gfa.gz,YES,1595395,eskapee-test/robertson-benchmark_kpne-SAMN16357454-s.gfa.csv,YES,3083,contig|plasmid_score|chrom_score|label|length|chr_coverage|pl_coverage|un_coverage|hybrid_mapsto,plasmid;chromosome;ambiguous;unlabeled,NOT_PUBLISHED_IN_METADATA,IN_GFA: dp tag (Unicycler) / KC tag (SKESA),Robertson2018,https://github.com/fmfi-compbio/plasgraph2-datasets/blob/06cdf1524a9d424b5eb97628be26b87f854d398a/eskapee-test/robertson-benchmark_kpne-SAMN16357454-s.gfa.gz,06cdf1524a9d424b5eb97628be26b87f854d398a,LICENCE_NOT_DOCUMENTED,COMPLETE_FOR_ACCESSIONS;MISSING_STRAIN_BIOPROJECT_ASSEMBLY
robertson-benchmark_kpne-SAMN16357455-u,robertson-benchmark_kpne-SAMN16357455,SAMN16357455,eskapee-test,Klebsiella pneumoniae,NOT_IN_SOURCE_METADATA,SRR13674008,SRR13674007,NA,SAMN16357455,NOT_IN_SOURCE_METADATA,NOT_IN_SOURCE_METADATA,Unicycler,eskapee-test/robertson-benchmark_kpne-SAMN16357455-u.gfa.gz,YES,1639863,eskapee-test/robertson-benchmark_kpne-SAMN16357455-u.gfa.csv,YES,9467,contig|plasmid_score|chrom_score|label|length|chr_coverage|pl_coverage|un_coverage|hybrid_mapsto,plasmid;chromosome;ambiguous;unlabeled,NOT_PUBLISHED_IN_METADATA,IN_GFA: dp tag (Unicycler) / KC tag (SKESA),Robertson2018,https://github.com/fmfi-compbio/plasgraph2-datasets/blob/06cdf1524a9d424b5eb97628be26b87f854d398a/eskapee-test/robertson-benchmark_kpne-SAMN16357455-u.gfa.gz,06cdf1524a9d424b5eb97628be26b87f854d398a,LICENCE_NOT_DOCUMENTED,COMPLETE_FOR_ACCESSIONS;MISSING_STRAIN_BIOPROJECT_ASSEMBLY
robertson-benchmark_kpne-SAMN16357455-s,robertson-benchmark_kpne-SAMN16357455,SAMN16357455,eskapee-test,Klebsiella pneumoniae,NOT_IN_SOURCE_METADATA,SRR13674008,SRR13674007,NA,SAMN16357455,NOT_IN_SOURCE_METADATA,NOT_IN_SOURCE_METADATA,SKESA,eskapee-test/robertson-benchmark_kpne-SAMN16357455-s.gfa.gz,YES,1637422,eskapee-test/robertson-benchmark_kpne-SAMN16357455-s.gfa.csv,YES,42513,contig|plasmid_score|chrom_score|label|length|chr_coverage|pl_coverage|un_coverage|hybrid_mapsto,plasmid;chromosome;ambiguous;unlabeled,NOT_PUBLISHED_IN_METADATA,IN_GFA: dp tag (Unicycler) / KC tag (SKESA),Robertson2018,https://github.com/fmfi-compbio/plasgraph2-datasets/blob/06cdf1524a9d424b5eb97628be26b87f854d398a/eskapee-test/robertson-benchmark_kpne-SAMN16357455-s.gfa.gz,06cdf1524a9d424b5eb97628be26b87f854d398a,LICENCE_NOT_DOCUMENTED,COMPLETE_FOR_ACCESSIONS;MISSING_STRAIN_BIOPROJECT_ASSEMBLY
robertson-benchmark_kpne-SAMN16357456-u,robertson-benchmark_kpne-SAMN16357456,SAMN16357456,eskapee-test,Klebsiella pneumoniae,NOT_IN_SOURCE_METADATA,SRR13674019,SRR13674021,NA,SAMN16357456,NOT_IN_SOURCE_METADATA,NOT_IN_SOURCE_METADATA,Unicycler,eskapee-test/robertson-benchmark_kpne-SAMN16357456-u.gfa.gz,YES,1620525,eskapee-test/robertson-benchmark_kpne-SAMN16357456-u.gfa.csv,YES,9413,contig|plasmid_score|chrom_score|label|length|chr_coverage|pl_coverage|un_coverage|hybrid_mapsto,plasmid;chromosome;ambiguous;unlabeled,NOT_PUBLISHED_IN_METADATA,IN_GFA: dp tag (Unicycler) / KC tag (SKESA),Robertson2018,https://github.com/fmfi-compbio/plasgraph2-datasets/blob/06cdf1524a9d424b5eb97628be26b87f854d398a/eskapee-test/robertson-benchmark_kpne-SAMN16357456-u.gfa.gz,06cdf1524a9d424b5eb97628be26b87f854d398a,LICENCE_NOT_DOCUMENTED,COMPLETE_FOR_ACCESSIONS;MISSING_STRAIN_BIOPROJECT_ASSEMBLY
robertson-benchmark_kpne-SAMN16357456-s,robertson-benchmark_kpne-SAMN16357456,SAMN16357456,eskapee-test,Klebsiella pneumoniae,NOT_IN_SOURCE_METADATA,SRR13674019,SRR13674021,NA,SAMN16357456,NOT_IN_SOURCE_METADATA,NOT_IN_SOURCE_METADATA,SKESA,eskapee-test/robertson-benchmark_kpne-SAMN16357456-s.gfa.gz,YES,1628445,eskapee-test/robertson-benchmark_kpne-SAMN16357456-s.gfa.csv,YES,17580,contig|plasmid_score|chrom_score|label|length|chr_coverage|pl_coverage|un_coverage|hybrid_mapsto,plasmid;chromosome;ambiguous;unlabeled,NOT_PUBLISHED_IN_METADATA,IN_GFA: dp tag (Unicycler) / KC tag (SKESA),Robertson2018,https://github.com/fmfi-compbio/plasgraph2-datasets/blob/06cdf1524a9d424b5eb97628be26b87f854d398a/eskapee-test/robertson-benchmark_kpne-SAMN16357456-s.gfa.gz,06cdf1524a9d424b5eb97628be26b87f854d398a,LICENCE_NOT_DOCUMENTED,COMPLETE_FOR_ACCESSIONS;MISSING_STRAIN_BIOPROJECT_ASSEMBLY
robertson-benchmark_kpne-SAMN16357457-u,robertson-benchmark_kpne-SAMN16357457,SAMN16357457,eskapee-test,Klebsiella pneumoniae,NOT_IN_SOURCE_METADATA,SRR13674212,SRR13674214,NA,SAMN16357457,NOT_IN_SOURCE_METADATA,NOT_IN_SOURCE_METADATA,Unicycler,eskapee-test/robertson-benchmark_kpne-SAMN16357457-u.gfa.gz,YES,1574729,eskapee-test/robertson-benchmark_kpne-SAMN16357457-u.gfa.csv,YES,10135,contig|plasmid_score|chrom_score|label|length|chr_coverage|pl_coverage|un_coverage|hybrid_mapsto,plasmid;chromosome;ambiguous;unlabeled,NOT_PUBLISHED_IN_METADATA,IN_GFA: dp tag (Unicycler) / KC tag (SKESA),Robertson2018,https://github.com/fmfi-compbio/plasgraph2-datasets/blob/06cdf1524a9d424b5eb97628be26b87f854d398a/eskapee-test/robertson-benchmark_kpne-SAMN16357457-u.gfa.gz,06cdf1524a9d424b5eb97628be26b87f854d398a,LICENCE_NOT_DOCUMENTED,COMPLETE_FOR_ACCESSIONS;MISSING_STRAIN_BIOPROJECT_ASSEMBLY
robertson-benchmark_kpne-SAMN16357457-s,robertson-benchmark_kpne-SAMN16357457,SAMN16357457,eskapee-test,Klebsiella pneumoniae,NOT_IN_SOURCE_METADATA,SRR13674212,SRR13674214,NA,SAMN16357457,NOT_IN_SOURCE_METADATA,NOT_IN_SOURCE_METADATA,SKESA,eskapee-test/robertson-benchmark_kpne-SAMN16357457-s.gfa.gz,YES,1585692,eskapee-test/robertson-benchmark_kpne-SAMN16357457-s.gfa.csv,YES,23529,contig|plasmid_score|chrom_score|label|length|chr_coverage|pl_coverage|un_coverage|hybrid_mapsto,plasmid;chromosome;ambiguous;unlabeled,NOT_PUBLISHED_IN_METADATA,IN_GFA: dp tag (Unicycler) / KC tag (SKESA),Robertson2018,https://github.com/fmfi-compbio/plasgraph2-datasets/blob/06cdf1524a9d424b5eb97628be26b87f854d398a/eskapee-test/robertson-benchmark_kpne-SAMN16357457-s.gfa.gz,06cdf1524a9d424b5eb97628be26b87f854d398a,LICENCE_NOT_DOCUMENTED,COMPLETE_FOR_ACCESSIONS;MISSING_STRAIN_BIOPROJECT_ASSEMBLY
robertson-benchmark_kpne-SAMN16357458-u,robertson-benchmark_kpne-SAMN16357458,SAMN16357458,eskapee-test,Klebsiella pneumoniae,NOT_IN_SOURCE_METADATA,SRR13674215,SRR13674216,NA,SAMN16357458,NOT_IN_SOURCE_METADATA,NOT_IN_SOURCE_METADATA,Unicycler,eskapee-test/robertson-benchmark_kpne-SAMN16357458-u.gfa.gz,YES,1573351,eskapee-test/robertson-benchmark_kpne-SAMN16357458-u.gfa.csv,YES,6157,contig|plasmid_score|chrom_score|label|length|chr_coverage|pl_coverage|un_coverage|hybrid_mapsto,plasmid;chromosome;ambiguous;unlabeled,NOT_PUBLISHED_IN_METADATA,IN_GFA: dp tag (Unicycler) / KC tag (SKESA),Robertson2018,https://github.com/fmfi-compbio/plasgraph2-datasets/blob/06cdf1524a9d424b5eb97628be26b87f854d398a/eskapee-test/robertson-benchmark_kpne-SAMN16357458-u.gfa.gz,06cdf1524a9d424b5eb97628be26b87f854d398a,LICENCE_NOT_DOCUMENTED,COMPLETE_FOR_ACCESSIONS;MISSING_STRAIN_BIOPROJECT_ASSEMBLY
robertson-benchmark_kpne-SAMN16357458-s,robertson-benchmark_kpne-SAMN16357458,SAMN16357458,eskapee-test,Klebsiella pneumoniae,NOT_IN_SOURCE_METADATA,SRR13674215,SRR13674216,NA,SAMN16357458,NOT_IN_SOURCE_METADATA,NOT_IN_SOURCE_METADATA,SKESA,eskapee-test/robertson-benchmark_kpne-SAMN16357458-s.gfa.gz,YES,1575401,eskapee-test/robertson-benchmark_kpne-SAMN16357458-s.gfa.csv,YES,6751,contig|plasmid_score|chrom_score|label|length|chr_coverage|pl_coverage|un_coverage|hybrid_mapsto,plasmid;chromosome;ambiguous;unlabeled,NOT_PUBLISHED_IN_METADATA,IN_GFA: dp tag (Unicycler) / KC tag (SKESA),Robertson2018,https://github.com/fmfi-compbio/plasgraph2-datasets/blob/06cdf1524a9d424b5eb97628be26b87f854d398a/eskapee-test/robertson-benchmark_kpne-SAMN16357458-s.gfa.gz,06cdf1524a9d424b5eb97628be26b87f854d398a,LICENCE_NOT_DOCUMENTED,COMPLETE_FOR_ACCESSIONS;MISSING_STRAIN_BIOPROJECT_ASSEMBLY
robertson-benchmark_kpne-SAMN16357459-u,robertson-benchmark_kpne-SAMN16357459,SAMN16357459,eskapee-test,Klebsiella pneumoniae,NOT_IN_SOURCE_METADATA,SRR13674229,SRR13674228,NA,SAMN16357459,NOT_IN_SOURCE_METADATA,NOT_IN_SOURCE_METADATA,Unicycler,eskapee-test/robertson-benchmark_kpne-SAMN16357459-u.gfa.gz,YES,1469450,eskapee-test/robertson-benchmark_kpne-SAMN16357459-u.gfa.csv,YES,5331,contig|plasmid_score|chrom_score|label|length|chr_coverage|pl_coverage|un_coverage|hybrid_mapsto,plasmid;chromosome;ambiguous;unlabeled,NOT_PUBLISHED_IN_METADATA,IN_GFA: dp tag (Unicycler) / KC tag (SKESA),Robertson2018,https://github.com/fmfi-compbio/plasgraph2-datasets/blob/06cdf1524a9d424b5eb97628be26b87f854d398a/eskapee-test/robertson-benchmark_kpne-SAMN16357459-u.gfa.gz,06cdf1524a9d424b5eb97628be26b87f854d398a,LICENCE_NOT_DOCUMENTED,COMPLETE_FOR_ACCESSIONS;MISSING_STRAIN_BIOPROJECT_ASSEMBLY
robertson-benchmark_kpne-SAMN16357459-s,robertson-benchmark_kpne-SAMN16357459,SAMN16357459,eskapee-test,Klebsiella pneumoniae,NOT_IN_SOURCE_METADATA,SRR13674229,SRR13674228,NA,SAMN16357459,NOT_IN_SOURCE_METADATA,NOT_IN_SOURCE_METADATA,SKESA,eskapee-test/robertson-benchmark_kpne-SAMN16357459-s.gfa.gz,YES,1517583,eskapee-test/robertson-benchmark_kpne-SAMN16357459-s.gfa.csv,YES,16688,contig|plasmid_score|chrom_score|label|length|chr_coverage|pl_coverage|un_coverage|hybrid_mapsto,plasmid;chromosome;ambiguous;unlabeled,NOT_PUBLISHED_IN_METADATA,IN_GFA: dp tag (Unicycler) / KC tag (SKESA),Robertson2018,https://github.com/fmfi-compbio/plasgraph2-datasets/blob/06cdf1524a9d424b5eb97628be26b87f854d398a/eskapee-test/robertson-benchmark_kpne-SAMN16357459-s.gfa.gz,06cdf1524a9d424b5eb97628be26b87f854d398a,LICENCE_NOT_DOCUMENTED,COMPLETE_FOR_ACCESSIONS;MISSING_STRAIN_BIOPROJECT_ASSEMBLY
robertson-benchmark_kpne-SAMN16357460-u,robertson-benchmark_kpne-SAMN16357460,SAMN16357460,eskapee-test,Klebsiella pneumoniae,NOT_IN_SOURCE_METADATA,SRR13674231,SRR13674230,NA,SAMN16357460,NOT_IN_SOURCE_METADATA,NOT_IN_SOURCE_METADATA,Unicycler,eskapee-test/robertson-benchmark_kpne-SAMN16357460-u.gfa.gz,YES,1470889,eskapee-test/robertson-benchmark_kpne-SAMN16357460-u.gfa.csv,YES,6188,contig|plasmid_score|chrom_score|label|length|chr_coverage|pl_coverage|un_coverage|hybrid_mapsto,plasmid;chromosome;ambiguous;unlabeled,NOT_PUBLISHED_IN_METADATA,IN_GFA: dp tag (Unicycler) / KC tag (SKESA),Robertson2018,https://github.com/fmfi-compbio/plasgraph2-datasets/blob/06cdf1524a9d424b5eb97628be26b87f854d398a/eskapee-test/robertson-benchmark_kpne-SAMN16357460-u.gfa.gz,06cdf1524a9d424b5eb97628be26b87f854d398a,LICENCE_NOT_DOCUMENTED,COMPLETE_FOR_ACCESSIONS;MISSING_STRAIN_BIOPROJECT_ASSEMBLY
robertson-benchmark_kpne-SAMN16357460-s,robertson-benchmark_kpne-SAMN16357460,SAMN16357460,eskapee-test,Klebsiella pneumoniae,NOT_IN_SOURCE_METADATA,SRR13674231,SRR13674230,NA,SAMN16357460,NOT_IN_SOURCE_METADATA,NOT_IN_SOURCE_METADATA,SKESA,eskapee-test/robertson-benchmark_kpne-SAMN16357460-s.gfa.gz,YES,1495705,eskapee-test/robertson-benchmark_kpne-SAMN16357460-s.gfa.csv,YES,13058,contig|plasmid_score|chrom_score|label|length|chr_coverage|pl_coverage|un_coverage|hybrid_mapsto,plasmid;chromosome;ambiguous;unlabeled,NOT_PUBLISHED_IN_METADATA,IN_GFA: dp tag (Unicycler) / KC tag (SKESA),Robertson2018,https://github.com/fmfi-compbio/plasgraph2-datasets/blob/06cdf1524a9d424b5eb97628be26b87f854d398a/eskapee-test/robertson-benchmark_kpne-SAMN16357460-s.gfa.gz,06cdf1524a9d424b5eb97628be26b87f854d398a,LICENCE_NOT_DOCUMENTED,COMPLETE_FOR_ACCESSIONS;MISSING_STRAIN_BIOPROJECT_ASSEMBLY
robertson-benchmark_kpne-SAMN16357461-u,robertson-benchmark_kpne-SAMN16357461,SAMN16357461,eskapee-test,Klebsiella pneumoniae,NOT_IN_SOURCE_METADATA,SRR13674233,SRR13674232,NA,SAMN16357461,NOT_IN_SOURCE_METADATA,NOT_IN_SOURCE_METADATA,Unicycler,eskapee-test/robertson-benchmark_kpne-SAMN16357461-u.gfa.gz,YES,1579910,eskapee-test/robertson-benchmark_kpne-SAMN16357461-u.gfa.csv,YES,6427,contig|plasmid_score|chrom_score|label|length|chr_coverage|pl_coverage|un_coverage|hybrid_mapsto,plasmid;chromosome;ambiguous;unlabeled,NOT_PUBLISHED_IN_METADATA,IN_GFA: dp tag (Unicycler) / KC tag (SKESA),Robertson2018,https://github.com/fmfi-compbio/plasgraph2-datasets/blob/06cdf1524a9d424b5eb97628be26b87f854d398a/eskapee-test/robertson-benchmark_kpne-SAMN16357461-u.gfa.gz,06cdf1524a9d424b5eb97628be26b87f854d398a,LICENCE_NOT_DOCUMENTED,COMPLETE_FOR_ACCESSIONS;MISSING_STRAIN_BIOPROJECT_ASSEMBLY
robertson-benchmark_kpne-SAMN16357461-s,robertson-benchmark_kpne-SAMN16357461,SAMN16357461,eskapee-test,Klebsiella pneumoniae,NOT_IN_SOURCE_METADATA,SRR13674233,SRR13674232,NA,SAMN16357461,NOT_IN_SOURCE_METADATA,NOT_IN_SOURCE_METADATA,SKESA,eskapee-test/robertson-benchmark_kpne-SAMN16357461-s.gfa.gz,YES,1586068,eskapee-test/robertson-benchmark_kpne-SAMN16357461-s.gfa.csv,YES,11837,contig|plasmid_score|chrom_score|label|length|chr_coverage|pl_coverage|un_coverage|hybrid_mapsto,plasmid;chromosome;ambiguous;unlabeled,NOT_PUBLISHED_IN_METADATA,IN_GFA: dp tag (Unicycler) / KC tag (SKESA),Robertson2018,https://github.com/fmfi-compbio/plasgraph2-datasets/blob/06cdf1524a9d424b5eb97628be26b87f854d398a/eskapee-test/robertson-benchmark_kpne-SAMN16357461-s.gfa.gz,06cdf1524a9d424b5eb97628be26b87f854d398a,LICENCE_NOT_DOCUMENTED,COMPLETE_FOR_ACCESSIONS;MISSING_STRAIN_BIOPROJECT_ASSEMBLY
robertson-benchmark_kpne-SAMN16357462-u,robertson-benchmark_kpne-SAMN16357462,SAMN16357462,eskapee-test,Klebsiella pneumoniae,NOT_IN_SOURCE_METADATA,SRR13674235,SRR13674234,NA,SAMN16357462,NOT_IN_SOURCE_METADATA,NOT_IN_SOURCE_METADATA,Unicycler,eskapee-test/robertson-benchmark_kpne-SAMN16357462-u.gfa.gz,YES,1508891,eskapee-test/robertson-benchmark_kpne-SAMN16357462-u.gfa.csv,YES,6471,contig|plasmid_score|chrom_score|label|length|chr_coverage|pl_coverage|un_coverage|hybrid_mapsto,plasmid;chromosome;ambiguous;unlabeled,NOT_PUBLISHED_IN_METADATA,IN_GFA: dp tag (Unicycler) / KC tag (SKESA),Robertson2018,https://github.com/fmfi-compbio/plasgraph2-datasets/blob/06cdf1524a9d424b5eb97628be26b87f854d398a/eskapee-test/robertson-benchmark_kpne-SAMN16357462-u.gfa.gz,06cdf1524a9d424b5eb97628be26b87f854d398a,LICENCE_NOT_DOCUMENTED,COMPLETE_FOR_ACCESSIONS;MISSING_STRAIN_BIOPROJECT_ASSEMBLY
robertson-benchmark_kpne-SAMN16357462-s,robertson-benchmark_kpne-SAMN16357462,SAMN16357462,eskapee-test,Klebsiella pneumoniae,NOT_IN_SOURCE_METADATA,SRR13674235,SRR13674234,NA,SAMN16357462,NOT_IN_SOURCE_METADATA,NOT_IN_SOURCE_METADATA,SKESA,eskapee-test/robertson-benchmark_kpne-SAMN16357462-s.gfa.gz,YES,1514861,eskapee-test/robertson-benchmark_kpne-SAMN16357462-s.gfa.csv,YES,11656,contig|plasmid_score|chrom_score|label|length|chr_coverage|pl_coverage|un_coverage|hybrid_mapsto,plasmid;chromosome;ambiguous;unlabeled,NOT_PUBLISHED_IN_METADATA,IN_GFA: dp tag (Unicycler) / KC tag (SKESA),Robertson2018,https://github.com/fmfi-compbio/plasgraph2-datasets/blob/06cdf1524a9d424b5eb97628be26b87f854d398a/eskapee-test/robertson-benchmark_kpne-SAMN16357462-s.gfa.gz,06cdf1524a9d424b5eb97628be26b87f854d398a,LICENCE_NOT_DOCUMENTED,COMPLETE_FOR_ACCESSIONS;MISSING_STRAIN_BIOPROJECT_ASSEMBLY
robertson-benchmark_kpne-SAMN16357463-u,robertson-benchmark_kpne-SAMN16357463,SAMN16357463,eskapee-test,Klebsiella pneumoniae,NOT_IN_SOURCE_METADATA,SRR13674237,SRR13674236,NA,SAMN16357463,NOT_IN_SOURCE_METADATA,NOT_IN_SOURCE_METADATA,Unicycler,eskapee-test/robertson-benchmark_kpne-SAMN16357463-u.gfa.gz,YES,1556219,eskapee-test/robertson-benchmark_kpne-SAMN16357463-u.gfa.csv,YES,7376,contig|plasmid_score|chrom_score|label|length|chr_coverage|pl_coverage|un_coverage|hybrid_mapsto,plasmid;chromosome;ambiguous;unlabeled,NOT_PUBLISHED_IN_METADATA,IN_GFA: dp tag (Unicycler) / KC tag (SKESA),Robertson2018,https://github.com/fmfi-compbio/plasgraph2-datasets/blob/06cdf1524a9d424b5eb97628be26b87f854d398a/eskapee-test/robertson-benchmark_kpne-SAMN16357463-u.gfa.gz,06cdf1524a9d424b5eb97628be26b87f854d398a,LICENCE_NOT_DOCUMENTED,COMPLETE_FOR_ACCESSIONS;MISSING_STRAIN_BIOPROJECT_ASSEMBLY
robertson-benchmark_kpne-SAMN16357463-s,robertson-benchmark_kpne-SAMN16357463,SAMN16357463,eskapee-test,Klebsiella pneumoniae,NOT_IN_SOURCE_METADATA,SRR13674237,SRR13674236,NA,SAMN16357463,NOT_IN_SOURCE_METADATA,NOT_IN_SOURCE_METADATA,SKESA,eskapee-test/robertson-benchmark_kpne-SAMN16357463-s.gfa.gz,YES,1563137,eskapee-test/robertson-benchmark_kpne-SAMN16357463-s.gfa.csv,YES,12893,contig|plasmid_score|chrom_score|label|length|chr_coverage|pl_coverage|un_coverage|hybrid_mapsto,plasmid;chromosome;ambiguous;unlabeled,NOT_PUBLISHED_IN_METADATA,IN_GFA: dp tag (Unicycler) / KC tag (SKESA),Robertson2018,https://github.com/fmfi-compbio/plasgraph2-datasets/blob/06cdf1524a9d424b5eb97628be26b87f854d398a/eskapee-test/robertson-benchmark_kpne-SAMN16357463-s.gfa.gz,06cdf1524a9d424b5eb97628be26b87f854d398a,LICENCE_NOT_DOCUMENTED,COMPLETE_FOR_ACCESSIONS;MISSING_STRAIN_BIOPROJECT_ASSEMBLY
robertson-benchmark_kpne-SAMN16357464-u,robertson-benchmark_kpne-SAMN16357464,SAMN16357464,eskapee-test,Klebsiella pneumoniae,NOT_IN_SOURCE_METADATA,SRR13674429,SRR13674430,NA,SAMN16357464,NOT_IN_SOURCE_METADATA,NOT_IN_SOURCE_METADATA,Unicycler,eskapee-test/robertson-benchmark_kpne-SAMN16357464-u.gfa.gz,YES,1552285,eskapee-test/robertson-benchmark_kpne-SAMN16357464-u.gfa.csv,YES,7576,contig|plasmid_score|chrom_score|label|length|chr_coverage|pl_coverage|un_coverage|hybrid_mapsto,plasmid;chromosome;ambiguous;unlabeled,NOT_PUBLISHED_IN_METADATA,IN_GFA: dp tag (Unicycler) / KC tag (SKESA),Robertson2018,https://github.com/fmfi-compbio/plasgraph2-datasets/blob/06cdf1524a9d424b5eb97628be26b87f854d398a/eskapee-test/robertson-benchmark_kpne-SAMN16357464-u.gfa.gz,06cdf1524a9d424b5eb97628be26b87f854d398a,LICENCE_NOT_DOCUMENTED,COMPLETE_FOR_ACCESSIONS;MISSING_STRAIN_BIOPROJECT_ASSEMBLY
robertson-benchmark_kpne-SAMN16357464-s,robertson-benchmark_kpne-SAMN16357464,SAMN16357464,eskapee-test,Klebsiella pneumoniae,NOT_IN_SOURCE_METADATA,SRR13674429,SRR13674430,NA,SAMN16357464,NOT_IN_SOURCE_METADATA,NOT_IN_SOURCE_METADATA,SKESA,eskapee-test/robertson-benchmark_kpne-SAMN16357464-s.gfa.gz,YES,1559804,eskapee-test/robertson-benchmark_kpne-SAMN16357464-s.gfa.csv,YES,15676,contig|plasmid_score|chrom_score|label|length|chr_coverage|pl_coverage|un_coverage|hybrid_mapsto,plasmid;chromosome;ambiguous;unlabeled,NOT_PUBLISHED_IN_METADATA,IN_GFA: dp tag (Unicycler) / KC tag (SKESA),Robertson2018,https://github.com/fmfi-compbio/plasgraph2-datasets/blob/06cdf1524a9d424b5eb97628be26b87f854d398a/eskapee-test/robertson-benchmark_kpne-SAMN16357464-s.gfa.gz,06cdf1524a9d424b5eb97628be26b87f854d398a,LICENCE_NOT_DOCUMENTED,COMPLETE_FOR_ACCESSIONS;MISSING_STRAIN_BIOPROJECT_ASSEMBLY
robertson-benchmark_kpne-SAMN16357465-u,robertson-benchmark_kpne-SAMN16357465,SAMN16357465,eskapee-test,Klebsiella pneumoniae,NOT_IN_SOURCE_METADATA,SRR13674404,SRR13674405,NA,SAMN16357465,NOT_IN_SOURCE_METADATA,NOT_IN_SOURCE_METADATA,Unicycler,eskapee-test/robertson-benchmark_kpne-SAMN16357465-u.gfa.gz,YES,1744956,eskapee-test/robertson-benchmark_kpne-SAMN16357465-u.gfa.csv,YES,12346,contig|plasmid_score|chrom_score|label|length|chr_coverage|pl_coverage|un_coverage|hybrid_mapsto,plasmid;chromosome;ambiguous;unlabeled,NOT_PUBLISHED_IN_METADATA,IN_GFA: dp tag (Unicycler) / KC tag (SKESA),Robertson2018,https://github.com/fmfi-compbio/plasgraph2-datasets/blob/06cdf1524a9d424b5eb97628be26b87f854d398a/eskapee-test/robertson-benchmark_kpne-SAMN16357465-u.gfa.gz,06cdf1524a9d424b5eb97628be26b87f854d398a,LICENCE_NOT_DOCUMENTED,COMPLETE_FOR_ACCESSIONS;MISSING_STRAIN_BIOPROJECT_ASSEMBLY
robertson-benchmark_kpne-SAMN16357465-s,robertson-benchmark_kpne-SAMN16357465,SAMN16357465,eskapee-test,Klebsiella pneumoniae,NOT_IN_SOURCE_METADATA,SRR13674404,SRR13674405,NA,SAMN16357465,NOT_IN_SOURCE_METADATA,NOT_IN_SOURCE_METADATA,SKESA,eskapee-test/robertson-benchmark_kpne-SAMN16357465-s.gfa.gz,YES,1589897,eskapee-test/robertson-benchmark_kpne-SAMN16357465-s.gfa.csv,YES,13031,contig|plasmid_score|chrom_score|label|length|chr_coverage|pl_coverage|un_coverage|hybrid_mapsto,plasmid;chromosome;ambiguous;unlabeled,NOT_PUBLISHED_IN_METADATA,IN_GFA: dp tag (Unicycler) / KC tag (SKESA),Robertson2018,https://github.com/fmfi-compbio/plasgraph2-datasets/blob/06cdf1524a9d424b5eb97628be26b87f854d398a/eskapee-test/robertson-benchmark_kpne-SAMN16357465-s.gfa.gz,06cdf1524a9d424b5eb97628be26b87f854d398a,LICENCE_NOT_DOCUMENTED,COMPLETE_FOR_ACCESSIONS;MISSING_STRAIN_BIOPROJECT_ASSEMBLY
robertson-benchmark_kpne-SAMN16357466-u,robertson-benchmark_kpne-SAMN16357466,SAMN16357466,eskapee-test,Klebsiella pneumoniae,NOT_IN_SOURCE_METADATA,SRR13668104,SRR13668103,NA,SAMN16357466,NOT_IN_SOURCE_METADATA,NOT_IN_SOURCE_METADATA,Unicycler,eskapee-test/robertson-benchmark_kpne-SAMN16357466-u.gfa.gz,YES,1644220,eskapee-test/robertson-benchmark_kpne-SAMN16357466-u.gfa.csv,YES,10479,contig|plasmid_score|chrom_score|label|length|chr_coverage|pl_coverage|un_coverage|hybrid_mapsto,plasmid;chromosome;ambiguous;unlabeled,NOT_PUBLISHED_IN_METADATA,IN_GFA: dp tag (Unicycler) / KC tag (SKESA),Robertson2018,https://github.com/fmfi-compbio/plasgraph2-datasets/blob/06cdf1524a9d424b5eb97628be26b87f854d398a/eskapee-test/robertson-benchmark_kpne-SAMN16357466-u.gfa.gz,06cdf1524a9d424b5eb97628be26b87f854d398a,LICENCE_NOT_DOCUMENTED,COMPLETE_FOR_ACCESSIONS;MISSING_STRAIN_BIOPROJECT_ASSEMBLY
robertson-benchmark_kpne-SAMN16357466-s,robertson-benchmark_kpne-SAMN16357466,SAMN16357466,eskapee-test,Klebsiella pneumoniae,NOT_IN_SOURCE_METADATA,SRR13668104,SRR13668103,NA,SAMN16357466,NOT_IN_SOURCE_METADATA,NOT_IN_SOURCE_METADATA,SKESA,eskapee-test/robertson-benchmark_kpne-SAMN16357466-s.gfa.gz,YES,1664107,eskapee-test/robertson-benchmark_kpne-SAMN16357466-s.gfa.csv,YES,24037,contig|plasmid_score|chrom_score|label|length|chr_coverage|pl_coverage|un_coverage|hybrid_mapsto,plasmid;chromosome;ambiguous;unlabeled,NOT_PUBLISHED_IN_METADATA,IN_GFA: dp tag (Unicycler) / KC tag (SKESA),Robertson2018,https://github.com/fmfi-compbio/plasgraph2-datasets/blob/06cdf1524a9d424b5eb97628be26b87f854d398a/eskapee-test/robertson-benchmark_kpne-SAMN16357466-s.gfa.gz,06cdf1524a9d424b5eb97628be26b87f854d398a,LICENCE_NOT_DOCUMENTED,COMPLETE_FOR_ACCESSIONS;MISSING_STRAIN_BIOPROJECT_ASSEMBLY
robertson-benchmark_kpne-SAMN16357467-u,robertson-benchmark_kpne-SAMN16357467,SAMN16357467,eskapee-test,Klebsiella pneumoniae,NOT_IN_SOURCE_METADATA,SRR13668388,SRR13668387,NA,SAMN16357467,NOT_IN_SOURCE_METADATA,NOT_IN_SOURCE_METADATA,Unicycler,eskapee-test/robertson-benchmark_kpne-SAMN16357467-u.gfa.gz,YES,1567457,eskapee-test/robertson-benchmark_kpne-SAMN16357467-u.gfa.csv,YES,5404,contig|plasmid_score|chrom_score|label|length|chr_coverage|pl_coverage|un_coverage|hybrid_mapsto,plasmid;chromosome;ambiguous;unlabeled,NOT_PUBLISHED_IN_METADATA,IN_GFA: dp tag (Unicycler) / KC tag (SKESA),Robertson2018,https://github.com/fmfi-compbio/plasgraph2-datasets/blob/06cdf1524a9d424b5eb97628be26b87f854d398a/eskapee-test/robertson-benchmark_kpne-SAMN16357467-u.gfa.gz,06cdf1524a9d424b5eb97628be26b87f854d398a,LICENCE_NOT_DOCUMENTED,COMPLETE_FOR_ACCESSIONS;MISSING_STRAIN_BIOPROJECT_ASSEMBLY
robertson-benchmark_kpne-SAMN16357467-s,robertson-benchmark_kpne-SAMN16357467,SAMN16357467,eskapee-test,Klebsiella pneumoniae,NOT_IN_SOURCE_METADATA,SRR13668388,SRR13668387,NA,SAMN16357467,NOT_IN_SOURCE_METADATA,NOT_IN_SOURCE_METADATA,SKESA,eskapee-test/robertson-benchmark_kpne-SAMN16357467-s.gfa.gz,YES,1572658,eskapee-test/robertson-benchmark_kpne-SAMN16357467-s.gfa.csv,YES,10419,contig|plasmid_score|chrom_score|label|length|chr_coverage|pl_coverage|un_coverage|hybrid_mapsto,plasmid;chromosome;ambiguous;unlabeled,NOT_PUBLISHED_IN_METADATA,IN_GFA: dp tag (Unicycler) / KC tag (SKESA),Robertson2018,https://github.com/fmfi-compbio/plasgraph2-datasets/blob/06cdf1524a9d424b5eb97628be26b87f854d398a/eskapee-test/robertson-benchmark_kpne-SAMN16357467-s.gfa.gz,06cdf1524a9d424b5eb97628be26b87f854d398a,LICENCE_NOT_DOCUMENTED,COMPLETE_FOR_ACCESSIONS;MISSING_STRAIN_BIOPROJECT_ASSEMBLY
robertson-benchmark_kpne-SAMN16357468-u,robertson-benchmark_kpne-SAMN16357468,SAMN16357468,eskapee-test,Klebsiella pneumoniae,NOT_IN_SOURCE_METADATA,SRR13668390,SRR13668389,NA,SAMN16357468,NOT_IN_SOURCE_METADATA,NOT_IN_SOURCE_METADATA,Unicycler,eskapee-test/robertson-benchmark_kpne-SAMN16357468-u.gfa.gz,YES,1563179,eskapee-test/robertson-benchmark_kpne-SAMN16357468-u.gfa.csv,YES,5928,contig|plasmid_score|chrom_score|label|length|chr_coverage|pl_coverage|un_coverage|hybrid_mapsto,plasmid;chromosome;ambiguous;unlabeled,NOT_PUBLISHED_IN_METADATA,IN_GFA: dp tag (Unicycler) / KC tag (SKESA),Robertson2018,https://github.com/fmfi-compbio/plasgraph2-datasets/blob/06cdf1524a9d424b5eb97628be26b87f854d398a/eskapee-test/robertson-benchmark_kpne-SAMN16357468-u.gfa.gz,06cdf1524a9d424b5eb97628be26b87f854d398a,LICENCE_NOT_DOCUMENTED,COMPLETE_FOR_ACCESSIONS;MISSING_STRAIN_BIOPROJECT_ASSEMBLY
robertson-benchmark_kpne-SAMN16357468-s,robertson-benchmark_kpne-SAMN16357468,SAMN16357468,eskapee-test,Klebsiella pneumoniae,NOT_IN_SOURCE_METADATA,SRR13668390,SRR13668389,NA,SAMN16357468,NOT_IN_SOURCE_METADATA,NOT_IN_SOURCE_METADATA,SKESA,eskapee-test/robertson-benchmark_kpne-SAMN16357468-s.gfa.gz,YES,1569760,eskapee-test/robertson-benchmark_kpne-SAMN16357468-s.gfa.csv,YES,11913,contig|plasmid_score|chrom_score|label|length|chr_coverage|pl_coverage|un_coverage|hybrid_mapsto,plasmid;chromosome;ambiguous;unlabeled,NOT_PUBLISHED_IN_METADATA,IN_GFA: dp tag (Unicycler) / KC tag (SKESA),Robertson2018,https://github.com/fmfi-compbio/plasgraph2-datasets/blob/06cdf1524a9d424b5eb97628be26b87f854d398a/eskapee-test/robertson-benchmark_kpne-SAMN16357468-s.gfa.gz,06cdf1524a9d424b5eb97628be26b87f854d398a,LICENCE_NOT_DOCUMENTED,COMPLETE_FOR_ACCESSIONS;MISSING_STRAIN_BIOPROJECT_ASSEMBLY
robertson-benchmark_kpne-SAMN16357470-u,robertson-benchmark_kpne-SAMN16357470,SAMN16357470,eskapee-test,Klebsiella pneumoniae,NOT_IN_SOURCE_METADATA,SRR13668412,SRR13668413,NA,SAMN16357470,NOT_IN_SOURCE_METADATA,NOT_IN_SOURCE_METADATA,Unicycler,eskapee-test/robertson-benchmark_kpne-SAMN16357470-u.gfa.gz,YES,1637519,eskapee-test/robertson-benchmark_kpne-SAMN16357470-u.gfa.csv,YES,8137,contig|plasmid_score|chrom_score|label|length|chr_coverage|pl_coverage|un_coverage|hybrid_mapsto,plasmid;chromosome;ambiguous;unlabeled,NOT_PUBLISHED_IN_METADATA,IN_GFA: dp tag (Unicycler) / KC tag (SKESA),Robertson2018,https://github.com/fmfi-compbio/plasgraph2-datasets/blob/06cdf1524a9d424b5eb97628be26b87f854d398a/eskapee-test/robertson-benchmark_kpne-SAMN16357470-u.gfa.gz,06cdf1524a9d424b5eb97628be26b87f854d398a,LICENCE_NOT_DOCUMENTED,COMPLETE_FOR_ACCESSIONS;MISSING_STRAIN_BIOPROJECT_ASSEMBLY
robertson-benchmark_kpne-SAMN16357470-s,robertson-benchmark_kpne-SAMN16357470,SAMN16357470,eskapee-test,Klebsiella pneumoniae,NOT_IN_SOURCE_METADATA,SRR13668412,SRR13668413,NA,SAMN16357470,NOT_IN_SOURCE_METADATA,NOT_IN_SOURCE_METADATA,SKESA,eskapee-test/robertson-benchmark_kpne-SAMN16357470-s.gfa.gz,YES,1645394,eskapee-test/robertson-benchmark_kpne-SAMN16357470-s.gfa.csv,YES,15005,contig|plasmid_score|chrom_score|label|length|chr_coverage|pl_coverage|un_coverage|hybrid_mapsto,plasmid;chromosome;ambiguous;unlabeled,NOT_PUBLISHED_IN_METADATA,IN_GFA: dp tag (Unicycler) / KC tag (SKESA),Robertson2018,https://github.com/fmfi-compbio/plasgraph2-datasets/blob/06cdf1524a9d424b5eb97628be26b87f854d398a/eskapee-test/robertson-benchmark_kpne-SAMN16357470-s.gfa.gz,06cdf1524a9d424b5eb97628be26b87f854d398a,LICENCE_NOT_DOCUMENTED,COMPLETE_FOR_ACCESSIONS;MISSING_STRAIN_BIOPROJECT_ASSEMBLY
robertson-benchmark_kpne-SAMN16357471-u,robertson-benchmark_kpne-SAMN16357471,SAMN16357471,eskapee-test,Klebsiella pneumoniae,NOT_IN_SOURCE_METADATA,SRR13668426,SRR13668427,NA,SAMN16357471,NOT_IN_SOURCE_METADATA,NOT_IN_SOURCE_METADATA,Unicycler,eskapee-test/robertson-benchmark_kpne-SAMN16357471-u.gfa.gz,YES,1595721,eskapee-test/robertson-benchmark_kpne-SAMN16357471-u.gfa.csv,YES,6556,contig|plasmid_score|chrom_score|label|length|chr_coverage|pl_coverage|un_coverage|hybrid_mapsto,plasmid;chromosome;ambiguous;unlabeled,NOT_PUBLISHED_IN_METADATA,IN_GFA: dp tag (Unicycler) / KC tag (SKESA),Robertson2018,https://github.com/fmfi-compbio/plasgraph2-datasets/blob/06cdf1524a9d424b5eb97628be26b87f854d398a/eskapee-test/robertson-benchmark_kpne-SAMN16357471-u.gfa.gz,06cdf1524a9d424b5eb97628be26b87f854d398a,LICENCE_NOT_DOCUMENTED,COMPLETE_FOR_ACCESSIONS;MISSING_STRAIN_BIOPROJECT_ASSEMBLY
robertson-benchmark_kpne-SAMN16357471-s,robertson-benchmark_kpne-SAMN16357471,SAMN16357471,eskapee-test,Klebsiella pneumoniae,NOT_IN_SOURCE_METADATA,SRR13668426,SRR13668427,NA,SAMN16357471,NOT_IN_SOURCE_METADATA,NOT_IN_SOURCE_METADATA,SKESA,eskapee-test/robertson-benchmark_kpne-SAMN16357471-s.gfa.gz,YES,1600306,eskapee-test/robertson-benchmark_kpne-SAMN16357471-s.gfa.csv,YES,10276,contig|plasmid_score|chrom_score|label|length|chr_coverage|pl_coverage|un_coverage|hybrid_mapsto,plasmid;chromosome;ambiguous;unlabeled,NOT_PUBLISHED_IN_METADATA,IN_GFA: dp tag (Unicycler) / KC tag (SKESA),Robertson2018,https://github.com/fmfi-compbio/plasgraph2-datasets/blob/06cdf1524a9d424b5eb97628be26b87f854d398a/eskapee-test/robertson-benchmark_kpne-SAMN16357471-s.gfa.gz,06cdf1524a9d424b5eb97628be26b87f854d398a,LICENCE_NOT_DOCUMENTED,COMPLETE_FOR_ACCESSIONS;MISSING_STRAIN_BIOPROJECT_ASSEMBLY
robertson-benchmark_kpne-SAMN16357472-u,robertson-benchmark_kpne-SAMN16357472,SAMN16357472,eskapee-test,Klebsiella pneumoniae,NOT_IN_SOURCE_METADATA,SRR13668438,SRR13668439,NA,SAMN16357472,NOT_IN_SOURCE_METADATA,NOT_IN_SOURCE_METADATA,Unicycler,eskapee-test/robertson-benchmark_kpne-SAMN16357472-u.gfa.gz,YES,2233238,eskapee-test/robertson-benchmark_kpne-SAMN16357472-u.gfa.csv,YES,557120,contig|plasmid_score|chrom_score|label|length|chr_coverage|pl_coverage|un_coverage|hybrid_mapsto,plasmid;chromosome;ambiguous;unlabeled,NOT_PUBLISHED_IN_METADATA,IN_GFA: dp tag (Unicycler) / KC tag (SKESA),Robertson2018,https://github.com/fmfi-compbio/plasgraph2-datasets/blob/06cdf1524a9d424b5eb97628be26b87f854d398a/eskapee-test/robertson-benchmark_kpne-SAMN16357472-u.gfa.gz,06cdf1524a9d424b5eb97628be26b87f854d398a,LICENCE_NOT_DOCUMENTED,COMPLETE_FOR_ACCESSIONS;MISSING_STRAIN_BIOPROJECT_ASSEMBLY
robertson-benchmark_kpne-SAMN16357472-s,robertson-benchmark_kpne-SAMN16357472,SAMN16357472,eskapee-test,Klebsiella pneumoniae,NOT_IN_SOURCE_METADATA,SRR13668438,SRR13668439,NA,SAMN16357472,NOT_IN_SOURCE_METADATA,NOT_IN_SOURCE_METADATA,SKESA,eskapee-test/robertson-benchmark_kpne-SAMN16357472-s.gfa.gz,YES,2435290,eskapee-test/robertson-benchmark_kpne-SAMN16357472-s.gfa.csv,YES,662860,contig|plasmid_score|chrom_score|label|length|chr_coverage|pl_coverage|un_coverage|hybrid_mapsto,plasmid;chromosome;ambiguous;unlabeled,NOT_PUBLISHED_IN_METADATA,IN_GFA: dp tag (Unicycler) / KC tag (SKESA),Robertson2018,https://github.com/fmfi-compbio/plasgraph2-datasets/blob/06cdf1524a9d424b5eb97628be26b87f854d398a/eskapee-test/robertson-benchmark_kpne-SAMN16357472-s.gfa.gz,06cdf1524a9d424b5eb97628be26b87f854d398a,LICENCE_NOT_DOCUMENTED,COMPLETE_FOR_ACCESSIONS;MISSING_STRAIN_BIOPROJECT_ASSEMBLY
robertson-benchmark_paer-SAMN10163177-u,robertson-benchmark_paer-SAMN10163177,SAMN10163177,eskapee-test,Pseudomonas aeruginosa,NOT_IN_SOURCE_METADATA,SRR8178086,SRR8178085,NA,SAMN10163177,NOT_IN_SOURCE_METADATA,NOT_IN_SOURCE_METADATA,Unicycler,eskapee-test/robertson-benchmark_paer-SAMN10163177-u.gfa.gz,YES,1920427,eskapee-test/robertson-benchmark_paer-SAMN10163177-u.gfa.csv,YES,7813,contig|plasmid_score|chrom_score|label|length|chr_coverage|pl_coverage|un_coverage|hybrid_mapsto,plasmid;chromosome;ambiguous;unlabeled,NOT_PUBLISHED_IN_METADATA,IN_GFA: dp tag (Unicycler) / KC tag (SKESA),Robertson2018,https://github.com/fmfi-compbio/plasgraph2-datasets/blob/06cdf1524a9d424b5eb97628be26b87f854d398a/eskapee-test/robertson-benchmark_paer-SAMN10163177-u.gfa.gz,06cdf1524a9d424b5eb97628be26b87f854d398a,LICENCE_NOT_DOCUMENTED,COMPLETE_FOR_ACCESSIONS;MISSING_STRAIN_BIOPROJECT_ASSEMBLY
robertson-benchmark_paer-SAMN10163177-s,robertson-benchmark_paer-SAMN10163177,SAMN10163177,eskapee-test,Pseudomonas aeruginosa,NOT_IN_SOURCE_METADATA,SRR8178086,SRR8178085,NA,SAMN10163177,NOT_IN_SOURCE_METADATA,NOT_IN_SOURCE_METADATA,SKESA,eskapee-test/robertson-benchmark_paer-SAMN10163177-s.gfa.gz,YES,1927129,eskapee-test/robertson-benchmark_paer-SAMN10163177-s.gfa.csv,YES,7228,contig|plasmid_score|chrom_score|label|length|chr_coverage|pl_coverage|un_coverage|hybrid_mapsto,plasmid;chromosome;ambiguous;unlabeled,NOT_PUBLISHED_IN_METADATA,IN_GFA: dp tag (Unicycler) / KC tag (SKESA),Robertson2018,https://github.com/fmfi-compbio/plasgraph2-datasets/blob/06cdf1524a9d424b5eb97628be26b87f854d398a/eskapee-test/robertson-benchmark_paer-SAMN10163177-s.gfa.gz,06cdf1524a9d424b5eb97628be26b87f854d398a,LICENCE_NOT_DOCUMENTED,COMPLETE_FOR_ACCESSIONS;MISSING_STRAIN_BIOPROJECT_ASSEMBLY
robertson-benchmark_paer-SAMN10163199-u,robertson-benchmark_paer-SAMN10163199,SAMN10163199,eskapee-test,Pseudomonas aeruginosa,NOT_IN_SOURCE_METADATA,SRR8179283,SRR8179284,NA,SAMN10163199,NOT_IN_SOURCE_METADATA,NOT_IN_SOURCE_METADATA,Unicycler,eskapee-test/robertson-benchmark_paer-SAMN10163199-u.gfa.gz,YES,1973334,eskapee-test/robertson-benchmark_paer-SAMN10163199-u.gfa.csv,YES,11998,contig|plasmid_score|chrom_score|label|length|chr_coverage|pl_coverage|un_coverage|hybrid_mapsto,plasmid;chromosome;ambiguous;unlabeled,NOT_PUBLISHED_IN_METADATA,IN_GFA: dp tag (Unicycler) / KC tag (SKESA),Robertson2018,https://github.com/fmfi-compbio/plasgraph2-datasets/blob/06cdf1524a9d424b5eb97628be26b87f854d398a/eskapee-test/robertson-benchmark_paer-SAMN10163199-u.gfa.gz,06cdf1524a9d424b5eb97628be26b87f854d398a,LICENCE_NOT_DOCUMENTED,COMPLETE_FOR_ACCESSIONS;MISSING_STRAIN_BIOPROJECT_ASSEMBLY
robertson-benchmark_paer-SAMN10163199-s,robertson-benchmark_paer-SAMN10163199,SAMN10163199,eskapee-test,Pseudomonas aeruginosa,NOT_IN_SOURCE_METADATA,SRR8179283,SRR8179284,NA,SAMN10163199,NOT_IN_SOURCE_METADATA,NOT_IN_SOURCE_METADATA,SKESA,eskapee-test/robertson-benchmark_paer-SAMN10163199-s.gfa.gz,YES,1972238,eskapee-test/robertson-benchmark_paer-SAMN10163199-s.gfa.csv,YES,6698,contig|plasmid_score|chrom_score|label|length|chr_coverage|pl_coverage|un_coverage|hybrid_mapsto,plasmid;chromosome;ambiguous;unlabeled,NOT_PUBLISHED_IN_METADATA,IN_GFA: dp tag (Unicycler) / KC tag (SKESA),Robertson2018,https://github.com/fmfi-compbio/plasgraph2-datasets/blob/06cdf1524a9d424b5eb97628be26b87f854d398a/eskapee-test/robertson-benchmark_paer-SAMN10163199-s.gfa.gz,06cdf1524a9d424b5eb97628be26b87f854d398a,LICENCE_NOT_DOCUMENTED,COMPLETE_FOR_ACCESSIONS;MISSING_STRAIN_BIOPROJECT_ASSEMBLY
robertson-benchmark_paer-SAMN10346774-u,robertson-benchmark_paer-SAMN10346774,SAMN10346774,eskapee-test,Pseudomonas aeruginosa,NOT_IN_SOURCE_METADATA,SRR9160467,SRR9160466,NA,SAMN10346774,NOT_IN_SOURCE_METADATA,NOT_IN_SOURCE_METADATA,Unicycler,eskapee-test/robertson-benchmark_paer-SAMN10346774-u.gfa.gz,YES,1907929,eskapee-test/robertson-benchmark_paer-SAMN10346774-u.gfa.csv,YES,7934,contig|plasmid_score|chrom_score|label|length|chr_coverage|pl_coverage|un_coverage|hybrid_mapsto,plasmid;chromosome;ambiguous;unlabeled,NOT_PUBLISHED_IN_METADATA,IN_GFA: dp tag (Unicycler) / KC tag (SKESA),Robertson2018,https://github.com/fmfi-compbio/plasgraph2-datasets/blob/06cdf1524a9d424b5eb97628be26b87f854d398a/eskapee-test/robertson-benchmark_paer-SAMN10346774-u.gfa.gz,06cdf1524a9d424b5eb97628be26b87f854d398a,LICENCE_NOT_DOCUMENTED,COMPLETE_FOR_ACCESSIONS;MISSING_STRAIN_BIOPROJECT_ASSEMBLY
robertson-benchmark_paer-SAMN10346774-s,robertson-benchmark_paer-SAMN10346774,SAMN10346774,eskapee-test,Pseudomonas aeruginosa,NOT_IN_SOURCE_METADATA,SRR9160467,SRR9160466,NA,SAMN10346774,NOT_IN_SOURCE_METADATA,NOT_IN_SOURCE_METADATA,SKESA,eskapee-test/robertson-benchmark_paer-SAMN10346774-s.gfa.gz,YES,1909481,eskapee-test/robertson-benchmark_paer-SAMN10346774-s.gfa.csv,YES,5738,contig|plasmid_score|chrom_score|label|length|chr_coverage|pl_coverage|un_coverage|hybrid_mapsto,plasmid;chromosome;ambiguous;unlabeled,NOT_PUBLISHED_IN_METADATA,IN_GFA: dp tag (Unicycler) / KC tag (SKESA),Robertson2018,https://github.com/fmfi-compbio/plasgraph2-datasets/blob/06cdf1524a9d424b5eb97628be26b87f854d398a/eskapee-test/robertson-benchmark_paer-SAMN10346774-s.gfa.gz,06cdf1524a9d424b5eb97628be26b87f854d398a,LICENCE_NOT_DOCUMENTED,COMPLETE_FOR_ACCESSIONS;MISSING_STRAIN_BIOPROJECT_ASSEMBLY
robertson-benchmark_paer-SAMN11056482-u,robertson-benchmark_paer-SAMN11056482,SAMN11056482,eskapee-test,Pseudomonas aeruginosa,NOT_IN_SOURCE_METADATA,SRR9641503,SRR9641502,NA,SAMN11056482,NOT_IN_SOURCE_METADATA,NOT_IN_SOURCE_METADATA,Unicycler,eskapee-test/robertson-benchmark_paer-SAMN11056482-u.gfa.gz,YES,1756445,eskapee-test/robertson-benchmark_paer-SAMN11056482-u.gfa.csv,YES,6745,contig|plasmid_score|chrom_score|label|length|chr_coverage|pl_coverage|un_coverage|hybrid_mapsto,plasmid;chromosome;ambiguous;unlabeled,NOT_PUBLISHED_IN_METADATA,IN_GFA: dp tag (Unicycler) / KC tag (SKESA),Robertson2018,https://github.com/fmfi-compbio/plasgraph2-datasets/blob/06cdf1524a9d424b5eb97628be26b87f854d398a/eskapee-test/robertson-benchmark_paer-SAMN11056482-u.gfa.gz,06cdf1524a9d424b5eb97628be26b87f854d398a,LICENCE_NOT_DOCUMENTED,COMPLETE_FOR_ACCESSIONS;MISSING_STRAIN_BIOPROJECT_ASSEMBLY
robertson-benchmark_paer-SAMN11056482-s,robertson-benchmark_paer-SAMN11056482,SAMN11056482,eskapee-test,Pseudomonas aeruginosa,NOT_IN_SOURCE_METADATA,SRR9641503,SRR9641502,NA,SAMN11056482,NOT_IN_SOURCE_METADATA,NOT_IN_SOURCE_METADATA,SKESA,eskapee-test/robertson-benchmark_paer-SAMN11056482-s.gfa.gz,YES,1758130,eskapee-test/robertson-benchmark_paer-SAMN11056482-s.gfa.csv,YES,6312,contig|plasmid_score|chrom_score|label|length|chr_coverage|pl_coverage|un_coverage|hybrid_mapsto,plasmid;chromosome;ambiguous;unlabeled,NOT_PUBLISHED_IN_METADATA,IN_GFA: dp tag (Unicycler) / KC tag (SKESA),Robertson2018,https://github.com/fmfi-compbio/plasgraph2-datasets/blob/06cdf1524a9d424b5eb97628be26b87f854d398a/eskapee-test/robertson-benchmark_paer-SAMN11056482-s.gfa.gz,06cdf1524a9d424b5eb97628be26b87f854d398a,LICENCE_NOT_DOCUMENTED,COMPLETE_FOR_ACCESSIONS;MISSING_STRAIN_BIOPROJECT_ASSEMBLY
robertson-benchmark_paer-SAMN16357210-u,robertson-benchmark_paer-SAMN16357210,SAMN16357210,eskapee-test,Pseudomonas aeruginosa,NOT_IN_SOURCE_METADATA,SRR12825839,SRR12825840,NA,SAMN16357210,NOT_IN_SOURCE_METADATA,NOT_IN_SOURCE_METADATA,Unicycler,eskapee-test/robertson-benchmark_paer-SAMN16357210-u.gfa.gz,YES,1916478,eskapee-test/robertson-benchmark_paer-SAMN16357210-u.gfa.csv,YES,9803,contig|plasmid_score|chrom_score|label|length|chr_coverage|pl_coverage|un_coverage|hybrid_mapsto,plasmid;chromosome;ambiguous;unlabeled,NOT_PUBLISHED_IN_METADATA,IN_GFA: dp tag (Unicycler) / KC tag (SKESA),Robertson2018,https://github.com/fmfi-compbio/plasgraph2-datasets/blob/06cdf1524a9d424b5eb97628be26b87f854d398a/eskapee-test/robertson-benchmark_paer-SAMN16357210-u.gfa.gz,06cdf1524a9d424b5eb97628be26b87f854d398a,LICENCE_NOT_DOCUMENTED,COMPLETE_FOR_ACCESSIONS;MISSING_STRAIN_BIOPROJECT_ASSEMBLY
robertson-benchmark_paer-SAMN16357210-s,robertson-benchmark_paer-SAMN16357210,SAMN16357210,eskapee-test,Pseudomonas aeruginosa,NOT_IN_SOURCE_METADATA,SRR12825839,SRR12825840,NA,SAMN16357210,NOT_IN_SOURCE_METADATA,NOT_IN_SOURCE_METADATA,SKESA,eskapee-test/robertson-benchmark_paer-SAMN16357210-s.gfa.gz,YES,1919109,eskapee-test/robertson-benchmark_paer-SAMN16357210-s.gfa.csv,YES,7622,contig|plasmid_score|chrom_score|label|length|chr_coverage|pl_coverage|un_coverage|hybrid_mapsto,plasmid;chromosome;ambiguous;unlabeled,NOT_PUBLISHED_IN_METADATA,IN_GFA: dp tag (Unicycler) / KC tag (SKESA),Robertson2018,https://github.com/fmfi-compbio/plasgraph2-datasets/blob/06cdf1524a9d424b5eb97628be26b87f854d398a/eskapee-test/robertson-benchmark_paer-SAMN16357210-s.gfa.gz,06cdf1524a9d424b5eb97628be26b87f854d398a,LICENCE_NOT_DOCUMENTED,COMPLETE_FOR_ACCESSIONS;MISSING_STRAIN_BIOPROJECT_ASSEMBLY
robertson-benchmark_saur-SAMN02700075-u,robertson-benchmark_saur-SAMN02700075,SAMN02700075,eskapee-test,Staphylococcus aureus,NOT_IN_SOURCE_METADATA,SRR1206476,SRR1206478,NA,SAMN02700075,NOT_IN_SOURCE_METADATA,NOT_IN_SOURCE_METADATA,Unicycler,eskapee-test/robertson-benchmark_saur-SAMN02700075-u.gfa.gz,YES,801351,eskapee-test/robertson-benchmark_saur-SAMN02700075-u.gfa.csv,YES,4329,contig|plasmid_score|chrom_score|label|length|chr_coverage|pl_coverage|un_coverage|hybrid_mapsto,plasmid;chromosome;ambiguous;unlabeled,NOT_PUBLISHED_IN_METADATA,IN_GFA: dp tag (Unicycler) / KC tag (SKESA),Robertson2018,https://github.com/fmfi-compbio/plasgraph2-datasets/blob/06cdf1524a9d424b5eb97628be26b87f854d398a/eskapee-test/robertson-benchmark_saur-SAMN02700075-u.gfa.gz,06cdf1524a9d424b5eb97628be26b87f854d398a,LICENCE_NOT_DOCUMENTED,COMPLETE_FOR_ACCESSIONS;MISSING_STRAIN_BIOPROJECT_ASSEMBLY
robertson-benchmark_saur-SAMN02700075-s,robertson-benchmark_saur-SAMN02700075,SAMN02700075,eskapee-test,Staphylococcus aureus,NOT_IN_SOURCE_METADATA,SRR1206476,SRR1206478,NA,SAMN02700075,NOT_IN_SOURCE_METADATA,NOT_IN_SOURCE_METADATA,SKESA,eskapee-test/robertson-benchmark_saur-SAMN02700075-s.gfa.gz,YES,808813,eskapee-test/robertson-benchmark_saur-SAMN02700075-s.gfa.csv,YES,16227,contig|plasmid_score|chrom_score|label|length|chr_coverage|pl_coverage|un_coverage|hybrid_mapsto,plasmid;chromosome;ambiguous;unlabeled,NOT_PUBLISHED_IN_METADATA,IN_GFA: dp tag (Unicycler) / KC tag (SKESA),Robertson2018,https://github.com/fmfi-compbio/plasgraph2-datasets/blob/06cdf1524a9d424b5eb97628be26b87f854d398a/eskapee-test/robertson-benchmark_saur-SAMN02700075-s.gfa.gz,06cdf1524a9d424b5eb97628be26b87f854d398a,LICENCE_NOT_DOCUMENTED,COMPLETE_FOR_ACCESSIONS;MISSING_STRAIN_BIOPROJECT_ASSEMBLY
robertson-benchmark_saur-SAMN03255442-u,robertson-benchmark_saur-SAMN03255442,SAMN03255442,eskapee-test,Staphylococcus aureus,NOT_IN_SOURCE_METADATA,SRR1955495,SRR1955497,NA,SAMN03255442,NOT_IN_SOURCE_METADATA,NOT_IN_SOURCE_METADATA,Unicycler,eskapee-test/robertson-benchmark_saur-SAMN03255442-u.gfa.gz,YES,803850,eskapee-test/robertson-benchmark_saur-SAMN03255442-u.gfa.csv,YES,2302,contig|plasmid_score|chrom_score|label|length|chr_coverage|pl_coverage|un_coverage|hybrid_mapsto,plasmid;chromosome;ambiguous;unlabeled,NOT_PUBLISHED_IN_METADATA,IN_GFA: dp tag (Unicycler) / KC tag (SKESA),Robertson2018,https://github.com/fmfi-compbio/plasgraph2-datasets/blob/06cdf1524a9d424b5eb97628be26b87f854d398a/eskapee-test/robertson-benchmark_saur-SAMN03255442-u.gfa.gz,06cdf1524a9d424b5eb97628be26b87f854d398a,LICENCE_NOT_DOCUMENTED,COMPLETE_FOR_ACCESSIONS;MISSING_STRAIN_BIOPROJECT_ASSEMBLY
robertson-benchmark_saur-SAMN03255442-s,robertson-benchmark_saur-SAMN03255442,SAMN03255442,eskapee-test,Staphylococcus aureus,NOT_IN_SOURCE_METADATA,SRR1955495,SRR1955497,NA,SAMN03255442,NOT_IN_SOURCE_METADATA,NOT_IN_SOURCE_METADATA,SKESA,eskapee-test/robertson-benchmark_saur-SAMN03255442-s.gfa.gz,YES,810463,eskapee-test/robertson-benchmark_saur-SAMN03255442-s.gfa.csv,YES,17505,contig|plasmid_score|chrom_score|label|length|chr_coverage|pl_coverage|un_coverage|hybrid_mapsto,plasmid;chromosome;ambiguous;unlabeled,NOT_PUBLISHED_IN_METADATA,IN_GFA: dp tag (Unicycler) / KC tag (SKESA),Robertson2018,https://github.com/fmfi-compbio/plasgraph2-datasets/blob/06cdf1524a9d424b5eb97628be26b87f854d398a/eskapee-test/robertson-benchmark_saur-SAMN03255442-s.gfa.gz,06cdf1524a9d424b5eb97628be26b87f854d398a,LICENCE_NOT_DOCUMENTED,COMPLETE_FOR_ACCESSIONS;MISSING_STRAIN_BIOPROJECT_ASSEMBLY
robertson-benchmark_saur-SAMN03255444-u,robertson-benchmark_saur-SAMN03255444,SAMN03255444,eskapee-test,Staphylococcus aureus,NOT_IN_SOURCE_METADATA,SRR1955581,SRR1955583,NA,SAMN03255444,NOT_IN_SOURCE_METADATA,NOT_IN_SOURCE_METADATA,Unicycler,eskapee-test/robertson-benchmark_saur-SAMN03255444-u.gfa.gz,YES,807426,eskapee-test/robertson-benchmark_saur-SAMN03255444-u.gfa.csv,YES,4232,contig|plasmid_score|chrom_score|label|length|chr_coverage|pl_coverage|un_coverage|hybrid_mapsto,plasmid;chromosome;ambiguous;unlabeled,NOT_PUBLISHED_IN_METADATA,IN_GFA: dp tag (Unicycler) / KC tag (SKESA),Robertson2018,https://github.com/fmfi-compbio/plasgraph2-datasets/blob/06cdf1524a9d424b5eb97628be26b87f854d398a/eskapee-test/robertson-benchmark_saur-SAMN03255444-u.gfa.gz,06cdf1524a9d424b5eb97628be26b87f854d398a,LICENCE_NOT_DOCUMENTED,COMPLETE_FOR_ACCESSIONS;MISSING_STRAIN_BIOPROJECT_ASSEMBLY
robertson-benchmark_saur-SAMN03255444-s,robertson-benchmark_saur-SAMN03255444,SAMN03255444,eskapee-test,Staphylococcus aureus,NOT_IN_SOURCE_METADATA,SRR1955581,SRR1955583,NA,SAMN03255444,NOT_IN_SOURCE_METADATA,NOT_IN_SOURCE_METADATA,SKESA,eskapee-test/robertson-benchmark_saur-SAMN03255444-s.gfa.gz,YES,812893,eskapee-test/robertson-benchmark_saur-SAMN03255444-s.gfa.csv,YES,13530,contig|plasmid_score|chrom_score|label|length|chr_coverage|pl_coverage|un_coverage|hybrid_mapsto,plasmid;chromosome;ambiguous;unlabeled,NOT_PUBLISHED_IN_METADATA,IN_GFA: dp tag (Unicycler) / KC tag (SKESA),Robertson2018,https://github.com/fmfi-compbio/plasgraph2-datasets/blob/06cdf1524a9d424b5eb97628be26b87f854d398a/eskapee-test/robertson-benchmark_saur-SAMN03255444-s.gfa.gz,06cdf1524a9d424b5eb97628be26b87f854d398a,LICENCE_NOT_DOCUMENTED,COMPLETE_FOR_ACCESSIONS;MISSING_STRAIN_BIOPROJECT_ASSEMBLY
robertson-benchmark_saur-SAMN03255445-u,robertson-benchmark_saur-SAMN03255445,SAMN03255445,eskapee-test,Staphylococcus aureus,NOT_IN_SOURCE_METADATA,SRR1955587,SRR1955585,NA,SAMN03255445,NOT_IN_SOURCE_METADATA,NOT_IN_SOURCE_METADATA,Unicycler,eskapee-test/robertson-benchmark_saur-SAMN03255445-u.gfa.gz,YES,781197,eskapee-test/robertson-benchmark_saur-SAMN03255445-u.gfa.csv,YES,4896,contig|plasmid_score|chrom_score|label|length|chr_coverage|pl_coverage|un_coverage|hybrid_mapsto,plasmid;chromosome;ambiguous;unlabeled,NOT_PUBLISHED_IN_METADATA,IN_GFA: dp tag (Unicycler) / KC tag (SKESA),Robertson2018,https://github.com/fmfi-compbio/plasgraph2-datasets/blob/06cdf1524a9d424b5eb97628be26b87f854d398a/eskapee-test/robertson-benchmark_saur-SAMN03255445-u.gfa.gz,06cdf1524a9d424b5eb97628be26b87f854d398a,LICENCE_NOT_DOCUMENTED,COMPLETE_FOR_ACCESSIONS;MISSING_STRAIN_BIOPROJECT_ASSEMBLY
robertson-benchmark_saur-SAMN03255445-s,robertson-benchmark_saur-SAMN03255445,SAMN03255445,eskapee-test,Staphylococcus aureus,NOT_IN_SOURCE_METADATA,SRR1955587,SRR1955585,NA,SAMN03255445,NOT_IN_SOURCE_METADATA,NOT_IN_SOURCE_METADATA,SKESA,eskapee-test/robertson-benchmark_saur-SAMN03255445-s.gfa.gz,YES,790108,eskapee-test/robertson-benchmark_saur-SAMN03255445-s.gfa.csv,YES,18160,contig|plasmid_score|chrom_score|label|length|chr_coverage|pl_coverage|un_coverage|hybrid_mapsto,plasmid;chromosome;ambiguous;unlabeled,NOT_PUBLISHED_IN_METADATA,IN_GFA: dp tag (Unicycler) / KC tag (SKESA),Robertson2018,https://github.com/fmfi-compbio/plasgraph2-datasets/blob/06cdf1524a9d424b5eb97628be26b87f854d398a/eskapee-test/robertson-benchmark_saur-SAMN03255445-s.gfa.gz,06cdf1524a9d424b5eb97628be26b87f854d398a,LICENCE_NOT_DOCUMENTED,COMPLETE_FOR_ACCESSIONS;MISSING_STRAIN_BIOPROJECT_ASSEMBLY
robertson-benchmark_saur-SAMN03255446-u,robertson-benchmark_saur-SAMN03255446,SAMN03255446,eskapee-test,Staphylococcus aureus,NOT_IN_SOURCE_METADATA,SRR1955590,SRR1955589,NA,SAMN03255446,NOT_IN_SOURCE_METADATA,NOT_IN_SOURCE_METADATA,Unicycler,eskapee-test/robertson-benchmark_saur-SAMN03255446-u.gfa.gz,YES,777406,eskapee-test/robertson-benchmark_saur-SAMN03255446-u.gfa.csv,YES,3415,contig|plasmid_score|chrom_score|label|length|chr_coverage|pl_coverage|un_coverage|hybrid_mapsto,plasmid;chromosome;ambiguous;unlabeled,NOT_PUBLISHED_IN_METADATA,IN_GFA: dp tag (Unicycler) / KC tag (SKESA),Robertson2018,https://github.com/fmfi-compbio/plasgraph2-datasets/blob/06cdf1524a9d424b5eb97628be26b87f854d398a/eskapee-test/robertson-benchmark_saur-SAMN03255446-u.gfa.gz,06cdf1524a9d424b5eb97628be26b87f854d398a,LICENCE_NOT_DOCUMENTED,COMPLETE_FOR_ACCESSIONS;MISSING_STRAIN_BIOPROJECT_ASSEMBLY
robertson-benchmark_saur-SAMN03255446-s,robertson-benchmark_saur-SAMN03255446,SAMN03255446,eskapee-test,Staphylococcus aureus,NOT_IN_SOURCE_METADATA,SRR1955590,SRR1955589,NA,SAMN03255446,NOT_IN_SOURCE_METADATA,NOT_IN_SOURCE_METADATA,SKESA,eskapee-test/robertson-benchmark_saur-SAMN03255446-s.gfa.gz,YES,786123,eskapee-test/robertson-benchmark_saur-SAMN03255446-s.gfa.csv,YES,18676,contig|plasmid_score|chrom_score|label|length|chr_coverage|pl_coverage|un_coverage|hybrid_mapsto,plasmid;chromosome;ambiguous;unlabeled,NOT_PUBLISHED_IN_METADATA,IN_GFA: dp tag (Unicycler) / KC tag (SKESA),Robertson2018,https://github.com/fmfi-compbio/plasgraph2-datasets/blob/06cdf1524a9d424b5eb97628be26b87f854d398a/eskapee-test/robertson-benchmark_saur-SAMN03255446-s.gfa.gz,06cdf1524a9d424b5eb97628be26b87f854d398a,LICENCE_NOT_DOCUMENTED,COMPLETE_FOR_ACCESSIONS;MISSING_STRAIN_BIOPROJECT_ASSEMBLY
robertson-benchmark_saur-SAMN03255448-u,robertson-benchmark_saur-SAMN03255448,SAMN03255448,eskapee-test,Staphylococcus aureus,NOT_IN_SOURCE_METADATA,SRR1955595,SRR1955594,NA,SAMN03255448,NOT_IN_SOURCE_METADATA,NOT_IN_SOURCE_METADATA,Unicycler,eskapee-test/robertson-benchmark_saur-SAMN03255448-u.gfa.gz,YES,799532,eskapee-test/robertson-benchmark_saur-SAMN03255448-u.gfa.csv,YES,2254,contig|plasmid_score|chrom_score|label|length|chr_coverage|pl_coverage|un_coverage|hybrid_mapsto,plasmid;chromosome;ambiguous;unlabeled,NOT_PUBLISHED_IN_METADATA,IN_GFA: dp tag (Unicycler) / KC tag (SKESA),Robertson2018,https://github.com/fmfi-compbio/plasgraph2-datasets/blob/06cdf1524a9d424b5eb97628be26b87f854d398a/eskapee-test/robertson-benchmark_saur-SAMN03255448-u.gfa.gz,06cdf1524a9d424b5eb97628be26b87f854d398a,LICENCE_NOT_DOCUMENTED,COMPLETE_FOR_ACCESSIONS;MISSING_STRAIN_BIOPROJECT_ASSEMBLY
robertson-benchmark_saur-SAMN03255448-s,robertson-benchmark_saur-SAMN03255448,SAMN03255448,eskapee-test,Staphylococcus aureus,NOT_IN_SOURCE_METADATA,SRR1955595,SRR1955594,NA,SAMN03255448,NOT_IN_SOURCE_METADATA,NOT_IN_SOURCE_METADATA,SKESA,eskapee-test/robertson-benchmark_saur-SAMN03255448-s.gfa.gz,YES,807052,eskapee-test/robertson-benchmark_saur-SAMN03255448-s.gfa.csv,YES,12266,contig|plasmid_score|chrom_score|label|length|chr_coverage|pl_coverage|un_coverage|hybrid_mapsto,plasmid;chromosome;ambiguous;unlabeled,NOT_PUBLISHED_IN_METADATA,IN_GFA: dp tag (Unicycler) / KC tag (SKESA),Robertson2018,https://github.com/fmfi-compbio/plasgraph2-datasets/blob/06cdf1524a9d424b5eb97628be26b87f854d398a/eskapee-test/robertson-benchmark_saur-SAMN03255448-s.gfa.gz,06cdf1524a9d424b5eb97628be26b87f854d398a,LICENCE_NOT_DOCUMENTED,COMPLETE_FOR_ACCESSIONS;MISSING_STRAIN_BIOPROJECT_ASSEMBLY
robertson-benchmark_saur-SAMN03255449-u,robertson-benchmark_saur-SAMN03255449,SAMN03255449,eskapee-test,Staphylococcus aureus,NOT_IN_SOURCE_METADATA,SRR1955597,SRR1955596,NA,SAMN03255449,NOT_IN_SOURCE_METADATA,NOT_IN_SOURCE_METADATA,Unicycler,eskapee-test/robertson-benchmark_saur-SAMN03255449-u.gfa.gz,YES,820300,eskapee-test/robertson-benchmark_saur-SAMN03255449-u.gfa.csv,YES,12339,contig|plasmid_score|chrom_score|label|length|chr_coverage|pl_coverage|un_coverage|hybrid_mapsto,plasmid;chromosome;ambiguous;unlabeled,NOT_PUBLISHED_IN_METADATA,IN_GFA: dp tag (Unicycler) / KC tag (SKESA),Robertson2018,https://github.com/fmfi-compbio/plasgraph2-datasets/blob/06cdf1524a9d424b5eb97628be26b87f854d398a/eskapee-test/robertson-benchmark_saur-SAMN03255449-u.gfa.gz,06cdf1524a9d424b5eb97628be26b87f854d398a,LICENCE_NOT_DOCUMENTED,COMPLETE_FOR_ACCESSIONS;MISSING_STRAIN_BIOPROJECT_ASSEMBLY
robertson-benchmark_saur-SAMN03255449-s,robertson-benchmark_saur-SAMN03255449,SAMN03255449,eskapee-test,Staphylococcus aureus,NOT_IN_SOURCE_METADATA,SRR1955597,SRR1955596,NA,SAMN03255449,NOT_IN_SOURCE_METADATA,NOT_IN_SOURCE_METADATA,SKESA,eskapee-test/robertson-benchmark_saur-SAMN03255449-s.gfa.gz,YES,828121,eskapee-test/robertson-benchmark_saur-SAMN03255449-s.gfa.csv,YES,23232,contig|plasmid_score|chrom_score|label|length|chr_coverage|pl_coverage|un_coverage|hybrid_mapsto,plasmid;chromosome;ambiguous;unlabeled,NOT_PUBLISHED_IN_METADATA,IN_GFA: dp tag (Unicycler) / KC tag (SKESA),Robertson2018,https://github.com/fmfi-compbio/plasgraph2-datasets/blob/06cdf1524a9d424b5eb97628be26b87f854d398a/eskapee-test/robertson-benchmark_saur-SAMN03255449-s.gfa.gz,06cdf1524a9d424b5eb97628be26b87f854d398a,LICENCE_NOT_DOCUMENTED,COMPLETE_FOR_ACCESSIONS;MISSING_STRAIN_BIOPROJECT_ASSEMBLY
robertson-benchmark_saur-SAMN03255451-u,robertson-benchmark_saur-SAMN03255451,SAMN03255451,eskapee-test,Staphylococcus aureus,NOT_IN_SOURCE_METADATA,SRR1955607,SRR1955608,NA,SAMN03255451,NOT_IN_SOURCE_METADATA,NOT_IN_SOURCE_METADATA,Unicycler,eskapee-test/robertson-benchmark_saur-SAMN03255451-u.gfa.gz,YES,776654,eskapee-test/robertson-benchmark_saur-SAMN03255451-u.gfa.csv,YES,4072,contig|plasmid_score|chrom_score|label|length|chr_coverage|pl_coverage|un_coverage|hybrid_mapsto,plasmid;chromosome;ambiguous;unlabeled,NOT_PUBLISHED_IN_METADATA,IN_GFA: dp tag (Unicycler) / KC tag (SKESA),Robertson2018,https://github.com/fmfi-compbio/plasgraph2-datasets/blob/06cdf1524a9d424b5eb97628be26b87f854d398a/eskapee-test/robertson-benchmark_saur-SAMN03255451-u.gfa.gz,06cdf1524a9d424b5eb97628be26b87f854d398a,LICENCE_NOT_DOCUMENTED,COMPLETE_FOR_ACCESSIONS;MISSING_STRAIN_BIOPROJECT_ASSEMBLY
robertson-benchmark_saur-SAMN03255451-s,robertson-benchmark_saur-SAMN03255451,SAMN03255451,eskapee-test,Staphylococcus aureus,NOT_IN_SOURCE_METADATA,SRR1955607,SRR1955608,NA,SAMN03255451,NOT_IN_SOURCE_METADATA,NOT_IN_SOURCE_METADATA,SKESA,eskapee-test/robertson-benchmark_saur-SAMN03255451-s.gfa.gz,YES,787247,eskapee-test/robertson-benchmark_saur-SAMN03255451-s.gfa.csv,YES,22601,contig|plasmid_score|chrom_score|label|length|chr_coverage|pl_coverage|un_coverage|hybrid_mapsto,plasmid;chromosome;ambiguous;unlabeled,NOT_PUBLISHED_IN_METADATA,IN_GFA: dp tag (Unicycler) / KC tag (SKESA),Robertson2018,https://github.com/fmfi-compbio/plasgraph2-datasets/blob/06cdf1524a9d424b5eb97628be26b87f854d398a/eskapee-test/robertson-benchmark_saur-SAMN03255451-s.gfa.gz,06cdf1524a9d424b5eb97628be26b87f854d398a,LICENCE_NOT_DOCUMENTED,COMPLETE_FOR_ACCESSIONS;MISSING_STRAIN_BIOPROJECT_ASSEMBLY
robertson-benchmark_saur-SAMN03255453-u,robertson-benchmark_saur-SAMN03255453,SAMN03255453,eskapee-test,Staphylococcus aureus,NOT_IN_SOURCE_METADATA,SRR1955613,SRR1955614,NA,SAMN03255453,NOT_IN_SOURCE_METADATA,NOT_IN_SOURCE_METADATA,Unicycler,eskapee-test/robertson-benchmark_saur-SAMN03255453-u.gfa.gz,YES,792258,eskapee-test/robertson-benchmark_saur-SAMN03255453-u.gfa.csv,YES,2453,contig|plasmid_score|chrom_score|label|length|chr_coverage|pl_coverage|un_coverage|hybrid_mapsto,plasmid;chromosome;ambiguous;unlabeled,NOT_PUBLISHED_IN_METADATA,IN_GFA: dp tag (Unicycler) / KC tag (SKESA),Robertson2018,https://github.com/fmfi-compbio/plasgraph2-datasets/blob/06cdf1524a9d424b5eb97628be26b87f854d398a/eskapee-test/robertson-benchmark_saur-SAMN03255453-u.gfa.gz,06cdf1524a9d424b5eb97628be26b87f854d398a,LICENCE_NOT_DOCUMENTED,COMPLETE_FOR_ACCESSIONS;MISSING_STRAIN_BIOPROJECT_ASSEMBLY
robertson-benchmark_saur-SAMN03255453-s,robertson-benchmark_saur-SAMN03255453,SAMN03255453,eskapee-test,Staphylococcus aureus,NOT_IN_SOURCE_METADATA,SRR1955613,SRR1955614,NA,SAMN03255453,NOT_IN_SOURCE_METADATA,NOT_IN_SOURCE_METADATA,SKESA,eskapee-test/robertson-benchmark_saur-SAMN03255453-s.gfa.gz,YES,798351,eskapee-test/robertson-benchmark_saur-SAMN03255453-s.gfa.csv,YES,15411,contig|plasmid_score|chrom_score|label|length|chr_coverage|pl_coverage|un_coverage|hybrid_mapsto,plasmid;chromosome;ambiguous;unlabeled,NOT_PUBLISHED_IN_METADATA,IN_GFA: dp tag (Unicycler) / KC tag (SKESA),Robertson2018,https://github.com/fmfi-compbio/plasgraph2-datasets/blob/06cdf1524a9d424b5eb97628be26b87f854d398a/eskapee-test/robertson-benchmark_saur-SAMN03255453-s.gfa.gz,06cdf1524a9d424b5eb97628be26b87f854d398a,LICENCE_NOT_DOCUMENTED,COMPLETE_FOR_ACCESSIONS;MISSING_STRAIN_BIOPROJECT_ASSEMBLY
robertson-benchmark_saur-SAMN03255454-u,robertson-benchmark_saur-SAMN03255454,SAMN03255454,eskapee-test,Staphylococcus aureus,NOT_IN_SOURCE_METADATA,SRR1955616,SRR1955615,NA,SAMN03255454,NOT_IN_SOURCE_METADATA,NOT_IN_SOURCE_METADATA,Unicycler,eskapee-test/robertson-benchmark_saur-SAMN03255454-u.gfa.gz,YES,797702,eskapee-test/robertson-benchmark_saur-SAMN03255454-u.gfa.csv,YES,6153,contig|plasmid_score|chrom_score|label|length|chr_coverage|pl_coverage|un_coverage|hybrid_mapsto,plasmid;chromosome;ambiguous;unlabeled,NOT_PUBLISHED_IN_METADATA,IN_GFA: dp tag (Unicycler) / KC tag (SKESA),Robertson2018,https://github.com/fmfi-compbio/plasgraph2-datasets/blob/06cdf1524a9d424b5eb97628be26b87f854d398a/eskapee-test/robertson-benchmark_saur-SAMN03255454-u.gfa.gz,06cdf1524a9d424b5eb97628be26b87f854d398a,LICENCE_NOT_DOCUMENTED,COMPLETE_FOR_ACCESSIONS;MISSING_STRAIN_BIOPROJECT_ASSEMBLY
robertson-benchmark_saur-SAMN03255454-s,robertson-benchmark_saur-SAMN03255454,SAMN03255454,eskapee-test,Staphylococcus aureus,NOT_IN_SOURCE_METADATA,SRR1955616,SRR1955615,NA,SAMN03255454,NOT_IN_SOURCE_METADATA,NOT_IN_SOURCE_METADATA,SKESA,eskapee-test/robertson-benchmark_saur-SAMN03255454-s.gfa.gz,YES,806584,eskapee-test/robertson-benchmark_saur-SAMN03255454-s.gfa.csv,YES,22561,contig|plasmid_score|chrom_score|label|length|chr_coverage|pl_coverage|un_coverage|hybrid_mapsto,plasmid;chromosome;ambiguous;unlabeled,NOT_PUBLISHED_IN_METADATA,IN_GFA: dp tag (Unicycler) / KC tag (SKESA),Robertson2018,https://github.com/fmfi-compbio/plasgraph2-datasets/blob/06cdf1524a9d424b5eb97628be26b87f854d398a/eskapee-test/robertson-benchmark_saur-SAMN03255454-s.gfa.gz,06cdf1524a9d424b5eb97628be26b87f854d398a,LICENCE_NOT_DOCUMENTED,COMPLETE_FOR_ACCESSIONS;MISSING_STRAIN_BIOPROJECT_ASSEMBLY
robertson-benchmark_saur-SAMN03255458-u,robertson-benchmark_saur-SAMN03255458,SAMN03255458,eskapee-test,Staphylococcus aureus,NOT_IN_SOURCE_METADATA,SRR1955625,SRR1955624,NA,SAMN03255458,NOT_IN_SOURCE_METADATA,NOT_IN_SOURCE_METADATA,Unicycler,eskapee-test/robertson-benchmark_saur-SAMN03255458-u.gfa.gz,YES,817229,eskapee-test/robertson-benchmark_saur-SAMN03255458-u.gfa.csv,YES,5223,contig|plasmid_score|chrom_score|label|length|chr_coverage|pl_coverage|un_coverage|hybrid_mapsto,plasmid;chromosome;ambiguous;unlabeled,NOT_PUBLISHED_IN_METADATA,IN_GFA: dp tag (Unicycler) / KC tag (SKESA),Robertson2018,https://github.com/fmfi-compbio/plasgraph2-datasets/blob/06cdf1524a9d424b5eb97628be26b87f854d398a/eskapee-test/robertson-benchmark_saur-SAMN03255458-u.gfa.gz,06cdf1524a9d424b5eb97628be26b87f854d398a,LICENCE_NOT_DOCUMENTED,COMPLETE_FOR_ACCESSIONS;MISSING_STRAIN_BIOPROJECT_ASSEMBLY
robertson-benchmark_saur-SAMN03255458-s,robertson-benchmark_saur-SAMN03255458,SAMN03255458,eskapee-test,Staphylococcus aureus,NOT_IN_SOURCE_METADATA,SRR1955625,SRR1955624,NA,SAMN03255458,NOT_IN_SOURCE_METADATA,NOT_IN_SOURCE_METADATA,SKESA,eskapee-test/robertson-benchmark_saur-SAMN03255458-s.gfa.gz,YES,819695,eskapee-test/robertson-benchmark_saur-SAMN03255458-s.gfa.csv,YES,7412,contig|plasmid_score|chrom_score|label|length|chr_coverage|pl_coverage|un_coverage|hybrid_mapsto,plasmid;chromosome;ambiguous;unlabeled,NOT_PUBLISHED_IN_METADATA,IN_GFA: dp tag (Unicycler) / KC tag (SKESA),Robertson2018,https://github.com/fmfi-compbio/plasgraph2-datasets/blob/06cdf1524a9d424b5eb97628be26b87f854d398a/eskapee-test/robertson-benchmark_saur-SAMN03255458-s.gfa.gz,06cdf1524a9d424b5eb97628be26b87f854d398a,LICENCE_NOT_DOCUMENTED,COMPLETE_FOR_ACCESSIONS;MISSING_STRAIN_BIOPROJECT_ASSEMBLY
robertson-benchmark_saur-SAMN03255460-u,robertson-benchmark_saur-SAMN03255460,SAMN03255460,eskapee-test,Staphylococcus aureus,NOT_IN_SOURCE_METADATA,SRR1955630,SRR1955628,NA,SAMN03255460,NOT_IN_SOURCE_METADATA,NOT_IN_SOURCE_METADATA,Unicycler,eskapee-test/robertson-benchmark_saur-SAMN03255460-u.gfa.gz,YES,823627,eskapee-test/robertson-benchmark_saur-SAMN03255460-u.gfa.csv,YES,4116,contig|plasmid_score|chrom_score|label|length|chr_coverage|pl_coverage|un_coverage|hybrid_mapsto,plasmid;chromosome;ambiguous;unlabeled,NOT_PUBLISHED_IN_METADATA,IN_GFA: dp tag (Unicycler) / KC tag (SKESA),Robertson2018,https://github.com/fmfi-compbio/plasgraph2-datasets/blob/06cdf1524a9d424b5eb97628be26b87f854d398a/eskapee-test/robertson-benchmark_saur-SAMN03255460-u.gfa.gz,06cdf1524a9d424b5eb97628be26b87f854d398a,LICENCE_NOT_DOCUMENTED,COMPLETE_FOR_ACCESSIONS;MISSING_STRAIN_BIOPROJECT_ASSEMBLY
robertson-benchmark_saur-SAMN03255460-s,robertson-benchmark_saur-SAMN03255460,SAMN03255460,eskapee-test,Staphylococcus aureus,NOT_IN_SOURCE_METADATA,SRR1955630,SRR1955628,NA,SAMN03255460,NOT_IN_SOURCE_METADATA,NOT_IN_SOURCE_METADATA,SKESA,eskapee-test/robertson-benchmark_saur-SAMN03255460-s.gfa.gz,YES,832810,eskapee-test/robertson-benchmark_saur-SAMN03255460-s.gfa.csv,YES,16185,contig|plasmid_score|chrom_score|label|length|chr_coverage|pl_coverage|un_coverage|hybrid_mapsto,plasmid;chromosome;ambiguous;unlabeled,NOT_PUBLISHED_IN_METADATA,IN_GFA: dp tag (Unicycler) / KC tag (SKESA),Robertson2018,https://github.com/fmfi-compbio/plasgraph2-datasets/blob/06cdf1524a9d424b5eb97628be26b87f854d398a/eskapee-test/robertson-benchmark_saur-SAMN03255460-s.gfa.gz,06cdf1524a9d424b5eb97628be26b87f854d398a,LICENCE_NOT_DOCUMENTED,COMPLETE_FOR_ACCESSIONS;MISSING_STRAIN_BIOPROJECT_ASSEMBLY
robertson-benchmark_saur-SAMN03255463-u,robertson-benchmark_saur-SAMN03255463,SAMN03255463,eskapee-test,Staphylococcus aureus,NOT_IN_SOURCE_METADATA,SRR1955816,SRR1955817,NA,SAMN03255463,NOT_IN_SOURCE_METADATA,NOT_IN_SOURCE_METADATA,Unicycler,eskapee-test/robertson-benchmark_saur-SAMN03255463-u.gfa.gz,YES,767601,eskapee-test/robertson-benchmark_saur-SAMN03255463-u.gfa.csv,YES,3601,contig|plasmid_score|chrom_score|label|length|chr_coverage|pl_coverage|un_coverage|hybrid_mapsto,plasmid;chromosome;ambiguous;unlabeled,NOT_PUBLISHED_IN_METADATA,IN_GFA: dp tag (Unicycler) / KC tag (SKESA),Robertson2018,https://github.com/fmfi-compbio/plasgraph2-datasets/blob/06cdf1524a9d424b5eb97628be26b87f854d398a/eskapee-test/robertson-benchmark_saur-SAMN03255463-u.gfa.gz,06cdf1524a9d424b5eb97628be26b87f854d398a,LICENCE_NOT_DOCUMENTED,COMPLETE_FOR_ACCESSIONS;MISSING_STRAIN_BIOPROJECT_ASSEMBLY
robertson-benchmark_saur-SAMN03255463-s,robertson-benchmark_saur-SAMN03255463,SAMN03255463,eskapee-test,Staphylococcus aureus,NOT_IN_SOURCE_METADATA,SRR1955816,SRR1955817,NA,SAMN03255463,NOT_IN_SOURCE_METADATA,NOT_IN_SOURCE_METADATA,SKESA,eskapee-test/robertson-benchmark_saur-SAMN03255463-s.gfa.gz,YES,775833,eskapee-test/robertson-benchmark_saur-SAMN03255463-s.gfa.csv,YES,17453,contig|plasmid_score|chrom_score|label|length|chr_coverage|pl_coverage|un_coverage|hybrid_mapsto,plasmid;chromosome;ambiguous;unlabeled,NOT_PUBLISHED_IN_METADATA,IN_GFA: dp tag (Unicycler) / KC tag (SKESA),Robertson2018,https://github.com/fmfi-compbio/plasgraph2-datasets/blob/06cdf1524a9d424b5eb97628be26b87f854d398a/eskapee-test/robertson-benchmark_saur-SAMN03255463-s.gfa.gz,06cdf1524a9d424b5eb97628be26b87f854d398a,LICENCE_NOT_DOCUMENTED,COMPLETE_FOR_ACCESSIONS;MISSING_STRAIN_BIOPROJECT_ASSEMBLY
robertson-benchmark_saur-SAMN03255464-u,robertson-benchmark_saur-SAMN03255464,SAMN03255464,eskapee-test,Staphylococcus aureus,NOT_IN_SOURCE_METADATA,SRR1955820,SRR1955818,NA,SAMN03255464,NOT_IN_SOURCE_METADATA,NOT_IN_SOURCE_METADATA,Unicycler,eskapee-test/robertson-benchmark_saur-SAMN03255464-u.gfa.gz,YES,821026,eskapee-test/robertson-benchmark_saur-SAMN03255464-u.gfa.csv,YES,3362,contig|plasmid_score|chrom_score|label|length|chr_coverage|pl_coverage|un_coverage|hybrid_mapsto,plasmid;chromosome;ambiguous;unlabeled,NOT_PUBLISHED_IN_METADATA,IN_GFA: dp tag (Unicycler) / KC tag (SKESA),Robertson2018,https://github.com/fmfi-compbio/plasgraph2-datasets/blob/06cdf1524a9d424b5eb97628be26b87f854d398a/eskapee-test/robertson-benchmark_saur-SAMN03255464-u.gfa.gz,06cdf1524a9d424b5eb97628be26b87f854d398a,LICENCE_NOT_DOCUMENTED,COMPLETE_FOR_ACCESSIONS;MISSING_STRAIN_BIOPROJECT_ASSEMBLY
robertson-benchmark_saur-SAMN03255464-s,robertson-benchmark_saur-SAMN03255464,SAMN03255464,eskapee-test,Staphylococcus aureus,NOT_IN_SOURCE_METADATA,SRR1955820,SRR1955818,NA,SAMN03255464,NOT_IN_SOURCE_METADATA,NOT_IN_SOURCE_METADATA,SKESA,eskapee-test/robertson-benchmark_saur-SAMN03255464-s.gfa.gz,YES,827181,eskapee-test/robertson-benchmark_saur-SAMN03255464-s.gfa.csv,YES,11209,contig|plasmid_score|chrom_score|label|length|chr_coverage|pl_coverage|un_coverage|hybrid_mapsto,plasmid;chromosome;ambiguous;unlabeled,NOT_PUBLISHED_IN_METADATA,IN_GFA: dp tag (Unicycler) / KC tag (SKESA),Robertson2018,https://github.com/fmfi-compbio/plasgraph2-datasets/blob/06cdf1524a9d424b5eb97628be26b87f854d398a/eskapee-test/robertson-benchmark_saur-SAMN03255464-s.gfa.gz,06cdf1524a9d424b5eb97628be26b87f854d398a,LICENCE_NOT_DOCUMENTED,COMPLETE_FOR_ACCESSIONS;MISSING_STRAIN_BIOPROJECT_ASSEMBLY
robertson-benchmark_saur-SAMN03255466-u,robertson-benchmark_saur-SAMN03255466,SAMN03255466,eskapee-test,Staphylococcus aureus,NOT_IN_SOURCE_METADATA,SRR1955823,SRR1955824,NA,SAMN03255466,NOT_IN_SOURCE_METADATA,NOT_IN_SOURCE_METADATA,Unicycler,eskapee-test/robertson-benchmark_saur-SAMN03255466-u.gfa.gz,YES,780713,eskapee-test/robertson-benchmark_saur-SAMN03255466-u.gfa.csv,YES,3989,contig|plasmid_score|chrom_score|label|length|chr_coverage|pl_coverage|un_coverage|hybrid_mapsto,plasmid;chromosome;ambiguous;unlabeled,NOT_PUBLISHED_IN_METADATA,IN_GFA: dp tag (Unicycler) / KC tag (SKESA),Robertson2018,https://github.com/fmfi-compbio/plasgraph2-datasets/blob/06cdf1524a9d424b5eb97628be26b87f854d398a/eskapee-test/robertson-benchmark_saur-SAMN03255466-u.gfa.gz,06cdf1524a9d424b5eb97628be26b87f854d398a,LICENCE_NOT_DOCUMENTED,COMPLETE_FOR_ACCESSIONS;MISSING_STRAIN_BIOPROJECT_ASSEMBLY
robertson-benchmark_saur-SAMN03255466-s,robertson-benchmark_saur-SAMN03255466,SAMN03255466,eskapee-test,Staphylococcus aureus,NOT_IN_SOURCE_METADATA,SRR1955823,SRR1955824,NA,SAMN03255466,NOT_IN_SOURCE_METADATA,NOT_IN_SOURCE_METADATA,SKESA,eskapee-test/robertson-benchmark_saur-SAMN03255466-s.gfa.gz,YES,790746,eskapee-test/robertson-benchmark_saur-SAMN03255466-s.gfa.csv,YES,22451,contig|plasmid_score|chrom_score|label|length|chr_coverage|pl_coverage|un_coverage|hybrid_mapsto,plasmid;chromosome;ambiguous;unlabeled,NOT_PUBLISHED_IN_METADATA,IN_GFA: dp tag (Unicycler) / KC tag (SKESA),Robertson2018,https://github.com/fmfi-compbio/plasgraph2-datasets/blob/06cdf1524a9d424b5eb97628be26b87f854d398a/eskapee-test/robertson-benchmark_saur-SAMN03255466-s.gfa.gz,06cdf1524a9d424b5eb97628be26b87f854d398a,LICENCE_NOT_DOCUMENTED,COMPLETE_FOR_ACCESSIONS;MISSING_STRAIN_BIOPROJECT_ASSEMBLY
robertson-benchmark_saur-SAMN03255469-u,robertson-benchmark_saur-SAMN03255469,SAMN03255469,eskapee-test,Staphylococcus aureus,NOT_IN_SOURCE_METADATA,SRR1955833,SRR1955831,NA,SAMN03255469,NOT_IN_SOURCE_METADATA,NOT_IN_SOURCE_METADATA,Unicycler,eskapee-test/robertson-benchmark_saur-SAMN03255469-u.gfa.gz,YES,806107,eskapee-test/robertson-benchmark_saur-SAMN03255469-u.gfa.csv,YES,3537,contig|plasmid_score|chrom_score|label|length|chr_coverage|pl_coverage|un_coverage|hybrid_mapsto,plasmid;chromosome;ambiguous;unlabeled,NOT_PUBLISHED_IN_METADATA,IN_GFA: dp tag (Unicycler) / KC tag (SKESA),Robertson2018,https://github.com/fmfi-compbio/plasgraph2-datasets/blob/06cdf1524a9d424b5eb97628be26b87f854d398a/eskapee-test/robertson-benchmark_saur-SAMN03255469-u.gfa.gz,06cdf1524a9d424b5eb97628be26b87f854d398a,LICENCE_NOT_DOCUMENTED,COMPLETE_FOR_ACCESSIONS;MISSING_STRAIN_BIOPROJECT_ASSEMBLY
robertson-benchmark_saur-SAMN03255469-s,robertson-benchmark_saur-SAMN03255469,SAMN03255469,eskapee-test,Staphylococcus aureus,NOT_IN_SOURCE_METADATA,SRR1955833,SRR1955831,NA,SAMN03255469,NOT_IN_SOURCE_METADATA,NOT_IN_SOURCE_METADATA,SKESA,eskapee-test/robertson-benchmark_saur-SAMN03255469-s.gfa.gz,YES,811636,eskapee-test/robertson-benchmark_saur-SAMN03255469-s.gfa.csv,YES,10523,contig|plasmid_score|chrom_score|label|length|chr_coverage|pl_coverage|un_coverage|hybrid_mapsto,plasmid;chromosome;ambiguous;unlabeled,NOT_PUBLISHED_IN_METADATA,IN_GFA: dp tag (Unicycler) / KC tag (SKESA),Robertson2018,https://github.com/fmfi-compbio/plasgraph2-datasets/blob/06cdf1524a9d424b5eb97628be26b87f854d398a/eskapee-test/robertson-benchmark_saur-SAMN03255469-s.gfa.gz,06cdf1524a9d424b5eb97628be26b87f854d398a,LICENCE_NOT_DOCUMENTED,COMPLETE_FOR_ACCESSIONS;MISSING_STRAIN_BIOPROJECT_ASSEMBLY
robertson-benchmark_saur-SAMN03255474-u,robertson-benchmark_saur-SAMN03255474,SAMN03255474,eskapee-test,Staphylococcus aureus,NOT_IN_SOURCE_METADATA,SRR1955856,SRR1955857,NA,SAMN03255474,NOT_IN_SOURCE_METADATA,NOT_IN_SOURCE_METADATA,Unicycler,eskapee-test/robertson-benchmark_saur-SAMN03255474-u.gfa.gz,YES,846402,eskapee-test/robertson-benchmark_saur-SAMN03255474-u.gfa.csv,YES,6422,contig|plasmid_score|chrom_score|label|length|chr_coverage|pl_coverage|un_coverage|hybrid_mapsto,plasmid;chromosome;ambiguous;unlabeled,NOT_PUBLISHED_IN_METADATA,IN_GFA: dp tag (Unicycler) / KC tag (SKESA),Robertson2018,https://github.com/fmfi-compbio/plasgraph2-datasets/blob/06cdf1524a9d424b5eb97628be26b87f854d398a/eskapee-test/robertson-benchmark_saur-SAMN03255474-u.gfa.gz,06cdf1524a9d424b5eb97628be26b87f854d398a,LICENCE_NOT_DOCUMENTED,COMPLETE_FOR_ACCESSIONS;MISSING_STRAIN_BIOPROJECT_ASSEMBLY
robertson-benchmark_saur-SAMN03255474-s,robertson-benchmark_saur-SAMN03255474,SAMN03255474,eskapee-test,Staphylococcus aureus,NOT_IN_SOURCE_METADATA,SRR1955856,SRR1955857,NA,SAMN03255474,NOT_IN_SOURCE_METADATA,NOT_IN_SOURCE_METADATA,SKESA,eskapee-test/robertson-benchmark_saur-SAMN03255474-s.gfa.gz,YES,856263,eskapee-test/robertson-benchmark_saur-SAMN03255474-s.gfa.csv,YES,18521,contig|plasmid_score|chrom_score|label|length|chr_coverage|pl_coverage|un_coverage|hybrid_mapsto,plasmid;chromosome;ambiguous;unlabeled,NOT_PUBLISHED_IN_METADATA,IN_GFA: dp tag (Unicycler) / KC tag (SKESA),Robertson2018,https://github.com/fmfi-compbio/plasgraph2-datasets/blob/06cdf1524a9d424b5eb97628be26b87f854d398a/eskapee-test/robertson-benchmark_saur-SAMN03255474-s.gfa.gz,06cdf1524a9d424b5eb97628be26b87f854d398a,LICENCE_NOT_DOCUMENTED,COMPLETE_FOR_ACCESSIONS;MISSING_STRAIN_BIOPROJECT_ASSEMBLY
robertson-benchmark_saur-SAMN03255479-u,robertson-benchmark_saur-SAMN03255479,SAMN03255479,eskapee-test,Staphylococcus aureus,NOT_IN_SOURCE_METADATA,SRR1955869,SRR1955868,NA,SAMN03255479,NOT_IN_SOURCE_METADATA,NOT_IN_SOURCE_METADATA,Unicycler,eskapee-test/robertson-benchmark_saur-SAMN03255479-u.gfa.gz,YES,822201,eskapee-test/robertson-benchmark_saur-SAMN03255479-u.gfa.csv,YES,2784,contig|plasmid_score|chrom_score|label|length|chr_coverage|pl_coverage|un_coverage|hybrid_mapsto,plasmid;chromosome;ambiguous;unlabeled,NOT_PUBLISHED_IN_METADATA,IN_GFA: dp tag (Unicycler) / KC tag (SKESA),Robertson2018,https://github.com/fmfi-compbio/plasgraph2-datasets/blob/06cdf1524a9d424b5eb97628be26b87f854d398a/eskapee-test/robertson-benchmark_saur-SAMN03255479-u.gfa.gz,06cdf1524a9d424b5eb97628be26b87f854d398a,LICENCE_NOT_DOCUMENTED,COMPLETE_FOR_ACCESSIONS;MISSING_STRAIN_BIOPROJECT_ASSEMBLY
robertson-benchmark_saur-SAMN03255479-s,robertson-benchmark_saur-SAMN03255479,SAMN03255479,eskapee-test,Staphylococcus aureus,NOT_IN_SOURCE_METADATA,SRR1955869,SRR1955868,NA,SAMN03255479,NOT_IN_SOURCE_METADATA,NOT_IN_SOURCE_METADATA,SKESA,eskapee-test/robertson-benchmark_saur-SAMN03255479-s.gfa.gz,YES,828752,eskapee-test/robertson-benchmark_saur-SAMN03255479-s.gfa.csv,YES,12328,contig|plasmid_score|chrom_score|label|length|chr_coverage|pl_coverage|un_coverage|hybrid_mapsto,plasmid;chromosome;ambiguous;unlabeled,NOT_PUBLISHED_IN_METADATA,IN_GFA: dp tag (Unicycler) / KC tag (SKESA),Robertson2018,https://github.com/fmfi-compbio/plasgraph2-datasets/blob/06cdf1524a9d424b5eb97628be26b87f854d398a/eskapee-test/robertson-benchmark_saur-SAMN03255479-s.gfa.gz,06cdf1524a9d424b5eb97628be26b87f854d398a,LICENCE_NOT_DOCUMENTED,COMPLETE_FOR_ACCESSIONS;MISSING_STRAIN_BIOPROJECT_ASSEMBLY
robertson-benchmark_saur-SAMN03255481-u,robertson-benchmark_saur-SAMN03255481,SAMN03255481,eskapee-test,Staphylococcus aureus,NOT_IN_SOURCE_METADATA,SRR1955873,SRR1955872,NA,SAMN03255481,NOT_IN_SOURCE_METADATA,NOT_IN_SOURCE_METADATA,Unicycler,eskapee-test/robertson-benchmark_saur-SAMN03255481-u.gfa.gz,YES,808942,eskapee-test/robertson-benchmark_saur-SAMN03255481-u.gfa.csv,YES,2129,contig|plasmid_score|chrom_score|label|length|chr_coverage|pl_coverage|un_coverage|hybrid_mapsto,plasmid;chromosome;ambiguous;unlabeled,NOT_PUBLISHED_IN_METADATA,IN_GFA: dp tag (Unicycler) / KC tag (SKESA),Robertson2018,https://github.com/fmfi-compbio/plasgraph2-datasets/blob/06cdf1524a9d424b5eb97628be26b87f854d398a/eskapee-test/robertson-benchmark_saur-SAMN03255481-u.gfa.gz,06cdf1524a9d424b5eb97628be26b87f854d398a,LICENCE_NOT_DOCUMENTED,COMPLETE_FOR_ACCESSIONS;MISSING_STRAIN_BIOPROJECT_ASSEMBLY
robertson-benchmark_saur-SAMN03255481-s,robertson-benchmark_saur-SAMN03255481,SAMN03255481,eskapee-test,Staphylococcus aureus,NOT_IN_SOURCE_METADATA,SRR1955873,SRR1955872,NA,SAMN03255481,NOT_IN_SOURCE_METADATA,NOT_IN_SOURCE_METADATA,SKESA,eskapee-test/robertson-benchmark_saur-SAMN03255481-s.gfa.gz,YES,816297,eskapee-test/robertson-benchmark_saur-SAMN03255481-s.gfa.csv,YES,19191,contig|plasmid_score|chrom_score|label|length|chr_coverage|pl_coverage|un_coverage|hybrid_mapsto,plasmid;chromosome;ambiguous;unlabeled,NOT_PUBLISHED_IN_METADATA,IN_GFA: dp tag (Unicycler) / KC tag (SKESA),Robertson2018,https://github.com/fmfi-compbio/plasgraph2-datasets/blob/06cdf1524a9d424b5eb97628be26b87f854d398a/eskapee-test/robertson-benchmark_saur-SAMN03255481-s.gfa.gz,06cdf1524a9d424b5eb97628be26b87f854d398a,LICENCE_NOT_DOCUMENTED,COMPLETE_FOR_ACCESSIONS;MISSING_STRAIN_BIOPROJECT_ASSEMBLY
robertson-benchmark_saur-SAMN03255482-u,robertson-benchmark_saur-SAMN03255482,SAMN03255482,eskapee-test,Staphylococcus aureus,NOT_IN_SOURCE_METADATA,SRR1955874,SRR1955875,NA,SAMN03255482,NOT_IN_SOURCE_METADATA,NOT_IN_SOURCE_METADATA,Unicycler,eskapee-test/robertson-benchmark_saur-SAMN03255482-u.gfa.gz,YES,809357,eskapee-test/robertson-benchmark_saur-SAMN03255482-u.gfa.csv,YES,2458,contig|plasmid_score|chrom_score|label|length|chr_coverage|pl_coverage|un_coverage|hybrid_mapsto,plasmid;chromosome;ambiguous;unlabeled,NOT_PUBLISHED_IN_METADATA,IN_GFA: dp tag (Unicycler) / KC tag (SKESA),Robertson2018,https://github.com/fmfi-compbio/plasgraph2-datasets/blob/06cdf1524a9d424b5eb97628be26b87f854d398a/eskapee-test/robertson-benchmark_saur-SAMN03255482-u.gfa.gz,06cdf1524a9d424b5eb97628be26b87f854d398a,LICENCE_NOT_DOCUMENTED,COMPLETE_FOR_ACCESSIONS;MISSING_STRAIN_BIOPROJECT_ASSEMBLY
robertson-benchmark_saur-SAMN03255482-s,robertson-benchmark_saur-SAMN03255482,SAMN03255482,eskapee-test,Staphylococcus aureus,NOT_IN_SOURCE_METADATA,SRR1955874,SRR1955875,NA,SAMN03255482,NOT_IN_SOURCE_METADATA,NOT_IN_SOURCE_METADATA,SKESA,eskapee-test/robertson-benchmark_saur-SAMN03255482-s.gfa.gz,YES,816577,eskapee-test/robertson-benchmark_saur-SAMN03255482-s.gfa.csv,YES,20062,contig|plasmid_score|chrom_score|label|length|chr_coverage|pl_coverage|un_coverage|hybrid_mapsto,plasmid;chromosome;ambiguous;unlabeled,NOT_PUBLISHED_IN_METADATA,IN_GFA: dp tag (Unicycler) / KC tag (SKESA),Robertson2018,https://github.com/fmfi-compbio/plasgraph2-datasets/blob/06cdf1524a9d424b5eb97628be26b87f854d398a/eskapee-test/robertson-benchmark_saur-SAMN03255482-s.gfa.gz,06cdf1524a9d424b5eb97628be26b87f854d398a,LICENCE_NOT_DOCUMENTED,COMPLETE_FOR_ACCESSIONS;MISSING_STRAIN_BIOPROJECT_ASSEMBLY
robertson-benchmark_saur-SAMN03255486-u,robertson-benchmark_saur-SAMN03255486,SAMN03255486,eskapee-test,Staphylococcus aureus,NOT_IN_SOURCE_METADATA,SRR1955924,SRR1955925,NA,SAMN03255486,NOT_IN_SOURCE_METADATA,NOT_IN_SOURCE_METADATA,Unicycler,eskapee-test/robertson-benchmark_saur-SAMN03255486-u.gfa.gz,YES,826133,eskapee-test/robertson-benchmark_saur-SAMN03255486-u.gfa.csv,YES,4177,contig|plasmid_score|chrom_score|label|length|chr_coverage|pl_coverage|un_coverage|hybrid_mapsto,plasmid;chromosome;ambiguous;unlabeled,NOT_PUBLISHED_IN_METADATA,IN_GFA: dp tag (Unicycler) / KC tag (SKESA),Robertson2018,https://github.com/fmfi-compbio/plasgraph2-datasets/blob/06cdf1524a9d424b5eb97628be26b87f854d398a/eskapee-test/robertson-benchmark_saur-SAMN03255486-u.gfa.gz,06cdf1524a9d424b5eb97628be26b87f854d398a,LICENCE_NOT_DOCUMENTED,COMPLETE_FOR_ACCESSIONS;MISSING_STRAIN_BIOPROJECT_ASSEMBLY
robertson-benchmark_saur-SAMN03255486-s,robertson-benchmark_saur-SAMN03255486,SAMN03255486,eskapee-test,Staphylococcus aureus,NOT_IN_SOURCE_METADATA,SRR1955924,SRR1955925,NA,SAMN03255486,NOT_IN_SOURCE_METADATA,NOT_IN_SOURCE_METADATA,SKESA,eskapee-test/robertson-benchmark_saur-SAMN03255486-s.gfa.gz,YES,829049,eskapee-test/robertson-benchmark_saur-SAMN03255486-s.gfa.csv,YES,8066,contig|plasmid_score|chrom_score|label|length|chr_coverage|pl_coverage|un_coverage|hybrid_mapsto,plasmid;chromosome;ambiguous;unlabeled,NOT_PUBLISHED_IN_METADATA,IN_GFA: dp tag (Unicycler) / KC tag (SKESA),Robertson2018,https://github.com/fmfi-compbio/plasgraph2-datasets/blob/06cdf1524a9d424b5eb97628be26b87f854d398a/eskapee-test/robertson-benchmark_saur-SAMN03255486-s.gfa.gz,06cdf1524a9d424b5eb97628be26b87f854d398a,LICENCE_NOT_DOCUMENTED,COMPLETE_FOR_ACCESSIONS;MISSING_STRAIN_BIOPROJECT_ASSEMBLY
robertson-benchmark_saur-SAMN03255487-u,robertson-benchmark_saur-SAMN03255487,SAMN03255487,eskapee-test,Staphylococcus aureus,NOT_IN_SOURCE_METADATA,SRR1955931,SRR1955930,NA,SAMN03255487,NOT_IN_SOURCE_METADATA,NOT_IN_SOURCE_METADATA,Unicycler,eskapee-test/robertson-benchmark_saur-SAMN03255487-u.gfa.gz,YES,817396,eskapee-test/robertson-benchmark_saur-SAMN03255487-u.gfa.csv,YES,3771,contig|plasmid_score|chrom_score|label|length|chr_coverage|pl_coverage|un_coverage|hybrid_mapsto,plasmid;chromosome;ambiguous;unlabeled,NOT_PUBLISHED_IN_METADATA,IN_GFA: dp tag (Unicycler) / KC tag (SKESA),Robertson2018,https://github.com/fmfi-compbio/plasgraph2-datasets/blob/06cdf1524a9d424b5eb97628be26b87f854d398a/eskapee-test/robertson-benchmark_saur-SAMN03255487-u.gfa.gz,06cdf1524a9d424b5eb97628be26b87f854d398a,LICENCE_NOT_DOCUMENTED,COMPLETE_FOR_ACCESSIONS;MISSING_STRAIN_BIOPROJECT_ASSEMBLY
robertson-benchmark_saur-SAMN03255487-s,robertson-benchmark_saur-SAMN03255487,SAMN03255487,eskapee-test,Staphylococcus aureus,NOT_IN_SOURCE_METADATA,SRR1955931,SRR1955930,NA,SAMN03255487,NOT_IN_SOURCE_METADATA,NOT_IN_SOURCE_METADATA,SKESA,eskapee-test/robertson-benchmark_saur-SAMN03255487-s.gfa.gz,YES,822984,eskapee-test/robertson-benchmark_saur-SAMN03255487-s.gfa.csv,YES,12921,contig|plasmid_score|chrom_score|label|length|chr_coverage|pl_coverage|un_coverage|hybrid_mapsto,plasmid;chromosome;ambiguous;unlabeled,NOT_PUBLISHED_IN_METADATA,IN_GFA: dp tag (Unicycler) / KC tag (SKESA),Robertson2018,https://github.com/fmfi-compbio/plasgraph2-datasets/blob/06cdf1524a9d424b5eb97628be26b87f854d398a/eskapee-test/robertson-benchmark_saur-SAMN03255487-s.gfa.gz,06cdf1524a9d424b5eb97628be26b87f854d398a,LICENCE_NOT_DOCUMENTED,COMPLETE_FOR_ACCESSIONS;MISSING_STRAIN_BIOPROJECT_ASSEMBLY
robertson-benchmark_saur-SAMN03996304-u,robertson-benchmark_saur-SAMN03996304,SAMN03996304,eskapee-test,Staphylococcus aureus,NOT_IN_SOURCE_METADATA,SRR2822404,SRR2822405,NA,SAMN03996304,NOT_IN_SOURCE_METADATA,NOT_IN_SOURCE_METADATA,Unicycler,eskapee-test/robertson-benchmark_saur-SAMN03996304-u.gfa.gz,YES,806766,eskapee-test/robertson-benchmark_saur-SAMN03996304-u.gfa.csv,YES,3081,contig|plasmid_score|chrom_score|label|length|chr_coverage|pl_coverage|un_coverage|hybrid_mapsto,plasmid;chromosome;ambiguous;unlabeled,NOT_PUBLISHED_IN_METADATA,IN_GFA: dp tag (Unicycler) / KC tag (SKESA),Robertson2018,https://github.com/fmfi-compbio/plasgraph2-datasets/blob/06cdf1524a9d424b5eb97628be26b87f854d398a/eskapee-test/robertson-benchmark_saur-SAMN03996304-u.gfa.gz,06cdf1524a9d424b5eb97628be26b87f854d398a,LICENCE_NOT_DOCUMENTED,COMPLETE_FOR_ACCESSIONS;MISSING_STRAIN_BIOPROJECT_ASSEMBLY
robertson-benchmark_saur-SAMN03996304-s,robertson-benchmark_saur-SAMN03996304,SAMN03996304,eskapee-test,Staphylococcus aureus,NOT_IN_SOURCE_METADATA,SRR2822404,SRR2822405,NA,SAMN03996304,NOT_IN_SOURCE_METADATA,NOT_IN_SOURCE_METADATA,SKESA,eskapee-test/robertson-benchmark_saur-SAMN03996304-s.gfa.gz,YES,808861,eskapee-test/robertson-benchmark_saur-SAMN03996304-s.gfa.csv,YES,7822,contig|plasmid_score|chrom_score|label|length|chr_coverage|pl_coverage|un_coverage|hybrid_mapsto,plasmid;chromosome;ambiguous;unlabeled,NOT_PUBLISHED_IN_METADATA,IN_GFA: dp tag (Unicycler) / KC tag (SKESA),Robertson2018,https://github.com/fmfi-compbio/plasgraph2-datasets/blob/06cdf1524a9d424b5eb97628be26b87f854d398a/eskapee-test/robertson-benchmark_saur-SAMN03996304-s.gfa.gz,06cdf1524a9d424b5eb97628be26b87f854d398a,LICENCE_NOT_DOCUMENTED,COMPLETE_FOR_ACCESSIONS;MISSING_STRAIN_BIOPROJECT_ASSEMBLY
robertson-benchmark_saur-SAMN07312456-u,robertson-benchmark_saur-SAMN07312456,SAMN07312456,eskapee-test,Staphylococcus aureus,NOT_IN_SOURCE_METADATA,SRR5878904,SRR5878905,NA,SAMN07312456,NOT_IN_SOURCE_METADATA,NOT_IN_SOURCE_METADATA,Unicycler,eskapee-test/robertson-benchmark_saur-SAMN07312456-u.gfa.gz,YES,787847,eskapee-test/robertson-benchmark_saur-SAMN07312456-u.gfa.csv,YES,2506,contig|plasmid_score|chrom_score|label|length|chr_coverage|pl_coverage|un_coverage|hybrid_mapsto,plasmid;chromosome;ambiguous;unlabeled,NOT_PUBLISHED_IN_METADATA,IN_GFA: dp tag (Unicycler) / KC tag (SKESA),Robertson2018,https://github.com/fmfi-compbio/plasgraph2-datasets/blob/06cdf1524a9d424b5eb97628be26b87f854d398a/eskapee-test/robertson-benchmark_saur-SAMN07312456-u.gfa.gz,06cdf1524a9d424b5eb97628be26b87f854d398a,LICENCE_NOT_DOCUMENTED,COMPLETE_FOR_ACCESSIONS;MISSING_STRAIN_BIOPROJECT_ASSEMBLY
robertson-benchmark_saur-SAMN07312456-s,robertson-benchmark_saur-SAMN07312456,SAMN07312456,eskapee-test,Staphylococcus aureus,NOT_IN_SOURCE_METADATA,SRR5878904,SRR5878905,NA,SAMN07312456,NOT_IN_SOURCE_METADATA,NOT_IN_SOURCE_METADATA,SKESA,eskapee-test/robertson-benchmark_saur-SAMN07312456-s.gfa.gz,YES,791656,eskapee-test/robertson-benchmark_saur-SAMN07312456-s.gfa.csv,YES,9289,contig|plasmid_score|chrom_score|label|length|chr_coverage|pl_coverage|un_coverage|hybrid_mapsto,plasmid;chromosome;ambiguous;unlabeled,NOT_PUBLISHED_IN_METADATA,IN_GFA: dp tag (Unicycler) / KC tag (SKESA),Robertson2018,https://github.com/fmfi-compbio/plasgraph2-datasets/blob/06cdf1524a9d424b5eb97628be26b87f854d398a/eskapee-test/robertson-benchmark_saur-SAMN07312456-s.gfa.gz,06cdf1524a9d424b5eb97628be26b87f854d398a,LICENCE_NOT_DOCUMENTED,COMPLETE_FOR_ACCESSIONS;MISSING_STRAIN_BIOPROJECT_ASSEMBLY
robertson-benchmark_saur-SAMN10163180-u,robertson-benchmark_saur-SAMN10163180,SAMN10163180,eskapee-test,Staphylococcus aureus,NOT_IN_SOURCE_METADATA,SRR8178101,SRR8178104,NA,SAMN10163180,NOT_IN_SOURCE_METADATA,NOT_IN_SOURCE_METADATA,Unicycler,eskapee-test/robertson-benchmark_saur-SAMN10163180-u.gfa.gz,YES,816993,eskapee-test/robertson-benchmark_saur-SAMN10163180-u.gfa.csv,YES,2770,contig|plasmid_score|chrom_score|label|length|chr_coverage|pl_coverage|un_coverage|hybrid_mapsto,plasmid;chromosome;ambiguous;unlabeled,NOT_PUBLISHED_IN_METADATA,IN_GFA: dp tag (Unicycler) / KC tag (SKESA),Robertson2018,https://github.com/fmfi-compbio/plasgraph2-datasets/blob/06cdf1524a9d424b5eb97628be26b87f854d398a/eskapee-test/robertson-benchmark_saur-SAMN10163180-u.gfa.gz,06cdf1524a9d424b5eb97628be26b87f854d398a,LICENCE_NOT_DOCUMENTED,COMPLETE_FOR_ACCESSIONS;MISSING_STRAIN_BIOPROJECT_ASSEMBLY
robertson-benchmark_saur-SAMN10163180-s,robertson-benchmark_saur-SAMN10163180,SAMN10163180,eskapee-test,Staphylococcus aureus,NOT_IN_SOURCE_METADATA,SRR8178101,SRR8178104,NA,SAMN10163180,NOT_IN_SOURCE_METADATA,NOT_IN_SOURCE_METADATA,SKESA,eskapee-test/robertson-benchmark_saur-SAMN10163180-s.gfa.gz,YES,821044,eskapee-test/robertson-benchmark_saur-SAMN10163180-s.gfa.csv,YES,7196,contig|plasmid_score|chrom_score|label|length|chr_coverage|pl_coverage|un_coverage|hybrid_mapsto,plasmid;chromosome;ambiguous;unlabeled,NOT_PUBLISHED_IN_METADATA,IN_GFA: dp tag (Unicycler) / KC tag (SKESA),Robertson2018,https://github.com/fmfi-compbio/plasgraph2-datasets/blob/06cdf1524a9d424b5eb97628be26b87f854d398a/eskapee-test/robertson-benchmark_saur-SAMN10163180-s.gfa.gz,06cdf1524a9d424b5eb97628be26b87f854d398a,LICENCE_NOT_DOCUMENTED,COMPLETE_FOR_ACCESSIONS;MISSING_STRAIN_BIOPROJECT_ASSEMBLY
robertson-benchmark_saur-SAMN11056375-u,robertson-benchmark_saur-SAMN11056375,SAMN11056375,eskapee-test,Staphylococcus aureus,NOT_IN_SOURCE_METADATA,SRR8984868,SRR8984867,NA,SAMN11056375,NOT_IN_SOURCE_METADATA,NOT_IN_SOURCE_METADATA,Unicycler,eskapee-test/robertson-benchmark_saur-SAMN11056375-u.gfa.gz,YES,809595,eskapee-test/robertson-benchmark_saur-SAMN11056375-u.gfa.csv,YES,4131,contig|plasmid_score|chrom_score|label|length|chr_coverage|pl_coverage|un_coverage|hybrid_mapsto,plasmid;chromosome;ambiguous;unlabeled,NOT_PUBLISHED_IN_METADATA,IN_GFA: dp tag (Unicycler) / KC tag (SKESA),Robertson2018,https://github.com/fmfi-compbio/plasgraph2-datasets/blob/06cdf1524a9d424b5eb97628be26b87f854d398a/eskapee-test/robertson-benchmark_saur-SAMN11056375-u.gfa.gz,06cdf1524a9d424b5eb97628be26b87f854d398a,LICENCE_NOT_DOCUMENTED,COMPLETE_FOR_ACCESSIONS;MISSING_STRAIN_BIOPROJECT_ASSEMBLY
robertson-benchmark_saur-SAMN11056375-s,robertson-benchmark_saur-SAMN11056375,SAMN11056375,eskapee-test,Staphylococcus aureus,NOT_IN_SOURCE_METADATA,SRR8984868,SRR8984867,NA,SAMN11056375,NOT_IN_SOURCE_METADATA,NOT_IN_SOURCE_METADATA,SKESA,eskapee-test/robertson-benchmark_saur-SAMN11056375-s.gfa.gz,YES,814437,eskapee-test/robertson-benchmark_saur-SAMN11056375-s.gfa.csv,YES,9181,contig|plasmid_score|chrom_score|label|length|chr_coverage|pl_coverage|un_coverage|hybrid_mapsto,plasmid;chromosome;ambiguous;unlabeled,NOT_PUBLISHED_IN_METADATA,IN_GFA: dp tag (Unicycler) / KC tag (SKESA),Robertson2018,https://github.com/fmfi-compbio/plasgraph2-datasets/blob/06cdf1524a9d424b5eb97628be26b87f854d398a/eskapee-test/robertson-benchmark_saur-SAMN11056375-s.gfa.gz,06cdf1524a9d424b5eb97628be26b87f854d398a,LICENCE_NOT_DOCUMENTED,COMPLETE_FOR_ACCESSIONS;MISSING_STRAIN_BIOPROJECT_ASSEMBLY
robertson-benchmark_saur-SAMN11056481-u,robertson-benchmark_saur-SAMN11056481,SAMN11056481,eskapee-test,Staphylococcus aureus,NOT_IN_SOURCE_METADATA,SRR9641507,SRR9641506,NA,SAMN11056481,NOT_IN_SOURCE_METADATA,NOT_IN_SOURCE_METADATA,Unicycler,eskapee-test/robertson-benchmark_saur-SAMN11056481-u.gfa.gz,YES,846201,eskapee-test/robertson-benchmark_saur-SAMN11056481-u.gfa.csv,YES,3978,contig|plasmid_score|chrom_score|label|length|chr_coverage|pl_coverage|un_coverage|hybrid_mapsto,plasmid;chromosome;ambiguous;unlabeled,NOT_PUBLISHED_IN_METADATA,IN_GFA: dp tag (Unicycler) / KC tag (SKESA),Robertson2018,https://github.com/fmfi-compbio/plasgraph2-datasets/blob/06cdf1524a9d424b5eb97628be26b87f854d398a/eskapee-test/robertson-benchmark_saur-SAMN11056481-u.gfa.gz,06cdf1524a9d424b5eb97628be26b87f854d398a,LICENCE_NOT_DOCUMENTED,COMPLETE_FOR_ACCESSIONS;MISSING_STRAIN_BIOPROJECT_ASSEMBLY
robertson-benchmark_saur-SAMN11056481-s,robertson-benchmark_saur-SAMN11056481,SAMN11056481,eskapee-test,Staphylococcus aureus,NOT_IN_SOURCE_METADATA,SRR9641507,SRR9641506,NA,SAMN11056481,NOT_IN_SOURCE_METADATA,NOT_IN_SOURCE_METADATA,SKESA,eskapee-test/robertson-benchmark_saur-SAMN11056481-s.gfa.gz,YES,851490,eskapee-test/robertson-benchmark_saur-SAMN11056481-s.gfa.csv,YES,11165,contig|plasmid_score|chrom_score|label|length|chr_coverage|pl_coverage|un_coverage|hybrid_mapsto,plasmid;chromosome;ambiguous;unlabeled,NOT_PUBLISHED_IN_METADATA,IN_GFA: dp tag (Unicycler) / KC tag (SKESA),Robertson2018,https://github.com/fmfi-compbio/plasgraph2-datasets/blob/06cdf1524a9d424b5eb97628be26b87f854d398a/eskapee-test/robertson-benchmark_saur-SAMN11056481-s.gfa.gz,06cdf1524a9d424b5eb97628be26b87f854d398a,LICENCE_NOT_DOCUMENTED,COMPLETE_FOR_ACCESSIONS;MISSING_STRAIN_BIOPROJECT_ASSEMBLY
robertson-benchmark_saur-SAMN11056488-u,robertson-benchmark_saur-SAMN11056488,SAMN11056488,eskapee-test,Staphylococcus aureus,NOT_IN_SOURCE_METADATA,SRR9641573,SRR9641572,NA,SAMN11056488,NOT_IN_SOURCE_METADATA,NOT_IN_SOURCE_METADATA,Unicycler,eskapee-test/robertson-benchmark_saur-SAMN11056488-u.gfa.gz,YES,790914,eskapee-test/robertson-benchmark_saur-SAMN11056488-u.gfa.csv,YES,2703,contig|plasmid_score|chrom_score|label|length|chr_coverage|pl_coverage|un_coverage|hybrid_mapsto,plasmid;chromosome;ambiguous;unlabeled,NOT_PUBLISHED_IN_METADATA,IN_GFA: dp tag (Unicycler) / KC tag (SKESA),Robertson2018,https://github.com/fmfi-compbio/plasgraph2-datasets/blob/06cdf1524a9d424b5eb97628be26b87f854d398a/eskapee-test/robertson-benchmark_saur-SAMN11056488-u.gfa.gz,06cdf1524a9d424b5eb97628be26b87f854d398a,LICENCE_NOT_DOCUMENTED,COMPLETE_FOR_ACCESSIONS;MISSING_STRAIN_BIOPROJECT_ASSEMBLY
robertson-benchmark_saur-SAMN11056488-s,robertson-benchmark_saur-SAMN11056488,SAMN11056488,eskapee-test,Staphylococcus aureus,NOT_IN_SOURCE_METADATA,SRR9641573,SRR9641572,NA,SAMN11056488,NOT_IN_SOURCE_METADATA,NOT_IN_SOURCE_METADATA,SKESA,eskapee-test/robertson-benchmark_saur-SAMN11056488-s.gfa.gz,YES,793638,eskapee-test/robertson-benchmark_saur-SAMN11056488-s.gfa.csv,YES,6949,contig|plasmid_score|chrom_score|label|length|chr_coverage|pl_coverage|un_coverage|hybrid_mapsto,plasmid;chromosome;ambiguous;unlabeled,NOT_PUBLISHED_IN_METADATA,IN_GFA: dp tag (Unicycler) / KC tag (SKESA),Robertson2018,https://github.com/fmfi-compbio/plasgraph2-datasets/blob/06cdf1524a9d424b5eb97628be26b87f854d398a/eskapee-test/robertson-benchmark_saur-SAMN11056488-s.gfa.gz,06cdf1524a9d424b5eb97628be26b87f854d398a,LICENCE_NOT_DOCUMENTED,COMPLETE_FOR_ACCESSIONS;MISSING_STRAIN_BIOPROJECT_ASSEMBLY
robertson-benchmark_saur-SAMN16357255-u,robertson-benchmark_saur-SAMN16357255,SAMN16357255,eskapee-test,Staphylococcus aureus,NOT_IN_SOURCE_METADATA,SRR12934882,SRR12934883,NA,SAMN16357255,NOT_IN_SOURCE_METADATA,NOT_IN_SOURCE_METADATA,Unicycler,eskapee-test/robertson-benchmark_saur-SAMN16357255-u.gfa.gz,YES,788166,eskapee-test/robertson-benchmark_saur-SAMN16357255-u.gfa.csv,YES,1892,contig|plasmid_score|chrom_score|label|length|chr_coverage|pl_coverage|un_coverage|hybrid_mapsto,plasmid;chromosome;ambiguous;unlabeled,NOT_PUBLISHED_IN_METADATA,IN_GFA: dp tag (Unicycler) / KC tag (SKESA),Robertson2018,https://github.com/fmfi-compbio/plasgraph2-datasets/blob/06cdf1524a9d424b5eb97628be26b87f854d398a/eskapee-test/robertson-benchmark_saur-SAMN16357255-u.gfa.gz,06cdf1524a9d424b5eb97628be26b87f854d398a,LICENCE_NOT_DOCUMENTED,COMPLETE_FOR_ACCESSIONS;MISSING_STRAIN_BIOPROJECT_ASSEMBLY
robertson-benchmark_saur-SAMN16357255-s,robertson-benchmark_saur-SAMN16357255,SAMN16357255,eskapee-test,Staphylococcus aureus,NOT_IN_SOURCE_METADATA,SRR12934882,SRR12934883,NA,SAMN16357255,NOT_IN_SOURCE_METADATA,NOT_IN_SOURCE_METADATA,SKESA,eskapee-test/robertson-benchmark_saur-SAMN16357255-s.gfa.gz,YES,793865,eskapee-test/robertson-benchmark_saur-SAMN16357255-s.gfa.csv,YES,8681,contig|plasmid_score|chrom_score|label|length|chr_coverage|pl_coverage|un_coverage|hybrid_mapsto,plasmid;chromosome;ambiguous;unlabeled,NOT_PUBLISHED_IN_METADATA,IN_GFA: dp tag (Unicycler) / KC tag (SKESA),Robertson2018,https://github.com/fmfi-compbio/plasgraph2-datasets/blob/06cdf1524a9d424b5eb97628be26b87f854d398a/eskapee-test/robertson-benchmark_saur-SAMN16357255-s.gfa.gz,06cdf1524a9d424b5eb97628be26b87f854d398a,LICENCE_NOT_DOCUMENTED,COMPLETE_FOR_ACCESSIONS;MISSING_STRAIN_BIOPROJECT_ASSEMBLY
robertson-benchmark_saur-SAMN16357387-u,robertson-benchmark_saur-SAMN16357387,SAMN16357387,eskapee-test,Staphylococcus aureus,NOT_IN_SOURCE_METADATA,SRR13182643,SRR13182642,NA,SAMN16357387,NOT_IN_SOURCE_METADATA,NOT_IN_SOURCE_METADATA,Unicycler,eskapee-test/robertson-benchmark_saur-SAMN16357387-u.gfa.gz,YES,821065,eskapee-test/robertson-benchmark_saur-SAMN16357387-u.gfa.csv,YES,2226,contig|plasmid_score|chrom_score|label|length|chr_coverage|pl_coverage|un_coverage|hybrid_mapsto,plasmid;chromosome;ambiguous;unlabeled,NOT_PUBLISHED_IN_METADATA,IN_GFA: dp tag (Unicycler) / KC tag (SKESA),Robertson2018,https://github.com/fmfi-compbio/plasgraph2-datasets/blob/06cdf1524a9d424b5eb97628be26b87f854d398a/eskapee-test/robertson-benchmark_saur-SAMN16357387-u.gfa.gz,06cdf1524a9d424b5eb97628be26b87f854d398a,LICENCE_NOT_DOCUMENTED,COMPLETE_FOR_ACCESSIONS;MISSING_STRAIN_BIOPROJECT_ASSEMBLY
robertson-benchmark_saur-SAMN16357387-s,robertson-benchmark_saur-SAMN16357387,SAMN16357387,eskapee-test,Staphylococcus aureus,NOT_IN_SOURCE_METADATA,SRR13182643,SRR13182642,NA,SAMN16357387,NOT_IN_SOURCE_METADATA,NOT_IN_SOURCE_METADATA,SKESA,eskapee-test/robertson-benchmark_saur-SAMN16357387-s.gfa.gz,YES,821463,eskapee-test/robertson-benchmark_saur-SAMN16357387-s.gfa.csv,YES,2579,contig|plasmid_score|chrom_score|label|length|chr_coverage|pl_coverage|un_coverage|hybrid_mapsto,plasmid;chromosome;ambiguous;unlabeled,NOT_PUBLISHED_IN_METADATA,IN_GFA: dp tag (Unicycler) / KC tag (SKESA),Robertson2018,https://github.com/fmfi-compbio/plasgraph2-datasets/blob/06cdf1524a9d424b5eb97628be26b87f854d398a/eskapee-test/robertson-benchmark_saur-SAMN16357387-s.gfa.gz,06cdf1524a9d424b5eb97628be26b87f854d398a,LICENCE_NOT_DOCUMENTED,COMPLETE_FOR_ACCESSIONS;MISSING_STRAIN_BIOPROJECT_ASSEMBLY
robertson-benchmark_saur-SAMN16357388-u,robertson-benchmark_saur-SAMN16357388,SAMN16357388,eskapee-test,Staphylococcus aureus,NOT_IN_SOURCE_METADATA,SRR13182647,SRR13182646,NA,SAMN16357388,NOT_IN_SOURCE_METADATA,NOT_IN_SOURCE_METADATA,Unicycler,eskapee-test/robertson-benchmark_saur-SAMN16357388-u.gfa.gz,YES,820765,eskapee-test/robertson-benchmark_saur-SAMN16357388-u.gfa.csv,YES,2255,contig|plasmid_score|chrom_score|label|length|chr_coverage|pl_coverage|un_coverage|hybrid_mapsto,plasmid;chromosome;ambiguous;unlabeled,NOT_PUBLISHED_IN_METADATA,IN_GFA: dp tag (Unicycler) / KC tag (SKESA),Robertson2018,https://github.com/fmfi-compbio/plasgraph2-datasets/blob/06cdf1524a9d424b5eb97628be26b87f854d398a/eskapee-test/robertson-benchmark_saur-SAMN16357388-u.gfa.gz,06cdf1524a9d424b5eb97628be26b87f854d398a,LICENCE_NOT_DOCUMENTED,COMPLETE_FOR_ACCESSIONS;MISSING_STRAIN_BIOPROJECT_ASSEMBLY
robertson-benchmark_saur-SAMN16357388-s,robertson-benchmark_saur-SAMN16357388,SAMN16357388,eskapee-test,Staphylococcus aureus,NOT_IN_SOURCE_METADATA,SRR13182647,SRR13182646,NA,SAMN16357388,NOT_IN_SOURCE_METADATA,NOT_IN_SOURCE_METADATA,SKESA,eskapee-test/robertson-benchmark_saur-SAMN16357388-s.gfa.gz,YES,823872,eskapee-test/robertson-benchmark_saur-SAMN16357388-s.gfa.csv,YES,6872,contig|plasmid_score|chrom_score|label|length|chr_coverage|pl_coverage|un_coverage|hybrid_mapsto,plasmid;chromosome;ambiguous;unlabeled,NOT_PUBLISHED_IN_METADATA,IN_GFA: dp tag (Unicycler) / KC tag (SKESA),Robertson2018,https://github.com/fmfi-compbio/plasgraph2-datasets/blob/06cdf1524a9d424b5eb97628be26b87f854d398a/eskapee-test/robertson-benchmark_saur-SAMN16357388-s.gfa.gz,06cdf1524a9d424b5eb97628be26b87f854d398a,LICENCE_NOT_DOCUMENTED,COMPLETE_FOR_ACCESSIONS;MISSING_STRAIN_BIOPROJECT_ASSEMBLY
boostrom_abau-SAMEA12292436-u,boostrom_abau-SAMEA12292436,SAMEA12292436,eskapee-train,Acinetobacter baumannii,NOT_IN_SOURCE_METADATA,NA,ERR8007744,nanopore,SAMEA12292436,NOT_IN_SOURCE_METADATA,NOT_IN_SOURCE_METADATA,Unicycler,eskapee-train/boostrom_abau-SAMEA12292436-u.gfa.gz,YES,1181267,eskapee-train/boostrom_abau-SAMEA12292436-u.gfa.csv,YES,10584,contig|plasmid_score|chrom_score|label|length|chr_coverage|pl_coverage|un_coverage|hybrid_mapsto,plasmid;chromosome;ambiguous;unlabeled,NOT_PUBLISHED_IN_METADATA,IN_GFA: dp tag (Unicycler) / KC tag (SKESA),Boostrom2022,https://github.com/fmfi-compbio/plasgraph2-datasets/blob/06cdf1524a9d424b5eb97628be26b87f854d398a/eskapee-train/boostrom_abau-SAMEA12292436-u.gfa.gz,06cdf1524a9d424b5eb97628be26b87f854d398a,LICENCE_NOT_DOCUMENTED,COMPLETE_FOR_ACCESSIONS;MISSING_STRAIN_BIOPROJECT_ASSEMBLY
boostrom_abau-SAMEA12292436-s,boostrom_abau-SAMEA12292436,SAMEA12292436,eskapee-train,Acinetobacter baumannii,NOT_IN_SOURCE_METADATA,NA,ERR8007744,nanopore,SAMEA12292436,NOT_IN_SOURCE_METADATA,NOT_IN_SOURCE_METADATA,SKESA,eskapee-train/boostrom_abau-SAMEA12292436-s.gfa.gz,YES,1340866,eskapee-train/boostrom_abau-SAMEA12292436-s.gfa.csv,YES,99040,contig|plasmid_score|chrom_score|label|length|chr_coverage|pl_coverage|un_coverage|hybrid_mapsto,plasmid;chromosome;ambiguous;unlabeled,NOT_PUBLISHED_IN_METADATA,IN_GFA: dp tag (Unicycler) / KC tag (SKESA),Boostrom2022,https://github.com/fmfi-compbio/plasgraph2-datasets/blob/06cdf1524a9d424b5eb97628be26b87f854d398a/eskapee-train/boostrom_abau-SAMEA12292436-s.gfa.gz,06cdf1524a9d424b5eb97628be26b87f854d398a,LICENCE_NOT_DOCUMENTED,COMPLETE_FOR_ACCESSIONS;MISSING_STRAIN_BIOPROJECT_ASSEMBLY
boostrom_abau-SAMEA12292492-u,boostrom_abau-SAMEA12292492,SAMEA12292492,eskapee-train,Acinetobacter baumannii,NOT_IN_SOURCE_METADATA,NA,ERR8007748,nanopore,SAMEA12292492,NOT_IN_SOURCE_METADATA,NOT_IN_SOURCE_METADATA,Unicycler,eskapee-train/boostrom_abau-SAMEA12292492-u.gfa.gz,YES,1126204,eskapee-train/boostrom_abau-SAMEA12292492-u.gfa.csv,YES,18957,contig|plasmid_score|chrom_score|label|length|chr_coverage|pl_coverage|un_coverage|hybrid_mapsto,plasmid;chromosome;ambiguous;unlabeled,NOT_PUBLISHED_IN_METADATA,IN_GFA: dp tag (Unicycler) / KC tag (SKESA),Boostrom2022,https://github.com/fmfi-compbio/plasgraph2-datasets/blob/06cdf1524a9d424b5eb97628be26b87f854d398a/eskapee-train/boostrom_abau-SAMEA12292492-u.gfa.gz,06cdf1524a9d424b5eb97628be26b87f854d398a,LICENCE_NOT_DOCUMENTED,COMPLETE_FOR_ACCESSIONS;MISSING_STRAIN_BIOPROJECT_ASSEMBLY
boostrom_abau-SAMEA12292492-s,boostrom_abau-SAMEA12292492,SAMEA12292492,eskapee-train,Acinetobacter baumannii,NOT_IN_SOURCE_METADATA,NA,ERR8007748,nanopore,SAMEA12292492,NOT_IN_SOURCE_METADATA,NOT_IN_SOURCE_METADATA,SKESA,eskapee-train/boostrom_abau-SAMEA12292492-s.gfa.gz,YES,1171494,eskapee-train/boostrom_abau-SAMEA12292492-s.gfa.csv,YES,63031,contig|plasmid_score|chrom_score|label|length|chr_coverage|pl_coverage|un_coverage|hybrid_mapsto,plasmid;chromosome;ambiguous;unlabeled,NOT_PUBLISHED_IN_METADATA,IN_GFA: dp tag (Unicycler) / KC tag (SKESA),Boostrom2022,https://github.com/fmfi-compbio/plasgraph2-datasets/blob/06cdf1524a9d424b5eb97628be26b87f854d398a/eskapee-train/boostrom_abau-SAMEA12292492-s.gfa.gz,06cdf1524a9d424b5eb97628be26b87f854d398a,LICENCE_NOT_DOCUMENTED,COMPLETE_FOR_ACCESSIONS;MISSING_STRAIN_BIOPROJECT_ASSEMBLY
boostrom_abau-SAMEA12292493-u,boostrom_abau-SAMEA12292493,SAMEA12292493,eskapee-train,Acinetobacter baumannii,NOT_IN_SOURCE_METADATA,NA,ERR8007749,nanopore,SAMEA12292493,NOT_IN_SOURCE_METADATA,NOT_IN_SOURCE_METADATA,Unicycler,eskapee-train/boostrom_abau-SAMEA12292493-u.gfa.gz,YES,1170506,eskapee-train/boostrom_abau-SAMEA12292493-u.gfa.csv,YES,12047,contig|plasmid_score|chrom_score|label|length|chr_coverage|pl_coverage|un_coverage|hybrid_mapsto,plasmid;chromosome;ambiguous;unlabeled,NOT_PUBLISHED_IN_METADATA,IN_GFA: dp tag (Unicycler) / KC tag (SKESA),Boostrom2022,https://github.com/fmfi-compbio/plasgraph2-datasets/blob/06cdf1524a9d424b5eb97628be26b87f854d398a/eskapee-train/boostrom_abau-SAMEA12292493-u.gfa.gz,06cdf1524a9d424b5eb97628be26b87f854d398a,LICENCE_NOT_DOCUMENTED,COMPLETE_FOR_ACCESSIONS;MISSING_STRAIN_BIOPROJECT_ASSEMBLY
boostrom_abau-SAMEA12292493-s,boostrom_abau-SAMEA12292493,SAMEA12292493,eskapee-train,Acinetobacter baumannii,NOT_IN_SOURCE_METADATA,NA,ERR8007749,nanopore,SAMEA12292493,NOT_IN_SOURCE_METADATA,NOT_IN_SOURCE_METADATA,SKESA,eskapee-train/boostrom_abau-SAMEA12292493-s.gfa.gz,YES,1195786,eskapee-train/boostrom_abau-SAMEA12292493-s.gfa.csv,YES,29582,contig|plasmid_score|chrom_score|label|length|chr_coverage|pl_coverage|un_coverage|hybrid_mapsto,plasmid;chromosome;ambiguous;unlabeled,NOT_PUBLISHED_IN_METADATA,IN_GFA: dp tag (Unicycler) / KC tag (SKESA),Boostrom2022,https://github.com/fmfi-compbio/plasgraph2-datasets/blob/06cdf1524a9d424b5eb97628be26b87f854d398a/eskapee-train/boostrom_abau-SAMEA12292493-s.gfa.gz,06cdf1524a9d424b5eb97628be26b87f854d398a,LICENCE_NOT_DOCUMENTED,COMPLETE_FOR_ACCESSIONS;MISSING_STRAIN_BIOPROJECT_ASSEMBLY
boostrom_abau-SAMEA12292496-u,boostrom_abau-SAMEA12292496,SAMEA12292496,eskapee-train,Acinetobacter baumannii,NOT_IN_SOURCE_METADATA,NA,ERR8007750,nanopore,SAMEA12292496,NOT_IN_SOURCE_METADATA,NOT_IN_SOURCE_METADATA,Unicycler,eskapee-train/boostrom_abau-SAMEA12292496-u.gfa.gz,YES,1250560,eskapee-train/boostrom_abau-SAMEA12292496-u.gfa.csv,YES,8672,contig|plasmid_score|chrom_score|label|length|chr_coverage|pl_coverage|un_coverage|hybrid_mapsto,plasmid;chromosome;ambiguous;unlabeled,NOT_PUBLISHED_IN_METADATA,IN_GFA: dp tag (Unicycler) / KC tag (SKESA),Boostrom2022,https://github.com/fmfi-compbio/plasgraph2-datasets/blob/06cdf1524a9d424b5eb97628be26b87f854d398a/eskapee-train/boostrom_abau-SAMEA12292496-u.gfa.gz,06cdf1524a9d424b5eb97628be26b87f854d398a,LICENCE_NOT_DOCUMENTED,COMPLETE_FOR_ACCESSIONS;MISSING_STRAIN_BIOPROJECT_ASSEMBLY
boostrom_abau-SAMEA12292496-s,boostrom_abau-SAMEA12292496,SAMEA12292496,eskapee-train,Acinetobacter baumannii,NOT_IN_SOURCE_METADATA,NA,ERR8007750,nanopore,SAMEA12292496,NOT_IN_SOURCE_METADATA,NOT_IN_SOURCE_METADATA,SKESA,eskapee-train/boostrom_abau-SAMEA12292496-s.gfa.gz,YES,1260702,eskapee-train/boostrom_abau-SAMEA12292496-s.gfa.csv,YES,18054,contig|plasmid_score|chrom_score|label|length|chr_coverage|pl_coverage|un_coverage|hybrid_mapsto,plasmid;chromosome;ambiguous;unlabeled,NOT_PUBLISHED_IN_METADATA,IN_GFA: dp tag (Unicycler) / KC tag (SKESA),Boostrom2022,https://github.com/fmfi-compbio/plasgraph2-datasets/blob/06cdf1524a9d424b5eb97628be26b87f854d398a/eskapee-train/boostrom_abau-SAMEA12292496-s.gfa.gz,06cdf1524a9d424b5eb97628be26b87f854d398a,LICENCE_NOT_DOCUMENTED,COMPLETE_FOR_ACCESSIONS;MISSING_STRAIN_BIOPROJECT_ASSEMBLY
boostrom_abau-SAMEA12292515-u,boostrom_abau-SAMEA12292515,SAMEA12292515,eskapee-train,Acinetobacter baumannii,NOT_IN_SOURCE_METADATA,NA,ERR8007753,nanopore,SAMEA12292515,NOT_IN_SOURCE_METADATA,NOT_IN_SOURCE_METADATA,Unicycler,eskapee-train/boostrom_abau-SAMEA12292515-u.gfa.gz,YES,1247045,eskapee-train/boostrom_abau-SAMEA12292515-u.gfa.csv,YES,10204,contig|plasmid_score|chrom_score|label|length|chr_coverage|pl_coverage|un_coverage|hybrid_mapsto,plasmid;chromosome;ambiguous;unlabeled,NOT_PUBLISHED_IN_METADATA,IN_GFA: dp tag (Unicycler) / KC tag (SKESA),Boostrom2022,https://github.com/fmfi-compbio/plasgraph2-datasets/blob/06cdf1524a9d424b5eb97628be26b87f854d398a/eskapee-train/boostrom_abau-SAMEA12292515-u.gfa.gz,06cdf1524a9d424b5eb97628be26b87f854d398a,LICENCE_NOT_DOCUMENTED,COMPLETE_FOR_ACCESSIONS;MISSING_STRAIN_BIOPROJECT_ASSEMBLY
boostrom_abau-SAMEA12292515-s,boostrom_abau-SAMEA12292515,SAMEA12292515,eskapee-train,Acinetobacter baumannii,NOT_IN_SOURCE_METADATA,NA,ERR8007753,nanopore,SAMEA12292515,NOT_IN_SOURCE_METADATA,NOT_IN_SOURCE_METADATA,SKESA,eskapee-train/boostrom_abau-SAMEA12292515-s.gfa.gz,YES,1276933,eskapee-train/boostrom_abau-SAMEA12292515-s.gfa.csv,YES,32052,contig|plasmid_score|chrom_score|label|length|chr_coverage|pl_coverage|un_coverage|hybrid_mapsto,plasmid;chromosome;ambiguous;unlabeled,NOT_PUBLISHED_IN_METADATA,IN_GFA: dp tag (Unicycler) / KC tag (SKESA),Boostrom2022,https://github.com/fmfi-compbio/plasgraph2-datasets/blob/06cdf1524a9d424b5eb97628be26b87f854d398a/eskapee-train/boostrom_abau-SAMEA12292515-s.gfa.gz,06cdf1524a9d424b5eb97628be26b87f854d398a,LICENCE_NOT_DOCUMENTED,COMPLETE_FOR_ACCESSIONS;MISSING_STRAIN_BIOPROJECT_ASSEMBLY
boostrom_abau-SAMEA12292546-u,boostrom_abau-SAMEA12292546,SAMEA12292546,eskapee-train,Acinetobacter baumannii,NOT_IN_SOURCE_METADATA,NA,ERR8007754,nanopore,SAMEA12292546,NOT_IN_SOURCE_METADATA,NOT_IN_SOURCE_METADATA,Unicycler,eskapee-train/boostrom_abau-SAMEA12292546-u.gfa.gz,YES,1130261,eskapee-train/boostrom_abau-SAMEA12292546-u.gfa.csv,YES,8485,contig|plasmid_score|chrom_score|label|length|chr_coverage|pl_coverage|un_coverage|hybrid_mapsto,plasmid;chromosome;ambiguous;unlabeled,NOT_PUBLISHED_IN_METADATA,IN_GFA: dp tag (Unicycler) / KC tag (SKESA),Boostrom2022,https://github.com/fmfi-compbio/plasgraph2-datasets/blob/06cdf1524a9d424b5eb97628be26b87f854d398a/eskapee-train/boostrom_abau-SAMEA12292546-u.gfa.gz,06cdf1524a9d424b5eb97628be26b87f854d398a,LICENCE_NOT_DOCUMENTED,COMPLETE_FOR_ACCESSIONS;MISSING_STRAIN_BIOPROJECT_ASSEMBLY
boostrom_abau-SAMEA12292546-s,boostrom_abau-SAMEA12292546,SAMEA12292546,eskapee-train,Acinetobacter baumannii,NOT_IN_SOURCE_METADATA,NA,ERR8007754,nanopore,SAMEA12292546,NOT_IN_SOURCE_METADATA,NOT_IN_SOURCE_METADATA,SKESA,eskapee-train/boostrom_abau-SAMEA12292546-s.gfa.gz,YES,1139931,eskapee-train/boostrom_abau-SAMEA12292546-s.gfa.csv,YES,18158,contig|plasmid_score|chrom_score|label|length|chr_coverage|pl_coverage|un_coverage|hybrid_mapsto,plasmid;chromosome;ambiguous;unlabeled,NOT_PUBLISHED_IN_METADATA,IN_GFA: dp tag (Unicycler) / KC tag (SKESA),Boostrom2022,https://github.com/fmfi-compbio/plasgraph2-datasets/blob/06cdf1524a9d424b5eb97628be26b87f854d398a/eskapee-train/boostrom_abau-SAMEA12292546-s.gfa.gz,06cdf1524a9d424b5eb97628be26b87f854d398a,LICENCE_NOT_DOCUMENTED,COMPLETE_FOR_ACCESSIONS;MISSING_STRAIN_BIOPROJECT_ASSEMBLY
boostrom_paer-SAMEA12292472-u,boostrom_paer-SAMEA12292472,SAMEA12292472,eskapee-train,Pseudomonas aeruginosa,NOT_IN_SOURCE_METADATA,NA,ERR8007874,nanopore,SAMEA12292472,NOT_IN_SOURCE_METADATA,NOT_IN_SOURCE_METADATA,Unicycler,eskapee-train/boostrom_paer-SAMEA12292472-u.gfa.gz,YES,2035209,eskapee-train/boostrom_paer-SAMEA12292472-u.gfa.csv,YES,13462,contig|plasmid_score|chrom_score|label|length|chr_coverage|pl_coverage|un_coverage|hybrid_mapsto,plasmid;chromosome;ambiguous;unlabeled,NOT_PUBLISHED_IN_METADATA,IN_GFA: dp tag (Unicycler) / KC tag (SKESA),Boostrom2022,https://github.com/fmfi-compbio/plasgraph2-datasets/blob/06cdf1524a9d424b5eb97628be26b87f854d398a/eskapee-train/boostrom_paer-SAMEA12292472-u.gfa.gz,06cdf1524a9d424b5eb97628be26b87f854d398a,LICENCE_NOT_DOCUMENTED,COMPLETE_FOR_ACCESSIONS;MISSING_STRAIN_BIOPROJECT_ASSEMBLY
boostrom_paer-SAMEA12292472-s,boostrom_paer-SAMEA12292472,SAMEA12292472,eskapee-train,Pseudomonas aeruginosa,NOT_IN_SOURCE_METADATA,NA,ERR8007874,nanopore,SAMEA12292472,NOT_IN_SOURCE_METADATA,NOT_IN_SOURCE_METADATA,SKESA,eskapee-train/boostrom_paer-SAMEA12292472-s.gfa.gz,YES,2048430,eskapee-train/boostrom_paer-SAMEA12292472-s.gfa.csv,YES,21599,contig|plasmid_score|chrom_score|label|length|chr_coverage|pl_coverage|un_coverage|hybrid_mapsto,plasmid;chromosome;ambiguous;unlabeled,NOT_PUBLISHED_IN_METADATA,IN_GFA: dp tag (Unicycler) / KC tag (SKESA),Boostrom2022,https://github.com/fmfi-compbio/plasgraph2-datasets/blob/06cdf1524a9d424b5eb97628be26b87f854d398a/eskapee-train/boostrom_paer-SAMEA12292472-s.gfa.gz,06cdf1524a9d424b5eb97628be26b87f854d398a,LICENCE_NOT_DOCUMENTED,COMPLETE_FOR_ACCESSIONS;MISSING_STRAIN_BIOPROJECT_ASSEMBLY
boostrom_paer-SAMEA12292473-u,boostrom_paer-SAMEA12292473,SAMEA12292473,eskapee-train,Pseudomonas aeruginosa,NOT_IN_SOURCE_METADATA,NA,ERR8007875,nanopore,SAMEA12292473,NOT_IN_SOURCE_METADATA,NOT_IN_SOURCE_METADATA,Unicycler,eskapee-train/boostrom_paer-SAMEA12292473-u.gfa.gz,YES,1838119,eskapee-train/boostrom_paer-SAMEA12292473-u.gfa.csv,YES,8707,contig|plasmid_score|chrom_score|label|length|chr_coverage|pl_coverage|un_coverage|hybrid_mapsto,plasmid;chromosome;ambiguous;unlabeled,NOT_PUBLISHED_IN_METADATA,IN_GFA: dp tag (Unicycler) / KC tag (SKESA),Boostrom2022,https://github.com/fmfi-compbio/plasgraph2-datasets/blob/06cdf1524a9d424b5eb97628be26b87f854d398a/eskapee-train/boostrom_paer-SAMEA12292473-u.gfa.gz,06cdf1524a9d424b5eb97628be26b87f854d398a,LICENCE_NOT_DOCUMENTED,COMPLETE_FOR_ACCESSIONS;MISSING_STRAIN_BIOPROJECT_ASSEMBLY
boostrom_paer-SAMEA12292473-s,boostrom_paer-SAMEA12292473,SAMEA12292473,eskapee-train,Pseudomonas aeruginosa,NOT_IN_SOURCE_METADATA,NA,ERR8007875,nanopore,SAMEA12292473,NOT_IN_SOURCE_METADATA,NOT_IN_SOURCE_METADATA,SKESA,eskapee-train/boostrom_paer-SAMEA12292473-s.gfa.gz,YES,1844502,eskapee-train/boostrom_paer-SAMEA12292473-s.gfa.csv,YES,11696,contig|plasmid_score|chrom_score|label|length|chr_coverage|pl_coverage|un_coverage|hybrid_mapsto,plasmid;chromosome;ambiguous;unlabeled,NOT_PUBLISHED_IN_METADATA,IN_GFA: dp tag (Unicycler) / KC tag (SKESA),Boostrom2022,https://github.com/fmfi-compbio/plasgraph2-datasets/blob/06cdf1524a9d424b5eb97628be26b87f854d398a/eskapee-train/boostrom_paer-SAMEA12292473-s.gfa.gz,06cdf1524a9d424b5eb97628be26b87f854d398a,LICENCE_NOT_DOCUMENTED,COMPLETE_FOR_ACCESSIONS;MISSING_STRAIN_BIOPROJECT_ASSEMBLY
boostrom_paer-SAMEA12292475-u,boostrom_paer-SAMEA12292475,SAMEA12292475,eskapee-train,Pseudomonas aeruginosa,NOT_IN_SOURCE_METADATA,NA,ERR8007877,nanopore,SAMEA12292475,NOT_IN_SOURCE_METADATA,NOT_IN_SOURCE_METADATA,Unicycler,eskapee-train/boostrom_paer-SAMEA12292475-u.gfa.gz,YES,1983922,eskapee-train/boostrom_paer-SAMEA12292475-u.gfa.csv,YES,13797,contig|plasmid_score|chrom_score|label|length|chr_coverage|pl_coverage|un_coverage|hybrid_mapsto,plasmid;chromosome;ambiguous;unlabeled,NOT_PUBLISHED_IN_METADATA,IN_GFA: dp tag (Unicycler) / KC tag (SKESA),Boostrom2022,https://github.com/fmfi-compbio/plasgraph2-datasets/blob/06cdf1524a9d424b5eb97628be26b87f854d398a/eskapee-train/boostrom_paer-SAMEA12292475-u.gfa.gz,06cdf1524a9d424b5eb97628be26b87f854d398a,LICENCE_NOT_DOCUMENTED,COMPLETE_FOR_ACCESSIONS;MISSING_STRAIN_BIOPROJECT_ASSEMBLY
boostrom_paer-SAMEA12292475-s,boostrom_paer-SAMEA12292475,SAMEA12292475,eskapee-train,Pseudomonas aeruginosa,NOT_IN_SOURCE_METADATA,NA,ERR8007877,nanopore,SAMEA12292475,NOT_IN_SOURCE_METADATA,NOT_IN_SOURCE_METADATA,SKESA,eskapee-train/boostrom_paer-SAMEA12292475-s.gfa.gz,YES,2004139,eskapee-train/boostrom_paer-SAMEA12292475-s.gfa.csv,YES,18442,contig|plasmid_score|chrom_score|label|length|chr_coverage|pl_coverage|un_coverage|hybrid_mapsto,plasmid;chromosome;ambiguous;unlabeled,NOT_PUBLISHED_IN_METADATA,IN_GFA: dp tag (Unicycler) / KC tag (SKESA),Boostrom2022,https://github.com/fmfi-compbio/plasgraph2-datasets/blob/06cdf1524a9d424b5eb97628be26b87f854d398a/eskapee-train/boostrom_paer-SAMEA12292475-s.gfa.gz,06cdf1524a9d424b5eb97628be26b87f854d398a,LICENCE_NOT_DOCUMENTED,COMPLETE_FOR_ACCESSIONS;MISSING_STRAIN_BIOPROJECT_ASSEMBLY
boostrom_paer-SAMEA12292477-u,boostrom_paer-SAMEA12292477,SAMEA12292477,eskapee-train,Pseudomonas aeruginosa,NOT_IN_SOURCE_METADATA,NA,ERR8007879,nanopore,SAMEA12292477,NOT_IN_SOURCE_METADATA,NOT_IN_SOURCE_METADATA,Unicycler,eskapee-train/boostrom_paer-SAMEA12292477-u.gfa.gz,YES,2010598,eskapee-train/boostrom_paer-SAMEA12292477-u.gfa.csv,YES,11120,contig|plasmid_score|chrom_score|label|length|chr_coverage|pl_coverage|un_coverage|hybrid_mapsto,plasmid;chromosome;ambiguous;unlabeled,NOT_PUBLISHED_IN_METADATA,IN_GFA: dp tag (Unicycler) / KC tag (SKESA),Boostrom2022,https://github.com/fmfi-compbio/plasgraph2-datasets/blob/06cdf1524a9d424b5eb97628be26b87f854d398a/eskapee-train/boostrom_paer-SAMEA12292477-u.gfa.gz,06cdf1524a9d424b5eb97628be26b87f854d398a,LICENCE_NOT_DOCUMENTED,COMPLETE_FOR_ACCESSIONS;MISSING_STRAIN_BIOPROJECT_ASSEMBLY
boostrom_paer-SAMEA12292477-s,boostrom_paer-SAMEA12292477,SAMEA12292477,eskapee-train,Pseudomonas aeruginosa,NOT_IN_SOURCE_METADATA,NA,ERR8007879,nanopore,SAMEA12292477,NOT_IN_SOURCE_METADATA,NOT_IN_SOURCE_METADATA,SKESA,eskapee-train/boostrom_paer-SAMEA12292477-s.gfa.gz,YES,2025797,eskapee-train/boostrom_paer-SAMEA12292477-s.gfa.csv,YES,28598,contig|plasmid_score|chrom_score|label|length|chr_coverage|pl_coverage|un_coverage|hybrid_mapsto,plasmid;chromosome;ambiguous;unlabeled,NOT_PUBLISHED_IN_METADATA,IN_GFA: dp tag (Unicycler) / KC tag (SKESA),Boostrom2022,https://github.com/fmfi-compbio/plasgraph2-datasets/blob/06cdf1524a9d424b5eb97628be26b87f854d398a/eskapee-train/boostrom_paer-SAMEA12292477-s.gfa.gz,06cdf1524a9d424b5eb97628be26b87f854d398a,LICENCE_NOT_DOCUMENTED,COMPLETE_FOR_ACCESSIONS;MISSING_STRAIN_BIOPROJECT_ASSEMBLY
boostrom_paer-SAMEA12292478-u,boostrom_paer-SAMEA12292478,SAMEA12292478,eskapee-train,Pseudomonas aeruginosa,NOT_IN_SOURCE_METADATA,NA,ERR8007880,nanopore,SAMEA12292478,NOT_IN_SOURCE_METADATA,NOT_IN_SOURCE_METADATA,Unicycler,eskapee-train/boostrom_paer-SAMEA12292478-u.gfa.gz,YES,1889259,eskapee-train/boostrom_paer-SAMEA12292478-u.gfa.csv,YES,11285,contig|plasmid_score|chrom_score|label|length|chr_coverage|pl_coverage|un_coverage|hybrid_mapsto,plasmid;chromosome;ambiguous;unlabeled,NOT_PUBLISHED_IN_METADATA,IN_GFA: dp tag (Unicycler) / KC tag (SKESA),Boostrom2022,https://github.com/fmfi-compbio/plasgraph2-datasets/blob/06cdf1524a9d424b5eb97628be26b87f854d398a/eskapee-train/boostrom_paer-SAMEA12292478-u.gfa.gz,06cdf1524a9d424b5eb97628be26b87f854d398a,LICENCE_NOT_DOCUMENTED,COMPLETE_FOR_ACCESSIONS;MISSING_STRAIN_BIOPROJECT_ASSEMBLY
boostrom_paer-SAMEA12292478-s,boostrom_paer-SAMEA12292478,SAMEA12292478,eskapee-train,Pseudomonas aeruginosa,NOT_IN_SOURCE_METADATA,NA,ERR8007880,nanopore,SAMEA12292478,NOT_IN_SOURCE_METADATA,NOT_IN_SOURCE_METADATA,SKESA,eskapee-train/boostrom_paer-SAMEA12292478-s.gfa.gz,YES,1908825,eskapee-train/boostrom_paer-SAMEA12292478-s.gfa.csv,YES,21790,contig|plasmid_score|chrom_score|label|length|chr_coverage|pl_coverage|un_coverage|hybrid_mapsto,plasmid;chromosome;ambiguous;unlabeled,NOT_PUBLISHED_IN_METADATA,IN_GFA: dp tag (Unicycler) / KC tag (SKESA),Boostrom2022,https://github.com/fmfi-compbio/plasgraph2-datasets/blob/06cdf1524a9d424b5eb97628be26b87f854d398a/eskapee-train/boostrom_paer-SAMEA12292478-s.gfa.gz,06cdf1524a9d424b5eb97628be26b87f854d398a,LICENCE_NOT_DOCUMENTED,COMPLETE_FOR_ACCESSIONS;MISSING_STRAIN_BIOPROJECT_ASSEMBLY
boostrom_paer-SAMEA12292479-u,boostrom_paer-SAMEA12292479,SAMEA12292479,eskapee-train,Pseudomonas aeruginosa,NOT_IN_SOURCE_METADATA,NA,ERR8007881,nanopore,SAMEA12292479,NOT_IN_SOURCE_METADATA,NOT_IN_SOURCE_METADATA,Unicycler,eskapee-train/boostrom_paer-SAMEA12292479-u.gfa.gz,YES,1993787,eskapee-train/boostrom_paer-SAMEA12292479-u.gfa.csv,YES,15419,contig|plasmid_score|chrom_score|label|length|chr_coverage|pl_coverage|un_coverage|hybrid_mapsto,plasmid;chromosome;ambiguous;unlabeled,NOT_PUBLISHED_IN_METADATA,IN_GFA: dp tag (Unicycler) / KC tag (SKESA),Boostrom2022,https://github.com/fmfi-compbio/plasgraph2-datasets/blob/06cdf1524a9d424b5eb97628be26b87f854d398a/eskapee-train/boostrom_paer-SAMEA12292479-u.gfa.gz,06cdf1524a9d424b5eb97628be26b87f854d398a,LICENCE_NOT_DOCUMENTED,COMPLETE_FOR_ACCESSIONS;MISSING_STRAIN_BIOPROJECT_ASSEMBLY
boostrom_paer-SAMEA12292479-s,boostrom_paer-SAMEA12292479,SAMEA12292479,eskapee-train,Pseudomonas aeruginosa,NOT_IN_SOURCE_METADATA,NA,ERR8007881,nanopore,SAMEA12292479,NOT_IN_SOURCE_METADATA,NOT_IN_SOURCE_METADATA,SKESA,eskapee-train/boostrom_paer-SAMEA12292479-s.gfa.gz,YES,2000920,eskapee-train/boostrom_paer-SAMEA12292479-s.gfa.csv,YES,39265,contig|plasmid_score|chrom_score|label|length|chr_coverage|pl_coverage|un_coverage|hybrid_mapsto,plasmid;chromosome;ambiguous;unlabeled,NOT_PUBLISHED_IN_METADATA,IN_GFA: dp tag (Unicycler) / KC tag (SKESA),Boostrom2022,https://github.com/fmfi-compbio/plasgraph2-datasets/blob/06cdf1524a9d424b5eb97628be26b87f854d398a/eskapee-train/boostrom_paer-SAMEA12292479-s.gfa.gz,06cdf1524a9d424b5eb97628be26b87f854d398a,LICENCE_NOT_DOCUMENTED,COMPLETE_FOR_ACCESSIONS;MISSING_STRAIN_BIOPROJECT_ASSEMBLY
boostrom_paer-SAMEA12292490-u,boostrom_paer-SAMEA12292490,SAMEA12292490,eskapee-train,Pseudomonas aeruginosa,NOT_IN_SOURCE_METADATA,NA,ERR8007892,nanopore,SAMEA12292490,NOT_IN_SOURCE_METADATA,NOT_IN_SOURCE_METADATA,Unicycler,eskapee-train/boostrom_paer-SAMEA12292490-u.gfa.gz,YES,1990604,eskapee-train/boostrom_paer-SAMEA12292490-u.gfa.csv,YES,11219,contig|plasmid_score|chrom_score|label|length|chr_coverage|pl_coverage|un_coverage|hybrid_mapsto,plasmid;chromosome;ambiguous;unlabeled,NOT_PUBLISHED_IN_METADATA,IN_GFA: dp tag (Unicycler) / KC tag (SKESA),Boostrom2022,https://github.com/fmfi-compbio/plasgraph2-datasets/blob/06cdf1524a9d424b5eb97628be26b87f854d398a/eskapee-train/boostrom_paer-SAMEA12292490-u.gfa.gz,06cdf1524a9d424b5eb97628be26b87f854d398a,LICENCE_NOT_DOCUMENTED,COMPLETE_FOR_ACCESSIONS;MISSING_STRAIN_BIOPROJECT_ASSEMBLY
boostrom_paer-SAMEA12292490-s,boostrom_paer-SAMEA12292490,SAMEA12292490,eskapee-train,Pseudomonas aeruginosa,NOT_IN_SOURCE_METADATA,NA,ERR8007892,nanopore,SAMEA12292490,NOT_IN_SOURCE_METADATA,NOT_IN_SOURCE_METADATA,SKESA,eskapee-train/boostrom_paer-SAMEA12292490-s.gfa.gz,YES,2000907,eskapee-train/boostrom_paer-SAMEA12292490-s.gfa.csv,YES,25093,contig|plasmid_score|chrom_score|label|length|chr_coverage|pl_coverage|un_coverage|hybrid_mapsto,plasmid;chromosome;ambiguous;unlabeled,NOT_PUBLISHED_IN_METADATA,IN_GFA: dp tag (Unicycler) / KC tag (SKESA),Boostrom2022,https://github.com/fmfi-compbio/plasgraph2-datasets/blob/06cdf1524a9d424b5eb97628be26b87f854d398a/eskapee-train/boostrom_paer-SAMEA12292490-s.gfa.gz,06cdf1524a9d424b5eb97628be26b87f854d398a,LICENCE_NOT_DOCUMENTED,COMPLETE_FOR_ACCESSIONS;MISSING_STRAIN_BIOPROJECT_ASSEMBLY
boostrom_saur-SAMEA12292583-u,boostrom_saur-SAMEA12292583,SAMEA12292583,eskapee-train,Staphylococcus aureus,NOT_IN_SOURCE_METADATA,NA,ERR8007911,nanopore,SAMEA12292583,NOT_IN_SOURCE_METADATA,NOT_IN_SOURCE_METADATA,Unicycler,eskapee-train/boostrom_saur-SAMEA12292583-u.gfa.gz,YES,827906,eskapee-train/boostrom_saur-SAMEA12292583-u.gfa.csv,YES,5426,contig|plasmid_score|chrom_score|label|length|chr_coverage|pl_coverage|un_coverage|hybrid_mapsto,plasmid;chromosome;ambiguous;unlabeled,NOT_PUBLISHED_IN_METADATA,IN_GFA: dp tag (Unicycler) / KC tag (SKESA),Boostrom2022,https://github.com/fmfi-compbio/plasgraph2-datasets/blob/06cdf1524a9d424b5eb97628be26b87f854d398a/eskapee-train/boostrom_saur-SAMEA12292583-u.gfa.gz,06cdf1524a9d424b5eb97628be26b87f854d398a,LICENCE_NOT_DOCUMENTED,COMPLETE_FOR_ACCESSIONS;MISSING_STRAIN_BIOPROJECT_ASSEMBLY
boostrom_saur-SAMEA12292583-s,boostrom_saur-SAMEA12292583,SAMEA12292583,eskapee-train,Staphylococcus aureus,NOT_IN_SOURCE_METADATA,NA,ERR8007911,nanopore,SAMEA12292583,NOT_IN_SOURCE_METADATA,NOT_IN_SOURCE_METADATA,SKESA,eskapee-train/boostrom_saur-SAMEA12292583-s.gfa.gz,YES,835387,eskapee-train/boostrom_saur-SAMEA12292583-s.gfa.csv,YES,11175,contig|plasmid_score|chrom_score|label|length|chr_coverage|pl_coverage|un_coverage|hybrid_mapsto,plasmid;chromosome;ambiguous;unlabeled,NOT_PUBLISHED_IN_METADATA,IN_GFA: dp tag (Unicycler) / KC tag (SKESA),Boostrom2022,https://github.com/fmfi-compbio/plasgraph2-datasets/blob/06cdf1524a9d424b5eb97628be26b87f854d398a/eskapee-train/boostrom_saur-SAMEA12292583-s.gfa.gz,06cdf1524a9d424b5eb97628be26b87f854d398a,LICENCE_NOT_DOCUMENTED,COMPLETE_FOR_ACCESSIONS;MISSING_STRAIN_BIOPROJECT_ASSEMBLY
mlplasmids_efae-E0139-u,mlplasmids_efae-E0139,E0139,eskapee-train,Enterococcus faecium,NOT_IN_SOURCE_METADATA,ERR2778306,NA,nanopore,NOT_DETERMINED,NOT_IN_SOURCE_METADATA,NOT_IN_SOURCE_METADATA,Unicycler,eskapee-train/mlplasmids_efae-E0139-u.gfa.gz,YES,735606,eskapee-train/mlplasmids_efae-E0139-u.gfa.csv,YES,5549,contig|plasmid_score|chrom_score|label|length|chr_coverage|pl_coverage|un_coverage|hybrid_mapsto,plasmid;chromosome;ambiguous;unlabeled,NOT_PUBLISHED_IN_METADATA,IN_GFA: dp tag (Unicycler) / KC tag (SKESA),ArredondoAlonso2018,https://github.com/fmfi-compbio/plasgraph2-datasets/blob/06cdf1524a9d424b5eb97628be26b87f854d398a/eskapee-train/mlplasmids_efae-E0139-u.gfa.gz,06cdf1524a9d424b5eb97628be26b87f854d398a,LICENCE_NOT_DOCUMENTED,COMPLETE_FOR_ACCESSIONS;MISSING_STRAIN_BIOPROJECT_ASSEMBLY
mlplasmids_efae-E0139-s,mlplasmids_efae-E0139,E0139,eskapee-train,Enterococcus faecium,NOT_IN_SOURCE_METADATA,ERR2778306,NA,nanopore,NOT_DETERMINED,NOT_IN_SOURCE_METADATA,NOT_IN_SOURCE_METADATA,SKESA,eskapee-train/mlplasmids_efae-E0139-s.gfa.gz,YES,742328,eskapee-train/mlplasmids_efae-E0139-s.gfa.csv,YES,13448,contig|plasmid_score|chrom_score|label|length|chr_coverage|pl_coverage|un_coverage|hybrid_mapsto,plasmid;chromosome;ambiguous;unlabeled,NOT_PUBLISHED_IN_METADATA,IN_GFA: dp tag (Unicycler) / KC tag (SKESA),ArredondoAlonso2018,https://github.com/fmfi-compbio/plasgraph2-datasets/blob/06cdf1524a9d424b5eb97628be26b87f854d398a/eskapee-train/mlplasmids_efae-E0139-s.gfa.gz,06cdf1524a9d424b5eb97628be26b87f854d398a,LICENCE_NOT_DOCUMENTED,COMPLETE_FOR_ACCESSIONS;MISSING_STRAIN_BIOPROJECT_ASSEMBLY
mlplasmids_efae-E4227-u,mlplasmids_efae-E4227,E4227,eskapee-train,Enterococcus faecium,NOT_IN_SOURCE_METADATA,ERR2779600,NA,nanopore,NOT_DETERMINED,NOT_IN_SOURCE_METADATA,NOT_IN_SOURCE_METADATA,Unicycler,eskapee-train/mlplasmids_efae-E4227-u.gfa.gz,YES,722834,eskapee-train/mlplasmids_efae-E4227-u.gfa.csv,YES,10131,contig|plasmid_score|chrom_score|label|length|chr_coverage|pl_coverage|un_coverage|hybrid_mapsto,plasmid;chromosome;ambiguous;unlabeled,NOT_PUBLISHED_IN_METADATA,IN_GFA: dp tag (Unicycler) / KC tag (SKESA),ArredondoAlonso2018,https://github.com/fmfi-compbio/plasgraph2-datasets/blob/06cdf1524a9d424b5eb97628be26b87f854d398a/eskapee-train/mlplasmids_efae-E4227-u.gfa.gz,06cdf1524a9d424b5eb97628be26b87f854d398a,LICENCE_NOT_DOCUMENTED,COMPLETE_FOR_ACCESSIONS;MISSING_STRAIN_BIOPROJECT_ASSEMBLY
mlplasmids_efae-E4227-s,mlplasmids_efae-E4227,E4227,eskapee-train,Enterococcus faecium,NOT_IN_SOURCE_METADATA,ERR2779600,NA,nanopore,NOT_DETERMINED,NOT_IN_SOURCE_METADATA,NOT_IN_SOURCE_METADATA,SKESA,eskapee-train/mlplasmids_efae-E4227-s.gfa.gz,YES,732669,eskapee-train/mlplasmids_efae-E4227-s.gfa.csv,YES,23507,contig|plasmid_score|chrom_score|label|length|chr_coverage|pl_coverage|un_coverage|hybrid_mapsto,plasmid;chromosome;ambiguous;unlabeled,NOT_PUBLISHED_IN_METADATA,IN_GFA: dp tag (Unicycler) / KC tag (SKESA),ArredondoAlonso2018,https://github.com/fmfi-compbio/plasgraph2-datasets/blob/06cdf1524a9d424b5eb97628be26b87f854d398a/eskapee-train/mlplasmids_efae-E4227-s.gfa.gz,06cdf1524a9d424b5eb97628be26b87f854d398a,LICENCE_NOT_DOCUMENTED,COMPLETE_FOR_ACCESSIONS;MISSING_STRAIN_BIOPROJECT_ASSEMBLY
mlplasmids_efae-E4438-u,mlplasmids_efae-E4438,E4438,eskapee-train,Enterococcus faecium,NOT_IN_SOURCE_METADATA,ERR2779515,NA,nanopore,NOT_DETERMINED,NOT_IN_SOURCE_METADATA,NOT_IN_SOURCE_METADATA,Unicycler,eskapee-train/mlplasmids_efae-E4438-u.gfa.gz,YES,831938,eskapee-train/mlplasmids_efae-E4438-u.gfa.csv,YES,8888,contig|plasmid_score|chrom_score|label|length|chr_coverage|pl_coverage|un_coverage|hybrid_mapsto,plasmid;chromosome;ambiguous;unlabeled,NOT_PUBLISHED_IN_METADATA,IN_GFA: dp tag (Unicycler) / KC tag (SKESA),ArredondoAlonso2018,https://github.com/fmfi-compbio/plasgraph2-datasets/blob/06cdf1524a9d424b5eb97628be26b87f854d398a/eskapee-train/mlplasmids_efae-E4438-u.gfa.gz,06cdf1524a9d424b5eb97628be26b87f854d398a,LICENCE_NOT_DOCUMENTED,COMPLETE_FOR_ACCESSIONS;MISSING_STRAIN_BIOPROJECT_ASSEMBLY
mlplasmids_efae-E4438-s,mlplasmids_efae-E4438,E4438,eskapee-train,Enterococcus faecium,NOT_IN_SOURCE_METADATA,ERR2779515,NA,nanopore,NOT_DETERMINED,NOT_IN_SOURCE_METADATA,NOT_IN_SOURCE_METADATA,SKESA,eskapee-train/mlplasmids_efae-E4438-s.gfa.gz,YES,842861,eskapee-train/mlplasmids_efae-E4438-s.gfa.csv,YES,19985,contig|plasmid_score|chrom_score|label|length|chr_coverage|pl_coverage|un_coverage|hybrid_mapsto,plasmid;chromosome;ambiguous;unlabeled,NOT_PUBLISHED_IN_METADATA,IN_GFA: dp tag (Unicycler) / KC tag (SKESA),ArredondoAlonso2018,https://github.com/fmfi-compbio/plasgraph2-datasets/blob/06cdf1524a9d424b5eb97628be26b87f854d398a/eskapee-train/mlplasmids_efae-E4438-s.gfa.gz,06cdf1524a9d424b5eb97628be26b87f854d398a,LICENCE_NOT_DOCUMENTED,COMPLETE_FOR_ACCESSIONS;MISSING_STRAIN_BIOPROJECT_ASSEMBLY
mlplasmids_efae-E6055-u,mlplasmids_efae-E6055,E6055,eskapee-train,Enterococcus faecium,NOT_IN_SOURCE_METADATA,ERR2778723,NA,nanopore,NOT_DETERMINED,NOT_IN_SOURCE_METADATA,NOT_IN_SOURCE_METADATA,Unicycler,eskapee-train/mlplasmids_efae-E6055-u.gfa.gz,YES,840120,eskapee-train/mlplasmids_efae-E6055-u.gfa.csv,YES,12913,contig|plasmid_score|chrom_score|label|length|chr_coverage|pl_coverage|un_coverage|hybrid_mapsto,plasmid;chromosome;ambiguous;unlabeled,NOT_PUBLISHED_IN_METADATA,IN_GFA: dp tag (Unicycler) / KC tag (SKESA),ArredondoAlonso2018,https://github.com/fmfi-compbio/plasgraph2-datasets/blob/06cdf1524a9d424b5eb97628be26b87f854d398a/eskapee-train/mlplasmids_efae-E6055-u.gfa.gz,06cdf1524a9d424b5eb97628be26b87f854d398a,LICENCE_NOT_DOCUMENTED,COMPLETE_FOR_ACCESSIONS;MISSING_STRAIN_BIOPROJECT_ASSEMBLY
mlplasmids_efae-E6055-s,mlplasmids_efae-E6055,E6055,eskapee-train,Enterococcus faecium,NOT_IN_SOURCE_METADATA,ERR2778723,NA,nanopore,NOT_DETERMINED,NOT_IN_SOURCE_METADATA,NOT_IN_SOURCE_METADATA,SKESA,eskapee-train/mlplasmids_efae-E6055-s.gfa.gz,YES,850054,eskapee-train/mlplasmids_efae-E6055-s.gfa.csv,YES,23098,contig|plasmid_score|chrom_score|label|length|chr_coverage|pl_coverage|un_coverage|hybrid_mapsto,plasmid;chromosome;ambiguous;unlabeled,NOT_PUBLISHED_IN_METADATA,IN_GFA: dp tag (Unicycler) / KC tag (SKESA),ArredondoAlonso2018,https://github.com/fmfi-compbio/plasgraph2-datasets/blob/06cdf1524a9d424b5eb97628be26b87f854d398a/eskapee-train/mlplasmids_efae-E6055-s.gfa.gz,06cdf1524a9d424b5eb97628be26b87f854d398a,LICENCE_NOT_DOCUMENTED,COMPLETE_FOR_ACCESSIONS;MISSING_STRAIN_BIOPROJECT_ASSEMBLY
mlplasmids_efae-E7040-u,mlplasmids_efae-E7040,E7040,eskapee-train,Enterococcus faecium,NOT_IN_SOURCE_METADATA,ERR2778374,NA,nanopore,NOT_DETERMINED,NOT_IN_SOURCE_METADATA,NOT_IN_SOURCE_METADATA,Unicycler,eskapee-train/mlplasmids_efae-E7040-u.gfa.gz,YES,856824,eskapee-train/mlplasmids_efae-E7040-u.gfa.csv,YES,22024,contig|plasmid_score|chrom_score|label|length|chr_coverage|pl_coverage|un_coverage|hybrid_mapsto,plasmid;chromosome;ambiguous;unlabeled,NOT_PUBLISHED_IN_METADATA,IN_GFA: dp tag (Unicycler) / KC tag (SKESA),ArredondoAlonso2018,https://github.com/fmfi-compbio/plasgraph2-datasets/blob/06cdf1524a9d424b5eb97628be26b87f854d398a/eskapee-train/mlplasmids_efae-E7040-u.gfa.gz,06cdf1524a9d424b5eb97628be26b87f854d398a,LICENCE_NOT_DOCUMENTED,COMPLETE_FOR_ACCESSIONS;MISSING_STRAIN_BIOPROJECT_ASSEMBLY
mlplasmids_efae-E7040-s,mlplasmids_efae-E7040,E7040,eskapee-train,Enterococcus faecium,NOT_IN_SOURCE_METADATA,ERR2778374,NA,nanopore,NOT_DETERMINED,NOT_IN_SOURCE_METADATA,NOT_IN_SOURCE_METADATA,SKESA,eskapee-train/mlplasmids_efae-E7040-s.gfa.gz,YES,867506,eskapee-train/mlplasmids_efae-E7040-s.gfa.csv,YES,27923,contig|plasmid_score|chrom_score|label|length|chr_coverage|pl_coverage|un_coverage|hybrid_mapsto,plasmid;chromosome;ambiguous;unlabeled,NOT_PUBLISHED_IN_METADATA,IN_GFA: dp tag (Unicycler) / KC tag (SKESA),ArredondoAlonso2018,https://github.com/fmfi-compbio/plasgraph2-datasets/blob/06cdf1524a9d424b5eb97628be26b87f854d398a/eskapee-train/mlplasmids_efae-E7040-s.gfa.gz,06cdf1524a9d424b5eb97628be26b87f854d398a,LICENCE_NOT_DOCUMENTED,COMPLETE_FOR_ACCESSIONS;MISSING_STRAIN_BIOPROJECT_ASSEMBLY
mlplasmids_efae-E7171-u,mlplasmids_efae-E7171,E7171,eskapee-train,Enterococcus faecium,NOT_IN_SOURCE_METADATA,ERR2778934,NA,nanopore,NOT_DETERMINED,NOT_IN_SOURCE_METADATA,NOT_IN_SOURCE_METADATA,Unicycler,eskapee-train/mlplasmids_efae-E7171-u.gfa.gz,YES,869055,eskapee-train/mlplasmids_efae-E7171-u.gfa.csv,YES,15221,contig|plasmid_score|chrom_score|label|length|chr_coverage|pl_coverage|un_coverage|hybrid_mapsto,plasmid;chromosome;ambiguous;unlabeled,NOT_PUBLISHED_IN_METADATA,IN_GFA: dp tag (Unicycler) / KC tag (SKESA),ArredondoAlonso2018,https://github.com/fmfi-compbio/plasgraph2-datasets/blob/06cdf1524a9d424b5eb97628be26b87f854d398a/eskapee-train/mlplasmids_efae-E7171-u.gfa.gz,06cdf1524a9d424b5eb97628be26b87f854d398a,LICENCE_NOT_DOCUMENTED,COMPLETE_FOR_ACCESSIONS;MISSING_STRAIN_BIOPROJECT_ASSEMBLY
mlplasmids_efae-E7171-s,mlplasmids_efae-E7171,E7171,eskapee-train,Enterococcus faecium,NOT_IN_SOURCE_METADATA,ERR2778934,NA,nanopore,NOT_DETERMINED,NOT_IN_SOURCE_METADATA,NOT_IN_SOURCE_METADATA,SKESA,eskapee-train/mlplasmids_efae-E7171-s.gfa.gz,YES,879148,eskapee-train/mlplasmids_efae-E7171-s.gfa.csv,YES,26864,contig|plasmid_score|chrom_score|label|length|chr_coverage|pl_coverage|un_coverage|hybrid_mapsto,plasmid;chromosome;ambiguous;unlabeled,NOT_PUBLISHED_IN_METADATA,IN_GFA: dp tag (Unicycler) / KC tag (SKESA),ArredondoAlonso2018,https://github.com/fmfi-compbio/plasgraph2-datasets/blob/06cdf1524a9d424b5eb97628be26b87f854d398a/eskapee-train/mlplasmids_efae-E7171-s.gfa.gz,06cdf1524a9d424b5eb97628be26b87f854d398a,LICENCE_NOT_DOCUMENTED,COMPLETE_FOR_ACCESSIONS;MISSING_STRAIN_BIOPROJECT_ASSEMBLY
mlplasmids_efae-E7357-u,mlplasmids_efae-E7357,E7357,eskapee-train,Enterococcus faecium,NOT_IN_SOURCE_METADATA,ERR2778685,NA,nanopore,NOT_DETERMINED,NOT_IN_SOURCE_METADATA,NOT_IN_SOURCE_METADATA,Unicycler,eskapee-train/mlplasmids_efae-E7357-u.gfa.gz,YES,898933,eskapee-train/mlplasmids_efae-E7357-u.gfa.csv,YES,7555,contig|plasmid_score|chrom_score|label|length|chr_coverage|pl_coverage|un_coverage|hybrid_mapsto,plasmid;chromosome;ambiguous;unlabeled,NOT_PUBLISHED_IN_METADATA,IN_GFA: dp tag (Unicycler) / KC tag (SKESA),ArredondoAlonso2018,https://github.com/fmfi-compbio/plasgraph2-datasets/blob/06cdf1524a9d424b5eb97628be26b87f854d398a/eskapee-train/mlplasmids_efae-E7357-u.gfa.gz,06cdf1524a9d424b5eb97628be26b87f854d398a,LICENCE_NOT_DOCUMENTED,COMPLETE_FOR_ACCESSIONS;MISSING_STRAIN_BIOPROJECT_ASSEMBLY
mlplasmids_efae-E7357-s,mlplasmids_efae-E7357,E7357,eskapee-train,Enterococcus faecium,NOT_IN_SOURCE_METADATA,ERR2778685,NA,nanopore,NOT_DETERMINED,NOT_IN_SOURCE_METADATA,NOT_IN_SOURCE_METADATA,SKESA,eskapee-train/mlplasmids_efae-E7357-s.gfa.gz,YES,932386,eskapee-train/mlplasmids_efae-E7357-s.gfa.csv,YES,75664,contig|plasmid_score|chrom_score|label|length|chr_coverage|pl_coverage|un_coverage|hybrid_mapsto,plasmid;chromosome;ambiguous;unlabeled,NOT_PUBLISHED_IN_METADATA,IN_GFA: dp tag (Unicycler) / KC tag (SKESA),ArredondoAlonso2018,https://github.com/fmfi-compbio/plasgraph2-datasets/blob/06cdf1524a9d424b5eb97628be26b87f854d398a/eskapee-train/mlplasmids_efae-E7357-s.gfa.gz,06cdf1524a9d424b5eb97628be26b87f854d398a,LICENCE_NOT_DOCUMENTED,COMPLETE_FOR_ACCESSIONS;MISSING_STRAIN_BIOPROJECT_ASSEMBLY
mlplasmids_efae-E7441-u,mlplasmids_efae-E7441,E7441,eskapee-train,Enterococcus faecium,NOT_IN_SOURCE_METADATA,ERR2779296,NA,nanopore,NOT_DETERMINED,NOT_IN_SOURCE_METADATA,NOT_IN_SOURCE_METADATA,Unicycler,eskapee-train/mlplasmids_efae-E7441-u.gfa.gz,YES,846965,eskapee-train/mlplasmids_efae-E7441-u.gfa.csv,YES,11099,contig|plasmid_score|chrom_score|label|length|chr_coverage|pl_coverage|un_coverage|hybrid_mapsto,plasmid;chromosome;ambiguous;unlabeled,NOT_PUBLISHED_IN_METADATA,IN_GFA: dp tag (Unicycler) / KC tag (SKESA),ArredondoAlonso2018,https://github.com/fmfi-compbio/plasgraph2-datasets/blob/06cdf1524a9d424b5eb97628be26b87f854d398a/eskapee-train/mlplasmids_efae-E7441-u.gfa.gz,06cdf1524a9d424b5eb97628be26b87f854d398a,LICENCE_NOT_DOCUMENTED,COMPLETE_FOR_ACCESSIONS;MISSING_STRAIN_BIOPROJECT_ASSEMBLY
mlplasmids_efae-E7441-s,mlplasmids_efae-E7441,E7441,eskapee-train,Enterococcus faecium,NOT_IN_SOURCE_METADATA,ERR2779296,NA,nanopore,NOT_DETERMINED,NOT_IN_SOURCE_METADATA,NOT_IN_SOURCE_METADATA,SKESA,eskapee-train/mlplasmids_efae-E7441-s.gfa.gz,YES,866524,eskapee-train/mlplasmids_efae-E7441-s.gfa.csv,YES,20730,contig|plasmid_score|chrom_score|label|length|chr_coverage|pl_coverage|un_coverage|hybrid_mapsto,plasmid;chromosome;ambiguous;unlabeled,NOT_PUBLISHED_IN_METADATA,IN_GFA: dp tag (Unicycler) / KC tag (SKESA),ArredondoAlonso2018,https://github.com/fmfi-compbio/plasgraph2-datasets/blob/06cdf1524a9d424b5eb97628be26b87f854d398a/eskapee-train/mlplasmids_efae-E7441-s.gfa.gz,06cdf1524a9d424b5eb97628be26b87f854d398a,LICENCE_NOT_DOCUMENTED,COMPLETE_FOR_ACCESSIONS;MISSING_STRAIN_BIOPROJECT_ASSEMBLY
mlplasmids_efae-E8284-u,mlplasmids_efae-E8284,E8284,eskapee-train,Enterococcus faecium,NOT_IN_SOURCE_METADATA,ERR2778299,NA,nanopore,NOT_DETERMINED,NOT_IN_SOURCE_METADATA,NOT_IN_SOURCE_METADATA,Unicycler,eskapee-train/mlplasmids_efae-E8284-u.gfa.gz,YES,892849,eskapee-train/mlplasmids_efae-E8284-u.gfa.csv,YES,12972,contig|plasmid_score|chrom_score|label|length|chr_coverage|pl_coverage|un_coverage|hybrid_mapsto,plasmid;chromosome;ambiguous;unlabeled,NOT_PUBLISHED_IN_METADATA,IN_GFA: dp tag (Unicycler) / KC tag (SKESA),ArredondoAlonso2018,https://github.com/fmfi-compbio/plasgraph2-datasets/blob/06cdf1524a9d424b5eb97628be26b87f854d398a/eskapee-train/mlplasmids_efae-E8284-u.gfa.gz,06cdf1524a9d424b5eb97628be26b87f854d398a,LICENCE_NOT_DOCUMENTED,COMPLETE_FOR_ACCESSIONS;MISSING_STRAIN_BIOPROJECT_ASSEMBLY
mlplasmids_efae-E8284-s,mlplasmids_efae-E8284,E8284,eskapee-train,Enterococcus faecium,NOT_IN_SOURCE_METADATA,ERR2778299,NA,nanopore,NOT_DETERMINED,NOT_IN_SOURCE_METADATA,NOT_IN_SOURCE_METADATA,SKESA,eskapee-train/mlplasmids_efae-E8284-s.gfa.gz,YES,907369,eskapee-train/mlplasmids_efae-E8284-s.gfa.csv,YES,24864,contig|plasmid_score|chrom_score|label|length|chr_coverage|pl_coverage|un_coverage|hybrid_mapsto,plasmid;chromosome;ambiguous;unlabeled,NOT_PUBLISHED_IN_METADATA,IN_GFA: dp tag (Unicycler) / KC tag (SKESA),ArredondoAlonso2018,https://github.com/fmfi-compbio/plasgraph2-datasets/blob/06cdf1524a9d424b5eb97628be26b87f854d398a/eskapee-train/mlplasmids_efae-E8284-s.gfa.gz,06cdf1524a9d424b5eb97628be26b87f854d398a,LICENCE_NOT_DOCUMENTED,COMPLETE_FOR_ACCESSIONS;MISSING_STRAIN_BIOPROJECT_ASSEMBLY
mlplasmids_efae-E8481-u,mlplasmids_efae-E8481,E8481,eskapee-train,Enterococcus faecium,NOT_IN_SOURCE_METADATA,ERR2778265,NA,nanopore,NOT_DETERMINED,NOT_IN_SOURCE_METADATA,NOT_IN_SOURCE_METADATA,Unicycler,eskapee-train/mlplasmids_efae-E8481-u.gfa.gz,YES,816017,eskapee-train/mlplasmids_efae-E8481-u.gfa.csv,YES,5625,contig|plasmid_score|chrom_score|label|length|chr_coverage|pl_coverage|un_coverage|hybrid_mapsto,plasmid;chromosome;ambiguous;unlabeled,NOT_PUBLISHED_IN_METADATA,IN_GFA: dp tag (Unicycler) / KC tag (SKESA),ArredondoAlonso2018,https://github.com/fmfi-compbio/plasgraph2-datasets/blob/06cdf1524a9d424b5eb97628be26b87f854d398a/eskapee-train/mlplasmids_efae-E8481-u.gfa.gz,06cdf1524a9d424b5eb97628be26b87f854d398a,LICENCE_NOT_DOCUMENTED,COMPLETE_FOR_ACCESSIONS;MISSING_STRAIN_BIOPROJECT_ASSEMBLY
mlplasmids_efae-E8481-s,mlplasmids_efae-E8481,E8481,eskapee-train,Enterococcus faecium,NOT_IN_SOURCE_METADATA,ERR2778265,NA,nanopore,NOT_DETERMINED,NOT_IN_SOURCE_METADATA,NOT_IN_SOURCE_METADATA,SKESA,eskapee-train/mlplasmids_efae-E8481-s.gfa.gz,YES,821924,eskapee-train/mlplasmids_efae-E8481-s.gfa.csv,YES,11590,contig|plasmid_score|chrom_score|label|length|chr_coverage|pl_coverage|un_coverage|hybrid_mapsto,plasmid;chromosome;ambiguous;unlabeled,NOT_PUBLISHED_IN_METADATA,IN_GFA: dp tag (Unicycler) / KC tag (SKESA),ArredondoAlonso2018,https://github.com/fmfi-compbio/plasgraph2-datasets/blob/06cdf1524a9d424b5eb97628be26b87f854d398a/eskapee-train/mlplasmids_efae-E8481-s.gfa.gz,06cdf1524a9d424b5eb97628be26b87f854d398a,LICENCE_NOT_DOCUMENTED,COMPLETE_FOR_ACCESSIONS;MISSING_STRAIN_BIOPROJECT_ASSEMBLY
shaw-2021_eclo-SAMN15148478-u,shaw-2021_eclo-SAMN15148478,SAMN15148478,eskapee-train,Enterobacter cloacae,NOT_IN_SOURCE_METADATA,SRR11948779,SRR12298434,PacBio,SAMN15148478,NOT_IN_SOURCE_METADATA,NOT_IN_SOURCE_METADATA,Unicycler,eskapee-train/shaw-2021_eclo-SAMN15148478-u.gfa.gz,YES,1410423,eskapee-train/shaw-2021_eclo-SAMN15148478-u.gfa.csv,YES,5417,contig|plasmid_score|chrom_score|label|length|chr_coverage|pl_coverage|un_coverage|hybrid_mapsto,plasmid;chromosome;ambiguous;unlabeled,NOT_PUBLISHED_IN_METADATA,IN_GFA: dp tag (Unicycler) / KC tag (SKESA),Shaw2021,https://github.com/fmfi-compbio/plasgraph2-datasets/blob/06cdf1524a9d424b5eb97628be26b87f854d398a/eskapee-train/shaw-2021_eclo-SAMN15148478-u.gfa.gz,06cdf1524a9d424b5eb97628be26b87f854d398a,LICENCE_NOT_DOCUMENTED,COMPLETE_FOR_ACCESSIONS;MISSING_STRAIN_BIOPROJECT_ASSEMBLY
shaw-2021_eclo-SAMN15148478-s,shaw-2021_eclo-SAMN15148478,SAMN15148478,eskapee-train,Enterobacter cloacae,NOT_IN_SOURCE_METADATA,SRR11948779,SRR12298434,PacBio,SAMN15148478,NOT_IN_SOURCE_METADATA,NOT_IN_SOURCE_METADATA,SKESA,eskapee-train/shaw-2021_eclo-SAMN15148478-s.gfa.gz,YES,1418037,eskapee-train/shaw-2021_eclo-SAMN15148478-s.gfa.csv,YES,10502,contig|plasmid_score|chrom_score|label|length|chr_coverage|pl_coverage|un_coverage|hybrid_mapsto,plasmid;chromosome;ambiguous;unlabeled,NOT_PUBLISHED_IN_METADATA,IN_GFA: dp tag (Unicycler) / KC tag (SKESA),Shaw2021,https://github.com/fmfi-compbio/plasgraph2-datasets/blob/06cdf1524a9d424b5eb97628be26b87f854d398a/eskapee-train/shaw-2021_eclo-SAMN15148478-s.gfa.gz,06cdf1524a9d424b5eb97628be26b87f854d398a,LICENCE_NOT_DOCUMENTED,COMPLETE_FOR_ACCESSIONS;MISSING_STRAIN_BIOPROJECT_ASSEMBLY
shaw-2021_eclo-SAMN15148534-u,shaw-2021_eclo-SAMN15148534,SAMN15148534,eskapee-train,Enterobacter cloacae,NOT_IN_SOURCE_METADATA,SRR11949168,SRR12298373,PacBio,SAMN15148534,NOT_IN_SOURCE_METADATA,NOT_IN_SOURCE_METADATA,Unicycler,eskapee-train/shaw-2021_eclo-SAMN15148534-u.gfa.gz,YES,1384659,eskapee-train/shaw-2021_eclo-SAMN15148534-u.gfa.csv,YES,5288,contig|plasmid_score|chrom_score|label|length|chr_coverage|pl_coverage|un_coverage|hybrid_mapsto,plasmid;chromosome;ambiguous;unlabeled,NOT_PUBLISHED_IN_METADATA,IN_GFA: dp tag (Unicycler) / KC tag (SKESA),Shaw2021,https://github.com/fmfi-compbio/plasgraph2-datasets/blob/06cdf1524a9d424b5eb97628be26b87f854d398a/eskapee-train/shaw-2021_eclo-SAMN15148534-u.gfa.gz,06cdf1524a9d424b5eb97628be26b87f854d398a,LICENCE_NOT_DOCUMENTED,COMPLETE_FOR_ACCESSIONS;MISSING_STRAIN_BIOPROJECT_ASSEMBLY
shaw-2021_eclo-SAMN15148534-s,shaw-2021_eclo-SAMN15148534,SAMN15148534,eskapee-train,Enterobacter cloacae,NOT_IN_SOURCE_METADATA,SRR11949168,SRR12298373,PacBio,SAMN15148534,NOT_IN_SOURCE_METADATA,NOT_IN_SOURCE_METADATA,SKESA,eskapee-train/shaw-2021_eclo-SAMN15148534-s.gfa.gz,YES,1389527,eskapee-train/shaw-2021_eclo-SAMN15148534-s.gfa.csv,YES,10608,contig|plasmid_score|chrom_score|label|length|chr_coverage|pl_coverage|un_coverage|hybrid_mapsto,plasmid;chromosome;ambiguous;unlabeled,NOT_PUBLISHED_IN_METADATA,IN_GFA: dp tag (Unicycler) / KC tag (SKESA),Shaw2021,https://github.com/fmfi-compbio/plasgraph2-datasets/blob/06cdf1524a9d424b5eb97628be26b87f854d398a/eskapee-train/shaw-2021_eclo-SAMN15148534-s.gfa.gz,06cdf1524a9d424b5eb97628be26b87f854d398a,LICENCE_NOT_DOCUMENTED,COMPLETE_FOR_ACCESSIONS;MISSING_STRAIN_BIOPROJECT_ASSEMBLY
shaw-2021_eclo-SAMN15148541-u,shaw-2021_eclo-SAMN15148541,SAMN15148541,eskapee-train,Enterobacter cloacae,NOT_IN_SOURCE_METADATA,SRR11948892,SRR12298365,PacBio,SAMN15148541,NOT_IN_SOURCE_METADATA,NOT_IN_SOURCE_METADATA,Unicycler,eskapee-train/shaw-2021_eclo-SAMN15148541-u.gfa.gz,YES,1514451,eskapee-train/shaw-2021_eclo-SAMN15148541-u.gfa.csv,YES,10187,contig|plasmid_score|chrom_score|label|length|chr_coverage|pl_coverage|un_coverage|hybrid_mapsto,plasmid;chromosome;ambiguous;unlabeled,NOT_PUBLISHED_IN_METADATA,IN_GFA: dp tag (Unicycler) / KC tag (SKESA),Shaw2021,https://github.com/fmfi-compbio/plasgraph2-datasets/blob/06cdf1524a9d424b5eb97628be26b87f854d398a/eskapee-train/shaw-2021_eclo-SAMN15148541-u.gfa.gz,06cdf1524a9d424b5eb97628be26b87f854d398a,LICENCE_NOT_DOCUMENTED,COMPLETE_FOR_ACCESSIONS;MISSING_STRAIN_BIOPROJECT_ASSEMBLY
shaw-2021_eclo-SAMN15148541-s,shaw-2021_eclo-SAMN15148541,SAMN15148541,eskapee-train,Enterobacter cloacae,NOT_IN_SOURCE_METADATA,SRR11948892,SRR12298365,PacBio,SAMN15148541,NOT_IN_SOURCE_METADATA,NOT_IN_SOURCE_METADATA,SKESA,eskapee-train/shaw-2021_eclo-SAMN15148541-s.gfa.gz,YES,1524940,eskapee-train/shaw-2021_eclo-SAMN15148541-s.gfa.csv,YES,20989,contig|plasmid_score|chrom_score|label|length|chr_coverage|pl_coverage|un_coverage|hybrid_mapsto,plasmid;chromosome;ambiguous;unlabeled,NOT_PUBLISHED_IN_METADATA,IN_GFA: dp tag (Unicycler) / KC tag (SKESA),Shaw2021,https://github.com/fmfi-compbio/plasgraph2-datasets/blob/06cdf1524a9d424b5eb97628be26b87f854d398a/eskapee-train/shaw-2021_eclo-SAMN15148541-s.gfa.gz,06cdf1524a9d424b5eb97628be26b87f854d398a,LICENCE_NOT_DOCUMENTED,COMPLETE_FOR_ACCESSIONS;MISSING_STRAIN_BIOPROJECT_ASSEMBLY
shaw-2021_eclo-SAMN15148612-u,shaw-2021_eclo-SAMN15148612,SAMN15148612,eskapee-train,Enterobacter cloacae,NOT_IN_SOURCE_METADATA,SRR11949257,SRR12298787,Nanopore,SAMN15148612,NOT_IN_SOURCE_METADATA,NOT_IN_SOURCE_METADATA,Unicycler,eskapee-train/shaw-2021_eclo-SAMN15148612-u.gfa.gz,YES,1403802,eskapee-train/shaw-2021_eclo-SAMN15148612-u.gfa.csv,YES,4810,contig|plasmid_score|chrom_score|label|length|chr_coverage|pl_coverage|un_coverage|hybrid_mapsto,plasmid;chromosome;ambiguous;unlabeled,NOT_PUBLISHED_IN_METADATA,IN_GFA: dp tag (Unicycler) / KC tag (SKESA),Shaw2021,https://github.com/fmfi-compbio/plasgraph2-datasets/blob/06cdf1524a9d424b5eb97628be26b87f854d398a/eskapee-train/shaw-2021_eclo-SAMN15148612-u.gfa.gz,06cdf1524a9d424b5eb97628be26b87f854d398a,LICENCE_NOT_DOCUMENTED,COMPLETE_FOR_ACCESSIONS;MISSING_STRAIN_BIOPROJECT_ASSEMBLY
shaw-2021_eclo-SAMN15148612-s,shaw-2021_eclo-SAMN15148612,SAMN15148612,eskapee-train,Enterobacter cloacae,NOT_IN_SOURCE_METADATA,SRR11949257,SRR12298787,Nanopore,SAMN15148612,NOT_IN_SOURCE_METADATA,NOT_IN_SOURCE_METADATA,SKESA,eskapee-train/shaw-2021_eclo-SAMN15148612-s.gfa.gz,YES,1405957,eskapee-train/shaw-2021_eclo-SAMN15148612-s.gfa.csv,YES,6430,contig|plasmid_score|chrom_score|label|length|chr_coverage|pl_coverage|un_coverage|hybrid_mapsto,plasmid;chromosome;ambiguous;unlabeled,NOT_PUBLISHED_IN_METADATA,IN_GFA: dp tag (Unicycler) / KC tag (SKESA),Shaw2021,https://github.com/fmfi-compbio/plasgraph2-datasets/blob/06cdf1524a9d424b5eb97628be26b87f854d398a/eskapee-train/shaw-2021_eclo-SAMN15148612-s.gfa.gz,06cdf1524a9d424b5eb97628be26b87f854d398a,LICENCE_NOT_DOCUMENTED,COMPLETE_FOR_ACCESSIONS;MISSING_STRAIN_BIOPROJECT_ASSEMBLY
shaw-2021_eclo-SAMN15148633-u,shaw-2021_eclo-SAMN15148633,SAMN15148633,eskapee-train,Enterobacter cloacae,NOT_IN_SOURCE_METADATA,SRR11948704,SRR12298737,Nanopore,SAMN15148633,NOT_IN_SOURCE_METADATA,NOT_IN_SOURCE_METADATA,Unicycler,eskapee-train/shaw-2021_eclo-SAMN15148633-u.gfa.gz,YES,1353298,eskapee-train/shaw-2021_eclo-SAMN15148633-u.gfa.csv,YES,8669,contig|plasmid_score|chrom_score|label|length|chr_coverage|pl_coverage|un_coverage|hybrid_mapsto,plasmid;chromosome;ambiguous;unlabeled,NOT_PUBLISHED_IN_METADATA,IN_GFA: dp tag (Unicycler) / KC tag (SKESA),Shaw2021,https://github.com/fmfi-compbio/plasgraph2-datasets/blob/06cdf1524a9d424b5eb97628be26b87f854d398a/eskapee-train/shaw-2021_eclo-SAMN15148633-u.gfa.gz,06cdf1524a9d424b5eb97628be26b87f854d398a,LICENCE_NOT_DOCUMENTED,COMPLETE_FOR_ACCESSIONS;MISSING_STRAIN_BIOPROJECT_ASSEMBLY
shaw-2021_eclo-SAMN15148633-s,shaw-2021_eclo-SAMN15148633,SAMN15148633,eskapee-train,Enterobacter cloacae,NOT_IN_SOURCE_METADATA,SRR11948704,SRR12298737,Nanopore,SAMN15148633,NOT_IN_SOURCE_METADATA,NOT_IN_SOURCE_METADATA,SKESA,eskapee-train/shaw-2021_eclo-SAMN15148633-s.gfa.gz,YES,1360015,eskapee-train/shaw-2021_eclo-SAMN15148633-s.gfa.csv,YES,17096,contig|plasmid_score|chrom_score|label|length|chr_coverage|pl_coverage|un_coverage|hybrid_mapsto,plasmid;chromosome;ambiguous;unlabeled,NOT_PUBLISHED_IN_METADATA,IN_GFA: dp tag (Unicycler) / KC tag (SKESA),Shaw2021,https://github.com/fmfi-compbio/plasgraph2-datasets/blob/06cdf1524a9d424b5eb97628be26b87f854d398a/eskapee-train/shaw-2021_eclo-SAMN15148633-s.gfa.gz,06cdf1524a9d424b5eb97628be26b87f854d398a,LICENCE_NOT_DOCUMENTED,COMPLETE_FOR_ACCESSIONS;MISSING_STRAIN_BIOPROJECT_ASSEMBLY
shaw-2021_eclo-SAMN15148668-u,shaw-2021_eclo-SAMN15148668,SAMN15148668,eskapee-train,Enterobacter cloacae,NOT_IN_SOURCE_METADATA,SRR11948910,SRR12298697,Nanopore,SAMN15148668,NOT_IN_SOURCE_METADATA,NOT_IN_SOURCE_METADATA,Unicycler,eskapee-train/shaw-2021_eclo-SAMN15148668-u.gfa.gz,YES,1447902,eskapee-train/shaw-2021_eclo-SAMN15148668-u.gfa.csv,YES,7577,contig|plasmid_score|chrom_score|label|length|chr_coverage|pl_coverage|un_coverage|hybrid_mapsto,plasmid;chromosome;ambiguous;unlabeled,NOT_PUBLISHED_IN_METADATA,IN_GFA: dp tag (Unicycler) / KC tag (SKESA),Shaw2021,https://github.com/fmfi-compbio/plasgraph2-datasets/blob/06cdf1524a9d424b5eb97628be26b87f854d398a/eskapee-train/shaw-2021_eclo-SAMN15148668-u.gfa.gz,06cdf1524a9d424b5eb97628be26b87f854d398a,LICENCE_NOT_DOCUMENTED,COMPLETE_FOR_ACCESSIONS;MISSING_STRAIN_BIOPROJECT_ASSEMBLY
shaw-2021_eclo-SAMN15148668-s,shaw-2021_eclo-SAMN15148668,SAMN15148668,eskapee-train,Enterobacter cloacae,NOT_IN_SOURCE_METADATA,SRR11948910,SRR12298697,Nanopore,SAMN15148668,NOT_IN_SOURCE_METADATA,NOT_IN_SOURCE_METADATA,SKESA,eskapee-train/shaw-2021_eclo-SAMN15148668-s.gfa.gz,YES,1455106,eskapee-train/shaw-2021_eclo-SAMN15148668-s.gfa.csv,YES,12135,contig|plasmid_score|chrom_score|label|length|chr_coverage|pl_coverage|un_coverage|hybrid_mapsto,plasmid;chromosome;ambiguous;unlabeled,NOT_PUBLISHED_IN_METADATA,IN_GFA: dp tag (Unicycler) / KC tag (SKESA),Shaw2021,https://github.com/fmfi-compbio/plasgraph2-datasets/blob/06cdf1524a9d424b5eb97628be26b87f854d398a/eskapee-train/shaw-2021_eclo-SAMN15148668-s.gfa.gz,06cdf1524a9d424b5eb97628be26b87f854d398a,LICENCE_NOT_DOCUMENTED,COMPLETE_FOR_ACCESSIONS;MISSING_STRAIN_BIOPROJECT_ASSEMBLY
shaw-2021_eclo-SAMN15148690-u,shaw-2021_eclo-SAMN15148690,SAMN15148690,eskapee-train,Enterobacter cloacae,NOT_IN_SOURCE_METADATA,SRR11949452,SRR12298673,Nanopore,SAMN15148690,NOT_IN_SOURCE_METADATA,NOT_IN_SOURCE_METADATA,Unicycler,eskapee-train/shaw-2021_eclo-SAMN15148690-u.gfa.gz,YES,1413807,eskapee-train/shaw-2021_eclo-SAMN15148690-u.gfa.csv,YES,4885,contig|plasmid_score|chrom_score|label|length|chr_coverage|pl_coverage|un_coverage|hybrid_mapsto,plasmid;chromosome;ambiguous;unlabeled,NOT_PUBLISHED_IN_METADATA,IN_GFA: dp tag (Unicycler) / KC tag (SKESA),Shaw2021,https://github.com/fmfi-compbio/plasgraph2-datasets/blob/06cdf1524a9d424b5eb97628be26b87f854d398a/eskapee-train/shaw-2021_eclo-SAMN15148690-u.gfa.gz,06cdf1524a9d424b5eb97628be26b87f854d398a,LICENCE_NOT_DOCUMENTED,COMPLETE_FOR_ACCESSIONS;MISSING_STRAIN_BIOPROJECT_ASSEMBLY
shaw-2021_eclo-SAMN15148690-s,shaw-2021_eclo-SAMN15148690,SAMN15148690,eskapee-train,Enterobacter cloacae,NOT_IN_SOURCE_METADATA,SRR11949452,SRR12298673,Nanopore,SAMN15148690,NOT_IN_SOURCE_METADATA,NOT_IN_SOURCE_METADATA,SKESA,eskapee-train/shaw-2021_eclo-SAMN15148690-s.gfa.gz,YES,1417350,eskapee-train/shaw-2021_eclo-SAMN15148690-s.gfa.csv,YES,8245,contig|plasmid_score|chrom_score|label|length|chr_coverage|pl_coverage|un_coverage|hybrid_mapsto,plasmid;chromosome;ambiguous;unlabeled,NOT_PUBLISHED_IN_METADATA,IN_GFA: dp tag (Unicycler) / KC tag (SKESA),Shaw2021,https://github.com/fmfi-compbio/plasgraph2-datasets/blob/06cdf1524a9d424b5eb97628be26b87f854d398a/eskapee-train/shaw-2021_eclo-SAMN15148690-s.gfa.gz,06cdf1524a9d424b5eb97628be26b87f854d398a,LICENCE_NOT_DOCUMENTED,COMPLETE_FOR_ACCESSIONS;MISSING_STRAIN_BIOPROJECT_ASSEMBLY
shaw-2021_eclo-SAMN15148770-u,shaw-2021_eclo-SAMN15148770,SAMN15148770,eskapee-train,Enterobacter cloacae,NOT_IN_SOURCE_METADATA,SRR11949443,SRR12298989,Nanopore,SAMN15148770,NOT_IN_SOURCE_METADATA,NOT_IN_SOURCE_METADATA,Unicycler,eskapee-train/shaw-2021_eclo-SAMN15148770-u.gfa.gz,YES,1393513,eskapee-train/shaw-2021_eclo-SAMN15148770-u.gfa.csv,YES,7264,contig|plasmid_score|chrom_score|label|length|chr_coverage|pl_coverage|un_coverage|hybrid_mapsto,plasmid;chromosome;ambiguous;unlabeled,NOT_PUBLISHED_IN_METADATA,IN_GFA: dp tag (Unicycler) / KC tag (SKESA),Shaw2021,https://github.com/fmfi-compbio/plasgraph2-datasets/blob/06cdf1524a9d424b5eb97628be26b87f854d398a/eskapee-train/shaw-2021_eclo-SAMN15148770-u.gfa.gz,06cdf1524a9d424b5eb97628be26b87f854d398a,LICENCE_NOT_DOCUMENTED,COMPLETE_FOR_ACCESSIONS;MISSING_STRAIN_BIOPROJECT_ASSEMBLY
shaw-2021_eclo-SAMN15148770-s,shaw-2021_eclo-SAMN15148770,SAMN15148770,eskapee-train,Enterobacter cloacae,NOT_IN_SOURCE_METADATA,SRR11949443,SRR12298989,Nanopore,SAMN15148770,NOT_IN_SOURCE_METADATA,NOT_IN_SOURCE_METADATA,SKESA,eskapee-train/shaw-2021_eclo-SAMN15148770-s.gfa.gz,YES,1399111,eskapee-train/shaw-2021_eclo-SAMN15148770-s.gfa.csv,YES,12642,contig|plasmid_score|chrom_score|label|length|chr_coverage|pl_coverage|un_coverage|hybrid_mapsto,plasmid;chromosome;ambiguous;unlabeled,NOT_PUBLISHED_IN_METADATA,IN_GFA: dp tag (Unicycler) / KC tag (SKESA),Shaw2021,https://github.com/fmfi-compbio/plasgraph2-datasets/blob/06cdf1524a9d424b5eb97628be26b87f854d398a/eskapee-train/shaw-2021_eclo-SAMN15148770-s.gfa.gz,06cdf1524a9d424b5eb97628be26b87f854d398a,LICENCE_NOT_DOCUMENTED,COMPLETE_FOR_ACCESSIONS;MISSING_STRAIN_BIOPROJECT_ASSEMBLY
shaw-2021_ecol-SAMN15147948-u,shaw-2021_ecol-SAMN15147948,SAMN15147948,eskapee-train,Escherichia coli,NOT_IN_SOURCE_METADATA,SRR11949063,SRR12298764,PacBio,SAMN15147948,NOT_IN_SOURCE_METADATA,NOT_IN_SOURCE_METADATA,Unicycler,eskapee-train/shaw-2021_ecol-SAMN15147948-u.gfa.gz,YES,1438044,eskapee-train/shaw-2021_ecol-SAMN15147948-u.gfa.csv,YES,8010,contig|plasmid_score|chrom_score|label|length|chr_coverage|pl_coverage|un_coverage|hybrid_mapsto,plasmid;chromosome;ambiguous;unlabeled,NOT_PUBLISHED_IN_METADATA,IN_GFA: dp tag (Unicycler) / KC tag (SKESA),Shaw2021,https://github.com/fmfi-compbio/plasgraph2-datasets/blob/06cdf1524a9d424b5eb97628be26b87f854d398a/eskapee-train/shaw-2021_ecol-SAMN15147948-u.gfa.gz,06cdf1524a9d424b5eb97628be26b87f854d398a,LICENCE_NOT_DOCUMENTED,COMPLETE_FOR_ACCESSIONS;MISSING_STRAIN_BIOPROJECT_ASSEMBLY
shaw-2021_ecol-SAMN15147948-s,shaw-2021_ecol-SAMN15147948,SAMN15147948,eskapee-train,Escherichia coli,NOT_IN_SOURCE_METADATA,SRR11949063,SRR12298764,PacBio,SAMN15147948,NOT_IN_SOURCE_METADATA,NOT_IN_SOURCE_METADATA,SKESA,eskapee-train/shaw-2021_ecol-SAMN15147948-s.gfa.gz,YES,1443368,eskapee-train/shaw-2021_ecol-SAMN15147948-s.gfa.csv,YES,11998,contig|plasmid_score|chrom_score|label|length|chr_coverage|pl_coverage|un_coverage|hybrid_mapsto,plasmid;chromosome;ambiguous;unlabeled,NOT_PUBLISHED_IN_METADATA,IN_GFA: dp tag (Unicycler) / KC tag (SKESA),Shaw2021,https://github.com/fmfi-compbio/plasgraph2-datasets/blob/06cdf1524a9d424b5eb97628be26b87f854d398a/eskapee-train/shaw-2021_ecol-SAMN15147948-s.gfa.gz,06cdf1524a9d424b5eb97628be26b87f854d398a,LICENCE_NOT_DOCUMENTED,COMPLETE_FOR_ACCESSIONS;MISSING_STRAIN_BIOPROJECT_ASSEMBLY
shaw-2021_ecol-SAMN15148054-u,shaw-2021_ecol-SAMN15148054,SAMN15148054,eskapee-train,Escherichia coli,NOT_IN_SOURCE_METADATA,SRR11948840,SRR12299088,Nanopore,SAMN15148054,NOT_IN_SOURCE_METADATA,NOT_IN_SOURCE_METADATA,Unicycler,eskapee-train/shaw-2021_ecol-SAMN15148054-u.gfa.gz,YES,1534362,eskapee-train/shaw-2021_ecol-SAMN15148054-u.gfa.csv,YES,9662,contig|plasmid_score|chrom_score|label|length|chr_coverage|pl_coverage|un_coverage|hybrid_mapsto,plasmid;chromosome;ambiguous;unlabeled,NOT_PUBLISHED_IN_METADATA,IN_GFA: dp tag (Unicycler) / KC tag (SKESA),Shaw2021,https://github.com/fmfi-compbio/plasgraph2-datasets/blob/06cdf1524a9d424b5eb97628be26b87f854d398a/eskapee-train/shaw-2021_ecol-SAMN15148054-u.gfa.gz,06cdf1524a9d424b5eb97628be26b87f854d398a,LICENCE_NOT_DOCUMENTED,COMPLETE_FOR_ACCESSIONS;MISSING_STRAIN_BIOPROJECT_ASSEMBLY
shaw-2021_ecol-SAMN15148054-s,shaw-2021_ecol-SAMN15148054,SAMN15148054,eskapee-train,Escherichia coli,NOT_IN_SOURCE_METADATA,SRR11948840,SRR12299088,Nanopore,SAMN15148054,NOT_IN_SOURCE_METADATA,NOT_IN_SOURCE_METADATA,SKESA,eskapee-train/shaw-2021_ecol-SAMN15148054-s.gfa.gz,YES,1537799,eskapee-train/shaw-2021_ecol-SAMN15148054-s.gfa.csv,YES,10044,contig|plasmid_score|chrom_score|label|length|chr_coverage|pl_coverage|un_coverage|hybrid_mapsto,plasmid;chromosome;ambiguous;unlabeled,NOT_PUBLISHED_IN_METADATA,IN_GFA: dp tag (Unicycler) / KC tag (SKESA),Shaw2021,https://github.com/fmfi-compbio/plasgraph2-datasets/blob/06cdf1524a9d424b5eb97628be26b87f854d398a/eskapee-train/shaw-2021_ecol-SAMN15148054-s.gfa.gz,06cdf1524a9d424b5eb97628be26b87f854d398a,LICENCE_NOT_DOCUMENTED,COMPLETE_FOR_ACCESSIONS;MISSING_STRAIN_BIOPROJECT_ASSEMBLY
shaw-2021_ecol-SAMN15148145-u,shaw-2021_ecol-SAMN15148145,SAMN15148145,eskapee-train,Escherichia coli,NOT_IN_SOURCE_METADATA,SRR11949328,SRR12298565,Nanopore,SAMN15148145,NOT_IN_SOURCE_METADATA,NOT_IN_SOURCE_METADATA,Unicycler,eskapee-train/shaw-2021_ecol-SAMN15148145-u.gfa.gz,YES,1430103,eskapee-train/shaw-2021_ecol-SAMN15148145-u.gfa.csv,YES,6118,contig|plasmid_score|chrom_score|label|length|chr_coverage|pl_coverage|un_coverage|hybrid_mapsto,plasmid;chromosome;ambiguous;unlabeled,NOT_PUBLISHED_IN_METADATA,IN_GFA: dp tag (Unicycler) / KC tag (SKESA),Shaw2021,https://github.com/fmfi-compbio/plasgraph2-datasets/blob/06cdf1524a9d424b5eb97628be26b87f854d398a/eskapee-train/shaw-2021_ecol-SAMN15148145-u.gfa.gz,06cdf1524a9d424b5eb97628be26b87f854d398a,LICENCE_NOT_DOCUMENTED,COMPLETE_FOR_ACCESSIONS;MISSING_STRAIN_BIOPROJECT_ASSEMBLY
shaw-2021_ecol-SAMN15148145-s,shaw-2021_ecol-SAMN15148145,SAMN15148145,eskapee-train,Escherichia coli,NOT_IN_SOURCE_METADATA,SRR11949328,SRR12298565,Nanopore,SAMN15148145,NOT_IN_SOURCE_METADATA,NOT_IN_SOURCE_METADATA,SKESA,eskapee-train/shaw-2021_ecol-SAMN15148145-s.gfa.gz,YES,1436251,eskapee-train/shaw-2021_ecol-SAMN15148145-s.gfa.csv,YES,11945,contig|plasmid_score|chrom_score|label|length|chr_coverage|pl_coverage|un_coverage|hybrid_mapsto,plasmid;chromosome;ambiguous;unlabeled,NOT_PUBLISHED_IN_METADATA,IN_GFA: dp tag (Unicycler) / KC tag (SKESA),Shaw2021,https://github.com/fmfi-compbio/plasgraph2-datasets/blob/06cdf1524a9d424b5eb97628be26b87f854d398a/eskapee-train/shaw-2021_ecol-SAMN15148145-s.gfa.gz,06cdf1524a9d424b5eb97628be26b87f854d398a,LICENCE_NOT_DOCUMENTED,COMPLETE_FOR_ACCESSIONS;MISSING_STRAIN_BIOPROJECT_ASSEMBLY
shaw-2021_ecol-SAMN15148272-u,shaw-2021_ecol-SAMN15148272,SAMN15148272,eskapee-train,Escherichia coli,NOT_IN_SOURCE_METADATA,SRR11949394,SRR12298753,Nanopore,SAMN15148272,NOT_IN_SOURCE_METADATA,NOT_IN_SOURCE_METADATA,Unicycler,eskapee-train/shaw-2021_ecol-SAMN15148272-u.gfa.gz,YES,1406759,eskapee-train/shaw-2021_ecol-SAMN15148272-u.gfa.csv,YES,7899,contig|plasmid_score|chrom_score|label|length|chr_coverage|pl_coverage|un_coverage|hybrid_mapsto,plasmid;chromosome;ambiguous;unlabeled,NOT_PUBLISHED_IN_METADATA,IN_GFA: dp tag (Unicycler) / KC tag (SKESA),Shaw2021,https://github.com/fmfi-compbio/plasgraph2-datasets/blob/06cdf1524a9d424b5eb97628be26b87f854d398a/eskapee-train/shaw-2021_ecol-SAMN15148272-u.gfa.gz,06cdf1524a9d424b5eb97628be26b87f854d398a,LICENCE_NOT_DOCUMENTED,COMPLETE_FOR_ACCESSIONS;MISSING_STRAIN_BIOPROJECT_ASSEMBLY
shaw-2021_ecol-SAMN15148272-s,shaw-2021_ecol-SAMN15148272,SAMN15148272,eskapee-train,Escherichia coli,NOT_IN_SOURCE_METADATA,SRR11949394,SRR12298753,Nanopore,SAMN15148272,NOT_IN_SOURCE_METADATA,NOT_IN_SOURCE_METADATA,SKESA,eskapee-train/shaw-2021_ecol-SAMN15148272-s.gfa.gz,YES,1415722,eskapee-train/shaw-2021_ecol-SAMN15148272-s.gfa.csv,YES,19029,contig|plasmid_score|chrom_score|label|length|chr_coverage|pl_coverage|un_coverage|hybrid_mapsto,plasmid;chromosome;ambiguous;unlabeled,NOT_PUBLISHED_IN_METADATA,IN_GFA: dp tag (Unicycler) / KC tag (SKESA),Shaw2021,https://github.com/fmfi-compbio/plasgraph2-datasets/blob/06cdf1524a9d424b5eb97628be26b87f854d398a/eskapee-train/shaw-2021_ecol-SAMN15148272-s.gfa.gz,06cdf1524a9d424b5eb97628be26b87f854d398a,LICENCE_NOT_DOCUMENTED,COMPLETE_FOR_ACCESSIONS;MISSING_STRAIN_BIOPROJECT_ASSEMBLY
shaw-2021_ecol-SAMN15148318-u,shaw-2021_ecol-SAMN15148318,SAMN15148318,eskapee-train,Escherichia coli,NOT_IN_SOURCE_METADATA,SRR11948749,SRR12298630,Nanopore,SAMN15148318,NOT_IN_SOURCE_METADATA,NOT_IN_SOURCE_METADATA,Unicycler,eskapee-train/shaw-2021_ecol-SAMN15148318-u.gfa.gz,YES,1432241,eskapee-train/shaw-2021_ecol-SAMN15148318-u.gfa.csv,YES,5344,contig|plasmid_score|chrom_score|label|length|chr_coverage|pl_coverage|un_coverage|hybrid_mapsto,plasmid;chromosome;ambiguous;unlabeled,NOT_PUBLISHED_IN_METADATA,IN_GFA: dp tag (Unicycler) / KC tag (SKESA),Shaw2021,https://github.com/fmfi-compbio/plasgraph2-datasets/blob/06cdf1524a9d424b5eb97628be26b87f854d398a/eskapee-train/shaw-2021_ecol-SAMN15148318-u.gfa.gz,06cdf1524a9d424b5eb97628be26b87f854d398a,LICENCE_NOT_DOCUMENTED,COMPLETE_FOR_ACCESSIONS;MISSING_STRAIN_BIOPROJECT_ASSEMBLY
shaw-2021_ecol-SAMN15148318-s,shaw-2021_ecol-SAMN15148318,SAMN15148318,eskapee-train,Escherichia coli,NOT_IN_SOURCE_METADATA,SRR11948749,SRR12298630,Nanopore,SAMN15148318,NOT_IN_SOURCE_METADATA,NOT_IN_SOURCE_METADATA,SKESA,eskapee-train/shaw-2021_ecol-SAMN15148318-s.gfa.gz,YES,1435629,eskapee-train/shaw-2021_ecol-SAMN15148318-s.gfa.csv,YES,8543,contig|plasmid_score|chrom_score|label|length|chr_coverage|pl_coverage|un_coverage|hybrid_mapsto,plasmid;chromosome;ambiguous;unlabeled,NOT_PUBLISHED_IN_METADATA,IN_GFA: dp tag (Unicycler) / KC tag (SKESA),Shaw2021,https://github.com/fmfi-compbio/plasgraph2-datasets/blob/06cdf1524a9d424b5eb97628be26b87f854d398a/eskapee-train/shaw-2021_ecol-SAMN15148318-s.gfa.gz,06cdf1524a9d424b5eb97628be26b87f854d398a,LICENCE_NOT_DOCUMENTED,COMPLETE_FOR_ACCESSIONS;MISSING_STRAIN_BIOPROJECT_ASSEMBLY
shaw-2021_ecol-SAMN15148346-u,shaw-2021_ecol-SAMN15148346,SAMN15148346,eskapee-train,Escherichia coli,NOT_IN_SOURCE_METADATA,SRR11948933,SRR12299149,Nanopore,SAMN15148346,NOT_IN_SOURCE_METADATA,NOT_IN_SOURCE_METADATA,Unicycler,eskapee-train/shaw-2021_ecol-SAMN15148346-u.gfa.gz,YES,1344559,eskapee-train/shaw-2021_ecol-SAMN15148346-u.gfa.csv,YES,3624,contig|plasmid_score|chrom_score|label|length|chr_coverage|pl_coverage|un_coverage|hybrid_mapsto,plasmid;chromosome;ambiguous;unlabeled,NOT_PUBLISHED_IN_METADATA,IN_GFA: dp tag (Unicycler) / KC tag (SKESA),Shaw2021,https://github.com/fmfi-compbio/plasgraph2-datasets/blob/06cdf1524a9d424b5eb97628be26b87f854d398a/eskapee-train/shaw-2021_ecol-SAMN15148346-u.gfa.gz,06cdf1524a9d424b5eb97628be26b87f854d398a,LICENCE_NOT_DOCUMENTED,COMPLETE_FOR_ACCESSIONS;MISSING_STRAIN_BIOPROJECT_ASSEMBLY
shaw-2021_ecol-SAMN15148346-s,shaw-2021_ecol-SAMN15148346,SAMN15148346,eskapee-train,Escherichia coli,NOT_IN_SOURCE_METADATA,SRR11948933,SRR12299149,Nanopore,SAMN15148346,NOT_IN_SOURCE_METADATA,NOT_IN_SOURCE_METADATA,SKESA,eskapee-train/shaw-2021_ecol-SAMN15148346-s.gfa.gz,YES,1347645,eskapee-train/shaw-2021_ecol-SAMN15148346-s.gfa.csv,YES,7747,contig|plasmid_score|chrom_score|label|length|chr_coverage|pl_coverage|un_coverage|hybrid_mapsto,plasmid;chromosome;ambiguous;unlabeled,NOT_PUBLISHED_IN_METADATA,IN_GFA: dp tag (Unicycler) / KC tag (SKESA),Shaw2021,https://github.com/fmfi-compbio/plasgraph2-datasets/blob/06cdf1524a9d424b5eb97628be26b87f854d398a/eskapee-train/shaw-2021_ecol-SAMN15148346-s.gfa.gz,06cdf1524a9d424b5eb97628be26b87f854d398a,LICENCE_NOT_DOCUMENTED,COMPLETE_FOR_ACCESSIONS;MISSING_STRAIN_BIOPROJECT_ASSEMBLY
shaw-2021_ecol-SAMN15148412-u,shaw-2021_ecol-SAMN15148412,SAMN15148412,eskapee-train,Escherichia coli,NOT_IN_SOURCE_METADATA,SRR11948961,SRR12298604,Nanopore,SAMN15148412,NOT_IN_SOURCE_METADATA,NOT_IN_SOURCE_METADATA,Unicycler,eskapee-train/shaw-2021_ecol-SAMN15148412-u.gfa.gz,YES,1427837,eskapee-train/shaw-2021_ecol-SAMN15148412-u.gfa.csv,YES,5507,contig|plasmid_score|chrom_score|label|length|chr_coverage|pl_coverage|un_coverage|hybrid_mapsto,plasmid;chromosome;ambiguous;unlabeled,NOT_PUBLISHED_IN_METADATA,IN_GFA: dp tag (Unicycler) / KC tag (SKESA),Shaw2021,https://github.com/fmfi-compbio/plasgraph2-datasets/blob/06cdf1524a9d424b5eb97628be26b87f854d398a/eskapee-train/shaw-2021_ecol-SAMN15148412-u.gfa.gz,06cdf1524a9d424b5eb97628be26b87f854d398a,LICENCE_NOT_DOCUMENTED,COMPLETE_FOR_ACCESSIONS;MISSING_STRAIN_BIOPROJECT_ASSEMBLY
shaw-2021_ecol-SAMN15148412-s,shaw-2021_ecol-SAMN15148412,SAMN15148412,eskapee-train,Escherichia coli,NOT_IN_SOURCE_METADATA,SRR11948961,SRR12298604,Nanopore,SAMN15148412,NOT_IN_SOURCE_METADATA,NOT_IN_SOURCE_METADATA,SKESA,eskapee-train/shaw-2021_ecol-SAMN15148412-s.gfa.gz,YES,1433461,eskapee-train/shaw-2021_ecol-SAMN15148412-s.gfa.csv,YES,9872,contig|plasmid_score|chrom_score|label|length|chr_coverage|pl_coverage|un_coverage|hybrid_mapsto,plasmid;chromosome;ambiguous;unlabeled,NOT_PUBLISHED_IN_METADATA,IN_GFA: dp tag (Unicycler) / KC tag (SKESA),Shaw2021,https://github.com/fmfi-compbio/plasgraph2-datasets/blob/06cdf1524a9d424b5eb97628be26b87f854d398a/eskapee-train/shaw-2021_ecol-SAMN15148412-s.gfa.gz,06cdf1524a9d424b5eb97628be26b87f854d398a,LICENCE_NOT_DOCUMENTED,COMPLETE_FOR_ACCESSIONS;MISSING_STRAIN_BIOPROJECT_ASSEMBLY
shaw-2021_ecol-SAMN15148474-u,shaw-2021_ecol-SAMN15148474,SAMN15148474,eskapee-train,Escherichia coli,NOT_IN_SOURCE_METADATA,SRR11948784,SRR12298439,Nanopore,SAMN15148474,NOT_IN_SOURCE_METADATA,NOT_IN_SOURCE_METADATA,Unicycler,eskapee-train/shaw-2021_ecol-SAMN15148474-u.gfa.gz,YES,1546545,eskapee-train/shaw-2021_ecol-SAMN15148474-u.gfa.csv,YES,10343,contig|plasmid_score|chrom_score|label|length|chr_coverage|pl_coverage|un_coverage|hybrid_mapsto,plasmid;chromosome;ambiguous;unlabeled,NOT_PUBLISHED_IN_METADATA,IN_GFA: dp tag (Unicycler) / KC tag (SKESA),Shaw2021,https://github.com/fmfi-compbio/plasgraph2-datasets/blob/06cdf1524a9d424b5eb97628be26b87f854d398a/eskapee-train/shaw-2021_ecol-SAMN15148474-u.gfa.gz,06cdf1524a9d424b5eb97628be26b87f854d398a,LICENCE_NOT_DOCUMENTED,COMPLETE_FOR_ACCESSIONS;MISSING_STRAIN_BIOPROJECT_ASSEMBLY
shaw-2021_ecol-SAMN15148474-s,shaw-2021_ecol-SAMN15148474,SAMN15148474,eskapee-train,Escherichia coli,NOT_IN_SOURCE_METADATA,SRR11948784,SRR12298439,Nanopore,SAMN15148474,NOT_IN_SOURCE_METADATA,NOT_IN_SOURCE_METADATA,SKESA,eskapee-train/shaw-2021_ecol-SAMN15148474-s.gfa.gz,YES,1553712,eskapee-train/shaw-2021_ecol-SAMN15148474-s.gfa.csv,YES,14950,contig|plasmid_score|chrom_score|label|length|chr_coverage|pl_coverage|un_coverage|hybrid_mapsto,plasmid;chromosome;ambiguous;unlabeled,NOT_PUBLISHED_IN_METADATA,IN_GFA: dp tag (Unicycler) / KC tag (SKESA),Shaw2021,https://github.com/fmfi-compbio/plasgraph2-datasets/blob/06cdf1524a9d424b5eb97628be26b87f854d398a/eskapee-train/shaw-2021_ecol-SAMN15148474-s.gfa.gz,06cdf1524a9d424b5eb97628be26b87f854d398a,LICENCE_NOT_DOCUMENTED,COMPLETE_FOR_ACCESSIONS;MISSING_STRAIN_BIOPROJECT_ASSEMBLY
shaw-2021_ecol-SAMN15148538-u,shaw-2021_ecol-SAMN15148538,SAMN15148538,eskapee-train,Escherichia coli,NOT_IN_SOURCE_METADATA,SRR11948895,SRR12298368,Nanopore,SAMN15148538,NOT_IN_SOURCE_METADATA,NOT_IN_SOURCE_METADATA,Unicycler,eskapee-train/shaw-2021_ecol-SAMN15148538-u.gfa.gz,YES,1396637,eskapee-train/shaw-2021_ecol-SAMN15148538-u.gfa.csv,YES,6430,contig|plasmid_score|chrom_score|label|length|chr_coverage|pl_coverage|un_coverage|hybrid_mapsto,plasmid;chromosome;ambiguous;unlabeled,NOT_PUBLISHED_IN_METADATA,IN_GFA: dp tag (Unicycler) / KC tag (SKESA),Shaw2021,https://github.com/fmfi-compbio/plasgraph2-datasets/blob/06cdf1524a9d424b5eb97628be26b87f854d398a/eskapee-train/shaw-2021_ecol-SAMN15148538-u.gfa.gz,06cdf1524a9d424b5eb97628be26b87f854d398a,LICENCE_NOT_DOCUMENTED,COMPLETE_FOR_ACCESSIONS;MISSING_STRAIN_BIOPROJECT_ASSEMBLY
shaw-2021_ecol-SAMN15148538-s,shaw-2021_ecol-SAMN15148538,SAMN15148538,eskapee-train,Escherichia coli,NOT_IN_SOURCE_METADATA,SRR11948895,SRR12298368,Nanopore,SAMN15148538,NOT_IN_SOURCE_METADATA,NOT_IN_SOURCE_METADATA,SKESA,eskapee-train/shaw-2021_ecol-SAMN15148538-s.gfa.gz,YES,1403278,eskapee-train/shaw-2021_ecol-SAMN15148538-s.gfa.csv,YES,11797,contig|plasmid_score|chrom_score|label|length|chr_coverage|pl_coverage|un_coverage|hybrid_mapsto,plasmid;chromosome;ambiguous;unlabeled,NOT_PUBLISHED_IN_METADATA,IN_GFA: dp tag (Unicycler) / KC tag (SKESA),Shaw2021,https://github.com/fmfi-compbio/plasgraph2-datasets/blob/06cdf1524a9d424b5eb97628be26b87f854d398a/eskapee-train/shaw-2021_ecol-SAMN15148538-s.gfa.gz,06cdf1524a9d424b5eb97628be26b87f854d398a,LICENCE_NOT_DOCUMENTED,COMPLETE_FOR_ACCESSIONS;MISSING_STRAIN_BIOPROJECT_ASSEMBLY
shaw-2021_ecol-SAMN15148693-u,shaw-2021_ecol-SAMN15148693,SAMN15148693,eskapee-train,Escherichia coli,NOT_IN_SOURCE_METADATA,SRR11949449,SRR12298670,Nanopore,SAMN15148693,NOT_IN_SOURCE_METADATA,NOT_IN_SOURCE_METADATA,Unicycler,eskapee-train/shaw-2021_ecol-SAMN15148693-u.gfa.gz,YES,1403428,eskapee-train/shaw-2021_ecol-SAMN15148693-u.gfa.csv,YES,5192,contig|plasmid_score|chrom_score|label|length|chr_coverage|pl_coverage|un_coverage|hybrid_mapsto,plasmid;chromosome;ambiguous;unlabeled,NOT_PUBLISHED_IN_METADATA,IN_GFA: dp tag (Unicycler) / KC tag (SKESA),Shaw2021,https://github.com/fmfi-compbio/plasgraph2-datasets/blob/06cdf1524a9d424b5eb97628be26b87f854d398a/eskapee-train/shaw-2021_ecol-SAMN15148693-u.gfa.gz,06cdf1524a9d424b5eb97628be26b87f854d398a,LICENCE_NOT_DOCUMENTED,COMPLETE_FOR_ACCESSIONS;MISSING_STRAIN_BIOPROJECT_ASSEMBLY
shaw-2021_ecol-SAMN15148693-s,shaw-2021_ecol-SAMN15148693,SAMN15148693,eskapee-train,Escherichia coli,NOT_IN_SOURCE_METADATA,SRR11949449,SRR12298670,Nanopore,SAMN15148693,NOT_IN_SOURCE_METADATA,NOT_IN_SOURCE_METADATA,SKESA,eskapee-train/shaw-2021_ecol-SAMN15148693-s.gfa.gz,YES,1408045,eskapee-train/shaw-2021_ecol-SAMN15148693-s.gfa.csv,YES,9260,contig|plasmid_score|chrom_score|label|length|chr_coverage|pl_coverage|un_coverage|hybrid_mapsto,plasmid;chromosome;ambiguous;unlabeled,NOT_PUBLISHED_IN_METADATA,IN_GFA: dp tag (Unicycler) / KC tag (SKESA),Shaw2021,https://github.com/fmfi-compbio/plasgraph2-datasets/blob/06cdf1524a9d424b5eb97628be26b87f854d398a/eskapee-train/shaw-2021_ecol-SAMN15148693-s.gfa.gz,06cdf1524a9d424b5eb97628be26b87f854d398a,LICENCE_NOT_DOCUMENTED,COMPLETE_FOR_ACCESSIONS;MISSING_STRAIN_BIOPROJECT_ASSEMBLY
shaw-2021_exxx-SAMN15148503-u,shaw-2021_exxx-SAMN15148503,SAMN15148503,eskapee-train,Enterobacter sp.,NOT_IN_SOURCE_METADATA,SRR11948806,SRR12298407,PacBio,SAMN15148503,NOT_IN_SOURCE_METADATA,NOT_IN_SOURCE_METADATA,Unicycler,eskapee-train/shaw-2021_exxx-SAMN15148503-u.gfa.gz,YES,1472020,eskapee-train/shaw-2021_exxx-SAMN15148503-u.gfa.csv,YES,7502,contig|plasmid_score|chrom_score|label|length|chr_coverage|pl_coverage|un_coverage|hybrid_mapsto,plasmid;chromosome;ambiguous;unlabeled,NOT_PUBLISHED_IN_METADATA,IN_GFA: dp tag (Unicycler) / KC tag (SKESA),Shaw2021,https://github.com/fmfi-compbio/plasgraph2-datasets/blob/06cdf1524a9d424b5eb97628be26b87f854d398a/eskapee-train/shaw-2021_exxx-SAMN15148503-u.gfa.gz,06cdf1524a9d424b5eb97628be26b87f854d398a,LICENCE_NOT_DOCUMENTED,COMPLETE_FOR_ACCESSIONS;MISSING_STRAIN_BIOPROJECT_ASSEMBLY
shaw-2021_exxx-SAMN15148503-s,shaw-2021_exxx-SAMN15148503,SAMN15148503,eskapee-train,Enterobacter sp.,NOT_IN_SOURCE_METADATA,SRR11948806,SRR12298407,PacBio,SAMN15148503,NOT_IN_SOURCE_METADATA,NOT_IN_SOURCE_METADATA,SKESA,eskapee-train/shaw-2021_exxx-SAMN15148503-s.gfa.gz,YES,1478251,eskapee-train/shaw-2021_exxx-SAMN15148503-s.gfa.csv,YES,14354,contig|plasmid_score|chrom_score|label|length|chr_coverage|pl_coverage|un_coverage|hybrid_mapsto,plasmid;chromosome;ambiguous;unlabeled,NOT_PUBLISHED_IN_METADATA,IN_GFA: dp tag (Unicycler) / KC tag (SKESA),Shaw2021,https://github.com/fmfi-compbio/plasgraph2-datasets/blob/06cdf1524a9d424b5eb97628be26b87f854d398a/eskapee-train/shaw-2021_exxx-SAMN15148503-s.gfa.gz,06cdf1524a9d424b5eb97628be26b87f854d398a,LICENCE_NOT_DOCUMENTED,COMPLETE_FOR_ACCESSIONS;MISSING_STRAIN_BIOPROJECT_ASSEMBLY
shaw-2021_exxx-SAMN15148756-u,shaw-2021_exxx-SAMN15148756,SAMN15148756,eskapee-train,Enterobacter sp.,NOT_IN_SOURCE_METADATA,SRR11949011,SRR12299053,Nanopore,SAMN15148756,NOT_IN_SOURCE_METADATA,NOT_IN_SOURCE_METADATA,Unicycler,eskapee-train/shaw-2021_exxx-SAMN15148756-u.gfa.gz,YES,1470495,eskapee-train/shaw-2021_exxx-SAMN15148756-u.gfa.csv,YES,7952,contig|plasmid_score|chrom_score|label|length|chr_coverage|pl_coverage|un_coverage|hybrid_mapsto,plasmid;chromosome;ambiguous;unlabeled,NOT_PUBLISHED_IN_METADATA,IN_GFA: dp tag (Unicycler) / KC tag (SKESA),Shaw2021,https://github.com/fmfi-compbio/plasgraph2-datasets/blob/06cdf1524a9d424b5eb97628be26b87f854d398a/eskapee-train/shaw-2021_exxx-SAMN15148756-u.gfa.gz,06cdf1524a9d424b5eb97628be26b87f854d398a,LICENCE_NOT_DOCUMENTED,COMPLETE_FOR_ACCESSIONS;MISSING_STRAIN_BIOPROJECT_ASSEMBLY
shaw-2021_exxx-SAMN15148756-s,shaw-2021_exxx-SAMN15148756,SAMN15148756,eskapee-train,Enterobacter sp.,NOT_IN_SOURCE_METADATA,SRR11949011,SRR12299053,Nanopore,SAMN15148756,NOT_IN_SOURCE_METADATA,NOT_IN_SOURCE_METADATA,SKESA,eskapee-train/shaw-2021_exxx-SAMN15148756-s.gfa.gz,YES,1476947,eskapee-train/shaw-2021_exxx-SAMN15148756-s.gfa.csv,YES,14901,contig|plasmid_score|chrom_score|label|length|chr_coverage|pl_coverage|un_coverage|hybrid_mapsto,plasmid;chromosome;ambiguous;unlabeled,NOT_PUBLISHED_IN_METADATA,IN_GFA: dp tag (Unicycler) / KC tag (SKESA),Shaw2021,https://github.com/fmfi-compbio/plasgraph2-datasets/blob/06cdf1524a9d424b5eb97628be26b87f854d398a/eskapee-train/shaw-2021_exxx-SAMN15148756-s.gfa.gz,06cdf1524a9d424b5eb97628be26b87f854d398a,LICENCE_NOT_DOCUMENTED,COMPLETE_FOR_ACCESSIONS;MISSING_STRAIN_BIOPROJECT_ASSEMBLY
shaw-2021_kpne-SAMN15148443-u,shaw-2021_kpne-SAMN15148443,SAMN15148443,eskapee-train,Klebsiella pneumoniae,NOT_IN_SOURCE_METADATA,SRR11949023,SRR12298498,PacBio,SAMN15148443,NOT_IN_SOURCE_METADATA,NOT_IN_SOURCE_METADATA,Unicycler,eskapee-train/shaw-2021_kpne-SAMN15148443-u.gfa.gz,YES,1529958,eskapee-train/shaw-2021_kpne-SAMN15148443-u.gfa.csv,YES,6961,contig|plasmid_score|chrom_score|label|length|chr_coverage|pl_coverage|un_coverage|hybrid_mapsto,plasmid;chromosome;ambiguous;unlabeled,NOT_PUBLISHED_IN_METADATA,IN_GFA: dp tag (Unicycler) / KC tag (SKESA),Shaw2021,https://github.com/fmfi-compbio/plasgraph2-datasets/blob/06cdf1524a9d424b5eb97628be26b87f854d398a/eskapee-train/shaw-2021_kpne-SAMN15148443-u.gfa.gz,06cdf1524a9d424b5eb97628be26b87f854d398a,LICENCE_NOT_DOCUMENTED,COMPLETE_FOR_ACCESSIONS;MISSING_STRAIN_BIOPROJECT_ASSEMBLY
shaw-2021_kpne-SAMN15148443-s,shaw-2021_kpne-SAMN15148443,SAMN15148443,eskapee-train,Klebsiella pneumoniae,NOT_IN_SOURCE_METADATA,SRR11949023,SRR12298498,PacBio,SAMN15148443,NOT_IN_SOURCE_METADATA,NOT_IN_SOURCE_METADATA,SKESA,eskapee-train/shaw-2021_kpne-SAMN15148443-s.gfa.gz,YES,1537233,eskapee-train/shaw-2021_kpne-SAMN15148443-s.gfa.csv,YES,13339,contig|plasmid_score|chrom_score|label|length|chr_coverage|pl_coverage|un_coverage|hybrid_mapsto,plasmid;chromosome;ambiguous;unlabeled,NOT_PUBLISHED_IN_METADATA,IN_GFA: dp tag (Unicycler) / KC tag (SKESA),Shaw2021,https://github.com/fmfi-compbio/plasgraph2-datasets/blob/06cdf1524a9d424b5eb97628be26b87f854d398a/eskapee-train/shaw-2021_kpne-SAMN15148443-s.gfa.gz,06cdf1524a9d424b5eb97628be26b87f854d398a,LICENCE_NOT_DOCUMENTED,COMPLETE_FOR_ACCESSIONS;MISSING_STRAIN_BIOPROJECT_ASSEMBLY
shaw-2021_kpne-SAMN15148530-u,shaw-2021_kpne-SAMN15148530,SAMN15148530,eskapee-train,Klebsiella pneumoniae,NOT_IN_SOURCE_METADATA,SRR11949172,SRR12298377,PacBio,SAMN15148530,NOT_IN_SOURCE_METADATA,NOT_IN_SOURCE_METADATA,Unicycler,eskapee-train/shaw-2021_kpne-SAMN15148530-u.gfa.gz,YES,1612531,eskapee-train/shaw-2021_kpne-SAMN15148530-u.gfa.csv,YES,17242,contig|plasmid_score|chrom_score|label|length|chr_coverage|pl_coverage|un_coverage|hybrid_mapsto,plasmid;chromosome;ambiguous;unlabeled,NOT_PUBLISHED_IN_METADATA,IN_GFA: dp tag (Unicycler) / KC tag (SKESA),Shaw2021,https://github.com/fmfi-compbio/plasgraph2-datasets/blob/06cdf1524a9d424b5eb97628be26b87f854d398a/eskapee-train/shaw-2021_kpne-SAMN15148530-u.gfa.gz,06cdf1524a9d424b5eb97628be26b87f854d398a,LICENCE_NOT_DOCUMENTED,COMPLETE_FOR_ACCESSIONS;MISSING_STRAIN_BIOPROJECT_ASSEMBLY
shaw-2021_kpne-SAMN15148530-s,shaw-2021_kpne-SAMN15148530,SAMN15148530,eskapee-train,Klebsiella pneumoniae,NOT_IN_SOURCE_METADATA,SRR11949172,SRR12298377,PacBio,SAMN15148530,NOT_IN_SOURCE_METADATA,NOT_IN_SOURCE_METADATA,SKESA,eskapee-train/shaw-2021_kpne-SAMN15148530-s.gfa.gz,YES,1617116,eskapee-train/shaw-2021_kpne-SAMN15148530-s.gfa.csv,YES,21059,contig|plasmid_score|chrom_score|label|length|chr_coverage|pl_coverage|un_coverage|hybrid_mapsto,plasmid;chromosome;ambiguous;unlabeled,NOT_PUBLISHED_IN_METADATA,IN_GFA: dp tag (Unicycler) / KC tag (SKESA),Shaw2021,https://github.com/fmfi-compbio/plasgraph2-datasets/blob/06cdf1524a9d424b5eb97628be26b87f854d398a/eskapee-train/shaw-2021_kpne-SAMN15148530-s.gfa.gz,06cdf1524a9d424b5eb97628be26b87f854d398a,LICENCE_NOT_DOCUMENTED,COMPLETE_FOR_ACCESSIONS;MISSING_STRAIN_BIOPROJECT_ASSEMBLY
shaw-2021_kpne-SAMN15148557-u,shaw-2021_kpne-SAMN15148557,SAMN15148557,eskapee-train,Klebsiella pneumoniae,NOT_IN_SOURCE_METADATA,SRR11949089,SRR12298919,PacBio,SAMN15148557,NOT_IN_SOURCE_METADATA,NOT_IN_SOURCE_METADATA,Unicycler,eskapee-train/shaw-2021_kpne-SAMN15148557-u.gfa.gz,YES,1588397,eskapee-train/shaw-2021_kpne-SAMN15148557-u.gfa.csv,YES,16381,contig|plasmid_score|chrom_score|label|length|chr_coverage|pl_coverage|un_coverage|hybrid_mapsto,plasmid;chromosome;ambiguous;unlabeled,NOT_PUBLISHED_IN_METADATA,IN_GFA: dp tag (Unicycler) / KC tag (SKESA),Shaw2021,https://github.com/fmfi-compbio/plasgraph2-datasets/blob/06cdf1524a9d424b5eb97628be26b87f854d398a/eskapee-train/shaw-2021_kpne-SAMN15148557-u.gfa.gz,06cdf1524a9d424b5eb97628be26b87f854d398a,LICENCE_NOT_DOCUMENTED,COMPLETE_FOR_ACCESSIONS;MISSING_STRAIN_BIOPROJECT_ASSEMBLY
shaw-2021_kpne-SAMN15148557-s,shaw-2021_kpne-SAMN15148557,SAMN15148557,eskapee-train,Klebsiella pneumoniae,NOT_IN_SOURCE_METADATA,SRR11949089,SRR12298919,PacBio,SAMN15148557,NOT_IN_SOURCE_METADATA,NOT_IN_SOURCE_METADATA,SKESA,eskapee-train/shaw-2021_kpne-SAMN15148557-s.gfa.gz,YES,1601062,eskapee-train/shaw-2021_kpne-SAMN15148557-s.gfa.csv,YES,36368,contig|plasmid_score|chrom_score|label|length|chr_coverage|pl_coverage|un_coverage|hybrid_mapsto,plasmid;chromosome;ambiguous;unlabeled,NOT_PUBLISHED_IN_METADATA,IN_GFA: dp tag (Unicycler) / KC tag (SKESA),Shaw2021,https://github.com/fmfi-compbio/plasgraph2-datasets/blob/06cdf1524a9d424b5eb97628be26b87f854d398a/eskapee-train/shaw-2021_kpne-SAMN15148557-s.gfa.gz,06cdf1524a9d424b5eb97628be26b87f854d398a,LICENCE_NOT_DOCUMENTED,COMPLETE_FOR_ACCESSIONS;MISSING_STRAIN_BIOPROJECT_ASSEMBLY
shaw-2021_kpne-SAMN15148709-u,shaw-2021_kpne-SAMN15148709,SAMN15148709,eskapee-train,Klebsiella pneumoniae,NOT_IN_SOURCE_METADATA,SRR11948865,SRR12299177,Nanopore,SAMN15148709,NOT_IN_SOURCE_METADATA,NOT_IN_SOURCE_METADATA,Unicycler,eskapee-train/shaw-2021_kpne-SAMN15148709-u.gfa.gz,YES,1662356,eskapee-train/shaw-2021_kpne-SAMN15148709-u.gfa.csv,YES,11844,contig|plasmid_score|chrom_score|label|length|chr_coverage|pl_coverage|un_coverage|hybrid_mapsto,plasmid;chromosome;ambiguous;unlabeled,NOT_PUBLISHED_IN_METADATA,IN_GFA: dp tag (Unicycler) / KC tag (SKESA),Shaw2021,https://github.com/fmfi-compbio/plasgraph2-datasets/blob/06cdf1524a9d424b5eb97628be26b87f854d398a/eskapee-train/shaw-2021_kpne-SAMN15148709-u.gfa.gz,06cdf1524a9d424b5eb97628be26b87f854d398a,LICENCE_NOT_DOCUMENTED,COMPLETE_FOR_ACCESSIONS;MISSING_STRAIN_BIOPROJECT_ASSEMBLY
shaw-2021_kpne-SAMN15148709-s,shaw-2021_kpne-SAMN15148709,SAMN15148709,eskapee-train,Klebsiella pneumoniae,NOT_IN_SOURCE_METADATA,SRR11948865,SRR12299177,Nanopore,SAMN15148709,NOT_IN_SOURCE_METADATA,NOT_IN_SOURCE_METADATA,SKESA,eskapee-train/shaw-2021_kpne-SAMN15148709-s.gfa.gz,YES,1672790,eskapee-train/shaw-2021_kpne-SAMN15148709-s.gfa.csv,YES,24695,contig|plasmid_score|chrom_score|label|length|chr_coverage|pl_coverage|un_coverage|hybrid_mapsto,plasmid;chromosome;ambiguous;unlabeled,NOT_PUBLISHED_IN_METADATA,IN_GFA: dp tag (Unicycler) / KC tag (SKESA),Shaw2021,https://github.com/fmfi-compbio/plasgraph2-datasets/blob/06cdf1524a9d424b5eb97628be26b87f854d398a/eskapee-train/shaw-2021_kpne-SAMN15148709-s.gfa.gz,06cdf1524a9d424b5eb97628be26b87f854d398a,LICENCE_NOT_DOCUMENTED,COMPLETE_FOR_ACCESSIONS;MISSING_STRAIN_BIOPROJECT_ASSEMBLY
shaw-2021_kpne-SAMN15148715-u,shaw-2021_kpne-SAMN15148715,SAMN15148715,eskapee-train,Klebsiella pneumoniae,NOT_IN_SOURCE_METADATA,SRR11949271,SRR12299171,Nanopore,SAMN15148715,NOT_IN_SOURCE_METADATA,NOT_IN_SOURCE_METADATA,Unicycler,eskapee-train/shaw-2021_kpne-SAMN15148715-u.gfa.gz,YES,1518308,eskapee-train/shaw-2021_kpne-SAMN15148715-u.gfa.csv,YES,4995,contig|plasmid_score|chrom_score|label|length|chr_coverage|pl_coverage|un_coverage|hybrid_mapsto,plasmid;chromosome;ambiguous;unlabeled,NOT_PUBLISHED_IN_METADATA,IN_GFA: dp tag (Unicycler) / KC tag (SKESA),Shaw2021,https://github.com/fmfi-compbio/plasgraph2-datasets/blob/06cdf1524a9d424b5eb97628be26b87f854d398a/eskapee-train/shaw-2021_kpne-SAMN15148715-u.gfa.gz,06cdf1524a9d424b5eb97628be26b87f854d398a,LICENCE_NOT_DOCUMENTED,COMPLETE_FOR_ACCESSIONS;MISSING_STRAIN_BIOPROJECT_ASSEMBLY
shaw-2021_kpne-SAMN15148715-s,shaw-2021_kpne-SAMN15148715,SAMN15148715,eskapee-train,Klebsiella pneumoniae,NOT_IN_SOURCE_METADATA,SRR11949271,SRR12299171,Nanopore,SAMN15148715,NOT_IN_SOURCE_METADATA,NOT_IN_SOURCE_METADATA,SKESA,eskapee-train/shaw-2021_kpne-SAMN15148715-s.gfa.gz,YES,1520383,eskapee-train/shaw-2021_kpne-SAMN15148715-s.gfa.csv,YES,7164,contig|plasmid_score|chrom_score|label|length|chr_coverage|pl_coverage|un_coverage|hybrid_mapsto,plasmid;chromosome;ambiguous;unlabeled,NOT_PUBLISHED_IN_METADATA,IN_GFA: dp tag (Unicycler) / KC tag (SKESA),Shaw2021,https://github.com/fmfi-compbio/plasgraph2-datasets/blob/06cdf1524a9d424b5eb97628be26b87f854d398a/eskapee-train/shaw-2021_kpne-SAMN15148715-s.gfa.gz,06cdf1524a9d424b5eb97628be26b87f854d398a,LICENCE_NOT_DOCUMENTED,COMPLETE_FOR_ACCESSIONS;MISSING_STRAIN_BIOPROJECT_ASSEMBLY
small2_abau-SAMN05238571-u,small2_abau-SAMN05238571,SAMN05238571,eskapee-train,Acinetobacter baumannii,NOT_IN_SOURCE_METADATA,SRR3666896,SRR10173078,nanopore,SAMN05238571,NOT_IN_SOURCE_METADATA,NOT_IN_SOURCE_METADATA,Unicycler,eskapee-train/small2_abau-SAMN05238571-u.gfa.gz,YES,1117051,eskapee-train/small2_abau-SAMN05238571-u.gfa.csv,YES,7918,contig|plasmid_score|chrom_score|label|length|chr_coverage|pl_coverage|un_coverage|hybrid_mapsto,plasmid;chromosome;ambiguous;unlabeled,NOT_PUBLISHED_IN_METADATA,IN_GFA: dp tag (Unicycler) / KC tag (SKESA),Chan2020,https://github.com/fmfi-compbio/plasgraph2-datasets/blob/06cdf1524a9d424b5eb97628be26b87f854d398a/eskapee-train/small2_abau-SAMN05238571-u.gfa.gz,06cdf1524a9d424b5eb97628be26b87f854d398a,LICENCE_NOT_DOCUMENTED,COMPLETE_FOR_ACCESSIONS;MISSING_STRAIN_BIOPROJECT_ASSEMBLY
small2_abau-SAMN05238571-s,small2_abau-SAMN05238571,SAMN05238571,eskapee-train,Acinetobacter baumannii,NOT_IN_SOURCE_METADATA,SRR3666896,SRR10173078,nanopore,SAMN05238571,NOT_IN_SOURCE_METADATA,NOT_IN_SOURCE_METADATA,SKESA,eskapee-train/small2_abau-SAMN05238571-s.gfa.gz,YES,1118391,eskapee-train/small2_abau-SAMN05238571-s.gfa.csv,YES,11327,contig|plasmid_score|chrom_score|label|length|chr_coverage|pl_coverage|un_coverage|hybrid_mapsto,plasmid;chromosome;ambiguous;unlabeled,NOT_PUBLISHED_IN_METADATA,IN_GFA: dp tag (Unicycler) / KC tag (SKESA),Chan2020,https://github.com/fmfi-compbio/plasgraph2-datasets/blob/06cdf1524a9d424b5eb97628be26b87f854d398a/eskapee-train/small2_abau-SAMN05238571-s.gfa.gz,06cdf1524a9d424b5eb97628be26b87f854d398a,LICENCE_NOT_DOCUMENTED,COMPLETE_FOR_ACCESSIONS;MISSING_STRAIN_BIOPROJECT_ASSEMBLY
small2_abau-SAMN05238628-u,small2_abau-SAMN05238628,SAMN05238628,eskapee-train,Acinetobacter baumannii,NOT_IN_SOURCE_METADATA,SRR3666894,SRR10173076,nanopore,SAMN05238628,NOT_IN_SOURCE_METADATA,NOT_IN_SOURCE_METADATA,Unicycler,eskapee-train/small2_abau-SAMN05238628-u.gfa.gz,YES,1135862,eskapee-train/small2_abau-SAMN05238628-u.gfa.csv,YES,9029,contig|plasmid_score|chrom_score|label|length|chr_coverage|pl_coverage|un_coverage|hybrid_mapsto,plasmid;chromosome;ambiguous;unlabeled,NOT_PUBLISHED_IN_METADATA,IN_GFA: dp tag (Unicycler) / KC tag (SKESA),Chan2020,https://github.com/fmfi-compbio/plasgraph2-datasets/blob/06cdf1524a9d424b5eb97628be26b87f854d398a/eskapee-train/small2_abau-SAMN05238628-u.gfa.gz,06cdf1524a9d424b5eb97628be26b87f854d398a,LICENCE_NOT_DOCUMENTED,COMPLETE_FOR_ACCESSIONS;MISSING_STRAIN_BIOPROJECT_ASSEMBLY
small2_abau-SAMN05238628-s,small2_abau-SAMN05238628,SAMN05238628,eskapee-train,Acinetobacter baumannii,NOT_IN_SOURCE_METADATA,SRR3666894,SRR10173076,nanopore,SAMN05238628,NOT_IN_SOURCE_METADATA,NOT_IN_SOURCE_METADATA,SKESA,eskapee-train/small2_abau-SAMN05238628-s.gfa.gz,YES,1139473,eskapee-train/small2_abau-SAMN05238628-s.gfa.csv,YES,11967,contig|plasmid_score|chrom_score|label|length|chr_coverage|pl_coverage|un_coverage|hybrid_mapsto,plasmid;chromosome;ambiguous;unlabeled,NOT_PUBLISHED_IN_METADATA,IN_GFA: dp tag (Unicycler) / KC tag (SKESA),Chan2020,https://github.com/fmfi-compbio/plasgraph2-datasets/blob/06cdf1524a9d424b5eb97628be26b87f854d398a/eskapee-train/small2_abau-SAMN05238628-s.gfa.gz,06cdf1524a9d424b5eb97628be26b87f854d398a,LICENCE_NOT_DOCUMENTED,COMPLETE_FOR_ACCESSIONS;MISSING_STRAIN_BIOPROJECT_ASSEMBLY
small2_abau-SAMN05238672-u,small2_abau-SAMN05238672,SAMN05238672,eskapee-train,Acinetobacter baumannii,NOT_IN_SOURCE_METADATA,SRR3666207,SRR10173103,nanopore,SAMN05238672,NOT_IN_SOURCE_METADATA,NOT_IN_SOURCE_METADATA,Unicycler,eskapee-train/small2_abau-SAMN05238672-u.gfa.gz,YES,1170563,eskapee-train/small2_abau-SAMN05238672-u.gfa.csv,YES,13080,contig|plasmid_score|chrom_score|label|length|chr_coverage|pl_coverage|un_coverage|hybrid_mapsto,plasmid;chromosome;ambiguous;unlabeled,NOT_PUBLISHED_IN_METADATA,IN_GFA: dp tag (Unicycler) / KC tag (SKESA),Chan2020,https://github.com/fmfi-compbio/plasgraph2-datasets/blob/06cdf1524a9d424b5eb97628be26b87f854d398a/eskapee-train/small2_abau-SAMN05238672-u.gfa.gz,06cdf1524a9d424b5eb97628be26b87f854d398a,LICENCE_NOT_DOCUMENTED,COMPLETE_FOR_ACCESSIONS;MISSING_STRAIN_BIOPROJECT_ASSEMBLY
small2_abau-SAMN05238672-s,small2_abau-SAMN05238672,SAMN05238672,eskapee-train,Acinetobacter baumannii,NOT_IN_SOURCE_METADATA,SRR3666207,SRR10173103,nanopore,SAMN05238672,NOT_IN_SOURCE_METADATA,NOT_IN_SOURCE_METADATA,SKESA,eskapee-train/small2_abau-SAMN05238672-s.gfa.gz,YES,1170813,eskapee-train/small2_abau-SAMN05238672-s.gfa.csv,YES,12232,contig|plasmid_score|chrom_score|label|length|chr_coverage|pl_coverage|un_coverage|hybrid_mapsto,plasmid;chromosome;ambiguous;unlabeled,NOT_PUBLISHED_IN_METADATA,IN_GFA: dp tag (Unicycler) / KC tag (SKESA),Chan2020,https://github.com/fmfi-compbio/plasgraph2-datasets/blob/06cdf1524a9d424b5eb97628be26b87f854d398a/eskapee-train/small2_abau-SAMN05238672-s.gfa.gz,06cdf1524a9d424b5eb97628be26b87f854d398a,LICENCE_NOT_DOCUMENTED,COMPLETE_FOR_ACCESSIONS;MISSING_STRAIN_BIOPROJECT_ASSEMBLY
small2_abau-SAMN05238697-u,small2_abau-SAMN05238697,SAMN05238697,eskapee-train,Acinetobacter baumannii,NOT_IN_SOURCE_METADATA,SRR3666904,SRR10173075,nanopore,SAMN05238697,NOT_IN_SOURCE_METADATA,NOT_IN_SOURCE_METADATA,Unicycler,eskapee-train/small2_abau-SAMN05238697-u.gfa.gz,YES,1104032,eskapee-train/small2_abau-SAMN05238697-u.gfa.csv,YES,7250,contig|plasmid_score|chrom_score|label|length|chr_coverage|pl_coverage|un_coverage|hybrid_mapsto,plasmid;chromosome;ambiguous;unlabeled,NOT_PUBLISHED_IN_METADATA,IN_GFA: dp tag (Unicycler) / KC tag (SKESA),Chan2020,https://github.com/fmfi-compbio/plasgraph2-datasets/blob/06cdf1524a9d424b5eb97628be26b87f854d398a/eskapee-train/small2_abau-SAMN05238697-u.gfa.gz,06cdf1524a9d424b5eb97628be26b87f854d398a,LICENCE_NOT_DOCUMENTED,COMPLETE_FOR_ACCESSIONS;MISSING_STRAIN_BIOPROJECT_ASSEMBLY
small2_abau-SAMN05238697-s,small2_abau-SAMN05238697,SAMN05238697,eskapee-train,Acinetobacter baumannii,NOT_IN_SOURCE_METADATA,SRR3666904,SRR10173075,nanopore,SAMN05238697,NOT_IN_SOURCE_METADATA,NOT_IN_SOURCE_METADATA,SKESA,eskapee-train/small2_abau-SAMN05238697-s.gfa.gz,YES,1108277,eskapee-train/small2_abau-SAMN05238697-s.gfa.csv,YES,11400,contig|plasmid_score|chrom_score|label|length|chr_coverage|pl_coverage|un_coverage|hybrid_mapsto,plasmid;chromosome;ambiguous;unlabeled,NOT_PUBLISHED_IN_METADATA,IN_GFA: dp tag (Unicycler) / KC tag (SKESA),Chan2020,https://github.com/fmfi-compbio/plasgraph2-datasets/blob/06cdf1524a9d424b5eb97628be26b87f854d398a/eskapee-train/small2_abau-SAMN05238697-s.gfa.gz,06cdf1524a9d424b5eb97628be26b87f854d398a,LICENCE_NOT_DOCUMENTED,COMPLETE_FOR_ACCESSIONS;MISSING_STRAIN_BIOPROJECT_ASSEMBLY
small2_saur-SAMD00180470-u,small2_saur-SAMD00180470,SAMD00180470,eskapee-train,Staphylococcus aureus,NOT_IN_SOURCE_METADATA,DRR187559,DRR187567,nanopore,SAMD00180470,NOT_IN_SOURCE_METADATA,NOT_IN_SOURCE_METADATA,Unicycler,eskapee-train/small2_saur-SAMD00180470-u.gfa.gz,YES,827005,eskapee-train/small2_saur-SAMD00180470-u.gfa.csv,YES,2313,contig|plasmid_score|chrom_score|label|length|chr_coverage|pl_coverage|un_coverage|hybrid_mapsto,plasmid;chromosome;ambiguous;unlabeled,NOT_PUBLISHED_IN_METADATA,IN_GFA: dp tag (Unicycler) / KC tag (SKESA),Hikichi2019,https://github.com/fmfi-compbio/plasgraph2-datasets/blob/06cdf1524a9d424b5eb97628be26b87f854d398a/eskapee-train/small2_saur-SAMD00180470-u.gfa.gz,06cdf1524a9d424b5eb97628be26b87f854d398a,LICENCE_NOT_DOCUMENTED,COMPLETE_FOR_ACCESSIONS;MISSING_STRAIN_BIOPROJECT_ASSEMBLY
small2_saur-SAMD00180470-s,small2_saur-SAMD00180470,SAMD00180470,eskapee-train,Staphylococcus aureus,NOT_IN_SOURCE_METADATA,DRR187559,DRR187567,nanopore,SAMD00180470,NOT_IN_SOURCE_METADATA,NOT_IN_SOURCE_METADATA,SKESA,eskapee-train/small2_saur-SAMD00180470-s.gfa.gz,YES,835964,eskapee-train/small2_saur-SAMD00180470-s.gfa.csv,YES,4057,contig|plasmid_score|chrom_score|label|length|chr_coverage|pl_coverage|un_coverage|hybrid_mapsto,plasmid;chromosome;ambiguous;unlabeled,NOT_PUBLISHED_IN_METADATA,IN_GFA: dp tag (Unicycler) / KC tag (SKESA),Hikichi2019,https://github.com/fmfi-compbio/plasgraph2-datasets/blob/06cdf1524a9d424b5eb97628be26b87f854d398a/eskapee-train/small2_saur-SAMD00180470-s.gfa.gz,06cdf1524a9d424b5eb97628be26b87f854d398a,LICENCE_NOT_DOCUMENTED,COMPLETE_FOR_ACCESSIONS;MISSING_STRAIN_BIOPROJECT_ASSEMBLY
small2_saur-SAMD00180471-u,small2_saur-SAMD00180471,SAMD00180471,eskapee-train,Staphylococcus aureus,NOT_IN_SOURCE_METADATA,DRR187560,DRR187568,nanopore,SAMD00180471,NOT_IN_SOURCE_METADATA,NOT_IN_SOURCE_METADATA,Unicycler,eskapee-train/small2_saur-SAMD00180471-u.gfa.gz,YES,805386,eskapee-train/small2_saur-SAMD00180471-u.gfa.csv,YES,3093,contig|plasmid_score|chrom_score|label|length|chr_coverage|pl_coverage|un_coverage|hybrid_mapsto,plasmid;chromosome;ambiguous;unlabeled,NOT_PUBLISHED_IN_METADATA,IN_GFA: dp tag (Unicycler) / KC tag (SKESA),Hikichi2019,https://github.com/fmfi-compbio/plasgraph2-datasets/blob/06cdf1524a9d424b5eb97628be26b87f854d398a/eskapee-train/small2_saur-SAMD00180471-u.gfa.gz,06cdf1524a9d424b5eb97628be26b87f854d398a,LICENCE_NOT_DOCUMENTED,COMPLETE_FOR_ACCESSIONS;MISSING_STRAIN_BIOPROJECT_ASSEMBLY
small2_saur-SAMD00180471-s,small2_saur-SAMD00180471,SAMD00180471,eskapee-train,Staphylococcus aureus,NOT_IN_SOURCE_METADATA,DRR187560,DRR187568,nanopore,SAMD00180471,NOT_IN_SOURCE_METADATA,NOT_IN_SOURCE_METADATA,SKESA,eskapee-train/small2_saur-SAMD00180471-s.gfa.gz,YES,806180,eskapee-train/small2_saur-SAMD00180471-s.gfa.csv,YES,3231,contig|plasmid_score|chrom_score|label|length|chr_coverage|pl_coverage|un_coverage|hybrid_mapsto,plasmid;chromosome;ambiguous;unlabeled,NOT_PUBLISHED_IN_METADATA,IN_GFA: dp tag (Unicycler) / KC tag (SKESA),Hikichi2019,https://github.com/fmfi-compbio/plasgraph2-datasets/blob/06cdf1524a9d424b5eb97628be26b87f854d398a/eskapee-train/small2_saur-SAMD00180471-s.gfa.gz,06cdf1524a9d424b5eb97628be26b87f854d398a,LICENCE_NOT_DOCUMENTED,COMPLETE_FOR_ACCESSIONS;MISSING_STRAIN_BIOPROJECT_ASSEMBLY
small2_saur-SAMD00180472-u,small2_saur-SAMD00180472,SAMD00180472,eskapee-train,Staphylococcus aureus,NOT_IN_SOURCE_METADATA,DRR187561,DRR187569,nanopore,SAMD00180472,NOT_IN_SOURCE_METADATA,NOT_IN_SOURCE_METADATA,Unicycler,eskapee-train/small2_saur-SAMD00180472-u.gfa.gz,YES,808944,eskapee-train/small2_saur-SAMD00180472-u.gfa.csv,YES,2729,contig|plasmid_score|chrom_score|label|length|chr_coverage|pl_coverage|un_coverage|hybrid_mapsto,plasmid;chromosome;ambiguous;unlabeled,NOT_PUBLISHED_IN_METADATA,IN_GFA: dp tag (Unicycler) / KC tag (SKESA),Hikichi2019,https://github.com/fmfi-compbio/plasgraph2-datasets/blob/06cdf1524a9d424b5eb97628be26b87f854d398a/eskapee-train/small2_saur-SAMD00180472-u.gfa.gz,06cdf1524a9d424b5eb97628be26b87f854d398a,LICENCE_NOT_DOCUMENTED,COMPLETE_FOR_ACCESSIONS;MISSING_STRAIN_BIOPROJECT_ASSEMBLY
small2_saur-SAMD00180472-s,small2_saur-SAMD00180472,SAMD00180472,eskapee-train,Staphylococcus aureus,NOT_IN_SOURCE_METADATA,DRR187561,DRR187569,nanopore,SAMD00180472,NOT_IN_SOURCE_METADATA,NOT_IN_SOURCE_METADATA,SKESA,eskapee-train/small2_saur-SAMD00180472-s.gfa.gz,YES,809061,eskapee-train/small2_saur-SAMD00180472-s.gfa.csv,YES,2630,contig|plasmid_score|chrom_score|label|length|chr_coverage|pl_coverage|un_coverage|hybrid_mapsto,plasmid;chromosome;ambiguous;unlabeled,NOT_PUBLISHED_IN_METADATA,IN_GFA: dp tag (Unicycler) / KC tag (SKESA),Hikichi2019,https://github.com/fmfi-compbio/plasgraph2-datasets/blob/06cdf1524a9d424b5eb97628be26b87f854d398a/eskapee-train/small2_saur-SAMD00180472-s.gfa.gz,06cdf1524a9d424b5eb97628be26b87f854d398a,LICENCE_NOT_DOCUMENTED,COMPLETE_FOR_ACCESSIONS;MISSING_STRAIN_BIOPROJECT_ASSEMBLY
small2_saur-SAMD00180473-u,small2_saur-SAMD00180473,SAMD00180473,eskapee-train,Staphylococcus aureus,NOT_IN_SOURCE_METADATA,DRR187562,DRR187570,nanopore,SAMD00180473,NOT_IN_SOURCE_METADATA,NOT_IN_SOURCE_METADATA,Unicycler,eskapee-train/small2_saur-SAMD00180473-u.gfa.gz,YES,780635,eskapee-train/small2_saur-SAMD00180473-u.gfa.csv,YES,1554,contig|plasmid_score|chrom_score|label|length|chr_coverage|pl_coverage|un_coverage|hybrid_mapsto,plasmid;chromosome;ambiguous;unlabeled,NOT_PUBLISHED_IN_METADATA,IN_GFA: dp tag (Unicycler) / KC tag (SKESA),Hikichi2019,https://github.com/fmfi-compbio/plasgraph2-datasets/blob/06cdf1524a9d424b5eb97628be26b87f854d398a/eskapee-train/small2_saur-SAMD00180473-u.gfa.gz,06cdf1524a9d424b5eb97628be26b87f854d398a,LICENCE_NOT_DOCUMENTED,COMPLETE_FOR_ACCESSIONS;MISSING_STRAIN_BIOPROJECT_ASSEMBLY
small2_saur-SAMD00180473-s,small2_saur-SAMD00180473,SAMD00180473,eskapee-train,Staphylococcus aureus,NOT_IN_SOURCE_METADATA,DRR187562,DRR187570,nanopore,SAMD00180473,NOT_IN_SOURCE_METADATA,NOT_IN_SOURCE_METADATA,SKESA,eskapee-train/small2_saur-SAMD00180473-s.gfa.gz,YES,784060,eskapee-train/small2_saur-SAMD00180473-s.gfa.csv,YES,3010,contig|plasmid_score|chrom_score|label|length|chr_coverage|pl_coverage|un_coverage|hybrid_mapsto,plasmid;chromosome;ambiguous;unlabeled,NOT_PUBLISHED_IN_METADATA,IN_GFA: dp tag (Unicycler) / KC tag (SKESA),Hikichi2019,https://github.com/fmfi-compbio/plasgraph2-datasets/blob/06cdf1524a9d424b5eb97628be26b87f854d398a/eskapee-train/small2_saur-SAMD00180473-s.gfa.gz,06cdf1524a9d424b5eb97628be26b87f854d398a,LICENCE_NOT_DOCUMENTED,COMPLETE_FOR_ACCESSIONS;MISSING_STRAIN_BIOPROJECT_ASSEMBLY
small2_saur-SAMD00180474-u,small2_saur-SAMD00180474,SAMD00180474,eskapee-train,Staphylococcus aureus,NOT_IN_SOURCE_METADATA,DRR187563,DRR187571,nanopore,SAMD00180474,NOT_IN_SOURCE_METADATA,NOT_IN_SOURCE_METADATA,Unicycler,eskapee-train/small2_saur-SAMD00180474-u.gfa.gz,YES,782428,eskapee-train/small2_saur-SAMD00180474-u.gfa.csv,YES,2636,contig|plasmid_score|chrom_score|label|length|chr_coverage|pl_coverage|un_coverage|hybrid_mapsto,plasmid;chromosome;ambiguous;unlabeled,NOT_PUBLISHED_IN_METADATA,IN_GFA: dp tag (Unicycler) / KC tag (SKESA),Hikichi2019,https://github.com/fmfi-compbio/plasgraph2-datasets/blob/06cdf1524a9d424b5eb97628be26b87f854d398a/eskapee-train/small2_saur-SAMD00180474-u.gfa.gz,06cdf1524a9d424b5eb97628be26b87f854d398a,LICENCE_NOT_DOCUMENTED,COMPLETE_FOR_ACCESSIONS;MISSING_STRAIN_BIOPROJECT_ASSEMBLY
small2_saur-SAMD00180474-s,small2_saur-SAMD00180474,SAMD00180474,eskapee-train,Staphylococcus aureus,NOT_IN_SOURCE_METADATA,DRR187563,DRR187571,nanopore,SAMD00180474,NOT_IN_SOURCE_METADATA,NOT_IN_SOURCE_METADATA,SKESA,eskapee-train/small2_saur-SAMD00180474-s.gfa.gz,YES,782712,eskapee-train/small2_saur-SAMD00180474-s.gfa.csv,YES,2867,contig|plasmid_score|chrom_score|label|length|chr_coverage|pl_coverage|un_coverage|hybrid_mapsto,plasmid;chromosome;ambiguous;unlabeled,NOT_PUBLISHED_IN_METADATA,IN_GFA: dp tag (Unicycler) / KC tag (SKESA),Hikichi2019,https://github.com/fmfi-compbio/plasgraph2-datasets/blob/06cdf1524a9d424b5eb97628be26b87f854d398a/eskapee-train/small2_saur-SAMD00180474-s.gfa.gz,06cdf1524a9d424b5eb97628be26b87f854d398a,LICENCE_NOT_DOCUMENTED,COMPLETE_FOR_ACCESSIONS;MISSING_STRAIN_BIOPROJECT_ASSEMBLY
small2_saur-SAMD00180475-u,small2_saur-SAMD00180475,SAMD00180475,eskapee-train,Staphylococcus aureus,NOT_IN_SOURCE_METADATA,DRR187564,DRR187572,nanopore,SAMD00180475,NOT_IN_SOURCE_METADATA,NOT_IN_SOURCE_METADATA,Unicycler,eskapee-train/small2_saur-SAMD00180475-u.gfa.gz,YES,808356,eskapee-train/small2_saur-SAMD00180475-u.gfa.csv,YES,3006,contig|plasmid_score|chrom_score|label|length|chr_coverage|pl_coverage|un_coverage|hybrid_mapsto,plasmid;chromosome;ambiguous;unlabeled,NOT_PUBLISHED_IN_METADATA,IN_GFA: dp tag (Unicycler) / KC tag (SKESA),Hikichi2019,https://github.com/fmfi-compbio/plasgraph2-datasets/blob/06cdf1524a9d424b5eb97628be26b87f854d398a/eskapee-train/small2_saur-SAMD00180475-u.gfa.gz,06cdf1524a9d424b5eb97628be26b87f854d398a,LICENCE_NOT_DOCUMENTED,COMPLETE_FOR_ACCESSIONS;MISSING_STRAIN_BIOPROJECT_ASSEMBLY
small2_saur-SAMD00180475-s,small2_saur-SAMD00180475,SAMD00180475,eskapee-train,Staphylococcus aureus,NOT_IN_SOURCE_METADATA,DRR187564,DRR187572,nanopore,SAMD00180475,NOT_IN_SOURCE_METADATA,NOT_IN_SOURCE_METADATA,SKESA,eskapee-train/small2_saur-SAMD00180475-s.gfa.gz,YES,810182,eskapee-train/small2_saur-SAMD00180475-s.gfa.csv,YES,3590,contig|plasmid_score|chrom_score|label|length|chr_coverage|pl_coverage|un_coverage|hybrid_mapsto,plasmid;chromosome;ambiguous;unlabeled,NOT_PUBLISHED_IN_METADATA,IN_GFA: dp tag (Unicycler) / KC tag (SKESA),Hikichi2019,https://github.com/fmfi-compbio/plasgraph2-datasets/blob/06cdf1524a9d424b5eb97628be26b87f854d398a/eskapee-train/small2_saur-SAMD00180475-s.gfa.gz,06cdf1524a9d424b5eb97628be26b87f854d398a,LICENCE_NOT_DOCUMENTED,COMPLETE_FOR_ACCESSIONS;MISSING_STRAIN_BIOPROJECT_ASSEMBLY
small2_saur-SAMD00180476-u,small2_saur-SAMD00180476,SAMD00180476,eskapee-train,Staphylococcus aureus,NOT_IN_SOURCE_METADATA,DRR187565,DRR187573,nanopore,SAMD00180476,NOT_IN_SOURCE_METADATA,NOT_IN_SOURCE_METADATA,Unicycler,eskapee-train/small2_saur-SAMD00180476-u.gfa.gz,YES,838078,eskapee-train/small2_saur-SAMD00180476-u.gfa.csv,YES,2766,contig|plasmid_score|chrom_score|label|length|chr_coverage|pl_coverage|un_coverage|hybrid_mapsto,plasmid;chromosome;ambiguous;unlabeled,NOT_PUBLISHED_IN_METADATA,IN_GFA: dp tag (Unicycler) / KC tag (SKESA),Hikichi2019,https://github.com/fmfi-compbio/plasgraph2-datasets/blob/06cdf1524a9d424b5eb97628be26b87f854d398a/eskapee-train/small2_saur-SAMD00180476-u.gfa.gz,06cdf1524a9d424b5eb97628be26b87f854d398a,LICENCE_NOT_DOCUMENTED,COMPLETE_FOR_ACCESSIONS;MISSING_STRAIN_BIOPROJECT_ASSEMBLY
small2_saur-SAMD00180476-s,small2_saur-SAMD00180476,SAMD00180476,eskapee-train,Staphylococcus aureus,NOT_IN_SOURCE_METADATA,DRR187565,DRR187573,nanopore,SAMD00180476,NOT_IN_SOURCE_METADATA,NOT_IN_SOURCE_METADATA,SKESA,eskapee-train/small2_saur-SAMD00180476-s.gfa.gz,YES,842738,eskapee-train/small2_saur-SAMD00180476-s.gfa.csv,YES,4839,contig|plasmid_score|chrom_score|label|length|chr_coverage|pl_coverage|un_coverage|hybrid_mapsto,plasmid;chromosome;ambiguous;unlabeled,NOT_PUBLISHED_IN_METADATA,IN_GFA: dp tag (Unicycler) / KC tag (SKESA),Hikichi2019,https://github.com/fmfi-compbio/plasgraph2-datasets/blob/06cdf1524a9d424b5eb97628be26b87f854d398a/eskapee-train/small2_saur-SAMD00180476-s.gfa.gz,06cdf1524a9d424b5eb97628be26b87f854d398a,LICENCE_NOT_DOCUMENTED,COMPLETE_FOR_ACCESSIONS;MISSING_STRAIN_BIOPROJECT_ASSEMBLY
small2_saur-SAMD00180477-u,small2_saur-SAMD00180477,SAMD00180477,eskapee-train,Staphylococcus aureus,NOT_IN_SOURCE_METADATA,DRR187566,DRR187574,nanopore,SAMD00180477,NOT_IN_SOURCE_METADATA,NOT_IN_SOURCE_METADATA,Unicycler,eskapee-train/small2_saur-SAMD00180477-u.gfa.gz,YES,785443,eskapee-train/small2_saur-SAMD00180477-u.gfa.csv,YES,4309,contig|plasmid_score|chrom_score|label|length|chr_coverage|pl_coverage|un_coverage|hybrid_mapsto,plasmid;chromosome;ambiguous;unlabeled,NOT_PUBLISHED_IN_METADATA,IN_GFA: dp tag (Unicycler) / KC tag (SKESA),Hikichi2019,https://github.com/fmfi-compbio/plasgraph2-datasets/blob/06cdf1524a9d424b5eb97628be26b87f854d398a/eskapee-train/small2_saur-SAMD00180477-u.gfa.gz,06cdf1524a9d424b5eb97628be26b87f854d398a,LICENCE_NOT_DOCUMENTED,COMPLETE_FOR_ACCESSIONS;MISSING_STRAIN_BIOPROJECT_ASSEMBLY
small2_saur-SAMD00180477-s,small2_saur-SAMD00180477,SAMD00180477,eskapee-train,Staphylococcus aureus,NOT_IN_SOURCE_METADATA,DRR187566,DRR187574,nanopore,SAMD00180477,NOT_IN_SOURCE_METADATA,NOT_IN_SOURCE_METADATA,SKESA,eskapee-train/small2_saur-SAMD00180477-s.gfa.gz,YES,814967,eskapee-train/small2_saur-SAMD00180477-s.gfa.csv,YES,11813,contig|plasmid_score|chrom_score|label|length|chr_coverage|pl_coverage|un_coverage|hybrid_mapsto,plasmid;chromosome;ambiguous;unlabeled,NOT_PUBLISHED_IN_METADATA,IN_GFA: dp tag (Unicycler) / KC tag (SKESA),Hikichi2019,https://github.com/fmfi-compbio/plasgraph2-datasets/blob/06cdf1524a9d424b5eb97628be26b87f854d398a/eskapee-train/small2_saur-SAMD00180477-s.gfa.gz,06cdf1524a9d424b5eb97628be26b87f854d398a,LICENCE_NOT_DOCUMENTED,COMPLETE_FOR_ACCESSIONS;MISSING_STRAIN_BIOPROJECT_ASSEMBLY
small2_saur-SAMD00258402-u,small2_saur-SAMD00258402,SAMD00258402,eskapee-train,Staphylococcus aureus,NOT_IN_SOURCE_METADATA,DRR258631,DRR258632,nanopore,SAMD00258402,NOT_IN_SOURCE_METADATA,NOT_IN_SOURCE_METADATA,Unicycler,eskapee-train/small2_saur-SAMD00258402-u.gfa.gz,YES,797669,eskapee-train/small2_saur-SAMD00258402-u.gfa.csv,YES,5033,contig|plasmid_score|chrom_score|label|length|chr_coverage|pl_coverage|un_coverage|hybrid_mapsto,plasmid;chromosome;ambiguous;unlabeled,NOT_PUBLISHED_IN_METADATA,IN_GFA: dp tag (Unicycler) / KC tag (SKESA),Ono2021,https://github.com/fmfi-compbio/plasgraph2-datasets/blob/06cdf1524a9d424b5eb97628be26b87f854d398a/eskapee-train/small2_saur-SAMD00258402-u.gfa.gz,06cdf1524a9d424b5eb97628be26b87f854d398a,LICENCE_NOT_DOCUMENTED,COMPLETE_FOR_ACCESSIONS;MISSING_STRAIN_BIOPROJECT_ASSEMBLY
small2_saur-SAMD00258402-s,small2_saur-SAMD00258402,SAMD00258402,eskapee-train,Staphylococcus aureus,NOT_IN_SOURCE_METADATA,DRR258631,DRR258632,nanopore,SAMD00258402,NOT_IN_SOURCE_METADATA,NOT_IN_SOURCE_METADATA,SKESA,eskapee-train/small2_saur-SAMD00258402-s.gfa.gz,YES,815362,eskapee-train/small2_saur-SAMD00258402-s.gfa.csv,YES,18099,contig|plasmid_score|chrom_score|label|length|chr_coverage|pl_coverage|un_coverage|hybrid_mapsto,plasmid;chromosome;ambiguous;unlabeled,NOT_PUBLISHED_IN_METADATA,IN_GFA: dp tag (Unicycler) / KC tag (SKESA),Ono2021,https://github.com/fmfi-compbio/plasgraph2-datasets/blob/06cdf1524a9d424b5eb97628be26b87f854d398a/eskapee-train/small2_saur-SAMD00258402-s.gfa.gz,06cdf1524a9d424b5eb97628be26b87f854d398a,LICENCE_NOT_DOCUMENTED,COMPLETE_FOR_ACCESSIONS;MISSING_STRAIN_BIOPROJECT_ASSEMBLY
small3_paer-SAMEA5578836-u,small3_paer-SAMEA5578836,SAMEA5578836,eskapee-train,Pseudomonas aeruginosa,NOT_IN_SOURCE_METADATA,ERR3307233,ERR3307078,nanopore,SAMEA5578836,NOT_IN_SOURCE_METADATA,NOT_IN_SOURCE_METADATA,Unicycler,eskapee-train/small3_paer-SAMEA5578836-u.gfa.gz,YES,1937115,eskapee-train/small3_paer-SAMEA5578836-u.gfa.csv,YES,31804,contig|plasmid_score|chrom_score|label|length|chr_coverage|pl_coverage|un_coverage|hybrid_mapsto,plasmid;chromosome;ambiguous;unlabeled,NOT_PUBLISHED_IN_METADATA,IN_GFA: dp tag (Unicycler) / KC tag (SKESA),Silke2020,https://github.com/fmfi-compbio/plasgraph2-datasets/blob/06cdf1524a9d424b5eb97628be26b87f854d398a/eskapee-train/small3_paer-SAMEA5578836-u.gfa.gz,06cdf1524a9d424b5eb97628be26b87f854d398a,LICENCE_NOT_DOCUMENTED,COMPLETE_FOR_ACCESSIONS;MISSING_STRAIN_BIOPROJECT_ASSEMBLY
small3_paer-SAMEA5578836-s,small3_paer-SAMEA5578836,SAMEA5578836,eskapee-train,Pseudomonas aeruginosa,NOT_IN_SOURCE_METADATA,ERR3307233,ERR3307078,nanopore,SAMEA5578836,NOT_IN_SOURCE_METADATA,NOT_IN_SOURCE_METADATA,SKESA,eskapee-train/small3_paer-SAMEA5578836-s.gfa.gz,YES,1942826,eskapee-train/small3_paer-SAMEA5578836-s.gfa.csv,YES,40577,contig|plasmid_score|chrom_score|label|length|chr_coverage|pl_coverage|un_coverage|hybrid_mapsto,plasmid;chromosome;ambiguous;unlabeled,NOT_PUBLISHED_IN_METADATA,IN_GFA: dp tag (Unicycler) / KC tag (SKESA),Silke2020,https://github.com/fmfi-compbio/plasgraph2-datasets/blob/06cdf1524a9d424b5eb97628be26b87f854d398a/eskapee-train/small3_paer-SAMEA5578836-s.gfa.gz,06cdf1524a9d424b5eb97628be26b87f854d398a,LICENCE_NOT_DOCUMENTED,COMPLETE_FOR_ACCESSIONS;MISSING_STRAIN_BIOPROJECT_ASSEMBLY
small3_paer-SAMEA5578860-u,small3_paer-SAMEA5578860,SAMEA5578860,eskapee-train,Pseudomonas aeruginosa,NOT_IN_SOURCE_METADATA,ERR3307226,ERR3307085,nanopore,SAMEA5578860,NOT_IN_SOURCE_METADATA,NOT_IN_SOURCE_METADATA,Unicycler,eskapee-train/small3_paer-SAMEA5578860-u.gfa.gz,YES,1923867,eskapee-train/small3_paer-SAMEA5578860-u.gfa.csv,YES,7406,contig|plasmid_score|chrom_score|label|length|chr_coverage|pl_coverage|un_coverage|hybrid_mapsto,plasmid;chromosome;ambiguous;unlabeled,NOT_PUBLISHED_IN_METADATA,IN_GFA: dp tag (Unicycler) / KC tag (SKESA),Silke2020,https://github.com/fmfi-compbio/plasgraph2-datasets/blob/06cdf1524a9d424b5eb97628be26b87f854d398a/eskapee-train/small3_paer-SAMEA5578860-u.gfa.gz,06cdf1524a9d424b5eb97628be26b87f854d398a,LICENCE_NOT_DOCUMENTED,COMPLETE_FOR_ACCESSIONS;MISSING_STRAIN_BIOPROJECT_ASSEMBLY
small3_paer-SAMEA5578860-s,small3_paer-SAMEA5578860,SAMEA5578860,eskapee-train,Pseudomonas aeruginosa,NOT_IN_SOURCE_METADATA,ERR3307226,ERR3307085,nanopore,SAMEA5578860,NOT_IN_SOURCE_METADATA,NOT_IN_SOURCE_METADATA,SKESA,eskapee-train/small3_paer-SAMEA5578860-s.gfa.gz,YES,1928256,eskapee-train/small3_paer-SAMEA5578860-s.gfa.csv,YES,5027,contig|plasmid_score|chrom_score|label|length|chr_coverage|pl_coverage|un_coverage|hybrid_mapsto,plasmid;chromosome;ambiguous;unlabeled,NOT_PUBLISHED_IN_METADATA,IN_GFA: dp tag (Unicycler) / KC tag (SKESA),Silke2020,https://github.com/fmfi-compbio/plasgraph2-datasets/blob/06cdf1524a9d424b5eb97628be26b87f854d398a/eskapee-train/small3_paer-SAMEA5578860-s.gfa.gz,06cdf1524a9d424b5eb97628be26b87f854d398a,LICENCE_NOT_DOCUMENTED,COMPLETE_FOR_ACCESSIONS;MISSING_STRAIN_BIOPROJECT_ASSEMBLY
small3_paer-SAMN10374626-u,small3_paer-SAMN10374626,SAMN10374626,eskapee-train,Pseudomonas aeruginosa,NOT_IN_SOURCE_METADATA,SRR8526280,SRR8518609,pacbio,SAMN10374626,NOT_IN_SOURCE_METADATA,NOT_IN_SOURCE_METADATA,Unicycler,eskapee-train/small3_paer-SAMN10374626-u.gfa.gz,YES,1956575,eskapee-train/small3_paer-SAMN10374626-u.gfa.csv,YES,2434,contig|plasmid_score|chrom_score|label|length|chr_coverage|pl_coverage|un_coverage|hybrid_mapsto,plasmid;chromosome;ambiguous;unlabeled,NOT_PUBLISHED_IN_METADATA,IN_GFA: dp tag (Unicycler) / KC tag (SKESA),Magalhaes2019,https://github.com/fmfi-compbio/plasgraph2-datasets/blob/06cdf1524a9d424b5eb97628be26b87f854d398a/eskapee-train/small3_paer-SAMN10374626-u.gfa.gz,06cdf1524a9d424b5eb97628be26b87f854d398a,LICENCE_NOT_DOCUMENTED,COMPLETE_FOR_ACCESSIONS;MISSING_STRAIN_BIOPROJECT_ASSEMBLY
small3_paer-SAMN10374626-s,small3_paer-SAMN10374626,SAMN10374626,eskapee-train,Pseudomonas aeruginosa,NOT_IN_SOURCE_METADATA,SRR8526280,SRR8518609,pacbio,SAMN10374626,NOT_IN_SOURCE_METADATA,NOT_IN_SOURCE_METADATA,SKESA,eskapee-train/small3_paer-SAMN10374626-s.gfa.gz,YES,1976656,eskapee-train/small3_paer-SAMN10374626-s.gfa.csv,YES,8648,contig|plasmid_score|chrom_score|label|length|chr_coverage|pl_coverage|un_coverage|hybrid_mapsto,plasmid;chromosome;ambiguous;unlabeled,NOT_PUBLISHED_IN_METADATA,IN_GFA: dp tag (Unicycler) / KC tag (SKESA),Magalhaes2019,https://github.com/fmfi-compbio/plasgraph2-datasets/blob/06cdf1524a9d424b5eb97628be26b87f854d398a/eskapee-train/small3_paer-SAMN10374626-s.gfa.gz,06cdf1524a9d424b5eb97628be26b87f854d398a,LICENCE_NOT_DOCUMENTED,COMPLETE_FOR_ACCESSIONS;MISSING_STRAIN_BIOPROJECT_ASSEMBLY
small_kpne-SAMN21365994-u,small_kpne-SAMN21365994,SAMN21365994,eskapee-train,Klebsiella pneumoniae,NOT_IN_SOURCE_METADATA,SRR15827908,SRR15828019,pacbio,SAMN21365994,NOT_IN_SOURCE_METADATA,NOT_IN_SOURCE_METADATA,Unicycler,eskapee-train/small_kpne-SAMN21365994-u.gfa.gz,YES,1591211,eskapee-train/small_kpne-SAMN21365994-u.gfa.csv,YES,6606,contig|plasmid_score|chrom_score|label|length|chr_coverage|pl_coverage|un_coverage|hybrid_mapsto,plasmid;chromosome;ambiguous;unlabeled,NOT_PUBLISHED_IN_METADATA,IN_GFA: dp tag (Unicycler) / KC tag (SKESA),Acman2021,https://github.com/fmfi-compbio/plasgraph2-datasets/blob/06cdf1524a9d424b5eb97628be26b87f854d398a/eskapee-train/small_kpne-SAMN21365994-u.gfa.gz,06cdf1524a9d424b5eb97628be26b87f854d398a,LICENCE_NOT_DOCUMENTED,COMPLETE_FOR_ACCESSIONS;MISSING_STRAIN_BIOPROJECT_ASSEMBLY
small_kpne-SAMN21365994-s,small_kpne-SAMN21365994,SAMN21365994,eskapee-train,Klebsiella pneumoniae,NOT_IN_SOURCE_METADATA,SRR15827908,SRR15828019,pacbio,SAMN21365994,NOT_IN_SOURCE_METADATA,NOT_IN_SOURCE_METADATA,SKESA,eskapee-train/small_kpne-SAMN21365994-s.gfa.gz,YES,1596160,eskapee-train/small_kpne-SAMN21365994-s.gfa.csv,YES,9322,contig|plasmid_score|chrom_score|label|length|chr_coverage|pl_coverage|un_coverage|hybrid_mapsto,plasmid;chromosome;ambiguous;unlabeled,NOT_PUBLISHED_IN_METADATA,IN_GFA: dp tag (Unicycler) / KC tag (SKESA),Acman2021,https://github.com/fmfi-compbio/plasgraph2-datasets/blob/06cdf1524a9d424b5eb97628be26b87f854d398a/eskapee-train/small_kpne-SAMN21365994-s.gfa.gz,06cdf1524a9d424b5eb97628be26b87f854d398a,LICENCE_NOT_DOCUMENTED,COMPLETE_FOR_ACCESSIONS;MISSING_STRAIN_BIOPROJECT_ASSEMBLY
small_kpne-SAMN21366002-u,small_kpne-SAMN21366002,SAMN21366002,eskapee-train,Klebsiella pneumoniae,NOT_IN_SOURCE_METADATA,SRR15827914,SRR15828010,pacbio,SAMN21366002,NOT_IN_SOURCE_METADATA,NOT_IN_SOURCE_METADATA,Unicycler,eskapee-train/small_kpne-SAMN21366002-u.gfa.gz,YES,1880720,eskapee-train/small_kpne-SAMN21366002-u.gfa.csv,YES,122657,contig|plasmid_score|chrom_score|label|length|chr_coverage|pl_coverage|un_coverage|hybrid_mapsto,plasmid;chromosome;ambiguous;unlabeled,NOT_PUBLISHED_IN_METADATA,IN_GFA: dp tag (Unicycler) / KC tag (SKESA),Acman2021,https://github.com/fmfi-compbio/plasgraph2-datasets/blob/06cdf1524a9d424b5eb97628be26b87f854d398a/eskapee-train/small_kpne-SAMN21366002-u.gfa.gz,06cdf1524a9d424b5eb97628be26b87f854d398a,LICENCE_NOT_DOCUMENTED,COMPLETE_FOR_ACCESSIONS;MISSING_STRAIN_BIOPROJECT_ASSEMBLY
small_kpne-SAMN21366002-s,small_kpne-SAMN21366002,SAMN21366002,eskapee-train,Klebsiella pneumoniae,NOT_IN_SOURCE_METADATA,SRR15827914,SRR15828010,pacbio,SAMN21366002,NOT_IN_SOURCE_METADATA,NOT_IN_SOURCE_METADATA,SKESA,eskapee-train/small_kpne-SAMN21366002-s.gfa.gz,YES,2133787,eskapee-train/small_kpne-SAMN21366002-s.gfa.csv,YES,359271,contig|plasmid_score|chrom_score|label|length|chr_coverage|pl_coverage|un_coverage|hybrid_mapsto,plasmid;chromosome;ambiguous;unlabeled,NOT_PUBLISHED_IN_METADATA,IN_GFA: dp tag (Unicycler) / KC tag (SKESA),Acman2021,https://github.com/fmfi-compbio/plasgraph2-datasets/blob/06cdf1524a9d424b5eb97628be26b87f854d398a/eskapee-train/small_kpne-SAMN21366002-s.gfa.gz,06cdf1524a9d424b5eb97628be26b87f854d398a,LICENCE_NOT_DOCUMENTED,COMPLETE_FOR_ACCESSIONS;MISSING_STRAIN_BIOPROJECT_ASSEMBLY
small_kpne-SAMN21366037-u,small_kpne-SAMN21366037,SAMN21366037,eskapee-train,Klebsiella pneumoniae,NOT_IN_SOURCE_METADATA,SRR15827824,SRR15827972,pacbio,SAMN21366037,NOT_IN_SOURCE_METADATA,NOT_IN_SOURCE_METADATA,Unicycler,eskapee-train/small_kpne-SAMN21366037-u.gfa.gz,YES,1618057,eskapee-train/small_kpne-SAMN21366037-u.gfa.csv,YES,13179,contig|plasmid_score|chrom_score|label|length|chr_coverage|pl_coverage|un_coverage|hybrid_mapsto,plasmid;chromosome;ambiguous;unlabeled,NOT_PUBLISHED_IN_METADATA,IN_GFA: dp tag (Unicycler) / KC tag (SKESA),Acman2021,https://github.com/fmfi-compbio/plasgraph2-datasets/blob/06cdf1524a9d424b5eb97628be26b87f854d398a/eskapee-train/small_kpne-SAMN21366037-u.gfa.gz,06cdf1524a9d424b5eb97628be26b87f854d398a,LICENCE_NOT_DOCUMENTED,COMPLETE_FOR_ACCESSIONS;MISSING_STRAIN_BIOPROJECT_ASSEMBLY
small_kpne-SAMN21366037-s,small_kpne-SAMN21366037,SAMN21366037,eskapee-train,Klebsiella pneumoniae,NOT_IN_SOURCE_METADATA,SRR15827824,SRR15827972,pacbio,SAMN21366037,NOT_IN_SOURCE_METADATA,NOT_IN_SOURCE_METADATA,SKESA,eskapee-train/small_kpne-SAMN21366037-s.gfa.gz,YES,1628615,eskapee-train/small_kpne-SAMN21366037-s.gfa.csv,YES,19806,contig|plasmid_score|chrom_score|label|length|chr_coverage|pl_coverage|un_coverage|hybrid_mapsto,plasmid;chromosome;ambiguous;unlabeled,NOT_PUBLISHED_IN_METADATA,IN_GFA: dp tag (Unicycler) / KC tag (SKESA),Acman2021,https://github.com/fmfi-compbio/plasgraph2-datasets/blob/06cdf1524a9d424b5eb97628be26b87f854d398a/eskapee-train/small_kpne-SAMN21366037-s.gfa.gz,06cdf1524a9d424b5eb97628be26b87f854d398a,LICENCE_NOT_DOCUMENTED,COMPLETE_FOR_ACCESSIONS;MISSING_STRAIN_BIOPROJECT_ASSEMBLY
small_kpne-SAMN21366047-u,small_kpne-SAMN21366047,SAMN21366047,eskapee-train,Klebsiella pneumoniae,NOT_IN_SOURCE_METADATA,SRR15827943,SRR15827961,pacbio,SAMN21366047,NOT_IN_SOURCE_METADATA,NOT_IN_SOURCE_METADATA,Unicycler,eskapee-train/small_kpne-SAMN21366047-u.gfa.gz,YES,1633877,eskapee-train/small_kpne-SAMN21366047-u.gfa.csv,YES,10808,contig|plasmid_score|chrom_score|label|length|chr_coverage|pl_coverage|un_coverage|hybrid_mapsto,plasmid;chromosome;ambiguous;unlabeled,NOT_PUBLISHED_IN_METADATA,IN_GFA: dp tag (Unicycler) / KC tag (SKESA),Acman2021,https://github.com/fmfi-compbio/plasgraph2-datasets/blob/06cdf1524a9d424b5eb97628be26b87f854d398a/eskapee-train/small_kpne-SAMN21366047-u.gfa.gz,06cdf1524a9d424b5eb97628be26b87f854d398a,LICENCE_NOT_DOCUMENTED,COMPLETE_FOR_ACCESSIONS;MISSING_STRAIN_BIOPROJECT_ASSEMBLY
small_kpne-SAMN21366047-s,small_kpne-SAMN21366047,SAMN21366047,eskapee-train,Klebsiella pneumoniae,NOT_IN_SOURCE_METADATA,SRR15827943,SRR15827961,pacbio,SAMN21366047,NOT_IN_SOURCE_METADATA,NOT_IN_SOURCE_METADATA,SKESA,eskapee-train/small_kpne-SAMN21366047-s.gfa.gz,YES,1644616,eskapee-train/small_kpne-SAMN21366047-s.gfa.csv,YES,14439,contig|plasmid_score|chrom_score|label|length|chr_coverage|pl_coverage|un_coverage|hybrid_mapsto,plasmid;chromosome;ambiguous;unlabeled,NOT_PUBLISHED_IN_METADATA,IN_GFA: dp tag (Unicycler) / KC tag (SKESA),Acman2021,https://github.com/fmfi-compbio/plasgraph2-datasets/blob/06cdf1524a9d424b5eb97628be26b87f854d398a/eskapee-train/small_kpne-SAMN21366047-s.gfa.gz,06cdf1524a9d424b5eb97628be26b87f854d398a,LICENCE_NOT_DOCUMENTED,COMPLETE_FOR_ACCESSIONS;MISSING_STRAIN_BIOPROJECT_ASSEMBLY
small_kpne-SAMN21366070-u,small_kpne-SAMN21366070,SAMN21366070,eskapee-train,Klebsiella pneumoniae,NOT_IN_SOURCE_METADATA,SRR15827918,SRR15827895,pacbio,SAMN21366070,NOT_IN_SOURCE_METADATA,NOT_IN_SOURCE_METADATA,Unicycler,eskapee-train/small_kpne-SAMN21366070-u.gfa.gz,YES,1614912,eskapee-train/small_kpne-SAMN21366070-u.gfa.csv,YES,6156,contig|plasmid_score|chrom_score|label|length|chr_coverage|pl_coverage|un_coverage|hybrid_mapsto,plasmid;chromosome;ambiguous;unlabeled,NOT_PUBLISHED_IN_METADATA,IN_GFA: dp tag (Unicycler) / KC tag (SKESA),Acman2021,https://github.com/fmfi-compbio/plasgraph2-datasets/blob/06cdf1524a9d424b5eb97628be26b87f854d398a/eskapee-train/small_kpne-SAMN21366070-u.gfa.gz,06cdf1524a9d424b5eb97628be26b87f854d398a,LICENCE_NOT_DOCUMENTED,COMPLETE_FOR_ACCESSIONS;MISSING_STRAIN_BIOPROJECT_ASSEMBLY
small_kpne-SAMN21366070-s,small_kpne-SAMN21366070,SAMN21366070,eskapee-train,Klebsiella pneumoniae,NOT_IN_SOURCE_METADATA,SRR15827918,SRR15827895,pacbio,SAMN21366070,NOT_IN_SOURCE_METADATA,NOT_IN_SOURCE_METADATA,SKESA,eskapee-train/small_kpne-SAMN21366070-s.gfa.gz,YES,1621184,eskapee-train/small_kpne-SAMN21366070-s.gfa.csv,YES,10133,contig|plasmid_score|chrom_score|label|length|chr_coverage|pl_coverage|un_coverage|hybrid_mapsto,plasmid;chromosome;ambiguous;unlabeled,NOT_PUBLISHED_IN_METADATA,IN_GFA: dp tag (Unicycler) / KC tag (SKESA),Acman2021,https://github.com/fmfi-compbio/plasgraph2-datasets/blob/06cdf1524a9d424b5eb97628be26b87f854d398a/eskapee-train/small_kpne-SAMN21366070-s.gfa.gz,06cdf1524a9d424b5eb97628be26b87f854d398a,LICENCE_NOT_DOCUMENTED,COMPLETE_FOR_ACCESSIONS;MISSING_STRAIN_BIOPROJECT_ASSEMBLY
robertson-benchmark_koxy-SAMN02786843-u,robertson-benchmark_koxy-SAMN02786843,SAMN02786843,koxy-test,Klebsiella oxytoca,NOT_IN_SOURCE_METADATA,SRR1501122,SRR1501126,NA,SAMN02786843,NOT_IN_SOURCE_METADATA,NOT_IN_SOURCE_METADATA,Unicycler,koxy-test/robertson-benchmark_koxy-SAMN02786843-u.gfa.gz,YES,1897069,koxy-test/robertson-benchmark_koxy-SAMN02786843-u.gfa.csv,YES,10211,contig|plasmid_score|chrom_score|label|length|chr_coverage|pl_coverage|un_coverage|hybrid_mapsto,plasmid;chromosome;ambiguous;unlabeled,NOT_PUBLISHED_IN_METADATA,IN_GFA: dp tag (Unicycler) / KC tag (SKESA),Robertson2018,https://github.com/fmfi-compbio/plasgraph2-datasets/blob/06cdf1524a9d424b5eb97628be26b87f854d398a/koxy-test/robertson-benchmark_koxy-SAMN02786843-u.gfa.gz,06cdf1524a9d424b5eb97628be26b87f854d398a,LICENCE_NOT_DOCUMENTED,COMPLETE_FOR_ACCESSIONS;MISSING_STRAIN_BIOPROJECT_ASSEMBLY
robertson-benchmark_koxy-SAMN02786843-s,robertson-benchmark_koxy-SAMN02786843,SAMN02786843,koxy-test,Klebsiella oxytoca,NOT_IN_SOURCE_METADATA,SRR1501122,SRR1501126,NA,SAMN02786843,NOT_IN_SOURCE_METADATA,NOT_IN_SOURCE_METADATA,SKESA,koxy-test/robertson-benchmark_koxy-SAMN02786843-s.gfa.gz,YES,1902061,koxy-test/robertson-benchmark_koxy-SAMN02786843-s.gfa.csv,YES,11200,contig|plasmid_score|chrom_score|label|length|chr_coverage|pl_coverage|un_coverage|hybrid_mapsto,plasmid;chromosome;ambiguous;unlabeled,NOT_PUBLISHED_IN_METADATA,IN_GFA: dp tag (Unicycler) / KC tag (SKESA),Robertson2018,https://github.com/fmfi-compbio/plasgraph2-datasets/blob/06cdf1524a9d424b5eb97628be26b87f854d398a/koxy-test/robertson-benchmark_koxy-SAMN02786843-s.gfa.gz,06cdf1524a9d424b5eb97628be26b87f854d398a,LICENCE_NOT_DOCUMENTED,COMPLETE_FOR_ACCESSIONS;MISSING_STRAIN_BIOPROJECT_ASSEMBLY
robertson-benchmark_koxy-SAMN03733631-u,robertson-benchmark_koxy-SAMN03733631,SAMN03733631,koxy-test,Klebsiella oxytoca,NOT_IN_SOURCE_METADATA,SRR5713997,SRR5629775,NA,SAMN03733631,NOT_IN_SOURCE_METADATA,NOT_IN_SOURCE_METADATA,Unicycler,koxy-test/robertson-benchmark_koxy-SAMN03733631-u.gfa.gz,YES,1877460,koxy-test/robertson-benchmark_koxy-SAMN03733631-u.gfa.csv,YES,9091,contig|plasmid_score|chrom_score|label|length|chr_coverage|pl_coverage|un_coverage|hybrid_mapsto,plasmid;chromosome;ambiguous;unlabeled,NOT_PUBLISHED_IN_METADATA,IN_GFA: dp tag (Unicycler) / KC tag (SKESA),Robertson2018,https://github.com/fmfi-compbio/plasgraph2-datasets/blob/06cdf1524a9d424b5eb97628be26b87f854d398a/koxy-test/robertson-benchmark_koxy-SAMN03733631-u.gfa.gz,06cdf1524a9d424b5eb97628be26b87f854d398a,LICENCE_NOT_DOCUMENTED,COMPLETE_FOR_ACCESSIONS;MISSING_STRAIN_BIOPROJECT_ASSEMBLY
robertson-benchmark_koxy-SAMN03733631-s,robertson-benchmark_koxy-SAMN03733631,SAMN03733631,koxy-test,Klebsiella oxytoca,NOT_IN_SOURCE_METADATA,SRR5713997,SRR5629775,NA,SAMN03733631,NOT_IN_SOURCE_METADATA,NOT_IN_SOURCE_METADATA,SKESA,koxy-test/robertson-benchmark_koxy-SAMN03733631-s.gfa.gz,YES,1886106,koxy-test/robertson-benchmark_koxy-SAMN03733631-s.gfa.csv,YES,14019,contig|plasmid_score|chrom_score|label|length|chr_coverage|pl_coverage|un_coverage|hybrid_mapsto,plasmid;chromosome;ambiguous;unlabeled,NOT_PUBLISHED_IN_METADATA,IN_GFA: dp tag (Unicycler) / KC tag (SKESA),Robertson2018,https://github.com/fmfi-compbio/plasgraph2-datasets/blob/06cdf1524a9d424b5eb97628be26b87f854d398a/koxy-test/robertson-benchmark_koxy-SAMN03733631-s.gfa.gz,06cdf1524a9d424b5eb97628be26b87f854d398a,LICENCE_NOT_DOCUMENTED,COMPLETE_FOR_ACCESSIONS;MISSING_STRAIN_BIOPROJECT_ASSEMBLY
shaw-2021_koxy-SAMN15148173-u,shaw-2021_koxy-SAMN15148173,SAMN15148173,koxy-test,Klebsiella oxytoca,NOT_IN_SOURCE_METADATA,SRR11948970,SRR12298509,Nanopore,SAMN15148173,NOT_IN_SOURCE_METADATA,NOT_IN_SOURCE_METADATA,Unicycler,koxy-test/shaw-2021_koxy-SAMN15148173-u.gfa.gz,YES,1787181,koxy-test/shaw-2021_koxy-SAMN15148173-u.gfa.csv,YES,8056,contig|plasmid_score|chrom_score|label|length|chr_coverage|pl_coverage|un_coverage|hybrid_mapsto,plasmid;chromosome;ambiguous;unlabeled,NOT_PUBLISHED_IN_METADATA,IN_GFA: dp tag (Unicycler) / KC tag (SKESA),Shaw2021,https://github.com/fmfi-compbio/plasgraph2-datasets/blob/06cdf1524a9d424b5eb97628be26b87f854d398a/koxy-test/shaw-2021_koxy-SAMN15148173-u.gfa.gz,06cdf1524a9d424b5eb97628be26b87f854d398a,LICENCE_NOT_DOCUMENTED,COMPLETE_FOR_ACCESSIONS;MISSING_STRAIN_BIOPROJECT_ASSEMBLY
shaw-2021_koxy-SAMN15148173-s,shaw-2021_koxy-SAMN15148173,SAMN15148173,koxy-test,Klebsiella oxytoca,NOT_IN_SOURCE_METADATA,SRR11948970,SRR12298509,Nanopore,SAMN15148173,NOT_IN_SOURCE_METADATA,NOT_IN_SOURCE_METADATA,SKESA,koxy-test/shaw-2021_koxy-SAMN15148173-s.gfa.gz,YES,1792106,koxy-test/shaw-2021_koxy-SAMN15148173-s.gfa.csv,YES,10293,contig|plasmid_score|chrom_score|label|length|chr_coverage|pl_coverage|un_coverage|hybrid_mapsto,plasmid;chromosome;ambiguous;unlabeled,NOT_PUBLISHED_IN_METADATA,IN_GFA: dp tag (Unicycler) / KC tag (SKESA),Shaw2021,https://github.com/fmfi-compbio/plasgraph2-datasets/blob/06cdf1524a9d424b5eb97628be26b87f854d398a/koxy-test/shaw-2021_koxy-SAMN15148173-s.gfa.gz,06cdf1524a9d424b5eb97628be26b87f854d398a,LICENCE_NOT_DOCUMENTED,COMPLETE_FOR_ACCESSIONS;MISSING_STRAIN_BIOPROJECT_ASSEMBLY
shaw-2021_koxy-SAMN15148174-u,shaw-2021_koxy-SAMN15148174,SAMN15148174,koxy-test,Klebsiella oxytoca,NOT_IN_SOURCE_METADATA,SRR11948969,SRR12298508,Nanopore,SAMN15148174,NOT_IN_SOURCE_METADATA,NOT_IN_SOURCE_METADATA,Unicycler,koxy-test/shaw-2021_koxy-SAMN15148174-u.gfa.gz,YES,1785969,koxy-test/shaw-2021_koxy-SAMN15148174-u.gfa.csv,YES,7078,contig|plasmid_score|chrom_score|label|length|chr_coverage|pl_coverage|un_coverage|hybrid_mapsto,plasmid;chromosome;ambiguous;unlabeled,NOT_PUBLISHED_IN_METADATA,IN_GFA: dp tag (Unicycler) / KC tag (SKESA),Shaw2021,https://github.com/fmfi-compbio/plasgraph2-datasets/blob/06cdf1524a9d424b5eb97628be26b87f854d398a/koxy-test/shaw-2021_koxy-SAMN15148174-u.gfa.gz,06cdf1524a9d424b5eb97628be26b87f854d398a,LICENCE_NOT_DOCUMENTED,COMPLETE_FOR_ACCESSIONS;MISSING_STRAIN_BIOPROJECT_ASSEMBLY
shaw-2021_koxy-SAMN15148174-s,shaw-2021_koxy-SAMN15148174,SAMN15148174,koxy-test,Klebsiella oxytoca,NOT_IN_SOURCE_METADATA,SRR11948969,SRR12298508,Nanopore,SAMN15148174,NOT_IN_SOURCE_METADATA,NOT_IN_SOURCE_METADATA,SKESA,koxy-test/shaw-2021_koxy-SAMN15148174-s.gfa.gz,YES,1790887,koxy-test/shaw-2021_koxy-SAMN15148174-s.gfa.csv,YES,9925,contig|plasmid_score|chrom_score|label|length|chr_coverage|pl_coverage|un_coverage|hybrid_mapsto,plasmid;chromosome;ambiguous;unlabeled,NOT_PUBLISHED_IN_METADATA,IN_GFA: dp tag (Unicycler) / KC tag (SKESA),Shaw2021,https://github.com/fmfi-compbio/plasgraph2-datasets/blob/06cdf1524a9d424b5eb97628be26b87f854d398a/koxy-test/shaw-2021_koxy-SAMN15148174-s.gfa.gz,06cdf1524a9d424b5eb97628be26b87f854d398a,LICENCE_NOT_DOCUMENTED,COMPLETE_FOR_ACCESSIONS;MISSING_STRAIN_BIOPROJECT_ASSEMBLY
shaw-2021_koxy-SAMN15148287-u,shaw-2021_koxy-SAMN15148287,SAMN15148287,koxy-test,Klebsiella oxytoca,NOT_IN_SOURCE_METADATA,SRR11949035,SRR12298664,Nanopore,SAMN15148287,NOT_IN_SOURCE_METADATA,NOT_IN_SOURCE_METADATA,Unicycler,koxy-test/shaw-2021_koxy-SAMN15148287-u.gfa.gz,YES,1816056,koxy-test/shaw-2021_koxy-SAMN15148287-u.gfa.csv,YES,8594,contig|plasmid_score|chrom_score|label|length|chr_coverage|pl_coverage|un_coverage|hybrid_mapsto,plasmid;chromosome;ambiguous;unlabeled,NOT_PUBLISHED_IN_METADATA,IN_GFA: dp tag (Unicycler) / KC tag (SKESA),Shaw2021,https://github.com/fmfi-compbio/plasgraph2-datasets/blob/06cdf1524a9d424b5eb97628be26b87f854d398a/koxy-test/shaw-2021_koxy-SAMN15148287-u.gfa.gz,06cdf1524a9d424b5eb97628be26b87f854d398a,LICENCE_NOT_DOCUMENTED,COMPLETE_FOR_ACCESSIONS;MISSING_STRAIN_BIOPROJECT_ASSEMBLY
shaw-2021_koxy-SAMN15148287-s,shaw-2021_koxy-SAMN15148287,SAMN15148287,koxy-test,Klebsiella oxytoca,NOT_IN_SOURCE_METADATA,SRR11949035,SRR12298664,Nanopore,SAMN15148287,NOT_IN_SOURCE_METADATA,NOT_IN_SOURCE_METADATA,SKESA,koxy-test/shaw-2021_koxy-SAMN15148287-s.gfa.gz,YES,1818815,koxy-test/shaw-2021_koxy-SAMN15148287-s.gfa.csv,YES,8519,contig|plasmid_score|chrom_score|label|length|chr_coverage|pl_coverage|un_coverage|hybrid_mapsto,plasmid;chromosome;ambiguous;unlabeled,NOT_PUBLISHED_IN_METADATA,IN_GFA: dp tag (Unicycler) / KC tag (SKESA),Shaw2021,https://github.com/fmfi-compbio/plasgraph2-datasets/blob/06cdf1524a9d424b5eb97628be26b87f854d398a/koxy-test/shaw-2021_koxy-SAMN15148287-s.gfa.gz,06cdf1524a9d424b5eb97628be26b87f854d398a,LICENCE_NOT_DOCUMENTED,COMPLETE_FOR_ACCESSIONS;MISSING_STRAIN_BIOPROJECT_ASSEMBLY
shaw-2021_koxy-SAMN15148459-u,shaw-2021_koxy-SAMN15148459,SAMN15148459,koxy-test,Klebsiella oxytoca,NOT_IN_SOURCE_METADATA,SRR11949314,SRR12298455,Nanopore,SAMN15148459,NOT_IN_SOURCE_METADATA,NOT_IN_SOURCE_METADATA,Unicycler,koxy-test/shaw-2021_koxy-SAMN15148459-u.gfa.gz,YES,1825332,koxy-test/shaw-2021_koxy-SAMN15148459-u.gfa.csv,YES,9048,contig|plasmid_score|chrom_score|label|length|chr_coverage|pl_coverage|un_coverage|hybrid_mapsto,plasmid;chromosome;ambiguous;unlabeled,NOT_PUBLISHED_IN_METADATA,IN_GFA: dp tag (Unicycler) / KC tag (SKESA),Shaw2021,https://github.com/fmfi-compbio/plasgraph2-datasets/blob/06cdf1524a9d424b5eb97628be26b87f854d398a/koxy-test/shaw-2021_koxy-SAMN15148459-u.gfa.gz,06cdf1524a9d424b5eb97628be26b87f854d398a,LICENCE_NOT_DOCUMENTED,COMPLETE_FOR_ACCESSIONS;MISSING_STRAIN_BIOPROJECT_ASSEMBLY
shaw-2021_koxy-SAMN15148459-s,shaw-2021_koxy-SAMN15148459,SAMN15148459,koxy-test,Klebsiella oxytoca,NOT_IN_SOURCE_METADATA,SRR11949314,SRR12298455,Nanopore,SAMN15148459,NOT_IN_SOURCE_METADATA,NOT_IN_SOURCE_METADATA,SKESA,koxy-test/shaw-2021_koxy-SAMN15148459-s.gfa.gz,YES,1831649,koxy-test/shaw-2021_koxy-SAMN15148459-s.gfa.csv,YES,12985,contig|plasmid_score|chrom_score|label|length|chr_coverage|pl_coverage|un_coverage|hybrid_mapsto,plasmid;chromosome;ambiguous;unlabeled,NOT_PUBLISHED_IN_METADATA,IN_GFA: dp tag (Unicycler) / KC tag (SKESA),Shaw2021,https://github.com/fmfi-compbio/plasgraph2-datasets/blob/06cdf1524a9d424b5eb97628be26b87f854d398a/koxy-test/shaw-2021_koxy-SAMN15148459-s.gfa.gz,06cdf1524a9d424b5eb97628be26b87f854d398a,LICENCE_NOT_DOCUMENTED,COMPLETE_FOR_ACCESSIONS;MISSING_STRAIN_BIOPROJECT_ASSEMBLY
shaw-2021_koxy-SAMN15148463-u,shaw-2021_koxy-SAMN15148463,SAMN15148463,koxy-test,Klebsiella oxytoca,NOT_IN_SOURCE_METADATA,SRR11949310,SRR12298451,PacBio,SAMN15148463,NOT_IN_SOURCE_METADATA,NOT_IN_SOURCE_METADATA,Unicycler,koxy-test/shaw-2021_koxy-SAMN15148463-u.gfa.gz,YES,1851294,koxy-test/shaw-2021_koxy-SAMN15148463-u.gfa.csv,YES,12792,contig|plasmid_score|chrom_score|label|length|chr_coverage|pl_coverage|un_coverage|hybrid_mapsto,plasmid;chromosome;ambiguous;unlabeled,NOT_PUBLISHED_IN_METADATA,IN_GFA: dp tag (Unicycler) / KC tag (SKESA),Shaw2021,https://github.com/fmfi-compbio/plasgraph2-datasets/blob/06cdf1524a9d424b5eb97628be26b87f854d398a/koxy-test/shaw-2021_koxy-SAMN15148463-u.gfa.gz,06cdf1524a9d424b5eb97628be26b87f854d398a,LICENCE_NOT_DOCUMENTED,COMPLETE_FOR_ACCESSIONS;MISSING_STRAIN_BIOPROJECT_ASSEMBLY
shaw-2021_koxy-SAMN15148463-s,shaw-2021_koxy-SAMN15148463,SAMN15148463,koxy-test,Klebsiella oxytoca,NOT_IN_SOURCE_METADATA,SRR11949310,SRR12298451,PacBio,SAMN15148463,NOT_IN_SOURCE_METADATA,NOT_IN_SOURCE_METADATA,SKESA,koxy-test/shaw-2021_koxy-SAMN15148463-s.gfa.gz,YES,1863813,koxy-test/shaw-2021_koxy-SAMN15148463-s.gfa.csv,YES,23490,contig|plasmid_score|chrom_score|label|length|chr_coverage|pl_coverage|un_coverage|hybrid_mapsto,plasmid;chromosome;ambiguous;unlabeled,NOT_PUBLISHED_IN_METADATA,IN_GFA: dp tag (Unicycler) / KC tag (SKESA),Shaw2021,https://github.com/fmfi-compbio/plasgraph2-datasets/blob/06cdf1524a9d424b5eb97628be26b87f854d398a/koxy-test/shaw-2021_koxy-SAMN15148463-s.gfa.gz,06cdf1524a9d424b5eb97628be26b87f854d398a,LICENCE_NOT_DOCUMENTED,COMPLETE_FOR_ACCESSIONS;MISSING_STRAIN_BIOPROJECT_ASSEMBLY
shaw-2021_koxy-SAMN15148481-u,shaw-2021_koxy-SAMN15148481,SAMN15148481,koxy-test,Klebsiella oxytoca,NOT_IN_SOURCE_METADATA,SRR11949306,SRR12298431,PacBio,SAMN15148481,NOT_IN_SOURCE_METADATA,NOT_IN_SOURCE_METADATA,Unicycler,koxy-test/shaw-2021_koxy-SAMN15148481-u.gfa.gz,YES,1792763,koxy-test/shaw-2021_koxy-SAMN15148481-u.gfa.csv,YES,7512,contig|plasmid_score|chrom_score|label|length|chr_coverage|pl_coverage|un_coverage|hybrid_mapsto,plasmid;chromosome;ambiguous;unlabeled,NOT_PUBLISHED_IN_METADATA,IN_GFA: dp tag (Unicycler) / KC tag (SKESA),Shaw2021,https://github.com/fmfi-compbio/plasgraph2-datasets/blob/06cdf1524a9d424b5eb97628be26b87f854d398a/koxy-test/shaw-2021_koxy-SAMN15148481-u.gfa.gz,06cdf1524a9d424b5eb97628be26b87f854d398a,LICENCE_NOT_DOCUMENTED,COMPLETE_FOR_ACCESSIONS;MISSING_STRAIN_BIOPROJECT_ASSEMBLY
shaw-2021_koxy-SAMN15148481-s,shaw-2021_koxy-SAMN15148481,SAMN15148481,koxy-test,Klebsiella oxytoca,NOT_IN_SOURCE_METADATA,SRR11949306,SRR12298431,PacBio,SAMN15148481,NOT_IN_SOURCE_METADATA,NOT_IN_SOURCE_METADATA,SKESA,koxy-test/shaw-2021_koxy-SAMN15148481-s.gfa.gz,YES,1802336,koxy-test/shaw-2021_koxy-SAMN15148481-s.gfa.csv,YES,13977,contig|plasmid_score|chrom_score|label|length|chr_coverage|pl_coverage|un_coverage|hybrid_mapsto,plasmid;chromosome;ambiguous;unlabeled,NOT_PUBLISHED_IN_METADATA,IN_GFA: dp tag (Unicycler) / KC tag (SKESA),Shaw2021,https://github.com/fmfi-compbio/plasgraph2-datasets/blob/06cdf1524a9d424b5eb97628be26b87f854d398a/koxy-test/shaw-2021_koxy-SAMN15148481-s.gfa.gz,06cdf1524a9d424b5eb97628be26b87f854d398a,LICENCE_NOT_DOCUMENTED,COMPLETE_FOR_ACCESSIONS;MISSING_STRAIN_BIOPROJECT_ASSEMBLY
shaw-2021_koxy-SAMN15148490-u,shaw-2021_koxy-SAMN15148490,SAMN15148490,koxy-test,Klebsiella oxytoca,NOT_IN_SOURCE_METADATA,SRR11949296,SRR12298421,Nanopore,SAMN15148490,NOT_IN_SOURCE_METADATA,NOT_IN_SOURCE_METADATA,Unicycler,koxy-test/shaw-2021_koxy-SAMN15148490-u.gfa.gz,YES,1799025,koxy-test/shaw-2021_koxy-SAMN15148490-u.gfa.csv,YES,9853,contig|plasmid_score|chrom_score|label|length|chr_coverage|pl_coverage|un_coverage|hybrid_mapsto,plasmid;chromosome;ambiguous;unlabeled,NOT_PUBLISHED_IN_METADATA,IN_GFA: dp tag (Unicycler) / KC tag (SKESA),Shaw2021,https://github.com/fmfi-compbio/plasgraph2-datasets/blob/06cdf1524a9d424b5eb97628be26b87f854d398a/koxy-test/shaw-2021_koxy-SAMN15148490-u.gfa.gz,06cdf1524a9d424b5eb97628be26b87f854d398a,LICENCE_NOT_DOCUMENTED,COMPLETE_FOR_ACCESSIONS;MISSING_STRAIN_BIOPROJECT_ASSEMBLY
shaw-2021_koxy-SAMN15148490-s,shaw-2021_koxy-SAMN15148490,SAMN15148490,koxy-test,Klebsiella oxytoca,NOT_IN_SOURCE_METADATA,SRR11949296,SRR12298421,Nanopore,SAMN15148490,NOT_IN_SOURCE_METADATA,NOT_IN_SOURCE_METADATA,SKESA,koxy-test/shaw-2021_koxy-SAMN15148490-s.gfa.gz,YES,1809222,koxy-test/shaw-2021_koxy-SAMN15148490-s.gfa.csv,YES,17716,contig|plasmid_score|chrom_score|label|length|chr_coverage|pl_coverage|un_coverage|hybrid_mapsto,plasmid;chromosome;ambiguous;unlabeled,NOT_PUBLISHED_IN_METADATA,IN_GFA: dp tag (Unicycler) / KC tag (SKESA),Shaw2021,https://github.com/fmfi-compbio/plasgraph2-datasets/blob/06cdf1524a9d424b5eb97628be26b87f854d398a/koxy-test/shaw-2021_koxy-SAMN15148490-s.gfa.gz,06cdf1524a9d424b5eb97628be26b87f854d398a,LICENCE_NOT_DOCUMENTED,COMPLETE_FOR_ACCESSIONS;MISSING_STRAIN_BIOPROJECT_ASSEMBLY
shaw-2021_koxy-SAMN15148521-u,shaw-2021_koxy-SAMN15148521,SAMN15148521,koxy-test,Klebsiella oxytoca,NOT_IN_SOURCE_METADATA,SRR11948796,SRR12298387,Nanopore,SAMN15148521,NOT_IN_SOURCE_METADATA,NOT_IN_SOURCE_METADATA,Unicycler,koxy-test/shaw-2021_koxy-SAMN15148521-u.gfa.gz,YES,1823865,koxy-test/shaw-2021_koxy-SAMN15148521-u.gfa.csv,YES,13549,contig|plasmid_score|chrom_score|label|length|chr_coverage|pl_coverage|un_coverage|hybrid_mapsto,plasmid;chromosome;ambiguous;unlabeled,NOT_PUBLISHED_IN_METADATA,IN_GFA: dp tag (Unicycler) / KC tag (SKESA),Shaw2021,https://github.com/fmfi-compbio/plasgraph2-datasets/blob/06cdf1524a9d424b5eb97628be26b87f854d398a/koxy-test/shaw-2021_koxy-SAMN15148521-u.gfa.gz,06cdf1524a9d424b5eb97628be26b87f854d398a,LICENCE_NOT_DOCUMENTED,COMPLETE_FOR_ACCESSIONS;MISSING_STRAIN_BIOPROJECT_ASSEMBLY
shaw-2021_koxy-SAMN15148521-s,shaw-2021_koxy-SAMN15148521,SAMN15148521,koxy-test,Klebsiella oxytoca,NOT_IN_SOURCE_METADATA,SRR11948796,SRR12298387,Nanopore,SAMN15148521,NOT_IN_SOURCE_METADATA,NOT_IN_SOURCE_METADATA,SKESA,koxy-test/shaw-2021_koxy-SAMN15148521-s.gfa.gz,YES,1836415,koxy-test/shaw-2021_koxy-SAMN15148521-s.gfa.csv,YES,22757,contig|plasmid_score|chrom_score|label|length|chr_coverage|pl_coverage|un_coverage|hybrid_mapsto,plasmid;chromosome;ambiguous;unlabeled,NOT_PUBLISHED_IN_METADATA,IN_GFA: dp tag (Unicycler) / KC tag (SKESA),Shaw2021,https://github.com/fmfi-compbio/plasgraph2-datasets/blob/06cdf1524a9d424b5eb97628be26b87f854d398a/koxy-test/shaw-2021_koxy-SAMN15148521-s.gfa.gz,06cdf1524a9d424b5eb97628be26b87f854d398a,LICENCE_NOT_DOCUMENTED,COMPLETE_FOR_ACCESSIONS;MISSING_STRAIN_BIOPROJECT_ASSEMBLY
shaw-2021_koxy-SAMN15148522-u,shaw-2021_koxy-SAMN15148522,SAMN15148522,koxy-test,Klebsiella oxytoca,NOT_IN_SOURCE_METADATA,SRR11948795,SRR12298386,PacBio,SAMN15148522,NOT_IN_SOURCE_METADATA,NOT_IN_SOURCE_METADATA,Unicycler,koxy-test/shaw-2021_koxy-SAMN15148522-u.gfa.gz,YES,1863676,koxy-test/shaw-2021_koxy-SAMN15148522-u.gfa.csv,YES,15497,contig|plasmid_score|chrom_score|label|length|chr_coverage|pl_coverage|un_coverage|hybrid_mapsto,plasmid;chromosome;ambiguous;unlabeled,NOT_PUBLISHED_IN_METADATA,IN_GFA: dp tag (Unicycler) / KC tag (SKESA),Shaw2021,https://github.com/fmfi-compbio/plasgraph2-datasets/blob/06cdf1524a9d424b5eb97628be26b87f854d398a/koxy-test/shaw-2021_koxy-SAMN15148522-u.gfa.gz,06cdf1524a9d424b5eb97628be26b87f854d398a,LICENCE_NOT_DOCUMENTED,COMPLETE_FOR_ACCESSIONS;MISSING_STRAIN_BIOPROJECT_ASSEMBLY
shaw-2021_koxy-SAMN15148522-s,shaw-2021_koxy-SAMN15148522,SAMN15148522,koxy-test,Klebsiella oxytoca,NOT_IN_SOURCE_METADATA,SRR11948795,SRR12298386,PacBio,SAMN15148522,NOT_IN_SOURCE_METADATA,NOT_IN_SOURCE_METADATA,SKESA,koxy-test/shaw-2021_koxy-SAMN15148522-s.gfa.gz,YES,1871066,koxy-test/shaw-2021_koxy-SAMN15148522-s.gfa.csv,YES,20574,contig|plasmid_score|chrom_score|label|length|chr_coverage|pl_coverage|un_coverage|hybrid_mapsto,plasmid;chromosome;ambiguous;unlabeled,NOT_PUBLISHED_IN_METADATA,IN_GFA: dp tag (Unicycler) / KC tag (SKESA),Shaw2021,https://github.com/fmfi-compbio/plasgraph2-datasets/blob/06cdf1524a9d424b5eb97628be26b87f854d398a/koxy-test/shaw-2021_koxy-SAMN15148522-s.gfa.gz,06cdf1524a9d424b5eb97628be26b87f854d398a,LICENCE_NOT_DOCUMENTED,COMPLETE_FOR_ACCESSIONS;MISSING_STRAIN_BIOPROJECT_ASSEMBLY
shaw-2021_koxy-SAMN15148527-u,shaw-2021_koxy-SAMN15148527,SAMN15148527,koxy-test,Klebsiella oxytoca,NOT_IN_SOURCE_METADATA,SRR11949175,SRR12298380,PacBio,SAMN15148527,NOT_IN_SOURCE_METADATA,NOT_IN_SOURCE_METADATA,Unicycler,koxy-test/shaw-2021_koxy-SAMN15148527-u.gfa.gz,YES,1760963,koxy-test/shaw-2021_koxy-SAMN15148527-u.gfa.csv,YES,4970,contig|plasmid_score|chrom_score|label|length|chr_coverage|pl_coverage|un_coverage|hybrid_mapsto,plasmid;chromosome;ambiguous;unlabeled,NOT_PUBLISHED_IN_METADATA,IN_GFA: dp tag (Unicycler) / KC tag (SKESA),Shaw2021,https://github.com/fmfi-compbio/plasgraph2-datasets/blob/06cdf1524a9d424b5eb97628be26b87f854d398a/koxy-test/shaw-2021_koxy-SAMN15148527-u.gfa.gz,06cdf1524a9d424b5eb97628be26b87f854d398a,LICENCE_NOT_DOCUMENTED,COMPLETE_FOR_ACCESSIONS;MISSING_STRAIN_BIOPROJECT_ASSEMBLY
shaw-2021_koxy-SAMN15148527-s,shaw-2021_koxy-SAMN15148527,SAMN15148527,koxy-test,Klebsiella oxytoca,NOT_IN_SOURCE_METADATA,SRR11949175,SRR12298380,PacBio,SAMN15148527,NOT_IN_SOURCE_METADATA,NOT_IN_SOURCE_METADATA,SKESA,koxy-test/shaw-2021_koxy-SAMN15148527-s.gfa.gz,YES,1766404,koxy-test/shaw-2021_koxy-SAMN15148527-s.gfa.csv,YES,8442,contig|plasmid_score|chrom_score|label|length|chr_coverage|pl_coverage|un_coverage|hybrid_mapsto,plasmid;chromosome;ambiguous;unlabeled,NOT_PUBLISHED_IN_METADATA,IN_GFA: dp tag (Unicycler) / KC tag (SKESA),Shaw2021,https://github.com/fmfi-compbio/plasgraph2-datasets/blob/06cdf1524a9d424b5eb97628be26b87f854d398a/koxy-test/shaw-2021_koxy-SAMN15148527-s.gfa.gz,06cdf1524a9d424b5eb97628be26b87f854d398a,LICENCE_NOT_DOCUMENTED,COMPLETE_FOR_ACCESSIONS;MISSING_STRAIN_BIOPROJECT_ASSEMBLY
shaw-2021_koxy-SAMN15148529-u,shaw-2021_koxy-SAMN15148529,SAMN15148529,koxy-test,Klebsiella oxytoca,NOT_IN_SOURCE_METADATA,SRR11949173,SRR12298378,Nanopore,SAMN15148529,NOT_IN_SOURCE_METADATA,NOT_IN_SOURCE_METADATA,Unicycler,koxy-test/shaw-2021_koxy-SAMN15148529-u.gfa.gz,YES,1730764,koxy-test/shaw-2021_koxy-SAMN15148529-u.gfa.csv,YES,5007,contig|plasmid_score|chrom_score|label|length|chr_coverage|pl_coverage|un_coverage|hybrid_mapsto,plasmid;chromosome;ambiguous;unlabeled,NOT_PUBLISHED_IN_METADATA,IN_GFA: dp tag (Unicycler) / KC tag (SKESA),Shaw2021,https://github.com/fmfi-compbio/plasgraph2-datasets/blob/06cdf1524a9d424b5eb97628be26b87f854d398a/koxy-test/shaw-2021_koxy-SAMN15148529-u.gfa.gz,06cdf1524a9d424b5eb97628be26b87f854d398a,LICENCE_NOT_DOCUMENTED,COMPLETE_FOR_ACCESSIONS;MISSING_STRAIN_BIOPROJECT_ASSEMBLY
shaw-2021_koxy-SAMN15148529-s,shaw-2021_koxy-SAMN15148529,SAMN15148529,koxy-test,Klebsiella oxytoca,NOT_IN_SOURCE_METADATA,SRR11949173,SRR12298378,Nanopore,SAMN15148529,NOT_IN_SOURCE_METADATA,NOT_IN_SOURCE_METADATA,SKESA,koxy-test/shaw-2021_koxy-SAMN15148529-s.gfa.gz,YES,1735856,koxy-test/shaw-2021_koxy-SAMN15148529-s.gfa.csv,YES,8774,contig|plasmid_score|chrom_score|label|length|chr_coverage|pl_coverage|un_coverage|hybrid_mapsto,plasmid;chromosome;ambiguous;unlabeled,NOT_PUBLISHED_IN_METADATA,IN_GFA: dp tag (Unicycler) / KC tag (SKESA),Shaw2021,https://github.com/fmfi-compbio/plasgraph2-datasets/blob/06cdf1524a9d424b5eb97628be26b87f854d398a/koxy-test/shaw-2021_koxy-SAMN15148529-s.gfa.gz,06cdf1524a9d424b5eb97628be26b87f854d398a,LICENCE_NOT_DOCUMENTED,COMPLETE_FOR_ACCESSIONS;MISSING_STRAIN_BIOPROJECT_ASSEMBLY
shaw-2021_koxy-SAMN15148531-u,shaw-2021_koxy-SAMN15148531,SAMN15148531,koxy-test,Klebsiella oxytoca,NOT_IN_SOURCE_METADATA,SRR11949171,SRR12298376,Nanopore,SAMN15148531,NOT_IN_SOURCE_METADATA,NOT_IN_SOURCE_METADATA,Unicycler,koxy-test/shaw-2021_koxy-SAMN15148531-u.gfa.gz,YES,1730513,koxy-test/shaw-2021_koxy-SAMN15148531-u.gfa.csv,YES,5183,contig|plasmid_score|chrom_score|label|length|chr_coverage|pl_coverage|un_coverage|hybrid_mapsto,plasmid;chromosome;ambiguous;unlabeled,NOT_PUBLISHED_IN_METADATA,IN_GFA: dp tag (Unicycler) / KC tag (SKESA),Shaw2021,https://github.com/fmfi-compbio/plasgraph2-datasets/blob/06cdf1524a9d424b5eb97628be26b87f854d398a/koxy-test/shaw-2021_koxy-SAMN15148531-u.gfa.gz,06cdf1524a9d424b5eb97628be26b87f854d398a,LICENCE_NOT_DOCUMENTED,COMPLETE_FOR_ACCESSIONS;MISSING_STRAIN_BIOPROJECT_ASSEMBLY
shaw-2021_koxy-SAMN15148531-s,shaw-2021_koxy-SAMN15148531,SAMN15148531,koxy-test,Klebsiella oxytoca,NOT_IN_SOURCE_METADATA,SRR11949171,SRR12298376,Nanopore,SAMN15148531,NOT_IN_SOURCE_METADATA,NOT_IN_SOURCE_METADATA,SKESA,koxy-test/shaw-2021_koxy-SAMN15148531-s.gfa.gz,YES,1735754,koxy-test/shaw-2021_koxy-SAMN15148531-s.gfa.csv,YES,8760,contig|plasmid_score|chrom_score|label|length|chr_coverage|pl_coverage|un_coverage|hybrid_mapsto,plasmid;chromosome;ambiguous;unlabeled,NOT_PUBLISHED_IN_METADATA,IN_GFA: dp tag (Unicycler) / KC tag (SKESA),Shaw2021,https://github.com/fmfi-compbio/plasgraph2-datasets/blob/06cdf1524a9d424b5eb97628be26b87f854d398a/koxy-test/shaw-2021_koxy-SAMN15148531-s.gfa.gz,06cdf1524a9d424b5eb97628be26b87f854d398a,LICENCE_NOT_DOCUMENTED,COMPLETE_FOR_ACCESSIONS;MISSING_STRAIN_BIOPROJECT_ASSEMBLY
shaw-2021_koxy-SAMN15148533-u,shaw-2021_koxy-SAMN15148533,SAMN15148533,koxy-test,Klebsiella oxytoca,NOT_IN_SOURCE_METADATA,SRR11949169,SRR12298374,PacBio,SAMN15148533,NOT_IN_SOURCE_METADATA,NOT_IN_SOURCE_METADATA,Unicycler,koxy-test/shaw-2021_koxy-SAMN15148533-u.gfa.gz,YES,1798123,koxy-test/shaw-2021_koxy-SAMN15148533-u.gfa.csv,YES,9388,contig|plasmid_score|chrom_score|label|length|chr_coverage|pl_coverage|un_coverage|hybrid_mapsto,plasmid;chromosome;ambiguous;unlabeled,NOT_PUBLISHED_IN_METADATA,IN_GFA: dp tag (Unicycler) / KC tag (SKESA),Shaw2021,https://github.com/fmfi-compbio/plasgraph2-datasets/blob/06cdf1524a9d424b5eb97628be26b87f854d398a/koxy-test/shaw-2021_koxy-SAMN15148533-u.gfa.gz,06cdf1524a9d424b5eb97628be26b87f854d398a,LICENCE_NOT_DOCUMENTED,COMPLETE_FOR_ACCESSIONS;MISSING_STRAIN_BIOPROJECT_ASSEMBLY
shaw-2021_koxy-SAMN15148533-s,shaw-2021_koxy-SAMN15148533,SAMN15148533,koxy-test,Klebsiella oxytoca,NOT_IN_SOURCE_METADATA,SRR11949169,SRR12298374,PacBio,SAMN15148533,NOT_IN_SOURCE_METADATA,NOT_IN_SOURCE_METADATA,SKESA,koxy-test/shaw-2021_koxy-SAMN15148533-s.gfa.gz,YES,1806374,koxy-test/shaw-2021_koxy-SAMN15148533-s.gfa.csv,YES,13453,contig|plasmid_score|chrom_score|label|length|chr_coverage|pl_coverage|un_coverage|hybrid_mapsto,plasmid;chromosome;ambiguous;unlabeled,NOT_PUBLISHED_IN_METADATA,IN_GFA: dp tag (Unicycler) / KC tag (SKESA),Shaw2021,https://github.com/fmfi-compbio/plasgraph2-datasets/blob/06cdf1524a9d424b5eb97628be26b87f854d398a/koxy-test/shaw-2021_koxy-SAMN15148533-s.gfa.gz,06cdf1524a9d424b5eb97628be26b87f854d398a,LICENCE_NOT_DOCUMENTED,COMPLETE_FOR_ACCESSIONS;MISSING_STRAIN_BIOPROJECT_ASSEMBLY
shaw-2021_koxy-SAMN15148592-u,shaw-2021_koxy-SAMN15148592,SAMN15148592,koxy-test,Klebsiella oxytoca,NOT_IN_SOURCE_METADATA,SRR11949135,SRR12298833,Nanopore,SAMN15148592,NOT_IN_SOURCE_METADATA,NOT_IN_SOURCE_METADATA,Unicycler,koxy-test/shaw-2021_koxy-SAMN15148592-u.gfa.gz,YES,1833434,koxy-test/shaw-2021_koxy-SAMN15148592-u.gfa.csv,YES,10069,contig|plasmid_score|chrom_score|label|length|chr_coverage|pl_coverage|un_coverage|hybrid_mapsto,plasmid;chromosome;ambiguous;unlabeled,NOT_PUBLISHED_IN_METADATA,IN_GFA: dp tag (Unicycler) / KC tag (SKESA),Shaw2021,https://github.com/fmfi-compbio/plasgraph2-datasets/blob/06cdf1524a9d424b5eb97628be26b87f854d398a/koxy-test/shaw-2021_koxy-SAMN15148592-u.gfa.gz,06cdf1524a9d424b5eb97628be26b87f854d398a,LICENCE_NOT_DOCUMENTED,COMPLETE_FOR_ACCESSIONS;MISSING_STRAIN_BIOPROJECT_ASSEMBLY
shaw-2021_koxy-SAMN15148592-s,shaw-2021_koxy-SAMN15148592,SAMN15148592,koxy-test,Klebsiella oxytoca,NOT_IN_SOURCE_METADATA,SRR11949135,SRR12298833,Nanopore,SAMN15148592,NOT_IN_SOURCE_METADATA,NOT_IN_SOURCE_METADATA,SKESA,koxy-test/shaw-2021_koxy-SAMN15148592-s.gfa.gz,YES,1842056,koxy-test/shaw-2021_koxy-SAMN15148592-s.gfa.csv,YES,17927,contig|plasmid_score|chrom_score|label|length|chr_coverage|pl_coverage|un_coverage|hybrid_mapsto,plasmid;chromosome;ambiguous;unlabeled,NOT_PUBLISHED_IN_METADATA,IN_GFA: dp tag (Unicycler) / KC tag (SKESA),Shaw2021,https://github.com/fmfi-compbio/plasgraph2-datasets/blob/06cdf1524a9d424b5eb97628be26b87f854d398a/koxy-test/shaw-2021_koxy-SAMN15148592-s.gfa.gz,06cdf1524a9d424b5eb97628be26b87f854d398a,LICENCE_NOT_DOCUMENTED,COMPLETE_FOR_ACCESSIONS;MISSING_STRAIN_BIOPROJECT_ASSEMBLY
shaw-2021_koxy-SAMN15148604-u,shaw-2021_koxy-SAMN15148604,SAMN15148604,koxy-test,Klebsiella oxytoca,NOT_IN_SOURCE_METADATA,SRR11948672,SRR12298820,Nanopore,SAMN15148604,NOT_IN_SOURCE_METADATA,NOT_IN_SOURCE_METADATA,Unicycler,koxy-test/shaw-2021_koxy-SAMN15148604-u.gfa.gz,YES,1869802,koxy-test/shaw-2021_koxy-SAMN15148604-u.gfa.csv,YES,13746,contig|plasmid_score|chrom_score|label|length|chr_coverage|pl_coverage|un_coverage|hybrid_mapsto,plasmid;chromosome;ambiguous;unlabeled,NOT_PUBLISHED_IN_METADATA,IN_GFA: dp tag (Unicycler) / KC tag (SKESA),Shaw2021,https://github.com/fmfi-compbio/plasgraph2-datasets/blob/06cdf1524a9d424b5eb97628be26b87f854d398a/koxy-test/shaw-2021_koxy-SAMN15148604-u.gfa.gz,06cdf1524a9d424b5eb97628be26b87f854d398a,LICENCE_NOT_DOCUMENTED,COMPLETE_FOR_ACCESSIONS;MISSING_STRAIN_BIOPROJECT_ASSEMBLY
shaw-2021_koxy-SAMN15148604-s,shaw-2021_koxy-SAMN15148604,SAMN15148604,koxy-test,Klebsiella oxytoca,NOT_IN_SOURCE_METADATA,SRR11948672,SRR12298820,Nanopore,SAMN15148604,NOT_IN_SOURCE_METADATA,NOT_IN_SOURCE_METADATA,SKESA,koxy-test/shaw-2021_koxy-SAMN15148604-s.gfa.gz,YES,1877361,koxy-test/shaw-2021_koxy-SAMN15148604-s.gfa.csv,YES,18756,contig|plasmid_score|chrom_score|label|length|chr_coverage|pl_coverage|un_coverage|hybrid_mapsto,plasmid;chromosome;ambiguous;unlabeled,NOT_PUBLISHED_IN_METADATA,IN_GFA: dp tag (Unicycler) / KC tag (SKESA),Shaw2021,https://github.com/fmfi-compbio/plasgraph2-datasets/blob/06cdf1524a9d424b5eb97628be26b87f854d398a/koxy-test/shaw-2021_koxy-SAMN15148604-s.gfa.gz,06cdf1524a9d424b5eb97628be26b87f854d398a,LICENCE_NOT_DOCUMENTED,COMPLETE_FOR_ACCESSIONS;MISSING_STRAIN_BIOPROJECT_ASSEMBLY
shaw-2021_koxy-SAMN15148609-u,shaw-2021_koxy-SAMN15148609,SAMN15148609,koxy-test,Klebsiella oxytoca,NOT_IN_SOURCE_METADATA,SRR11949260,SRR12298814,Nanopore,SAMN15148609,NOT_IN_SOURCE_METADATA,NOT_IN_SOURCE_METADATA,Unicycler,koxy-test/shaw-2021_koxy-SAMN15148609-u.gfa.gz,YES,1797282,koxy-test/shaw-2021_koxy-SAMN15148609-u.gfa.csv,YES,8221,contig|plasmid_score|chrom_score|label|length|chr_coverage|pl_coverage|un_coverage|hybrid_mapsto,plasmid;chromosome;ambiguous;unlabeled,NOT_PUBLISHED_IN_METADATA,IN_GFA: dp tag (Unicycler) / KC tag (SKESA),Shaw2021,https://github.com/fmfi-compbio/plasgraph2-datasets/blob/06cdf1524a9d424b5eb97628be26b87f854d398a/koxy-test/shaw-2021_koxy-SAMN15148609-u.gfa.gz,06cdf1524a9d424b5eb97628be26b87f854d398a,LICENCE_NOT_DOCUMENTED,COMPLETE_FOR_ACCESSIONS;MISSING_STRAIN_BIOPROJECT_ASSEMBLY
shaw-2021_koxy-SAMN15148609-s,shaw-2021_koxy-SAMN15148609,SAMN15148609,koxy-test,Klebsiella oxytoca,NOT_IN_SOURCE_METADATA,SRR11949260,SRR12298814,Nanopore,SAMN15148609,NOT_IN_SOURCE_METADATA,NOT_IN_SOURCE_METADATA,SKESA,koxy-test/shaw-2021_koxy-SAMN15148609-s.gfa.gz,YES,1806254,koxy-test/shaw-2021_koxy-SAMN15148609-s.gfa.csv,YES,16334,contig|plasmid_score|chrom_score|label|length|chr_coverage|pl_coverage|un_coverage|hybrid_mapsto,plasmid;chromosome;ambiguous;unlabeled,NOT_PUBLISHED_IN_METADATA,IN_GFA: dp tag (Unicycler) / KC tag (SKESA),Shaw2021,https://github.com/fmfi-compbio/plasgraph2-datasets/blob/06cdf1524a9d424b5eb97628be26b87f854d398a/koxy-test/shaw-2021_koxy-SAMN15148609-s.gfa.gz,06cdf1524a9d424b5eb97628be26b87f854d398a,LICENCE_NOT_DOCUMENTED,COMPLETE_FOR_ACCESSIONS;MISSING_STRAIN_BIOPROJECT_ASSEMBLY
shaw-2021_koxy-SAMN15148619-u,shaw-2021_koxy-SAMN15148619,SAMN15148619,koxy-test,Klebsiella oxytoca,NOT_IN_SOURCE_METADATA,SRR11949249,SRR12298779,Nanopore,SAMN15148619,NOT_IN_SOURCE_METADATA,NOT_IN_SOURCE_METADATA,Unicycler,koxy-test/shaw-2021_koxy-SAMN15148619-u.gfa.gz,YES,1915425,koxy-test/shaw-2021_koxy-SAMN15148619-u.gfa.csv,YES,12868,contig|plasmid_score|chrom_score|label|length|chr_coverage|pl_coverage|un_coverage|hybrid_mapsto,plasmid;chromosome;ambiguous;unlabeled,NOT_PUBLISHED_IN_METADATA,IN_GFA: dp tag (Unicycler) / KC tag (SKESA),Shaw2021,https://github.com/fmfi-compbio/plasgraph2-datasets/blob/06cdf1524a9d424b5eb97628be26b87f854d398a/koxy-test/shaw-2021_koxy-SAMN15148619-u.gfa.gz,06cdf1524a9d424b5eb97628be26b87f854d398a,LICENCE_NOT_DOCUMENTED,COMPLETE_FOR_ACCESSIONS;MISSING_STRAIN_BIOPROJECT_ASSEMBLY
shaw-2021_koxy-SAMN15148619-s,shaw-2021_koxy-SAMN15148619,SAMN15148619,koxy-test,Klebsiella oxytoca,NOT_IN_SOURCE_METADATA,SRR11949249,SRR12298779,Nanopore,SAMN15148619,NOT_IN_SOURCE_METADATA,NOT_IN_SOURCE_METADATA,SKESA,koxy-test/shaw-2021_koxy-SAMN15148619-s.gfa.gz,YES,1924732,koxy-test/shaw-2021_koxy-SAMN15148619-s.gfa.csv,YES,21405,contig|plasmid_score|chrom_score|label|length|chr_coverage|pl_coverage|un_coverage|hybrid_mapsto,plasmid;chromosome;ambiguous;unlabeled,NOT_PUBLISHED_IN_METADATA,IN_GFA: dp tag (Unicycler) / KC tag (SKESA),Shaw2021,https://github.com/fmfi-compbio/plasgraph2-datasets/blob/06cdf1524a9d424b5eb97628be26b87f854d398a/koxy-test/shaw-2021_koxy-SAMN15148619-s.gfa.gz,06cdf1524a9d424b5eb97628be26b87f854d398a,LICENCE_NOT_DOCUMENTED,COMPLETE_FOR_ACCESSIONS;MISSING_STRAIN_BIOPROJECT_ASSEMBLY
shaw-2021_koxy-SAMN15148636-u,shaw-2021_koxy-SAMN15148636,SAMN15148636,koxy-test,Klebsiella oxytoca,NOT_IN_SOURCE_METADATA,SRR11948701,SRR12298734,Nanopore,SAMN15148636,NOT_IN_SOURCE_METADATA,NOT_IN_SOURCE_METADATA,Unicycler,koxy-test/shaw-2021_koxy-SAMN15148636-u.gfa.gz,YES,1824328,koxy-test/shaw-2021_koxy-SAMN15148636-u.gfa.csv,YES,9112,contig|plasmid_score|chrom_score|label|length|chr_coverage|pl_coverage|un_coverage|hybrid_mapsto,plasmid;chromosome;ambiguous;unlabeled,NOT_PUBLISHED_IN_METADATA,IN_GFA: dp tag (Unicycler) / KC tag (SKESA),Shaw2021,https://github.com/fmfi-compbio/plasgraph2-datasets/blob/06cdf1524a9d424b5eb97628be26b87f854d398a/koxy-test/shaw-2021_koxy-SAMN15148636-u.gfa.gz,06cdf1524a9d424b5eb97628be26b87f854d398a,LICENCE_NOT_DOCUMENTED,COMPLETE_FOR_ACCESSIONS;MISSING_STRAIN_BIOPROJECT_ASSEMBLY
shaw-2021_koxy-SAMN15148636-s,shaw-2021_koxy-SAMN15148636,SAMN15148636,koxy-test,Klebsiella oxytoca,NOT_IN_SOURCE_METADATA,SRR11948701,SRR12298734,Nanopore,SAMN15148636,NOT_IN_SOURCE_METADATA,NOT_IN_SOURCE_METADATA,SKESA,koxy-test/shaw-2021_koxy-SAMN15148636-s.gfa.gz,YES,1830443,koxy-test/shaw-2021_koxy-SAMN15148636-s.gfa.csv,YES,13765,contig|plasmid_score|chrom_score|label|length|chr_coverage|pl_coverage|un_coverage|hybrid_mapsto,plasmid;chromosome;ambiguous;unlabeled,NOT_PUBLISHED_IN_METADATA,IN_GFA: dp tag (Unicycler) / KC tag (SKESA),Shaw2021,https://github.com/fmfi-compbio/plasgraph2-datasets/blob/06cdf1524a9d424b5eb97628be26b87f854d398a/koxy-test/shaw-2021_koxy-SAMN15148636-s.gfa.gz,06cdf1524a9d424b5eb97628be26b87f854d398a,LICENCE_NOT_DOCUMENTED,COMPLETE_FOR_ACCESSIONS;MISSING_STRAIN_BIOPROJECT_ASSEMBLY
shaw-2021_koxy-SAMN15148637-u,shaw-2021_koxy-SAMN15148637,SAMN15148637,koxy-test,Klebsiella oxytoca,NOT_IN_SOURCE_METADATA,SRR11948699,SRR12298732,Nanopore,SAMN15148637,NOT_IN_SOURCE_METADATA,NOT_IN_SOURCE_METADATA,Unicycler,koxy-test/shaw-2021_koxy-SAMN15148637-u.gfa.gz,YES,1789933,koxy-test/shaw-2021_koxy-SAMN15148637-u.gfa.csv,YES,12334,contig|plasmid_score|chrom_score|label|length|chr_coverage|pl_coverage|un_coverage|hybrid_mapsto,plasmid;chromosome;ambiguous;unlabeled,NOT_PUBLISHED_IN_METADATA,IN_GFA: dp tag (Unicycler) / KC tag (SKESA),Shaw2021,https://github.com/fmfi-compbio/plasgraph2-datasets/blob/06cdf1524a9d424b5eb97628be26b87f854d398a/koxy-test/shaw-2021_koxy-SAMN15148637-u.gfa.gz,06cdf1524a9d424b5eb97628be26b87f854d398a,LICENCE_NOT_DOCUMENTED,COMPLETE_FOR_ACCESSIONS;MISSING_STRAIN_BIOPROJECT_ASSEMBLY
shaw-2021_koxy-SAMN15148637-s,shaw-2021_koxy-SAMN15148637,SAMN15148637,koxy-test,Klebsiella oxytoca,NOT_IN_SOURCE_METADATA,SRR11948699,SRR12298732,Nanopore,SAMN15148637,NOT_IN_SOURCE_METADATA,NOT_IN_SOURCE_METADATA,SKESA,koxy-test/shaw-2021_koxy-SAMN15148637-s.gfa.gz,YES,1797015,koxy-test/shaw-2021_koxy-SAMN15148637-s.gfa.csv,YES,14870,contig|plasmid_score|chrom_score|label|length|chr_coverage|pl_coverage|un_coverage|hybrid_mapsto,plasmid;chromosome;ambiguous;unlabeled,NOT_PUBLISHED_IN_METADATA,IN_GFA: dp tag (Unicycler) / KC tag (SKESA),Shaw2021,https://github.com/fmfi-compbio/plasgraph2-datasets/blob/06cdf1524a9d424b5eb97628be26b87f854d398a/koxy-test/shaw-2021_koxy-SAMN15148637-s.gfa.gz,06cdf1524a9d424b5eb97628be26b87f854d398a,LICENCE_NOT_DOCUMENTED,COMPLETE_FOR_ACCESSIONS;MISSING_STRAIN_BIOPROJECT_ASSEMBLY
shaw-2021_koxy-SAMN15148647-u,shaw-2021_koxy-SAMN15148647,SAMN15148647,koxy-test,Klebsiella oxytoca,NOT_IN_SOURCE_METADATA,SRR11948917,SRR12298720,Nanopore,SAMN15148647,NOT_IN_SOURCE_METADATA,NOT_IN_SOURCE_METADATA,Unicycler,koxy-test/shaw-2021_koxy-SAMN15148647-u.gfa.gz,YES,1763888,koxy-test/shaw-2021_koxy-SAMN15148647-u.gfa.csv,YES,5340,contig|plasmid_score|chrom_score|label|length|chr_coverage|pl_coverage|un_coverage|hybrid_mapsto,plasmid;chromosome;ambiguous;unlabeled,NOT_PUBLISHED_IN_METADATA,IN_GFA: dp tag (Unicycler) / KC tag (SKESA),Shaw2021,https://github.com/fmfi-compbio/plasgraph2-datasets/blob/06cdf1524a9d424b5eb97628be26b87f854d398a/koxy-test/shaw-2021_koxy-SAMN15148647-u.gfa.gz,06cdf1524a9d424b5eb97628be26b87f854d398a,LICENCE_NOT_DOCUMENTED,COMPLETE_FOR_ACCESSIONS;MISSING_STRAIN_BIOPROJECT_ASSEMBLY
shaw-2021_koxy-SAMN15148647-s,shaw-2021_koxy-SAMN15148647,SAMN15148647,koxy-test,Klebsiella oxytoca,NOT_IN_SOURCE_METADATA,SRR11948917,SRR12298720,Nanopore,SAMN15148647,NOT_IN_SOURCE_METADATA,NOT_IN_SOURCE_METADATA,SKESA,koxy-test/shaw-2021_koxy-SAMN15148647-s.gfa.gz,YES,1770901,koxy-test/shaw-2021_koxy-SAMN15148647-s.gfa.csv,YES,10334,contig|plasmid_score|chrom_score|label|length|chr_coverage|pl_coverage|un_coverage|hybrid_mapsto,plasmid;chromosome;ambiguous;unlabeled,NOT_PUBLISHED_IN_METADATA,IN_GFA: dp tag (Unicycler) / KC tag (SKESA),Shaw2021,https://github.com/fmfi-compbio/plasgraph2-datasets/blob/06cdf1524a9d424b5eb97628be26b87f854d398a/koxy-test/shaw-2021_koxy-SAMN15148647-s.gfa.gz,06cdf1524a9d424b5eb97628be26b87f854d398a,LICENCE_NOT_DOCUMENTED,COMPLETE_FOR_ACCESSIONS;MISSING_STRAIN_BIOPROJECT_ASSEMBLY
shaw-2021_koxy-SAMN15148651-u,shaw-2021_koxy-SAMN15148651,SAMN15148651,koxy-test,Klebsiella oxytoca,NOT_IN_SOURCE_METADATA,SRR11948913,SRR12298716,Nanopore,SAMN15148651,NOT_IN_SOURCE_METADATA,NOT_IN_SOURCE_METADATA,Unicycler,koxy-test/shaw-2021_koxy-SAMN15148651-u.gfa.gz,YES,1828839,koxy-test/shaw-2021_koxy-SAMN15148651-u.gfa.csv,YES,10817,contig|plasmid_score|chrom_score|label|length|chr_coverage|pl_coverage|un_coverage|hybrid_mapsto,plasmid;chromosome;ambiguous;unlabeled,NOT_PUBLISHED_IN_METADATA,IN_GFA: dp tag (Unicycler) / KC tag (SKESA),Shaw2021,https://github.com/fmfi-compbio/plasgraph2-datasets/blob/06cdf1524a9d424b5eb97628be26b87f854d398a/koxy-test/shaw-2021_koxy-SAMN15148651-u.gfa.gz,06cdf1524a9d424b5eb97628be26b87f854d398a,LICENCE_NOT_DOCUMENTED,COMPLETE_FOR_ACCESSIONS;MISSING_STRAIN_BIOPROJECT_ASSEMBLY
shaw-2021_koxy-SAMN15148651-s,shaw-2021_koxy-SAMN15148651,SAMN15148651,koxy-test,Klebsiella oxytoca,NOT_IN_SOURCE_METADATA,SRR11948913,SRR12298716,Nanopore,SAMN15148651,NOT_IN_SOURCE_METADATA,NOT_IN_SOURCE_METADATA,SKESA,koxy-test/shaw-2021_koxy-SAMN15148651-s.gfa.gz,YES,1838681,koxy-test/shaw-2021_koxy-SAMN15148651-s.gfa.csv,YES,19821,contig|plasmid_score|chrom_score|label|length|chr_coverage|pl_coverage|un_coverage|hybrid_mapsto,plasmid;chromosome;ambiguous;unlabeled,NOT_PUBLISHED_IN_METADATA,IN_GFA: dp tag (Unicycler) / KC tag (SKESA),Shaw2021,https://github.com/fmfi-compbio/plasgraph2-datasets/blob/06cdf1524a9d424b5eb97628be26b87f854d398a/koxy-test/shaw-2021_koxy-SAMN15148651-s.gfa.gz,06cdf1524a9d424b5eb97628be26b87f854d398a,LICENCE_NOT_DOCUMENTED,COMPLETE_FOR_ACCESSIONS;MISSING_STRAIN_BIOPROJECT_ASSEMBLY
shaw-2021_koxy-SAMN15148657-u,shaw-2021_koxy-SAMN15148657,SAMN15148657,koxy-test,Klebsiella oxytoca,NOT_IN_SOURCE_METADATA,SRR11949238,SRR12298709,Nanopore,SAMN15148657,NOT_IN_SOURCE_METADATA,NOT_IN_SOURCE_METADATA,Unicycler,koxy-test/shaw-2021_koxy-SAMN15148657-u.gfa.gz,YES,1752424,koxy-test/shaw-2021_koxy-SAMN15148657-u.gfa.csv,YES,8603,contig|plasmid_score|chrom_score|label|length|chr_coverage|pl_coverage|un_coverage|hybrid_mapsto,plasmid;chromosome;ambiguous;unlabeled,NOT_PUBLISHED_IN_METADATA,IN_GFA: dp tag (Unicycler) / KC tag (SKESA),Shaw2021,https://github.com/fmfi-compbio/plasgraph2-datasets/blob/06cdf1524a9d424b5eb97628be26b87f854d398a/koxy-test/shaw-2021_koxy-SAMN15148657-u.gfa.gz,06cdf1524a9d424b5eb97628be26b87f854d398a,LICENCE_NOT_DOCUMENTED,COMPLETE_FOR_ACCESSIONS;MISSING_STRAIN_BIOPROJECT_ASSEMBLY
shaw-2021_koxy-SAMN15148657-s,shaw-2021_koxy-SAMN15148657,SAMN15148657,koxy-test,Klebsiella oxytoca,NOT_IN_SOURCE_METADATA,SRR11949238,SRR12298709,Nanopore,SAMN15148657,NOT_IN_SOURCE_METADATA,NOT_IN_SOURCE_METADATA,SKESA,koxy-test/shaw-2021_koxy-SAMN15148657-s.gfa.gz,YES,1760908,koxy-test/shaw-2021_koxy-SAMN15148657-s.gfa.csv,YES,15367,contig|plasmid_score|chrom_score|label|length|chr_coverage|pl_coverage|un_coverage|hybrid_mapsto,plasmid;chromosome;ambiguous;unlabeled,NOT_PUBLISHED_IN_METADATA,IN_GFA: dp tag (Unicycler) / KC tag (SKESA),Shaw2021,https://github.com/fmfi-compbio/plasgraph2-datasets/blob/06cdf1524a9d424b5eb97628be26b87f854d398a/koxy-test/shaw-2021_koxy-SAMN15148657-s.gfa.gz,06cdf1524a9d424b5eb97628be26b87f854d398a,LICENCE_NOT_DOCUMENTED,COMPLETE_FOR_ACCESSIONS;MISSING_STRAIN_BIOPROJECT_ASSEMBLY
shaw-2021_koxy-SAMN15148669-u,shaw-2021_koxy-SAMN15148669,SAMN15148669,koxy-test,Klebsiella oxytoca,NOT_IN_SOURCE_METADATA,SRR11948909,SRR12298696,Nanopore,SAMN15148669,NOT_IN_SOURCE_METADATA,NOT_IN_SOURCE_METADATA,Unicycler,koxy-test/shaw-2021_koxy-SAMN15148669-u.gfa.gz,YES,1897017,koxy-test/shaw-2021_koxy-SAMN15148669-u.gfa.csv,YES,16917,contig|plasmid_score|chrom_score|label|length|chr_coverage|pl_coverage|un_coverage|hybrid_mapsto,plasmid;chromosome;ambiguous;unlabeled,NOT_PUBLISHED_IN_METADATA,IN_GFA: dp tag (Unicycler) / KC tag (SKESA),Shaw2021,https://github.com/fmfi-compbio/plasgraph2-datasets/blob/06cdf1524a9d424b5eb97628be26b87f854d398a/koxy-test/shaw-2021_koxy-SAMN15148669-u.gfa.gz,06cdf1524a9d424b5eb97628be26b87f854d398a,LICENCE_NOT_DOCUMENTED,COMPLETE_FOR_ACCESSIONS;MISSING_STRAIN_BIOPROJECT_ASSEMBLY
shaw-2021_koxy-SAMN15148669-s,shaw-2021_koxy-SAMN15148669,SAMN15148669,koxy-test,Klebsiella oxytoca,NOT_IN_SOURCE_METADATA,SRR11948909,SRR12298696,Nanopore,SAMN15148669,NOT_IN_SOURCE_METADATA,NOT_IN_SOURCE_METADATA,SKESA,koxy-test/shaw-2021_koxy-SAMN15148669-s.gfa.gz,YES,1910543,koxy-test/shaw-2021_koxy-SAMN15148669-s.gfa.csv,YES,22475,contig|plasmid_score|chrom_score|label|length|chr_coverage|pl_coverage|un_coverage|hybrid_mapsto,plasmid;chromosome;ambiguous;unlabeled,NOT_PUBLISHED_IN_METADATA,IN_GFA: dp tag (Unicycler) / KC tag (SKESA),Shaw2021,https://github.com/fmfi-compbio/plasgraph2-datasets/blob/06cdf1524a9d424b5eb97628be26b87f854d398a/koxy-test/shaw-2021_koxy-SAMN15148669-s.gfa.gz,06cdf1524a9d424b5eb97628be26b87f854d398a,LICENCE_NOT_DOCUMENTED,COMPLETE_FOR_ACCESSIONS;MISSING_STRAIN_BIOPROJECT_ASSEMBLY
shaw-2021_koxy-SAMN15148673-u,shaw-2021_koxy-SAMN15148673,SAMN15148673,koxy-test,Klebsiella oxytoca,NOT_IN_SOURCE_METADATA,SRR11948905,SRR12298692,Nanopore,SAMN15148673,NOT_IN_SOURCE_METADATA,NOT_IN_SOURCE_METADATA,Unicycler,koxy-test/shaw-2021_koxy-SAMN15148673-u.gfa.gz,YES,1708950,koxy-test/shaw-2021_koxy-SAMN15148673-u.gfa.csv,YES,6286,contig|plasmid_score|chrom_score|label|length|chr_coverage|pl_coverage|un_coverage|hybrid_mapsto,plasmid;chromosome;ambiguous;unlabeled,NOT_PUBLISHED_IN_METADATA,IN_GFA: dp tag (Unicycler) / KC tag (SKESA),Shaw2021,https://github.com/fmfi-compbio/plasgraph2-datasets/blob/06cdf1524a9d424b5eb97628be26b87f854d398a/koxy-test/shaw-2021_koxy-SAMN15148673-u.gfa.gz,06cdf1524a9d424b5eb97628be26b87f854d398a,LICENCE_NOT_DOCUMENTED,COMPLETE_FOR_ACCESSIONS;MISSING_STRAIN_BIOPROJECT_ASSEMBLY
shaw-2021_koxy-SAMN15148673-s,shaw-2021_koxy-SAMN15148673,SAMN15148673,koxy-test,Klebsiella oxytoca,NOT_IN_SOURCE_METADATA,SRR11948905,SRR12298692,Nanopore,SAMN15148673,NOT_IN_SOURCE_METADATA,NOT_IN_SOURCE_METADATA,SKESA,koxy-test/shaw-2021_koxy-SAMN15148673-s.gfa.gz,YES,1716190,koxy-test/shaw-2021_koxy-SAMN15148673-s.gfa.csv,YES,11563,contig|plasmid_score|chrom_score|label|length|chr_coverage|pl_coverage|un_coverage|hybrid_mapsto,plasmid;chromosome;ambiguous;unlabeled,NOT_PUBLISHED_IN_METADATA,IN_GFA: dp tag (Unicycler) / KC tag (SKESA),Shaw2021,https://github.com/fmfi-compbio/plasgraph2-datasets/blob/06cdf1524a9d424b5eb97628be26b87f854d398a/koxy-test/shaw-2021_koxy-SAMN15148673-s.gfa.gz,06cdf1524a9d424b5eb97628be26b87f854d398a,LICENCE_NOT_DOCUMENTED,COMPLETE_FOR_ACCESSIONS;MISSING_STRAIN_BIOPROJECT_ASSEMBLY
shaw-2021_koxy-SAMN15148681-u,shaw-2021_koxy-SAMN15148681,SAMN15148681,koxy-test,Klebsiella oxytoca,NOT_IN_SOURCE_METADATA,SRR11948634,SRR12298683,Nanopore,SAMN15148681,NOT_IN_SOURCE_METADATA,NOT_IN_SOURCE_METADATA,Unicycler,koxy-test/shaw-2021_koxy-SAMN15148681-u.gfa.gz,YES,1765948,koxy-test/shaw-2021_koxy-SAMN15148681-u.gfa.csv,YES,8843,contig|plasmid_score|chrom_score|label|length|chr_coverage|pl_coverage|un_coverage|hybrid_mapsto,plasmid;chromosome;ambiguous;unlabeled,NOT_PUBLISHED_IN_METADATA,IN_GFA: dp tag (Unicycler) / KC tag (SKESA),Shaw2021,https://github.com/fmfi-compbio/plasgraph2-datasets/blob/06cdf1524a9d424b5eb97628be26b87f854d398a/koxy-test/shaw-2021_koxy-SAMN15148681-u.gfa.gz,06cdf1524a9d424b5eb97628be26b87f854d398a,LICENCE_NOT_DOCUMENTED,COMPLETE_FOR_ACCESSIONS;MISSING_STRAIN_BIOPROJECT_ASSEMBLY
shaw-2021_koxy-SAMN15148681-s,shaw-2021_koxy-SAMN15148681,SAMN15148681,koxy-test,Klebsiella oxytoca,NOT_IN_SOURCE_METADATA,SRR11948634,SRR12298683,Nanopore,SAMN15148681,NOT_IN_SOURCE_METADATA,NOT_IN_SOURCE_METADATA,SKESA,koxy-test/shaw-2021_koxy-SAMN15148681-s.gfa.gz,YES,1774435,koxy-test/shaw-2021_koxy-SAMN15148681-s.gfa.csv,YES,13457,contig|plasmid_score|chrom_score|label|length|chr_coverage|pl_coverage|un_coverage|hybrid_mapsto,plasmid;chromosome;ambiguous;unlabeled,NOT_PUBLISHED_IN_METADATA,IN_GFA: dp tag (Unicycler) / KC tag (SKESA),Shaw2021,https://github.com/fmfi-compbio/plasgraph2-datasets/blob/06cdf1524a9d424b5eb97628be26b87f854d398a/koxy-test/shaw-2021_koxy-SAMN15148681-s.gfa.gz,06cdf1524a9d424b5eb97628be26b87f854d398a,LICENCE_NOT_DOCUMENTED,COMPLETE_FOR_ACCESSIONS;MISSING_STRAIN_BIOPROJECT_ASSEMBLY
shaw-2021_koxy-SAMN15148716-u,shaw-2021_koxy-SAMN15148716,SAMN15148716,koxy-test,Klebsiella oxytoca,NOT_IN_SOURCE_METADATA,SRR11949270,SRR12299170,Nanopore,SAMN15148716,NOT_IN_SOURCE_METADATA,NOT_IN_SOURCE_METADATA,Unicycler,koxy-test/shaw-2021_koxy-SAMN15148716-u.gfa.gz,YES,1774562,koxy-test/shaw-2021_koxy-SAMN15148716-u.gfa.csv,YES,8242,contig|plasmid_score|chrom_score|label|length|chr_coverage|pl_coverage|un_coverage|hybrid_mapsto,plasmid;chromosome;ambiguous;unlabeled,NOT_PUBLISHED_IN_METADATA,IN_GFA: dp tag (Unicycler) / KC tag (SKESA),Shaw2021,https://github.com/fmfi-compbio/plasgraph2-datasets/blob/06cdf1524a9d424b5eb97628be26b87f854d398a/koxy-test/shaw-2021_koxy-SAMN15148716-u.gfa.gz,06cdf1524a9d424b5eb97628be26b87f854d398a,LICENCE_NOT_DOCUMENTED,COMPLETE_FOR_ACCESSIONS;MISSING_STRAIN_BIOPROJECT_ASSEMBLY
shaw-2021_koxy-SAMN15148716-s,shaw-2021_koxy-SAMN15148716,SAMN15148716,koxy-test,Klebsiella oxytoca,NOT_IN_SOURCE_METADATA,SRR11949270,SRR12299170,Nanopore,SAMN15148716,NOT_IN_SOURCE_METADATA,NOT_IN_SOURCE_METADATA,SKESA,koxy-test/shaw-2021_koxy-SAMN15148716-s.gfa.gz,YES,1784377,koxy-test/shaw-2021_koxy-SAMN15148716-s.gfa.csv,YES,17307,contig|plasmid_score|chrom_score|label|length|chr_coverage|pl_coverage|un_coverage|hybrid_mapsto,plasmid;chromosome;ambiguous;unlabeled,NOT_PUBLISHED_IN_METADATA,IN_GFA: dp tag (Unicycler) / KC tag (SKESA),Shaw2021,https://github.com/fmfi-compbio/plasgraph2-datasets/blob/06cdf1524a9d424b5eb97628be26b87f854d398a/koxy-test/shaw-2021_koxy-SAMN15148716-s.gfa.gz,06cdf1524a9d424b5eb97628be26b87f854d398a,LICENCE_NOT_DOCUMENTED,COMPLETE_FOR_ACCESSIONS;MISSING_STRAIN_BIOPROJECT_ASSEMBLY
shaw-2021_koxy-SAMN15148723-u,shaw-2021_koxy-SAMN15148723,SAMN15148723,koxy-test,Klebsiella oxytoca,NOT_IN_SOURCE_METADATA,SRR11949262,SRR12299138,Nanopore,SAMN15148723,NOT_IN_SOURCE_METADATA,NOT_IN_SOURCE_METADATA,Unicycler,koxy-test/shaw-2021_koxy-SAMN15148723-u.gfa.gz,YES,1924392,koxy-test/shaw-2021_koxy-SAMN15148723-u.gfa.csv,YES,8638,contig|plasmid_score|chrom_score|label|length|chr_coverage|pl_coverage|un_coverage|hybrid_mapsto,plasmid;chromosome;ambiguous;unlabeled,NOT_PUBLISHED_IN_METADATA,IN_GFA: dp tag (Unicycler) / KC tag (SKESA),Shaw2021,https://github.com/fmfi-compbio/plasgraph2-datasets/blob/06cdf1524a9d424b5eb97628be26b87f854d398a/koxy-test/shaw-2021_koxy-SAMN15148723-u.gfa.gz,06cdf1524a9d424b5eb97628be26b87f854d398a,LICENCE_NOT_DOCUMENTED,COMPLETE_FOR_ACCESSIONS;MISSING_STRAIN_BIOPROJECT_ASSEMBLY
shaw-2021_koxy-SAMN15148723-s,shaw-2021_koxy-SAMN15148723,SAMN15148723,koxy-test,Klebsiella oxytoca,NOT_IN_SOURCE_METADATA,SRR11949262,SRR12299138,Nanopore,SAMN15148723,NOT_IN_SOURCE_METADATA,NOT_IN_SOURCE_METADATA,SKESA,koxy-test/shaw-2021_koxy-SAMN15148723-s.gfa.gz,YES,1934252,koxy-test/shaw-2021_koxy-SAMN15148723-s.gfa.csv,YES,16669,contig|plasmid_score|chrom_score|label|length|chr_coverage|pl_coverage|un_coverage|hybrid_mapsto,plasmid;chromosome;ambiguous;unlabeled,NOT_PUBLISHED_IN_METADATA,IN_GFA: dp tag (Unicycler) / KC tag (SKESA),Shaw2021,https://github.com/fmfi-compbio/plasgraph2-datasets/blob/06cdf1524a9d424b5eb97628be26b87f854d398a/koxy-test/shaw-2021_koxy-SAMN15148723-s.gfa.gz,06cdf1524a9d424b5eb97628be26b87f854d398a,LICENCE_NOT_DOCUMENTED,COMPLETE_FOR_ACCESSIONS;MISSING_STRAIN_BIOPROJECT_ASSEMBLY
shaw-2021_koxy-SAMN15148734-u,shaw-2021_koxy-SAMN15148734,SAMN15148734,koxy-test,Klebsiella oxytoca,NOT_IN_SOURCE_METADATA,SRR11948720,SRR12299126,Nanopore,SAMN15148734,NOT_IN_SOURCE_METADATA,NOT_IN_SOURCE_METADATA,Unicycler,koxy-test/shaw-2021_koxy-SAMN15148734-u.gfa.gz,YES,1887402,koxy-test/shaw-2021_koxy-SAMN15148734-u.gfa.csv,YES,15575,contig|plasmid_score|chrom_score|label|length|chr_coverage|pl_coverage|un_coverage|hybrid_mapsto,plasmid;chromosome;ambiguous;unlabeled,NOT_PUBLISHED_IN_METADATA,IN_GFA: dp tag (Unicycler) / KC tag (SKESA),Shaw2021,https://github.com/fmfi-compbio/plasgraph2-datasets/blob/06cdf1524a9d424b5eb97628be26b87f854d398a/koxy-test/shaw-2021_koxy-SAMN15148734-u.gfa.gz,06cdf1524a9d424b5eb97628be26b87f854d398a,LICENCE_NOT_DOCUMENTED,COMPLETE_FOR_ACCESSIONS;MISSING_STRAIN_BIOPROJECT_ASSEMBLY
shaw-2021_koxy-SAMN15148734-s,shaw-2021_koxy-SAMN15148734,SAMN15148734,koxy-test,Klebsiella oxytoca,NOT_IN_SOURCE_METADATA,SRR11948720,SRR12299126,Nanopore,SAMN15148734,NOT_IN_SOURCE_METADATA,NOT_IN_SOURCE_METADATA,SKESA,koxy-test/shaw-2021_koxy-SAMN15148734-s.gfa.gz,YES,1897044,koxy-test/shaw-2021_koxy-SAMN15148734-s.gfa.csv,YES,20726,contig|plasmid_score|chrom_score|label|length|chr_coverage|pl_coverage|un_coverage|hybrid_mapsto,plasmid;chromosome;ambiguous;unlabeled,NOT_PUBLISHED_IN_METADATA,IN_GFA: dp tag (Unicycler) / KC tag (SKESA),Shaw2021,https://github.com/fmfi-compbio/plasgraph2-datasets/blob/06cdf1524a9d424b5eb97628be26b87f854d398a/koxy-test/shaw-2021_koxy-SAMN15148734-s.gfa.gz,06cdf1524a9d424b5eb97628be26b87f854d398a,LICENCE_NOT_DOCUMENTED,COMPLETE_FOR_ACCESSIONS;MISSING_STRAIN_BIOPROJECT_ASSEMBLY
shaw-2021_koxy-SAMN15148741-u,shaw-2021_koxy-SAMN15148741,SAMN15148741,koxy-test,Klebsiella oxytoca,NOT_IN_SOURCE_METADATA,SRR11949354,SRR12299070,Nanopore,SAMN15148741,NOT_IN_SOURCE_METADATA,NOT_IN_SOURCE_METADATA,Unicycler,koxy-test/shaw-2021_koxy-SAMN15148741-u.gfa.gz,YES,1855840,koxy-test/shaw-2021_koxy-SAMN15148741-u.gfa.csv,YES,16447,contig|plasmid_score|chrom_score|label|length|chr_coverage|pl_coverage|un_coverage|hybrid_mapsto,plasmid;chromosome;ambiguous;unlabeled,NOT_PUBLISHED_IN_METADATA,IN_GFA: dp tag (Unicycler) / KC tag (SKESA),Shaw2021,https://github.com/fmfi-compbio/plasgraph2-datasets/blob/06cdf1524a9d424b5eb97628be26b87f854d398a/koxy-test/shaw-2021_koxy-SAMN15148741-u.gfa.gz,06cdf1524a9d424b5eb97628be26b87f854d398a,LICENCE_NOT_DOCUMENTED,COMPLETE_FOR_ACCESSIONS;MISSING_STRAIN_BIOPROJECT_ASSEMBLY
shaw-2021_koxy-SAMN15148741-s,shaw-2021_koxy-SAMN15148741,SAMN15148741,koxy-test,Klebsiella oxytoca,NOT_IN_SOURCE_METADATA,SRR11949354,SRR12299070,Nanopore,SAMN15148741,NOT_IN_SOURCE_METADATA,NOT_IN_SOURCE_METADATA,SKESA,koxy-test/shaw-2021_koxy-SAMN15148741-s.gfa.gz,YES,1864976,koxy-test/shaw-2021_koxy-SAMN15148741-s.gfa.csv,YES,22871,contig|plasmid_score|chrom_score|label|length|chr_coverage|pl_coverage|un_coverage|hybrid_mapsto,plasmid;chromosome;ambiguous;unlabeled,NOT_PUBLISHED_IN_METADATA,IN_GFA: dp tag (Unicycler) / KC tag (SKESA),Shaw2021,https://github.com/fmfi-compbio/plasgraph2-datasets/blob/06cdf1524a9d424b5eb97628be26b87f854d398a/koxy-test/shaw-2021_koxy-SAMN15148741-s.gfa.gz,06cdf1524a9d424b5eb97628be26b87f854d398a,LICENCE_NOT_DOCUMENTED,COMPLETE_FOR_ACCESSIONS;MISSING_STRAIN_BIOPROJECT_ASSEMBLY
small_mabs-SAMD00153219-u,small_mabs-SAMD00153219,SAMD00153219,myco-test,Mycobacteroides abscessus,NOT_IN_SOURCE_METADATA,DRR161241,DRR161304,nanopore,SAMD00153219,NOT_IN_SOURCE_METADATA,NOT_IN_SOURCE_METADATA,Unicycler,myco-test/small_mabs-SAMD00153219-u.gfa.gz,YES,1468336,myco-test/small_mabs-SAMD00153219-u.gfa.csv,YES,3161,contig|plasmid_score|chrom_score|label|length|chr_coverage|pl_coverage|un_coverage|hybrid_mapsto,plasmid;chromosome;ambiguous;unlabeled,NOT_PUBLISHED_IN_METADATA,IN_GFA: dp tag (Unicycler) / KC tag (SKESA),Matsumoto2019,https://github.com/fmfi-compbio/plasgraph2-datasets/blob/06cdf1524a9d424b5eb97628be26b87f854d398a/myco-test/small_mabs-SAMD00153219-u.gfa.gz,06cdf1524a9d424b5eb97628be26b87f854d398a,LICENCE_NOT_DOCUMENTED,COMPLETE_FOR_ACCESSIONS;MISSING_STRAIN_BIOPROJECT_ASSEMBLY
small_mabs-SAMD00153219-s,small_mabs-SAMD00153219,SAMD00153219,myco-test,Mycobacteroides abscessus,NOT_IN_SOURCE_METADATA,DRR161241,DRR161304,nanopore,SAMD00153219,NOT_IN_SOURCE_METADATA,NOT_IN_SOURCE_METADATA,SKESA,myco-test/small_mabs-SAMD00153219-s.gfa.gz,YES,1472591,myco-test/small_mabs-SAMD00153219-s.gfa.csv,YES,6096,contig|plasmid_score|chrom_score|label|length|chr_coverage|pl_coverage|un_coverage|hybrid_mapsto,plasmid;chromosome;ambiguous;unlabeled,NOT_PUBLISHED_IN_METADATA,IN_GFA: dp tag (Unicycler) / KC tag (SKESA),Matsumoto2019,https://github.com/fmfi-compbio/plasgraph2-datasets/blob/06cdf1524a9d424b5eb97628be26b87f854d398a/myco-test/small_mabs-SAMD00153219-s.gfa.gz,06cdf1524a9d424b5eb97628be26b87f854d398a,LICENCE_NOT_DOCUMENTED,COMPLETE_FOR_ACCESSIONS;MISSING_STRAIN_BIOPROJECT_ASSEMBLY
small_magr-SAMD00153167-u,small_magr-SAMD00153167,SAMD00153167,myco-test,Mycolicibacterium agri,NOT_IN_SOURCE_METADATA,DRR161189,DRR161252,nanopore,SAMD00153167,NOT_IN_SOURCE_METADATA,NOT_IN_SOURCE_METADATA,Unicycler,myco-test/small_magr-SAMD00153167-u.gfa.gz,YES,1992467,myco-test/small_magr-SAMD00153167-u.gfa.csv,YES,20183,contig|plasmid_score|chrom_score|label|length|chr_coverage|pl_coverage|un_coverage|hybrid_mapsto,plasmid;chromosome;ambiguous;unlabeled,NOT_PUBLISHED_IN_METADATA,IN_GFA: dp tag (Unicycler) / KC tag (SKESA),Matsumoto2019,https://github.com/fmfi-compbio/plasgraph2-datasets/blob/06cdf1524a9d424b5eb97628be26b87f854d398a/myco-test/small_magr-SAMD00153167-u.gfa.gz,06cdf1524a9d424b5eb97628be26b87f854d398a,LICENCE_NOT_DOCUMENTED,COMPLETE_FOR_ACCESSIONS;MISSING_STRAIN_BIOPROJECT_ASSEMBLY
small_magr-SAMD00153167-s,small_magr-SAMD00153167,SAMD00153167,myco-test,Mycolicibacterium agri,NOT_IN_SOURCE_METADATA,DRR161189,DRR161252,nanopore,SAMD00153167,NOT_IN_SOURCE_METADATA,NOT_IN_SOURCE_METADATA,SKESA,myco-test/small_magr-SAMD00153167-s.gfa.gz,YES,1998561,myco-test/small_magr-SAMD00153167-s.gfa.csv,YES,27973,contig|plasmid_score|chrom_score|label|length|chr_coverage|pl_coverage|un_coverage|hybrid_mapsto,plasmid;chromosome;ambiguous;unlabeled,NOT_PUBLISHED_IN_METADATA,IN_GFA: dp tag (Unicycler) / KC tag (SKESA),Matsumoto2019,https://github.com/fmfi-compbio/plasgraph2-datasets/blob/06cdf1524a9d424b5eb97628be26b87f854d398a/myco-test/small_magr-SAMD00153167-s.gfa.gz,06cdf1524a9d424b5eb97628be26b87f854d398a,LICENCE_NOT_DOCUMENTED,COMPLETE_FOR_ACCESSIONS;MISSING_STRAIN_BIOPROJECT_ASSEMBLY
small_maic-SAMD00153166-u,small_maic-SAMD00153166,SAMD00153166,myco-test,Mycolicibacterium aichiense,NOT_IN_SOURCE_METADATA,DRR161188,DRR161251,nanopore,SAMD00153166,NOT_IN_SOURCE_METADATA,NOT_IN_SOURCE_METADATA,Unicycler,myco-test/small_maic-SAMD00153166-u.gfa.gz,YES,1672241,myco-test/small_maic-SAMD00153166-u.gfa.csv,YES,3589,contig|plasmid_score|chrom_score|label|length|chr_coverage|pl_coverage|un_coverage|hybrid_mapsto,plasmid;chromosome;ambiguous;unlabeled,NOT_PUBLISHED_IN_METADATA,IN_GFA: dp tag (Unicycler) / KC tag (SKESA),Matsumoto2019,https://github.com/fmfi-compbio/plasgraph2-datasets/blob/06cdf1524a9d424b5eb97628be26b87f854d398a/myco-test/small_maic-SAMD00153166-u.gfa.gz,06cdf1524a9d424b5eb97628be26b87f854d398a,LICENCE_NOT_DOCUMENTED,COMPLETE_FOR_ACCESSIONS;MISSING_STRAIN_BIOPROJECT_ASSEMBLY
small_maic-SAMD00153166-s,small_maic-SAMD00153166,SAMD00153166,myco-test,Mycolicibacterium aichiense,NOT_IN_SOURCE_METADATA,DRR161188,DRR161251,nanopore,SAMD00153166,NOT_IN_SOURCE_METADATA,NOT_IN_SOURCE_METADATA,SKESA,myco-test/small_maic-SAMD00153166-s.gfa.gz,YES,1674369,myco-test/small_maic-SAMD00153166-s.gfa.csv,YES,3312,contig|plasmid_score|chrom_score|label|length|chr_coverage|pl_coverage|un_coverage|hybrid_mapsto,plasmid;chromosome;ambiguous;unlabeled,NOT_PUBLISHED_IN_METADATA,IN_GFA: dp tag (Unicycler) / KC tag (SKESA),Matsumoto2019,https://github.com/fmfi-compbio/plasgraph2-datasets/blob/06cdf1524a9d424b5eb97628be26b87f854d398a/myco-test/small_maic-SAMD00153166-s.gfa.gz,06cdf1524a9d424b5eb97628be26b87f854d398a,LICENCE_NOT_DOCUMENTED,COMPLETE_FOR_ACCESSIONS;MISSING_STRAIN_BIOPROJECT_ASSEMBLY
small_many-SAMD00153216-u,small_many-SAMD00153216,SAMD00153216,myco-test,Mycolicibacterium anyangense,NOT_IN_SOURCE_METADATA,DRR161238,DRR161301,nanopore,SAMD00153216,NOT_IN_SOURCE_METADATA,NOT_IN_SOURCE_METADATA,Unicycler,myco-test/small_many-SAMD00153216-u.gfa.gz,YES,1602836,myco-test/small_many-SAMD00153216-u.gfa.csv,YES,1978,contig|plasmid_score|chrom_score|label|length|chr_coverage|pl_coverage|un_coverage|hybrid_mapsto,plasmid;chromosome;ambiguous;unlabeled,NOT_PUBLISHED_IN_METADATA,IN_GFA: dp tag (Unicycler) / KC tag (SKESA),Matsumoto2019,https://github.com/fmfi-compbio/plasgraph2-datasets/blob/06cdf1524a9d424b5eb97628be26b87f854d398a/myco-test/small_many-SAMD00153216-u.gfa.gz,06cdf1524a9d424b5eb97628be26b87f854d398a,LICENCE_NOT_DOCUMENTED,COMPLETE_FOR_ACCESSIONS;MISSING_STRAIN_BIOPROJECT_ASSEMBLY
small_many-SAMD00153216-s,small_many-SAMD00153216,SAMD00153216,myco-test,Mycolicibacterium anyangense,NOT_IN_SOURCE_METADATA,DRR161238,DRR161301,nanopore,SAMD00153216,NOT_IN_SOURCE_METADATA,NOT_IN_SOURCE_METADATA,SKESA,myco-test/small_many-SAMD00153216-s.gfa.gz,YES,1603460,myco-test/small_many-SAMD00153216-s.gfa.csv,YES,2071,contig|plasmid_score|chrom_score|label|length|chr_coverage|pl_coverage|un_coverage|hybrid_mapsto,plasmid;chromosome;ambiguous;unlabeled,NOT_PUBLISHED_IN_METADATA,IN_GFA: dp tag (Unicycler) / KC tag (SKESA),Matsumoto2019,https://github.com/fmfi-compbio/plasgraph2-datasets/blob/06cdf1524a9d424b5eb97628be26b87f854d398a/myco-test/small_many-SAMD00153216-s.gfa.gz,06cdf1524a9d424b5eb97628be26b87f854d398a,LICENCE_NOT_DOCUMENTED,COMPLETE_FOR_ACCESSIONS;MISSING_STRAIN_BIOPROJECT_ASSEMBLY
small_mara-SAMD00153213-u,small_mara-SAMD00153213,SAMD00153213,myco-test,Mycolicibacterium arabiense,NOT_IN_SOURCE_METADATA,DRR161235,DRR161298,nanopore,SAMD00153213,NOT_IN_SOURCE_METADATA,NOT_IN_SOURCE_METADATA,Unicycler,myco-test/small_mara-SAMD00153213-u.gfa.gz,YES,1788180,myco-test/small_mara-SAMD00153213-u.gfa.csv,YES,2270,contig|plasmid_score|chrom_score|label|length|chr_coverage|pl_coverage|un_coverage|hybrid_mapsto,plasmid;chromosome;ambiguous;unlabeled,NOT_PUBLISHED_IN_METADATA,IN_GFA: dp tag (Unicycler) / KC tag (SKESA),Matsumoto2019,https://github.com/fmfi-compbio/plasgraph2-datasets/blob/06cdf1524a9d424b5eb97628be26b87f854d398a/myco-test/small_mara-SAMD00153213-u.gfa.gz,06cdf1524a9d424b5eb97628be26b87f854d398a,LICENCE_NOT_DOCUMENTED,COMPLETE_FOR_ACCESSIONS;MISSING_STRAIN_BIOPROJECT_ASSEMBLY
small_mara-SAMD00153213-s,small_mara-SAMD00153213,SAMD00153213,myco-test,Mycolicibacterium arabiense,NOT_IN_SOURCE_METADATA,DRR161235,DRR161298,nanopore,SAMD00153213,NOT_IN_SOURCE_METADATA,NOT_IN_SOURCE_METADATA,SKESA,myco-test/small_mara-SAMD00153213-s.gfa.gz,YES,1795404,myco-test/small_mara-SAMD00153213-s.gfa.csv,YES,3293,contig|plasmid_score|chrom_score|label|length|chr_coverage|pl_coverage|un_coverage|hybrid_mapsto,plasmid;chromosome;ambiguous;unlabeled,NOT_PUBLISHED_IN_METADATA,IN_GFA: dp tag (Unicycler) / KC tag (SKESA),Matsumoto2019,https://github.com/fmfi-compbio/plasgraph2-datasets/blob/06cdf1524a9d424b5eb97628be26b87f854d398a/myco-test/small_mara-SAMD00153213-s.gfa.gz,06cdf1524a9d424b5eb97628be26b87f854d398a,LICENCE_NOT_DOCUMENTED,COMPLETE_FOR_ACCESSIONS;MISSING_STRAIN_BIOPROJECT_ASSEMBLY
small_maub-SAMD00153195-u,small_maub-SAMD00153195,SAMD00153195,myco-test,Mycolicibacterium aubagnense,NOT_IN_SOURCE_METADATA,DRR161217,DRR161280,nanopore,SAMD00153195,NOT_IN_SOURCE_METADATA,NOT_IN_SOURCE_METADATA,Unicycler,myco-test/small_maub-SAMD00153195-u.gfa.gz,YES,1766084,myco-test/small_maub-SAMD00153195-u.gfa.csv,YES,10991,contig|plasmid_score|chrom_score|label|length|chr_coverage|pl_coverage|un_coverage|hybrid_mapsto,plasmid;chromosome;ambiguous;unlabeled,NOT_PUBLISHED_IN_METADATA,IN_GFA: dp tag (Unicycler) / KC tag (SKESA),Matsumoto2019,https://github.com/fmfi-compbio/plasgraph2-datasets/blob/06cdf1524a9d424b5eb97628be26b87f854d398a/myco-test/small_maub-SAMD00153195-u.gfa.gz,06cdf1524a9d424b5eb97628be26b87f854d398a,LICENCE_NOT_DOCUMENTED,COMPLETE_FOR_ACCESSIONS;MISSING_STRAIN_BIOPROJECT_ASSEMBLY
small_maub-SAMD00153195-s,small_maub-SAMD00153195,SAMD00153195,myco-test,Mycolicibacterium aubagnense,NOT_IN_SOURCE_METADATA,DRR161217,DRR161280,nanopore,SAMD00153195,NOT_IN_SOURCE_METADATA,NOT_IN_SOURCE_METADATA,SKESA,myco-test/small_maub-SAMD00153195-s.gfa.gz,YES,1778997,myco-test/small_maub-SAMD00153195-s.gfa.csv,YES,42373,contig|plasmid_score|chrom_score|label|length|chr_coverage|pl_coverage|un_coverage|hybrid_mapsto,plasmid;chromosome;ambiguous;unlabeled,NOT_PUBLISHED_IN_METADATA,IN_GFA: dp tag (Unicycler) / KC tag (SKESA),Matsumoto2019,https://github.com/fmfi-compbio/plasgraph2-datasets/blob/06cdf1524a9d424b5eb97628be26b87f854d398a/myco-test/small_maub-SAMD00153195-s.gfa.gz,06cdf1524a9d424b5eb97628be26b87f854d398a,LICENCE_NOT_DOCUMENTED,COMPLETE_FOR_ACCESSIONS;MISSING_STRAIN_BIOPROJECT_ASSEMBLY
small_mboe-SAMD00153197-u,small_mboe-SAMD00153197,SAMD00153197,myco-test,Mycolicibacterium boenickei,NOT_IN_SOURCE_METADATA,DRR161219,DRR161282,nanopore,SAMD00153197,NOT_IN_SOURCE_METADATA,NOT_IN_SOURCE_METADATA,Unicycler,myco-test/small_mboe-SAMD00153197-u.gfa.gz,YES,1857766,myco-test/small_mboe-SAMD00153197-u.gfa.csv,YES,4233,contig|plasmid_score|chrom_score|label|length|chr_coverage|pl_coverage|un_coverage|hybrid_mapsto,plasmid;chromosome;ambiguous;unlabeled,NOT_PUBLISHED_IN_METADATA,IN_GFA: dp tag (Unicycler) / KC tag (SKESA),Matsumoto2019,https://github.com/fmfi-compbio/plasgraph2-datasets/blob/06cdf1524a9d424b5eb97628be26b87f854d398a/myco-test/small_mboe-SAMD00153197-u.gfa.gz,06cdf1524a9d424b5eb97628be26b87f854d398a,LICENCE_NOT_DOCUMENTED,COMPLETE_FOR_ACCESSIONS;MISSING_STRAIN_BIOPROJECT_ASSEMBLY
small_mboe-SAMD00153197-s,small_mboe-SAMD00153197,SAMD00153197,myco-test,Mycolicibacterium boenickei,NOT_IN_SOURCE_METADATA,DRR161219,DRR161282,nanopore,SAMD00153197,NOT_IN_SOURCE_METADATA,NOT_IN_SOURCE_METADATA,SKESA,myco-test/small_mboe-SAMD00153197-s.gfa.gz,YES,1858944,myco-test/small_mboe-SAMD00153197-s.gfa.csv,YES,4935,contig|plasmid_score|chrom_score|label|length|chr_coverage|pl_coverage|un_coverage|hybrid_mapsto,plasmid;chromosome;ambiguous;unlabeled,NOT_PUBLISHED_IN_METADATA,IN_GFA: dp tag (Unicycler) / KC tag (SKESA),Matsumoto2019,https://github.com/fmfi-compbio/plasgraph2-datasets/blob/06cdf1524a9d424b5eb97628be26b87f854d398a/myco-test/small_mboe-SAMD00153197-s.gfa.gz,06cdf1524a9d424b5eb97628be26b87f854d398a,LICENCE_NOT_DOCUMENTED,COMPLETE_FOR_ACCESSIONS;MISSING_STRAIN_BIOPROJECT_ASSEMBLY
small_mbra-SAMD00153181-u,small_mbra-SAMD00153181,SAMD00153181,myco-test,Mycobacterium branderi,NOT_IN_SOURCE_METADATA,DRR161203,DRR161266,nanopore,SAMD00153181,NOT_IN_SOURCE_METADATA,NOT_IN_SOURCE_METADATA,Unicycler,myco-test/small_mbra-SAMD00153181-u.gfa.gz,YES,1681283,myco-test/small_mbra-SAMD00153181-u.gfa.csv,YES,5562,contig|plasmid_score|chrom_score|label|length|chr_coverage|pl_coverage|un_coverage|hybrid_mapsto,plasmid;chromosome;ambiguous;unlabeled,NOT_PUBLISHED_IN_METADATA,IN_GFA: dp tag (Unicycler) / KC tag (SKESA),Matsumoto2019,https://github.com/fmfi-compbio/plasgraph2-datasets/blob/06cdf1524a9d424b5eb97628be26b87f854d398a/myco-test/small_mbra-SAMD00153181-u.gfa.gz,06cdf1524a9d424b5eb97628be26b87f854d398a,LICENCE_NOT_DOCUMENTED,COMPLETE_FOR_ACCESSIONS;MISSING_STRAIN_BIOPROJECT_ASSEMBLY
small_mbra-SAMD00153181-s,small_mbra-SAMD00153181,SAMD00153181,myco-test,Mycobacterium branderi,NOT_IN_SOURCE_METADATA,DRR161203,DRR161266,nanopore,SAMD00153181,NOT_IN_SOURCE_METADATA,NOT_IN_SOURCE_METADATA,SKESA,myco-test/small_mbra-SAMD00153181-s.gfa.gz,YES,1685771,myco-test/small_mbra-SAMD00153181-s.gfa.csv,YES,5872,contig|plasmid_score|chrom_score|label|length|chr_coverage|pl_coverage|un_coverage|hybrid_mapsto,plasmid;chromosome;ambiguous;unlabeled,NOT_PUBLISHED_IN_METADATA,IN_GFA: dp tag (Unicycler) / KC tag (SKESA),Matsumoto2019,https://github.com/fmfi-compbio/plasgraph2-datasets/blob/06cdf1524a9d424b5eb97628be26b87f854d398a/myco-test/small_mbra-SAMD00153181-s.gfa.gz,06cdf1524a9d424b5eb97628be26b87f854d398a,LICENCE_NOT_DOCUMENTED,COMPLETE_FOR_ACCESSIONS;MISSING_STRAIN_BIOPROJECT_ASSEMBLY
small_mcons-SAMD00153191-u,small_mcons-SAMD00153191,SAMD00153191,myco-test,Mycobacterium conspicuum,NOT_IN_SOURCE_METADATA,DRR161213,DRR161276,nanopore,SAMD00153191,NOT_IN_SOURCE_METADATA,NOT_IN_SOURCE_METADATA,Unicycler,myco-test/small_mcons-SAMD00153191-u.gfa.gz,YES,1748302,myco-test/small_mcons-SAMD00153191-u.gfa.csv,YES,1664,contig|plasmid_score|chrom_score|label|length|chr_coverage|pl_coverage|un_coverage|hybrid_mapsto,plasmid;chromosome;ambiguous;unlabeled,NOT_PUBLISHED_IN_METADATA,IN_GFA: dp tag (Unicycler) / KC tag (SKESA),Matsumoto2019,https://github.com/fmfi-compbio/plasgraph2-datasets/blob/06cdf1524a9d424b5eb97628be26b87f854d398a/myco-test/small_mcons-SAMD00153191-u.gfa.gz,06cdf1524a9d424b5eb97628be26b87f854d398a,LICENCE_NOT_DOCUMENTED,COMPLETE_FOR_ACCESSIONS;MISSING_STRAIN_BIOPROJECT_ASSEMBLY
small_mcons-SAMD00153191-s,small_mcons-SAMD00153191,SAMD00153191,myco-test,Mycobacterium conspicuum,NOT_IN_SOURCE_METADATA,DRR161213,DRR161276,nanopore,SAMD00153191,NOT_IN_SOURCE_METADATA,NOT_IN_SOURCE_METADATA,SKESA,myco-test/small_mcons-SAMD00153191-s.gfa.gz,YES,1772487,myco-test/small_mcons-SAMD00153191-s.gfa.csv,YES,9502,contig|plasmid_score|chrom_score|label|length|chr_coverage|pl_coverage|un_coverage|hybrid_mapsto,plasmid;chromosome;ambiguous;unlabeled,NOT_PUBLISHED_IN_METADATA,IN_GFA: dp tag (Unicycler) / KC tag (SKESA),Matsumoto2019,https://github.com/fmfi-compbio/plasgraph2-datasets/blob/06cdf1524a9d424b5eb97628be26b87f854d398a/myco-test/small_mcons-SAMD00153191-s.gfa.gz,06cdf1524a9d424b5eb97628be26b87f854d398a,LICENCE_NOT_DOCUMENTED,COMPLETE_FOR_ACCESSIONS;MISSING_STRAIN_BIOPROJECT_ASSEMBLY
small_mdor-SAMD00153178-u,small_mdor-SAMD00153178,SAMD00153178,myco-test,Mycobacterium doricum,NOT_IN_SOURCE_METADATA,DRR161200,DRR161263,nanopore,SAMD00153178,NOT_IN_SOURCE_METADATA,NOT_IN_SOURCE_METADATA,Unicycler,myco-test/small_mdor-SAMD00153178-u.gfa.gz,YES,1126646,myco-test/small_mdor-SAMD00153178-u.gfa.csv,YES,9104,contig|plasmid_score|chrom_score|label|length|chr_coverage|pl_coverage|un_coverage|hybrid_mapsto,plasmid;chromosome;ambiguous;unlabeled,NOT_PUBLISHED_IN_METADATA,IN_GFA: dp tag (Unicycler) / KC tag (SKESA),Matsumoto2019,https://github.com/fmfi-compbio/plasgraph2-datasets/blob/06cdf1524a9d424b5eb97628be26b87f854d398a/myco-test/small_mdor-SAMD00153178-u.gfa.gz,06cdf1524a9d424b5eb97628be26b87f854d398a,LICENCE_NOT_DOCUMENTED,COMPLETE_FOR_ACCESSIONS;MISSING_STRAIN_BIOPROJECT_ASSEMBLY
small_mdor-SAMD00153178-s,small_mdor-SAMD00153178,SAMD00153178,myco-test,Mycobacterium doricum,NOT_IN_SOURCE_METADATA,DRR161200,DRR161263,nanopore,SAMD00153178,NOT_IN_SOURCE_METADATA,NOT_IN_SOURCE_METADATA,SKESA,myco-test/small_mdor-SAMD00153178-s.gfa.gz,YES,1131860,myco-test/small_mdor-SAMD00153178-s.gfa.csv,YES,12316,contig|plasmid_score|chrom_score|label|length|chr_coverage|pl_coverage|un_coverage|hybrid_mapsto,plasmid;chromosome;ambiguous;unlabeled,NOT_PUBLISHED_IN_METADATA,IN_GFA: dp tag (Unicycler) / KC tag (SKESA),Matsumoto2019,https://github.com/fmfi-compbio/plasgraph2-datasets/blob/06cdf1524a9d424b5eb97628be26b87f854d398a/myco-test/small_mdor-SAMD00153178-s.gfa.gz,06cdf1524a9d424b5eb97628be26b87f854d398a,LICENCE_NOT_DOCUMENTED,COMPLETE_FOR_ACCESSIONS;MISSING_STRAIN_BIOPROJECT_ASSEMBLY
small_mduv-SAMD00153169-u,small_mduv-SAMD00153169,SAMD00153169,myco-test,Mycolicibacterium duvalii,NOT_IN_SOURCE_METADATA,DRR161191,DRR161254,nanopore,SAMD00153169,NOT_IN_SOURCE_METADATA,NOT_IN_SOURCE_METADATA,Unicycler,myco-test/small_mduv-SAMD00153169-u.gfa.gz,YES,1581486,myco-test/small_mduv-SAMD00153169-u.gfa.csv,YES,5980,contig|plasmid_score|chrom_score|label|length|chr_coverage|pl_coverage|un_coverage|hybrid_mapsto,plasmid;chromosome;ambiguous;unlabeled,NOT_PUBLISHED_IN_METADATA,IN_GFA: dp tag (Unicycler) / KC tag (SKESA),Matsumoto2019,https://github.com/fmfi-compbio/plasgraph2-datasets/blob/06cdf1524a9d424b5eb97628be26b87f854d398a/myco-test/small_mduv-SAMD00153169-u.gfa.gz,06cdf1524a9d424b5eb97628be26b87f854d398a,LICENCE_NOT_DOCUMENTED,COMPLETE_FOR_ACCESSIONS;MISSING_STRAIN_BIOPROJECT_ASSEMBLY
small_mduv-SAMD00153169-s,small_mduv-SAMD00153169,SAMD00153169,myco-test,Mycolicibacterium duvalii,NOT_IN_SOURCE_METADATA,DRR161191,DRR161254,nanopore,SAMD00153169,NOT_IN_SOURCE_METADATA,NOT_IN_SOURCE_METADATA,SKESA,myco-test/small_mduv-SAMD00153169-s.gfa.gz,YES,1585387,myco-test/small_mduv-SAMD00153169-s.gfa.csv,YES,7410,contig|plasmid_score|chrom_score|label|length|chr_coverage|pl_coverage|un_coverage|hybrid_mapsto,plasmid;chromosome;ambiguous;unlabeled,NOT_PUBLISHED_IN_METADATA,IN_GFA: dp tag (Unicycler) / KC tag (SKESA),Matsumoto2019,https://github.com/fmfi-compbio/plasgraph2-datasets/blob/06cdf1524a9d424b5eb97628be26b87f854d398a/myco-test/small_mduv-SAMD00153169-s.gfa.gz,06cdf1524a9d424b5eb97628be26b87f854d398a,LICENCE_NOT_DOCUMENTED,COMPLETE_FOR_ACCESSIONS;MISSING_STRAIN_BIOPROJECT_ASSEMBLY
small_mflo-SAMD00153192-u,small_mflo-SAMD00153192,SAMD00153192,myco-test,Mycobacterium florentinum,NOT_IN_SOURCE_METADATA,DRR161214,DRR161277,nanopore,SAMD00153192,NOT_IN_SOURCE_METADATA,NOT_IN_SOURCE_METADATA,Unicycler,myco-test/small_mflo-SAMD00153192-u.gfa.gz,YES,1761613,myco-test/small_mflo-SAMD00153192-u.gfa.csv,YES,2905,contig|plasmid_score|chrom_score|label|length|chr_coverage|pl_coverage|un_coverage|hybrid_mapsto,plasmid;chromosome;ambiguous;unlabeled,NOT_PUBLISHED_IN_METADATA,IN_GFA: dp tag (Unicycler) / KC tag (SKESA),Matsumoto2019,https://github.com/fmfi-compbio/plasgraph2-datasets/blob/06cdf1524a9d424b5eb97628be26b87f854d398a/myco-test/small_mflo-SAMD00153192-u.gfa.gz,06cdf1524a9d424b5eb97628be26b87f854d398a,LICENCE_NOT_DOCUMENTED,COMPLETE_FOR_ACCESSIONS;MISSING_STRAIN_BIOPROJECT_ASSEMBLY
small_mflo-SAMD00153192-s,small_mflo-SAMD00153192,SAMD00153192,myco-test,Mycobacterium florentinum,NOT_IN_SOURCE_METADATA,DRR161214,DRR161277,nanopore,SAMD00153192,NOT_IN_SOURCE_METADATA,NOT_IN_SOURCE_METADATA,SKESA,myco-test/small_mflo-SAMD00153192-s.gfa.gz,YES,1764482,myco-test/small_mflo-SAMD00153192-s.gfa.csv,YES,4233,contig|plasmid_score|chrom_score|label|length|chr_coverage|pl_coverage|un_coverage|hybrid_mapsto,plasmid;chromosome;ambiguous;unlabeled,NOT_PUBLISHED_IN_METADATA,IN_GFA: dp tag (Unicycler) / KC tag (SKESA),Matsumoto2019,https://github.com/fmfi-compbio/plasgraph2-datasets/blob/06cdf1524a9d424b5eb97628be26b87f854d398a/myco-test/small_mflo-SAMD00153192-s.gfa.gz,06cdf1524a9d424b5eb97628be26b87f854d398a,LICENCE_NOT_DOCUMENTED,COMPLETE_FOR_ACCESSIONS;MISSING_STRAIN_BIOPROJECT_ASSEMBLY
small_mgad-SAMD00153182-u,small_mgad-SAMD00153182,SAMD00153182,myco-test,Mycolicibacterium gadium,NOT_IN_SOURCE_METADATA,DRR161204,DRR161267,nanopore,SAMD00153182,NOT_IN_SOURCE_METADATA,NOT_IN_SOURCE_METADATA,Unicycler,myco-test/small_mgad-SAMD00153182-u.gfa.gz,YES,1688418,myco-test/small_mgad-SAMD00153182-u.gfa.csv,YES,5693,contig|plasmid_score|chrom_score|label|length|chr_coverage|pl_coverage|un_coverage|hybrid_mapsto,plasmid;chromosome;ambiguous;unlabeled,NOT_PUBLISHED_IN_METADATA,IN_GFA: dp tag (Unicycler) / KC tag (SKESA),Matsumoto2019,https://github.com/fmfi-compbio/plasgraph2-datasets/blob/06cdf1524a9d424b5eb97628be26b87f854d398a/myco-test/small_mgad-SAMD00153182-u.gfa.gz,06cdf1524a9d424b5eb97628be26b87f854d398a,LICENCE_NOT_DOCUMENTED,COMPLETE_FOR_ACCESSIONS;MISSING_STRAIN_BIOPROJECT_ASSEMBLY
small_mgad-SAMD00153182-s,small_mgad-SAMD00153182,SAMD00153182,myco-test,Mycolicibacterium gadium,NOT_IN_SOURCE_METADATA,DRR161204,DRR161267,nanopore,SAMD00153182,NOT_IN_SOURCE_METADATA,NOT_IN_SOURCE_METADATA,SKESA,myco-test/small_mgad-SAMD00153182-s.gfa.gz,YES,1692024,myco-test/small_mgad-SAMD00153182-s.gfa.csv,YES,8069,contig|plasmid_score|chrom_score|label|length|chr_coverage|pl_coverage|un_coverage|hybrid_mapsto,plasmid;chromosome;ambiguous;unlabeled,NOT_PUBLISHED_IN_METADATA,IN_GFA: dp tag (Unicycler) / KC tag (SKESA),Matsumoto2019,https://github.com/fmfi-compbio/plasgraph2-datasets/blob/06cdf1524a9d424b5eb97628be26b87f854d398a/myco-test/small_mgad-SAMD00153182-s.gfa.gz,06cdf1524a9d424b5eb97628be26b87f854d398a,LICENCE_NOT_DOCUMENTED,COMPLETE_FOR_ACCESSIONS;MISSING_STRAIN_BIOPROJECT_ASSEMBLY
small_mgal-SAMD00153170-u,small_mgal-SAMD00153170,SAMD00153170,myco-test,Mycobacterium gallinarum,NOT_IN_SOURCE_METADATA,DRR161192,DRR161255,nanopore,SAMD00153170,NOT_IN_SOURCE_METADATA,NOT_IN_SOURCE_METADATA,Unicycler,myco-test/small_mgal-SAMD00153170-u.gfa.gz,YES,1786576,myco-test/small_mgal-SAMD00153170-u.gfa.csv,YES,5631,contig|plasmid_score|chrom_score|label|length|chr_coverage|pl_coverage|un_coverage|hybrid_mapsto,plasmid;chromosome;ambiguous;unlabeled,NOT_PUBLISHED_IN_METADATA,IN_GFA: dp tag (Unicycler) / KC tag (SKESA),Matsumoto2019,https://github.com/fmfi-compbio/plasgraph2-datasets/blob/06cdf1524a9d424b5eb97628be26b87f854d398a/myco-test/small_mgal-SAMD00153170-u.gfa.gz,06cdf1524a9d424b5eb97628be26b87f854d398a,LICENCE_NOT_DOCUMENTED,COMPLETE_FOR_ACCESSIONS;MISSING_STRAIN_BIOPROJECT_ASSEMBLY
small_mgal-SAMD00153170-s,small_mgal-SAMD00153170,SAMD00153170,myco-test,Mycobacterium gallinarum,NOT_IN_SOURCE_METADATA,DRR161192,DRR161255,nanopore,SAMD00153170,NOT_IN_SOURCE_METADATA,NOT_IN_SOURCE_METADATA,SKESA,myco-test/small_mgal-SAMD00153170-s.gfa.gz,YES,1790713,myco-test/small_mgal-SAMD00153170-s.gfa.csv,YES,6986,contig|plasmid_score|chrom_score|label|length|chr_coverage|pl_coverage|un_coverage|hybrid_mapsto,plasmid;chromosome;ambiguous;unlabeled,NOT_PUBLISHED_IN_METADATA,IN_GFA: dp tag (Unicycler) / KC tag (SKESA),Matsumoto2019,https://github.com/fmfi-compbio/plasgraph2-datasets/blob/06cdf1524a9d424b5eb97628be26b87f854d398a/myco-test/small_mgal-SAMD00153170-s.gfa.gz,06cdf1524a9d424b5eb97628be26b87f854d398a,LICENCE_NOT_DOCUMENTED,COMPLETE_FOR_ACCESSIONS;MISSING_STRAIN_BIOPROJECT_ASSEMBLY
small_mhel-SAMD00153218-u,small_mhel-SAMD00153218,SAMD00153218,myco-test,Mycolicibacterium helvum,NOT_IN_SOURCE_METADATA,DRR161240,DRR161303,nanopore,SAMD00153218,NOT_IN_SOURCE_METADATA,NOT_IN_SOURCE_METADATA,Unicycler,myco-test/small_mhel-SAMD00153218-u.gfa.gz,YES,1819218,myco-test/small_mhel-SAMD00153218-u.gfa.csv,YES,5622,contig|plasmid_score|chrom_score|label|length|chr_coverage|pl_coverage|un_coverage|hybrid_mapsto,plasmid;chromosome;ambiguous;unlabeled,NOT_PUBLISHED_IN_METADATA,IN_GFA: dp tag (Unicycler) / KC tag (SKESA),Matsumoto2019,https://github.com/fmfi-compbio/plasgraph2-datasets/blob/06cdf1524a9d424b5eb97628be26b87f854d398a/myco-test/small_mhel-SAMD00153218-u.gfa.gz,06cdf1524a9d424b5eb97628be26b87f854d398a,LICENCE_NOT_DOCUMENTED,COMPLETE_FOR_ACCESSIONS;MISSING_STRAIN_BIOPROJECT_ASSEMBLY
small_mhel-SAMD00153218-s,small_mhel-SAMD00153218,SAMD00153218,myco-test,Mycolicibacterium helvum,NOT_IN_SOURCE_METADATA,DRR161240,DRR161303,nanopore,SAMD00153218,NOT_IN_SOURCE_METADATA,NOT_IN_SOURCE_METADATA,SKESA,myco-test/small_mhel-SAMD00153218-s.gfa.gz,YES,1822185,myco-test/small_mhel-SAMD00153218-s.gfa.csv,YES,6241,contig|plasmid_score|chrom_score|label|length|chr_coverage|pl_coverage|un_coverage|hybrid_mapsto,plasmid;chromosome;ambiguous;unlabeled,NOT_PUBLISHED_IN_METADATA,IN_GFA: dp tag (Unicycler) / KC tag (SKESA),Matsumoto2019,https://github.com/fmfi-compbio/plasgraph2-datasets/blob/06cdf1524a9d424b5eb97628be26b87f854d398a/myco-test/small_mhel-SAMD00153218-s.gfa.gz,06cdf1524a9d424b5eb97628be26b87f854d398a,LICENCE_NOT_DOCUMENTED,COMPLETE_FOR_ACCESSIONS;MISSING_STRAIN_BIOPROJECT_ASSEMBLY
small_mhip-SAMD00153224-u,small_mhip-SAMD00153224,SAMD00153224,myco-test,Mycolicibacterium hippocampi,NOT_IN_SOURCE_METADATA,DRR161246,DRR161309,nanopore,SAMD00153224,NOT_IN_SOURCE_METADATA,NOT_IN_SOURCE_METADATA,Unicycler,myco-test/small_mhip-SAMD00153224-u.gfa.gz,YES,1724696,myco-test/small_mhip-SAMD00153224-u.gfa.csv,YES,8054,contig|plasmid_score|chrom_score|label|length|chr_coverage|pl_coverage|un_coverage|hybrid_mapsto,plasmid;chromosome;ambiguous;unlabeled,NOT_PUBLISHED_IN_METADATA,IN_GFA: dp tag (Unicycler) / KC tag (SKESA),Matsumoto2019,https://github.com/fmfi-compbio/plasgraph2-datasets/blob/06cdf1524a9d424b5eb97628be26b87f854d398a/myco-test/small_mhip-SAMD00153224-u.gfa.gz,06cdf1524a9d424b5eb97628be26b87f854d398a,LICENCE_NOT_DOCUMENTED,COMPLETE_FOR_ACCESSIONS;MISSING_STRAIN_BIOPROJECT_ASSEMBLY
small_mhip-SAMD00153224-s,small_mhip-SAMD00153224,SAMD00153224,myco-test,Mycolicibacterium hippocampi,NOT_IN_SOURCE_METADATA,DRR161246,DRR161309,nanopore,SAMD00153224,NOT_IN_SOURCE_METADATA,NOT_IN_SOURCE_METADATA,SKESA,myco-test/small_mhip-SAMD00153224-s.gfa.gz,YES,1733355,myco-test/small_mhip-SAMD00153224-s.gfa.csv,YES,21634,contig|plasmid_score|chrom_score|label|length|chr_coverage|pl_coverage|un_coverage|hybrid_mapsto,plasmid;chromosome;ambiguous;unlabeled,NOT_PUBLISHED_IN_METADATA,IN_GFA: dp tag (Unicycler) / KC tag (SKESA),Matsumoto2019,https://github.com/fmfi-compbio/plasgraph2-datasets/blob/06cdf1524a9d424b5eb97628be26b87f854d398a/myco-test/small_mhip-SAMD00153224-s.gfa.gz,06cdf1524a9d424b5eb97628be26b87f854d398a,LICENCE_NOT_DOCUMENTED,COMPLETE_FOR_ACCESSIONS;MISSING_STRAIN_BIOPROJECT_ASSEMBLY
small_mkub-SAMD00153187-u,small_mkub-SAMD00153187,SAMD00153187,myco-test,Mycobacterium kubicae,NOT_IN_SOURCE_METADATA,DRR161209,DRR161272,nanopore,SAMD00153187,NOT_IN_SOURCE_METADATA,NOT_IN_SOURCE_METADATA,Unicycler,myco-test/small_mkub-SAMD00153187-u.gfa.gz,YES,1670738,myco-test/small_mkub-SAMD00153187-u.gfa.csv,YES,9964,contig|plasmid_score|chrom_score|label|length|chr_coverage|pl_coverage|un_coverage|hybrid_mapsto,plasmid;chromosome;ambiguous;unlabeled,NOT_PUBLISHED_IN_METADATA,IN_GFA: dp tag (Unicycler) / KC tag (SKESA),Matsumoto2019,https://github.com/fmfi-compbio/plasgraph2-datasets/blob/06cdf1524a9d424b5eb97628be26b87f854d398a/myco-test/small_mkub-SAMD00153187-u.gfa.gz,06cdf1524a9d424b5eb97628be26b87f854d398a,LICENCE_NOT_DOCUMENTED,COMPLETE_FOR_ACCESSIONS;MISSING_STRAIN_BIOPROJECT_ASSEMBLY
small_mkub-SAMD00153187-s,small_mkub-SAMD00153187,SAMD00153187,myco-test,Mycobacterium kubicae,NOT_IN_SOURCE_METADATA,DRR161209,DRR161272,nanopore,SAMD00153187,NOT_IN_SOURCE_METADATA,NOT_IN_SOURCE_METADATA,SKESA,myco-test/small_mkub-SAMD00153187-s.gfa.gz,YES,1678034,myco-test/small_mkub-SAMD00153187-s.gfa.csv,YES,15242,contig|plasmid_score|chrom_score|label|length|chr_coverage|pl_coverage|un_coverage|hybrid_mapsto,plasmid;chromosome;ambiguous;unlabeled,NOT_PUBLISHED_IN_METADATA,IN_GFA: dp tag (Unicycler) / KC tag (SKESA),Matsumoto2019,https://github.com/fmfi-compbio/plasgraph2-datasets/blob/06cdf1524a9d424b5eb97628be26b87f854d398a/myco-test/small_mkub-SAMD00153187-s.gfa.gz,06cdf1524a9d424b5eb97628be26b87f854d398a,LICENCE_NOT_DOCUMENTED,COMPLETE_FOR_ACCESSIONS;MISSING_STRAIN_BIOPROJECT_ASSEMBLY
small_mmad-SAMD00153188-u,small_mmad-SAMD00153188,SAMD00153188,myco-test,Mycolicibacterium madagascariense,NOT_IN_SOURCE_METADATA,DRR161210,DRR161273,nanopore,SAMD00153188,NOT_IN_SOURCE_METADATA,NOT_IN_SOURCE_METADATA,Unicycler,myco-test/small_mmad-SAMD00153188-u.gfa.gz,YES,1644065,myco-test/small_mmad-SAMD00153188-u.gfa.csv,YES,2957,contig|plasmid_score|chrom_score|label|length|chr_coverage|pl_coverage|un_coverage|hybrid_mapsto,plasmid;chromosome;ambiguous;unlabeled,NOT_PUBLISHED_IN_METADATA,IN_GFA: dp tag (Unicycler) / KC tag (SKESA),Matsumoto2019,https://github.com/fmfi-compbio/plasgraph2-datasets/blob/06cdf1524a9d424b5eb97628be26b87f854d398a/myco-test/small_mmad-SAMD00153188-u.gfa.gz,06cdf1524a9d424b5eb97628be26b87f854d398a,LICENCE_NOT_DOCUMENTED,COMPLETE_FOR_ACCESSIONS;MISSING_STRAIN_BIOPROJECT_ASSEMBLY
small_mmad-SAMD00153188-s,small_mmad-SAMD00153188,SAMD00153188,myco-test,Mycolicibacterium madagascariense,NOT_IN_SOURCE_METADATA,DRR161210,DRR161273,nanopore,SAMD00153188,NOT_IN_SOURCE_METADATA,NOT_IN_SOURCE_METADATA,SKESA,myco-test/small_mmad-SAMD00153188-s.gfa.gz,YES,1652992,myco-test/small_mmad-SAMD00153188-s.gfa.csv,YES,19206,contig|plasmid_score|chrom_score|label|length|chr_coverage|pl_coverage|un_coverage|hybrid_mapsto,plasmid;chromosome;ambiguous;unlabeled,NOT_PUBLISHED_IN_METADATA,IN_GFA: dp tag (Unicycler) / KC tag (SKESA),Matsumoto2019,https://github.com/fmfi-compbio/plasgraph2-datasets/blob/06cdf1524a9d424b5eb97628be26b87f854d398a/myco-test/small_mmad-SAMD00153188-s.gfa.gz,06cdf1524a9d424b5eb97628be26b87f854d398a,LICENCE_NOT_DOCUMENTED,COMPLETE_FOR_ACCESSIONS;MISSING_STRAIN_BIOPROJECT_ASSEMBLY
small_mmar-SAMD00153206-u,small_mmar-SAMD00153206,SAMD00153206,myco-test,Mycobacterium marseillense,NOT_IN_SOURCE_METADATA,DRR161228,DRR161291,nanopore,SAMD00153206,NOT_IN_SOURCE_METADATA,NOT_IN_SOURCE_METADATA,Unicycler,myco-test/small_mmar-SAMD00153206-u.gfa.gz,YES,1551679,myco-test/small_mmar-SAMD00153206-u.gfa.csv,YES,5383,contig|plasmid_score|chrom_score|label|length|chr_coverage|pl_coverage|un_coverage|hybrid_mapsto,plasmid;chromosome;ambiguous;unlabeled,NOT_PUBLISHED_IN_METADATA,IN_GFA: dp tag (Unicycler) / KC tag (SKESA),Matsumoto2019,https://github.com/fmfi-compbio/plasgraph2-datasets/blob/06cdf1524a9d424b5eb97628be26b87f854d398a/myco-test/small_mmar-SAMD00153206-u.gfa.gz,06cdf1524a9d424b5eb97628be26b87f854d398a,LICENCE_NOT_DOCUMENTED,COMPLETE_FOR_ACCESSIONS;MISSING_STRAIN_BIOPROJECT_ASSEMBLY
small_mmar-SAMD00153206-s,small_mmar-SAMD00153206,SAMD00153206,myco-test,Mycobacterium marseillense,NOT_IN_SOURCE_METADATA,DRR161228,DRR161291,nanopore,SAMD00153206,NOT_IN_SOURCE_METADATA,NOT_IN_SOURCE_METADATA,SKESA,myco-test/small_mmar-SAMD00153206-s.gfa.gz,YES,1556646,myco-test/small_mmar-SAMD00153206-s.gfa.csv,YES,5851,contig|plasmid_score|chrom_score|label|length|chr_coverage|pl_coverage|un_coverage|hybrid_mapsto,plasmid;chromosome;ambiguous;unlabeled,NOT_PUBLISHED_IN_METADATA,IN_GFA: dp tag (Unicycler) / KC tag (SKESA),Matsumoto2019,https://github.com/fmfi-compbio/plasgraph2-datasets/blob/06cdf1524a9d424b5eb97628be26b87f854d398a/myco-test/small_mmar-SAMD00153206-s.gfa.gz,06cdf1524a9d424b5eb97628be26b87f854d398a,LICENCE_NOT_DOCUMENTED,COMPLETE_FOR_ACCESSIONS;MISSING_STRAIN_BIOPROJECT_ASSEMBLY
small_mmon-SAMD00153199-u,small_mmon-SAMD00153199,SAMD00153199,myco-test,Mycolicibacterium monacense,NOT_IN_SOURCE_METADATA,DRR161221,DRR161284,nanopore,SAMD00153199,NOT_IN_SOURCE_METADATA,NOT_IN_SOURCE_METADATA,Unicycler,myco-test/small_mmon-SAMD00153199-u.gfa.gz,YES,1688067,myco-test/small_mmon-SAMD00153199-u.gfa.csv,YES,6588,contig|plasmid_score|chrom_score|label|length|chr_coverage|pl_coverage|un_coverage|hybrid_mapsto,plasmid;chromosome;ambiguous;unlabeled,NOT_PUBLISHED_IN_METADATA,IN_GFA: dp tag (Unicycler) / KC tag (SKESA),Matsumoto2019,https://github.com/fmfi-compbio/plasgraph2-datasets/blob/06cdf1524a9d424b5eb97628be26b87f854d398a/myco-test/small_mmon-SAMD00153199-u.gfa.gz,06cdf1524a9d424b5eb97628be26b87f854d398a,LICENCE_NOT_DOCUMENTED,COMPLETE_FOR_ACCESSIONS;MISSING_STRAIN_BIOPROJECT_ASSEMBLY
small_mmon-SAMD00153199-s,small_mmon-SAMD00153199,SAMD00153199,myco-test,Mycolicibacterium monacense,NOT_IN_SOURCE_METADATA,DRR161221,DRR161284,nanopore,SAMD00153199,NOT_IN_SOURCE_METADATA,NOT_IN_SOURCE_METADATA,SKESA,myco-test/small_mmon-SAMD00153199-s.gfa.gz,YES,1689398,myco-test/small_mmon-SAMD00153199-s.gfa.csv,YES,5714,contig|plasmid_score|chrom_score|label|length|chr_coverage|pl_coverage|un_coverage|hybrid_mapsto,plasmid;chromosome;ambiguous;unlabeled,NOT_PUBLISHED_IN_METADATA,IN_GFA: dp tag (Unicycler) / KC tag (SKESA),Matsumoto2019,https://github.com/fmfi-compbio/plasgraph2-datasets/blob/06cdf1524a9d424b5eb97628be26b87f854d398a/myco-test/small_mmon-SAMD00153199-s.gfa.gz,06cdf1524a9d424b5eb97628be26b87f854d398a,LICENCE_NOT_DOCUMENTED,COMPLETE_FOR_ACCESSIONS;MISSING_STRAIN_BIOPROJECT_ASSEMBLY
small_mmur-SAMD00153185-u,small_mmur-SAMD00153185,SAMD00153185,myco-test,Mycolicibacterium murale,NOT_IN_SOURCE_METADATA,DRR161207,DRR161270,nanopore,SAMD00153185,NOT_IN_SOURCE_METADATA,NOT_IN_SOURCE_METADATA,Unicycler,myco-test/small_mmur-SAMD00153185-u.gfa.gz,YES,1901231,myco-test/small_mmur-SAMD00153185-u.gfa.csv,YES,9847,contig|plasmid_score|chrom_score|label|length|chr_coverage|pl_coverage|un_coverage|hybrid_mapsto,plasmid;chromosome;ambiguous;unlabeled,NOT_PUBLISHED_IN_METADATA,IN_GFA: dp tag (Unicycler) / KC tag (SKESA),Matsumoto2019,https://github.com/fmfi-compbio/plasgraph2-datasets/blob/06cdf1524a9d424b5eb97628be26b87f854d398a/myco-test/small_mmur-SAMD00153185-u.gfa.gz,06cdf1524a9d424b5eb97628be26b87f854d398a,LICENCE_NOT_DOCUMENTED,COMPLETE_FOR_ACCESSIONS;MISSING_STRAIN_BIOPROJECT_ASSEMBLY
small_mmur-SAMD00153185-s,small_mmur-SAMD00153185,SAMD00153185,myco-test,Mycolicibacterium murale,NOT_IN_SOURCE_METADATA,DRR161207,DRR161270,nanopore,SAMD00153185,NOT_IN_SOURCE_METADATA,NOT_IN_SOURCE_METADATA,SKESA,myco-test/small_mmur-SAMD00153185-s.gfa.gz,YES,1916518,myco-test/small_mmur-SAMD00153185-s.gfa.csv,YES,12243,contig|plasmid_score|chrom_score|label|length|chr_coverage|pl_coverage|un_coverage|hybrid_mapsto,plasmid;chromosome;ambiguous;unlabeled,NOT_PUBLISHED_IN_METADATA,IN_GFA: dp tag (Unicycler) / KC tag (SKESA),Matsumoto2019,https://github.com/fmfi-compbio/plasgraph2-datasets/blob/06cdf1524a9d424b5eb97628be26b87f854d398a/myco-test/small_mmur-SAMD00153185-s.gfa.gz,06cdf1524a9d424b5eb97628be26b87f854d398a,LICENCE_NOT_DOCUMENTED,COMPLETE_FOR_ACCESSIONS;MISSING_STRAIN_BIOPROJECT_ASSEMBLY
small_mparaf-SAMD00153162-u,small_mparaf-SAMD00153162,SAMD00153162,myco-test,Mycolicibacterium parafortuitum,NOT_IN_SOURCE_METADATA,DRR161184,DRR161247,nanopore,SAMD00153162,NOT_IN_SOURCE_METADATA,NOT_IN_SOURCE_METADATA,Unicycler,myco-test/small_mparaf-SAMD00153162-u.gfa.gz,YES,1714810,myco-test/small_mparaf-SAMD00153162-u.gfa.csv,YES,9032,contig|plasmid_score|chrom_score|label|length|chr_coverage|pl_coverage|un_coverage|hybrid_mapsto,plasmid;chromosome;ambiguous;unlabeled,NOT_PUBLISHED_IN_METADATA,IN_GFA: dp tag (Unicycler) / KC tag (SKESA),Matsumoto2019,https://github.com/fmfi-compbio/plasgraph2-datasets/blob/06cdf1524a9d424b5eb97628be26b87f854d398a/myco-test/small_mparaf-SAMD00153162-u.gfa.gz,06cdf1524a9d424b5eb97628be26b87f854d398a,LICENCE_NOT_DOCUMENTED,COMPLETE_FOR_ACCESSIONS;MISSING_STRAIN_BIOPROJECT_ASSEMBLY
small_mparaf-SAMD00153162-s,small_mparaf-SAMD00153162,SAMD00153162,myco-test,Mycolicibacterium parafortuitum,NOT_IN_SOURCE_METADATA,DRR161184,DRR161247,nanopore,SAMD00153162,NOT_IN_SOURCE_METADATA,NOT_IN_SOURCE_METADATA,SKESA,myco-test/small_mparaf-SAMD00153162-s.gfa.gz,YES,1714701,myco-test/small_mparaf-SAMD00153162-s.gfa.csv,YES,7732,contig|plasmid_score|chrom_score|label|length|chr_coverage|pl_coverage|un_coverage|hybrid_mapsto,plasmid;chromosome;ambiguous;unlabeled,NOT_PUBLISHED_IN_METADATA,IN_GFA: dp tag (Unicycler) / KC tag (SKESA),Matsumoto2019,https://github.com/fmfi-compbio/plasgraph2-datasets/blob/06cdf1524a9d424b5eb97628be26b87f854d398a/myco-test/small_mparaf-SAMD00153162-s.gfa.gz,06cdf1524a9d424b5eb97628be26b87f854d398a,LICENCE_NOT_DOCUMENTED,COMPLETE_FOR_ACCESSIONS;MISSING_STRAIN_BIOPROJECT_ASSEMBLY
small_mparag-SAMD00153214-u,small_mparag-SAMD00153214,SAMD00153214,myco-test,Mycobacterium paragordonae,NOT_IN_SOURCE_METADATA,DRR161236,DRR161299,nanopore,SAMD00153214,NOT_IN_SOURCE_METADATA,NOT_IN_SOURCE_METADATA,Unicycler,myco-test/small_mparag-SAMD00153214-u.gfa.gz,YES,2025503,myco-test/small_mparag-SAMD00153214-u.gfa.csv,YES,13448,contig|plasmid_score|chrom_score|label|length|chr_coverage|pl_coverage|un_coverage|hybrid_mapsto,plasmid;chromosome;ambiguous;unlabeled,NOT_PUBLISHED_IN_METADATA,IN_GFA: dp tag (Unicycler) / KC tag (SKESA),Matsumoto2019,https://github.com/fmfi-compbio/plasgraph2-datasets/blob/06cdf1524a9d424b5eb97628be26b87f854d398a/myco-test/small_mparag-SAMD00153214-u.gfa.gz,06cdf1524a9d424b5eb97628be26b87f854d398a,LICENCE_NOT_DOCUMENTED,COMPLETE_FOR_ACCESSIONS;MISSING_STRAIN_BIOPROJECT_ASSEMBLY
small_mparag-SAMD00153214-s,small_mparag-SAMD00153214,SAMD00153214,myco-test,Mycobacterium paragordonae,NOT_IN_SOURCE_METADATA,DRR161236,DRR161299,nanopore,SAMD00153214,NOT_IN_SOURCE_METADATA,NOT_IN_SOURCE_METADATA,SKESA,myco-test/small_mparag-SAMD00153214-s.gfa.gz,YES,2045814,myco-test/small_mparag-SAMD00153214-s.gfa.csv,YES,32985,contig|plasmid_score|chrom_score|label|length|chr_coverage|pl_coverage|un_coverage|hybrid_mapsto,plasmid;chromosome;ambiguous;unlabeled,NOT_PUBLISHED_IN_METADATA,IN_GFA: dp tag (Unicycler) / KC tag (SKESA),Matsumoto2019,https://github.com/fmfi-compbio/plasgraph2-datasets/blob/06cdf1524a9d424b5eb97628be26b87f854d398a/myco-test/small_mparag-SAMD00153214-s.gfa.gz,06cdf1524a9d424b5eb97628be26b87f854d398a,LICENCE_NOT_DOCUMENTED,COMPLETE_FOR_ACCESSIONS;MISSING_STRAIN_BIOPROJECT_ASSEMBLY
small_mpho-SAMD00153196-u,small_mpho-SAMD00153196,SAMD00153196,myco-test,Mycolicibacterium phocaicum,NOT_IN_SOURCE_METADATA,DRR161218,DRR161281,nanopore,SAMD00153196,NOT_IN_SOURCE_METADATA,NOT_IN_SOURCE_METADATA,Unicycler,myco-test/small_mpho-SAMD00153196-u.gfa.gz,YES,1635017,myco-test/small_mpho-SAMD00153196-u.gfa.csv,YES,5071,contig|plasmid_score|chrom_score|label|length|chr_coverage|pl_coverage|un_coverage|hybrid_mapsto,plasmid;chromosome;ambiguous;unlabeled,NOT_PUBLISHED_IN_METADATA,IN_GFA: dp tag (Unicycler) / KC tag (SKESA),Matsumoto2019,https://github.com/fmfi-compbio/plasgraph2-datasets/blob/06cdf1524a9d424b5eb97628be26b87f854d398a/myco-test/small_mpho-SAMD00153196-u.gfa.gz,06cdf1524a9d424b5eb97628be26b87f854d398a,LICENCE_NOT_DOCUMENTED,COMPLETE_FOR_ACCESSIONS;MISSING_STRAIN_BIOPROJECT_ASSEMBLY
small_mpho-SAMD00153196-s,small_mpho-SAMD00153196,SAMD00153196,myco-test,Mycolicibacterium phocaicum,NOT_IN_SOURCE_METADATA,DRR161218,DRR161281,nanopore,SAMD00153196,NOT_IN_SOURCE_METADATA,NOT_IN_SOURCE_METADATA,SKESA,myco-test/small_mpho-SAMD00153196-s.gfa.gz,YES,1640072,myco-test/small_mpho-SAMD00153196-s.gfa.csv,YES,7579,contig|plasmid_score|chrom_score|label|length|chr_coverage|pl_coverage|un_coverage|hybrid_mapsto,plasmid;chromosome;ambiguous;unlabeled,NOT_PUBLISHED_IN_METADATA,IN_GFA: dp tag (Unicycler) / KC tag (SKESA),Matsumoto2019,https://github.com/fmfi-compbio/plasgraph2-datasets/blob/06cdf1524a9d424b5eb97628be26b87f854d398a/myco-test/small_mpho-SAMD00153196-s.gfa.gz,06cdf1524a9d424b5eb97628be26b87f854d398a,LICENCE_NOT_DOCUMENTED,COMPLETE_FOR_ACCESSIONS;MISSING_STRAIN_BIOPROJECT_ASSEMBLY
small_mpor-SAMD00153179-u,small_mpor-SAMD00153179,SAMD00153179,myco-test,Mycolicibacterium poriferae,NOT_IN_SOURCE_METADATA,DRR161201,DRR161264,nanopore,SAMD00153179,NOT_IN_SOURCE_METADATA,NOT_IN_SOURCE_METADATA,Unicycler,myco-test/small_mpor-SAMD00153179-u.gfa.gz,YES,1650714,myco-test/small_mpor-SAMD00153179-u.gfa.csv,YES,9664,contig|plasmid_score|chrom_score|label|length|chr_coverage|pl_coverage|un_coverage|hybrid_mapsto,plasmid;chromosome;ambiguous;unlabeled,NOT_PUBLISHED_IN_METADATA,IN_GFA: dp tag (Unicycler) / KC tag (SKESA),Matsumoto2019,https://github.com/fmfi-compbio/plasgraph2-datasets/blob/06cdf1524a9d424b5eb97628be26b87f854d398a/myco-test/small_mpor-SAMD00153179-u.gfa.gz,06cdf1524a9d424b5eb97628be26b87f854d398a,LICENCE_NOT_DOCUMENTED,COMPLETE_FOR_ACCESSIONS;MISSING_STRAIN_BIOPROJECT_ASSEMBLY
small_mpor-SAMD00153179-s,small_mpor-SAMD00153179,SAMD00153179,myco-test,Mycolicibacterium poriferae,NOT_IN_SOURCE_METADATA,DRR161201,DRR161264,nanopore,SAMD00153179,NOT_IN_SOURCE_METADATA,NOT_IN_SOURCE_METADATA,SKESA,myco-test/small_mpor-SAMD00153179-s.gfa.gz,YES,1660409,myco-test/small_mpor-SAMD00153179-s.gfa.csv,YES,21847,contig|plasmid_score|chrom_score|label|length|chr_coverage|pl_coverage|un_coverage|hybrid_mapsto,plasmid;chromosome;ambiguous;unlabeled,NOT_PUBLISHED_IN_METADATA,IN_GFA: dp tag (Unicycler) / KC tag (SKESA),Matsumoto2019,https://github.com/fmfi-compbio/plasgraph2-datasets/blob/06cdf1524a9d424b5eb97628be26b87f854d398a/myco-test/small_mpor-SAMD00153179-s.gfa.gz,06cdf1524a9d424b5eb97628be26b87f854d398a,LICENCE_NOT_DOCUMENTED,COMPLETE_FOR_ACCESSIONS;MISSING_STRAIN_BIOPROJECT_ASSEMBLY
small_msen-SAMD00153200-u,small_msen-SAMD00153200,SAMD00153200,myco-test,Mycolicibacter senuensis,NOT_IN_SOURCE_METADATA,DRR161222,DRR161285,nanopore,SAMD00153200,NOT_IN_SOURCE_METADATA,NOT_IN_SOURCE_METADATA,Unicycler,myco-test/small_msen-SAMD00153200-u.gfa.gz,YES,1276578,myco-test/small_msen-SAMD00153200-u.gfa.csv,YES,5193,contig|plasmid_score|chrom_score|label|length|chr_coverage|pl_coverage|un_coverage|hybrid_mapsto,plasmid;chromosome;ambiguous;unlabeled,NOT_PUBLISHED_IN_METADATA,IN_GFA: dp tag (Unicycler) / KC tag (SKESA),Matsumoto2019,https://github.com/fmfi-compbio/plasgraph2-datasets/blob/06cdf1524a9d424b5eb97628be26b87f854d398a/myco-test/small_msen-SAMD00153200-u.gfa.gz,06cdf1524a9d424b5eb97628be26b87f854d398a,LICENCE_NOT_DOCUMENTED,COMPLETE_FOR_ACCESSIONS;MISSING_STRAIN_BIOPROJECT_ASSEMBLY
small_msen-SAMD00153200-s,small_msen-SAMD00153200,SAMD00153200,myco-test,Mycolicibacter senuensis,NOT_IN_SOURCE_METADATA,DRR161222,DRR161285,nanopore,SAMD00153200,NOT_IN_SOURCE_METADATA,NOT_IN_SOURCE_METADATA,SKESA,myco-test/small_msen-SAMD00153200-s.gfa.gz,YES,1283759,myco-test/small_msen-SAMD00153200-s.gfa.csv,YES,12900,contig|plasmid_score|chrom_score|label|length|chr_coverage|pl_coverage|un_coverage|hybrid_mapsto,plasmid;chromosome;ambiguous;unlabeled,NOT_PUBLISHED_IN_METADATA,IN_GFA: dp tag (Unicycler) / KC tag (SKESA),Matsumoto2019,https://github.com/fmfi-compbio/plasgraph2-datasets/blob/06cdf1524a9d424b5eb97628be26b87f854d398a/myco-test/small_msen-SAMD00153200-s.gfa.gz,06cdf1524a9d424b5eb97628be26b87f854d398a,LICENCE_NOT_DOCUMENTED,COMPLETE_FOR_ACCESSIONS;MISSING_STRAIN_BIOPROJECT_ASSEMBLY
small_mshi-SAMD00153190-u,small_mshi-SAMD00153190,SAMD00153190,myco-test,Mycobacterium shinjukuense,NOT_IN_SOURCE_METADATA,DRR161212,DRR161275,nanopore,SAMD00153190,NOT_IN_SOURCE_METADATA,NOT_IN_SOURCE_METADATA,Unicycler,myco-test/small_mshi-SAMD00153190-u.gfa.gz,YES,1258907,myco-test/small_mshi-SAMD00153190-u.gfa.csv,YES,18712,contig|plasmid_score|chrom_score|label|length|chr_coverage|pl_coverage|un_coverage|hybrid_mapsto,plasmid;chromosome;ambiguous;unlabeled,NOT_PUBLISHED_IN_METADATA,IN_GFA: dp tag (Unicycler) / KC tag (SKESA),Matsumoto2019,https://github.com/fmfi-compbio/plasgraph2-datasets/blob/06cdf1524a9d424b5eb97628be26b87f854d398a/myco-test/small_mshi-SAMD00153190-u.gfa.gz,06cdf1524a9d424b5eb97628be26b87f854d398a,LICENCE_NOT_DOCUMENTED,COMPLETE_FOR_ACCESSIONS;MISSING_STRAIN_BIOPROJECT_ASSEMBLY
small_mshi-SAMD00153190-s,small_mshi-SAMD00153190,SAMD00153190,myco-test,Mycobacterium shinjukuense,NOT_IN_SOURCE_METADATA,DRR161212,DRR161275,nanopore,SAMD00153190,NOT_IN_SOURCE_METADATA,NOT_IN_SOURCE_METADATA,SKESA,myco-test/small_mshi-SAMD00153190-s.gfa.gz,YES,1269111,myco-test/small_mshi-SAMD00153190-s.gfa.csv,YES,22204,contig|plasmid_score|chrom_score|label|length|chr_coverage|pl_coverage|un_coverage|hybrid_mapsto,plasmid;chromosome;ambiguous;unlabeled,NOT_PUBLISHED_IN_METADATA,IN_GFA: dp tag (Unicycler) / KC tag (SKESA),Matsumoto2019,https://github.com/fmfi-compbio/plasgraph2-datasets/blob/06cdf1524a9d424b5eb97628be26b87f854d398a/myco-test/small_mshi-SAMD00153190-s.gfa.gz,06cdf1524a9d424b5eb97628be26b87f854d398a,LICENCE_NOT_DOCUMENTED,COMPLETE_FOR_ACCESSIONS;MISSING_STRAIN_BIOPROJECT_ASSEMBLY
small_msim-SAMD00153175-u,small_msim-SAMD00153175,SAMD00153175,myco-test,Mycobacterium simiae,NOT_IN_SOURCE_METADATA,DRR161197,DRR161260,nanopore,SAMD00153175,NOT_IN_SOURCE_METADATA,NOT_IN_SOURCE_METADATA,Unicycler,myco-test/small_msim-SAMD00153175-u.gfa.gz,YES,1647321,myco-test/small_msim-SAMD00153175-u.gfa.csv,YES,6189,contig|plasmid_score|chrom_score|label|length|chr_coverage|pl_coverage|un_coverage|hybrid_mapsto,plasmid;chromosome;ambiguous;unlabeled,NOT_PUBLISHED_IN_METADATA,IN_GFA: dp tag (Unicycler) / KC tag (SKESA),Matsumoto2019,https://github.com/fmfi-compbio/plasgraph2-datasets/blob/06cdf1524a9d424b5eb97628be26b87f854d398a/myco-test/small_msim-SAMD00153175-u.gfa.gz,06cdf1524a9d424b5eb97628be26b87f854d398a,LICENCE_NOT_DOCUMENTED,COMPLETE_FOR_ACCESSIONS;MISSING_STRAIN_BIOPROJECT_ASSEMBLY
small_msim-SAMD00153175-s,small_msim-SAMD00153175,SAMD00153175,myco-test,Mycobacterium simiae,NOT_IN_SOURCE_METADATA,DRR161197,DRR161260,nanopore,SAMD00153175,NOT_IN_SOURCE_METADATA,NOT_IN_SOURCE_METADATA,SKESA,myco-test/small_msim-SAMD00153175-s.gfa.gz,YES,1650978,myco-test/small_msim-SAMD00153175-s.gfa.csv,YES,6868,contig|plasmid_score|chrom_score|label|length|chr_coverage|pl_coverage|un_coverage|hybrid_mapsto,plasmid;chromosome;ambiguous;unlabeled,NOT_PUBLISHED_IN_METADATA,IN_GFA: dp tag (Unicycler) / KC tag (SKESA),Matsumoto2019,https://github.com/fmfi-compbio/plasgraph2-datasets/blob/06cdf1524a9d424b5eb97628be26b87f854d398a/myco-test/small_msim-SAMD00153175-s.gfa.gz,06cdf1524a9d424b5eb97628be26b87f854d398a,LICENCE_NOT_DOCUMENTED,COMPLETE_FOR_ACCESSIONS;MISSING_STRAIN_BIOPROJECT_ASSEMBLY
small_mter-SAMD00153172-u,small_mter-SAMD00153172,SAMD00153172,myco-test,Mycolicibacter terrae,NOT_IN_SOURCE_METADATA,DRR161194,DRR161257,nanopore,SAMD00153172,NOT_IN_SOURCE_METADATA,NOT_IN_SOURCE_METADATA,Unicycler,myco-test/small_mter-SAMD00153172-u.gfa.gz,YES,1272801,myco-test/small_mter-SAMD00153172-u.gfa.csv,YES,4570,contig|plasmid_score|chrom_score|label|length|chr_coverage|pl_coverage|un_coverage|hybrid_mapsto,plasmid;chromosome;ambiguous;unlabeled,NOT_PUBLISHED_IN_METADATA,IN_GFA: dp tag (Unicycler) / KC tag (SKESA),Matsumoto2019,https://github.com/fmfi-compbio/plasgraph2-datasets/blob/06cdf1524a9d424b5eb97628be26b87f854d398a/myco-test/small_mter-SAMD00153172-u.gfa.gz,06cdf1524a9d424b5eb97628be26b87f854d398a,LICENCE_NOT_DOCUMENTED,COMPLETE_FOR_ACCESSIONS;MISSING_STRAIN_BIOPROJECT_ASSEMBLY
small_mter-SAMD00153172-s,small_mter-SAMD00153172,SAMD00153172,myco-test,Mycolicibacter terrae,NOT_IN_SOURCE_METADATA,DRR161194,DRR161257,nanopore,SAMD00153172,NOT_IN_SOURCE_METADATA,NOT_IN_SOURCE_METADATA,SKESA,myco-test/small_mter-SAMD00153172-s.gfa.gz,YES,1275239,myco-test/small_mter-SAMD00153172-s.gfa.csv,YES,4550,contig|plasmid_score|chrom_score|label|length|chr_coverage|pl_coverage|un_coverage|hybrid_mapsto,plasmid;chromosome;ambiguous;unlabeled,NOT_PUBLISHED_IN_METADATA,IN_GFA: dp tag (Unicycler) / KC tag (SKESA),Matsumoto2019,https://github.com/fmfi-compbio/plasgraph2-datasets/blob/06cdf1524a9d424b5eb97628be26b87f854d398a/myco-test/small_mter-SAMD00153172-s.gfa.gz,06cdf1524a9d424b5eb97628be26b87f854d398a,LICENCE_NOT_DOCUMENTED,COMPLETE_FOR_ACCESSIONS;MISSING_STRAIN_BIOPROJECT_ASSEMBLY
small_mtim-SAMD00153223-u,small_mtim-SAMD00153223,SAMD00153223,myco-test,Mycobacterium timonense,NOT_IN_SOURCE_METADATA,DRR161245,DRR161308,nanopore,SAMD00153223,NOT_IN_SOURCE_METADATA,NOT_IN_SOURCE_METADATA,Unicycler,myco-test/small_mtim-SAMD00153223-u.gfa.gz,YES,1575350,myco-test/small_mtim-SAMD00153223-u.gfa.csv,YES,3292,contig|plasmid_score|chrom_score|label|length|chr_coverage|pl_coverage|un_coverage|hybrid_mapsto,plasmid;chromosome;ambiguous;unlabeled,NOT_PUBLISHED_IN_METADATA,IN_GFA: dp tag (Unicycler) / KC tag (SKESA),Matsumoto2019,https://github.com/fmfi-compbio/plasgraph2-datasets/blob/06cdf1524a9d424b5eb97628be26b87f854d398a/myco-test/small_mtim-SAMD00153223-u.gfa.gz,06cdf1524a9d424b5eb97628be26b87f854d398a,LICENCE_NOT_DOCUMENTED,COMPLETE_FOR_ACCESSIONS;MISSING_STRAIN_BIOPROJECT_ASSEMBLY
small_mtim-SAMD00153223-s,small_mtim-SAMD00153223,SAMD00153223,myco-test,Mycobacterium timonense,NOT_IN_SOURCE_METADATA,DRR161245,DRR161308,nanopore,SAMD00153223,NOT_IN_SOURCE_METADATA,NOT_IN_SOURCE_METADATA,SKESA,myco-test/small_mtim-SAMD00153223-s.gfa.gz,YES,1580747,myco-test/small_mtim-SAMD00153223-s.gfa.csv,YES,6453,contig|plasmid_score|chrom_score|label|length|chr_coverage|pl_coverage|un_coverage|hybrid_mapsto,plasmid;chromosome;ambiguous;unlabeled,NOT_PUBLISHED_IN_METADATA,IN_GFA: dp tag (Unicycler) / KC tag (SKESA),Matsumoto2019,https://github.com/fmfi-compbio/plasgraph2-datasets/blob/06cdf1524a9d424b5eb97628be26b87f854d398a/myco-test/small_mtim-SAMD00153223-s.gfa.gz,06cdf1524a9d424b5eb97628be26b87f854d398a,LICENCE_NOT_DOCUMENTED,COMPLETE_FOR_ACCESSIONS;MISSING_STRAIN_BIOPROJECT_ASSEMBLY
robertson-benchmark_sent-SAMN02800603-u,robertson-benchmark_sent-SAMN02800603,SAMN02800603,sent-test,Salmonella enterica,NOT_IN_SOURCE_METADATA,SRR1395326,SRR11317973,NA,SAMN02800603,NOT_IN_SOURCE_METADATA,NOT_IN_SOURCE_METADATA,Unicycler,sent-test/robertson-benchmark_sent-SAMN02800603-u.gfa.gz,YES,1433723,sent-test/robertson-benchmark_sent-SAMN02800603-u.gfa.csv,YES,8075,contig|plasmid_score|chrom_score|label|length|chr_coverage|pl_coverage|un_coverage|hybrid_mapsto,plasmid;chromosome;ambiguous;unlabeled,NOT_PUBLISHED_IN_METADATA,IN_GFA: dp tag (Unicycler) / KC tag (SKESA),Robertson2018,https://github.com/fmfi-compbio/plasgraph2-datasets/blob/06cdf1524a9d424b5eb97628be26b87f854d398a/sent-test/robertson-benchmark_sent-SAMN02800603-u.gfa.gz,06cdf1524a9d424b5eb97628be26b87f854d398a,LICENCE_NOT_DOCUMENTED,COMPLETE_FOR_ACCESSIONS;MISSING_STRAIN_BIOPROJECT_ASSEMBLY
robertson-benchmark_sent-SAMN02800603-s,robertson-benchmark_sent-SAMN02800603,SAMN02800603,sent-test,Salmonella enterica,NOT_IN_SOURCE_METADATA,SRR1395326,SRR11317973,NA,SAMN02800603,NOT_IN_SOURCE_METADATA,NOT_IN_SOURCE_METADATA,SKESA,sent-test/robertson-benchmark_sent-SAMN02800603-s.gfa.gz,YES,1437069,sent-test/robertson-benchmark_sent-SAMN02800603-s.gfa.csv,YES,8654,contig|plasmid_score|chrom_score|label|length|chr_coverage|pl_coverage|un_coverage|hybrid_mapsto,plasmid;chromosome;ambiguous;unlabeled,NOT_PUBLISHED_IN_METADATA,IN_GFA: dp tag (Unicycler) / KC tag (SKESA),Robertson2018,https://github.com/fmfi-compbio/plasgraph2-datasets/blob/06cdf1524a9d424b5eb97628be26b87f854d398a/sent-test/robertson-benchmark_sent-SAMN02800603-s.gfa.gz,06cdf1524a9d424b5eb97628be26b87f854d398a,LICENCE_NOT_DOCUMENTED,COMPLETE_FOR_ACCESSIONS;MISSING_STRAIN_BIOPROJECT_ASSEMBLY
robertson-benchmark_sent-SAMN03988471-u,robertson-benchmark_sent-SAMN03988471,SAMN03988471,sent-test,Salmonella enterica,NOT_IN_SOURCE_METADATA,SRR2407791,SRR3710056,NA,SAMN03988471,NOT_IN_SOURCE_METADATA,NOT_IN_SOURCE_METADATA,Unicycler,sent-test/robertson-benchmark_sent-SAMN03988471-u.gfa.gz,YES,1446424,sent-test/robertson-benchmark_sent-SAMN03988471-u.gfa.csv,YES,6292,contig|plasmid_score|chrom_score|label|length|chr_coverage|pl_coverage|un_coverage|hybrid_mapsto,plasmid;chromosome;ambiguous;unlabeled,NOT_PUBLISHED_IN_METADATA,IN_GFA: dp tag (Unicycler) / KC tag (SKESA),Robertson2018,https://github.com/fmfi-compbio/plasgraph2-datasets/blob/06cdf1524a9d424b5eb97628be26b87f854d398a/sent-test/robertson-benchmark_sent-SAMN03988471-u.gfa.gz,06cdf1524a9d424b5eb97628be26b87f854d398a,LICENCE_NOT_DOCUMENTED,COMPLETE_FOR_ACCESSIONS;MISSING_STRAIN_BIOPROJECT_ASSEMBLY
robertson-benchmark_sent-SAMN03988471-s,robertson-benchmark_sent-SAMN03988471,SAMN03988471,sent-test,Salmonella enterica,NOT_IN_SOURCE_METADATA,SRR2407791,SRR3710056,NA,SAMN03988471,NOT_IN_SOURCE_METADATA,NOT_IN_SOURCE_METADATA,SKESA,sent-test/robertson-benchmark_sent-SAMN03988471-s.gfa.gz,YES,1446953,sent-test/robertson-benchmark_sent-SAMN03988471-s.gfa.csv,YES,5907,contig|plasmid_score|chrom_score|label|length|chr_coverage|pl_coverage|un_coverage|hybrid_mapsto,plasmid;chromosome;ambiguous;unlabeled,NOT_PUBLISHED_IN_METADATA,IN_GFA: dp tag (Unicycler) / KC tag (SKESA),Robertson2018,https://github.com/fmfi-compbio/plasgraph2-datasets/blob/06cdf1524a9d424b5eb97628be26b87f854d398a/sent-test/robertson-benchmark_sent-SAMN03988471-s.gfa.gz,06cdf1524a9d424b5eb97628be26b87f854d398a,LICENCE_NOT_DOCUMENTED,COMPLETE_FOR_ACCESSIONS;MISSING_STRAIN_BIOPROJECT_ASSEMBLY
robertson-benchmark_sent-SAMN03996249-u,robertson-benchmark_sent-SAMN03996249,SAMN03996249,sent-test,Salmonella enterica,NOT_IN_SOURCE_METADATA,SRR2814420,SRR2814422,NA,SAMN03996249,NOT_IN_SOURCE_METADATA,NOT_IN_SOURCE_METADATA,Unicycler,sent-test/robertson-benchmark_sent-SAMN03996249-u.gfa.gz,YES,1420375,sent-test/robertson-benchmark_sent-SAMN03996249-u.gfa.csv,YES,11410,contig|plasmid_score|chrom_score|label|length|chr_coverage|pl_coverage|un_coverage|hybrid_mapsto,plasmid;chromosome;ambiguous;unlabeled,NOT_PUBLISHED_IN_METADATA,IN_GFA: dp tag (Unicycler) / KC tag (SKESA),Robertson2018,https://github.com/fmfi-compbio/plasgraph2-datasets/blob/06cdf1524a9d424b5eb97628be26b87f854d398a/sent-test/robertson-benchmark_sent-SAMN03996249-u.gfa.gz,06cdf1524a9d424b5eb97628be26b87f854d398a,LICENCE_NOT_DOCUMENTED,COMPLETE_FOR_ACCESSIONS;MISSING_STRAIN_BIOPROJECT_ASSEMBLY
robertson-benchmark_sent-SAMN03996249-s,robertson-benchmark_sent-SAMN03996249,SAMN03996249,sent-test,Salmonella enterica,NOT_IN_SOURCE_METADATA,SRR2814420,SRR2814422,NA,SAMN03996249,NOT_IN_SOURCE_METADATA,NOT_IN_SOURCE_METADATA,SKESA,sent-test/robertson-benchmark_sent-SAMN03996249-s.gfa.gz,YES,1432001,sent-test/robertson-benchmark_sent-SAMN03996249-s.gfa.csv,YES,25465,contig|plasmid_score|chrom_score|label|length|chr_coverage|pl_coverage|un_coverage|hybrid_mapsto,plasmid;chromosome;ambiguous;unlabeled,NOT_PUBLISHED_IN_METADATA,IN_GFA: dp tag (Unicycler) / KC tag (SKESA),Robertson2018,https://github.com/fmfi-compbio/plasgraph2-datasets/blob/06cdf1524a9d424b5eb97628be26b87f854d398a/sent-test/robertson-benchmark_sent-SAMN03996249-s.gfa.gz,06cdf1524a9d424b5eb97628be26b87f854d398a,LICENCE_NOT_DOCUMENTED,COMPLETE_FOR_ACCESSIONS;MISSING_STRAIN_BIOPROJECT_ASSEMBLY
robertson-benchmark_sent-SAMN04285042-u,robertson-benchmark_sent-SAMN04285042,SAMN04285042,sent-test,Salmonella enterica,NOT_IN_SOURCE_METADATA,SRR2939562,SRR3710060,NA,SAMN04285042,NOT_IN_SOURCE_METADATA,NOT_IN_SOURCE_METADATA,Unicycler,sent-test/robertson-benchmark_sent-SAMN04285042-u.gfa.gz,YES,1445971,sent-test/robertson-benchmark_sent-SAMN04285042-u.gfa.csv,YES,6232,contig|plasmid_score|chrom_score|label|length|chr_coverage|pl_coverage|un_coverage|hybrid_mapsto,plasmid;chromosome;ambiguous;unlabeled,NOT_PUBLISHED_IN_METADATA,IN_GFA: dp tag (Unicycler) / KC tag (SKESA),Robertson2018,https://github.com/fmfi-compbio/plasgraph2-datasets/blob/06cdf1524a9d424b5eb97628be26b87f854d398a/sent-test/robertson-benchmark_sent-SAMN04285042-u.gfa.gz,06cdf1524a9d424b5eb97628be26b87f854d398a,LICENCE_NOT_DOCUMENTED,COMPLETE_FOR_ACCESSIONS;MISSING_STRAIN_BIOPROJECT_ASSEMBLY
robertson-benchmark_sent-SAMN04285042-s,robertson-benchmark_sent-SAMN04285042,SAMN04285042,sent-test,Salmonella enterica,NOT_IN_SOURCE_METADATA,SRR2939562,SRR3710060,NA,SAMN04285042,NOT_IN_SOURCE_METADATA,NOT_IN_SOURCE_METADATA,SKESA,sent-test/robertson-benchmark_sent-SAMN04285042-s.gfa.gz,YES,1450743,sent-test/robertson-benchmark_sent-SAMN04285042-s.gfa.csv,YES,9164,contig|plasmid_score|chrom_score|label|length|chr_coverage|pl_coverage|un_coverage|hybrid_mapsto,plasmid;chromosome;ambiguous;unlabeled,NOT_PUBLISHED_IN_METADATA,IN_GFA: dp tag (Unicycler) / KC tag (SKESA),Robertson2018,https://github.com/fmfi-compbio/plasgraph2-datasets/blob/06cdf1524a9d424b5eb97628be26b87f854d398a/sent-test/robertson-benchmark_sent-SAMN04285042-s.gfa.gz,06cdf1524a9d424b5eb97628be26b87f854d398a,LICENCE_NOT_DOCUMENTED,COMPLETE_FOR_ACCESSIONS;MISSING_STRAIN_BIOPROJECT_ASSEMBLY
small2_sent-SAMN14450150-u,small2_sent-SAMN14450150,SAMN14450150,sent-test,Salmonella enterica,NOT_IN_SOURCE_METADATA,SRR11425889,SRR11425890,nanopore,SAMN14450150,NOT_IN_SOURCE_METADATA,NOT_IN_SOURCE_METADATA,Unicycler,sent-test/small2_sent-SAMN14450150-u.gfa.gz,YES,1429385,sent-test/small2_sent-SAMN14450150-u.gfa.csv,YES,7372,contig|plasmid_score|chrom_score|label|length|chr_coverage|pl_coverage|un_coverage|hybrid_mapsto,plasmid;chromosome;ambiguous;unlabeled,NOT_PUBLISHED_IN_METADATA,IN_GFA: dp tag (Unicycler) / KC tag (SKESA),Chen2020,https://github.com/fmfi-compbio/plasgraph2-datasets/blob/06cdf1524a9d424b5eb97628be26b87f854d398a/sent-test/small2_sent-SAMN14450150-u.gfa.gz,06cdf1524a9d424b5eb97628be26b87f854d398a,LICENCE_NOT_DOCUMENTED,COMPLETE_FOR_ACCESSIONS;MISSING_STRAIN_BIOPROJECT_ASSEMBLY
small2_sent-SAMN14450150-s,small2_sent-SAMN14450150,SAMN14450150,sent-test,Salmonella enterica,NOT_IN_SOURCE_METADATA,SRR11425889,SRR11425890,nanopore,SAMN14450150,NOT_IN_SOURCE_METADATA,NOT_IN_SOURCE_METADATA,SKESA,sent-test/small2_sent-SAMN14450150-s.gfa.gz,YES,1433113,sent-test/small2_sent-SAMN14450150-s.gfa.csv,YES,12281,contig|plasmid_score|chrom_score|label|length|chr_coverage|pl_coverage|un_coverage|hybrid_mapsto,plasmid;chromosome;ambiguous;unlabeled,NOT_PUBLISHED_IN_METADATA,IN_GFA: dp tag (Unicycler) / KC tag (SKESA),Chen2020,https://github.com/fmfi-compbio/plasgraph2-datasets/blob/06cdf1524a9d424b5eb97628be26b87f854d398a/sent-test/small2_sent-SAMN14450150-s.gfa.gz,06cdf1524a9d424b5eb97628be26b87f854d398a,LICENCE_NOT_DOCUMENTED,COMPLETE_FOR_ACCESSIONS;MISSING_STRAIN_BIOPROJECT_ASSEMBLY
small2_sent-SAMN14450151-u,small2_sent-SAMN14450151,SAMN14450151,sent-test,Salmonella enterica,NOT_IN_SOURCE_METADATA,SRR11425867,SRR11425878,nanopore,SAMN14450151,NOT_IN_SOURCE_METADATA,NOT_IN_SOURCE_METADATA,Unicycler,sent-test/small2_sent-SAMN14450151-u.gfa.gz,YES,1453344,sent-test/small2_sent-SAMN14450151-u.gfa.csv,YES,5654,contig|plasmid_score|chrom_score|label|length|chr_coverage|pl_coverage|un_coverage|hybrid_mapsto,plasmid;chromosome;ambiguous;unlabeled,NOT_PUBLISHED_IN_METADATA,IN_GFA: dp tag (Unicycler) / KC tag (SKESA),Chen2020,https://github.com/fmfi-compbio/plasgraph2-datasets/blob/06cdf1524a9d424b5eb97628be26b87f854d398a/sent-test/small2_sent-SAMN14450151-u.gfa.gz,06cdf1524a9d424b5eb97628be26b87f854d398a,LICENCE_NOT_DOCUMENTED,COMPLETE_FOR_ACCESSIONS;MISSING_STRAIN_BIOPROJECT_ASSEMBLY
small2_sent-SAMN14450151-s,small2_sent-SAMN14450151,SAMN14450151,sent-test,Salmonella enterica,NOT_IN_SOURCE_METADATA,SRR11425867,SRR11425878,nanopore,SAMN14450151,NOT_IN_SOURCE_METADATA,NOT_IN_SOURCE_METADATA,SKESA,sent-test/small2_sent-SAMN14450151-s.gfa.gz,YES,1455032,sent-test/small2_sent-SAMN14450151-s.gfa.csv,YES,7507,contig|plasmid_score|chrom_score|label|length|chr_coverage|pl_coverage|un_coverage|hybrid_mapsto,plasmid;chromosome;ambiguous;unlabeled,NOT_PUBLISHED_IN_METADATA,IN_GFA: dp tag (Unicycler) / KC tag (SKESA),Chen2020,https://github.com/fmfi-compbio/plasgraph2-datasets/blob/06cdf1524a9d424b5eb97628be26b87f854d398a/sent-test/small2_sent-SAMN14450151-s.gfa.gz,06cdf1524a9d424b5eb97628be26b87f854d398a,LICENCE_NOT_DOCUMENTED,COMPLETE_FOR_ACCESSIONS;MISSING_STRAIN_BIOPROJECT_ASSEMBLY
small2_sent-SAMN14450152-u,small2_sent-SAMN14450152,SAMN14450152,sent-test,Salmonella enterica,NOT_IN_SOURCE_METADATA,SRR11425845,SRR11425856,nanopore,SAMN14450152,NOT_IN_SOURCE_METADATA,NOT_IN_SOURCE_METADATA,Unicycler,sent-test/small2_sent-SAMN14450152-u.gfa.gz,YES,1427550,sent-test/small2_sent-SAMN14450152-u.gfa.csv,YES,7140,contig|plasmid_score|chrom_score|label|length|chr_coverage|pl_coverage|un_coverage|hybrid_mapsto,plasmid;chromosome;ambiguous;unlabeled,NOT_PUBLISHED_IN_METADATA,IN_GFA: dp tag (Unicycler) / KC tag (SKESA),Chen2020,https://github.com/fmfi-compbio/plasgraph2-datasets/blob/06cdf1524a9d424b5eb97628be26b87f854d398a/sent-test/small2_sent-SAMN14450152-u.gfa.gz,06cdf1524a9d424b5eb97628be26b87f854d398a,LICENCE_NOT_DOCUMENTED,COMPLETE_FOR_ACCESSIONS;MISSING_STRAIN_BIOPROJECT_ASSEMBLY
small2_sent-SAMN14450152-s,small2_sent-SAMN14450152,SAMN14450152,sent-test,Salmonella enterica,NOT_IN_SOURCE_METADATA,SRR11425845,SRR11425856,nanopore,SAMN14450152,NOT_IN_SOURCE_METADATA,NOT_IN_SOURCE_METADATA,SKESA,sent-test/small2_sent-SAMN14450152-s.gfa.gz,YES,1432212,sent-test/small2_sent-SAMN14450152-s.gfa.csv,YES,14255,contig|plasmid_score|chrom_score|label|length|chr_coverage|pl_coverage|un_coverage|hybrid_mapsto,plasmid;chromosome;ambiguous;unlabeled,NOT_PUBLISHED_IN_METADATA,IN_GFA: dp tag (Unicycler) / KC tag (SKESA),Chen2020,https://github.com/fmfi-compbio/plasgraph2-datasets/blob/06cdf1524a9d424b5eb97628be26b87f854d398a/sent-test/small2_sent-SAMN14450152-s.gfa.gz,06cdf1524a9d424b5eb97628be26b87f854d398a,LICENCE_NOT_DOCUMENTED,COMPLETE_FOR_ACCESSIONS;MISSING_STRAIN_BIOPROJECT_ASSEMBLY
small2_sent-SAMN14450153-u,small2_sent-SAMN14450153,SAMN14450153,sent-test,Salmonella enterica,NOT_IN_SOURCE_METADATA,SRR11425843,SRR11425844,nanopore,SAMN14450153,NOT_IN_SOURCE_METADATA,NOT_IN_SOURCE_METADATA,Unicycler,sent-test/small2_sent-SAMN14450153-u.gfa.gz,YES,1417278,sent-test/small2_sent-SAMN14450153-u.gfa.csv,YES,7966,contig|plasmid_score|chrom_score|label|length|chr_coverage|pl_coverage|un_coverage|hybrid_mapsto,plasmid;chromosome;ambiguous;unlabeled,NOT_PUBLISHED_IN_METADATA,IN_GFA: dp tag (Unicycler) / KC tag (SKESA),Chen2020,https://github.com/fmfi-compbio/plasgraph2-datasets/blob/06cdf1524a9d424b5eb97628be26b87f854d398a/sent-test/small2_sent-SAMN14450153-u.gfa.gz,06cdf1524a9d424b5eb97628be26b87f854d398a,LICENCE_NOT_DOCUMENTED,COMPLETE_FOR_ACCESSIONS;MISSING_STRAIN_BIOPROJECT_ASSEMBLY
small2_sent-SAMN14450153-s,small2_sent-SAMN14450153,SAMN14450153,sent-test,Salmonella enterica,NOT_IN_SOURCE_METADATA,SRR11425843,SRR11425844,nanopore,SAMN14450153,NOT_IN_SOURCE_METADATA,NOT_IN_SOURCE_METADATA,SKESA,sent-test/small2_sent-SAMN14450153-s.gfa.gz,YES,1424817,sent-test/small2_sent-SAMN14450153-s.gfa.csv,YES,14762,contig|plasmid_score|chrom_score|label|length|chr_coverage|pl_coverage|un_coverage|hybrid_mapsto,plasmid;chromosome;ambiguous;unlabeled,NOT_PUBLISHED_IN_METADATA,IN_GFA: dp tag (Unicycler) / KC tag (SKESA),Chen2020,https://github.com/fmfi-compbio/plasgraph2-datasets/blob/06cdf1524a9d424b5eb97628be26b87f854d398a/sent-test/small2_sent-SAMN14450153-s.gfa.gz,06cdf1524a9d424b5eb97628be26b87f854d398a,LICENCE_NOT_DOCUMENTED,COMPLETE_FOR_ACCESSIONS;MISSING_STRAIN_BIOPROJECT_ASSEMBLY
small2_sent-SAMN14450154-u,small2_sent-SAMN14450154,SAMN14450154,sent-test,Salmonella enterica,NOT_IN_SOURCE_METADATA,SRR11425841,SRR11425842,nanopore,SAMN14450154,NOT_IN_SOURCE_METADATA,NOT_IN_SOURCE_METADATA,Unicycler,sent-test/small2_sent-SAMN14450154-u.gfa.gz,YES,1425928,sent-test/small2_sent-SAMN14450154-u.gfa.csv,YES,6942,contig|plasmid_score|chrom_score|label|length|chr_coverage|pl_coverage|un_coverage|hybrid_mapsto,plasmid;chromosome;ambiguous;unlabeled,NOT_PUBLISHED_IN_METADATA,IN_GFA: dp tag (Unicycler) / KC tag (SKESA),Chen2020,https://github.com/fmfi-compbio/plasgraph2-datasets/blob/06cdf1524a9d424b5eb97628be26b87f854d398a/sent-test/small2_sent-SAMN14450154-u.gfa.gz,06cdf1524a9d424b5eb97628be26b87f854d398a,LICENCE_NOT_DOCUMENTED,COMPLETE_FOR_ACCESSIONS;MISSING_STRAIN_BIOPROJECT_ASSEMBLY
small2_sent-SAMN14450154-s,small2_sent-SAMN14450154,SAMN14450154,sent-test,Salmonella enterica,NOT_IN_SOURCE_METADATA,SRR11425841,SRR11425842,nanopore,SAMN14450154,NOT_IN_SOURCE_METADATA,NOT_IN_SOURCE_METADATA,SKESA,sent-test/small2_sent-SAMN14450154-s.gfa.gz,YES,1432524,sent-test/small2_sent-SAMN14450154-s.gfa.csv,YES,16765,contig|plasmid_score|chrom_score|label|length|chr_coverage|pl_coverage|un_coverage|hybrid_mapsto,plasmid;chromosome;ambiguous;unlabeled,NOT_PUBLISHED_IN_METADATA,IN_GFA: dp tag (Unicycler) / KC tag (SKESA),Chen2020,https://github.com/fmfi-compbio/plasgraph2-datasets/blob/06cdf1524a9d424b5eb97628be26b87f854d398a/sent-test/small2_sent-SAMN14450154-s.gfa.gz,06cdf1524a9d424b5eb97628be26b87f854d398a,LICENCE_NOT_DOCUMENTED,COMPLETE_FOR_ACCESSIONS;MISSING_STRAIN_BIOPROJECT_ASSEMBLY
small2_sent-SAMN14450155-u,small2_sent-SAMN14450155,SAMN14450155,sent-test,Salmonella enterica,NOT_IN_SOURCE_METADATA,SRR11425887,SRR11425888,nanopore,SAMN14450155,NOT_IN_SOURCE_METADATA,NOT_IN_SOURCE_METADATA,Unicycler,sent-test/small2_sent-SAMN14450155-u.gfa.gz,YES,1446473,sent-test/small2_sent-SAMN14450155-u.gfa.csv,YES,8553,contig|plasmid_score|chrom_score|label|length|chr_coverage|pl_coverage|un_coverage|hybrid_mapsto,plasmid;chromosome;ambiguous;unlabeled,NOT_PUBLISHED_IN_METADATA,IN_GFA: dp tag (Unicycler) / KC tag (SKESA),Chen2020,https://github.com/fmfi-compbio/plasgraph2-datasets/blob/06cdf1524a9d424b5eb97628be26b87f854d398a/sent-test/small2_sent-SAMN14450155-u.gfa.gz,06cdf1524a9d424b5eb97628be26b87f854d398a,LICENCE_NOT_DOCUMENTED,COMPLETE_FOR_ACCESSIONS;MISSING_STRAIN_BIOPROJECT_ASSEMBLY
small2_sent-SAMN14450155-s,small2_sent-SAMN14450155,SAMN14450155,sent-test,Salmonella enterica,NOT_IN_SOURCE_METADATA,SRR11425887,SRR11425888,nanopore,SAMN14450155,NOT_IN_SOURCE_METADATA,NOT_IN_SOURCE_METADATA,SKESA,sent-test/small2_sent-SAMN14450155-s.gfa.gz,YES,1450198,sent-test/small2_sent-SAMN14450155-s.gfa.csv,YES,11318,contig|plasmid_score|chrom_score|label|length|chr_coverage|pl_coverage|un_coverage|hybrid_mapsto,plasmid;chromosome;ambiguous;unlabeled,NOT_PUBLISHED_IN_METADATA,IN_GFA: dp tag (Unicycler) / KC tag (SKESA),Chen2020,https://github.com/fmfi-compbio/plasgraph2-datasets/blob/06cdf1524a9d424b5eb97628be26b87f854d398a/sent-test/small2_sent-SAMN14450155-s.gfa.gz,06cdf1524a9d424b5eb97628be26b87f854d398a,LICENCE_NOT_DOCUMENTED,COMPLETE_FOR_ACCESSIONS;MISSING_STRAIN_BIOPROJECT_ASSEMBLY
small2_sent-SAMN14450156-u,small2_sent-SAMN14450156,SAMN14450156,sent-test,Salmonella enterica,NOT_IN_SOURCE_METADATA,SRR11425885,SRR11425886,nanopore,SAMN14450156,NOT_IN_SOURCE_METADATA,NOT_IN_SOURCE_METADATA,Unicycler,sent-test/small2_sent-SAMN14450156-u.gfa.gz,YES,1393161,sent-test/small2_sent-SAMN14450156-u.gfa.csv,YES,7677,contig|plasmid_score|chrom_score|label|length|chr_coverage|pl_coverage|un_coverage|hybrid_mapsto,plasmid;chromosome;ambiguous;unlabeled,NOT_PUBLISHED_IN_METADATA,IN_GFA: dp tag (Unicycler) / KC tag (SKESA),Chen2020,https://github.com/fmfi-compbio/plasgraph2-datasets/blob/06cdf1524a9d424b5eb97628be26b87f854d398a/sent-test/small2_sent-SAMN14450156-u.gfa.gz,06cdf1524a9d424b5eb97628be26b87f854d398a,LICENCE_NOT_DOCUMENTED,COMPLETE_FOR_ACCESSIONS;MISSING_STRAIN_BIOPROJECT_ASSEMBLY
small2_sent-SAMN14450156-s,small2_sent-SAMN14450156,SAMN14450156,sent-test,Salmonella enterica,NOT_IN_SOURCE_METADATA,SRR11425885,SRR11425886,nanopore,SAMN14450156,NOT_IN_SOURCE_METADATA,NOT_IN_SOURCE_METADATA,SKESA,sent-test/small2_sent-SAMN14450156-s.gfa.gz,YES,1396865,sent-test/small2_sent-SAMN14450156-s.gfa.csv,YES,10994,contig|plasmid_score|chrom_score|label|length|chr_coverage|pl_coverage|un_coverage|hybrid_mapsto,plasmid;chromosome;ambiguous;unlabeled,NOT_PUBLISHED_IN_METADATA,IN_GFA: dp tag (Unicycler) / KC tag (SKESA),Chen2020,https://github.com/fmfi-compbio/plasgraph2-datasets/blob/06cdf1524a9d424b5eb97628be26b87f854d398a/sent-test/small2_sent-SAMN14450156-s.gfa.gz,06cdf1524a9d424b5eb97628be26b87f854d398a,LICENCE_NOT_DOCUMENTED,COMPLETE_FOR_ACCESSIONS;MISSING_STRAIN_BIOPROJECT_ASSEMBLY
small2_sent-SAMN14450157-u,small2_sent-SAMN14450157,SAMN14450157,sent-test,Salmonella enterica,NOT_IN_SOURCE_METADATA,SRR11425883,SRR11425884,nanopore,SAMN14450157,NOT_IN_SOURCE_METADATA,NOT_IN_SOURCE_METADATA,Unicycler,sent-test/small2_sent-SAMN14450157-u.gfa.gz,YES,1425903,sent-test/small2_sent-SAMN14450157-u.gfa.csv,YES,6363,contig|plasmid_score|chrom_score|label|length|chr_coverage|pl_coverage|un_coverage|hybrid_mapsto,plasmid;chromosome;ambiguous;unlabeled,NOT_PUBLISHED_IN_METADATA,IN_GFA: dp tag (Unicycler) / KC tag (SKESA),Chen2020,https://github.com/fmfi-compbio/plasgraph2-datasets/blob/06cdf1524a9d424b5eb97628be26b87f854d398a/sent-test/small2_sent-SAMN14450157-u.gfa.gz,06cdf1524a9d424b5eb97628be26b87f854d398a,LICENCE_NOT_DOCUMENTED,COMPLETE_FOR_ACCESSIONS;MISSING_STRAIN_BIOPROJECT_ASSEMBLY
small2_sent-SAMN14450157-s,small2_sent-SAMN14450157,SAMN14450157,sent-test,Salmonella enterica,NOT_IN_SOURCE_METADATA,SRR11425883,SRR11425884,nanopore,SAMN14450157,NOT_IN_SOURCE_METADATA,NOT_IN_SOURCE_METADATA,SKESA,sent-test/small2_sent-SAMN14450157-s.gfa.gz,YES,1428271,sent-test/small2_sent-SAMN14450157-s.gfa.csv,YES,8306,contig|plasmid_score|chrom_score|label|length|chr_coverage|pl_coverage|un_coverage|hybrid_mapsto,plasmid;chromosome;ambiguous;unlabeled,NOT_PUBLISHED_IN_METADATA,IN_GFA: dp tag (Unicycler) / KC tag (SKESA),Chen2020,https://github.com/fmfi-compbio/plasgraph2-datasets/blob/06cdf1524a9d424b5eb97628be26b87f854d398a/sent-test/small2_sent-SAMN14450157-s.gfa.gz,06cdf1524a9d424b5eb97628be26b87f854d398a,LICENCE_NOT_DOCUMENTED,COMPLETE_FOR_ACCESSIONS;MISSING_STRAIN_BIOPROJECT_ASSEMBLY
small2_sent-SAMN14450158-u,small2_sent-SAMN14450158,SAMN14450158,sent-test,Salmonella enterica,NOT_IN_SOURCE_METADATA,SRR11425881,SRR11425882,nanopore,SAMN14450158,NOT_IN_SOURCE_METADATA,NOT_IN_SOURCE_METADATA,Unicycler,sent-test/small2_sent-SAMN14450158-u.gfa.gz,YES,1435460,sent-test/small2_sent-SAMN14450158-u.gfa.csv,YES,6899,contig|plasmid_score|chrom_score|label|length|chr_coverage|pl_coverage|un_coverage|hybrid_mapsto,plasmid;chromosome;ambiguous;unlabeled,NOT_PUBLISHED_IN_METADATA,IN_GFA: dp tag (Unicycler) / KC tag (SKESA),Chen2020,https://github.com/fmfi-compbio/plasgraph2-datasets/blob/06cdf1524a9d424b5eb97628be26b87f854d398a/sent-test/small2_sent-SAMN14450158-u.gfa.gz,06cdf1524a9d424b5eb97628be26b87f854d398a,LICENCE_NOT_DOCUMENTED,COMPLETE_FOR_ACCESSIONS;MISSING_STRAIN_BIOPROJECT_ASSEMBLY
small2_sent-SAMN14450158-s,small2_sent-SAMN14450158,SAMN14450158,sent-test,Salmonella enterica,NOT_IN_SOURCE_METADATA,SRR11425881,SRR11425882,nanopore,SAMN14450158,NOT_IN_SOURCE_METADATA,NOT_IN_SOURCE_METADATA,SKESA,sent-test/small2_sent-SAMN14450158-s.gfa.gz,YES,1442026,sent-test/small2_sent-SAMN14450158-s.gfa.csv,YES,11899,contig|plasmid_score|chrom_score|label|length|chr_coverage|pl_coverage|un_coverage|hybrid_mapsto,plasmid;chromosome;ambiguous;unlabeled,NOT_PUBLISHED_IN_METADATA,IN_GFA: dp tag (Unicycler) / KC tag (SKESA),Chen2020,https://github.com/fmfi-compbio/plasgraph2-datasets/blob/06cdf1524a9d424b5eb97628be26b87f854d398a/sent-test/small2_sent-SAMN14450158-s.gfa.gz,06cdf1524a9d424b5eb97628be26b87f854d398a,LICENCE_NOT_DOCUMENTED,COMPLETE_FOR_ACCESSIONS;MISSING_STRAIN_BIOPROJECT_ASSEMBLY
small2_sent-SAMN14450159-u,small2_sent-SAMN14450159,SAMN14450159,sent-test,Salmonella enterica,NOT_IN_SOURCE_METADATA,SRR11425879,SRR11425880,nanopore,SAMN14450159,NOT_IN_SOURCE_METADATA,NOT_IN_SOURCE_METADATA,Unicycler,sent-test/small2_sent-SAMN14450159-u.gfa.gz,YES,1381488,sent-test/small2_sent-SAMN14450159-u.gfa.csv,YES,6812,contig|plasmid_score|chrom_score|label|length|chr_coverage|pl_coverage|un_coverage|hybrid_mapsto,plasmid;chromosome;ambiguous;unlabeled,NOT_PUBLISHED_IN_METADATA,IN_GFA: dp tag (Unicycler) / KC tag (SKESA),Chen2020,https://github.com/fmfi-compbio/plasgraph2-datasets/blob/06cdf1524a9d424b5eb97628be26b87f854d398a/sent-test/small2_sent-SAMN14450159-u.gfa.gz,06cdf1524a9d424b5eb97628be26b87f854d398a,LICENCE_NOT_DOCUMENTED,COMPLETE_FOR_ACCESSIONS;MISSING_STRAIN_BIOPROJECT_ASSEMBLY
small2_sent-SAMN14450159-s,small2_sent-SAMN14450159,SAMN14450159,sent-test,Salmonella enterica,NOT_IN_SOURCE_METADATA,SRR11425879,SRR11425880,nanopore,SAMN14450159,NOT_IN_SOURCE_METADATA,NOT_IN_SOURCE_METADATA,SKESA,sent-test/small2_sent-SAMN14450159-s.gfa.gz,YES,1399526,sent-test/small2_sent-SAMN14450159-s.gfa.csv,YES,9364,contig|plasmid_score|chrom_score|label|length|chr_coverage|pl_coverage|un_coverage|hybrid_mapsto,plasmid;chromosome;ambiguous;unlabeled,NOT_PUBLISHED_IN_METADATA,IN_GFA: dp tag (Unicycler) / KC tag (SKESA),Chen2020,https://github.com/fmfi-compbio/plasgraph2-datasets/blob/06cdf1524a9d424b5eb97628be26b87f854d398a/sent-test/small2_sent-SAMN14450159-s.gfa.gz,06cdf1524a9d424b5eb97628be26b87f854d398a,LICENCE_NOT_DOCUMENTED,COMPLETE_FOR_ACCESSIONS;MISSING_STRAIN_BIOPROJECT_ASSEMBLY
small2_sent-SAMN14450160-u,small2_sent-SAMN14450160,SAMN14450160,sent-test,Salmonella enterica,NOT_IN_SOURCE_METADATA,SRR11425876,SRR11425877,nanopore,SAMN14450160,NOT_IN_SOURCE_METADATA,NOT_IN_SOURCE_METADATA,Unicycler,sent-test/small2_sent-SAMN14450160-u.gfa.gz,YES,1406800,sent-test/small2_sent-SAMN14450160-u.gfa.csv,YES,9163,contig|plasmid_score|chrom_score|label|length|chr_coverage|pl_coverage|un_coverage|hybrid_mapsto,plasmid;chromosome;ambiguous;unlabeled,NOT_PUBLISHED_IN_METADATA,IN_GFA: dp tag (Unicycler) / KC tag (SKESA),Chen2020,https://github.com/fmfi-compbio/plasgraph2-datasets/blob/06cdf1524a9d424b5eb97628be26b87f854d398a/sent-test/small2_sent-SAMN14450160-u.gfa.gz,06cdf1524a9d424b5eb97628be26b87f854d398a,LICENCE_NOT_DOCUMENTED,COMPLETE_FOR_ACCESSIONS;MISSING_STRAIN_BIOPROJECT_ASSEMBLY
small2_sent-SAMN14450160-s,small2_sent-SAMN14450160,SAMN14450160,sent-test,Salmonella enterica,NOT_IN_SOURCE_METADATA,SRR11425876,SRR11425877,nanopore,SAMN14450160,NOT_IN_SOURCE_METADATA,NOT_IN_SOURCE_METADATA,SKESA,sent-test/small2_sent-SAMN14450160-s.gfa.gz,YES,1409791,sent-test/small2_sent-SAMN14450160-s.gfa.csv,YES,14068,contig|plasmid_score|chrom_score|label|length|chr_coverage|pl_coverage|un_coverage|hybrid_mapsto,plasmid;chromosome;ambiguous;unlabeled,NOT_PUBLISHED_IN_METADATA,IN_GFA: dp tag (Unicycler) / KC tag (SKESA),Chen2020,https://github.com/fmfi-compbio/plasgraph2-datasets/blob/06cdf1524a9d424b5eb97628be26b87f854d398a/sent-test/small2_sent-SAMN14450160-s.gfa.gz,06cdf1524a9d424b5eb97628be26b87f854d398a,LICENCE_NOT_DOCUMENTED,COMPLETE_FOR_ACCESSIONS;MISSING_STRAIN_BIOPROJECT_ASSEMBLY
small2_sent-SAMN14450161-u,small2_sent-SAMN14450161,SAMN14450161,sent-test,Salmonella enterica,NOT_IN_SOURCE_METADATA,SRR11425874,SRR11425875,nanopore,SAMN14450161,NOT_IN_SOURCE_METADATA,NOT_IN_SOURCE_METADATA,Unicycler,sent-test/small2_sent-SAMN14450161-u.gfa.gz,YES,1506927,sent-test/small2_sent-SAMN14450161-u.gfa.csv,YES,6414,contig|plasmid_score|chrom_score|label|length|chr_coverage|pl_coverage|un_coverage|hybrid_mapsto,plasmid;chromosome;ambiguous;unlabeled,NOT_PUBLISHED_IN_METADATA,IN_GFA: dp tag (Unicycler) / KC tag (SKESA),Chen2020,https://github.com/fmfi-compbio/plasgraph2-datasets/blob/06cdf1524a9d424b5eb97628be26b87f854d398a/sent-test/small2_sent-SAMN14450161-u.gfa.gz,06cdf1524a9d424b5eb97628be26b87f854d398a,LICENCE_NOT_DOCUMENTED,COMPLETE_FOR_ACCESSIONS;MISSING_STRAIN_BIOPROJECT_ASSEMBLY
small2_sent-SAMN14450161-s,small2_sent-SAMN14450161,SAMN14450161,sent-test,Salmonella enterica,NOT_IN_SOURCE_METADATA,SRR11425874,SRR11425875,nanopore,SAMN14450161,NOT_IN_SOURCE_METADATA,NOT_IN_SOURCE_METADATA,SKESA,sent-test/small2_sent-SAMN14450161-s.gfa.gz,YES,1513015,sent-test/small2_sent-SAMN14450161-s.gfa.csv,YES,10181,contig|plasmid_score|chrom_score|label|length|chr_coverage|pl_coverage|un_coverage|hybrid_mapsto,plasmid;chromosome;ambiguous;unlabeled,NOT_PUBLISHED_IN_METADATA,IN_GFA: dp tag (Unicycler) / KC tag (SKESA),Chen2020,https://github.com/fmfi-compbio/plasgraph2-datasets/blob/06cdf1524a9d424b5eb97628be26b87f854d398a/sent-test/small2_sent-SAMN14450161-s.gfa.gz,06cdf1524a9d424b5eb97628be26b87f854d398a,LICENCE_NOT_DOCUMENTED,COMPLETE_FOR_ACCESSIONS;MISSING_STRAIN_BIOPROJECT_ASSEMBLY
small2_sent-SAMN14450162-u,small2_sent-SAMN14450162,SAMN14450162,sent-test,Salmonella enterica,NOT_IN_SOURCE_METADATA,SRR11425872,SRR11425873,nanopore,SAMN14450162,NOT_IN_SOURCE_METADATA,NOT_IN_SOURCE_METADATA,Unicycler,sent-test/small2_sent-SAMN14450162-u.gfa.gz,YES,1506009,sent-test/small2_sent-SAMN14450162-u.gfa.csv,YES,6785,contig|plasmid_score|chrom_score|label|length|chr_coverage|pl_coverage|un_coverage|hybrid_mapsto,plasmid;chromosome;ambiguous;unlabeled,NOT_PUBLISHED_IN_METADATA,IN_GFA: dp tag (Unicycler) / KC tag (SKESA),Chen2020,https://github.com/fmfi-compbio/plasgraph2-datasets/blob/06cdf1524a9d424b5eb97628be26b87f854d398a/sent-test/small2_sent-SAMN14450162-u.gfa.gz,06cdf1524a9d424b5eb97628be26b87f854d398a,LICENCE_NOT_DOCUMENTED,COMPLETE_FOR_ACCESSIONS;MISSING_STRAIN_BIOPROJECT_ASSEMBLY
small2_sent-SAMN14450162-s,small2_sent-SAMN14450162,SAMN14450162,sent-test,Salmonella enterica,NOT_IN_SOURCE_METADATA,SRR11425872,SRR11425873,nanopore,SAMN14450162,NOT_IN_SOURCE_METADATA,NOT_IN_SOURCE_METADATA,SKESA,sent-test/small2_sent-SAMN14450162-s.gfa.gz,YES,1507431,sent-test/small2_sent-SAMN14450162-s.gfa.csv,YES,7840,contig|plasmid_score|chrom_score|label|length|chr_coverage|pl_coverage|un_coverage|hybrid_mapsto,plasmid;chromosome;ambiguous;unlabeled,NOT_PUBLISHED_IN_METADATA,IN_GFA: dp tag (Unicycler) / KC tag (SKESA),Chen2020,https://github.com/fmfi-compbio/plasgraph2-datasets/blob/06cdf1524a9d424b5eb97628be26b87f854d398a/sent-test/small2_sent-SAMN14450162-s.gfa.gz,06cdf1524a9d424b5eb97628be26b87f854d398a,LICENCE_NOT_DOCUMENTED,COMPLETE_FOR_ACCESSIONS;MISSING_STRAIN_BIOPROJECT_ASSEMBLY
small2_sent-SAMN14450163-u,small2_sent-SAMN14450163,SAMN14450163,sent-test,Salmonella enterica,NOT_IN_SOURCE_METADATA,SRR11425870,SRR11425871,nanopore,SAMN14450163,NOT_IN_SOURCE_METADATA,NOT_IN_SOURCE_METADATA,Unicycler,sent-test/small2_sent-SAMN14450163-u.gfa.gz,YES,1470892,sent-test/small2_sent-SAMN14450163-u.gfa.csv,YES,6863,contig|plasmid_score|chrom_score|label|length|chr_coverage|pl_coverage|un_coverage|hybrid_mapsto,plasmid;chromosome;ambiguous;unlabeled,NOT_PUBLISHED_IN_METADATA,IN_GFA: dp tag (Unicycler) / KC tag (SKESA),Chen2020,https://github.com/fmfi-compbio/plasgraph2-datasets/blob/06cdf1524a9d424b5eb97628be26b87f854d398a/sent-test/small2_sent-SAMN14450163-u.gfa.gz,06cdf1524a9d424b5eb97628be26b87f854d398a,LICENCE_NOT_DOCUMENTED,COMPLETE_FOR_ACCESSIONS;MISSING_STRAIN_BIOPROJECT_ASSEMBLY
small2_sent-SAMN14450163-s,small2_sent-SAMN14450163,SAMN14450163,sent-test,Salmonella enterica,NOT_IN_SOURCE_METADATA,SRR11425870,SRR11425871,nanopore,SAMN14450163,NOT_IN_SOURCE_METADATA,NOT_IN_SOURCE_METADATA,SKESA,sent-test/small2_sent-SAMN14450163-s.gfa.gz,YES,1490158,sent-test/small2_sent-SAMN14450163-s.gfa.csv,YES,12104,contig|plasmid_score|chrom_score|label|length|chr_coverage|pl_coverage|un_coverage|hybrid_mapsto,plasmid;chromosome;ambiguous;unlabeled,NOT_PUBLISHED_IN_METADATA,IN_GFA: dp tag (Unicycler) / KC tag (SKESA),Chen2020,https://github.com/fmfi-compbio/plasgraph2-datasets/blob/06cdf1524a9d424b5eb97628be26b87f854d398a/sent-test/small2_sent-SAMN14450163-s.gfa.gz,06cdf1524a9d424b5eb97628be26b87f854d398a,LICENCE_NOT_DOCUMENTED,COMPLETE_FOR_ACCESSIONS;MISSING_STRAIN_BIOPROJECT_ASSEMBLY
small2_sent-SAMN14450164-u,small2_sent-SAMN14450164,SAMN14450164,sent-test,Salmonella enterica,NOT_IN_SOURCE_METADATA,SRR11425868,SRR11425869,nanopore,SAMN14450164,NOT_IN_SOURCE_METADATA,NOT_IN_SOURCE_METADATA,Unicycler,sent-test/small2_sent-SAMN14450164-u.gfa.gz,YES,1482370,sent-test/small2_sent-SAMN14450164-u.gfa.csv,YES,7719,contig|plasmid_score|chrom_score|label|length|chr_coverage|pl_coverage|un_coverage|hybrid_mapsto,plasmid;chromosome;ambiguous;unlabeled,NOT_PUBLISHED_IN_METADATA,IN_GFA: dp tag (Unicycler) / KC tag (SKESA),Chen2020,https://github.com/fmfi-compbio/plasgraph2-datasets/blob/06cdf1524a9d424b5eb97628be26b87f854d398a/sent-test/small2_sent-SAMN14450164-u.gfa.gz,06cdf1524a9d424b5eb97628be26b87f854d398a,LICENCE_NOT_DOCUMENTED,COMPLETE_FOR_ACCESSIONS;MISSING_STRAIN_BIOPROJECT_ASSEMBLY
small2_sent-SAMN14450164-s,small2_sent-SAMN14450164,SAMN14450164,sent-test,Salmonella enterica,NOT_IN_SOURCE_METADATA,SRR11425868,SRR11425869,nanopore,SAMN14450164,NOT_IN_SOURCE_METADATA,NOT_IN_SOURCE_METADATA,SKESA,sent-test/small2_sent-SAMN14450164-s.gfa.gz,YES,1489439,sent-test/small2_sent-SAMN14450164-s.gfa.csv,YES,15303,contig|plasmid_score|chrom_score|label|length|chr_coverage|pl_coverage|un_coverage|hybrid_mapsto,plasmid;chromosome;ambiguous;unlabeled,NOT_PUBLISHED_IN_METADATA,IN_GFA: dp tag (Unicycler) / KC tag (SKESA),Chen2020,https://github.com/fmfi-compbio/plasgraph2-datasets/blob/06cdf1524a9d424b5eb97628be26b87f854d398a/sent-test/small2_sent-SAMN14450164-s.gfa.gz,06cdf1524a9d424b5eb97628be26b87f854d398a,LICENCE_NOT_DOCUMENTED,COMPLETE_FOR_ACCESSIONS;MISSING_STRAIN_BIOPROJECT_ASSEMBLY
small2_sent-SAMN14450165-u,small2_sent-SAMN14450165,SAMN14450165,sent-test,Salmonella enterica,NOT_IN_SOURCE_METADATA,SRR11425865,SRR11425866,nanopore,SAMN14450165,NOT_IN_SOURCE_METADATA,NOT_IN_SOURCE_METADATA,Unicycler,sent-test/small2_sent-SAMN14450165-u.gfa.gz,YES,1475738,sent-test/small2_sent-SAMN14450165-u.gfa.csv,YES,8026,contig|plasmid_score|chrom_score|label|length|chr_coverage|pl_coverage|un_coverage|hybrid_mapsto,plasmid;chromosome;ambiguous;unlabeled,NOT_PUBLISHED_IN_METADATA,IN_GFA: dp tag (Unicycler) / KC tag (SKESA),Chen2020,https://github.com/fmfi-compbio/plasgraph2-datasets/blob/06cdf1524a9d424b5eb97628be26b87f854d398a/sent-test/small2_sent-SAMN14450165-u.gfa.gz,06cdf1524a9d424b5eb97628be26b87f854d398a,LICENCE_NOT_DOCUMENTED,COMPLETE_FOR_ACCESSIONS;MISSING_STRAIN_BIOPROJECT_ASSEMBLY
small2_sent-SAMN14450165-s,small2_sent-SAMN14450165,SAMN14450165,sent-test,Salmonella enterica,NOT_IN_SOURCE_METADATA,SRR11425865,SRR11425866,nanopore,SAMN14450165,NOT_IN_SOURCE_METADATA,NOT_IN_SOURCE_METADATA,SKESA,sent-test/small2_sent-SAMN14450165-s.gfa.gz,YES,1483575,sent-test/small2_sent-SAMN14450165-s.gfa.csv,YES,15905,contig|plasmid_score|chrom_score|label|length|chr_coverage|pl_coverage|un_coverage|hybrid_mapsto,plasmid;chromosome;ambiguous;unlabeled,NOT_PUBLISHED_IN_METADATA,IN_GFA: dp tag (Unicycler) / KC tag (SKESA),Chen2020,https://github.com/fmfi-compbio/plasgraph2-datasets/blob/06cdf1524a9d424b5eb97628be26b87f854d398a/sent-test/small2_sent-SAMN14450165-s.gfa.gz,06cdf1524a9d424b5eb97628be26b87f854d398a,LICENCE_NOT_DOCUMENTED,COMPLETE_FOR_ACCESSIONS;MISSING_STRAIN_BIOPROJECT_ASSEMBLY
small2_sent-SAMN14450166-u,small2_sent-SAMN14450166,SAMN14450166,sent-test,Salmonella enterica,NOT_IN_SOURCE_METADATA,SRR11425863,SRR11425864,nanopore,SAMN14450166,NOT_IN_SOURCE_METADATA,NOT_IN_SOURCE_METADATA,Unicycler,sent-test/small2_sent-SAMN14450166-u.gfa.gz,YES,1478622,sent-test/small2_sent-SAMN14450166-u.gfa.csv,YES,4431,contig|plasmid_score|chrom_score|label|length|chr_coverage|pl_coverage|un_coverage|hybrid_mapsto,plasmid;chromosome;ambiguous;unlabeled,NOT_PUBLISHED_IN_METADATA,IN_GFA: dp tag (Unicycler) / KC tag (SKESA),Chen2020,https://github.com/fmfi-compbio/plasgraph2-datasets/blob/06cdf1524a9d424b5eb97628be26b87f854d398a/sent-test/small2_sent-SAMN14450166-u.gfa.gz,06cdf1524a9d424b5eb97628be26b87f854d398a,LICENCE_NOT_DOCUMENTED,COMPLETE_FOR_ACCESSIONS;MISSING_STRAIN_BIOPROJECT_ASSEMBLY
small2_sent-SAMN14450166-s,small2_sent-SAMN14450166,SAMN14450166,sent-test,Salmonella enterica,NOT_IN_SOURCE_METADATA,SRR11425863,SRR11425864,nanopore,SAMN14450166,NOT_IN_SOURCE_METADATA,NOT_IN_SOURCE_METADATA,SKESA,sent-test/small2_sent-SAMN14450166-s.gfa.gz,YES,1505480,sent-test/small2_sent-SAMN14450166-s.gfa.csv,YES,32557,contig|plasmid_score|chrom_score|label|length|chr_coverage|pl_coverage|un_coverage|hybrid_mapsto,plasmid;chromosome;ambiguous;unlabeled,NOT_PUBLISHED_IN_METADATA,IN_GFA: dp tag (Unicycler) / KC tag (SKESA),Chen2020,https://github.com/fmfi-compbio/plasgraph2-datasets/blob/06cdf1524a9d424b5eb97628be26b87f854d398a/sent-test/small2_sent-SAMN14450166-s.gfa.gz,06cdf1524a9d424b5eb97628be26b87f854d398a,LICENCE_NOT_DOCUMENTED,COMPLETE_FOR_ACCESSIONS;MISSING_STRAIN_BIOPROJECT_ASSEMBLY
small2_sent-SAMN14450167-u,small2_sent-SAMN14450167,SAMN14450167,sent-test,Salmonella enterica,NOT_IN_SOURCE_METADATA,SRR11425861,SRR11425862,nanopore,SAMN14450167,NOT_IN_SOURCE_METADATA,NOT_IN_SOURCE_METADATA,Unicycler,sent-test/small2_sent-SAMN14450167-u.gfa.gz,YES,1492132,sent-test/small2_sent-SAMN14450167-u.gfa.csv,YES,5757,contig|plasmid_score|chrom_score|label|length|chr_coverage|pl_coverage|un_coverage|hybrid_mapsto,plasmid;chromosome;ambiguous;unlabeled,NOT_PUBLISHED_IN_METADATA,IN_GFA: dp tag (Unicycler) / KC tag (SKESA),Chen2020,https://github.com/fmfi-compbio/plasgraph2-datasets/blob/06cdf1524a9d424b5eb97628be26b87f854d398a/sent-test/small2_sent-SAMN14450167-u.gfa.gz,06cdf1524a9d424b5eb97628be26b87f854d398a,LICENCE_NOT_DOCUMENTED,COMPLETE_FOR_ACCESSIONS;MISSING_STRAIN_BIOPROJECT_ASSEMBLY
small2_sent-SAMN14450167-s,small2_sent-SAMN14450167,SAMN14450167,sent-test,Salmonella enterica,NOT_IN_SOURCE_METADATA,SRR11425861,SRR11425862,nanopore,SAMN14450167,NOT_IN_SOURCE_METADATA,NOT_IN_SOURCE_METADATA,SKESA,sent-test/small2_sent-SAMN14450167-s.gfa.gz,YES,1495396,sent-test/small2_sent-SAMN14450167-s.gfa.csv,YES,7796,contig|plasmid_score|chrom_score|label|length|chr_coverage|pl_coverage|un_coverage|hybrid_mapsto,plasmid;chromosome;ambiguous;unlabeled,NOT_PUBLISHED_IN_METADATA,IN_GFA: dp tag (Unicycler) / KC tag (SKESA),Chen2020,https://github.com/fmfi-compbio/plasgraph2-datasets/blob/06cdf1524a9d424b5eb97628be26b87f854d398a/sent-test/small2_sent-SAMN14450167-s.gfa.gz,06cdf1524a9d424b5eb97628be26b87f854d398a,LICENCE_NOT_DOCUMENTED,COMPLETE_FOR_ACCESSIONS;MISSING_STRAIN_BIOPROJECT_ASSEMBLY
small2_sent-SAMN14450168-u,small2_sent-SAMN14450168,SAMN14450168,sent-test,Salmonella enterica,NOT_IN_SOURCE_METADATA,SRR11425859,SRR11425860,nanopore,SAMN14450168,NOT_IN_SOURCE_METADATA,NOT_IN_SOURCE_METADATA,Unicycler,sent-test/small2_sent-SAMN14450168-u.gfa.gz,YES,1467869,sent-test/small2_sent-SAMN14450168-u.gfa.csv,YES,7357,contig|plasmid_score|chrom_score|label|length|chr_coverage|pl_coverage|un_coverage|hybrid_mapsto,plasmid;chromosome;ambiguous;unlabeled,NOT_PUBLISHED_IN_METADATA,IN_GFA: dp tag (Unicycler) / KC tag (SKESA),Chen2020,https://github.com/fmfi-compbio/plasgraph2-datasets/blob/06cdf1524a9d424b5eb97628be26b87f854d398a/sent-test/small2_sent-SAMN14450168-u.gfa.gz,06cdf1524a9d424b5eb97628be26b87f854d398a,LICENCE_NOT_DOCUMENTED,COMPLETE_FOR_ACCESSIONS;MISSING_STRAIN_BIOPROJECT_ASSEMBLY
small2_sent-SAMN14450168-s,small2_sent-SAMN14450168,SAMN14450168,sent-test,Salmonella enterica,NOT_IN_SOURCE_METADATA,SRR11425859,SRR11425860,nanopore,SAMN14450168,NOT_IN_SOURCE_METADATA,NOT_IN_SOURCE_METADATA,SKESA,sent-test/small2_sent-SAMN14450168-s.gfa.gz,YES,1476037,sent-test/small2_sent-SAMN14450168-s.gfa.csv,YES,19772,contig|plasmid_score|chrom_score|label|length|chr_coverage|pl_coverage|un_coverage|hybrid_mapsto,plasmid;chromosome;ambiguous;unlabeled,NOT_PUBLISHED_IN_METADATA,IN_GFA: dp tag (Unicycler) / KC tag (SKESA),Chen2020,https://github.com/fmfi-compbio/plasgraph2-datasets/blob/06cdf1524a9d424b5eb97628be26b87f854d398a/sent-test/small2_sent-SAMN14450168-s.gfa.gz,06cdf1524a9d424b5eb97628be26b87f854d398a,LICENCE_NOT_DOCUMENTED,COMPLETE_FOR_ACCESSIONS;MISSING_STRAIN_BIOPROJECT_ASSEMBLY
small2_sent-SAMN14450169-u,small2_sent-SAMN14450169,SAMN14450169,sent-test,Salmonella enterica,NOT_IN_SOURCE_METADATA,SRR11425857,SRR11425858,nanopore,SAMN14450169,NOT_IN_SOURCE_METADATA,NOT_IN_SOURCE_METADATA,Unicycler,sent-test/small2_sent-SAMN14450169-u.gfa.gz,YES,1382777,sent-test/small2_sent-SAMN14450169-u.gfa.csv,YES,3372,contig|plasmid_score|chrom_score|label|length|chr_coverage|pl_coverage|un_coverage|hybrid_mapsto,plasmid;chromosome;ambiguous;unlabeled,NOT_PUBLISHED_IN_METADATA,IN_GFA: dp tag (Unicycler) / KC tag (SKESA),Chen2020,https://github.com/fmfi-compbio/plasgraph2-datasets/blob/06cdf1524a9d424b5eb97628be26b87f854d398a/sent-test/small2_sent-SAMN14450169-u.gfa.gz,06cdf1524a9d424b5eb97628be26b87f854d398a,LICENCE_NOT_DOCUMENTED,COMPLETE_FOR_ACCESSIONS;MISSING_STRAIN_BIOPROJECT_ASSEMBLY
small2_sent-SAMN14450169-s,small2_sent-SAMN14450169,SAMN14450169,sent-test,Salmonella enterica,NOT_IN_SOURCE_METADATA,SRR11425857,SRR11425858,nanopore,SAMN14450169,NOT_IN_SOURCE_METADATA,NOT_IN_SOURCE_METADATA,SKESA,sent-test/small2_sent-SAMN14450169-s.gfa.gz,YES,1397699,sent-test/small2_sent-SAMN14450169-s.gfa.csv,YES,6180,contig|plasmid_score|chrom_score|label|length|chr_coverage|pl_coverage|un_coverage|hybrid_mapsto,plasmid;chromosome;ambiguous;unlabeled,NOT_PUBLISHED_IN_METADATA,IN_GFA: dp tag (Unicycler) / KC tag (SKESA),Chen2020,https://github.com/fmfi-compbio/plasgraph2-datasets/blob/06cdf1524a9d424b5eb97628be26b87f854d398a/sent-test/small2_sent-SAMN14450169-s.gfa.gz,06cdf1524a9d424b5eb97628be26b87f854d398a,LICENCE_NOT_DOCUMENTED,COMPLETE_FOR_ACCESSIONS;MISSING_STRAIN_BIOPROJECT_ASSEMBLY
small2_sent-SAMN14450170-u,small2_sent-SAMN14450170,SAMN14450170,sent-test,Salmonella enterica,NOT_IN_SOURCE_METADATA,SRR11425854,SRR11425855,nanopore,SAMN14450170,NOT_IN_SOURCE_METADATA,NOT_IN_SOURCE_METADATA,Unicycler,sent-test/small2_sent-SAMN14450170-u.gfa.gz,YES,1377589,sent-test/small2_sent-SAMN14450170-u.gfa.csv,YES,2784,contig|plasmid_score|chrom_score|label|length|chr_coverage|pl_coverage|un_coverage|hybrid_mapsto,plasmid;chromosome;ambiguous;unlabeled,NOT_PUBLISHED_IN_METADATA,IN_GFA: dp tag (Unicycler) / KC tag (SKESA),Chen2020,https://github.com/fmfi-compbio/plasgraph2-datasets/blob/06cdf1524a9d424b5eb97628be26b87f854d398a/sent-test/small2_sent-SAMN14450170-u.gfa.gz,06cdf1524a9d424b5eb97628be26b87f854d398a,LICENCE_NOT_DOCUMENTED,COMPLETE_FOR_ACCESSIONS;MISSING_STRAIN_BIOPROJECT_ASSEMBLY
small2_sent-SAMN14450170-s,small2_sent-SAMN14450170,SAMN14450170,sent-test,Salmonella enterica,NOT_IN_SOURCE_METADATA,SRR11425854,SRR11425855,nanopore,SAMN14450170,NOT_IN_SOURCE_METADATA,NOT_IN_SOURCE_METADATA,SKESA,sent-test/small2_sent-SAMN14450170-s.gfa.gz,YES,1380218,sent-test/small2_sent-SAMN14450170-s.gfa.csv,YES,4984,contig|plasmid_score|chrom_score|label|length|chr_coverage|pl_coverage|un_coverage|hybrid_mapsto,plasmid;chromosome;ambiguous;unlabeled,NOT_PUBLISHED_IN_METADATA,IN_GFA: dp tag (Unicycler) / KC tag (SKESA),Chen2020,https://github.com/fmfi-compbio/plasgraph2-datasets/blob/06cdf1524a9d424b5eb97628be26b87f854d398a/sent-test/small2_sent-SAMN14450170-s.gfa.gz,06cdf1524a9d424b5eb97628be26b87f854d398a,LICENCE_NOT_DOCUMENTED,COMPLETE_FOR_ACCESSIONS;MISSING_STRAIN_BIOPROJECT_ASSEMBLY
small2_sent-SAMN14450171-u,small2_sent-SAMN14450171,SAMN14450171,sent-test,Salmonella enterica,NOT_IN_SOURCE_METADATA,SRR11425852,SRR11425853,nanopore,SAMN14450171,NOT_IN_SOURCE_METADATA,NOT_IN_SOURCE_METADATA,Unicycler,sent-test/small2_sent-SAMN14450171-u.gfa.gz,YES,1387346,sent-test/small2_sent-SAMN14450171-u.gfa.csv,YES,3807,contig|plasmid_score|chrom_score|label|length|chr_coverage|pl_coverage|un_coverage|hybrid_mapsto,plasmid;chromosome;ambiguous;unlabeled,NOT_PUBLISHED_IN_METADATA,IN_GFA: dp tag (Unicycler) / KC tag (SKESA),Chen2020,https://github.com/fmfi-compbio/plasgraph2-datasets/blob/06cdf1524a9d424b5eb97628be26b87f854d398a/sent-test/small2_sent-SAMN14450171-u.gfa.gz,06cdf1524a9d424b5eb97628be26b87f854d398a,LICENCE_NOT_DOCUMENTED,COMPLETE_FOR_ACCESSIONS;MISSING_STRAIN_BIOPROJECT_ASSEMBLY
small2_sent-SAMN14450171-s,small2_sent-SAMN14450171,SAMN14450171,sent-test,Salmonella enterica,NOT_IN_SOURCE_METADATA,SRR11425852,SRR11425853,nanopore,SAMN14450171,NOT_IN_SOURCE_METADATA,NOT_IN_SOURCE_METADATA,SKESA,sent-test/small2_sent-SAMN14450171-s.gfa.gz,YES,1392181,sent-test/small2_sent-SAMN14450171-s.gfa.csv,YES,7206,contig|plasmid_score|chrom_score|label|length|chr_coverage|pl_coverage|un_coverage|hybrid_mapsto,plasmid;chromosome;ambiguous;unlabeled,NOT_PUBLISHED_IN_METADATA,IN_GFA: dp tag (Unicycler) / KC tag (SKESA),Chen2020,https://github.com/fmfi-compbio/plasgraph2-datasets/blob/06cdf1524a9d424b5eb97628be26b87f854d398a/sent-test/small2_sent-SAMN14450171-s.gfa.gz,06cdf1524a9d424b5eb97628be26b87f854d398a,LICENCE_NOT_DOCUMENTED,COMPLETE_FOR_ACCESSIONS;MISSING_STRAIN_BIOPROJECT_ASSEMBLY
small2_sent-SAMN14450172-u,small2_sent-SAMN14450172,SAMN14450172,sent-test,Salmonella enterica,NOT_IN_SOURCE_METADATA,SRR11425850,SRR11425851,nanopore,SAMN14450172,NOT_IN_SOURCE_METADATA,NOT_IN_SOURCE_METADATA,Unicycler,sent-test/small2_sent-SAMN14450172-u.gfa.gz,YES,1391041,sent-test/small2_sent-SAMN14450172-u.gfa.csv,YES,2638,contig|plasmid_score|chrom_score|label|length|chr_coverage|pl_coverage|un_coverage|hybrid_mapsto,plasmid;chromosome;ambiguous;unlabeled,NOT_PUBLISHED_IN_METADATA,IN_GFA: dp tag (Unicycler) / KC tag (SKESA),Chen2020,https://github.com/fmfi-compbio/plasgraph2-datasets/blob/06cdf1524a9d424b5eb97628be26b87f854d398a/sent-test/small2_sent-SAMN14450172-u.gfa.gz,06cdf1524a9d424b5eb97628be26b87f854d398a,LICENCE_NOT_DOCUMENTED,COMPLETE_FOR_ACCESSIONS;MISSING_STRAIN_BIOPROJECT_ASSEMBLY
small2_sent-SAMN14450172-s,small2_sent-SAMN14450172,SAMN14450172,sent-test,Salmonella enterica,NOT_IN_SOURCE_METADATA,SRR11425850,SRR11425851,nanopore,SAMN14450172,NOT_IN_SOURCE_METADATA,NOT_IN_SOURCE_METADATA,SKESA,sent-test/small2_sent-SAMN14450172-s.gfa.gz,YES,1394104,sent-test/small2_sent-SAMN14450172-s.gfa.csv,YES,5865,contig|plasmid_score|chrom_score|label|length|chr_coverage|pl_coverage|un_coverage|hybrid_mapsto,plasmid;chromosome;ambiguous;unlabeled,NOT_PUBLISHED_IN_METADATA,IN_GFA: dp tag (Unicycler) / KC tag (SKESA),Chen2020,https://github.com/fmfi-compbio/plasgraph2-datasets/blob/06cdf1524a9d424b5eb97628be26b87f854d398a/sent-test/small2_sent-SAMN14450172-s.gfa.gz,06cdf1524a9d424b5eb97628be26b87f854d398a,LICENCE_NOT_DOCUMENTED,COMPLETE_FOR_ACCESSIONS;MISSING_STRAIN_BIOPROJECT_ASSEMBLY
small2_sent-SAMN14450173-u,small2_sent-SAMN14450173,SAMN14450173,sent-test,Salmonella enterica,NOT_IN_SOURCE_METADATA,SRR11425848,SRR11425849,nanopore,SAMN14450173,NOT_IN_SOURCE_METADATA,NOT_IN_SOURCE_METADATA,Unicycler,sent-test/small2_sent-SAMN14450173-u.gfa.gz,YES,1385969,sent-test/small2_sent-SAMN14450173-u.gfa.csv,YES,2594,contig|plasmid_score|chrom_score|label|length|chr_coverage|pl_coverage|un_coverage|hybrid_mapsto,plasmid;chromosome;ambiguous;unlabeled,NOT_PUBLISHED_IN_METADATA,IN_GFA: dp tag (Unicycler) / KC tag (SKESA),Chen2020,https://github.com/fmfi-compbio/plasgraph2-datasets/blob/06cdf1524a9d424b5eb97628be26b87f854d398a/sent-test/small2_sent-SAMN14450173-u.gfa.gz,06cdf1524a9d424b5eb97628be26b87f854d398a,LICENCE_NOT_DOCUMENTED,COMPLETE_FOR_ACCESSIONS;MISSING_STRAIN_BIOPROJECT_ASSEMBLY
small2_sent-SAMN14450173-s,small2_sent-SAMN14450173,SAMN14450173,sent-test,Salmonella enterica,NOT_IN_SOURCE_METADATA,SRR11425848,SRR11425849,nanopore,SAMN14450173,NOT_IN_SOURCE_METADATA,NOT_IN_SOURCE_METADATA,SKESA,sent-test/small2_sent-SAMN14450173-s.gfa.gz,YES,1388563,sent-test/small2_sent-SAMN14450173-s.gfa.csv,YES,5180,contig|plasmid_score|chrom_score|label|length|chr_coverage|pl_coverage|un_coverage|hybrid_mapsto,plasmid;chromosome;ambiguous;unlabeled,NOT_PUBLISHED_IN_METADATA,IN_GFA: dp tag (Unicycler) / KC tag (SKESA),Chen2020,https://github.com/fmfi-compbio/plasgraph2-datasets/blob/06cdf1524a9d424b5eb97628be26b87f854d398a/sent-test/small2_sent-SAMN14450173-s.gfa.gz,06cdf1524a9d424b5eb97628be26b87f854d398a,LICENCE_NOT_DOCUMENTED,COMPLETE_FOR_ACCESSIONS;MISSING_STRAIN_BIOPROJECT_ASSEMBLY
small2_sent-SAMN14450174-u,small2_sent-SAMN14450174,SAMN14450174,sent-test,Salmonella enterica,NOT_IN_SOURCE_METADATA,SRR11425846,SRR11425847,nanopore,SAMN14450174,NOT_IN_SOURCE_METADATA,NOT_IN_SOURCE_METADATA,Unicycler,sent-test/small2_sent-SAMN14450174-u.gfa.gz,YES,1390747,sent-test/small2_sent-SAMN14450174-u.gfa.csv,YES,3156,contig|plasmid_score|chrom_score|label|length|chr_coverage|pl_coverage|un_coverage|hybrid_mapsto,plasmid;chromosome;ambiguous;unlabeled,NOT_PUBLISHED_IN_METADATA,IN_GFA: dp tag (Unicycler) / KC tag (SKESA),Chen2020,https://github.com/fmfi-compbio/plasgraph2-datasets/blob/06cdf1524a9d424b5eb97628be26b87f854d398a/sent-test/small2_sent-SAMN14450174-u.gfa.gz,06cdf1524a9d424b5eb97628be26b87f854d398a,LICENCE_NOT_DOCUMENTED,COMPLETE_FOR_ACCESSIONS;MISSING_STRAIN_BIOPROJECT_ASSEMBLY
small2_sent-SAMN14450174-s,small2_sent-SAMN14450174,SAMN14450174,sent-test,Salmonella enterica,NOT_IN_SOURCE_METADATA,SRR11425846,SRR11425847,nanopore,SAMN14450174,NOT_IN_SOURCE_METADATA,NOT_IN_SOURCE_METADATA,SKESA,sent-test/small2_sent-SAMN14450174-s.gfa.gz,YES,1393643,sent-test/small2_sent-SAMN14450174-s.gfa.csv,YES,6514,contig|plasmid_score|chrom_score|label|length|chr_coverage|pl_coverage|un_coverage|hybrid_mapsto,plasmid;chromosome;ambiguous;unlabeled,NOT_PUBLISHED_IN_METADATA,IN_GFA: dp tag (Unicycler) / KC tag (SKESA),Chen2020,https://github.com/fmfi-compbio/plasgraph2-datasets/blob/06cdf1524a9d424b5eb97628be26b87f854d398a/sent-test/small2_sent-SAMN14450174-s.gfa.gz,06cdf1524a9d424b5eb97628be26b87f854d398a,LICENCE_NOT_DOCUMENTED,COMPLETE_FOR_ACCESSIONS;MISSING_STRAIN_BIOPROJECT_ASSEMBLY
