isolate	contig_id	contig_length	truth	v12_score	v11_score	v12_call_at_0.9285	router_call	ARG_bearing	n_panel_plasmid_votes	n_panel_chromosome_votes	n_panel_abstain
SAMD00521008	1	142345	chromosome	0.0005025181506132203	0.00019671039646731057	0	0	false	0	12	0
SAMD00521008	10	71189	chromosome	0.0005025181506132203	0.00033061891507470576	0	0	false	0	12	0
SAMD00521008	100	16291	chromosome	0.0005025181506132203	0.00032757149291023495	0	0	false	0	12	0
SAMD00521008	101	16262	chromosome	0.0005025181506132203	0.00032757149291023495	0	0	false	0	12	0
SAMD00521008	102	16154	chromosome	0.0005025181506132203	0.00032757149291023495	0	0	false	0	12	0
SAMD00521008	103	15049	chromosome	0.0023477360266118638	0.0002727462956516288	0	0	false	1	11	0
SAMD00521008	104	15023	chromosome	0.0005025181506132203	0.00032757149291023495	0	0	false	0	12	0
SAMD00521008	105	14686	chromosome	0.021910581682701883	0.0003381583805791968	0	0	false	2	10	0
SAMD00521008	106	14676	chromosome	0.0009329050566734367	0.00032757149291023495	0	0	false	1	11	0
SAMD00521008	107	14245	chromosome	0.0005025181506132203	0.00032757149291023495	0	0	false	0	12	0
SAMD00521008	108	13927	chromosome	0.0005025181506132203	0.00032757149291023495	0	0	false	0	12	0
SAMD00521008	109	13341	chromosome	0.0009329050566734367	0.00032757149291023495	0	0	false	1	11	0
SAMD00521008	11	67756	chromosome	0.0005025181506132203	0.00033061891507470576	0	0	false	0	12	0
SAMD00521008	110	13257	chromosome	0.0005025181506132203	0.00032757149291023495	0	0	false	0	12	0
SAMD00521008	111	13185	chromosome	0.0005025181506132203	0.00032757149291023495	0	0	false	0	12	0
SAMD00521008	112	12721	chromosome	0.0009329050566734367	0.00032757149291023495	0	0	false	1	11	0
SAMD00521008	113	12444	chromosome	0.0005025181506132203	0.00032757149291023495	0	0	false	0	12	0
SAMD00521008	114	12112	plasmid	0.9699349148543481	0.8657566939346392	1	1	false	9	2	1
SAMD00521008	115	11958	chromosome	0.0023477360266118638	0.0002727462956516288	0	0	false	1	11	0
SAMD00521008	116	11944	plasmid	0.9699349148543481	0.8657566939346392	1	1	false	9	2	1
SAMD00521008	117	11510	chromosome	0.0043515984760592406	0.0003381583805791968	0	0	false	2	10	0
SAMD00521008	118	11320	chromosome	0.0005025181506132203	0.00032757149291023495	0	0	false	0	12	0
SAMD00521008	119	11271	chromosome	0.0005025181506132203	0.00032757149291023495	0	0	false	0	12	0
SAMD00521008	12	67159	chromosome	0.0005025181506132203	0.00033061891507470576	0	0	false	0	12	0
SAMD00521008	120	10979	chromosome	0.0009329050566734367	0.00032757149291023495	0	0	false	1	11	0
SAMD00521008	121	10806	chromosome	0.0005025181506132203	0.00032757149291023495	0	0	false	0	12	0
SAMD00521008	122	10703	chromosome	0.0005025181506132203	0.00032757149291023495	0	0	false	0	12	0
SAMD00521008	123	10648	chromosome	0.0005025181506132203	0.00032757149291023495	0	0	false	0	12	0
SAMD00521008	124	10296	chromosome	0.0043515984760592406	0.0003381583805791968	0	0	false	2	10	0
SAMD00521008	125	10124	chromosome	0.0009329050566734367	0.00032757149291023495	0	0	false	1	11	0
SAMD00521008	126	10060	chromosome	0.0043515984760592406	0.0003381583805791968	0	0	false	2	10	0
SAMD00521008	127	9778	chromosome	0.0023477360266118638	0.0002727462956516288	0	0	false	1	11	0
SAMD00521008	129	8910	chromosome	0.0005025181506132203	0.00032757149291023495	0	0	false	0	12	0
SAMD00521008	13	65835	chromosome	0.0005025181506132203	0.00033061891507470576	0	0	false	0	12	0
SAMD00521008	130	8461	plasmid	0.9699349148543481	0.884602725228234	1	1	false	9	2	1
SAMD00521008	131	8297	chromosome	0.0009329050566734367	0.00032757149291023495	0	0	false	1	11	0
SAMD00521008	132	7116	chromosome	0.0005025181506132203	0.00032757149291023495	0	0	false	0	12	0
SAMD00521008	133	7036	chromosome	0.0023477360266118638	0.0002727462956516288	0	0	false	1	11	0
SAMD00521008	134	6915	chromosome	0.0005025181506132203	0.00032757149291023495	0	0	false	0	12	0
SAMD00521008	135	6685	chromosome	0.0023477360266118638	0.0002727462956516288	0	0	false	1	11	0
SAMD00521008	136	6588	chromosome	0.0043515984760592406	0.0003381583805791968	0	0	false	2	10	0
SAMD00521008	137	6553	plasmid	0.7944342199327958	0.7638000912865567	0	0	false	9	3	0
SAMD00521008	138	6516	chromosome	0.0043515984760592406	0.0003381583805791968	0	0	false	2	10	0
SAMD00521008	139	6243	plasmid	0.9699349148543481	0.884602725228234	1	1	false	9	2	1
SAMD00521008	14	65137	chromosome	0.0043515984760592406	0.0002951092273562049	0	0	false	2	10	0
SAMD00521008	140	5799	chromosome	0.0005025181506132203	0.00032757149291023495	0	0	false	0	12	0
SAMD00521008	141	5775	chromosome	0.0009329050566734367	0.00032757149291023495	0	0	false	1	11	0
SAMD00521008	142	5735	chromosome	0.0005025181506132203	0.00032757149291023495	0	0	false	0	12	0
SAMD00521008	143	5454	plasmid	0.8624429134024127	0.8217186292400213	0	0	false	8	3	1
SAMD00521008	144	5407	chromosome	0.0005025181506132203	0.00032757149291023495	0	0	false	0	12	0
SAMD00521008	145	5399	chromosome	0.0009329050566734367	0.00032757149291023495	0	0	false	1	11	0
SAMD00521008	146	5093	plasmid	0.9712455191531575	0.8435966793902466	1	1	false	8	3	1
SAMD00521008	147	4756	plasmid	0.9912031690631816	0.9497201896777157	1	1	false	9	1	2
SAMD00521008	148	4735	chromosome	0.0005025181506132203	0.00033429076502390864	0	0	false	0	12	0
SAMD00521008	15	63203	chromosome	0.0005025181506132203	0.00022381170846690935	0	0	false	0	12	0
SAMD00521008	150	4397	chromosome	0.0005025181506132203	0.00033429076502390864	0	0	false	0	12	0
SAMD00521008	151	4392	chromosome	0.0005025181506132203	0.00033429076502390864	0	0	false	0	12	0
SAMD00521008	152	4359	chromosome	0.0005025181506132203	0.00033429076502390864	0	0	false	0	12	0
SAMD00521008	153	4344	chromosome	0.0005025181506132203	0.00033429076502390864	0	0	false	0	12	0
SAMD00521008	154	4163	chromosome	0.0005025181506132203	0.00033429076502390864	0	0	false	0	12	0
SAMD00521008	155	4160	plasmid	0.9699349148543481	0.8977258186847443	1	1	false	9	2	1
SAMD00521008	156	3944	chromosome	0.0023477360266118638	0.0002783412854130005	0	0	false	1	11	0
SAMD00521008	157	3824	chromosome	0.0047632320085462835	0.00033429076502390864	0	0	false	1	11	0
SAMD00521008	158	3709	plasmid	0.9699349148543481	0.8977258186847443	1	1	false	9	2	1
SAMD00521008	159	3668	chromosome	0.0005025181506132203	0.00033429076502390864	0	0	false	0	12	0
SAMD00521008	16	63061	chromosome	0.0005025181506132203	0.00022381170846690935	0	0	false	0	12	0
SAMD00521008	160	3596	chromosome	0.0024123556419008763	0.000428423826286143	0	0	false	0	11	1
SAMD00521008	161	3391	plasmid	0.9931544050611385	0.9460475315625618	1	1	false	11	1	0
SAMD00521008	162	3370	plasmid	0.8624429134024127	0.8123557469028004	0	0	false	8	3	1
SAMD00521008	163	3357	plasmid	0.9699349148543481	0.8780522432929213	1	1	false	9	2	1
SAMD00521008	164	3217	chromosome	0.0023477360266118638	0.0002783412854130005	0	0	false	1	11	0
SAMD00521008	165	2991	chromosome	0.0005025181506132203	0.00033429076502390864	0	0	false	0	12	0
SAMD00521008	166	2939	plasmid	0.9991779581661044	0.8889994842963813	1	1	false	10	1	1
SAMD00521008	167	2814	chromosome	0.0005025181506132203	0.00033429076502390864	0	0	false	0	12	0
SAMD00521008	168	2809	chromosome	0.0005025181506132203	0.00033429076502390864	0	0	false	0	12	0
SAMD00521008	169	2732	chromosome	0.021910581682701883	0.0003450947400275696	0	0	false	2	10	0
SAMD00521008	17	62669	chromosome	0.0043515984760592406	0.0001997712152162678	0	0	false	2	10	0
SAMD00521008	170	2713	plasmid	0.9508635198395291	0.8285999813779071	1	1	false	10	2	0
SAMD00521008	171	2567	chromosome	0.0047632320085462835	0.00033429076502390864	0	0	false	1	11	0
SAMD00521008	172	2562	plasmid	0.9516192321271825	0.7523123339963155	1	1	false	9	3	0
SAMD00521008	173	2557	chromosome	0.024471395953503606	0.0005966401395413329	0	0	false	2	10	0
SAMD00521008	174	2524	chromosome	0.0005025181506132203	0.00033429076502390864	0	0	false	0	12	0
SAMD00521008	176	2439	plasmid	0.9699349148543481	0.8780522432929213	1	1	false	9	2	1
SAMD00521008	177	2335	plasmid	0.7362779683315532	0.5537770021929929	0	0	false	4	8	0
SAMD00521008	178	2314	chromosome	0.0005025181506132203	0.00029672717800184167	0	0	false	0	12	0
SAMD00521008	179	2302	chromosome	0.0005025181506132203	0.00029672717800184167	0	0	false	0	12	0
SAMD00521008	18	61424	chromosome	0.0005025181506132203	0.00022381170846690935	0	0	false	0	12	0
SAMD00521008	180	2298	chromosome	0.0005025181506132203	0.00029672717800184167	0	0	false	0	12	0
SAMD00521008	181	2282	chromosome	0.0005025181506132203	0.00029672717800184167	0	0	false	0	12	0
SAMD00521008	183	2157	chromosome	0.0005025181506132203	0.00029672717800184167	0	0	false	0	12	0
SAMD00521008	184	2064	chromosome	0.0005025181506132203	0.00029672717800184167	0	0	false	0	12	0
SAMD00521008	185	2045	chromosome	0.0005025181506132203	0.00029672717800184167	0	0	false	0	12	0
SAMD00521008	186	1829	plasmid	0.9476981921206106	0.22709419600864397	1	1	false	7	4	1
SAMD00521008	187	1807	plasmid	0.7889023520731259	0.7492017787443103	0	0	false	8	4	0
SAMD00521008	188	1759	plasmid	0.9928097344085779	0.4437742503072955	1	1	false	7	4	1
SAMD00521008	189	1692	chromosome	0.0005025181506132203	0.00029672717800184167	0	0	false	0	12	0
SAMD00521008	19	61046	chromosome	0.0005025181506132203	0.00022381170846690935	0	0	false	0	12	0
SAMD00521008	190	1594	chromosome	2.629307352510889e-05	0.00029672717800184167	0	0	false	0	11	1
SAMD00521008	191	1559	chromosome	2.629307352510889e-05	0.00029672717800184167	0	0	false	0	11	1
SAMD00521008	192	1474	plasmid	0.900702896221801	0.19399920259241235	0	0	false	4	8	0
SAMD00521008	193	1425	plasmid	0.9500513350318119	0.7492017787443103	1	1	false	8	4	0
SAMD00521008	194	1394	chromosome	0.00012599395954687636	0.00028317014817819293	0	0	false	1	10	1
SAMD00521008	196	1334	plasmid	0.48793662448218494	0.0022288768136896585	0	0	false	3	9	0
SAMD00521008	197	1310	plasmid	0.9795702158651016	0.2961851105633655	1	1	false	4	7	1
SAMD00521008	199	1292	chromosome	0.00012599395954687636	0.00028317014817819293	0	0	false	1	10	1
SAMD00521008	2	131149	chromosome	0.0005025181506132203	0.00019671039646731057	0	0	false	0	12	0
SAMD00521008	20	60458	chromosome	0.0005025181506132203	0.00022381170846690935	0	0	false	0	12	0
SAMD00521008	201	1283	chromosome	0.00012599395954687636	0.00028317014817819293	0	0	false	1	10	1
SAMD00521008	202	1257	plasmid	0.7884700606349994	0.29152474773310033	0	0	false	6	5	1
SAMD00521008	203	1242	chromosome	0.0005025181506132203	0.00029672717800184167	0	0	false	0	12	0
SAMD00521008	204	1231	plasmid	0.9499281032710887	0.29152474773310033	1	1	false	6	5	1
SAMD00521008	205	1198	plasmid	0.48793662448218494	0.0022288768136896585	0	0	false	3	9	0
SAMD00521008	206	1185	plasmid	0.9476981921206106	0.29152474773310033	1	1	false	7	4	1
SAMD00521008	207	1172	plasmid	0.900702896221801	0.19399920259241235	0	0	false	4	8	0
SAMD00521008	208	1160	chromosome	0.0005025181506132203	0.00029672717800184167	0	0	false	0	12	0
SAMD00521008	209	1100	chromosome	2.629307352510889e-05	0.00029672717800184167	0	0	false	0	11	1
SAMD00521008	21	58695	chromosome	0.0005025181506132203	0.00022381170846690935	0	0	false	0	12	0
SAMD00521008	210	1046	chromosome	0.0005025181506132203	0.00029672717800184167	0	0	false	0	12	0
SAMD00521008	22	57416	chromosome	0.0023477360266118638	0.00016112390831965373	0	0	false	1	11	0
SAMD00521008	23	57155	chromosome	0.0023477360266118638	0.00016112390831965373	0	0	false	1	11	0
SAMD00521008	24	55936	chromosome	0.0005025181506132203	0.00022381170846690935	0	0	false	0	12	0
SAMD00521008	25	55037	chromosome	0.0005025181506132203	0.00022381170846690935	0	0	false	0	12	0
SAMD00521008	26	54992	chromosome	0.0005025181506132203	0.00022381170846690935	0	0	false	0	12	0
SAMD00521008	27	54628	chromosome	0.0005025181506132203	0.00022381170846690935	0	0	false	0	12	0
SAMD00521008	28	51251	chromosome	0.0005025181506132203	0.00022381170846690935	0	0	false	0	12	0
SAMD00521008	29	50281	chromosome	0.0005025181506132203	0.00022381170846690935	0	0	false	0	12	0
SAMD00521008	3	127564	chromosome	0.0005025181506132203	0.00019671039646731057	0	0	false	0	12	0
SAMD00521008	30	50258	chromosome	0.0005025181506132203	0.00022381170846690935	0	0	false	0	12	0
SAMD00521008	31	49905	chromosome	0.0005025181506132203	0.00022381170846690935	0	0	false	0	12	0
SAMD00521008	32	48843	chromosome	0.0009329050566734367	0.00022381170846690935	0	0	false	1	11	0
SAMD00521008	33	48502	chromosome	0.0023477360266118638	0.00016112390831965373	0	0	false	1	11	0
SAMD00521008	34	46513	chromosome	0.0005025181506132203	0.00022381170846690935	0	0	false	0	12	0
SAMD00521008	35	45771	chromosome	0.0005025181506132203	0.00022381170846690935	0	0	false	0	12	0
SAMD00521008	36	45744	chromosome	0.0005025181506132203	0.00022381170846690935	0	0	false	0	12	0
SAMD00521008	37	44607	chromosome	0.0005025181506132203	0.00022381170846690935	0	0	false	0	12	0
SAMD00521008	38	43028	chromosome	0.0005025181506132203	0.00022381170846690935	0	0	false	0	12	0
SAMD00521008	39	42094	chromosome	0.0023477360266118638	0.00016112390831965373	0	0	false	1	11	0
SAMD00521008	4	106668	chromosome	0.0005025181506132203	0.00019671039646731057	0	0	false	0	12	0
SAMD00521008	40	40235	chromosome	0.0005025181506132203	0.00022381170846690935	0	0	false	0	12	0
SAMD00521008	41	39824	chromosome	0.0005025181506132203	0.00022381170846690935	0	0	false	0	12	0
SAMD00521008	43	38667	chromosome	0.0005025181506132203	0.00022381170846690935	0	0	false	0	12	0
SAMD00521008	44	38364	chromosome	0.0005025181506132203	0.00022381170846690935	0	0	false	0	12	0
SAMD00521008	45	37171	chromosome	0.0005025181506132203	0.00022381170846690935	0	0	false	0	12	0
SAMD00521008	46	37117	chromosome	0.0005025181506132203	0.00022381170846690935	0	0	false	0	12	0
SAMD00521008	47	36786	chromosome	0.0005025181506132203	0.00022381170846690935	0	0	false	0	12	0
SAMD00521008	48	36650	chromosome	0.0005025181506132203	0.00022381170846690935	0	0	false	0	12	0
SAMD00521008	49	36503	chromosome	0.0005025181506132203	0.00022381170846690935	0	0	false	0	12	0
SAMD00521008	5	104773	chromosome	0.0005025181506132203	0.00019671039646731057	0	0	false	0	12	0
SAMD00521008	50	36067	chromosome	0.0009329050566734367	0.00022381170846690935	0	0	false	1	11	0
SAMD00521008	51	34334	chromosome	0.0005025181506132203	0.00023900560246796956	0	0	false	0	12	0
SAMD00521008	52	34296	chromosome	0.008810584535168064	0.00029632813701832404	0	0	false	2	10	0
SAMD00521008	53	34183	chromosome	0.0005025181506132203	0.00023900560246796956	0	0	false	0	12	0
SAMD00521008	54	33333	chromosome	0.0005025181506132203	0.00023900560246796956	0	0	false	0	12	0
SAMD00521008	55	32798	chromosome	0.0005025181506132203	0.00023900560246796956	0	0	false	0	12	0
SAMD00521008	56	32285	chromosome	0.0005025181506132203	0.00023900560246796956	0	0	false	0	12	0
SAMD00521008	57	31859	chromosome	0.0005025181506132203	0.00023900560246796956	0	0	false	0	12	0
SAMD00521008	58	31685	chromosome	0.0005025181506132203	0.00023900560246796956	0	0	false	0	12	0
SAMD00521008	59	31383	chromosome	0.0005025181506132203	0.00023900560246796956	0	0	false	0	12	0
SAMD00521008	6	89489	chromosome	0.0005025181506132203	0.00019671039646731057	0	0	false	0	12	0
SAMD00521008	60	31131	chromosome	0.0005025181506132203	0.00023900560246796956	0	0	false	0	12	0
SAMD00521008	61	30712	chromosome	0.0005025181506132203	0.00023900560246796956	0	0	false	0	12	0
SAMD00521008	62	30408	chromosome	0.0005025181506132203	0.00023900560246796956	0	0	false	0	12	0
SAMD00521008	63	29741	chromosome	0.0005025181506132203	0.00023900560246796956	0	0	false	0	12	0
SAMD00521008	64	27151	chromosome	0.0009329050566734367	0.00023900560246796956	0	0	false	1	11	0
SAMD00521008	66	26504	chromosome	4.999832459226084e-05	0.00027393543643030417	0	0	false	1	10	1
SAMD00521008	67	26140	chromosome	0.0005025181506132203	0.00023900560246796956	0	0	false	0	12	0
SAMD00521008	68	25985	chromosome	0.0005025181506132203	0.00023900560246796956	0	0	false	0	12	0
SAMD00521008	69	25179	chromosome	0.0009329050566734367	0.00023900560246796956	0	0	false	1	11	0
SAMD00521008	7	87344	chromosome	0.0005025181506132203	0.00019671039646731057	0	0	false	0	12	0
SAMD00521008	70	25161	chromosome	2.629307352510889e-05	0.00023900560246796956	0	0	false	0	11	1
SAMD00521008	71	24613	chromosome	0.0023477360266118638	0.00019900060759734335	0	0	false	1	11	0
SAMD00521008	72	24501	chromosome	0.0009329050566734367	0.00023900560246796956	0	0	false	1	11	0
SAMD00521008	73	24165	chromosome	0.0009329050566734367	0.00023900560246796956	0	0	false	1	11	0
SAMD00521008	74	24087	chromosome	0.0005025181506132203	0.00023900560246796956	0	0	false	0	12	0
SAMD00521008	75	23427	chromosome	0.0005025181506132203	0.00023900560246796956	0	0	false	0	12	0
SAMD00521008	76	23357	chromosome	0.0005025181506132203	0.00023900560246796956	0	0	false	0	12	0
SAMD00521008	77	22831	chromosome	0.08205545950840865	0.0010733698683480933	0	0	false	2	10	0
SAMD00521008	78	22263	chromosome	0.0009329050566734367	0.00023900560246796956	0	0	false	1	11	0
SAMD00521008	79	22148	chromosome	0.0005025181506132203	0.00023900560246796956	0	0	false	0	12	0
SAMD00521008	8	81208	chromosome	0.0023477360266118638	0.00014161237345822257	0	0	false	1	11	0
SAMD00521008	80	21715	chromosome	0.0005025181506132203	0.00023900560246796956	0	0	false	0	12	0
SAMD00521008	81	21588	chromosome	0.0005025181506132203	0.00023900560246796956	0	0	false	0	12	0
SAMD00521008	82	21476	plasmid	0.9699349148543481	0.9084932677201573	1	1	false	9	2	1
SAMD00521008	83	21165	chromosome	0.0023477360266118638	0.00020579011234650175	0	0	false	1	11	0
SAMD00521008	85	20278	chromosome	0.0005025181506132203	0.00024715966062493567	0	0	false	0	12	0
SAMD00521008	86	19821	chromosome	0.0043515984760592406	0.0002551483559227844	0	0	false	2	10	0
SAMD00521008	87	19760	chromosome	0.0005025181506132203	0.00024715966062493567	0	0	false	0	12	0
SAMD00521008	88	19266	chromosome	0.0005025181506132203	0.00024715966062493567	0	0	false	0	12	0
SAMD00521008	89	18677	chromosome	0.0005025181506132203	0.00024715966062493567	0	0	false	0	12	0
SAMD00521008	9	71982	chromosome	0.0023477360266118638	0.0002380224259229655	0	0	false	1	11	0
SAMD00521008	90	18202	chromosome	0.0076635662944439355	0.0002474585839768013	0	0	false	3	9	0
SAMD00521008	91	18086	chromosome	0.0047632320085462835	0.00024715966062493567	0	0	false	1	11	0
SAMD00521008	93	17896	chromosome	0.0005025181506132203	0.00024715966062493567	0	0	false	0	12	0
SAMD00521008	95	17782	chromosome	0.0005025181506132203	0.00024715966062493567	0	0	false	0	12	0
SAMD00521008	96	17661	chromosome	0.0005025181506132203	0.00024715966062493567	0	0	false	0	12	0
SAMD00521008	97	17006	chromosome	0.0005025181506132203	0.00032757149291023495	0	0	false	0	12	0
SAMD00521008	98	16547	chromosome	0.0009329050566734367	0.00032757149291023495	0	0	false	1	11	0
SAMD00521008	99	16463	chromosome	0.0009329050566734367	0.00032757149291023495	0	0	false	1	11	0
SAMD00521018	1	432664	chromosome	0.0002297553602931033	0.0001797980144768719	0	0	false	0	10	2
SAMD00521018	10	159927	chromosome	0.0002297553602931033	0.0001797980144768719	0	0	false	0	10	2
SAMD00521018	11	156647	chromosome	0.0011316896126156387	0.0002060766498682471	0	0	false	1	9	2
SAMD00521018	12	155443	chromosome	0.0002297553602931033	0.0001797980144768719	0	0	false	0	10	2
SAMD00521018	13	154771	chromosome	0.0002297553602931033	0.0001797980144768719	0	0	false	0	10	2
SAMD00521018	14	138156	chromosome	0.0002297553602931033	0.0001797980144768719	0	0	false	0	10	2
SAMD00521018	15	138016	chromosome	0.0002297553602931033	0.0001797980144768719	0	0	false	0	10	2
SAMD00521018	16	127300	chromosome	0.0002297553602931033	0.0001797980144768719	0	0	false	0	10	2
SAMD00521018	17	124332	chromosome	0.0002297553602931033	0.0001797980144768719	0	0	false	0	10	2
SAMD00521018	18	105817	chromosome	0.0002297553602931033	0.0001797980144768719	0	0	false	0	10	2
SAMD00521018	19	99012	chromosome	0.0002297553602931033	0.0001797980144768719	0	0	false	0	10	2
SAMD00521018	2	315089	chromosome	0.0002297553602931033	0.0001797980144768719	0	0	false	0	10	2
SAMD00521018	20	97835	chromosome	0.0002297553602931033	0.0001797980144768719	0	0	false	0	10	2
SAMD00521018	21	90456	chromosome	0.0002297553602931033	0.0001797980144768719	0	0	false	0	10	2
SAMD00521018	22	88250	chromosome	0.0002297553602931033	0.0001797980144768719	0	0	false	0	10	2
SAMD00521018	23	74937	chromosome	0.0002297553602931033	0.0003189869357966499	0	0	false	0	10	2
SAMD00521018	24	69595	chromosome	0.0011316896126156387	0.00040465409923017443	0	0	false	1	9	2
SAMD00521018	25	65567	chromosome	0.0002297553602931033	0.0003530620592735709	0	0	false	0	10	2
SAMD00521018	26	56043	chromosome	0.0002297553602931033	0.00023900627637088976	0	0	false	0	10	2
SAMD00521018	27	49804	chromosome	0.0002297553602931033	0.00023900627637088976	0	0	false	0	10	2
SAMD00521018	28	40713	chromosome	0.00044936228051329247	0.00027393620879479614	0	0	false	1	9	2
SAMD00521018	29	38960	chromosome	0.00044936228051329247	0.00027393620879479614	0	0	false	1	9	2
SAMD00521018	3	297668	chromosome	0.0002297553602931033	0.0001797980144768719	0	0	false	0	10	2
SAMD00521018	30	36931	chromosome	0.0002297553602931033	0.00023900627637088976	0	0	false	0	10	2
SAMD00521018	31	36560	chromosome	0.00044936228051329247	0.00027393620879479614	0	0	false	1	9	2
SAMD00521018	32	33478	chromosome	0.0002297553602931033	0.0002552314198923691	0	0	false	0	10	2
SAMD00521018	33	32860	chromosome	0.00044936228051329247	0.00029253190653469584	0	0	false	1	9	2
SAMD00521018	34	32015	chromosome	0.0002297553602931033	0.0002552314198923691	0	0	false	0	10	2
SAMD00521018	35	30091	chromosome	0.0002297553602931033	0.0002552314198923691	0	0	false	0	10	2
SAMD00521018	36	29702	chromosome	0.0002297553602931033	0.0002552314198923691	0	0	false	0	10	2
SAMD00521018	37	26142	chromosome	0.0002297553602931033	0.0002552314198923691	0	0	false	0	10	2
SAMD00521018	38	25652	chromosome	0.0002297553602931033	0.0002552314198923691	0	0	false	0	10	2
SAMD00521018	39	23309	chromosome	0.0011316896126156387	0.00033832363356921057	0	0	false	1	9	2
SAMD00521018	4	209802	chromosome	0.0002297553602931033	0.0001797980144768719	0	0	false	0	10	2
SAMD00521018	40	21512	chromosome	0.0002297553602931033	0.0002552314198923691	0	0	false	0	10	2
SAMD00521018	41	20236	chromosome	0.00044936228051329247	0.0002913562094404238	0	0	false	1	9	2
SAMD00521018	42	9432	chromosome	0.0002297553602931033	0.00033690900732683964	0	0	false	0	10	2
SAMD00521018	43	7530	chromosome	0.0011316896126156387	0.00044658000170537875	0	0	false	1	9	2
SAMD00521018	44	6361	chromosome	0.0002297553602931033	0.00033690900732683964	0	0	false	0	10	2
SAMD00521018	45	5690	chromosome	0.0002297553602931033	0.00033690900732683964	0	0	false	0	10	2
SAMD00521018	46	5400	chromosome	0.0002297553602931033	0.00033690900732683964	0	0	false	0	10	2
SAMD00521018	47	4533	chromosome	0.0002297553602931033	0.00034381974824296263	0	0	false	0	10	2
SAMD00521018	48	3193	chromosome	0.002233452538124242	0.00044411431389684044	0	0	false	1	8	3
SAMD00521018	49	2125	chromosome	0.001104093626315249	0.0003892933537795603	0	0	false	0	9	3
SAMD00521018	5	209724	chromosome	0.0002297553602931033	0.0001797980144768719	0	0	false	0	10	2
SAMD00521018	50	1804	chromosome	0.0002297553602931033	0.00034769541081109545	0	0	false	0	10	2
SAMD00521018	51	1740	chromosome	0.001104093626315249	0.000426386386554901	0	0	false	0	9	3
SAMD00521018	52	1611	chromosome	0.0002297553602931033	0.00034769541081109545	0	0	false	0	10	2
SAMD00521018	53	1576	chromosome	0.0002297553602931033	0.00034769541081109545	0	0	false	0	10	2
SAMD00521018	54	1443	chromosome	0.012561212622129957	0.0008608090658636157	0	0	false	2	8	2
SAMD00521018	55	1429	chromosome	0.0002297553602931033	0.0005168942044482338	0	0	false	0	10	2
SAMD00521018	56	1421	chromosome	0.0025736446038145335	0.0007957940529464425	0	0	false	1	9	2
SAMD00521018	57	1324	chromosome	0.001104093626315249	0.0006338542381562986	0	0	false	0	9	3
SAMD00521018	58	1291	chromosome	0.005609601253219343	0.0008401059403477261	0	0	false	1	8	3
SAMD00521018	59	1159	chromosome	0.001104093626315249	0.0006338542381562986	0	0	false	0	9	3
SAMD00521018	6	198177	chromosome	0.0002297553602931033	0.0001797980144768719	0	0	false	0	10	2
SAMD00521018	60	1109	chromosome	0.001104093626315249	0.0006338542381562986	0	0	false	0	9	3
SAMD00521018	7	194019	chromosome	0.0002297553602931033	0.0001797980144768719	0	0	false	0	10	2
SAMD00521018	8	187480	chromosome	0.0002297553602931033	0.0001797980144768719	0	0	false	0	10	2
SAMD00521018	9	168134	chromosome	0.0002297553602931033	0.0001797980144768719	0	0	false	0	10	2
SAMD00819698	1	370982	chromosome	0.0005025181506132203	0.0005187436258989112	0	0	false	0	12	0
SAMD00819698	10	128203	chromosome	0.0005025181506132203	0.0005187436258989112	0	0	false	0	12	0
SAMD00819698	100	1446	chromosome	0.00012599395954687636	0.0011936331573832227	0	0	false	1	10	1
SAMD00819698	101	1443	plasmid	0.9123720989070611	0.9333328086697654	0	0	false	7	5	0
SAMD00819698	102	1408	chromosome	0.00012599395954687636	0.0011936331573832227	0	0	false	1	10	1
SAMD00819698	104	1283	chromosome	0.00012599395954687636	0.0011936331573832227	0	0	false	1	10	1
SAMD00819698	105	1249	plasmid	0.38302576817414785	0.7360112552345568	0	0	false	5	6	1
SAMD00819698	106	1239	plasmid	0.9123720989070611	0.9333328086697654	0	0	false	7	5	0
SAMD00819698	108	1098	plasmid	0.9674910531027611	0.9283915868745917	1	1	false	5	7	0
SAMD00819698	109	1066	chromosome	0.0005025181506132203	0.0009006663649301763	0	0	false	0	12	0
SAMD00819698	11	126275	chromosome	0.0005025181506132203	0.0005187436258989112	0	0	false	0	12	0
SAMD00819698	110	1053	plasmid	0.9387888901759281	0.9483735651886557	1	0	true	8	4	0
SAMD00819698	111	1042	chromosome	0.024471395953503606	0.0051514187163603275	0	0	false	2	10	0
SAMD00819698	112	1005	plasmid	0.9857017881103314	0.9717079216253953	1	1	true	9	2	1
SAMD00819698	12	124079	chromosome	0.0005025181506132203	0.0005187436258989112	0	0	false	0	12	0
SAMD00819698	13	119099	chromosome	0.0005025181506132203	0.0005187436258989112	0	0	false	0	12	0
SAMD00819698	14	112824	chromosome	0.0023477360266118638	0.0005187436258989112	0	0	false	1	11	0
SAMD00819698	15	110461	chromosome	0.0005025181506132203	0.0005187436258989112	0	0	false	0	12	0
SAMD00819698	16	102138	chromosome	0.0023477360266118638	0.0005187436258989112	0	0	false	1	11	0
SAMD00819698	17	96935	chromosome	0.0005025181506132203	0.0005187436258989112	0	0	false	0	12	0
SAMD00819698	18	88163	chromosome	0.0023477360266118638	0.0005187436258989112	0	0	false	1	11	0
SAMD00819698	19	79422	chromosome	0.0009329050566734367	0.0005187436258989112	0	0	false	1	11	0
SAMD00819698	2	351282	chromosome	0.0005025181506132203	0.0005187436258989112	0	0	false	0	12	0
SAMD00819698	20	79228	chromosome	0.0005025181506132203	0.0005187436258989112	0	0	false	0	12	0
SAMD00819698	21	75111	chromosome	0.0005025181506132203	0.0008716817258040134	0	0	false	0	12	0
SAMD00819698	22	75058	chromosome	0.14238272552642262	0.004440218420337349	0	0	false	3	9	0
SAMD00819698	23	73594	chromosome	0.0005025181506132203	0.0008716817258040134	0	0	false	0	12	0
SAMD00819698	24	73278	chromosome	0.0023477360266118638	0.0008716817258040134	0	0	false	1	11	0
SAMD00819698	25	71403	chromosome	0.0005025181506132203	0.0008716817258040134	0	0	false	0	12	0
SAMD00819698	26	71368	chromosome	0.0005025181506132203	0.0008716817258040134	0	0	false	0	12	0
SAMD00819698	27	67198	plasmid	0.9931544050611385	0.997263012255942	1	1	false	11	1	0
SAMD00819698	28	64066	chromosome	0.0005025181506132203	0.0006532126068179752	0	0	false	0	12	0
SAMD00819698	29	60029	chromosome	0.0005025181506132203	0.0006532126068179752	0	0	false	0	12	0
SAMD00819698	3	289543	chromosome	0.0005025181506132203	0.0005187436258989112	0	0	false	0	12	0
SAMD00819698	30	58436	chromosome	0.0023477360266118638	0.0006532126068179752	0	0	false	1	11	0
SAMD00819698	31	55511	chromosome	0.0005025181506132203	0.0006532126068179752	0	0	false	0	12	0
SAMD00819698	32	55001	chromosome	0.0023477360266118638	0.0006532126068179752	0	0	false	1	11	0
SAMD00819698	33	46372	chromosome	0.0005025181506132203	0.0006532126068179752	0	0	false	0	12	0
SAMD00819698	34	43961	chromosome	0.0023477360266118638	0.0006532126068179752	0	0	false	1	11	0
SAMD00819698	35	41176	chromosome	0.0005025181506132203	0.0006532126068179752	0	0	false	0	12	0
SAMD00819698	36	36230	chromosome	0.0005025181506132203	0.0006532126068179752	0	0	false	0	12	0
SAMD00819698	37	35088	chromosome	0.0005025181506132203	0.0006975368793825305	0	0	false	0	12	0
SAMD00819698	38	32262	chromosome	0.0005025181506132203	0.0006975368793825305	0	0	false	0	12	0
SAMD00819698	39	30849	chromosome	0.0005025181506132203	0.0006975368793825305	0	0	false	0	12	0
SAMD00819698	4	222400	chromosome	0.0005025181506132203	0.0005187436258989112	0	0	false	0	12	0
SAMD00819698	40	28900	chromosome	0.0005025181506132203	0.0006975368793825305	0	0	false	0	12	0
SAMD00819698	41	28259	chromosome	0.0023477360266118638	0.0008066752427074846	0	0	false	1	11	0
SAMD00819698	42	26494	plasmid	0.9991916786983316	0.9973403048832749	1	1	false	11	0	1
SAMD00819698	43	25076	chromosome	0.0005025181506132203	0.0006975368793825305	0	0	false	0	12	0
SAMD00819698	44	24773	chromosome	0.0024123556419008763	0.0008103563409367816	0	0	false	0	11	1
SAMD00819698	45	24353	chromosome	0.0005025181506132203	0.0006975368793825305	0	0	false	0	12	0
SAMD00819698	46	23370	chromosome	0.0005025181506132203	0.0006975368793825305	0	0	false	0	12	0
SAMD00819698	47	22082	chromosome	0.0005025181506132203	0.0006975368793825305	0	0	false	0	12	0
SAMD00819698	48	18371	chromosome	0.0043515984760592406	0.0010341002188648865	0	0	false	2	10	0
SAMD00819698	49	16817	chromosome	0.0005025181506132203	0.0009558536195985552	0	0	false	0	12	0
SAMD00819698	5	187656	chromosome	0.0005025181506132203	0.0005187436258989112	0	0	false	0	12	0
SAMD00819698	50	16134	chromosome	0.0009329050566734367	0.0009558536195985552	0	0	false	1	11	0
SAMD00819698	51	15399	chromosome	0.0009329050566734367	0.0009558536195985552	0	0	false	1	11	0
SAMD00819698	52	14828	chromosome	0.01145612891041697	0.0014714969543091945	0	0	false	1	10	1
SAMD00819698	53	14532	plasmid	0.9387888901759281	0.9607584200645353	1	1	false	8	4	0
SAMD00819698	54	14357	chromosome	0.0005025181506132203	0.0009558536195985552	0	0	false	0	12	0
SAMD00819698	55	14264	chromosome	0.0005025181506132203	0.0009558536195985552	0	0	false	0	12	0
SAMD00819698	56	14247	chromosome	0.0043515984760592406	0.0013701872938488566	0	0	false	2	10	0
SAMD00819698	57	12288	chromosome	0.0005025181506132203	0.0009558536195985552	0	0	false	0	12	0
SAMD00819698	58	12104	chromosome	0.0005025181506132203	0.0009558536195985552	0	0	false	0	12	0
SAMD00819698	59	11401	chromosome	0.04451587899095676	0.005513625772961705	0	0	false	3	9	0
SAMD00819698	6	185678	chromosome	0.0023477360266118638	0.0005187436258989112	0	0	false	1	11	0
SAMD00819698	60	10231	plasmid	0.9998163689443657	0.9955988875816815	1	1	false	11	1	0
SAMD00819698	61	10064	chromosome	0.0016468472579477477	0.008911688905993417	0	0	false	1	11	0
SAMD00819698	62	9769	plasmid	0.9508635198395291	0.9642467657356093	1	1	false	10	2	0
SAMD00819698	63	8651	chromosome	0.37375611709293144	0.284605955492508	0	0	false	4	8	0
SAMD00819698	64	8541	chromosome	0.006724141415640177	0.0008294611275469317	0	0	false	1	11	0
SAMD00819698	65	7695	plasmid	0.9931544050611385	0.9912053825712391	1	1	true	11	1	0
SAMD00819698	66	7446	chromosome	0.0023477360266118638	0.0011053641590850773	0	0	false	1	11	0
SAMD00819698	67	7318	plasmid	0.9986702433695193	0.986789381158157	1	1	false	11	1	0
SAMD00819698	68	7106	chromosome	0.0009329050566734367	0.0009558536195985552	0	0	false	1	11	0
SAMD00819698	69	7043	chromosome	0.0005025181506132203	0.0009558536195985552	0	0	false	0	12	0
SAMD00819698	7	163783	chromosome	0.0005025181506132203	0.0005187436258989112	0	0	false	0	12	0
SAMD00819698	70	6774	plasmid	0.9439675826435082	0.7572095658853376	1	1	false	5	7	0
SAMD00819698	71	6200	plasmid	0.9875647758701592	0.971747920482805	1	1	false	10	2	0
SAMD00819698	72	5587	plasmid	0.9341305908692601	0.9673833416588608	1	1	false	8	3	1
SAMD00819698	73	5272	plasmid	0.7944342199327958	0.9506214600313279	0	0	false	9	3	0
SAMD00819698	74	4464	chromosome	0.0009329050566734367	0.0009754478804274018	0	0	false	1	11	0
SAMD00819698	75	4297	chromosome	0.9137413354205492	0.9415926169575811	0	0	true	9	3	0
SAMD00819698	76	4165	chromosome	0.0005025181506132203	0.0009754478804274018	0	0	false	0	12	0
SAMD00819698	77	3683	chromosome	0.05557835120585066	0.0009344335763021907	0	0	false	3	9	0
SAMD00819698	79	3460	chromosome	0.00012599395954687636	0.0012927079681088118	0	0	false	1	10	1
SAMD00819698	8	158039	chromosome	0.0005025181506132203	0.0005187436258989112	0	0	false	0	12	0
SAMD00819698	80	3372	plasmid	0.9931544050611385	0.9872180725852102	1	1	false	11	1	0
SAMD00819698	81	3350	plasmid	0.9123720989070611	0.9311654718610074	0	0	false	7	5	0
SAMD00819698	82	3338	plasmid	0.9931544050611385	0.9872180725852102	1	1	true	11	1	0
SAMD00819698	83	3217	chromosome	0.9508635198395291	0.9620231578530485	1	1	true	10	2	0
SAMD00819698	84	3131	plasmid	0.9996756519149296	0.9852120887841221	1	1	false	11	1	0
SAMD00819698	85	2867	chromosome	0.0023477360266118638	0.0011280198099603558	0	0	false	1	11	0
SAMD00819698	86	2764	chromosome	0.0043515984760592406	0.0013982631873980151	0	0	false	2	10	0
SAMD00819698	87	2540	plasmid	0.9931544050611385	0.9872180725852102	1	1	false	11	1	0
SAMD00819698	88	2475	plasmid	0.9492724375550261	0.943037158831234	1	1	false	9	3	0
SAMD00819698	89	2409	chromosome	0.0005025181506132203	0.0009006663649301763	0	0	false	0	12	0
SAMD00819698	9	156314	chromosome	0.0005025181506132203	0.0005187436258989112	0	0	false	0	12	0
SAMD00819698	90	2326	plasmid	0.9929225458808841	0.9633125441134238	1	1	true	10	2	0
SAMD00819698	91	2080	chromosome	0.9341305908692601	0.9349599085542396	1	1	false	8	3	1
SAMD00819698	92	1926	plasmid	0.900702896221801	0.6883944180640558	0	0	false	4	8	0
SAMD00819698	93	1919	chromosome	0.9492724375550261	0.920801058408718	1	1	false	9	3	0
SAMD00819698	94	1837	plasmid	0.9929225458808841	0.9633125441134238	1	1	false	10	2	0
SAMD00819698	95	1784	plasmid	0.9655381836056843	0.9545280309632855	1	1	true	9	3	0
SAMD00819698	96	1549	plasmid	0.9931544050611385	0.9877735382604914	1	1	false	11	1	0
SAMD00819698	98	1475	chromosome	0.01145612891041697	0.0011516601567687686	0	0	false	1	10	1
SAMD00819698	99	1459	plasmid	0.9982247985587847	0.952322788786098	1	1	false	9	3	0
SAMD01616568	1	736205	chromosome	0.0005025181506132203	0.0002874377374729089	0	0	false	0	12	0
SAMD01616568	10	120200	chromosome	0.0005025181506132203	7.532508384552041e-05	0	0	false	0	12	0
SAMD01616568	11	107332	chromosome	0.0005025181506132203	7.532508384552041e-05	0	0	false	0	12	0
SAMD01616568	12	105513	chromosome	0.0005025181506132203	7.532508384552041e-05	0	0	false	0	12	0
SAMD01616568	13	81727	chromosome	2.629307352510889e-05	7.532508384552041e-05	0	0	false	0	11	1
SAMD01616568	14	80539	plasmid	0.9986702433695193	0.572937304193936	1	1	false	11	1	0
SAMD01616568	15	70703	chromosome	0.0023477360266118638	0.0001336480914109598	0	0	false	1	11	0
SAMD01616568	16	69527	chromosome	0.0009329050566734367	0.00014792770362497955	0	0	false	1	11	0
SAMD01616568	17	61060	chromosome	0.0023477360266118638	0.00010013340448875104	0	0	false	1	11	0
SAMD01616568	18	57466	chromosome	0.0005025181506132203	0.00010013340448875104	0	0	false	0	12	0
SAMD01616568	19	54450	chromosome	0.0023477360266118638	0.00010013340448875104	0	0	false	1	11	0
SAMD01616568	2	571205	chromosome	2.629307352510889e-05	0.0002874377374729089	0	0	false	0	11	1
SAMD01616568	20	50655	chromosome	0.0005025181506132203	0.00010013340448875104	0	0	false	0	12	0
SAMD01616568	21	40457	chromosome	0.0005025181506132203	0.00010013340448875104	0	0	false	0	12	0
SAMD01616568	22	37256	chromosome	0.0005025181506132203	0.00010013340448875104	0	0	false	0	12	0
SAMD01616568	23	34380	chromosome	0.0005025181506132203	0.00010693205381358504	0	0	false	0	12	0
SAMD01616568	24	33791	chromosome	0.0005025181506132203	0.00010693205381358504	0	0	false	0	12	0
SAMD01616568	25	30958	chromosome	0.0005025181506132203	0.00010693205381358504	0	0	false	0	12	0
SAMD01616568	26	30161	plasmid	0.9862272956428072	0.11923444280604242	1	1	false	9	2	1
SAMD01616568	27	22922	plasmid	0.9134327269784195	0.04632987117637301	0	0	false	6	6	0
SAMD01616568	28	20491	chromosome	0.0005025181506132203	0.00010650221026931676	0	0	false	0	12	0
SAMD01616568	29	18744	chromosome	0.0005025181506132203	0.00010650221026931676	0	0	false	0	12	0
SAMD01616568	3	510796	chromosome	0.0005025181506132203	0.0002874377374729089	0	0	false	0	12	0
SAMD01616568	30	14466	plasmid	0.8565617401437899	0.02641771613405925	0	0	false	5	7	0
SAMD01616568	31	13190	plasmid	0.8092095564162247	0.019347579348909797	0	0	false	5	6	1
SAMD01616568	32	11676	chromosome	0.0005025181506132203	0.00014115849204140388	0	0	false	0	12	0
SAMD01616568	33	6687	chromosome	0.0005025181506132203	0.00014115849204140388	0	0	false	0	12	0
SAMD01616568	34	6686	plasmid	0.9508635198395291	0.1981853306675297	1	1	false	10	2	0
SAMD01616568	35	6371	plasmid	0.9875647758701592	0.6453405284259489	1	1	false	10	2	0
SAMD01616568	36	4584	chromosome	2.629307352510889e-05	0.0001440545401889021	0	0	false	0	11	1
SAMD01616568	37	4405	chromosome	0.0005025181506132203	0.0001440545401889021	0	0	false	0	12	0
SAMD01616568	38	4174	plasmid	0.8565617401437899	0.026945181454410338	0	0	false	5	7	0
SAMD01616568	39	2966	chromosome	4.999832459226084e-05	0.00016510989979914595	0	0	false	1	10	1
SAMD01616568	4	430243	chromosome	0.0005025181506132203	0.0002874377374729089	0	0	false	0	12	0
SAMD01616568	40	2813	plasmid	0.9817197815994548	0.028515843162167914	1	1	false	6	6	0
SAMD01616568	41	2605	plasmid	0.8565617401437899	0.021393439086651797	0	0	false	5	7	0
SAMD01616568	42	1369	chromosome	2.629307352510889e-05	0.00025518128709838553	0	0	false	0	11	1
SAMD01616568	43	1291	chromosome	0.00012599395954687636	0.00033825718524709437	0	0	false	1	10	1
SAMD01616568	44	1258	chromosome	0.34269161010499044	0.17012040905256287	0	0	false	4	7	1
SAMD01616568	45	1258	plasmid	0.250566997220329	0.04009941850645724	0	0	false	5	6	1
SAMD01616568	5	422981	chromosome	0.0005025181506132203	0.0002874377374729089	0	0	false	0	12	0
SAMD01616568	6	415179	chromosome	0.0005025181506132203	0.0002874377374729089	0	0	false	0	12	0
SAMD01616568	7	282670	chromosome	0.0005025181506132203	7.532508384552041e-05	0	0	false	0	12	0
SAMD01616568	8	256476	chromosome	0.0005025181506132203	7.532508384552041e-05	0	0	false	0	12	0
SAMD01616568	9	198146	chromosome	0.0005025181506132203	7.532508384552041e-05	0	0	false	0	12	0
SAMN09400867	1	257439	chromosome	0.0005025181506132203	0.00016438139616329708	0	0	false	0	12	0
SAMN09400867	10	113412	chromosome	0.0005025181506132203	0.00016438139616329708	0	0	false	0	12	0
SAMN09400867	100	7020	chromosome	0.0005025181506132203	0.00027374159493487	0	0	false	0	12	0
SAMN09400867	101	6942	chromosome	0.0023477360266118638	0.00022792378068048499	0	0	false	1	11	0
SAMN09400867	102	6798	chromosome	0.0023477360266118638	0.00022792378068048499	0	0	false	1	11	0
SAMN09400867	103	6343	chromosome	0.0005025181506132203	0.00027374159493487	0	0	false	0	12	0
SAMN09400867	104	5913	plasmid	0.9931544050611385	0.9553207066115118	1	1	true	11	1	0
SAMN09400867	105	5638	plasmid	0.9699349148543481	0.8649681850270844	1	1	false	9	2	1
SAMN09400867	106	5619	chromosome	0.0005025181506132203	0.00027374159493487	0	0	false	0	12	0
SAMN09400867	107	5546	chromosome	0.0009329050566734367	0.00027374159493487	0	0	false	1	11	0
SAMN09400867	108	5402	chromosome	0.0023477360266118638	0.00022792378068048499	0	0	false	1	11	0
SAMN09400867	109	5167	plasmid	0.999822425133984	0.9607584343001326	1	1	false	12	0	0
SAMN09400867	11	106575	chromosome	0.0005025181506132203	0.00016438139616329708	0	0	false	0	12	0
SAMN09400867	110	5050	chromosome	0.0004231276172503976	0.006195903583959499	0	0	false	2	9	1
SAMN09400867	111	4839	chromosome	0.0005025181506132203	0.0002793569960943478	0	0	false	0	12	0
SAMN09400867	112	4803	plasmid	0.9635954046298301	0.8445856061072233	1	1	false	9	3	0
SAMN09400867	113	4779	chromosome	0.0005025181506132203	0.0002793569960943478	0	0	false	0	12	0
SAMN09400867	114	4764	plasmid	0.9508635198395291	0.8312140314150394	1	1	false	10	2	0
SAMN09400867	115	4656	chromosome	0.0023477360266118638	0.00023259951628967502	0	0	false	1	11	0
SAMN09400867	116	4588	chromosome	0.0005025181506132203	0.0002793569960943478	0	0	false	0	12	0
SAMN09400867	117	4318	chromosome	0.00023956578021005798	0.00027969484911142146	0	0	false	2	9	1
SAMN09400867	118	4292	chromosome	0.0005025181506132203	0.0002793569960943478	0	0	false	0	12	0
SAMN09400867	119	4235	chromosome	0.0023477360266118638	0.00023259951628967502	0	0	false	1	11	0
SAMN09400867	12	102945	chromosome	0.0005025181506132203	0.00016438139616329708	0	0	false	0	12	0
SAMN09400867	120	4102	chromosome	0.0005025181506132203	0.0002793569960943478	0	0	false	0	12	0
SAMN09400867	121	4082	plasmid	0.9931544050611385	0.9361126095163923	1	1	false	11	1	0
SAMN09400867	122	3903	chromosome	0.0009329050566734367	0.0002793569960943478	0	0	false	1	11	0
SAMN09400867	123	3795	chromosome	0.0005025181506132203	0.0002793569960943478	0	0	false	0	12	0
SAMN09400867	124	3699	chromosome	0.03994339101956933	0.00027969484911142146	0	0	false	3	9	0
SAMN09400867	125	3411	plasmid	0.9699349148543481	0.8574827193125518	1	1	false	9	2	1
SAMN09400867	126	3356	chromosome	0.012416904730863208	0.00030467293112525375	0	0	false	2	10	0
SAMN09400867	127	3332	chromosome	0.0030543117989903774	0.007661754743547332	0	0	false	2	10	0
SAMN09400867	128	3251	chromosome	0.0023477360266118638	0.00023259951628967502	0	0	false	1	11	0
SAMN09400867	129	3197	chromosome	0.0023477360266118638	0.00023259951628967502	0	0	false	1	11	0
SAMN09400867	13	92629	chromosome	0.0005025181506132203	0.00016438139616329708	0	0	false	0	12	0
SAMN09400867	130	3169	chromosome	0.0009329050566734367	0.0002793569960943478	0	0	false	1	11	0
SAMN09400867	131	3061	chromosome	0.0005025181506132203	0.0002793569960943478	0	0	false	0	12	0
SAMN09400867	132	3055	plasmid	0.8530807746042097	0.6790859566882279	0	0	false	5	7	0
SAMN09400867	133	3048	chromosome	0.0009329050566734367	0.0002793569960943478	0	0	false	1	11	0
SAMN09400867	134	2916	chromosome	0.0005025181506132203	0.0002793569960943478	0	0	false	0	12	0
SAMN09400867	135	2913	chromosome	0.2798508013819834	0.025881989675159978	0	0	false	4	7	1
SAMN09400867	136	2630	chromosome	0.0043515984760592406	0.00028838607357406726	0	0	false	2	10	0
SAMN09400867	137	2527	chromosome	0.0023477360266118638	0.00023259951628967502	0	0	false	1	11	0
SAMN09400867	138	2522	chromosome	0.0009329050566734367	0.0002793569960943478	0	0	false	1	11	0
SAMN09400867	139	2482	chromosome	0.00012599395954687636	0.0002665933727849038	0	0	false	1	10	1
SAMN09400867	14	86564	chromosome	0.0005025181506132203	0.00016438139616329708	0	0	false	0	12	0
SAMN09400867	140	2366	chromosome	0.0005025181506132203	0.00024796467605579916	0	0	false	0	12	0
SAMN09400867	141	2322	plasmid	0.9500513350318119	0.6406029247294803	1	1	false	8	4	0
SAMN09400867	142	2135	plasmid	0.9635954046298301	0.7371336851514779	1	1	false	9	3	0
SAMN09400867	143	2131	plasmid	0.9712455191531575	0.7320566060094126	1	1	false	8	3	1
SAMN09400867	144	2064	plasmid	0.9712455191531575	0.7320566060094126	1	1	false	8	3	1
SAMN09400867	145	2060	plasmid	0.9711359822684135	0.7320566060094126	1	1	false	7	4	1
SAMN09400867	146	1978	chromosome	0.0005025181506132203	0.00024796467605579916	0	0	false	0	12	0
SAMN09400867	147	1960	chromosome	0.0005025181506132203	0.00024796467605579916	0	0	false	0	12	0
SAMN09400867	148	1862	chromosome	0.0005025181506132203	0.00024796467605579916	0	0	false	0	12	0
SAMN09400867	149	1831	chromosome	0.00012599395954687636	0.00023663500611796528	0	0	false	1	10	1
SAMN09400867	15	86512	chromosome	0.0005025181506132203	0.00016438139616329708	0	0	false	0	12	0
SAMN09400867	150	1772	chromosome	0.0023477360266118638	0.00020646041223692797	0	0	false	1	11	0
SAMN09400867	151	1761	chromosome	0.0023477360266118638	0.00020646041223692797	0	0	false	1	11	0
SAMN09400867	152	1549	plasmid	0.999822425133984	0.9364463017040308	1	1	false	12	0	0
SAMN09400867	153	1428	chromosome	0.0045988961570906615	0.00977086944319745	0	0	false	3	8	1
SAMN09400867	154	1397	chromosome	0.0023477360266118638	0.00020646041223692797	0	0	false	1	11	0
SAMN09400867	156	1190	chromosome	0.0017342000604144909	0.0002450144514085612	0	0	false	2	9	1
SAMN09400867	157	1151	chromosome	8.832123692355431e-05	0.00629517980486268	0	0	false	1	10	1
SAMN09400867	159	1108	chromosome	0.0005025181506132203	0.00024796467605579916	0	0	false	0	12	0
SAMN09400867	16	82354	chromosome	0.0005025181506132203	0.00016438139616329708	0	0	false	0	12	0
SAMN09400867	17	80021	chromosome	0.0005025181506132203	0.00016438139616329708	0	0	false	0	12	0
SAMN09400867	18	79853	chromosome	0.0005025181506132203	0.00016438139616329708	0	0	false	0	12	0
SAMN09400867	19	76887	chromosome	0.0005025181506132203	0.0002762883719275689	0	0	false	0	12	0
SAMN09400867	2	214907	chromosome	0.0005025181506132203	0.00016438139616329708	0	0	false	0	12	0
SAMN09400867	20	74876	chromosome	0.0005025181506132203	0.0002762883719275689	0	0	false	0	12	0
SAMN09400867	21	72999	chromosome	0.0005025181506132203	0.0002762883719275689	0	0	false	0	12	0
SAMN09400867	22	69195	chromosome	0.0023477360266118638	0.0001989052185318491	0	0	false	1	11	0
SAMN09400867	23	68606	chromosome	0.0005025181506132203	0.0002762883719275689	0	0	false	0	12	0
SAMN09400867	24	66736	chromosome	0.0043515984760592406	0.00024661254487330224	0	0	false	2	10	0
SAMN09400867	25	63413	chromosome	0.0005025181506132203	0.00018702948942142978	0	0	false	0	12	0
SAMN09400867	26	63076	chromosome	0.0005025181506132203	0.00018702948942142978	0	0	false	0	12	0
SAMN09400867	27	61136	chromosome	0.0023477360266118638	0.00013464269579499213	0	0	false	1	11	0
SAMN09400867	28	58424	chromosome	0.0005025181506132203	0.00018702948942142978	0	0	false	0	12	0
SAMN09400867	29	56349	chromosome	0.0005025181506132203	0.00018702948942142978	0	0	false	0	12	0
SAMN09400867	3	185950	chromosome	0.0005025181506132203	0.00016438139616329708	0	0	false	0	12	0
SAMN09400867	30	53789	chromosome	0.0005025181506132203	0.00018702948942142978	0	0	false	0	12	0
SAMN09400867	31	49625	chromosome	0.0009329050566734367	0.00018702948942142978	0	0	false	1	11	0
SAMN09400867	32	49598	chromosome	0.0023477360266118638	0.00013464269579499213	0	0	false	1	11	0
SAMN09400867	33	49349	chromosome	0.0023477360266118638	0.00013464269579499213	0	0	false	1	11	0
SAMN09400867	34	48882	chromosome	0.0005025181506132203	0.00018702948942142978	0	0	false	0	12	0
SAMN09400867	35	48678	chromosome	0.0005025181506132203	0.00018702948942142978	0	0	false	0	12	0
SAMN09400867	36	48522	chromosome	0.0023477360266118638	0.00013464269579499213	0	0	false	1	11	0
SAMN09400867	37	47829	chromosome	0.0005025181506132203	0.00018702948942142978	0	0	false	0	12	0
SAMN09400867	38	46616	chromosome	0.0005025181506132203	0.00018702948942142978	0	0	false	0	12	0
SAMN09400867	39	46486	chromosome	0.0005025181506132203	0.00018702948942142978	0	0	false	0	12	0
SAMN09400867	4	183779	chromosome	0.0005025181506132203	0.00016438139616329708	0	0	false	0	12	0
SAMN09400867	40	44978	chromosome	0.0005025181506132203	0.00018702948942142978	0	0	false	0	12	0
SAMN09400867	41	43634	chromosome	0.0023477360266118638	0.00013464269579499213	0	0	false	1	11	0
SAMN09400867	42	43617	chromosome	0.0009329050566734367	0.00018702948942142978	0	0	false	1	11	0
SAMN09400867	43	41882	chromosome	0.0005025181506132203	0.00018702948942142978	0	0	false	0	12	0
SAMN09400867	44	40446	chromosome	0.0005025181506132203	0.00018702948942142978	0	0	false	0	12	0
SAMN09400867	45	38830	chromosome	0.0005025181506132203	0.00018702948942142978	0	0	false	0	12	0
SAMN09400867	46	35717	chromosome	0.0005025181506132203	0.000199726849636267	0	0	false	0	12	0
SAMN09400867	47	34963	chromosome	0.0005025181506132203	0.000199726849636267	0	0	false	0	12	0
SAMN09400867	48	33465	chromosome	0.0005025181506132203	0.000199726849636267	0	0	false	0	12	0
SAMN09400867	49	31833	plasmid	0.9699349148543481	0.8924293329265665	1	1	false	9	2	1
SAMN09400867	5	179808	chromosome	0.0005025181506132203	0.00016438139616329708	0	0	false	0	12	0
SAMN09400867	50	31777	chromosome	0.0005025181506132203	0.000199726849636267	0	0	false	0	12	0
SAMN09400867	51	30900	chromosome	0.0005025181506132203	0.000199726849636267	0	0	false	0	12	0
SAMN09400867	52	30185	chromosome	0.0005025181506132203	0.000199726849636267	0	0	false	0	12	0
SAMN09400867	53	28765	chromosome	0.0023477360266118638	0.00016629527781260932	0	0	false	1	11	0
SAMN09400867	54	28188	chromosome	0.0030543117989903774	0.006005965210243308	0	0	false	2	10	0
SAMN09400867	55	27429	chromosome	0.0030543117989903774	0.006005965210243308	0	0	false	2	10	0
SAMN09400867	56	26146	chromosome	0.0005025181506132203	0.000199726849636267	0	0	false	0	12	0
SAMN09400867	57	25203	chromosome	0.0005025181506132203	0.000199726849636267	0	0	false	0	12	0
SAMN09400867	58	24001	chromosome	0.0005025181506132203	0.000199726849636267	0	0	false	0	12	0
SAMN09400867	59	23430	chromosome	0.0005025181506132203	0.000199726849636267	0	0	false	0	12	0
SAMN09400867	6	139550	chromosome	0.0023477360266118638	0.00011833756247355354	0	0	false	1	11	0
SAMN09400867	60	21856	chromosome	0.0005025181506132203	0.000199726849636267	0	0	false	0	12	0
SAMN09400867	61	21401	chromosome	0.0005025181506132203	0.000199726849636267	0	0	false	0	12	0
SAMN09400867	62	21302	plasmid	0.9986702433695193	0.9562106627012704	1	1	false	11	1	0
SAMN09400867	63	21215	chromosome	0.0005025181506132203	0.0002065411271999973	0	0	false	0	12	0
SAMN09400867	64	20990	plasmid	0.9975734539370398	0.37364394263713996	1	1	false	10	2	0
SAMN09400867	65	20554	chromosome	0.0005025181506132203	0.0002065411271999973	0	0	false	0	12	0
SAMN09400867	66	20508	chromosome	0.0005025181506132203	0.0002065411271999973	0	0	false	0	12	0
SAMN09400867	67	20438	chromosome	0.012416904730863208	0.00029516331545271325	0	0	false	2	10	0
SAMN09400867	68	19664	chromosome	0.014137038622815292	0.00502020784162576	0	0	false	3	9	0
SAMN09400867	69	19530	plasmid	0.9991779581661044	0.9035386074221036	1	1	false	10	1	1
SAMN09400867	7	135552	chromosome	0.0005025181506132203	0.00016438139616329708	0	0	false	0	12	0
SAMN09400867	70	19501	chromosome	0.0005025181506132203	0.0002065411271999973	0	0	false	0	12	0
SAMN09400867	71	19202	chromosome	0.0043515984760592406	0.00021321723013391288	0	0	false	2	10	0
SAMN09400867	72	18531	chromosome	0.0005025181506132203	0.0002065411271999973	0	0	false	0	12	0
SAMN09400867	73	18200	plasmid	0.9508635198395291	0.8366395007245587	1	1	false	10	2	0
SAMN09400867	74	17800	chromosome	0.0005025181506132203	0.0002065411271999973	0	0	false	0	12	0
SAMN09400867	75	17017	chromosome	0.0009329050566734367	0.00027374159493487	0	0	false	1	11	0
SAMN09400867	76	16355	chromosome	0.0005025181506132203	0.00027374159493487	0	0	false	0	12	0
SAMN09400867	77	16005	chromosome	0.0005025181506132203	0.00027374159493487	0	0	false	0	12	0
SAMN09400867	78	15999	chromosome	0.0005025181506132203	0.00027374159493487	0	0	false	0	12	0
SAMN09400867	79	15492	chromosome	0.0005025181506132203	0.00027374159493487	0	0	false	0	12	0
SAMN09400867	8	125674	chromosome	0.0005025181506132203	0.00016438139616329708	0	0	true	0	12	0
SAMN09400867	80	15044	chromosome	0.0005025181506132203	0.00027374159493487	0	0	false	0	12	0
SAMN09400867	81	14937	chromosome	0.0009329050566734367	0.00027374159493487	0	0	false	1	11	0
SAMN09400867	82	13751	chromosome	0.0009329050566734367	0.00027374159493487	0	0	false	1	11	0
SAMN09400867	83	12438	chromosome	0.0005025181506132203	0.00027374159493487	0	0	false	0	12	0
SAMN09400867	84	11928	chromosome	0.0043515984760592406	0.0002825892287384152	0	0	false	2	10	0
SAMN09400867	85	11837	chromosome	0.0005025181506132203	0.00027374159493487	0	0	false	0	12	0
SAMN09400867	86	11746	chromosome	0.0009329050566734367	0.00027374159493487	0	0	false	1	11	0
SAMN09400867	87	11284	plasmid	0.9699349148543481	0.8434829113232701	1	1	false	9	2	1
SAMN09400867	88	10853	plasmid	0.9931544050611385	0.9772291994725301	1	1	false	11	1	0
SAMN09400867	89	10404	plasmid	0.9699349148543481	0.8434829113232701	1	1	false	9	2	1
SAMN09400867	9	123188	chromosome	0.0005025181506132203	0.00016438139616329708	0	0	false	0	12	0
SAMN09400867	90	9888	chromosome	0.0023477360266118638	0.00022792378068048499	0	0	false	1	11	0
SAMN09400867	91	9860	chromosome	0.0016472365981037788	0.00033939229904903146	0	0	false	2	10	0
SAMN09400867	92	9705	chromosome	0.0009329050566734367	0.00027374159493487	0	0	false	1	11	0
SAMN09400867	93	9644	chromosome	0.0023477360266118638	0.00022792378068048499	0	0	false	1	11	0
SAMN09400867	94	9282	chromosome	0.00012599395954687636	0.00026123446828553464	0	0	false	1	10	1
SAMN09400867	95	8934	plasmid	0.9986702433695193	0.9225518919249208	1	1	false	11	1	0
SAMN09400867	96	8583	chromosome	0.0009329050566734367	0.00027374159493487	0	0	false	1	11	0
SAMN09400867	97	8276	chromosome	0.0005025181506132203	0.00027374159493487	0	0	false	0	12	0
SAMN09400867	98	7767	plasmid	0.9931544050611385	0.9553207066115118	1	1	true	11	1	0
SAMN09400867	99	7371	chromosome	0.004140922714381401	0.0002825892287384152	0	0	false	2	10	0
SAMN10736992	1	443647	chromosome	0.0005025181506132203	0.0005187436258989112	0	0	false	0	12	0
SAMN10736992	10	160342	chromosome	0.0005025181506132203	0.0005187436258989112	0	0	false	0	12	0
SAMN10736992	100	1732	chromosome	0.00012599395954687636	0.0011936331573832227	0	0	false	1	10	1
SAMN10736992	101	1701	chromosome	0.00012599395954687636	0.0011936331573832227	0	0	false	1	10	1
SAMN10736992	102	1632	chromosome	0.0023477360266118638	0.0010415537492729924	0	0	false	1	11	0
SAMN10736992	103	1576	chromosome	0.024471395953503606	0.0051514187163603275	0	0	false	2	10	0
SAMN10736992	104	1536	chromosome	0.0023477360266118638	0.0010415537492729924	0	0	false	1	11	0
SAMN10736992	105	1501	chromosome	0.01145612891041697	0.0011516601567687686	0	0	false	1	10	1
SAMN10736992	106	1392	chromosome	0.0023477360266118638	0.0010415537492729924	0	0	false	1	11	0
SAMN10736992	107	1390	chromosome	0.0023477360266118638	0.0010415537492729924	0	0	false	1	11	0
SAMN10736992	108	1387	chromosome	0.0005025181506132203	0.0009006663649301763	0	0	false	0	12	0
SAMN10736992	109	1350	chromosome	2.629307352510889e-05	0.0009006663649301763	0	0	false	0	11	1
SAMN10736992	11	148330	chromosome	0.0005025181506132203	0.0005187436258989112	0	0	false	0	12	0
SAMN10736992	110	1344	chromosome	0.0005025181506132203	0.0009006663649301763	0	0	false	0	12	0
SAMN10736992	111	1316	chromosome	0.0024123556419008763	0.0008689863063756601	0	0	false	0	11	1
SAMN10736992	112	1312	chromosome	0.00012599395954687636	0.0011936331573832227	0	0	false	1	10	1
SAMN10736992	113	1213	chromosome	0.0005025181506132203	0.0009006663649301763	0	0	false	0	12	0
SAMN10736992	114	1183	chromosome	0.01145612891041697	0.0011516601567687686	0	0	false	1	10	1
SAMN10736992	115	1182	chromosome	0.0023477360266118638	0.0010415537492729924	0	0	false	1	11	0
SAMN10736992	116	1166	chromosome	2.629307352510889e-05	0.0009006663649301763	0	0	false	0	11	1
SAMN10736992	117	1147	chromosome	0.00012599395954687636	0.0011936331573832227	0	0	false	1	10	1
SAMN10736992	118	1077	chromosome	0.00012599395954687636	0.0011936331573832227	0	0	false	1	10	1
SAMN10736992	119	1049	plasmid	0.5521355838616288	0.005084493242217287	0	0	false	3	8	1
SAMN10736992	12	145266	chromosome	0.0005025181506132203	0.0005187436258989112	0	0	false	0	12	0
SAMN10736992	120	1026	chromosome	0.0005025181506132203	0.0009006663649301763	0	0	false	0	12	0
SAMN10736992	13	142291	chromosome	0.0005025181506132203	0.0005187436258989112	0	0	false	0	12	0
SAMN10736992	14	124150	chromosome	0.0005025181506132203	0.0005187436258989112	0	0	false	0	12	0
SAMN10736992	15	109065	chromosome	0.0043515984760592406	0.0006431147038723303	0	0	false	2	10	0
SAMN10736992	16	107612	chromosome	0.0005025181506132203	0.0005187436258989112	0	0	false	0	12	0
SAMN10736992	17	100214	chromosome	0.0009329050566734367	0.0005187436258989112	0	0	false	1	11	0
SAMN10736992	18	99974	chromosome	0.0005025181506132203	0.0005187436258989112	0	0	false	0	12	0
SAMN10736992	19	90314	chromosome	0.0023477360266118638	0.0005187436258989112	0	0	false	1	11	0
SAMN10736992	2	313762	chromosome	0.0005025181506132203	0.0005187436258989112	0	0	false	0	12	0
SAMN10736992	20	89831	chromosome	0.0005025181506132203	0.0005187436258989112	0	0	false	0	12	0
SAMN10736992	21	89388	chromosome	0.0023477360266118638	0.0005187436258989112	0	0	false	1	11	0
SAMN10736992	22	78424	chromosome	0.0005025181506132203	0.0005187436258989112	0	0	false	0	12	0
SAMN10736992	23	75616	chromosome	2.629307352510889e-05	0.0008716817258040134	0	0	false	0	11	1
SAMN10736992	24	71677	chromosome	0.0023477360266118638	0.0008716817258040134	0	0	false	1	11	0
SAMN10736992	25	57480	chromosome	0.0005025181506132203	0.0006532126068179752	0	0	false	0	12	0
SAMN10736992	26	54884	chromosome	0.0005025181506132203	0.0006532126068179752	0	0	false	0	12	0
SAMN10736992	27	54457	plasmid	0.9996166454176644	0.9956760205817317	1	1	false	11	0	1
SAMN10736992	28	53322	chromosome	0.0005025181506132203	0.0006532126068179752	0	0	false	0	12	0
SAMN10736992	29	50028	chromosome	0.0009329050566734367	0.0006532126068179752	0	0	false	1	11	0
SAMN10736992	3	311179	chromosome	0.0005025181506132203	0.0005187436258989112	0	0	false	0	12	0
SAMN10736992	30	46282	chromosome	0.0043515984760592406	0.0008097970965013805	0	0	false	2	10	0
SAMN10736992	31	44130	chromosome	0.0005025181506132203	0.0006532126068179752	0	0	false	0	12	0
SAMN10736992	32	43456	chromosome	0.0009329050566734367	0.0006532126068179752	0	0	false	1	11	0
SAMN10736992	33	43181	chromosome	0.0005025181506132203	0.0006532126068179752	0	0	false	0	12	0
SAMN10736992	34	43047	chromosome	0.0005025181506132203	0.0006532126068179752	0	0	false	0	12	0
SAMN10736992	35	38280	chromosome	0.0009329050566734367	0.0006532126068179752	0	0	false	1	11	0
SAMN10736992	36	37774	plasmid	0.9931544050611385	0.997263012255942	1	1	false	11	1	0
SAMN10736992	37	35584	chromosome	0.0005025181506132203	0.0006975368793825305	0	0	false	0	12	0
SAMN10736992	38	33003	chromosome	0.0005025181506132203	0.0006975368793825305	0	0	false	0	12	0
SAMN10736992	39	30602	chromosome	0.0005025181506132203	0.0006975368793825305	0	0	false	0	12	0
SAMN10736992	4	301379	chromosome	0.0005025181506132203	0.0005187436258989112	0	0	false	0	12	0
SAMN10736992	40	28643	plasmid	0.9110606383483703	0.9456938062794361	0	0	false	8	4	0
SAMN10736992	41	28424	chromosome	0.0023477360266118638	0.0008066752427074846	0	0	false	1	11	0
SAMN10736992	42	28103	chromosome	0.0005025181506132203	0.0006975368793825305	0	0	false	0	12	0
SAMN10736992	43	27968	chromosome	0.00012599395954687636	0.0009244912948932438	0	0	false	1	10	1
SAMN10736992	44	26070	chromosome	0.0005025181506132203	0.0006975368793825305	0	0	false	0	12	0
SAMN10736992	45	24072	chromosome	0.0005025181506132203	0.0006975368793825305	0	0	false	0	12	0
SAMN10736992	46	22748	chromosome	0.0005025181506132203	0.0006975368793825305	0	0	false	0	12	0
SAMN10736992	47	20272	chromosome	0.0005025181506132203	0.0007213231782355622	0	0	false	0	12	0
SAMN10736992	48	18085	chromosome	0.021910581682701883	0.0010341002188648865	0	0	false	2	10	0
SAMN10736992	49	17678	plasmid	0.9929225458808841	0.989272053995728	1	1	false	10	2	0
SAMN10736992	5	241022	chromosome	0.0005025181506132203	0.0005187436258989112	0	0	false	0	12	0
SAMN10736992	50	15815	chromosome	0.0005025181506132203	0.0009558536195985552	0	0	false	0	12	0
SAMN10736992	51	15243	plasmid	0.9931544050611385	0.9960999040861895	1	1	false	11	1	0
SAMN10736992	52	13918	plasmid	0.9110606383483703	0.9356675065586305	0	0	false	8	4	0
SAMN10736992	53	13430	chromosome	0.0023477360266118638	0.0011053641590850773	0	0	false	1	11	0
SAMN10736992	54	12353	chromosome	0.0005025181506132203	0.0009558536195985552	0	0	false	0	12	0
SAMN10736992	55	11911	chromosome	0.06892868732722952	0.014667403567168434	0	0	false	3	8	1
SAMN10736992	56	11809	plasmid	0.9986249460710745	0.966038453661742	1	1	false	10	2	0
SAMN10736992	57	11333	chromosome	0.0005025181506132203	0.0009558536195985552	0	0	false	0	12	0
SAMN10736992	58	11119	chromosome	0.02053578608954987	0.0016056562086185656	0	0	false	2	9	1
SAMN10736992	59	10691	plasmid	0.9500513350318119	0.9489533306602479	1	1	false	8	4	0
SAMN10736992	6	225355	chromosome	0.0005025181506132203	0.0005187436258989112	0	0	false	0	12	0
SAMN10736992	60	10600	chromosome	0.0005025181506132203	0.0009558536195985552	0	0	false	0	12	0
SAMN10736992	61	9183	chromosome	0.0005025181506132203	0.0009558536195985552	0	0	false	0	12	0
SAMN10736992	62	8938	chromosome	0.0005025181506132203	0.0009558536195985552	0	0	false	0	12	0
SAMN10736992	63	8150	chromosome	0.0024123556419008763	0.0011104067486575587	0	0	false	0	11	1
SAMN10736992	64	8052	chromosome	0.0023477360266118638	0.0011053641590850773	0	0	false	1	11	0
SAMN10736992	66	7719	chromosome	0.01145612891041697	0.0014714969543091945	0	0	false	1	10	1
SAMN10736992	67	7612	plasmid	0.9931544050611385	0.9912053825712391	1	1	false	11	1	0
SAMN10736992	68	7561	plasmid	0.9929225458808841	0.9760150798518101	1	1	false	10	2	0
SAMN10736992	69	7530	chromosome	0.0023477360266118638	0.0011053641590850773	0	0	false	1	11	0
SAMN10736992	7	196461	chromosome	0.0005025181506132203	0.0005187436258989112	0	0	false	0	12	0
SAMN10736992	70	7232	chromosome	0.0023477360266118638	0.0011053641590850773	0	0	false	1	11	0
SAMN10736992	71	7037	chromosome	0.0024123556419008763	0.0011104067486575587	0	0	false	0	11	1
SAMN10736992	72	6084	chromosome	0.0005025181506132203	0.0009558536195985552	0	0	false	0	12	0
SAMN10736992	73	5987	chromosome	0.0023477360266118638	0.0011053641590850773	0	0	false	1	11	0
SAMN10736992	74	4946	plasmid	0.8757128737057106	0.8137650647156354	0	0	false	5	7	0
SAMN10736992	75	4929	chromosome	0.02173332270922077	0.0010585819749435376	0	0	false	3	9	0
SAMN10736992	76	4682	chromosome	0.0024123556419008763	0.0011331656356910376	0	0	false	0	11	1
SAMN10736992	77	4219	chromosome	0.0005025181506132203	0.0009754478804274018	0	0	false	0	12	0
SAMN10736992	78	4036	plasmid	0.9956109046684241	0.8510702497836041	1	1	false	6	6	0
SAMN10736992	79	3994	chromosome	0.0005025181506132203	0.0009754478804274018	0	0	false	0	12	0
SAMN10736992	8	183828	chromosome	0.0005025181506132203	0.0005187436258989112	0	0	false	0	12	0
SAMN10736992	80	3794	chromosome	0.0024123556419008763	0.0009411399329747115	0	0	false	0	11	1
SAMN10736992	81	3777	chromosome	0.0024123556419008763	0.0009411399329747115	0	0	false	0	11	1
SAMN10736992	82	3744	chromosome	0.0024123556419008763	0.0009411399329747115	0	0	false	0	11	1
SAMN10736992	83	3681	chromosome	0.00012599395954687636	0.0012927079681088118	0	0	false	1	10	1
SAMN10736992	84	3595	chromosome	0.00012599395954687636	0.0012927079681088118	0	0	false	1	10	1
SAMN10736992	85	3373	chromosome	0.0024123556419008763	0.0009411399329747115	0	0	false	0	11	1
SAMN10736992	86	3008	plasmid	0.993829937627673	0.941988016903364	1	1	false	5	6	1
SAMN10736992	87	3006	chromosome	0.01145612891041697	0.0012472554443287425	0	0	false	1	10	1
SAMN10736992	88	2645	chromosome	0.0005025181506132203	0.0009754478804274018	0	0	false	0	12	0
SAMN10736992	89	2595	chromosome	0.00012599395954687636	0.0012927079681088118	0	0	false	1	10	1
SAMN10736992	9	168614	chromosome	0.0005025181506132203	0.0005187436258989112	0	0	false	0	12	0
SAMN10736992	90	2592	chromosome	0.00012599395954687636	0.0012927079681088118	0	0	false	1	10	1
SAMN10736992	91	2391	chromosome	0.006724141415640177	0.0006490831298693398	0	0	false	1	11	0
SAMN10736992	92	2292	chromosome	0.0005025181506132203	0.0009006663649301763	0	0	false	0	12	0
SAMN10736992	93	2116	chromosome	0.00012644978029706448	0.0008689863063756601	0	0	false	0	10	2
SAMN10736992	94	2003	chromosome	0.0006230974243322653	0.0011516601567687686	0	0	false	1	9	2
SAMN10736992	95	1979	chromosome	0.0005025181506132203	0.0009006663649301763	0	0	false	0	12	0
SAMN10736992	96	1941	chromosome	0.0005025181506132203	0.0009006663649301763	0	0	false	0	12	0
SAMN10736992	97	1905	chromosome	0.0024123556419008763	0.0008689863063756601	0	0	false	0	11	1
SAMN10736992	98	1900	chromosome	0.0005025181506132203	0.0009006663649301763	0	0	false	0	12	0
SAMN10736992	99	1892	chromosome	0.00012599395954687636	0.0011936331573832227	0	0	false	1	10	1
SAMN12364538	1	259406	chromosome	0.0005025181506132203	0.00019671039646731057	0	0	false	0	12	0
SAMN12364538	10	95472	chromosome	0.0023477360266118638	0.00014161237345822257	0	0	false	1	11	0
SAMN12364538	100	10656	chromosome	0.0009329050566734367	0.00032757149291023495	0	0	false	1	11	0
SAMN12364538	101	10451	chromosome	0.0005025181506132203	0.00032757149291023495	0	0	false	0	12	0
SAMN12364538	102	10416	chromosome	0.018944664021705894	0.001132263603041421	0	0	false	1	10	1
SAMN12364538	103	10248	chromosome	0.0005025181506132203	0.00032757149291023495	0	0	false	0	12	0
SAMN12364538	104	9853	plasmid	0.999822425133984	0.9635986336010551	1	1	false	12	0	0
SAMN12364538	105	9803	chromosome	0.0005025181506132203	0.00032757149291023495	0	0	false	0	12	0
SAMN12364538	106	9651	chromosome	0.0005025181506132203	0.00032757149291023495	0	0	false	0	12	0
SAMN12364538	107	9337	chromosome	0.0005025181506132203	0.00032757149291023495	0	0	false	0	12	0
SAMN12364538	108	9139	chromosome	0.0005025181506132203	0.00032757149291023495	0	0	false	0	12	0
SAMN12364538	109	9079	chromosome	0.0005025181506132203	0.00032757149291023495	0	0	false	0	12	0
SAMN12364538	11	95121	chromosome	0.0005025181506132203	0.00019671039646731057	0	0	false	0	12	0
SAMN12364538	110	8736	plasmid	0.9508635198395291	0.8373146467906141	1	1	false	10	2	0
SAMN12364538	112	8320	chromosome	0.0005025181506132203	0.00032757149291023495	0	0	false	0	12	0
SAMN12364538	113	8313	chromosome	0.0005025181506132203	0.00032757149291023495	0	0	false	0	12	0
SAMN12364538	114	7937	chromosome	0.0005025181506132203	0.00032757149291023495	0	0	false	0	12	0
SAMN12364538	116	7710	plasmid	0.47943545985272534	0.7865750893291591	0	0	false	8	4	0
SAMN12364538	117	7546	chromosome	0.0005025181506132203	0.00032757149291023495	0	0	false	0	12	0
SAMN12364538	118	7451	chromosome	0.0005025181506132203	0.00032757149291023495	0	0	false	0	12	0
SAMN12364538	119	7315	chromosome	0.0005025181506132203	0.00032757149291023495	0	0	false	0	12	0
SAMN12364538	12	90463	chromosome	0.0005025181506132203	0.00019671039646731057	0	0	false	0	12	0
SAMN12364538	120	7082	chromosome	0.0009329050566734367	0.00032757149291023495	0	0	false	1	11	0
SAMN12364538	121	6697	chromosome	0.0005025181506132203	0.00032757149291023495	0	0	false	0	12	0
SAMN12364538	122	6600	chromosome	0.0005025181506132203	0.00032757149291023495	0	0	false	0	12	0
SAMN12364538	124	6282	chromosome	0.0005025181506132203	0.00032757149291023495	0	0	false	0	12	0
SAMN12364538	126	5872	chromosome	0.0005025181506132203	0.00032757149291023495	0	0	false	0	12	0
SAMN12364538	127	5815	chromosome	0.0023477360266118638	0.0002727462956516288	0	0	false	1	11	0
SAMN12364538	13	87914	chromosome	0.0005025181506132203	0.00019671039646731057	0	0	false	0	12	0
SAMN12364538	130	5653	chromosome	0.0023477360266118638	0.0002727462956516288	0	0	false	1	11	0
SAMN12364538	131	5647	plasmid	0.9666370174996789	0.9023297826920038	1	1	false	10	2	0
SAMN12364538	132	5366	chromosome	0.0005025181506132203	0.00033429076502390864	0	0	false	0	12	0
SAMN12364538	133	5345	chromosome	0.0005025181506132203	0.00033429076502390864	0	0	false	0	12	0
SAMN12364538	134	4951	chromosome	0.38549230572859566	0.05230712120947028	0	0	false	4	8	0
SAMN12364538	135	4705	chromosome	0.0009329050566734367	0.00033429076502390864	0	0	false	1	11	0
SAMN12364538	136	4697	chromosome	0.0005025181506132203	0.00033429076502390864	0	0	false	0	12	0
SAMN12364538	137	4656	chromosome	0.0023477360266118638	0.0002783412854130005	0	0	false	1	11	0
SAMN12364538	138	4591	plasmid	0.9931544050611385	0.9669958876646055	1	1	false	11	1	0
SAMN12364538	139	4565	chromosome	0.0023477360266118638	0.0002783412854130005	0	0	false	1	11	0
SAMN12364538	14	87603	chromosome	0.0005025181506132203	0.00019671039646731057	0	0	false	0	12	0
SAMN12364538	140	4383	chromosome	0.0005025181506132203	0.00033429076502390864	0	0	false	0	12	0
SAMN12364538	141	4284	chromosome	0.0009329050566734367	0.00033429076502390864	0	0	false	1	11	0
SAMN12364538	142	4192	chromosome	0.0005025181506132203	0.00033429076502390864	0	0	false	0	12	0
SAMN12364538	143	4121	chromosome	0.0024123556419008763	0.0005158913995810185	0	0	false	0	11	1
SAMN12364538	145	3886	chromosome	0.03994339101956933	0.00033469503243657695	0	0	false	3	9	0
SAMN12364538	146	3861	plasmid	0.3863699212877667	0.7061178105909467	0	0	false	7	5	0
SAMN12364538	149	3441	chromosome	0.0005025181506132203	0.00033429076502390864	0	0	false	0	12	0
SAMN12364538	15	87159	chromosome	0.0005025181506132203	0.00019671039646731057	0	0	false	0	12	0
SAMN12364538	151	3409	chromosome	0.004577434572920169	0.00045126604658559896	0	0	false	1	10	1
SAMN12364538	152	3314	chromosome	0.0009329050566734367	0.00033429076502390864	0	0	false	1	11	0
SAMN12364538	153	3267	chromosome	0.01145612891041697	0.00040885223044682755	0	0	false	1	10	1
SAMN12364538	155	3157	chromosome	0.0005025181506132203	0.00033429076502390864	0	0	false	0	12	0
SAMN12364538	156	3101	chromosome	0.0023477360266118638	0.0002783412854130005	0	0	false	1	11	0
SAMN12364538	158	2727	chromosome	0.0043515984760592406	0.0003450947400275696	0	0	false	2	10	0
SAMN12364538	159	2717	chromosome	0.0006230974243322653	0.00040885223044682755	0	0	false	1	9	2
SAMN12364538	16	86113	chromosome	0.0009329050566734367	0.00019671039646731057	0	0	false	1	11	0
SAMN12364538	162	2597	plasmid	0.9716044444166262	0.8767531264544502	1	1	false	8	3	1
SAMN12364538	163	2567	chromosome	0.0005025181506132203	0.00033429076502390864	0	0	false	0	12	0
SAMN12364538	165	2479	chromosome	0.0005025181506132203	0.00033429076502390864	0	0	false	0	12	0
SAMN12364538	166	2374	chromosome	0.00012644978029706448	0.00038028671862265945	0	0	false	0	10	2
SAMN12364538	17	81770	chromosome	0.0005025181506132203	0.00019671039646731057	0	0	false	0	12	0
SAMN12364538	171	2059	plasmid	0.9420308381334653	0.8913594667745913	1	1	false	8	2	2
SAMN12364538	173	2021	chromosome	0.0024123556419008763	0.00038028671862265945	0	0	false	0	11	1
SAMN12364538	174	2008	plasmid	0.993036133590978	0.7742473026837654	1	1	false	9	3	0
SAMN12364538	176	1908	chromosome	0.01145612891041697	0.00036291336177892173	0	0	false	1	10	1
SAMN12364538	177	1868	plasmid	0.9929225458808841	0.8514317308504994	1	1	false	10	2	0
SAMN12364538	179	1752	plasmid	0.9929225458808841	0.8892080194881338	1	0	true	10	2	0
SAMN12364538	18	75196	chromosome	0.0005025181506132203	0.00033061891507470576	0	0	false	0	12	0
SAMN12364538	181	1727	chromosome	0.0023477360266118638	0.00024706307611907676	0	0	false	1	11	0
SAMN12364538	182	1714	chromosome	0.0005025181506132203	0.00029672717800184167	0	0	false	0	12	0
SAMN12364538	183	1708	chromosome	0.00012599395954687636	0.00028317014817819293	0	0	false	1	10	1
SAMN12364538	185	1665	chromosome	0.0005025181506132203	0.00029672717800184167	0	0	false	0	12	0
SAMN12364538	186	1645	chromosome	0.0023477360266118638	0.00024706307611907676	0	0	false	1	11	0
SAMN12364538	187	1601	plasmid	0.9383841856029046	0.4286281100765513	1	1	false	8	4	0
SAMN12364538	188	1599	plasmid	0.9703096995214244	0.9229644970670644	1	0	true	9	2	1
SAMN12364538	189	1579	chromosome	0.0005025181506132203	0.00029672717800184167	0	0	false	0	12	0
SAMN12364538	19	71788	chromosome	0.0005025181506132203	0.00033061891507470576	0	0	false	0	12	0
SAMN12364538	193	1562	chromosome	0.0003623630713839953	0.0003255232946667695	0	0	false	1	10	1
SAMN12364538	196	1420	chromosome	0.0012266715864819697	0.00030631750386701405	0	0	false	2	9	1
SAMN12364538	197	1370	chromosome	2.629307352510889e-05	0.00029672717800184167	0	0	false	0	11	1
SAMN12364538	199	1273	chromosome	0.0005025181506132203	0.00029672717800184167	0	0	false	0	12	0
SAMN12364538	2	155118	chromosome	0.0023477360266118638	0.00014161237345822257	0	0	false	1	11	0
SAMN12364538	20	71638	chromosome	0.0005025181506132203	0.00033061891507470576	0	0	false	0	12	0
SAMN12364538	200	1239	chromosome	0.0005025181506132203	0.00029672717800184167	0	0	false	0	12	0
SAMN12364538	201	1235	chromosome	0.005330860969131464	0.0006799993743634454	0	0	false	1	11	0
SAMN12364538	202	1225	chromosome	0.0005025181506132203	0.00029672717800184167	0	0	false	0	12	0
SAMN12364538	205	1169	chromosome	0.0023477360266118638	0.00024706307611907676	0	0	false	1	11	0
SAMN12364538	206	1135	chromosome	2.629307352510889e-05	0.00029672717800184167	0	0	false	0	11	1
SAMN12364538	209	1102	plasmid	0.9420308381334653	0.9199380248267619	1	1	false	8	2	2
SAMN12364538	21	66775	chromosome	0.0005025181506132203	0.00033061891507470576	0	0	false	0	12	0
SAMN12364538	210	1089	plasmid	0.7759819264665878	0.8759402192787699	0	0	true	7	3	2
SAMN12364538	212	1023	chromosome	0.0024123556419008763	0.00038028671862265945	0	0	false	0	11	1
SAMN12364538	213	1018	chromosome	2.629307352510889e-05	0.00029672717800184167	0	0	false	0	11	1
SAMN12364538	214	1017	chromosome	0.0005025181506132203	0.00029672717800184167	0	0	false	0	12	0
SAMN12364538	22	64281	chromosome	0.0005025181506132203	0.00022381170846690935	0	0	false	0	12	0
SAMN12364538	23	59507	chromosome	0.0009329050566734367	0.00022381170846690935	0	0	false	1	11	0
SAMN12364538	24	56490	chromosome	0.0005025181506132203	0.00022381170846690935	0	0	false	0	12	0
SAMN12364538	25	56190	chromosome	0.0005025181506132203	0.00022381170846690935	0	0	false	0	12	0
SAMN12364538	26	54468	chromosome	0.0005025181506132203	0.00022381170846690935	0	0	false	0	12	0
SAMN12364538	27	54039	chromosome	0.0005025181506132203	0.00022381170846690935	0	0	false	0	12	0
SAMN12364538	28	52628	chromosome	0.0005025181506132203	0.00022381170846690935	0	0	false	0	12	0
SAMN12364538	29	49443	plasmid	0.9931544050611385	0.9880557277512227	1	1	false	11	1	0
SAMN12364538	3	138512	chromosome	0.0005025181506132203	0.00019671039646731057	0	0	false	0	12	0
SAMN12364538	30	43534	chromosome	0.0005025181506132203	0.00022381170846690935	0	0	false	0	12	0
SAMN12364538	31	43506	chromosome	0.0005025181506132203	0.00022381170846690935	0	0	false	0	12	0
SAMN12364538	32	42887	chromosome	0.0005025181506132203	0.00022381170846690935	0	0	false	0	12	0
SAMN12364538	33	42003	chromosome	0.0005025181506132203	0.00022381170846690935	0	0	false	0	12	0
SAMN12364538	34	40850	chromosome	0.0005025181506132203	0.00022381170846690935	0	0	false	0	12	0
SAMN12364538	35	40570	chromosome	0.0005025181506132203	0.00022381170846690935	0	0	false	0	12	0
SAMN12364538	36	40453	chromosome	0.0005025181506132203	0.00022381170846690935	0	0	false	0	12	0
SAMN12364538	37	39881	chromosome	0.0005025181506132203	0.00022381170846690935	0	0	false	0	12	0
SAMN12364538	38	39612	chromosome	0.0047632320085462835	0.00022381170846690935	0	0	false	1	11	0
SAMN12364538	39	39599	chromosome	0.0005025181506132203	0.00022381170846690935	0	0	false	0	12	0
SAMN12364538	4	138417	chromosome	0.0005025181506132203	0.00019671039646731057	0	0	false	0	12	0
SAMN12364538	40	38015	chromosome	0.0005025181506132203	0.00022381170846690935	0	0	false	0	12	0
SAMN12364538	41	37242	chromosome	0.0009329050566734367	0.00022381170846690935	0	0	false	1	11	0
SAMN12364538	42	37151	chromosome	0.0005025181506132203	0.00022381170846690935	0	0	false	0	12	0
SAMN12364538	43	37014	chromosome	0.0005025181506132203	0.00022381170846690935	0	0	false	0	12	0
SAMN12364538	44	37008	chromosome	0.0009329050566734367	0.00022381170846690935	0	0	false	1	11	0
SAMN12364538	45	35938	chromosome	0.0005025181506132203	0.00022381170846690935	0	0	false	0	12	0
SAMN12364538	46	34800	chromosome	0.0005025181506132203	0.00023900560246796956	0	0	false	0	12	0
SAMN12364538	47	34671	chromosome	0.0005025181506132203	0.00023900560246796956	0	0	false	0	12	0
SAMN12364538	48	34180	chromosome	0.0023477360266118638	0.00019900060759734335	0	0	false	1	11	0
SAMN12364538	49	34060	chromosome	0.0005025181506132203	0.00023900560246796956	0	0	false	0	12	0
SAMN12364538	5	121727	chromosome	0.0005025181506132203	0.00019671039646731057	0	0	false	0	12	0
SAMN12364538	50	33287	chromosome	0.0005025181506132203	0.00023900560246796956	0	0	false	0	12	0
SAMN12364538	51	32901	chromosome	0.0009329050566734367	0.00023900560246796956	0	0	false	1	11	0
SAMN12364538	52	32888	chromosome	0.0005025181506132203	0.00023900560246796956	0	0	false	0	12	0
SAMN12364538	53	31959	chromosome	0.0005025181506132203	0.00023900560246796956	0	0	false	0	12	0
SAMN12364538	54	31226	chromosome	0.0005025181506132203	0.00023900560246796956	0	0	false	0	12	0
SAMN12364538	55	31046	chromosome	0.0005025181506132203	0.00023900560246796956	0	0	false	0	12	0
SAMN12364538	56	30593	chromosome	0.0005025181506132203	0.00023900560246796956	0	0	false	0	12	0
SAMN12364538	57	30399	chromosome	0.0005025181506132203	0.00023900560246796956	0	0	false	0	12	0
SAMN12364538	58	30388	chromosome	0.0005025181506132203	0.00023900560246796956	0	0	false	0	12	0
SAMN12364538	59	29665	chromosome	0.0005025181506132203	0.00023900560246796956	0	0	false	0	12	0
SAMN12364538	6	112882	chromosome	0.0005025181506132203	0.00019671039646731057	0	0	false	0	12	0
SAMN12364538	60	28289	chromosome	0.0005025181506132203	0.00023900560246796956	0	0	false	0	12	0
SAMN12364538	61	28208	chromosome	0.0009329050566734367	0.00023900560246796956	0	0	false	1	11	0
SAMN12364538	62	27035	chromosome	0.0009329050566734367	0.00023900560246796956	0	0	false	1	11	0
SAMN12364538	63	25663	chromosome	0.0005025181506132203	0.00023900560246796956	0	0	false	0	12	0
SAMN12364538	64	24831	chromosome	0.0009329050566734367	0.00023900560246796956	0	0	false	1	11	0
SAMN12364538	65	23870	chromosome	0.0005025181506132203	0.00023900560246796956	0	0	false	0	12	0
SAMN12364538	66	23654	chromosome	0.0023477360266118638	0.00019900060759734335	0	0	false	1	11	0
SAMN12364538	67	23060	chromosome	0.0005025181506132203	0.00023900560246796956	0	0	false	0	12	0
SAMN12364538	68	22914	plasmid	0.9875647758701592	0.652562911861762	1	1	false	10	2	0
SAMN12364538	69	22652	chromosome	0.0005025181506132203	0.00023900560246796956	0	0	false	0	12	0
SAMN12364538	7	112288	chromosome	0.01145612891041697	0.0002505082418155387	0	0	false	1	10	1
SAMN12364538	70	22431	chromosome	0.0005025181506132203	0.00023900560246796956	0	0	false	0	12	0
SAMN12364538	71	22068	chromosome	0.0005025181506132203	0.00023900560246796956	0	0	false	0	12	0
SAMN12364538	72	21921	chromosome	0.0005025181506132203	0.00023900560246796956	0	0	false	0	12	0
SAMN12364538	73	21375	chromosome	0.0005025181506132203	0.00023900560246796956	0	0	false	0	12	0
SAMN12364538	74	20987	chromosome	0.0005025181506132203	0.00024715966062493567	0	0	false	0	12	0
SAMN12364538	75	20957	chromosome	0.0005025181506132203	0.00024715966062493567	0	0	false	0	12	0
SAMN12364538	76	20253	chromosome	0.0043515984760592406	0.0002551483559227844	0	0	false	2	10	0
SAMN12364538	77	20190	chromosome	0.0005025181506132203	0.00024715966062493567	0	0	false	0	12	0
SAMN12364538	78	20025	chromosome	0.0005025181506132203	0.00024715966062493567	0	0	false	0	12	0
SAMN12364538	79	19082	chromosome	0.0005025181506132203	0.00024715966062493567	0	0	false	0	12	0
SAMN12364538	8	112044	chromosome	0.0005025181506132203	0.00019671039646731057	0	0	false	0	12	0
SAMN12364538	80	18173	chromosome	0.0005025181506132203	0.00024715966062493567	0	0	false	0	12	0
SAMN12364538	81	18168	chromosome	0.0024123556419008763	0.00038144511972821677	0	0	false	0	11	1
SAMN12364538	82	16968	chromosome	0.0005025181506132203	0.00032757149291023495	0	0	false	0	12	0
SAMN12364538	83	16654	chromosome	0.0023477360266118638	0.0002727462956516288	0	0	false	1	11	0
SAMN12364538	84	16416	chromosome	0.0005025181506132203	0.00032757149291023495	0	0	false	0	12	0
SAMN12364538	85	16405	chromosome	0.0005025181506132203	0.00032757149291023495	0	0	false	0	12	0
SAMN12364538	86	15464	chromosome	0.0005025181506132203	0.00032757149291023495	0	0	false	0	12	0
SAMN12364538	87	15273	chromosome	0.0009329050566734367	0.00032757149291023495	0	0	false	1	11	0
SAMN12364538	88	15191	chromosome	0.0009329050566734367	0.00032757149291023495	0	0	false	1	11	0
SAMN12364538	89	15070	chromosome	0.0005025181506132203	0.00032757149291023495	0	0	false	0	12	0
SAMN12364538	9	101408	chromosome	0.0005025181506132203	0.00019671039646731057	0	0	false	0	12	0
SAMN12364538	90	14624	chromosome	0.0005025181506132203	0.00032757149291023495	0	0	false	0	12	0
SAMN12364538	91	13239	plasmid	0.9996166454176644	0.9692804804576599	1	1	false	11	0	1
SAMN12364538	92	13192	chromosome	0.0005025181506132203	0.00032757149291023495	0	0	false	0	12	0
SAMN12364538	93	12281	chromosome	0.0009329050566734367	0.00032757149291023495	0	0	false	1	11	0
SAMN12364538	94	12109	chromosome	0.9508635198395291	0.8444410503173342	1	1	false	10	2	0
SAMN12364538	95	11783	chromosome	0.0009329050566734367	0.00032757149291023495	0	0	false	1	11	0
SAMN12364538	96	11626	chromosome	0.0005025181506132203	0.00032757149291023495	0	0	false	0	12	0
SAMN12364538	97	11595	chromosome	0.0005025181506132203	0.00032757149291023495	0	0	false	0	12	0
SAMN12364538	98	11187	plasmid	0.937435332346856	0.5153949019752541	1	1	false	9	3	0
SAMN12364538	99	10879	chromosome	0.0043515984760592406	0.0003381583805791968	0	0	false	2	10	0
SAMN18912321	1	239070	chromosome	0.0005025181506132203	0.0002672873604441922	0	0	false	0	12	0
SAMN18912321	10	126886	chromosome	0.0005025181506132203	0.0002672873604441922	0	0	false	0	12	0
SAMN18912321	100	3059	chromosome	0.004577434572920169	0.0005154292207036854	0	0	false	1	10	1
SAMN18912321	101	2968	chromosome	0.0024123556419008763	0.0004893407738081745	0	0	false	0	11	1
SAMN18912321	103	2824	chromosome	0.0009329050566734367	0.00045420723350961815	0	0	false	1	11	0
SAMN18912321	104	2806	chromosome	0.006724141415640177	0.0003654744619548834	0	0	false	1	11	0
SAMN18912321	105	2739	chromosome	0.0009329050566734367	0.00045420723350961815	0	0	false	1	11	0
SAMN18912321	107	2577	chromosome	0.0005025181506132203	0.00045420723350961815	0	0	false	0	12	0
SAMN18912321	108	2479	chromosome	0.0008875923849391506	0.00045420723350961815	0	0	false	1	11	0
SAMN18912321	109	2452	chromosome	0.3110405429731997	0.6329786597075993	0	0	false	5	5	2
SAMN18912321	11	112409	chromosome	0.0005025181506132203	0.0002672873604441922	0	0	false	0	12	0
SAMN18912321	110	2325	chromosome	0.0005025181506132203	0.0004031743064177074	0	0	false	0	12	0
SAMN18912321	111	2325	chromosome	0.0023477360266118638	0.0003356998178066462	0	0	false	1	11	0
SAMN18912321	112	2274	plasmid	0.987146047145738	0.4672023815551215	1	1	false	9	3	0
SAMN18912321	113	2199	chromosome	0.0023477360266118638	0.0003356998178066462	0	0	false	1	11	0
SAMN18912321	114	2198	chromosome	2.629307352510889e-05	0.0004031743064177074	0	0	false	0	11	1
SAMN18912321	115	2159	chromosome	0.0024123556419008763	0.00043436209658869823	0	0	false	0	11	1
SAMN18912321	116	2097	chromosome	0.0005025181506132203	0.0004031743064177074	0	0	false	0	12	0
SAMN18912321	117	1961	chromosome	0.008058000285887022	0.009694039795465409	0	0	false	1	10	1
SAMN18912321	118	1960	chromosome	0.0035206799431833614	0.00040220495510193615	0	0	false	2	9	1
SAMN18912321	119	1884	chromosome	0.00012599395954687636	0.0003847557351072601	0	0	false	1	10	1
SAMN18912321	12	111395	chromosome	0.0005025181506132203	0.0002672873604441922	0	0	false	0	12	0
SAMN18912321	120	1881	chromosome	0.0023477360266118638	0.0003356998178066462	0	0	false	1	11	0
SAMN18912321	121	1868	chromosome	0.0008875923849391506	0.0004031743064177074	0	0	false	1	11	0
SAMN18912321	122	1786	chromosome	0.0023477360266118638	0.0003356998178066462	0	0	false	1	11	0
SAMN18912321	123	1702	chromosome	0.0004231276172503976	0.009193342972284042	0	0	false	2	9	1
SAMN18912321	124	1586	chromosome	2.629307352510889e-05	0.0004031743064177074	0	0	false	0	11	1
SAMN18912321	125	1575	chromosome	0.0023477360266118638	0.0003356998178066462	0	0	false	1	11	0
SAMN18912321	126	1575	chromosome	0.0023477360266118638	0.0003356998178066462	0	0	false	1	11	0
SAMN18912321	127	1516	chromosome	2.629307352510889e-05	0.0004031743064177074	0	0	false	0	11	1
SAMN18912321	128	1479	chromosome	0.01145612891041697	0.0004145193364897384	0	0	false	1	10	1
SAMN18912321	129	1438	chromosome	0.0024123556419008763	0.00043436209658869823	0	0	false	0	11	1
SAMN18912321	13	111157	chromosome	0.0005025181506132203	0.0002672873604441922	0	0	false	0	12	0
SAMN18912321	130	1364	chromosome	0.00012644978029706448	0.00043436209658869823	0	0	false	0	10	2
SAMN18912321	131	1311	chromosome	0.0005025181506132203	0.0004031743064177074	0	0	false	0	12	0
SAMN18912321	132	1299	chromosome	0.006724141415640177	0.00032440796217980195	0	0	false	1	11	0
SAMN18912321	133	1282	chromosome	0.0006230974243322653	0.0004145193364897384	0	0	false	1	9	2
SAMN18912321	134	1262	chromosome	0.0013734342506121736	0.0009245437238742689	0	0	false	2	9	1
SAMN18912321	135	1245	chromosome	0.0005025181506132203	0.0004031743064177074	0	0	false	0	12	0
SAMN18912321	136	1227	chromosome	0.0023477360266118638	0.0003356998178066462	0	0	false	1	11	0
SAMN18912321	137	1167	chromosome	0.0023477360266118638	0.0003356998178066462	0	0	false	1	11	0
SAMN18912321	138	1118	chromosome	0.030712803277361277	0.0003348926409407101	0	0	false	2	10	0
SAMN18912321	139	1097	chromosome	0.0023477360266118638	0.0003356998178066462	0	0	false	1	11	0
SAMN18912321	14	107847	chromosome	0.0005025181506132203	0.0002672873604441922	0	0	false	0	12	0
SAMN18912321	140	1069	chromosome	0.00012599395954687636	0.0003847557351072601	0	0	false	1	10	1
SAMN18912321	141	1053	chromosome	0.030712803277361277	0.0003348926409407101	0	0	false	2	10	0
SAMN18912321	142	1040	chromosome	0.09417003732832693	0.006152507439473356	0	0	false	3	9	0
SAMN18912321	143	1016	chromosome	0.01145612891041697	0.0004145193364897384	0	0	false	1	10	1
SAMN18912321	144	1010	chromosome	0.0005025181506132203	0.0004031743064177074	0	0	false	0	12	0
SAMN18912321	145	1007	chromosome	0.0023477360266118638	0.0003356998178066462	0	0	false	1	11	0
SAMN18912321	15	107665	chromosome	0.0005025181506132203	0.0002672873604441922	0	0	false	0	12	0
SAMN18912321	16	97339	chromosome	0.0023477360266118638	0.00019242473508039343	0	0	false	1	11	0
SAMN18912321	17	91798	chromosome	0.0005025181506132203	0.0002672873604441922	0	0	false	0	12	0
SAMN18912321	18	89788	chromosome	0.0023477360266118638	0.00019242473508039343	0	0	false	1	11	0
SAMN18912321	19	89033	chromosome	0.0005025181506132203	0.0002672873604441922	0	0	false	0	12	0
SAMN18912321	2	229100	chromosome	0.0005025181506132203	0.0002672873604441922	0	0	false	0	12	0
SAMN18912321	20	86932	chromosome	0.0023477360266118638	0.00019242473508039343	0	0	false	1	11	0
SAMN18912321	21	82699	chromosome	0.0005025181506132203	0.0002672873604441922	0	0	false	0	12	0
SAMN18912321	22	79456	chromosome	0.0009329050566734367	0.0002672873604441922	0	0	false	1	11	0
SAMN18912321	23	76961	chromosome	0.0005025181506132203	0.0004492188128958452	0	0	false	0	12	0
SAMN18912321	24	75499	chromosome	0.0005025181506132203	0.0004492188128958452	0	0	false	0	12	0
SAMN18912321	25	72819	chromosome	0.0005025181506132203	0.0004492188128958452	0	0	false	0	12	0
SAMN18912321	26	71370	chromosome	0.0023477360266118638	0.00032341677882516976	0	0	false	1	11	0
SAMN18912321	27	67652	plasmid	0.999822425133984	0.9922060466349983	1	1	false	12	0	0
SAMN18912321	28	65873	chromosome	0.0005025181506132203	0.0004492188128958452	0	0	false	0	12	0
SAMN18912321	29	63115	chromosome	0.0009329050566734367	0.00030410928997171786	0	0	false	1	11	0
SAMN18912321	3	223277	chromosome	0.0005025181506132203	0.0002672873604441922	0	0	false	0	12	0
SAMN18912321	30	61969	chromosome	0.0005025181506132203	0.00030410928997171786	0	0	false	0	12	0
SAMN18912321	31	60480	chromosome	0.0023477360266118638	0.00021893572946223838	0	0	false	1	11	0
SAMN18912321	32	60162	chromosome	0.0005025181506132203	0.00030410928997171786	0	0	false	0	12	0
SAMN18912321	33	60004	chromosome	0.0005025181506132203	0.00030410928997171786	0	0	false	0	12	0
SAMN18912321	34	57360	chromosome	0.0005025181506132203	0.00030410928997171786	0	0	false	0	12	0
SAMN18912321	35	57298	chromosome	0.0043515984760592406	0.0002714460603842508	0	0	false	2	10	0
SAMN18912321	36	56765	chromosome	0.0005025181506132203	0.00030410928997171786	0	0	false	0	12	0
SAMN18912321	37	55590	chromosome	0.0005025181506132203	0.00030410928997171786	0	0	false	0	12	0
SAMN18912321	38	53930	chromosome	0.05557835120585066	0.0002550845607031577	0	0	false	3	9	0
SAMN18912321	39	53109	chromosome	0.0009329050566734367	0.00030410928997171786	0	0	false	1	11	0
SAMN18912321	4	168894	chromosome	0.0005025181506132203	0.0002672873604441922	0	0	false	0	12	0
SAMN18912321	40	52720	chromosome	0.0005025181506132203	0.00030410928997171786	0	0	false	0	12	0
SAMN18912321	41	52306	chromosome	0.004577434572920169	0.00045218480441043307	0	0	false	1	10	1
SAMN18912321	42	51164	chromosome	0.0005025181506132203	0.00030410928997171786	0	0	false	0	12	0
SAMN18912321	43	49004	chromosome	0.0005025181506132203	0.00030410928997171786	0	0	false	0	12	0
SAMN18912321	44	48439	chromosome	0.0005025181506132203	0.00030410928997171786	0	0	false	0	12	0
SAMN18912321	45	47300	plasmid	0.9998163689443657	0.9922060466349983	1	1	false	11	1	0
SAMN18912321	46	45055	chromosome	0.0005025181506132203	0.00030410928997171786	0	0	false	0	12	0
SAMN18912321	47	43752	chromosome	0.0023477360266118638	0.00021893572946223838	0	0	false	1	11	0
SAMN18912321	48	43526	chromosome	0.0005025181506132203	0.00030410928997171786	0	0	false	0	12	0
SAMN18912321	49	40463	chromosome	0.0005025181506132203	0.00030410928997171786	0	0	false	0	12	0
SAMN18912321	5	161462	chromosome	0.0005025181506132203	0.0002672873604441922	0	0	false	0	12	0
SAMN18912321	50	38991	chromosome	0.0005025181506132203	0.00030410928997171786	0	0	false	0	12	0
SAMN18912321	51	35374	chromosome	0.0005025181506132203	0.00032475257110604715	0	0	false	0	12	0
SAMN18912321	52	31530	chromosome	0.0005025181506132203	0.00032475257110604715	0	0	false	0	12	0
SAMN18912321	53	31369	chromosome	0.014137038622815292	0.007871774599903316	0	0	false	3	9	0
SAMN18912321	54	30712	chromosome	0.0005025181506132203	0.00032475257110604715	0	0	false	0	12	0
SAMN18912321	55	30495	chromosome	0.0005025181506132203	0.00032475257110604715	0	0	false	0	12	0
SAMN18912321	56	29124	chromosome	0.00012599395954687636	0.00030991549909648215	0	0	false	1	10	1
SAMN18912321	57	28093	chromosome	0.0005025181506132203	0.00032475257110604715	0	0	false	0	12	0
SAMN18912321	58	27894	chromosome	0.0009329050566734367	0.00032475257110604715	0	0	false	1	11	0
SAMN18912321	59	26571	chromosome	0.0005025181506132203	0.00032475257110604715	0	0	false	0	12	0
SAMN18912321	6	150431	chromosome	0.0005025181506132203	0.0002672873604441922	0	0	false	0	12	0
SAMN18912321	60	26139	chromosome	0.0005025181506132203	0.00032475257110604715	0	0	false	0	12	0
SAMN18912321	61	25083	chromosome	0.0005025181506132203	0.00032475257110604715	0	0	false	0	12	0
SAMN18912321	62	24610	chromosome	0.0005025181506132203	0.00032475257110604715	0	0	false	0	12	0
SAMN18912321	63	24402	plasmid	0.9929225458808841	0.9787069893121718	1	1	false	10	2	0
SAMN18912321	64	19135	chromosome	0.0005025181506132203	0.00033583104148357274	0	0	false	0	12	0
SAMN18912321	65	16275	chromosome	0.0024123556419008763	0.0005773971291665712	0	0	false	0	11	1
SAMN18912321	66	14099	chromosome	0.0043515984760592406	0.0004594615988110318	0	0	false	2	10	0
SAMN18912321	67	12316	chromosome	0.0005025181506132203	0.00044507870357542493	0	0	false	0	12	0
SAMN18912321	68	11744	chromosome	0.0076617658502466796	0.008645862457693951	0	0	false	2	10	0
SAMN18912321	69	11336	chromosome	0.05557835120585066	0.00043177229580098557	0	0	false	3	9	0
SAMN18912321	7	144635	chromosome	0.0005025181506132203	0.0002672873604441922	0	0	false	0	12	0
SAMN18912321	70	10567	chromosome	0.0023477360266118638	0.0003705937744291224	0	0	false	1	11	0
SAMN18912321	71	9879	chromosome	0.1768155366287596	0.0005913573611943444	0	0	false	3	8	1
SAMN18912321	72	9465	chromosome	0.0023477360266118638	0.0003705937744291224	0	0	false	1	11	0
SAMN18912321	73	9194	plasmid	0.9929225458808841	0.9363407436873841	1	1	false	10	2	0
SAMN18912321	74	8549	plasmid	0.9931544050611385	0.9760410773182101	1	1	false	11	1	0
SAMN18912321	75	8106	chromosome	0.0043515984760592406	0.0004594615988110318	0	0	false	2	10	0
SAMN18912321	76	8092	plasmid	0.9929225458808841	0.9342864977048259	1	1	false	10	2	0
SAMN18912321	77	7939	chromosome	0.0005025181506132203	0.00044507870357542493	0	0	false	0	12	0
SAMN18912321	78	7748	chromosome	0.0003623630713839953	0.000494262733702148	0	0	false	1	10	1
SAMN18912321	79	7668	plasmid	0.937435332346856	0.5801882860015898	1	1	false	9	3	0
SAMN18912321	8	133563	chromosome	0.0005025181506132203	0.0002672873604441922	0	0	false	0	12	0
SAMN18912321	80	7493	chromosome	0.008250824070168914	0.0006942565027082655	0	0	false	2	9	1
SAMN18912321	81	7105	chromosome	0.0047632320085462835	0.00044507870357542493	0	0	false	1	11	0
SAMN18912321	82	6877	chromosome	0.012416904730863208	0.0005346563351384551	0	0	false	2	10	0
SAMN18912321	83	6817	chromosome	0.030712803277361277	0.0004451870632364604	0	0	false	2	10	0
SAMN18912321	84	6501	plasmid	0.9635954046298301	0.8973363298047444	1	1	false	9	3	0
SAMN18912321	85	5703	chromosome	0.006724141415640177	0.0004312508224542364	0	0	false	1	11	0
SAMN18912321	86	5656	chromosome	0.030712803277361277	0.0004451870632364604	0	0	false	2	10	0
SAMN18912321	87	5598	chromosome	0.0023477360266118638	0.0003705937744291224	0	0	false	1	11	0
SAMN18912321	88	5241	plasmid	0.9500513350318119	0.8714485557554784	1	1	false	8	4	0
SAMN18912321	89	5207	chromosome	0.006724141415640177	0.0004400958684821669	0	0	false	1	11	0
SAMN18912321	9	130206	chromosome	0.0005025181506132203	0.0002672873604441922	0	0	false	0	12	0
SAMN18912321	90	5099	plasmid	0.999822425133984	0.9783032538756922	1	1	false	12	0	0
SAMN18912321	91	4859	chromosome	0.006724141415640177	0.0004400958684821669	0	0	false	1	11	0
SAMN18912321	92	4854	chromosome	0.030712803277361277	0.00045431781460880904	0	0	false	2	10	0
SAMN18912321	93	4807	chromosome	0.0009329050566734367	0.00045420723350961815	0	0	false	1	11	0
SAMN18912321	94	4503	chromosome	0.0024123556419008763	0.000589237900009763	0	0	false	0	11	1
SAMN18912321	95	4220	chromosome	0.0024123556419008763	0.000589237900009763	0	0	false	0	11	1
SAMN18912321	96	4169	chromosome	0.0005025181506132203	0.00045420723350961815	0	0	false	0	12	0
SAMN18912321	97	4158	chromosome	0.0005025181506132203	0.00045420723350961815	0	0	false	0	12	0
SAMN18912321	98	4089	chromosome	0.0005025181506132203	0.00045420723350961815	0	0	false	0	12	0
SAMN18912321	99	4077	chromosome	0.006724141415640177	0.0003654744619548834	0	0	false	1	11	0
SAMN26796540	1	229218	chromosome	0.0005025181506132203	0.00016438139616329708	0	0	false	0	12	0
SAMN26796540	10	139315	chromosome	0.0005025181506132203	0.00016438139616329708	0	0	false	0	12	0
SAMN26796540	100	5240	chromosome	8.832123692355431e-05	0.007086722587146952	0	0	false	1	10	1
SAMN26796540	102	4576	chromosome	4.999832459226084e-05	0.0003201821566546596	0	0	false	1	10	1
SAMN26796540	103	4398	chromosome	0.0043515984760592406	0.00028838607357406726	0	0	false	2	10	0
SAMN26796540	104	4309	chromosome	0.0005025181506132203	0.0002793569960943478	0	0	false	0	12	0
SAMN26796540	105	4253	chromosome	0.9857568595095695	0.9315883126347578	1	1	false	10	1	1
SAMN26796540	106	4246	chromosome	0.0043515984760592406	0.00028838607357406726	0	0	false	2	10	0
SAMN26796540	107	4171	plasmid	0.6716704421602296	0.29298963537908135	0	0	false	7	5	0
SAMN26796540	108	3983	chromosome	0.00016794031032910778	0.007432500984514872	0	0	false	2	9	1
SAMN26796540	109	3968	chromosome	0.5806020471186926	0.4184510596851613	0	0	false	5	7	0
SAMN26796540	11	139257	chromosome	0.0005025181506132203	0.00016438139616329708	0	0	false	0	12	0
SAMN26796540	110	3488	plasmid	0.9771684887504359	0.741866739346736	1	1	false	9	2	1
SAMN26796540	111	3460	chromosome	0.0005025181506132203	0.0002793569960943478	0	0	false	0	12	0
SAMN26796540	112	3349	plasmid	0.7849934510745252	0.7129296646912193	0	0	false	9	3	0
SAMN26796540	114	3316	chromosome	0.008810584535168064	0.00034635396006352167	0	0	false	2	10	0
SAMN26796540	115	3293	plasmid	0.9699349148543481	0.8574827193125518	1	1	false	9	2	1
SAMN26796540	116	3237	plasmid	0.28526982757881375	0.25369489418970637	0	0	false	7	5	0
SAMN26796540	117	3171	chromosome	4.999832459226084e-05	0.0003201821566546596	0	0	false	1	10	1
SAMN26796540	118	3133	chromosome	0.9508635198395291	0.8015741166271461	1	1	false	10	2	0
SAMN26796540	119	3123	chromosome	0.0005025181506132203	0.0002793569960943478	0	0	false	0	12	0
SAMN26796540	12	98230	chromosome	0.0005025181506132203	0.00016438139616329708	0	0	false	0	12	0
SAMN26796540	120	3068	chromosome	0.0005025181506132203	0.0002793569960943478	0	0	false	0	12	0
SAMN26796540	121	2876	chromosome	0.0009329050566734367	0.0002793569960943478	0	0	false	1	11	0
SAMN26796540	123	2827	chromosome	0.6790244802303577	0.25369489418970637	0	0	false	8	4	0
SAMN26796540	124	2814	plasmid	0.9647539237935542	0.8570844599864652	1	1	false	10	2	0
SAMN26796540	125	2687	chromosome	0.0009329050566734367	0.0002793569960943478	0	0	false	1	11	0
SAMN26796540	126	2462	chromosome	0.900702896221801	0.16272053762936722	0	0	false	4	8	0
SAMN26796540	128	2209	chromosome	0.0005025181506132203	0.00024796467605579916	0	0	false	0	12	0
SAMN26796540	129	2195	chromosome	0.636548494491201	0.6151095527719755	0	0	false	5	6	1
SAMN26796540	13	94675	chromosome	0.0005025181506132203	0.00016438139616329708	0	0	false	0	12	0
SAMN26796540	130	2095	chromosome	0.0005025181506132203	0.00024796467605579916	0	0	false	0	12	0
SAMN26796540	131	2062	chromosome	0.0023477360266118638	0.00020646041223692797	0	0	false	1	11	0
SAMN26796540	132	2061	chromosome	0.993829937627673	0.7113431184163824	1	1	false	5	6	1
SAMN26796540	133	2057	plasmid	0.9698205405080683	0.7320566060094126	1	1	false	8	3	1
SAMN26796540	134	1836	chromosome	0.0005025181506132203	0.00024796467605579916	0	0	false	0	12	0
SAMN26796540	135	1777	chromosome	0.0005025181506132203	0.00024796467605579916	0	0	false	0	12	0
SAMN26796540	136	1734	chromosome	0.0023477360266118638	0.00020646041223692797	0	0	false	1	11	0
SAMN26796540	137	1714	chromosome	0.0009329050566734367	0.00024796467605579916	0	0	false	1	11	0
SAMN26796540	138	1682	plasmid	0.08372653146359807	0.03860402643561336	0	0	false	6	6	0
SAMN26796540	139	1672	chromosome	0.0005025181506132203	0.00024796467605579916	0	0	false	0	12	0
SAMN26796540	14	94460	chromosome	0.0005025181506132203	0.00016438139616329708	0	0	false	0	12	0
SAMN26796540	140	1626	chromosome	0.017280150458700027	0.013521816621080554	0	0	false	2	10	0
SAMN26796540	141	1579	chromosome	0.00012599395954687636	0.00023663500611796528	0	0	false	1	10	1
SAMN26796540	142	1565	chromosome	0.9110606383483703	0.2602470739336788	0	0	false	8	4	0
SAMN26796540	144	1560	chromosome	0.005330860969131464	0.000568287845348575	0	0	false	1	11	0
SAMN26796540	145	1528	chromosome	0.0076617658502466796	0.005673396641115408	0	0	false	2	10	0
SAMN26796540	146	1505	plasmid	0.48793662448218494	0.0018631873082747199	0	0	false	3	9	0
SAMN26796540	147	1490	plasmid	0.84091765654465	0.7970448181703523	0	0	true	8	4	0
SAMN26796540	148	1474	plasmid	0.8236861132887235	0.1980782006901268	0	0	false	6	5	1
SAMN26796540	15	93374	chromosome	0.0005025181506132203	0.00016438139616329708	0	0	false	0	12	0
SAMN26796540	152	1276	chromosome	0.0005025181506132203	0.00024796467605579916	0	0	false	0	12	0
SAMN26796540	153	1198	chromosome	0.8178592258974834	0.7927996205678659	0	0	false	8	3	1
SAMN26796540	154	1169	plasmid	0.9655381836056843	0.8005407781781753	1	0	true	9	3	0
SAMN26796540	155	1152	chromosome	0.013227528526758615	0.0004527508951358504	0	0	false	3	8	1
SAMN26796540	157	1057	chromosome	0.3110405429731997	0.47325564647419743	0	0	false	5	5	2
SAMN26796540	158	1051	plasmid	0.7875689535881585	0.018572320797480456	0	0	false	3	7	2
SAMN26796540	159	1014	plasmid	0.9387888901759281	0.4055113399862152	1	0	true	8	4	0
SAMN26796540	16	81020	chromosome	0.0023477360266118638	0.00011833756247355354	0	0	false	1	11	0
SAMN26796540	17	77960	chromosome	0.0005025181506132203	0.00016438139616329708	0	0	false	0	12	0
SAMN26796540	18	74904	chromosome	0.0023477360266118638	0.0001989052185318491	0	0	false	1	11	0
SAMN26796540	19	74383	chromosome	0.0005025181506132203	0.0002762883719275689	0	0	false	0	12	0
SAMN26796540	2	202449	chromosome	0.0005025181506132203	0.00016438139616329708	0	0	false	0	12	0
SAMN26796540	20	74321	chromosome	0.0005025181506132203	0.0002762883719275689	0	0	false	0	12	0
SAMN26796540	21	67051	chromosome	0.0043515984760592406	0.00024661254487330224	0	0	false	2	10	0
SAMN26796540	22	61051	chromosome	0.0023477360266118638	0.00013464269579499213	0	0	false	1	11	0
SAMN26796540	23	60627	chromosome	0.0005025181506132203	0.00018702948942142978	0	0	false	0	12	0
SAMN26796540	24	57286	chromosome	0.0023477360266118638	0.00013464269579499213	0	0	false	1	11	0
SAMN26796540	25	56098	chromosome	0.0005025181506132203	0.00018702948942142978	0	0	false	0	12	0
SAMN26796540	26	55725	chromosome	0.0005025181506132203	0.00018702948942142978	0	0	false	0	12	0
SAMN26796540	27	55158	chromosome	0.0005025181506132203	0.00018702948942142978	0	0	false	0	12	0
SAMN26796540	28	55032	chromosome	0.0005025181506132203	0.00018702948942142978	0	0	false	0	12	0
SAMN26796540	29	53748	chromosome	0.0005025181506132203	0.00018702948942142978	0	0	false	0	12	0
SAMN26796540	3	177396	chromosome	0.0005025181506132203	0.00016438139616329708	0	0	false	0	12	0
SAMN26796540	30	52345	chromosome	0.0023477360266118638	0.00013464269579499213	0	0	false	1	11	0
SAMN26796540	31	52287	chromosome	0.0043515984760592406	0.00016693925884274006	0	0	false	2	10	0
SAMN26796540	32	50290	chromosome	0.0009329050566734367	0.00018702948942142978	0	0	false	1	11	0
SAMN26796540	33	49999	chromosome	0.0005025181506132203	0.00018702948942142978	0	0	false	0	12	0
SAMN26796540	34	49869	chromosome	0.0043515984760592406	0.00016693925884274006	0	0	false	2	10	0
SAMN26796540	35	48787	chromosome	0.0023477360266118638	0.00013464269579499213	0	0	false	1	11	0
SAMN26796540	36	48514	chromosome	0.0005025181506132203	0.00018702948942142978	0	0	false	0	12	0
SAMN26796540	37	48000	chromosome	0.0005025181506132203	0.00018702948942142978	0	0	false	0	12	0
SAMN26796540	38	46481	chromosome	0.0023477360266118638	0.00013464269579499213	0	0	false	1	11	0
SAMN26796540	39	45706	chromosome	0.0005025181506132203	0.00018702948942142978	0	0	false	0	12	0
SAMN26796540	4	176791	chromosome	0.0005025181506132203	0.00016438139616329708	0	0	false	0	12	0
SAMN26796540	40	45564	chromosome	0.0005025181506132203	0.00018702948942142978	0	0	false	0	12	0
SAMN26796540	41	45343	chromosome	0.0005025181506132203	0.00018702948942142978	0	0	false	0	12	0
SAMN26796540	42	43350	chromosome	0.0005025181506132203	0.00018702948942142978	0	0	false	0	12	0
SAMN26796540	43	43235	plasmid	0.999822425133984	0.9857396828050865	1	1	false	12	0	0
SAMN26796540	45	41731	chromosome	4.999832459226084e-05	0.0002143648247445786	0	0	false	1	10	1
SAMN26796540	46	41401	chromosome	0.0005025181506132203	0.00018702948942142978	0	0	false	0	12	0
SAMN26796540	47	41168	chromosome	0.0005025181506132203	0.00018702948942142978	0	0	false	0	12	0
SAMN26796540	48	40865	chromosome	0.0005025181506132203	0.00018702948942142978	0	0	false	0	12	0
SAMN26796540	49	40495	chromosome	0.0005025181506132203	0.00018702948942142978	0	0	false	0	12	0
SAMN26796540	5	175438	chromosome	0.0005025181506132203	0.00016438139616329708	0	0	false	0	12	0
SAMN26796540	50	39941	chromosome	0.0023477360266118638	0.00013464269579499213	0	0	false	1	11	0
SAMN26796540	51	39648	chromosome	0.0005025181506132203	0.00018702948942142978	0	0	false	0	12	0
SAMN26796540	52	39501	chromosome	0.0005025181506132203	0.00018702948942142978	0	0	false	0	12	0
SAMN26796540	53	38592	chromosome	0.0005025181506132203	0.00018702948942142978	0	0	false	0	12	0
SAMN26796540	54	37249	chromosome	0.0005025181506132203	0.00018702948942142978	0	0	false	0	12	0
SAMN26796540	55	36650	plasmid	0.9991779581661044	0.9144637621631981	1	1	false	10	1	1
SAMN26796540	56	32719	chromosome	0.0009329050566734367	0.000199726849636267	0	0	false	1	11	0
SAMN26796540	57	32676	chromosome	0.0005025181506132203	0.000199726849636267	0	0	false	0	12	0
SAMN26796540	58	30393	chromosome	0.0005025181506132203	0.000199726849636267	0	0	false	0	12	0
SAMN26796540	59	30126	chromosome	0.0005025181506132203	0.000199726849636267	0	0	false	0	12	0
SAMN26796540	6	162250	chromosome	0.0005025181506132203	0.00016438139616329708	0	0	false	0	12	0
SAMN26796540	60	29093	chromosome	0.0005025181506132203	0.000199726849636267	0	0	false	0	12	0
SAMN26796540	61	27726	chromosome	0.9508635198395291	0.8874404243996052	1	1	false	10	2	0
SAMN26796540	62	27366	chromosome	0.0009329050566734367	0.000199726849636267	0	0	false	1	11	0
SAMN26796540	63	26265	chromosome	0.0005025181506132203	0.000199726849636267	0	0	false	0	12	0
SAMN26796540	65	23868	chromosome	0.0005025181506132203	0.000199726849636267	0	0	false	0	12	0
SAMN26796540	66	22415	chromosome	0.0005025181506132203	0.000199726849636267	0	0	false	0	12	0
SAMN26796540	67	20336	chromosome	0.0005025181506132203	0.0002065411271999973	0	0	false	0	12	0
SAMN26796540	68	19896	chromosome	0.0023477360266118638	0.00017196913371669378	0	0	false	1	11	0
SAMN26796540	69	19398	plasmid	0.9406882464325212	0.4705400316832676	1	1	false	9	3	0
SAMN26796540	7	158348	chromosome	0.0005025181506132203	0.00016438139616329708	0	0	false	0	12	0
SAMN26796540	70	17284	chromosome	0.0009329050566734367	0.0002065411271999973	0	0	false	1	11	0
SAMN26796540	71	16760	chromosome	0.0023477360266118638	0.00022792378068048499	0	0	false	1	11	0
SAMN26796540	72	16516	chromosome	0.0005025181506132203	0.00027374159493487	0	0	false	0	12	0
SAMN26796540	73	15046	chromosome	0.0005025181506132203	0.00027374159493487	0	0	false	0	12	0
SAMN26796540	74	14552	chromosome	0.9516192321271825	0.7402599749803803	1	1	false	9	3	0
SAMN26796540	75	13542	chromosome	0.0009329050566734367	0.00027374159493487	0	0	false	1	11	0
SAMN26796540	76	13310	chromosome	0.7944342199327958	0.7402599749803803	0	0	false	9	3	0
SAMN26796540	77	13129	chromosome	0.0043515984760592406	0.0002825892287384152	0	0	false	2	10	0
SAMN26796540	78	12729	chromosome	0.0009329050566734367	0.00027374159493487	0	0	false	1	11	0
SAMN26796540	79	12207	chromosome	0.0016468472579477477	0.005168208680949357	0	0	false	1	11	0
SAMN26796540	8	156280	chromosome	0.0005025181506132203	0.00016438139616329708	0	0	false	0	12	0
SAMN26796540	80	11542	plasmid	0.9931544050611385	0.9772291994725301	1	1	false	11	1	0
SAMN26796540	81	10723	chromosome	0.0023477360266118638	0.00022792378068048499	0	0	false	1	11	0
SAMN26796540	83	9572	chromosome	0.0009329050566734367	0.00027374159493487	0	0	false	1	11	0
SAMN26796540	84	9116	plasmid	0.9975107036737277	0.8501420138211941	1	1	false	6	6	0
SAMN26796540	85	9115	chromosome	0.0012266715864819697	0.0002740726585744095	0	0	false	2	9	1
SAMN26796540	86	8759	chromosome	0.0004634353935261885	0.0003291643825184192	0	0	false	2	9	1
SAMN26796540	87	8756	chromosome	0.04900651868178209	0.3332187417319925	0	0	false	4	8	0
SAMN26796540	88	8725	chromosome	0.0043515984760592406	0.0002825892287384152	0	0	false	2	10	0
SAMN26796540	89	8312	chromosome	0.0005025181506132203	0.00027374159493487	0	0	false	0	12	0
SAMN26796540	9	153518	chromosome	0.0005025181506132203	0.00016438139616329708	0	0	false	0	12	0
SAMN26796540	90	8099	chromosome	0.9857568595095695	0.9224347972267474	1	1	false	10	1	1
SAMN26796540	91	7490	chromosome	0.014137038622815292	0.006195903583959499	0	0	false	3	9	0
SAMN26796540	92	7221	chromosome	0.6790244802303577	0.26179318872112894	0	0	false	8	4	0
SAMN26796540	93	7203	plasmid	0.9822296396125867	0.7533868394116139	1	1	false	6	6	0
SAMN26796540	94	6984	chromosome	0.0009329050566734367	0.00027374159493487	0	0	false	1	11	0
SAMN26796540	95	6850	chromosome	0.48016868216664477	0.7974142939173029	0	0	false	7	4	1
SAMN26796540	96	6462	chromosome	0.0009329050566734367	0.00027374159493487	0	0	false	1	11	0
SAMN26796540	97	6238	chromosome	0.9704222765871559	0.9367772992509142	1	1	false	10	1	1
SAMN26796540	98	6049	plasmid	0.9439675826435082	0.1685707477358804	1	1	false	5	7	0
SAMN26796540	99	5570	chromosome	0.19432772070795537	0.2938243182408439	0	0	false	5	7	0
SAMN29503401	1	313422	chromosome	0.0006280730365286135	0.0009500596940933647	0	0	false	0	11	1
SAMN29503401	10	136307	chromosome	0.0006280730365286135	0.0009500596940933647	0	0	false	0	11	1
SAMN29503401	100	1493	plasmid	0.8161493282074807	0.9759705969820649	0	0	false	8	2	2
SAMN29503401	101	1463	chromosome	0.00016201268231585663	0.0021848681523780004	0	0	false	1	9	2
SAMN29503401	102	1343	chromosome	0.0018160685744947425	0.00939841164245909	0	0	false	2	8	2
SAMN29503401	103	1130	plasmid	0.9471364869684571	0.9636331883076769	1	1	true	9	2	1
SAMN29503401	104	1010	chromosome	0.08870852400721763	0.009276825189156337	0	0	false	3	6	3
SAMN29503401	11	134651	chromosome	0.0006280730365286135	0.0009500596940933647	0	0	false	0	11	1
SAMN29503401	12	134498	chromosome	0.0006280730365286135	0.0009500596940933647	0	0	false	0	11	1
SAMN29503401	13	131189	chromosome	0.0006280730365286135	0.0009500596940933647	0	0	false	0	11	1
SAMN29503401	14	123274	chromosome	0.003002815211039815	0.001088794427392894	0	0	false	1	10	1
SAMN29503401	15	113971	chromosome	0.0006280730365286135	0.0009500596940933647	0	0	false	0	11	1
SAMN29503401	16	90072	chromosome	0.003002815211039815	0.001088794427392894	0	0	false	1	10	1
SAMN29503401	17	88691	chromosome	0.003002815211039815	0.001088794427392894	0	0	false	1	10	1
SAMN29503401	18	80007	chromosome	0.0006280730365286135	0.0009500596940933647	0	0	false	0	11	1
SAMN29503401	19	79188	chromosome	0.0006280730365286135	0.0009500596940933647	0	0	false	0	11	1
SAMN29503401	2	210660	chromosome	0.0006280730365286135	0.0009500596940933647	0	0	false	0	11	1
SAMN29503401	20	79084	chromosome	0.0006280730365286135	0.0009500596940933647	0	0	false	0	11	1
SAMN29503401	21	77675	chromosome	0.003002815211039815	0.0018288688519949106	0	0	false	1	10	1
SAMN29503401	22	77398	chromosome	0.0006280730365286135	0.001595984129854671	0	0	false	0	11	1
SAMN29503401	23	77388	chromosome	0.0006280730365286135	0.001595984129854671	0	0	false	0	11	1
SAMN29503401	24	77096	chromosome	0.0006280730365286135	0.001595984129854671	0	0	false	0	11	1
SAMN29503401	25	72349	chromosome	0.0006280730365286135	0.001595984129854671	0	0	false	0	11	1
SAMN29503401	26	62947	chromosome	0.003002815211039815	0.001370829589778013	0	0	false	1	10	1
SAMN29503401	27	60817	chromosome	0.0006280730365286135	0.0011962008291016562	0	0	false	0	11	1
SAMN29503401	28	60671	chromosome	0.0006280730365286135	0.0011962008291016562	0	0	false	0	11	1
SAMN29503401	29	55992	chromosome	0.0006280730365286135	0.0011962008291016562	0	0	false	0	11	1
SAMN29503401	3	199831	chromosome	0.0006280730365286135	0.0009500596940933647	0	0	false	0	11	1
SAMN29503401	30	51923	chromosome	0.0006280730365286135	0.0011962008291016562	0	0	false	0	11	1
SAMN29503401	31	48674	chromosome	0.0006280730365286135	0.0011962008291016562	0	0	false	0	11	1
SAMN29503401	32	48445	chromosome	0.003002815211039815	0.001370829589778013	0	0	false	1	10	1
SAMN29503401	33	43370	chromosome	0.0006280730365286135	0.0011962008291016562	0	0	false	0	11	1
SAMN29503401	34	42099	chromosome	0.003002815211039815	0.001370829589778013	0	0	false	1	10	1
SAMN29503401	35	40295	chromosome	3.286634851661794e-05	0.0011962008291016562	0	0	false	0	10	2
SAMN29503401	36	34965	chromosome	0.0006280730365286135	0.0012773229153878662	0	0	false	0	11	1
SAMN29503401	37	34834	chromosome	0.03363802138645841	0.635174900487624	0	0	false	4	7	1
SAMN29503401	38	34629	chromosome	0.0006280730365286135	0.0012773229153878662	0	0	false	0	11	1
SAMN29503401	39	34543	chromosome	0.0006280730365286135	0.0012773229153878662	0	0	false	0	11	1
SAMN29503401	4	192648	chromosome	0.0006280730365286135	0.0009500596940933647	0	0	false	0	11	1
SAMN29503401	40	30058	chromosome	0.0006280730365286135	0.0012773229153878662	0	0	false	0	11	1
SAMN29503401	41	29710	chromosome	0.0006280730365286135	0.0012773229153878662	0	0	false	0	11	1
SAMN29503401	42	28407	chromosome	0.0006280730365286135	0.0012773229153878662	0	0	false	0	11	1
SAMN29503401	43	28188	chromosome	0.0006280730365286135	0.0012773229153878662	0	0	false	0	11	1
SAMN29503401	44	24164	chromosome	0.0011936820845006018	0.0014637770217609972	0	0	false	1	10	1
SAMN29503401	45	22024	plasmid	0.9102507488376789	0.9651609626529412	0	0	false	9	2	1
SAMN29503401	46	21887	chromosome	0.0006280730365286135	0.0012773229153878662	0	0	false	0	11	1
SAMN29503401	47	21553	chromosome	6.42930718029699e-05	0.0014637770217609972	0	0	false	1	9	2
SAMN29503401	48	21250	chromosome	0.0011936820845006018	0.0015136528514160376	0	0	false	1	10	1
SAMN29503401	49	20978	chromosome	0.0006280730365286135	0.001320854027404172	0	0	false	0	11	1
SAMN29503401	5	173031	chromosome	0.0006280730365286135	0.0009500596940933647	0	0	false	0	11	1
SAMN29503401	50	20927	chromosome	0.0006280730365286135	0.001320854027404172	0	0	false	0	11	1
SAMN29503401	51	20160	chromosome	0.0006280730365286135	0.001320854027404172	0	0	false	0	11	1
SAMN29503401	52	20144	chromosome	0.0006280730365286135	0.001320854027404172	0	0	false	0	11	1
SAMN29503401	53	19982	chromosome	0.0006280730365286135	0.001320854027404172	0	0	false	0	11	1
SAMN29503401	54	18151	chromosome	0.0011936820845006018	0.0015136528514160376	0	0	false	1	10	1
SAMN29503401	55	18047	chromosome	0.0011936820845006018	0.0015136528514160376	0	0	false	1	10	1
SAMN29503401	56	17754	chromosome	0.0006280730365286135	0.001320854027404172	0	0	false	0	11	1
SAMN29503401	57	17377	chromosome	0.005694803921225573	0.001909785045731591	0	0	false	2	9	1
SAMN29503401	59	15342	chromosome	0.00031688968509853297	0.0025297527869141234	0	0	false	2	8	2
SAMN29503401	6	161444	chromosome	0.0006280730365286135	0.0009500596940933647	0	0	false	0	11	1
SAMN29503401	60	12981	chromosome	0.0011936820845006018	0.0020052837601646878	0	0	false	1	10	1
SAMN29503401	61	12843	chromosome	0.0006280730365286135	0.0017499740792468077	0	0	false	0	11	1
SAMN29503401	62	12607	chromosome	0.0006280730365286135	0.0017499740792468077	0	0	false	0	11	1
SAMN29503401	63	12029	chromosome	0.0006280730365286135	0.0017499740792468077	0	0	false	0	11	1
SAMN29503401	64	10889	chromosome	0.005694803921225573	0.0025297527869141234	0	0	false	2	9	1
SAMN29503401	65	10528	chromosome	0.01620909457817648	0.0018989929235768168	0	0	false	2	9	1
SAMN29503401	66	10221	plasmid	0.8036080607749154	0.9719510580670693	0	0	false	9	1	2
SAMN29503401	67	9441	chromosome	0.0006280730365286135	0.0017499740792468077	0	0	false	0	11	1
SAMN29503401	69	7926	chromosome	0.0006280730365286135	0.0017499740792468077	0	0	false	0	11	1
SAMN29503401	7	152354	chromosome	0.0006280730365286135	0.0009500596940933647	0	0	false	0	11	1
SAMN29503401	71	7351	plasmid	0.7050801549846467	0.9564141828181854	0	0	false	8	2	2
SAMN29503401	73	5597	plasmid	0.9924192184120559	0.9912053825712391	1	1	false	11	0	1
SAMN29503401	74	5198	chromosome	0.0006280730365286135	0.001785818097170428	0	0	false	0	11	1
SAMN29503401	75	5090	chromosome	0.0006280730365286135	0.001785818097170428	0	0	false	0	11	1
SAMN29503401	76	4890	plasmid	0.9102507488376789	0.9632827884075863	0	0	false	9	2	1
SAMN29503401	78	4705	plasmid	0.8036080607749154	0.9792372194594688	0	0	false	9	1	2
SAMN29503401	79	4286	chromosome	0.005694803921225573	0.0025815273955167852	0	0	false	2	9	1
SAMN29503401	8	149961	chromosome	0.0006280730365286135	0.0009500596940933647	0	0	false	0	11	1
SAMN29503401	80	3891	plasmid	0.9102507488376789	0.9632827884075863	0	0	false	9	2	1
SAMN29503401	82	3531	chromosome	0.005694803921225573	0.0025815273955167852	0	0	false	2	9	1
SAMN29503401	83	3425	chromosome	0.0006280730365286135	0.001785818097170428	0	0	false	0	11	1
SAMN29503401	85	3175	chromosome	6.42930718029699e-05	0.002046346464054726	0	0	false	1	9	2
SAMN29503401	86	3037	chromosome	0.05287187622162375	0.002640629032446474	0	0	false	3	8	1
SAMN29503401	87	2882	chromosome	0.003002815211039815	0.0023660232760965468	0	0	false	1	10	1
SAMN29503401	88	2719	chromosome	0.0006280730365286135	0.001785818097170428	0	0	false	0	11	1
SAMN29503401	89	2650	chromosome	0.0011936820845006018	0.002046346464054726	0	0	false	1	10	1
SAMN29503401	9	138179	chromosome	0.003002815211039815	0.001088794427392894	0	0	false	1	10	1
SAMN29503401	90	2593	chromosome	0.0011936820845006018	0.002046346464054726	0	0	false	1	10	1
SAMN29503401	91	2581	chromosome	0.8467765311369543	0.8366797415665048	0	0	false	5	4	3
SAMN29503401	92	2560	plasmid	0.9866339997373623	0.9694135074137545	1	1	false	10	1	1
SAMN29503401	93	2518	plasmid	0.9473321608573991	0.9664543554776639	1	1	true	10	1	1
SAMN29503401	94	2302	plasmid	0.7116160734314266	0.9071536437121267	0	0	false	7	3	2
SAMN29503401	95	2255	chromosome	0.00016201268231585663	0.0021848681523780004	0	0	false	1	9	2
SAMN29503401	96	1897	chromosome	0.00016201268231585663	0.0021848681523780004	0	0	false	1	9	2
SAMN29503401	97	1805	plasmid	0.8161493282074807	0.9759705969820649	0	0	false	8	2	2
SAMN29503401	98	1650	chromosome	0.0006280730365286135	0.0016490130894969831	0	0	false	0	11	1
SAMN29503401	99	1603	chromosome	0.003002815211039815	0.0021848681523780004	0	0	false	1	10	1
SAMN29503460	1	248211	chromosome	0.0005025181506132203	0.0002672873604441922	0	0	false	0	12	0
SAMN29503460	10	127073	chromosome	0.0023477360266118638	0.00019242473508039343	0	0	false	1	11	0
SAMN29503460	100	4527	chromosome	0.0016468472579477477	0.010024751145427481	0	0	false	1	11	0
SAMN29503460	101	4474	chromosome	0.0005025181506132203	0.00045420723350961815	0	0	false	0	12	0
SAMN29503460	102	4378	chromosome	0.030712803277361277	0.00045431781460880904	0	0	false	2	10	0
SAMN29503460	103	4302	chromosome	0.0005025181506132203	0.00045420723350961815	0	0	false	0	12	0
SAMN29503460	104	4173	chromosome	0.0005025181506132203	0.00045420723350961815	0	0	false	0	12	0
SAMN29503460	105	4166	chromosome	0.0005025181506132203	0.00045420723350961815	0	0	false	0	12	0
SAMN29503460	106	4063	chromosome	0.0004231276172503976	0.010036756704989365	0	0	false	2	9	1
SAMN29503460	107	4000	chromosome	4.999832459226084e-05	0.0005205716577608684	0	0	false	1	10	1
SAMN29503460	108	3781	chromosome	0.38549230572859566	0.05187356486906208	0	0	false	4	8	0
SAMN29503460	11	125514	chromosome	0.0005025181506132203	0.0002672873604441922	0	0	false	0	12	0
SAMN29503460	110	3474	chromosome	0.006724141415640177	0.0003654744619548834	0	0	false	1	11	0
SAMN29503460	111	3357	chromosome	0.0005025181506132203	0.00045420723350961815	0	0	false	0	12	0
SAMN29503460	114	3205	plasmid	0.9996756519149296	0.8099088882311339	1	1	false	11	1	0
SAMN29503460	116	2740	chromosome	0.10148969125400817	0.0004899324557485182	0	0	false	2	9	1
SAMN29503460	117	2730	chromosome	0.0043515984760592406	0.0004688849824399175	0	0	false	2	10	0
SAMN29503460	12	123512	chromosome	0.0005025181506132203	0.0002672873604441922	0	0	false	0	12	0
SAMN29503460	120	2147	chromosome	0.0016468472579477477	0.00890799297551809	0	0	false	1	11	0
SAMN29503460	121	2135	chromosome	0.00012599395954687636	0.0003847557351072601	0	0	false	1	10	1
SAMN29503460	122	2088	plasmid	0.999822425133984	0.950924551748171	1	1	false	12	0	0
SAMN29503460	123	2085	chromosome	0.0005025181506132203	0.0004031743064177074	0	0	false	0	12	0
SAMN29503460	124	2029	plasmid	0.9929225458808841	0.8981622680207967	1	1	false	10	2	0
SAMN29503460	125	1966	chromosome	0.04244360495967082	0.0009245437238742689	0	0	false	3	9	0
SAMN29503460	126	1891	chromosome	0.07604467165783402	0.020205156896315895	0	0	false	3	9	0
SAMN29503460	127	1817	chromosome	0.0005025181506132203	0.0004031743064177074	0	0	false	0	12	0
SAMN29503460	128	1770	chromosome	0.7792781134159518	0.842554404614431	0	0	true	8	4	0
SAMN29503460	129	1698	chromosome	0.0005025181506132203	0.0004031743064177074	0	0	false	0	12	0
SAMN29503460	13	118913	chromosome	0.0005025181506132203	0.0002672873604441922	0	0	false	0	12	0
SAMN29503460	130	1677	chromosome	0.0005025181506132203	0.0004031743064177074	0	0	false	0	12	0
SAMN29503460	131	1552	plasmid	0.999822425133984	0.9644589160120801	1	1	false	12	0	0
SAMN29503460	132	1533	chromosome	2.629307352510889e-05	0.0004031743064177074	0	0	false	0	11	1
SAMN29503460	133	1496	chromosome	0.0005025181506132203	0.0004031743064177074	0	0	false	0	12	0
SAMN29503460	134	1481	chromosome	0.02172828915622157	0.007380508026805812	0	0	false	2	10	0
SAMN29503460	135	1471	chromosome	0.00012599395954687636	0.0003847557351072601	0	0	false	1	10	1
SAMN29503460	136	1443	chromosome	0.013227528526758615	0.000945746250973382	0	0	false	3	8	1
SAMN29503460	137	1428	chromosome	0.0024820258663664062	0.000945746250973382	0	0	false	3	8	1
SAMN29503460	138	1343	chromosome	0.0013734342506121736	0.0009245437238742689	0	0	false	2	9	1
SAMN29503460	139	1321	chromosome	0.00012599395954687636	0.0003847557351072601	0	0	false	1	10	1
SAMN29503460	14	116461	chromosome	0.0005025181506132203	0.0002672873604441922	0	0	false	0	12	0
SAMN29503460	140	1318	chromosome	0.06850767915791181	0.29594544496331326	0	0	false	5	6	1
SAMN29503460	141	1310	chromosome	0.0005025181506132203	0.0004031743064177074	0	0	false	0	12	0
SAMN29503460	142	1154	chromosome	0.01145612891041697	0.0004145193364897384	0	0	false	1	10	1
SAMN29503460	143	1107	chromosome	0.0005025181506132203	0.0004031743064177074	0	0	false	0	12	0
SAMN29503460	144	1058	chromosome	0.0024820258663664062	0.000945746250973382	0	0	false	3	8	1
SAMN29503460	15	116298	chromosome	0.0005025181506132203	0.0002672873604441922	0	0	false	0	12	0
SAMN29503460	16	112803	chromosome	0.0005025181506132203	0.0002672873604441922	0	0	false	0	12	0
SAMN29503460	17	106191	chromosome	0.0005025181506132203	0.0002672873604441922	0	0	false	0	12	0
SAMN29503460	18	96324	chromosome	0.0023477360266118638	0.00019242473508039343	0	0	false	1	11	0
SAMN29503460	19	88119	chromosome	0.0023477360266118638	0.00019242473508039343	0	0	false	1	11	0
SAMN29503460	2	209772	chromosome	0.0005025181506132203	0.0002672873604441922	0	0	false	0	12	0
SAMN29503460	20	84998	chromosome	0.0005025181506132203	0.0002672873604441922	0	0	false	0	12	0
SAMN29503460	21	82004	chromosome	0.0005025181506132203	0.0002672873604441922	0	0	false	0	12	0
SAMN29503460	22	79266	chromosome	0.0023477360266118638	0.00019242473508039343	0	0	false	1	11	0
SAMN29503460	23	73289	chromosome	0.0005025181506132203	0.0004492188128958452	0	0	false	0	12	0
SAMN29503460	24	66667	chromosome	0.0005025181506132203	0.0004492188128958452	0	0	false	0	12	0
SAMN29503460	25	65674	chromosome	0.014137038622815292	0.009401195194843497	0	0	false	3	9	0
SAMN29503460	26	65141	chromosome	0.0043515984760592406	0.00040097616921077743	0	0	false	2	10	0
SAMN29503460	27	61310	chromosome	0.0005025181506132203	0.00030410928997171786	0	0	false	0	12	0
SAMN29503460	28	49820	chromosome	0.0023477360266118638	0.00021893572946223838	0	0	false	1	11	0
SAMN29503460	29	49351	chromosome	0.0005025181506132203	0.00030410928997171786	0	0	false	0	12	0
SAMN29503460	3	197716	chromosome	0.0005025181506132203	0.0002672873604441922	0	0	false	0	12	0
SAMN29503460	30	49215	chromosome	0.0005025181506132203	0.00030410928997171786	0	0	false	0	12	0
SAMN29503460	31	46007	chromosome	0.0005025181506132203	0.00030410928997171786	0	0	false	0	12	0
SAMN29503460	32	45554	chromosome	2.629307352510889e-05	0.00030410928997171786	0	0	false	0	11	1
SAMN29503460	33	45043	chromosome	0.0005025181506132203	0.00030410928997171786	0	0	false	0	12	0
SAMN29503460	34	43701	chromosome	0.0005025181506132203	0.00030410928997171786	0	0	false	0	12	0
SAMN29503460	35	41329	chromosome	0.0005025181506132203	0.00030410928997171786	0	0	false	0	12	0
SAMN29503460	36	41000	chromosome	0.0005025181506132203	0.00030410928997171786	0	0	false	0	12	0
SAMN29503460	37	40661	chromosome	2.629307352510889e-05	0.00030410928997171786	0	0	false	0	11	1
SAMN29503460	38	39149	chromosome	0.0005025181506132203	0.00030410928997171786	0	0	false	0	12	0
SAMN29503460	39	37646	chromosome	0.0009329050566734367	0.00030410928997171786	0	0	false	1	11	0
SAMN29503460	4	180920	chromosome	0.0005025181506132203	0.0002672873604441922	0	0	false	0	12	0
SAMN29503460	40	36784	chromosome	0.0005025181506132203	0.00030410928997171786	0	0	false	0	12	0
SAMN29503460	41	35827	chromosome	0.0005025181506132203	0.00030410928997171786	0	0	false	0	12	0
SAMN29503460	43	33384	chromosome	0.0005025181506132203	0.00032475257110604715	0	0	false	0	12	0
SAMN29503460	44	31913	chromosome	2.629307352510889e-05	0.00032475257110604715	0	0	false	0	11	1
SAMN29503460	45	31450	chromosome	0.0005025181506132203	0.00032475257110604715	0	0	false	0	12	0
SAMN29503460	46	31154	chromosome	0.0005025181506132203	0.00032475257110604715	0	0	false	0	12	0
SAMN29503460	47	30137	chromosome	0.0009329050566734367	0.00032475257110604715	0	0	false	1	11	0
SAMN29503460	48	29968	chromosome	0.0023477360266118638	0.0002703990453573417	0	0	false	1	11	0
SAMN29503460	49	29179	chromosome	0.0005025181506132203	0.00032475257110604715	0	0	false	0	12	0
SAMN29503460	5	180096	chromosome	0.0005025181506132203	0.0002672873604441922	0	0	false	0	12	0
SAMN29503460	50	28784	chromosome	0.0005025181506132203	0.00032475257110604715	0	0	false	0	12	0
SAMN29503460	51	25076	chromosome	0.0005025181506132203	0.00032475257110604715	0	0	false	0	12	0
SAMN29503460	52	24861	chromosome	0.0005025181506132203	0.00032475257110604715	0	0	false	0	12	0
SAMN29503460	53	23878	chromosome	0.0005025181506132203	0.00032475257110604715	0	0	false	0	12	0
SAMN29503460	54	22917	chromosome	0.0005025181506132203	0.00032475257110604715	0	0	false	0	12	0
SAMN29503460	55	22070	chromosome	0.0009329050566734367	0.00032475257110604715	0	0	false	1	11	0
SAMN29503460	56	21300	chromosome	0.0009329050566734367	0.00032475257110604715	0	0	false	1	11	0
SAMN29503460	57	20568	chromosome	0.0009329050566734367	0.00033583104148357274	0	0	false	1	11	0
SAMN29503460	58	20509	chromosome	0.0005025181506132203	0.00033583104148357274	0	0	false	0	12	0
SAMN29503460	59	19998	chromosome	0.0043515984760592406	0.0003466847795646535	0	0	false	2	10	0
SAMN29503460	6	178486	chromosome	0.0005025181506132203	0.0002672873604441922	0	0	false	0	12	0
SAMN29503460	60	19347	chromosome	0.0005025181506132203	0.00033583104148357274	0	0	false	0	12	0
SAMN29503460	61	19228	chromosome	0.0016468472579477477	0.008128459796382175	0	0	false	1	11	0
SAMN29503460	62	19168	chromosome	0.0005025181506132203	0.00033583104148357274	0	0	false	0	12	0
SAMN29503460	63	19068	chromosome	0.0005025181506132203	0.00033583104148357274	0	0	false	0	12	0
SAMN29503460	64	17235	chromosome	0.0005025181506132203	0.00033583104148357274	0	0	false	0	12	0
SAMN29503460	65	15667	chromosome	0.0005025181506132203	0.00044507870357542493	0	0	false	0	12	0
SAMN29503460	66	14667	chromosome	0.0043515984760592406	0.0004594615988110318	0	0	false	2	10	0
SAMN29503460	68	13815	chromosome	0.0005025181506132203	0.00044507870357542493	0	0	false	0	12	0
SAMN29503460	69	13638	chromosome	0.004577434572920169	0.0006617489683192762	0	0	false	1	10	1
SAMN29503460	7	146713	chromosome	0.0005025181506132203	0.0002672873604441922	0	0	false	0	12	0
SAMN29503460	71	13461	chromosome	0.0005025181506132203	0.00044507870357542493	0	0	false	0	12	0
SAMN29503460	72	12889	chromosome	0.0005025181506132203	0.00044507870357542493	0	0	false	0	12	0
SAMN29503460	73	12768	chromosome	2.629307352510889e-05	0.00044507870357542493	0	0	false	0	11	1
SAMN29503460	75	11566	chromosome	0.0016468472579477477	0.00837736190066539	0	0	false	1	11	0
SAMN29503460	76	11427	chromosome	0.010975771404436997	0.476402976127919	0	0	false	4	7	1
SAMN29503460	78	11209	chromosome	0.0005025181506132203	0.00044507870357542493	0	0	false	0	12	0
SAMN29503460	79	11153	chromosome	0.0009329050566734367	0.00044507870357542493	0	0	false	1	11	0
SAMN29503460	8	138043	chromosome	0.0023477360266118638	0.00019242473508039343	0	0	false	1	11	0
SAMN29503460	80	11104	chromosome	0.0005025181506132203	0.00044507870357542493	0	0	false	0	12	0
SAMN29503460	81	10939	chromosome	0.0005025181506132203	0.00044507870357542493	0	0	false	0	12	0
SAMN29503460	82	9604	chromosome	0.0009329050566734367	0.00044507870357542493	0	0	false	1	11	0
SAMN29503460	83	8351	chromosome	0.0006230974243322653	0.0005510237687717218	0	0	true	1	9	2
SAMN29503460	86	6329	chromosome	2.629307352510889e-05	0.00044507870357542493	0	0	false	0	11	1
SAMN29503460	87	6276	chromosome	0.0009329050566734367	0.00044507870357542493	0	0	false	1	11	0
SAMN29503460	88	6200	plasmid	0.999822425133984	0.9752340523780632	1	1	true	12	0	0
SAMN29503460	89	6149	chromosome	0.015212752743073493	0.013742713397867413	0	0	false	2	9	1
SAMN29503460	9	133362	chromosome	0.0005025181506132203	0.0002672873604441922	0	0	false	0	12	0
SAMN29503460	90	5888	chromosome	0.0009329050566734367	0.00044507870357542493	0	0	false	1	11	0
SAMN29503460	94	5462	chromosome	0.019682297074627632	0.39706933417008416	0	0	false	5	6	1
SAMN29503460	95	5301	chromosome	0.0005025181506132203	0.00045420723350961815	0	0	false	0	12	0
SAMN29503460	97	5052	chromosome	0.0004231276172503976	0.010036756704989365	0	0	false	2	9	1
SAMN29503460	99	4583	chromosome	0.0043515984760592406	0.0004688849824399175	0	0	false	2	10	0
SAMN29503705	1	287626	chromosome	0.0006280730365286135	0.0009500596940933647	0	0	false	0	11	1
SAMN29503705	10	154381	chromosome	0.0006280730365286135	0.0009500596940933647	0	0	false	0	11	1
SAMN29503705	100	1141	chromosome	0.0018160685744947425	0.00939841164245909	0	0	false	2	8	2
SAMN29503705	101	1140	chromosome	3.286634851661794e-05	0.0016490130894969831	0	0	false	0	10	2
SAMN29503705	102	1125	chromosome	0.0018160685744947425	0.00939841164245909	0	0	false	2	8	2
SAMN29503705	103	1093	chromosome	0.0006280730365286135	0.0016490130894969831	0	0	false	0	11	1
SAMN29503705	104	1065	chromosome	0.4596021859375307	0.9606619882053908	0	1	true	7	3	2
SAMN29503705	105	1056	chromosome	0.3319595311542627	0.8741953562000286	0	0	false	6	4	2
SAMN29503705	106	1049	chromosome	0.4173450307512113	0.9382620589477405	0	0	false	7	4	1
SAMN29503705	107	1023	chromosome	0.00016201268231585663	0.0021848681523780004	0	0	false	1	9	2
SAMN29503705	11	148398	chromosome	0.0006280730365286135	0.0009500596940933647	0	0	false	0	11	1
SAMN29503705	12	135778	chromosome	0.0006280730365286135	0.0009500596940933647	0	0	false	0	11	1
SAMN29503705	13	134198	chromosome	0.003002815211039815	0.001088794427392894	0	0	false	1	10	1
SAMN29503705	14	123008	chromosome	0.0006280730365286135	0.0009500596940933647	0	0	false	0	11	1
SAMN29503705	15	119663	chromosome	0.0006280730365286135	0.0009500596940933647	0	0	false	0	11	1
SAMN29503705	16	118467	chromosome	0.0006280730365286135	0.0009500596940933647	0	0	false	0	11	1
SAMN29503705	17	116350	chromosome	0.0006280730365286135	0.0009500596940933647	0	0	false	0	11	1
SAMN29503705	18	110540	chromosome	0.0006280730365286135	0.0009500596940933647	0	0	false	0	11	1
SAMN29503705	19	110489	chromosome	0.0006280730365286135	0.0009500596940933647	0	0	false	0	11	1
SAMN29503705	2	257988	chromosome	0.0006280730365286135	0.0009500596940933647	0	0	false	0	11	1
SAMN29503705	20	99733	chromosome	0.003002815211039815	0.001088794427392894	0	0	false	1	10	1
SAMN29503705	21	90154	chromosome	0.003002815211039815	0.001088794427392894	0	0	false	1	10	1
SAMN29503705	22	87868	chromosome	0.0006280730365286135	0.0009500596940933647	0	0	false	0	11	1
SAMN29503705	23	85715	chromosome	0.003002815211039815	0.001088794427392894	0	0	false	1	10	1
SAMN29503705	24	85192	chromosome	0.0011936820845006018	0.001088794427392894	0	0	false	1	10	1
SAMN29503705	25	81170	chromosome	0.0006280730365286135	0.0009500596940933647	0	0	false	0	11	1
SAMN29503705	26	75424	chromosome	0.0006280730365286135	0.001595984129854671	0	0	false	0	11	1
SAMN29503705	27	68843	chromosome	0.0006280730365286135	0.0017662308396507332	0	0	false	0	11	1
SAMN29503705	28	57454	chromosome	0.0006280730365286135	0.0011962008291016562	0	0	false	0	11	1
SAMN29503705	29	55768	chromosome	0.0006280730365286135	0.0011962008291016562	0	0	false	0	11	1
SAMN29503705	3	241552	chromosome	0.0006280730365286135	0.0009500596940933647	0	0	false	0	11	1
SAMN29503705	30	55266	chromosome	0.0006280730365286135	0.0011962008291016562	0	0	false	0	11	1
SAMN29503705	31	54911	chromosome	0.0006280730365286135	0.0011962008291016562	0	0	false	0	11	1
SAMN29503705	32	50664	chromosome	0.0006280730365286135	0.0011962008291016562	0	0	false	0	11	1
SAMN29503705	33	45458	chromosome	0.0006280730365286135	0.0011962008291016562	0	0	false	0	11	1
SAMN29503705	34	45229	chromosome	0.0006280730365286135	0.0011962008291016562	0	0	false	0	11	1
SAMN29503705	36	40549	chromosome	0.0006280730365286135	0.0011962008291016562	0	0	false	0	11	1
SAMN29503705	37	40106	chromosome	0.0006280730365286135	0.0011962008291016562	0	0	false	0	11	1
SAMN29503705	38	37069	chromosome	0.0006280730365286135	0.0011962008291016562	0	0	false	0	11	1
SAMN29503705	39	36705	chromosome	0.0006280730365286135	0.0011962008291016562	0	0	false	0	11	1
SAMN29503705	4	219493	chromosome	0.0006280730365286135	0.0009500596940933647	0	0	false	0	11	1
SAMN29503705	40	35464	chromosome	0.0006280730365286135	0.0012773229153878662	0	0	false	0	11	1
SAMN29503705	41	35316	chromosome	0.0006280730365286135	0.0012773229153878662	0	0	false	0	11	1
SAMN29503705	43	32297	chromosome	0.0006280730365286135	0.0012773229153878662	0	0	false	0	11	1
SAMN29503705	44	31242	chromosome	0.3785777723725889	0.4808091495037007	0	0	false	4	6	2
SAMN29503705	45	30826	chromosome	0.0006280730365286135	0.0012773229153878662	0	0	false	0	11	1
SAMN29503705	46	30734	chromosome	0.0006280730365286135	0.0012773229153878662	0	0	false	0	11	1
SAMN29503705	47	28782	chromosome	0.01025564348839206	0.0018891949968435134	0	0	false	3	8	1
SAMN29503705	48	26140	chromosome	0.0006280730365286135	0.0012773229153878662	0	0	false	0	11	1
SAMN29503705	49	24316	chromosome	0.0006280730365286135	0.0012773229153878662	0	0	false	0	11	1
SAMN29503705	5	197697	chromosome	0.0006280730365286135	0.0009500596940933647	0	0	false	0	11	1
SAMN29503705	50	24009	chromosome	0.003002815211039815	0.0016926001687963617	0	0	false	1	10	1
SAMN29503705	52	20720	chromosome	0.0006280730365286135	0.001320854027404172	0	0	false	0	11	1
SAMN29503705	53	20400	plasmid	0.9102507488376789	0.9604309421037551	0	1	true	9	2	1
SAMN29503705	54	19868	chromosome	0.0006280730365286135	0.001320854027404172	0	0	false	0	11	1
SAMN29503705	55	18881	chromosome	0.09307129632559451	0.8664917142366569	0	0	false	6	4	2
SAMN29503705	56	17487	chromosome	6.42930718029699e-05	0.0015136528514160376	0	0	false	1	9	2
SAMN29503705	58	16785	chromosome	0.0006280730365286135	0.0017499740792468077	0	0	false	0	11	1
SAMN29503705	59	14870	plasmid	0.9725448915096758	0.9761077486381096	1	1	false	9	1	2
SAMN29503705	6	185321	chromosome	0.0006280730365286135	0.0009500596940933647	0	0	false	0	11	1
SAMN29503705	62	10543	chromosome	0.005694803921225573	0.0025297527869141234	0	0	false	2	9	1
SAMN29503705	64	7530	plasmid	0.9669791724944803	0.9762969348117545	1	1	false	9	1	2
SAMN29503705	65	7476	chromosome	0.003002815211039815	0.002318560728961529	0	0	false	1	10	1
SAMN29503705	66	7222	chromosome	0.0011936820845006018	0.0020052837601646878	0	0	false	1	10	1
SAMN29503705	67	7047	chromosome	0.0006280730365286135	0.0017499740792468077	0	0	false	0	11	1
SAMN29503705	68	6137	chromosome	0.0011936820845006018	0.0020052837601646878	0	0	false	1	10	1
SAMN29503705	7	169238	chromosome	0.0006280730365286135	0.0009500596940933647	0	0	false	0	11	1
SAMN29503705	70	5443	chromosome	0.003002815211039815	0.002318560728961529	0	0	false	1	10	1
SAMN29503705	71	4476	chromosome	0.01151422579031644	0.0022327986783075983	0	0	false	2	9	1
SAMN29503705	72	4419	chromosome	0.0006280730365286135	0.001785818097170428	0	0	false	0	11	1
SAMN29503705	73	4382	chromosome	0.0011936820845006018	0.002046346464054726	0	0	false	1	10	1
SAMN29503705	74	4370	chromosome	0.005694803921225573	0.0025815273955167852	0	0	false	2	9	1
SAMN29503705	75	4096	plasmid	0.9099304068837625	0.9428283227341219	0	0	false	8	3	1
SAMN29503705	76	4073	plasmid	0.9924192184120559	0.9872180725852102	1	1	false	11	0	1
SAMN29503705	77	4018	plasmid	0.9866339997373623	0.9694135074137545	1	1	false	10	1	1
SAMN29503705	78	4014	chromosome	0.45175500549082404	0.9790855562536959	0	1	true	8	2	2
SAMN29503705	8	160585	chromosome	0.0006280730365286135	0.0009500596940933647	0	0	false	0	11	1
SAMN29503705	80	3282	plasmid	0.9866339997373623	0.9694135074137545	1	1	false	10	1	1
SAMN29503705	82	2871	chromosome	0.005694803921225573	0.0025815273955167852	0	0	false	2	9	1
SAMN29503705	83	2567	chromosome	0.0006280730365286135	0.001785818097170428	0	0	false	0	11	1
SAMN29503705	84	2487	chromosome	0.003002815211039815	0.0023660232760965468	0	0	false	1	10	1
SAMN29503705	86	2272	chromosome	0.006248162531095987	0.09479996559865983	0	0	false	3	7	2
SAMN29503705	87	2222	chromosome	0.00016201268231585663	0.0021848681523780004	0	0	false	1	9	2
SAMN29503705	89	2096	chromosome	3.286634851661794e-05	0.0016490130894969831	0	0	false	0	10	2
SAMN29503705	9	159519	chromosome	0.0006280730365286135	0.0009500596940933647	0	0	false	0	11	1
SAMN29503705	90	2000	chromosome	0.6727330187913362	0.8354357804193842	0	0	true	6	5	1
SAMN29503705	91	1706	chromosome	0.0006280730365286135	0.0016490130894969831	0	0	false	0	11	1
SAMN29503705	93	1481	chromosome	0.003002815211039815	0.0021848681523780004	0	0	false	1	10	1
SAMN29503705	94	1459	plasmid	0.9345962820438277	0.953342728755637	1	1	false	8	3	1
SAMN29503705	95	1443	chromosome	0.0005596660408841763	0.025480517927257303	0	0	false	2	8	2
SAMN29503705	96	1433	chromosome	0.0006280730365286135	0.0016490130894969831	0	0	false	0	11	1
SAMN29503705	97	1359	chromosome	0.1395652910266893	0.03189270825595227	0	0	false	3	6	3
SAMN29503705	98	1161	chromosome	0.00016201268231585663	0.0021848681523780004	0	0	false	1	9	2
SAMN29503705	99	1157	chromosome	0.017915519979210436	0.009612075417961002	0	0	false	3	7	2
SAMN34137716	1	730354	chromosome	0.0005025181506132203	0.0001747475569751821	0	0	false	0	12	0
SAMN34137716	10	209664	chromosome	0.0005025181506132203	0.0001747475569751821	0	0	false	0	12	0
SAMN34137716	11	195342	chromosome	0.0005025181506132203	0.0001747475569751821	0	0	false	0	12	0
SAMN34137716	12	158315	chromosome	0.0005025181506132203	0.0001747475569751821	0	0	false	0	12	0
SAMN34137716	13	145187	chromosome	0.0009329050566734367	0.0001747475569751821	0	0	false	1	11	0
SAMN34137716	14	133897	chromosome	0.0005025181506132203	0.0001747475569751821	0	0	false	0	12	0
SAMN34137716	16	86558	chromosome	0.0023477360266118638	0.0001747475569751821	0	0	false	1	11	0
SAMN34137716	17	79053	chromosome	0.0005025181506132203	0.0001747475569751821	0	0	false	0	12	0
SAMN34137716	18	70312	chromosome	0.0043515984760592406	0.00036414730502142234	0	0	false	2	10	0
SAMN34137716	19	67704	chromosome	0.0023477360266118638	0.00032508528853374564	0	0	false	1	11	0
SAMN34137716	2	489654	chromosome	0.0005025181506132203	0.0001747475569751821	0	0	false	0	12	0
SAMN34137716	20	39366	chromosome	0.0009329050566734367	0.00022006533927213223	0	0	false	1	11	0
SAMN34137716	21	38825	chromosome	0.0009329050566734367	0.00022006533927213223	0	0	false	1	11	0
SAMN34137716	22	36410	chromosome	0.008810584535168064	0.0002728465259257193	0	0	false	2	10	0
SAMN34137716	23	35358	chromosome	0.0005025181506132203	0.00023500496348144683	0	0	false	0	12	0
SAMN34137716	24	32859	chromosome	0.0009329050566734367	0.00023500496348144683	0	0	false	1	11	0
SAMN34137716	25	28500	plasmid	0.9508635198395291	0.6729649952063373	1	1	false	10	2	0
SAMN34137716	26	25178	plasmid	0.999886530895859	0.9676674566693446	1	1	false	10	1	1
SAMN34137716	27	20247	chromosome	0.0009329050566734367	0.00025420559678301246	0	0	false	1	11	0
SAMN34137716	28	19604	chromosome	0.0043515984760592406	0.000364507013572454	0	0	false	2	10	0
SAMN34137716	29	17547	chromosome	0.0009329050566734367	0.00025420559678301246	0	0	false	1	11	0
SAMN34137716	3	403414	chromosome	0.0005025181506132203	0.0001747475569751821	0	0	false	0	12	0
SAMN34137716	30	16214	plasmid	0.9929225458808841	0.91495197316281	1	1	false	10	2	0
SAMN34137716	31	14727	plasmid	0.993036133590978	0.8830824019402382	1	1	false	9	3	0
SAMN34137716	32	14200	plasmid	0.32629355132464394	0.09263671583554176	0	0	false	7	5	0
SAMN34137716	35	8145	plasmid	0.9406882464325212	0.8498898069435737	1	1	false	9	3	0
SAMN34137716	36	7457	chromosome	0.0023477360266118638	0.00038964463350717323	0	0	false	1	11	0
SAMN34137716	38	5408	chromosome	0.00048710489152293184	0.0004213885957202952	0	0	false	2	9	1
SAMN34137716	4	335133	chromosome	0.0005025181506132203	0.0001747475569751821	0	0	false	0	12	0
SAMN34137716	41	4653	chromosome	0.008327669583773952	0.00045226905426935956	0	0	false	2	10	0
SAMN34137716	42	4265	chromosome	4.999832459226084e-05	0.00039406176572971024	0	0	false	1	10	1
SAMN34137716	43	3915	chromosome	0.008810584535168064	0.00042626993962601703	0	0	false	2	10	0
SAMN34137716	45	2932	plasmid	0.9516192321271825	0.259333745637779	1	1	false	9	3	0
SAMN34137716	46	2881	plasmid	0.9857568595095695	0.4639088218201342	1	1	false	10	1	1
SAMN34137716	49	1740	chromosome	0.0024123556419008763	0.000426386386554901	0	0	false	0	11	1
SAMN34137716	5	321741	chromosome	0.0005025181506132203	0.0001747475569751821	0	0	false	0	12	0
SAMN34137716	50	1463	chromosome	0.00012599395954687636	0.000685114026500302	0	0	false	1	10	1
SAMN34137716	51	1443	chromosome	0.013227528526758615	0.0008805512566290771	0	0	false	3	8	1
SAMN34137716	53	1324	chromosome	0.0024123556419008763	0.0006338542381562986	0	0	false	0	11	1
SAMN34137716	55	1224	chromosome	0.0005025181506132203	0.0005168942044482338	0	0	false	0	12	0
SAMN34137716	56	1205	chromosome	0.0005025181506132203	0.0005168942044482338	0	0	false	0	12	0
SAMN34137716	57	1189	plasmid	0.9123720989070611	0.6052786241099629	0	0	false	7	5	0
SAMN34137716	59	1159	chromosome	0.0005025181506132203	0.0005168942044482338	0	0	false	0	12	0
SAMN34137716	6	313016	chromosome	0.0005025181506132203	0.0001747475569751821	0	0	false	0	12	0
SAMN34137716	60	1151	chromosome	0.0047632320085462835	0.0005168942044482338	0	0	false	1	11	0
SAMN34137716	61	1109	chromosome	0.00025621137818631067	0.0005924124218639674	0	0	false	1	10	1
SAMN34137716	7	226415	chromosome	0.0005025181506132203	0.0001747475569751821	0	0	false	0	12	0
SAMN34137716	8	224566	chromosome	0.0005025181506132203	0.0001747475569751821	0	0	false	0	12	0
SAMN34137716	9	224191	chromosome	0.0005025181506132203	0.0001747475569751821	0	0	false	0	12	0
SAMN38448447	1	818594	chromosome	0.0005025181506132203	0.0001747475569751821	0	0	false	0	12	0
SAMN38448447	10	153335	chromosome	0.0005025181506132203	0.0001747475569751821	0	0	false	0	12	0
SAMN38448447	11	132178	chromosome	0.0023477360266118638	0.0001747475569751821	0	0	false	1	11	0
SAMN38448447	12	129107	chromosome	0.0005025181506132203	0.0001747475569751821	0	0	false	0	12	0
SAMN38448447	13	126085	chromosome	0.0005025181506132203	0.0001747475569751821	0	0	false	0	12	0
SAMN38448447	14	121043	chromosome	0.0043515984760592406	0.0002166619347955636	0	0	false	2	10	0
SAMN38448447	15	115964	chromosome	0.0005025181506132203	0.0001747475569751821	0	0	false	0	12	0
SAMN38448447	16	112918	chromosome	0.0005025181506132203	0.0001747475569751821	0	0	false	0	12	0
SAMN38448447	17	88410	chromosome	0.0043515984760592406	0.0002166619347955636	0	0	false	2	10	0
SAMN38448447	18	50460	chromosome	0.0005025181506132203	0.00022006533927213223	0	0	false	0	12	0
SAMN38448447	19	34844	chromosome	0.0005025181506132203	0.00023500496348144683	0	0	false	0	12	0
SAMN38448447	2	640682	chromosome	0.0005025181506132203	0.0001747475569751821	0	0	false	0	12	0
SAMN38448447	20	33610	plasmid	0.999822425133984	0.9839047423761643	1	1	true	12	0	0
SAMN38448447	21	31938	chromosome	0.0009329050566734367	0.00023500496348144683	0	0	false	1	11	0
SAMN38448447	22	31369	chromosome	2.629307352510889e-05	0.00023500496348144683	0	0	false	0	11	1
SAMN38448447	23	30797	chromosome	0.0005025181506132203	0.00023500496348144683	0	0	false	0	12	0
SAMN38448447	24	25576	chromosome	0.0005025181506132203	0.00023500496348144683	0	0	false	0	12	0
SAMN38448447	25	25254	chromosome	0.0005025181506132203	0.00023500496348144683	0	0	false	0	12	0
SAMN38448447	26	19821	plasmid	0.999822425133984	0.98024298839497	1	1	false	12	0	0
SAMN38448447	27	16389	chromosome	0.0076635662944439355	0.00048734117965163365	0	0	false	3	9	0
SAMN38448447	28	16092	chromosome	0.0043515984760592406	0.00048307861726971	0	0	false	2	10	0
SAMN38448447	29	14370	plasmid	0.999822425133984	0.9617910987478747	1	1	false	12	0	0
SAMN38448447	3	557858	chromosome	0.0005025181506132203	0.0001747475569751821	0	0	false	0	12	0
SAMN38448447	30	13956	chromosome	0.0005025181506132203	0.00033690900732683964	0	0	false	0	12	0
SAMN38448447	31	13558	chromosome	0.0005025181506132203	0.00033690900732683964	0	0	false	0	12	0
SAMN38448447	32	13416	chromosome	0.0005025181506132203	0.00033690900732683964	0	0	false	0	12	0
SAMN38448447	33	10543	plasmid	0.9508635198395291	0.4398516235060339	1	1	false	10	2	0
SAMN38448447	34	9768	chromosome	0.01145612891041697	0.0006594289624705546	0	0	false	1	10	1
SAMN38448447	35	7886	plasmid	0.9931544050611385	0.8879144831155961	1	1	false	11	1	0
SAMN38448447	36	7048	plasmid	0.9704222765871559	0.8459077057551075	1	1	false	10	1	1
SAMN38448447	37	5630	plasmid	0.9931544050611385	0.8879144831155961	1	1	false	11	1	0
SAMN38448447	38	5411	chromosome	0.00012599395954687636	0.00044658000170537875	0	0	false	1	10	1
SAMN38448447	39	5170	plasmid	0.999822425133984	0.9007032353933848	1	1	false	12	0	0
SAMN38448447	4	351754	chromosome	0.0005025181506132203	0.0001747475569751821	0	0	false	0	12	0
SAMN38448447	40	4610	plasmid	0.9931544050611385	0.9007032353933848	1	1	false	11	1	0
SAMN38448447	41	4405	plasmid	0.9931544050611385	0.9007032353933848	1	1	false	11	1	0
SAMN38448447	42	3639	chromosome	0.0005025181506132203	0.00034381974824296263	0	0	false	0	12	0
SAMN38448447	43	3623	plasmid	0.9857568595095695	0.5133662761896659	1	1	false	10	1	1
SAMN38448447	44	3538	plasmid	0.9932642968525297	0.7042059626565214	1	1	false	10	2	0
SAMN38448447	45	3123	plasmid	0.9931544050611385	0.8444463000759739	1	1	false	11	1	0
SAMN38448447	46	3096	plasmid	0.9931544050611385	0.8444463000759739	1	1	false	11	1	0
SAMN38448447	47	2600	chromosome	0.00012599395954687636	0.00045573930910945064	0	0	false	1	10	1
SAMN38448447	48	2591	chromosome	0.0005025181506132203	0.00034381974824296263	0	0	false	0	12	0
SAMN38448447	49	2416	plasmid	0.9655381836056843	0.6666520249658463	1	1	false	9	3	0
SAMN38448447	5	345973	chromosome	0.0005025181506132203	0.0001747475569751821	0	0	false	0	12	0
SAMN38448447	50	1962	chromosome	0.0005025181506132203	0.0003174458422049281	0	0	false	0	12	0
SAMN38448447	52	1549	plasmid	0.9931544050611385	0.865632680783661	1	1	false	11	1	0
SAMN38448447	53	1540	chromosome	0.0023477360266118638	0.00040211872985873777	0	0	false	1	11	0
SAMN38448447	54	1515	plasmid	0.9932642968525297	0.7385799332790509	1	1	false	10	2	0
SAMN38448447	55	1515	plasmid	0.9932642968525297	0.7385799332790509	1	1	false	10	2	0
SAMN38448447	56	1506	plasmid	0.9982247985587847	0.8539463013945258	1	1	false	9	3	0
SAMN38448447	57	1428	plasmid	0.9462727517358582	0.823750397637979	1	1	false	7	4	1
SAMN38448447	58	1415	chromosome	0.00012599395954687636	0.000685114026500302	0	0	false	1	10	1
SAMN38448447	59	1397	chromosome	0.0006230974243322653	0.0008401059403477261	0	0	false	1	9	2
SAMN38448447	6	281747	chromosome	0.0005025181506132203	0.0001747475569751821	0	0	false	0	12	0
SAMN38448447	60	1338	plasmid	0.9703096995214244	0.8721833012608501	1	1	false	9	2	1
SAMN38448447	61	1329	plasmid	0.9420308381334653	0.6957223780699942	1	1	false	8	2	2
SAMN38448447	63	1230	plasmid	0.9932642968525297	0.8077228886952907	1	1	false	10	2	0
SAMN38448447	64	1229	plasmid	0.9932642968525297	0.8077228886952907	1	1	false	10	2	0
SAMN38448447	65	1166	plasmid	0.9975926180795132	0.823750397637979	1	1	false	7	5	0
SAMN38448447	66	1116	chromosome	2.629307352510889e-05	0.0005168942044482338	0	0	false	0	11	1
SAMN38448447	67	1104	chromosome	0.00012599395954687636	0.000685114026500302	0	0	false	1	10	1
SAMN38448447	7	245910	chromosome	0.0005025181506132203	0.0001747475569751821	0	0	false	0	12	0
SAMN38448447	8	213303	chromosome	0.0005025181506132203	0.0001747475569751821	0	0	false	0	12	0
SAMN38448447	9	185387	chromosome	0.0023477360266118638	0.0001747475569751821	0	0	false	1	11	0
SAMN38448477	1	788693	chromosome	0.0005025181506132203	0.0003417903337840612	0	0	false	0	12	0
SAMN38448477	10	183434	chromosome	0.0005025181506132203	0.0003417903337840612	0	0	false	0	12	0
SAMN38448477	11	172611	chromosome	0.0023477360266118638	0.0003417903337840612	0	0	false	1	11	0
SAMN38448477	12	156776	chromosome	0.0023477360266118638	0.0003417903337840612	0	0	false	1	11	0
SAMN38448477	13	146001	chromosome	0.0023477360266118638	0.0003417903337840612	0	0	false	1	11	0
SAMN38448477	14	139951	chromosome	0.0005025181506132203	0.0003417903337840612	0	0	false	0	12	0
SAMN38448477	15	136854	chromosome	0.0005025181506132203	0.0003417903337840612	0	0	false	0	12	0
SAMN38448477	16	130532	chromosome	0.0009329050566734367	0.0003417903337840612	0	0	false	1	11	0
SAMN38448477	17	112841	chromosome	0.0005025181506132203	0.0003417903337840612	0	0	false	0	12	0
SAMN38448477	18	108200	chromosome	0.0005025181506132203	0.0003417903337840612	0	0	false	0	12	0
SAMN38448477	19	63627	chromosome	0.0005025181506132203	0.0004543191254238309	0	0	false	0	12	0
SAMN38448477	2	523050	chromosome	0.0005025181506132203	0.0003417903337840612	0	0	false	0	12	0
SAMN38448477	20	38920	plasmid	0.9931544050611385	0.9968272810532757	1	1	false	11	1	0
SAMN38448477	21	34993	chromosome	0.0005025181506132203	0.00048515387104230566	0	0	false	0	12	0
SAMN38448477	22	23332	chromosome	0.014137038622815292	0.010023181853573166	0	0	false	3	9	0
SAMN38448477	23	20311	plasmid	0.999822425133984	0.9956662453253391	1	1	false	12	0	0
SAMN38448477	24	17868	chromosome	0.0005025181506132203	0.00048320439297589433	0	0	false	0	12	0
SAMN38448477	25	17297	chromosome	0.0005025181506132203	0.00048320439297589433	0	0	false	0	12	0
SAMN38448477	26	16955	plasmid	0.9991114546858119	0.9915521935778312	1	1	false	11	1	0
SAMN38448477	27	16376	chromosome	0.0076635662944439355	0.0009261634814168882	0	0	false	3	9	0
SAMN38448477	28	16360	chromosome	0.0005025181506132203	0.0006403626967011535	0	0	false	0	12	0
SAMN38448477	29	15073	plasmid	0.9931544050611385	0.9915521935778312	1	1	true	11	1	0
SAMN38448477	3	487873	chromosome	0.0005025181506132203	0.0003417903337840612	0	0	false	0	12	0
SAMN38448477	30	12053	plasmid	0.999822425133984	0.9904725541365534	1	1	false	12	0	0
SAMN38448477	31	11201	plasmid	0.9931544050611385	0.9904725541365534	1	1	false	11	1	0
SAMN38448477	32	8645	chromosome	0.0076635662944439355	0.0009261634814168882	0	0	false	3	9	0
SAMN38448477	33	7124	plasmid	0.9931544050611385	0.9703412329148297	1	1	false	11	1	0
SAMN38448477	34	6120	plasmid	0.9931544050611385	0.9703412329148297	1	1	true	11	1	0
SAMN38448477	35	5709	chromosome	0.00012599395954687636	0.0008487304068497439	0	0	false	1	10	1
SAMN38448477	36	5046	plasmid	0.999822425133984	0.9703412329148297	1	1	false	12	0	0
SAMN38448477	37	4248	plasmid	0.9931544050611385	0.9703412329148297	1	1	false	11	1	0
SAMN38448477	38	4074	plasmid	0.9931544050611385	0.9581448126996825	1	1	false	11	1	0
SAMN38448477	39	3085	plasmid	0.9931544050611385	0.9511450605445873	1	1	false	11	1	0
SAMN38448477	4	388308	chromosome	0.0005025181506132203	0.0003417903337840612	0	0	false	0	12	0
SAMN38448477	40	2501	plasmid	0.9704222765871559	0.9382616698168925	1	1	false	10	1	1
SAMN38448477	41	2101	plasmid	0.999822425133984	0.9197938963556455	1	1	false	12	0	0
SAMN38448477	42	2022	chromosome	0.00012599395954687636	0.0006307965432724159	0	0	false	1	10	1
SAMN38448477	43	1954	plasmid	0.9703096995214244	0.9165676290734518	1	1	false	9	2	1
SAMN38448477	44	1774	plasmid	0.9929225458808841	0.9186245484674449	1	0	true	10	2	0
SAMN38448477	45	1403	plasmid	0.9703096995214244	0.9616218156101742	1	1	false	9	2	1
SAMN38448477	46	1339	chromosome	0.00012599395954687636	0.0010269180883505844	0	0	false	1	10	1
SAMN38448477	47	1259	chromosome	0.02172828915622157	0.006805082974269941	0	0	false	2	10	0
SAMN38448477	48	1221	chromosome	2.629307352510889e-05	0.0007748383044925901	0	0	false	0	11	1
SAMN38448477	49	1196	chromosome	0.00012599395954687636	0.0010269180883505844	0	0	false	1	10	1
SAMN38448477	5	323169	chromosome	0.0005025181506132203	0.0003417903337840612	0	0	false	0	12	0
SAMN38448477	50	1071	plasmid	0.993036133590978	0.9507826915052153	1	1	false	9	3	0
SAMN38448477	51	1004	chromosome	0.0023477360266118638	0.0008960605967545991	0	0	false	1	11	0
SAMN38448477	6	248528	chromosome	0.0005025181506132203	0.0003417903337840612	0	0	false	0	12	0
SAMN38448477	7	237091	chromosome	0.0005025181506132203	0.0003417903337840612	0	0	false	0	12	0
SAMN38448477	8	216451	chromosome	0.0005025181506132203	0.0003417903337840612	0	0	false	0	12	0
SAMN38448477	9	205660	chromosome	0.0005025181506132203	0.0003417903337840612	0	0	false	0	12	0
SAMN38448533	1	1089632	chromosome	0.0006280730365286135	0.0002874377374729089	0	0	false	0	11	1
SAMN38448533	10	118844	chromosome	0.0006280730365286135	7.532508384552041e-05	0	0	false	0	11	1
SAMN38448533	11	112435	chromosome	0.0006280730365286135	7.532508384552041e-05	0	0	false	0	11	1
SAMN38448533	12	112061	chromosome	0.0006280730365286135	7.532508384552041e-05	0	0	false	0	11	1
SAMN38448533	13	97522	plasmid	0.9924192184120559	0.8970600429364555	1	1	false	11	0	1
SAMN38448533	14	87354	chromosome	0.0006280730365286135	7.532508384552041e-05	0	0	false	0	11	1
SAMN38448533	15	86944	chromosome	0.003002815211039815	8.633564749937876e-05	0	0	false	1	10	1
SAMN38448533	16	57042	plasmid	0.9924192184120559	0.9019484891544702	1	1	false	11	0	1
SAMN38448533	17	41240	chromosome	0.0006280730365286135	0.00010013340448875104	0	0	false	0	11	1
SAMN38448533	18	29855	chromosome	0.0006280730365286135	0.00010693205381358504	0	0	false	0	11	1
SAMN38448533	19	24652	plasmid	0.9924192184120559	0.9019484891544702	1	1	false	11	0	1
SAMN38448533	2	554787	chromosome	0.0006280730365286135	0.0002874377374729089	0	0	false	0	11	1
SAMN38448533	20	23489	plasmid	0.9924192184120559	0.9019484891544702	1	0	true	11	0	1
SAMN38448533	21	21847	chromosome	0.0006280730365286135	0.00010693205381358504	0	0	false	0	11	1
SAMN38448533	22	20453	plasmid	0.9924192184120559	0.870575149303006	1	0	true	11	0	1
SAMN38448533	23	12935	chromosome	0.0006280730365286135	0.00014115849204140388	0	0	false	0	11	1
SAMN38448533	24	6359	plasmid	0.9924192184120559	0.489243133545927	1	1	false	11	0	1
SAMN38448533	25	6266	chromosome	0.0011936820845006018	0.0001617906267527203	0	0	false	1	10	1
SAMN38448533	26	4668	plasmid	0.9924192184120559	0.489243133545927	1	1	false	11	0	1
SAMN38448533	27	4244	chromosome	0.0006280730365286135	0.0001440545401889021	0	0	false	0	11	1
SAMN38448533	28	4091	plasmid	0.9866339997373623	0.5802287388211362	1	1	false	10	1	1
SAMN38448533	29	4073	plasmid	0.9866339997373623	0.5802287388211362	1	1	false	10	1	1
SAMN38448533	3	538620	chromosome	0.0006280730365286135	0.0002874377374729089	0	0	false	0	11	1
SAMN38448533	30	3383	plasmid	0.9927570008488373	0.40393762126718374	1	1	false	10	1	1
SAMN38448533	31	3153	plasmid	0.9927570008488373	0.36561922281527826	1	1	false	10	1	1
SAMN38448533	32	2924	plasmid	0.9924192184120559	0.36305868484397896	1	0	true	11	0	1
SAMN38448533	33	2748	plasmid	0.9924192184120559	0.36305868484397896	1	1	false	11	0	1
SAMN38448533	34	2392	chromosome	0.0006280730365286135	0.00015670141807886783	0	0	false	0	11	1
SAMN38448533	35	2258	plasmid	0.9872262404753028	0.5358584521665242	1	1	false	9	2	1
SAMN38448533	36	2025	chromosome	0.0006280730365286135	0.00015670141807886783	0	0	false	0	11	1
SAMN38448533	37	1812	plasmid	0.9923897082873658	0.46719950259550136	1	0	true	10	1	1
SAMN38448533	38	1697	plasmid	0.992728795994414	0.481862709917828	1	1	false	9	2	1
SAMN38448533	39	1331	chromosome	3.286634851661794e-05	0.00025518128709838553	0	0	false	0	10	2
SAMN38448533	4	518835	chromosome	0.0006280730365286135	0.0002874377374729089	0	0	false	0	11	1
SAMN38448533	40	1311	chromosome	0.00016201268231585663	0.00033825718524709437	0	0	false	1	9	2
SAMN38448533	41	1279	plasmid	0.992728795994414	0.5803230408743152	1	1	false	9	2	1
SAMN38448533	42	1147	chromosome	0.00016201268231585663	0.00033825718524709437	0	0	false	1	9	2
SAMN38448533	43	1044	chromosome	0.00016201268231585663	0.00033825718524709437	0	0	false	1	9	2
SAMN38448533	5	468452	chromosome	0.0006280730365286135	0.0002874377374729089	0	0	false	0	11	1
SAMN38448533	6	353946	chromosome	0.0006280730365286135	0.0002874377374729089	0	0	false	0	11	1
SAMN38448533	7	249106	chromosome	0.0006280730365286135	7.532508384552041e-05	0	0	false	0	11	1
SAMN38448533	8	187916	chromosome	0.0006280730365286135	7.532508384552041e-05	0	0	false	0	11	1
SAMN38448533	9	145206	chromosome	0.0006280730365286135	7.532508384552041e-05	0	0	false	0	11	1
SAMN38448564	1	804629	chromosome	0.0005025181506132203	0.0001797980144768719	0	0	false	0	12	0
SAMN38448564	10	190920	chromosome	0.0005025181506132203	0.0001797980144768719	0	0	false	0	12	0
SAMN38448564	11	190497	chromosome	0.0005025181506132203	0.0001797980144768719	0	0	false	0	12	0
SAMN38448564	12	155154	chromosome	0.0005025181506132203	0.0001797980144768719	0	0	false	0	12	0
SAMN38448564	13	147469	chromosome	0.0005025181506132203	0.0001797980144768719	0	0	false	0	12	0
SAMN38448564	14	136182	chromosome	0.0005025181506132203	0.0001797980144768719	0	0	false	0	12	0
SAMN38448564	15	132919	chromosome	0.0005025181506132203	0.0001797980144768719	0	0	false	0	12	0
SAMN38448564	16	101027	chromosome	0.0005025181506132203	0.0001797980144768719	0	0	false	0	12	0
SAMN38448564	17	87509	chromosome	0.0023477360266118638	0.0001797980144768719	0	0	false	1	11	0
SAMN38448564	18	59072	plasmid	0.9996166454176644	0.9361419661214727	1	1	false	11	0	1
SAMN38448564	19	55336	plasmid	0.9704222765871559	0.9701538407432249	1	1	false	10	1	1
SAMN38448564	2	498252	chromosome	0.0005025181506132203	0.0001797980144768719	0	0	false	0	12	0
SAMN38448564	20	47234	plasmid	0.9931544050611385	0.9851616204689896	1	1	false	11	1	0
SAMN38448564	21	36412	chromosome	0.008810584535168064	0.0002963289725006095	0	0	false	2	10	0
SAMN38448564	22	36209	chromosome	0.0043515984760592406	0.0002963289725006095	0	0	false	2	10	0
SAMN38448564	23	35616	chromosome	0.0005025181506132203	0.0002552314198923691	0	0	false	0	12	0
SAMN38448564	24	33992	plasmid	0.9990595195282134	0.9851616204689896	1	1	false	11	1	0
SAMN38448564	25	33437	chromosome	0.0005025181506132203	0.0002552314198923691	0	0	false	0	12	0
SAMN38448564	26	33433	plasmid	0.999822425133984	0.9851616204689896	1	1	false	12	0	0
SAMN38448564	27	25938	chromosome	0.0009329050566734367	0.0002552314198923691	0	0	false	1	11	0
SAMN38448564	28	18191	plasmid	0.9991916786983316	0.9669399891403845	1	1	false	11	0	1
SAMN38448564	29	14169	plasmid	0.999822425133984	0.9617910987478747	1	1	false	12	0	0
SAMN38448564	3	471267	chromosome	0.0005025181506132203	0.0001797980144768719	0	0	false	0	12	0
SAMN38448564	30	12355	plasmid	0.9931544050611385	0.9617910987478747	1	1	false	11	1	0
SAMN38448564	31	11439	plasmid	0.999822425133984	0.9617910987478747	1	1	false	12	0	0
SAMN38448564	32	10350	plasmid	0.9931544050611385	0.9617910987478747	1	1	true	11	1	0
SAMN38448564	33	8041	plasmid	0.9931544050611385	0.8879144831155961	1	0	true	11	1	0
SAMN38448564	34	7576	chromosome	0.0023477360266118638	0.00038964463350717323	0	0	false	1	11	0
SAMN38448564	35	6920	plasmid	0.9975926180795132	0.7759107358320771	1	0	true	7	5	0
SAMN38448564	36	5306	chromosome	0.008810584535168064	0.00042626993962601703	0	0	false	2	10	0
SAMN38448564	37	5230	plasmid	0.9931544050611385	0.9007032353933848	1	0	true	11	1	0
SAMN38448564	38	5126	plasmid	0.9931544050611385	0.9007032353933848	1	1	false	11	1	0
SAMN38448564	39	4889	chromosome	0.008810584535168064	0.00042626993962601703	0	0	false	2	10	0
SAMN38448564	4	354015	chromosome	0.0005025181506132203	0.0001797980144768719	0	0	false	0	12	0
SAMN38448564	40	3461	plasmid	0.8727648359652314	0.30628810978324605	0	0	false	10	2	0
SAMN38448564	41	3437	chromosome	0.34335101318562466	0.4559518205445428	0	0	true	7	4	1
SAMN38448564	42	1774	plasmid	0.9929225458808841	0.7545585021994823	1	0	true	10	2	0
SAMN38448564	43	1688	plasmid	0.9703096995214244	0.8210858752283638	1	1	false	9	2	1
SAMN38448564	44	1659	plasmid	0.9929225458808841	0.7545585021994823	1	0	true	10	2	0
SAMN38448564	45	1458	plasmid	0.993036133590978	0.7684072941218225	1	1	false	9	3	0
SAMN38448564	46	1444	chromosome	0.013227528526758615	0.0008805512566290771	0	0	false	3	8	1
SAMN38448564	47	1428	chromosome	0.0024820258663664062	0.0008805512566290771	0	0	false	3	8	1
SAMN38448564	48	1373	plasmid	0.9488796586352192	0.3419324277914684	1	1	false	5	6	1
SAMN38448564	49	1336	chromosome	0.0005025181506132203	0.0005168942044482338	0	0	false	0	12	0
SAMN38448564	5	347241	chromosome	0.0005025181506132203	0.0001797980144768719	0	0	false	0	12	0
SAMN38448564	50	1293	chromosome	0.00012599395954687636	0.000685114026500302	0	0	false	1	10	1
SAMN38448564	51	1283	chromosome	0.00012599395954687636	0.000685114026500302	0	0	false	1	10	1
SAMN38448564	52	1276	chromosome	2.629307352510889e-05	0.0005168942044482338	0	0	false	0	11	1
SAMN38448564	53	1251	chromosome	0.00025621137818631067	0.0005924124218639674	0	0	false	1	10	1
SAMN38448564	54	1224	chromosome	0.0005025181506132203	0.0005168942044482338	0	0	false	0	12	0
SAMN38448564	55	1205	chromosome	0.0005025181506132203	0.0005168942044482338	0	0	false	0	12	0
SAMN38448564	56	1150	chromosome	0.0047632320085462835	0.0005168942044482338	0	0	false	1	11	0
SAMN38448564	57	1127	chromosome	0.00012599395954687636	0.000685114026500302	0	0	false	1	10	1
SAMN38448564	58	1109	chromosome	0.00025621137818631067	0.0005924124218639674	0	0	false	1	10	1
SAMN38448564	59	1030	chromosome	0.00012599395954687636	0.000685114026500302	0	0	false	1	10	1
SAMN38448564	6	268522	chromosome	0.0005025181506132203	0.0001797980144768719	0	0	false	0	12	0
SAMN38448564	7	258762	chromosome	0.0005025181506132203	0.0001797980144768719	0	0	false	0	12	0
SAMN38448564	8	213277	chromosome	0.0023477360266118638	0.0001797980144768719	0	0	false	1	11	0
SAMN38448564	9	202035	chromosome	0.0005025181506132203	0.0001797980144768719	0	0	false	0	12	0
SAMN39842013	1	327572	chromosome	0.0005025181506132203	0.0005187436258989112	0	0	false	0	12	0
SAMN39842013	10	166573	chromosome	0.0005025181506132203	0.0005187436258989112	0	0	false	0	12	0
SAMN39842013	100	1282	chromosome	0.48016868216664477	0.9596889144406217	0	0	false	7	4	1
SAMN39842013	101	1261	chromosome	0.0005025181506132203	0.0009006663649301763	0	0	false	0	12	0
SAMN39842013	103	1134	plasmid	0.48016868216664477	0.9596889144406217	0	0	false	7	4	1
SAMN39842013	104	1127	chromosome	0.0023477360266118638	0.0010415537492729924	0	0	false	1	11	0
SAMN39842013	105	1106	chromosome	0.0012266715864819697	0.0012911089465831643	0	0	false	2	9	1
SAMN39842013	106	1052	chromosome	0.00012599395954687636	0.0011936331573832227	0	0	false	1	10	1
SAMN39842013	107	1034	chromosome	0.15232092333860847	0.9269319611805871	0	0	false	4	7	1
SAMN39842013	108	1026	chromosome	0.0076617658502466796	0.014069493211000865	0	0	false	2	10	0
SAMN39842013	11	156611	chromosome	0.0005025181506132203	0.0005187436258989112	0	0	false	0	12	0
SAMN39842013	12	155913	chromosome	0.0005025181506132203	0.0005187436258989112	0	0	false	0	12	0
SAMN39842013	13	155711	chromosome	0.0005025181506132203	0.0005187436258989112	0	0	false	0	12	0
SAMN39842013	14	151037	chromosome	0.0005025181506132203	0.0005187436258989112	0	0	false	0	12	0
SAMN39842013	15	135026	chromosome	0.0005025181506132203	0.0005187436258989112	0	0	false	0	12	0
SAMN39842013	16	132168	chromosome	0.0005025181506132203	0.0005187436258989112	0	0	false	0	12	0
SAMN39842013	17	129078	chromosome	0.0023477360266118638	0.0005187436258989112	0	0	false	1	11	0
SAMN39842013	18	126074	chromosome	0.0005025181506132203	0.0005187436258989112	0	0	false	0	12	0
SAMN39842013	19	116782	chromosome	0.0043515984760592406	0.0006431147038723303	0	0	false	2	10	0
SAMN39842013	2	285880	chromosome	0.0005025181506132203	0.0005187436258989112	0	0	false	0	12	0
SAMN39842013	20	115301	chromosome	0.0005025181506132203	0.0005187436258989112	0	0	false	0	12	0
SAMN39842013	21	111794	chromosome	0.0023477360266118638	0.0005187436258989112	0	0	false	1	11	0
SAMN39842013	22	101643	chromosome	0.0005025181506132203	0.0005187436258989112	0	0	false	0	12	0
SAMN39842013	23	100284	chromosome	0.0023477360266118638	0.0005187436258989112	0	0	false	1	11	0
SAMN39842013	24	96053	chromosome	0.0023477360266118638	0.0005187436258989112	0	0	false	1	11	0
SAMN39842013	25	85419	plasmid	0.9986702433695193	0.9927500768103827	1	1	false	11	1	0
SAMN39842013	26	75926	chromosome	0.0023477360266118638	0.0008716817258040134	0	0	false	1	11	0
SAMN39842013	27	74174	chromosome	0.0005025181506132203	0.0008716817258040134	0	0	false	0	12	0
SAMN39842013	28	67906	chromosome	0.0005025181506132203	0.0009647403567926307	0	0	false	0	12	0
SAMN39842013	29	61132	plasmid	0.9986702433695193	0.9927500768103827	1	1	false	11	1	0
SAMN39842013	3	272358	chromosome	0.0005025181506132203	0.0005187436258989112	0	0	false	0	12	0
SAMN39842013	30	58533	chromosome	0.0005025181506132203	0.0006532126068179752	0	0	false	0	12	0
SAMN39842013	31	56610	chromosome	0.0005025181506132203	0.0006532126068179752	0	0	false	0	12	0
SAMN39842013	32	54817	chromosome	0.0005025181506132203	0.0006532126068179752	0	0	false	0	12	0
SAMN39842013	33	52283	chromosome	0.0005025181506132203	0.0006532126068179752	0	0	false	0	12	0
SAMN39842013	34	50551	chromosome	0.0005025181506132203	0.0006532126068179752	0	0	false	0	12	0
SAMN39842013	35	46146	chromosome	0.0005025181506132203	0.0006532126068179752	0	0	false	0	12	0
SAMN39842013	36	43491	chromosome	0.0016468472579477477	0.007836425343246025	0	0	false	1	11	0
SAMN39842013	37	40586	plasmid	0.9996756519149296	0.9920750052150421	1	1	false	11	1	0
SAMN39842013	39	39584	chromosome	0.0023477360266118638	0.0006532126068179752	0	0	false	1	11	0
SAMN39842013	4	270394	chromosome	0.0005025181506132203	0.0005187436258989112	0	0	false	0	12	0
SAMN39842013	40	34930	chromosome	0.0005025181506132203	0.0006975368793825305	0	0	false	0	12	0
SAMN39842013	41	34608	chromosome	0.0005025181506132203	0.0006975368793825305	0	0	false	0	12	0
SAMN39842013	42	34270	chromosome	0.0005025181506132203	0.0006975368793825305	0	0	false	0	12	0
SAMN39842013	43	29737	plasmid	0.9986702433695193	0.9927500768103827	1	1	true	11	1	0
SAMN39842013	44	28648	chromosome	0.0005025181506132203	0.0006975368793825305	0	0	false	0	12	0
SAMN39842013	45	26640	chromosome	0.0005025181506132203	0.0006975368793825305	0	0	false	0	12	0
SAMN39842013	46	24028	plasmid	0.7944342199327958	0.9685744138051948	0	0	false	9	3	0
SAMN39842013	47	23520	chromosome	0.0009329050566734367	0.0006975368793825305	0	0	false	1	11	0
SAMN39842013	48	23086	plasmid	0.9986702433695193	0.9927500768103827	1	1	false	11	1	0
SAMN39842013	49	21557	chromosome	0.0005025181506132203	0.0006975368793825305	0	0	false	0	12	0
SAMN39842013	5	262320	chromosome	0.0005025181506132203	0.0005187436258989112	0	0	false	0	12	0
SAMN39842013	50	21056	chromosome	0.0005025181506132203	0.0007213231782355622	0	0	false	0	12	0
SAMN39842013	51	20437	chromosome	0.0076635662944439355	0.0010432197805124502	0	0	false	3	9	0
SAMN39842013	52	19864	chromosome	0.0005025181506132203	0.0007213231782355622	0	0	false	0	12	0
SAMN39842013	53	18415	chromosome	0.0009329050566734367	0.0007213231782355622	0	0	false	1	11	0
SAMN39842013	54	17020	chromosome	0.0023477360266118638	0.0011053641590850773	0	0	false	1	11	0
SAMN39842013	55	16765	chromosome	0.0005025181506132203	0.0009558536195985552	0	0	false	0	12	0
SAMN39842013	57	14152	chromosome	0.0043515984760592406	0.0013701872938488566	0	0	false	2	10	0
SAMN39842013	58	13325	chromosome	0.0009329050566734367	0.0009558536195985552	0	0	false	1	11	0
SAMN39842013	59	10806	chromosome	0.0076635662944439355	0.0013822666516133044	0	0	false	3	9	0
SAMN39842013	6	229654	chromosome	0.0005025181506132203	0.0005187436258989112	0	0	false	0	12	0
SAMN39842013	60	9622	chromosome	0.004355873146669485	0.0012725267184988342	0	0	false	1	10	1
SAMN39842013	61	9430	chromosome	0.0076635662944439355	0.0013822666516133044	0	0	false	3	9	0
SAMN39842013	62	9382	chromosome	0.021562515166430943	0.0016056562086185656	0	0	false	2	9	1
SAMN39842013	64	9020	plasmid	0.9508635198395291	0.9642467657356093	1	1	true	10	2	0
SAMN39842013	65	7465	chromosome	0.021562515166430943	0.0016056562086185656	0	0	false	2	9	1
SAMN39842013	66	7332	chromosome	0.0005025181506132203	0.0009558536195985552	0	0	false	0	12	0
SAMN39842013	67	6601	chromosome	0.0043515984760592406	0.0013701872938488566	0	0	false	2	10	0
SAMN39842013	68	6550	chromosome	0.0005025181506132203	0.0009558536195985552	0	0	false	0	12	0
SAMN39842013	69	6492	chromosome	0.0009329050566734367	0.0009558536195985552	0	0	false	1	11	0
SAMN39842013	7	204426	chromosome	0.0005025181506132203	0.0005187436258989112	0	0	false	0	12	0
SAMN39842013	70	6135	chromosome	0.0009329050566734367	0.0009558536195985552	0	0	false	1	11	0
SAMN39842013	71	6118	chromosome	0.0023477360266118638	0.0011053641590850773	0	0	false	1	11	0
SAMN39842013	72	5944	chromosome	0.14721105285356742	0.8434985755717451	0	0	false	8	4	0
SAMN39842013	73	5534	chromosome	0.0043515984760592406	0.0013701872938488566	0	0	false	2	10	0
SAMN39842013	74	5517	chromosome	0.0005025181506132203	0.0009558536195985552	0	0	false	0	12	0
SAMN39842013	75	5314	chromosome	0.0009329050566734367	0.0009754478804274018	0	0	false	1	11	0
SAMN39842013	76	5166	plasmid	0.9931544050611385	0.9923108899940998	1	1	false	11	1	0
SAMN39842013	77	5152	plasmid	0.9996756519149296	0.9910969602270905	1	1	false	11	1	0
SAMN39842013	78	5047	chromosome	0.10940661988522052	0.8407042631022119	0	0	false	7	5	0
SAMN39842013	79	3945	chromosome	0.009233635081113672	0.009600736062796456	0	0	false	3	8	1
SAMN39842013	8	181489	chromosome	0.0005025181506132203	0.0005187436258989112	0	0	false	0	12	0
SAMN39842013	81	3508	chromosome	0.0009329050566734367	0.0009754478804274018	0	0	false	1	11	0
SAMN39842013	83	3290	chromosome	2.629307352510889e-05	0.0009754478804274018	0	0	false	0	11	1
SAMN39842013	84	3194	chromosome	0.00012599395954687636	0.0012927079681088118	0	0	false	1	10	1
SAMN39842013	85	2864	chromosome	0.08205545950840865	0.007255790478678474	0	0	false	2	10	0
SAMN39842013	86	2856	chromosome	0.0043515984760592406	0.0013982631873980151	0	0	false	2	10	0
SAMN39842013	87	2750	chromosome	0.0043515984760592406	0.0013982631873980151	0	0	false	2	10	0
SAMN39842013	89	2684	chromosome	0.0005025181506132203	0.0009754478804274018	0	0	false	0	12	0
SAMN39842013	9	174303	chromosome	0.0005025181506132203	0.0005187436258989112	0	0	false	0	12	0
SAMN39842013	90	2587	chromosome	0.0009329050566734367	0.0009754478804274018	0	0	false	1	11	0
SAMN39842013	91	2351	chromosome	0.0005025181506132203	0.0009006663649301763	0	0	false	0	12	0
SAMN39842013	94	1566	chromosome	0.18407038837453935	0.0057266164710253024	0	0	false	3	9	0
SAMN39842013	95	1452	chromosome	0.00012599395954687636	0.0011936331573832227	0	0	false	1	10	1
SAMN39842013	97	1352	chromosome	0.67258603090158	0.01766213569019818	0	0	false	3	8	1
SAMN39842013	98	1351	chromosome	0.0005025181506132203	0.0009006663649301763	0	0	false	0	12	0
SAMN39980286	1	343998	chromosome	0.0005025181506132203	0.0009500596940933647	0	0	false	0	12	0
SAMN39980286	10	186819	chromosome	0.0005025181506132203	0.0009500596940933647	0	0	false	0	12	0
SAMN39980286	11	172842	chromosome	0.0005025181506132203	0.0009500596940933647	0	0	false	0	12	0
SAMN39980286	12	167936	chromosome	0.0005025181506132203	0.0009500596940933647	0	0	false	0	12	0
SAMN39980286	13	139238	chromosome	0.0023477360266118638	0.0009500596940933647	0	0	false	1	11	0
SAMN39980286	14	129068	chromosome	0.0005025181506132203	0.0009500596940933647	0	0	false	0	12	0
SAMN39980286	15	127789	plasmid	0.9986702433695193	0.9950179302929263	1	1	true	11	1	0
SAMN39980286	16	113101	chromosome	0.0005025181506132203	0.0009500596940933647	0	0	false	0	12	0
SAMN39980286	17	108621	chromosome	0.0005025181506132203	0.0009500596940933647	0	0	false	0	12	0
SAMN39980286	18	106427	chromosome	0.0005025181506132203	0.0009500596940933647	0	0	false	0	12	0
SAMN39980286	19	94285	plasmid	0.9986249460710745	0.986321892441394	1	1	false	10	2	0
SAMN39980286	2	313311	chromosome	0.0005025181506132203	0.0009500596940933647	0	0	false	0	12	0
SAMN39980286	20	93293	chromosome	0.0005025181506132203	0.0009500596940933647	0	0	false	0	12	0
SAMN39980286	21	84036	chromosome	0.0005025181506132203	0.0009500596940933647	0	0	false	0	12	0
SAMN39980286	22	74388	chromosome	0.0005025181506132203	0.001595984129854671	0	0	false	0	12	0
SAMN39980286	23	68782	chromosome	0.0005025181506132203	0.0017662308396507332	0	0	false	0	12	0
SAMN39980286	24	67661	chromosome	0.0005025181506132203	0.0017662308396507332	0	0	false	0	12	0
SAMN39980286	25	65744	chromosome	0.0023477360266118638	0.0017662308396507332	0	0	false	1	11	0
SAMN39980286	26	62451	plasmid	0.999822425133984	0.99812184203129	1	1	true	12	0	0
SAMN39980286	27	61896	chromosome	0.0009329050566734367	0.0011962008291016562	0	0	false	1	11	0
SAMN39980286	28	61554	chromosome	0.0009329050566734367	0.0011962008291016562	0	0	false	1	11	0
SAMN39980286	29	61086	chromosome	0.0005025181506132203	0.0011962008291016562	0	0	false	0	12	0
SAMN39980286	3	293354	chromosome	0.0005025181506132203	0.0009500596940933647	0	0	false	0	12	0
SAMN39980286	30	55410	chromosome	0.0005025181506132203	0.0011962008291016562	0	0	false	0	12	0
SAMN39980286	31	53856	chromosome	0.0009329050566734367	0.0011962008291016562	0	0	false	1	11	0
SAMN39980286	32	53670	chromosome	0.0005025181506132203	0.0011962008291016562	0	0	false	0	12	0
SAMN39980286	33	48166	chromosome	0.0005025181506132203	0.0011962008291016562	0	0	false	0	12	0
SAMN39980286	34	47219	plasmid	0.9508635198395291	0.986321892441394	1	1	false	10	2	0
SAMN39980286	35	41376	chromosome	0.0005025181506132203	0.0011962008291016562	0	0	false	0	12	0
SAMN39980286	36	39089	plasmid	0.9931544050611385	0.99812184203129	1	1	false	11	1	0
SAMN39980286	37	38633	chromosome	0.0005025181506132203	0.0011962008291016562	0	0	false	0	12	0
SAMN39980286	38	38595	chromosome	0.0009329050566734367	0.0011962008291016562	0	0	false	1	11	0
SAMN39980286	39	36105	chromosome	0.0043515984760592406	0.0014827543080386458	0	0	false	2	10	0
SAMN39980286	4	263743	chromosome	0.0005025181506132203	0.0009500596940933647	0	0	false	0	12	0
SAMN39980286	40	35320	chromosome	0.0076635662944439355	0.0018468805504140995	0	0	false	3	9	0
SAMN39980286	41	34038	chromosome	0.0005025181506132203	0.0012773229153878662	0	0	false	0	12	0
SAMN39980286	42	31740	chromosome	0.0009329050566734367	0.0012773229153878662	0	0	false	1	11	0
SAMN39980286	43	30798	chromosome	0.0005025181506132203	0.0012773229153878662	0	0	false	0	12	0
SAMN39980286	44	30634	chromosome	0.0005025181506132203	0.0012773229153878662	0	0	false	0	12	0
SAMN39980286	45	29789	chromosome	0.0005025181506132203	0.0012773229153878662	0	0	false	0	12	0
SAMN39980286	46	28449	chromosome	0.0005025181506132203	0.0012773229153878662	0	0	false	0	12	0
SAMN39980286	47	28205	plasmid	0.9931544050611385	0.99812184203129	1	1	false	11	1	0
SAMN39980286	48	23305	chromosome	0.0005025181506132203	0.0012773229153878662	0	0	false	0	12	0
SAMN39980286	49	20821	chromosome	0.0005025181506132203	0.001320854027404172	0	0	false	0	12	0
SAMN39980286	5	234199	chromosome	0.0005025181506132203	0.0009500596940933647	0	0	false	0	12	0
SAMN39980286	50	19405	chromosome	0.0009329050566734367	0.001320854027404172	0	0	false	1	11	0
SAMN39980286	51	17085	chromosome	0.0005025181506132203	0.0017499740792468077	0	0	false	0	12	0
SAMN39980286	52	16078	chromosome	0.0023477360266118638	0.002023445969688531	0	0	false	1	11	0
SAMN39980286	53	15720	plasmid	0.9508635198395291	0.9790974764997217	1	1	true	10	2	0
SAMN39980286	54	15522	plasmid	0.9508635198395291	0.9790974764997217	1	1	false	10	2	0
SAMN39980286	55	14935	chromosome	0.0023477360266118638	0.002023445969688531	0	0	false	1	11	0
SAMN39980286	56	14606	chromosome	0.0009329050566734367	0.0017499740792468077	0	0	false	1	11	0
SAMN39980286	57	13366	chromosome	0.0005025181506132203	0.0017499740792468077	0	0	false	0	12	0
SAMN39980286	58	10528	chromosome	0.0023477360266118638	0.002023445969688531	0	0	false	1	11	0
SAMN39980286	59	9826	chromosome	0.0005025181506132203	0.0017499740792468077	0	0	false	0	12	0
SAMN39980286	6	215817	chromosome	0.0023477360266118638	0.0009500596940933647	0	0	false	1	11	0
SAMN39980286	60	8431	chromosome	0.0005025181506132203	0.0017499740792468077	0	0	false	0	12	0
SAMN39980286	61	8386	chromosome	0.0024123556419008763	0.002032668257920536	0	0	false	0	11	1
SAMN39980286	63	6961	chromosome	0.0023477360266118638	0.002023445969688531	0	0	false	1	11	0
SAMN39980286	64	6876	chromosome	0.0005025181506132203	0.0017499740792468077	0	0	false	0	12	0
SAMN39980286	65	6651	plasmid	0.7889023520731259	0.9608183847874051	0	1	true	8	4	0
SAMN39980286	66	6217	chromosome	0.0024123556419008763	0.002032668257920536	0	0	false	0	11	1
SAMN39980286	67	5723	chromosome	0.0023477360266118638	0.002023445969688531	0	0	false	1	11	0
SAMN39980286	68	5325	plasmid	0.9931544050611385	0.9947153944947259	1	1	false	11	1	0
SAMN39980286	69	4625	chromosome	0.0005025181506132203	0.001785818097170428	0	0	false	0	12	0
SAMN39980286	7	203598	chromosome	0.0005025181506132203	0.0009500596940933647	0	0	false	0	12	0
SAMN39980286	70	4308	plasmid	0.9508635198395291	0.9782804437114404	1	1	false	10	2	0
SAMN39980286	71	4150	chromosome	0.0016468472579477477	0.02799652067196242	0	0	false	1	11	0
SAMN39980286	72	3376	plasmid	0.9875647758701592	0.9653591870315362	1	1	true	10	2	0
SAMN39980286	73	3337	plasmid	0.9857568595095695	0.9809144313951622	1	1	true	10	1	1
SAMN39980286	74	3217	plasmid	0.9508635198395291	0.9736475785297809	1	1	true	10	2	0
SAMN39980286	75	3199	plasmid	0.7944342199327958	0.9583907559080783	0	1	true	9	3	0
SAMN39980286	76	3176	chromosome	0.0009329050566734367	0.001785818097170428	0	0	false	1	11	0
SAMN39980286	77	3038	chromosome	0.0004231276172503976	0.040002947201853184	0	0	false	2	9	1
SAMN39980286	78	2885	chromosome	0.00012599395954687636	0.0023660232760965468	0	0	false	1	10	1
SAMN39980286	79	2582	chromosome	0.321819426853436	0.9215061377309858	0	0	false	5	5	2
SAMN39980286	8	195281	chromosome	0.0005025181506132203	0.0009500596940933647	0	0	false	0	12	0
SAMN39980286	80	1890	chromosome	0.06558826216287283	0.009276825189156337	0	0	false	3	7	2
SAMN39980286	81	1660	chromosome	0.0023477360266118638	0.0019067377435936614	0	0	false	1	11	0
SAMN39980286	82	1626	chromosome	2.629307352510889e-05	0.0016490130894969831	0	0	false	0	11	1
SAMN39980286	83	1535	plasmid	0.8178592258974834	0.9732631190340633	0	0	false	8	3	1
SAMN39980286	84	1524	chromosome	0.0023477360266118638	0.0019067377435936614	0	0	false	1	11	0
SAMN39980286	86	1415	chromosome	0.0004231276172503976	0.03673484073178418	0	0	false	2	9	1
SAMN39980286	87	1378	plasmid	0.7889023520731259	0.9577227744913287	0	0	false	8	4	0
SAMN39980286	88	1290	chromosome	0.0023477360266118638	0.0019067377435936614	0	0	false	1	11	0
SAMN39980286	89	1216	plasmid	0.9929225458808841	0.9816961847615786	1	1	true	10	2	0
SAMN39980286	9	187563	chromosome	0.0005025181506132203	0.0009500596940933647	0	0	false	0	12	0
SAMN39980286	91	1027	chromosome	0.0024123556419008763	0.001591052584792174	0	0	false	0	11	1
SAMN39980286	92	1022	chromosome	0.0023477360266118638	0.0019067377435936614	0	0	false	1	11	0
SAMN39980286	93	1022	chromosome	0.0023477360266118638	0.0019067377435936614	0	0	false	1	11	0
SAMN40323362	1	582046	chromosome	0.0005025181506132203	0.0009500596940933647	0	0	false	0	12	0
SAMN40323362	10	192317	chromosome	0.0005025181506132203	0.0009500596940933647	0	0	false	0	12	0
SAMN40323362	11	171760	chromosome	0.0005025181506132203	0.0009500596940933647	0	0	false	0	12	0
SAMN40323362	13	131603	chromosome	0.0005025181506132203	0.0009500596940933647	0	0	false	0	12	0
SAMN40323362	14	130521	chromosome	0.0005025181506132203	0.0009500596940933647	0	0	false	0	12	0
SAMN40323362	15	119157	chromosome	0.0023477360266118638	0.0009500596940933647	0	0	false	1	11	0
SAMN40323362	16	110941	chromosome	0.0005025181506132203	0.0009500596940933647	0	0	false	0	12	0
SAMN40323362	17	110424	chromosome	0.0005025181506132203	0.0009500596940933647	0	0	false	0	12	0
SAMN40323362	18	88578	chromosome	0.0005025181506132203	0.0009500596940933647	0	0	false	0	12	0
SAMN40323362	19	85879	chromosome	0.0005025181506132203	0.0009500596940933647	0	0	false	0	12	0
SAMN40323362	2	384112	chromosome	0.0005025181506132203	0.0009500596940933647	0	0	false	0	12	0
SAMN40323362	20	68991	plasmid	0.9998869742013504	0.998174925662155	1	1	false	11	0	1
SAMN40323362	21	60258	chromosome	0.0023477360266118638	0.0011962008291016562	0	0	false	1	11	0
SAMN40323362	22	58211	chromosome	0.0005025181506132203	0.0011962008291016562	0	0	false	0	12	0
SAMN40323362	23	53387	chromosome	0.0023477360266118638	0.0011962008291016562	0	0	false	1	11	0
SAMN40323362	24	52780	plasmid	0.9996166454176644	0.9970313445249603	1	1	false	11	0	1
SAMN40323362	25	50968	chromosome	0.0005025181506132203	0.0011962008291016562	0	0	false	0	12	0
SAMN40323362	26	46370	plasmid	0.9931544050611385	0.99812184203129	1	1	true	11	1	0
SAMN40323362	27	41488	chromosome	0.0005025181506132203	0.0011962008291016562	0	0	false	0	12	0
SAMN40323362	28	39477	chromosome	0.0005025181506132203	0.0011962008291016562	0	0	false	0	12	0
SAMN40323362	29	37864	plasmid	0.9931544050611385	0.99812184203129	1	1	true	11	1	0
SAMN40323362	3	364862	chromosome	0.0005025181506132203	0.0009500596940933647	0	0	false	0	12	0
SAMN40323362	30	36181	chromosome	0.0005025181506132203	0.0011962008291016562	0	0	false	0	12	0
SAMN40323362	31	31626	chromosome	2.629307352510889e-05	0.0012773229153878662	0	0	false	0	11	1
SAMN40323362	32	29791	chromosome	0.0005025181506132203	0.0012773229153878662	0	0	false	0	12	0
SAMN40323362	33	28900	chromosome	0.0009329050566734367	0.0012773229153878662	0	0	false	1	11	0
SAMN40323362	34	27131	chromosome	0.024711780572106334	0.7174625435667613	0	0	false	4	8	0
SAMN40323362	35	26443	chromosome	0.0005025181506132203	0.0012773229153878662	0	0	false	0	12	0
SAMN40323362	36	23208	chromosome	0.0030543117989903774	0.0271884950649154	0	0	false	2	10	0
SAMN40323362	37	18663	chromosome	0.0043515984760592406	0.001893104547018694	0	0	false	2	10	0
SAMN40323362	38	18349	plasmid	0.9704222765871559	0.994546794274703	1	1	true	10	1	1
SAMN40323362	39	17192	chromosome	0.0043515984760592406	0.001893104547018694	0	0	false	2	10	0
SAMN40323362	4	344041	chromosome	0.0005025181506132203	0.0009500596940933647	0	0	false	0	12	0
SAMN40323362	40	16053	chromosome	0.0005025181506132203	0.0017499740792468077	0	0	false	0	12	0
SAMN40323362	41	15769	chromosome	0.0043515984760592406	0.0025076709532419928	0	0	false	2	10	0
SAMN40323362	42	14338	chromosome	0.0005025181506132203	0.0017499740792468077	0	0	false	0	12	0
SAMN40323362	43	13950	chromosome	0.0043515984760592406	0.0025076709532419928	0	0	false	2	10	0
SAMN40323362	44	12229	chromosome	0.0005025181506132203	0.0017499740792468077	0	0	false	0	12	0
SAMN40323362	45	12089	chromosome	0.12010912004631195	0.6942053339018205	0	0	false	4	8	0
SAMN40323362	46	12027	chromosome	0.0009329050566734367	0.0017499740792468077	0	0	false	1	11	0
SAMN40323362	47	11913	chromosome	0.0043515984760592406	0.0025076709532419928	0	0	false	2	10	0
SAMN40323362	48	11128	chromosome	0.021562515166430943	0.0029380431727176804	0	0	false	2	9	1
SAMN40323362	49	10182	plasmid	0.9931544050611385	0.9969783150028219	1	1	false	11	1	0
SAMN40323362	5	339542	chromosome	0.0005025181506132203	0.0009500596940933647	0	0	false	0	12	0
SAMN40323362	50	9294	plasmid	0.999822425133984	0.994154178409912	1	1	false	12	0	0
SAMN40323362	51	9115	chromosome	0.06892868732722952	0.04551235231486544	0	0	false	3	8	1
SAMN40323362	52	8723	chromosome	0.00012599395954687636	0.002318560728961529	0	0	false	1	10	1
SAMN40323362	53	8386	chromosome	0.0043515984760592406	0.0025076709532419928	0	0	false	2	10	0
SAMN40323362	54	7646	plasmid	0.9957591807397924	0.9912979314840765	1	1	false	10	1	1
SAMN40323362	55	7187	chromosome	0.0076635662944439355	0.0025297527869141234	0	0	false	3	9	0
SAMN40323362	56	6706	chromosome	0.0043515984760592406	0.0025076709532419928	0	0	false	2	10	0
SAMN40323362	57	6071	chromosome	0.060399702294747074	0.8217717949250724	0	0	false	5	6	1
SAMN40323362	58	5574	chromosome	0.00012599395954687636	0.002318560728961529	0	0	false	1	10	1
SAMN40323362	59	5322	chromosome	0.00023956578021005798	0.0025815273955167852	0	0	false	2	9	1
SAMN40323362	6	276365	chromosome	0.0005025181506132203	0.0009500596940933647	0	0	true	0	12	0
SAMN40323362	60	5110	chromosome	0.0005025181506132203	0.001785818097170428	0	0	false	0	12	0
SAMN40323362	61	5106	chromosome	0.0004231276172503976	0.040002947201853184	0	0	false	2	9	1
SAMN40323362	62	5075	chromosome	0.024471395953503606	0.010171570155904005	0	0	false	2	10	0
SAMN40323362	63	5006	chromosome	0.024711780572106334	0.7312631469359604	0	0	false	4	8	0
SAMN40323362	64	4828	chromosome	0.0016472365981037788	0.00221330316104821	0	0	false	2	10	0
SAMN40323362	65	4238	plasmid	0.9343710701839543	0.9877465605964683	1	1	false	9	2	1
SAMN40323362	66	4220	chromosome	0.0005025181506132203	0.001785818097170428	0	0	false	0	12	0
SAMN40323362	67	3678	chromosome	0.0043515984760592406	0.002558994788457477	0	0	false	2	10	0
SAMN40323362	68	3569	chromosome	0.0005025181506132203	0.001785818097170428	0	0	false	0	12	0
SAMN40323362	69	3444	chromosome	0.00012599395954687636	0.0023660232760965468	0	0	false	1	10	1
SAMN40323362	7	233871	chromosome	0.0005025181506132203	0.0009500596940933647	0	0	false	0	12	0
SAMN40323362	70	3333	chromosome	0.0076635662944439355	0.0025815273955167852	0	0	false	3	9	0
SAMN40323362	71	2846	chromosome	0.0009329050566734367	0.001785818097170428	0	0	false	1	11	0
SAMN40323362	72	2681	chromosome	0.0023477360266118638	0.0020648798162500623	0	0	false	1	11	0
SAMN40323362	73	2528	chromosome	0.021910581682701883	0.002558994788457477	0	0	false	2	10	0
SAMN40323362	74	2419	chromosome	0.0023477360266118638	0.0020648798162500623	0	0	false	1	11	0
SAMN40323362	75	2309	chromosome	0.0005025181506132203	0.0016490130894969831	0	0	false	0	12	0
SAMN40323362	76	2271	chromosome	0.0005025181506132203	0.0016490130894969831	0	0	false	0	12	0
SAMN40323362	77	2062	chromosome	0.0023477360266118638	0.0019067377435936614	0	0	false	1	11	0
SAMN40323362	79	1921	chromosome	0.0023477360266118638	0.0019067377435936614	0	0	false	1	11	0
SAMN40323362	8	208716	chromosome	0.0023477360266118638	0.0009500596940933647	0	0	false	1	11	0
SAMN40323362	80	1822	chromosome	2.629307352510889e-05	0.0016490130894969831	0	0	false	0	11	1
SAMN40323362	81	1770	chromosome	0.07533192841157481	0.9106673056161115	0	0	false	5	6	1
SAMN40323362	82	1672	chromosome	0.0023477360266118638	0.0019067377435936614	0	0	false	1	11	0
SAMN40323362	83	1602	chromosome	0.0023477360266118638	0.0019067377435936614	0	0	false	1	11	0
SAMN40323362	84	1579	chromosome	0.0023477360266118638	0.0019067377435936614	0	0	false	1	11	0
SAMN40323362	85	1544	chromosome	0.0023477360266118638	0.0019067377435936614	0	0	false	1	11	0
SAMN40323362	86	1533	chromosome	0.0023477360266118638	0.0019067377435936614	0	0	false	1	11	0
SAMN40323362	87	1508	chromosome	0.024471395953503606	0.00939841164245909	0	0	false	2	10	0
SAMN40323362	88	1406	chromosome	0.024471395953503606	0.00939841164245909	0	0	false	2	10	0
SAMN40323362	89	1389	chromosome	0.001037832217928401	0.008271539730232742	0	0	false	1	9	2
SAMN40323362	9	194606	chromosome	0.0005025181506132203	0.0009500596940933647	0	0	false	0	12	0
SAMN40323362	90	1274	chromosome	0.00012599395954687636	0.0021848681523780004	0	0	false	1	10	1
SAMN40323362	91	1213	chromosome	0.0023477360266118638	0.0019067377435936614	0	0	false	1	11	0
SAMN40323362	92	1213	chromosome	0.0023477360266118638	0.0019067377435936614	0	0	false	1	11	0
SAMN40323362	93	1096	chromosome	0.0004231276172503976	0.03673484073178418	0	0	false	2	9	1
SAMN40323362	94	1014	chromosome	0.0023477360266118638	0.0019067377435936614	0	0	false	1	11	0
SAMN41579872	1	826001	chromosome	0.0005025181506132203	0.0001029668062361291	0	0	false	0	12	0
SAMN41579872	10	175039	chromosome	0.0023477360266118638	0.0001029668062361291	0	0	false	1	11	0
SAMN41579872	11	161146	chromosome	0.0023477360266118638	0.0001029668062361291	0	0	false	1	11	0
SAMN41579872	12	161127	chromosome	0.0005025181506132203	0.0001029668062361291	0	0	false	0	12	0
SAMN41579872	13	159981	chromosome	0.0005025181506132203	0.0001029668062361291	0	0	false	0	12	0
SAMN41579872	14	133278	chromosome	0.0005025181506132203	0.0001029668062361291	0	0	false	0	12	0
SAMN41579872	15	124599	chromosome	0.0005025181506132203	0.0001029668062361291	0	0	false	0	12	0
SAMN41579872	16	88134	chromosome	0.0005025181506132203	0.0001029668062361291	0	0	false	0	12	0
SAMN41579872	17	85230	chromosome	0.0005025181506132203	0.0001029668062361291	0	0	false	0	12	0
SAMN41579872	18	83249	plasmid	0.999822425133984	0.9632985360886869	1	1	true	12	0	0
SAMN41579872	19	77197	chromosome	0.0005025181506132203	0.0001826884470157553	0	0	false	0	12	0
SAMN41579872	2	418197	chromosome	0.0005025181506132203	0.0001029668062361291	0	0	false	0	12	0
SAMN41579872	20	75611	chromosome	0.0005025181506132203	0.0001826884470157553	0	0	false	0	12	0
SAMN41579872	21	73152	chromosome	0.0005025181506132203	0.0001826884470157553	0	0	false	0	12	0
SAMN41579872	22	67562	chromosome	0.0005025181506132203	0.00020220670973196005	0	0	false	0	12	0
SAMN41579872	23	41046	chromosome	0.0005025181506132203	0.00013687768351753238	0	0	false	0	12	0
SAMN41579872	24	38832	chromosome	0.0009329050566734367	0.00013687768351753238	0	0	false	1	11	0
SAMN41579872	25	31174	plasmid	0.8538819429730978	0.8503905043766072	0	0	false	7	5	0
SAMN41579872	26	29790	chromosome	0.0005025181506132203	0.0001461707546619211	0	0	false	0	12	0
SAMN41579872	27	26141	chromosome	0.0005025181506132203	0.0001461707546619211	0	0	false	0	12	0
SAMN41579872	28	24082	plasmid	0.999822425133984	0.9651635816126588	1	1	false	12	0	0
SAMN41579872	29	21312	plasmid	0.999822425133984	0.9651635816126588	1	1	false	12	0	0
SAMN41579872	3	389105	chromosome	0.0005025181506132203	0.0001029668062361291	0	0	false	0	12	0
SAMN41579872	30	12126	plasmid	0.9857568595095695	0.483506452336697	1	1	false	10	1	1
SAMN41579872	31	12081	chromosome	0.0009329050566734367	0.0001929541555357104	0	0	false	1	11	0
SAMN41579872	32	11750	chromosome	0.0005025181506132203	0.0001929541555357104	0	0	false	0	12	0
SAMN41579872	33	7377	chromosome	0.0023477360266118638	0.00022316187545497413	0	0	false	1	11	0
SAMN41579872	34	6407	plasmid	0.9931544050611385	0.7426018071782534	1	1	false	11	1	0
SAMN41579872	35	6197	plasmid	0.9931544050611385	0.7426018071782534	1	1	false	11	1	0
SAMN41579872	36	5926	plasmid	0.9647539237935542	0.5165817111924245	1	1	false	10	2	0
SAMN41579872	37	4392	chromosome	0.0005025181506132203	0.00019691264910562858	0	0	false	0	12	0
SAMN41579872	38	4337	plasmid	0.9931544050611385	0.7426018071782534	1	1	false	11	1	0
SAMN41579872	39	4243	plasmid	0.9931544050611385	0.7426018071782534	1	1	false	11	1	0
SAMN41579872	4	374831	chromosome	0.0005025181506132203	0.0001029668062361291	0	0	false	0	12	0
SAMN41579872	40	2835	chromosome	0.0023477360266118638	0.00022773994535379015	0	0	false	1	11	0
SAMN41579872	41	2257	plasmid	0.9996808922850248	0.6679951972024433	1	1	false	10	2	0
SAMN41579872	42	2235	plasmid	0.9957591807397924	0.523683501507729	1	1	false	10	1	1
SAMN41579872	43	2223	plasmid	0.9931544050611385	0.6012362827295995	1	1	false	11	1	0
SAMN41579872	44	2208	plasmid	0.9975107036737277	0.4560462653854769	1	1	false	6	6	0
SAMN41579872	45	2026	plasmid	0.9975107036737277	0.4647787637909004	1	1	false	6	6	0
SAMN41579872	46	1778	chromosome	0.00012599395954687636	0.00026396637508936406	0	0	false	1	10	1
SAMN41579872	47	1576	plasmid	0.9065895287544276	0.2639899271288953	0	0	false	5	5	2
SAMN41579872	48	1565	plasmid	0.999822425133984	0.7054988324396543	1	1	false	12	0	0
SAMN41579872	49	1503	plasmid	0.9932642968525297	0.5123323715584105	1	1	false	10	2	0
SAMN41579872	5	280750	chromosome	0.0005025181506132203	0.0001029668062361291	0	0	false	0	12	0
SAMN41579872	50	1503	plasmid	0.9932642968525297	0.5123323715584105	1	1	false	10	2	0
SAMN41579872	51	1463	chromosome	0.0006230974243322653	0.0004812480550427222	0	0	false	1	9	2
SAMN41579872	52	1421	chromosome	0.013227528526758615	0.0004935958000562411	0	0	false	3	8	1
SAMN41579872	53	1262	chromosome	2.629307352510889e-05	0.0002960578551461238	0	0	false	0	11	1
SAMN41579872	54	1180	chromosome	0.0013734342506121736	0.00048252506249478206	0	0	false	2	9	1
SAMN41579872	55	1161	plasmid	0.9717122553050875	0.6998676525957015	1	1	false	9	2	1
SAMN41579872	56	1116	plasmid	0.9932642968525297	0.6096925721306048	1	1	false	10	2	0
SAMN41579872	57	1109	plasmid	0.9717122553050875	0.6998676525957015	1	1	false	9	2	1
SAMN41579872	6	243103	chromosome	0.0005025181506132203	0.0001029668062361291	0	0	false	0	12	0
SAMN41579872	7	229996	chromosome	0.0005025181506132203	0.0001029668062361291	0	0	false	0	12	0
SAMN41579872	8	217019	chromosome	0.0005025181506132203	0.0001029668062361291	0	0	false	0	12	0
SAMN41579872	9	209720	chromosome	0.0005025181506132203	0.0001029668062361291	0	0	false	0	12	0
SAMN41579880	1	586353	chromosome	0.0005025181506132203	0.0001747475569751821	0	0	false	0	12	0
SAMN41579880	10	209074	chromosome	0.0005025181506132203	0.0001747475569751821	0	0	false	0	12	0
SAMN41579880	11	187953	chromosome	0.0005025181506132203	0.0001747475569751821	0	0	false	0	12	0
SAMN41579880	12	176386	chromosome	0.0005025181506132203	0.0001747475569751821	0	0	false	0	12	0
SAMN41579880	13	144032	chromosome	0.0005025181506132203	0.0001747475569751821	0	0	false	0	12	0
SAMN41579880	14	135935	chromosome	0.0023477360266118638	0.0001747475569751821	0	0	false	1	11	0
SAMN41579880	15	128885	chromosome	0.0005025181506132203	0.0001747475569751821	0	0	false	0	12	0
SAMN41579880	16	125520	chromosome	0.0005025181506132203	0.0001747475569751821	0	0	false	0	12	0
SAMN41579880	17	116179	chromosome	0.0023477360266118638	0.0001747475569751821	0	0	false	1	11	0
SAMN41579880	18	114536	chromosome	0.0005025181506132203	0.0001747475569751821	0	0	false	0	12	0
SAMN41579880	19	112888	chromosome	0.0005025181506132203	0.0001747475569751821	0	0	false	0	12	0
SAMN41579880	2	384841	chromosome	0.0005025181506132203	0.0001747475569751821	0	0	false	0	12	0
SAMN41579880	20	103351	chromosome	0.0023477360266118638	0.0001747475569751821	0	0	false	1	11	0
SAMN41579880	21	88204	chromosome	0.0016468472579477477	0.0018696517721994526	0	0	false	1	11	0
SAMN41579880	22	62923	chromosome	0.0016468472579477477	0.0021267483644550416	0	0	false	1	11	0
SAMN41579880	23	48981	chromosome	0.0005025181506132203	0.00022006533927213223	0	0	false	0	12	0
SAMN41579880	24	34844	chromosome	0.0005025181506132203	0.00023500496348144683	0	0	false	0	12	0
SAMN41579880	25	33195	plasmid	0.9508635198395291	0.760166630811483	1	1	false	10	2	0
SAMN41579880	26	32922	chromosome	0.0023477360266118638	0.0002717941105263667	0	0	false	1	11	0
SAMN41579880	27	31956	chromosome	0.0005025181506132203	0.00023500496348144683	0	0	false	0	12	0
SAMN41579880	28	31234	chromosome	0.0023477360266118638	0.0002717941105263667	0	0	false	1	11	0
SAMN41579880	29	30815	chromosome	0.0005025181506132203	0.00023500496348144683	0	0	false	0	12	0
SAMN41579880	3	369871	chromosome	0.0005025181506132203	0.0001747475569751821	0	0	false	0	12	0
SAMN41579880	30	30237	chromosome	0.0009329050566734367	0.00023500496348144683	0	0	false	1	11	0
SAMN41579880	31	29812	chromosome	0.0005025181506132203	0.00023500496348144683	0	0	false	0	12	0
SAMN41579880	32	27429	chromosome	0.0043515984760592406	0.00033697791216988923	0	0	false	2	10	0
SAMN41579880	33	26396	plasmid	0.9933767512387712	0.760166630811483	1	1	false	10	2	0
SAMN41579880	34	23680	chromosome	0.014137038622815292	0.0032819410731307437	0	0	false	3	9	0
SAMN41579880	35	23298	chromosome	0.0009329050566734367	0.00023500496348144683	0	0	false	1	11	0
SAMN41579880	36	22800	plasmid	0.7944342199327958	0.7152959648030646	0	0	false	9	3	0
SAMN41579880	37	21475	chromosome	0.0005025181506132203	0.00023500496348144683	0	0	false	0	12	0
SAMN41579880	38	14450	plasmid	0.7944342199327958	0.5019847779134418	0	0	false	9	3	0
SAMN41579880	39	14267	chromosome	0.0005025181506132203	0.00033690900732683964	0	0	false	0	12	0
SAMN41579880	4	288014	chromosome	0.0005025181506132203	0.0001747475569751821	0	0	false	0	12	0
SAMN41579880	40	13676	plasmid	0.7944342199327958	0.5019847779134418	0	0	false	9	3	0
SAMN41579880	41	13616	chromosome	0.0005025181506132203	0.00033690900732683964	0	0	false	0	12	0
SAMN41579880	42	13302	chromosome	0.0043515984760592406	0.00048307861726971	0	0	false	2	10	0
SAMN41579880	43	12934	chromosome	0.0023477360266118638	0.00038964463350717323	0	0	false	1	11	0
SAMN41579880	44	11455	plasmid	0.9508635198395291	0.5597841776424989	1	1	false	10	2	0
SAMN41579880	45	11052	plasmid	0.9508635198395291	0.5597841776424989	1	1	false	10	2	0
SAMN41579880	46	10533	plasmid	0.9508635198395291	0.5597841776424989	1	1	false	10	2	0
SAMN41579880	47	10070	plasmid	0.9508635198395291	0.5597841776424989	1	1	false	10	2	0
SAMN41579880	48	9963	chromosome	0.014137038622815292	0.002696962046197105	0	0	false	3	9	0
SAMN41579880	49	9958	plasmid	0.9508635198395291	0.5597841776424989	1	1	false	10	2	0
SAMN41579880	5	279975	chromosome	0.0005025181506132203	0.0001747475569751821	0	0	false	0	12	0
SAMN41579880	50	8662	chromosome	0.0005025181506132203	0.00033690900732683964	0	0	false	0	12	0
SAMN41579880	51	8502	chromosome	0.0005025181506132203	0.00033690900732683964	0	0	false	0	12	0
SAMN41579880	52	8142	chromosome	0.013459020277311731	0.0024215765325630296	0	0	false	3	9	0
SAMN41579880	53	6073	plasmid	0.999822425133984	0.9362001579023377	1	1	false	12	0	0
SAMN41579880	54	4661	chromosome	0.0005025181506132203	0.00034381974824296263	0	0	false	0	12	0
SAMN41579880	55	3654	plasmid	0.9986702433695193	0.6946086970476383	1	1	false	11	1	0
SAMN41579880	56	3151	chromosome	0.00012599395954687636	0.00045573930910945064	0	0	false	1	10	1
SAMN41579880	57	3071	plasmid	0.999822425133984	0.909550217808742	1	0	true	12	0	0
SAMN41579880	58	2246	plasmid	0.9996756519149296	0.946864808936915	1	1	false	11	1	0
SAMN41579880	59	2225	plasmid	0.9123720989070611	0.5212438577053634	0	0	false	7	5	0
SAMN41579880	6	232621	chromosome	0.0009329050566734367	0.0001747475569751821	0	0	false	1	11	0
SAMN41579880	60	1958	chromosome	0.024471395953503606	0.0007868967902236241	0	0	false	2	10	0
SAMN41579880	61	1899	chromosome	0.0005025181506132203	0.0003174458422049281	0	0	false	0	12	0
SAMN41579880	62	1878	chromosome	0.00012599395954687636	0.0004207838322954311	0	0	false	1	10	1
SAMN41579880	64	1709	chromosome	0.0005025181506132203	0.00034769541081109545	0	0	false	0	12	0
SAMN41579880	65	1566	chromosome	0.0016468472579477477	0.0017544399802553613	0	0	false	1	11	0
SAMN41579880	66	1552	plasmid	0.999822425133984	0.9226813462170833	1	1	false	12	0	0
SAMN41579880	67	1474	chromosome	0.0016468472579477477	0.0026064170990963017	0	0	false	1	11	0
SAMN41579880	68	1425	chromosome	0.00012599395954687636	0.000685114026500302	0	0	false	1	10	1
SAMN41579880	69	1267	chromosome	0.0005025181506132203	0.0005168942044482338	0	0	false	0	12	0
SAMN41579880	7	230773	chromosome	0.0005025181506132203	0.0001747475569751821	0	0	false	0	12	0
SAMN41579880	70	1231	chromosome	0.0076617658502466796	0.0037335463953818283	0	0	false	2	10	0
SAMN41579880	71	1219	chromosome	0.0023477360266118638	0.0005977856709094566	0	0	false	1	11	0
SAMN41579880	8	219140	chromosome	0.0005025181506132203	0.0001747475569751821	0	0	false	0	12	0
SAMN41579880	9	209605	chromosome	0.0005025181506132203	0.0001747475569751821	0	0	false	0	12	0
SAMN41579881	1	409793	chromosome	0.0005025181506132203	0.0009500596940933647	0	0	false	0	12	0
SAMN41579881	10	131996	chromosome	0.0005025181506132203	0.0009500596940933647	0	0	false	0	12	0
SAMN41579881	11	127237	chromosome	0.0005025181506132203	0.0009500596940933647	0	0	false	0	12	0
SAMN41579881	12	124489	chromosome	0.0005025181506132203	0.0009500596940933647	0	0	false	0	12	0
SAMN41579881	13	119809	chromosome	0.0005025181506132203	0.0009500596940933647	0	0	false	0	12	0
SAMN41579881	14	117755	chromosome	0.0005025181506132203	0.0009500596940933647	0	0	false	0	12	0
SAMN41579881	15	115669	chromosome	0.0023477360266118638	0.0009500596940933647	0	0	false	1	11	0
SAMN41579881	16	109986	chromosome	0.0005025181506132203	0.0009500596940933647	0	0	false	0	12	0
SAMN41579881	17	106417	chromosome	0.0005025181506132203	0.0009500596940933647	0	0	false	0	12	0
SAMN41579881	18	105530	chromosome	0.0009329050566734367	0.0009500596940933647	0	0	false	1	11	0
SAMN41579881	19	99949	chromosome	0.0023477360266118638	0.0009500596940933647	0	0	false	1	11	0
SAMN41579881	2	264076	chromosome	0.0005025181506132203	0.0009500596940933647	0	0	false	0	12	0
SAMN41579881	20	92410	chromosome	0.0023477360266118638	0.0009500596940933647	0	0	false	1	11	0
SAMN41579881	21	92081	chromosome	0.0023477360266118638	0.0009500596940933647	0	0	false	1	11	0
SAMN41579881	22	89865	chromosome	0.0005025181506132203	0.0009500596940933647	0	0	false	0	12	0
SAMN41579881	23	86805	chromosome	0.0005025181506132203	0.0009500596940933647	0	0	false	0	12	0
SAMN41579881	24	83644	chromosome	0.0023477360266118638	0.0009500596940933647	0	0	false	1	11	0
SAMN41579881	25	82902	chromosome	0.0005025181506132203	0.0009500596940933647	0	0	false	0	12	0
SAMN41579881	26	75428	chromosome	0.0005025181506132203	0.001595984129854671	0	0	false	0	12	0
SAMN41579881	27	68014	chromosome	0.0005025181506132203	0.0017662308396507332	0	0	false	0	12	0
SAMN41579881	28	66227	chromosome	0.0005025181506132203	0.0017662308396507332	0	0	false	0	12	0
SAMN41579881	29	66214	chromosome	0.0005025181506132203	0.0017662308396507332	0	0	false	0	12	0
SAMN41579881	3	227985	chromosome	0.0005025181506132203	0.0009500596940933647	0	0	false	0	12	0
SAMN41579881	30	60249	chromosome	0.0005025181506132203	0.0011962008291016562	0	0	false	0	12	0
SAMN41579881	31	59340	chromosome	0.0005025181506132203	0.0011962008291016562	0	0	false	0	12	0
SAMN41579881	32	47228	chromosome	0.0005025181506132203	0.0011962008291016562	0	0	false	0	12	0
SAMN41579881	33	46180	chromosome	0.0043515984760592406	0.0014827543080386458	0	0	false	2	10	0
SAMN41579881	34	42620	chromosome	0.0005025181506132203	0.0011962008291016562	0	0	false	0	12	0
SAMN41579881	35	40439	chromosome	0.0005025181506132203	0.0011962008291016562	0	0	false	0	12	0
SAMN41579881	36	39818	chromosome	0.00012599395954687636	0.001370829589778013	0	0	false	1	10	1
SAMN41579881	37	35851	chromosome	0.0005025181506132203	0.0011962008291016562	0	0	false	0	12	0
SAMN41579881	38	35095	chromosome	0.0023477360266118638	0.0014770419677648315	0	0	false	1	11	0
SAMN41579881	39	29577	chromosome	0.0005025181506132203	0.0012773229153878662	0	0	false	0	12	0
SAMN41579881	4	219973	chromosome	0.0005025181506132203	0.0009500596940933647	0	0	false	0	12	0
SAMN41579881	40	29005	chromosome	0.0005025181506132203	0.0012773229153878662	0	0	false	0	12	0
SAMN41579881	41	28828	chromosome	0.0005025181506132203	0.0012773229153878662	0	0	false	0	12	0
SAMN41579881	42	26718	plasmid	0.9986702433695193	0.9950179302929263	1	1	false	11	1	0
SAMN41579881	43	26517	chromosome	0.0005025181506132203	0.0012773229153878662	0	0	false	0	12	0
SAMN41579881	44	24111	chromosome	0.0005025181506132203	0.0012773229153878662	0	0	false	0	12	0
SAMN41579881	45	23507	chromosome	0.0009329050566734367	0.0012773229153878662	0	0	false	1	11	0
SAMN41579881	46	23307	plasmid	0.9986702433695193	0.9950179302929263	1	1	false	11	1	0
SAMN41579881	47	21222	chromosome	0.0023477360266118638	0.0015273690876016755	0	0	false	1	11	0
SAMN41579881	48	19755	chromosome	0.0005025181506132203	0.001320854027404172	0	0	false	0	12	0
SAMN41579881	49	18374	chromosome	0.014137038622815292	0.025557963080067643	0	0	false	3	9	0
SAMN41579881	5	208802	chromosome	0.0005025181506132203	0.0009500596940933647	0	0	false	0	12	0
SAMN41579881	50	17033	chromosome	0.05557835120585066	0.002195701059891697	0	0	false	3	9	0
SAMN41579881	51	16880	chromosome	0.04451587899095676	0.01005621519503817	0	0	false	3	9	0
SAMN41579881	52	15480	plasmid	0.9508635198395291	0.9790974764997217	1	1	false	10	2	0
SAMN41579881	53	15171	chromosome	0.0005025181506132203	0.0017499740792468077	0	0	false	0	12	0
SAMN41579881	54	13541	chromosome	0.0009329050566734367	0.0017499740792468077	0	0	false	1	11	0
SAMN41579881	55	13490	chromosome	0.0005025181506132203	0.0017499740792468077	0	0	false	0	12	0
SAMN41579881	56	12857	chromosome	0.0005025181506132203	0.0017499740792468077	0	0	false	0	12	0
SAMN41579881	57	12007	chromosome	0.0005025181506132203	0.0017499740792468077	0	0	false	0	12	0
SAMN41579881	58	11940	plasmid	0.9508635198395291	0.9764638920380516	1	1	false	10	2	0
SAMN41579881	59	11693	chromosome	0.0009329050566734367	0.0017499740792468077	0	0	false	1	11	0
SAMN41579881	6	162724	chromosome	0.0005025181506132203	0.0009500596940933647	0	0	false	0	12	0
SAMN41579881	60	11308	chromosome	0.0009329050566734367	0.0017499740792468077	0	0	false	1	11	0
SAMN41579881	61	9732	chromosome	0.0005025181506132203	0.0017499740792468077	0	0	false	0	12	0
SAMN41579881	62	8547	chromosome	0.024711780572106334	0.7312631469359604	0	0	false	4	8	0
SAMN41579881	63	7968	chromosome	0.0005025181506132203	0.0017499740792468077	0	0	false	0	12	0
SAMN41579881	64	7403	plasmid	0.9492724375550261	0.9625571748244686	1	1	false	9	3	0
SAMN41579881	65	6347	plasmid	0.9508635198395291	0.975208097279518	1	1	false	10	2	0
SAMN41579881	66	5012	chromosome	0.0009329050566734367	0.001785818097170428	0	0	false	1	11	0
SAMN41579881	67	4220	chromosome	0.0023477360266118638	0.0020648798162500623	0	0	false	1	11	0
SAMN41579881	68	2550	chromosome	0.0005025181506132203	0.001785818097170428	0	0	false	0	12	0
SAMN41579881	69	2361	chromosome	0.0023477360266118638	0.0019067377435936614	0	0	false	1	11	0
SAMN41579881	7	155503	chromosome	0.0005025181506132203	0.0009500596940933647	0	0	false	0	12	0
SAMN41579881	70	2191	chromosome	2.629307352510889e-05	0.0016490130894969831	0	0	false	0	11	1
SAMN41579881	71	1881	chromosome	0.0023477360266118638	0.0019067377435936614	0	0	false	1	11	0
SAMN41579881	72	1734	chromosome	0.00012644978029706448	0.001591052584792174	0	0	false	0	10	2
SAMN41579881	73	1713	chromosome	0.0006230974243322653	0.0021081128623145146	0	0	false	1	9	2
SAMN41579881	74	1547	chromosome	0.0023477360266118638	0.0019067377435936614	0	0	false	1	11	0
SAMN41579881	75	1496	chromosome	0.00012599395954687636	0.0021848681523780004	0	0	false	1	10	1
SAMN41579881	77	1411	chromosome	0.00012644978029706448	0.001591052584792174	0	0	false	0	10	2
SAMN41579881	78	1411	chromosome	0.00012599395954687636	0.0021848681523780004	0	0	false	1	10	1
SAMN41579881	79	1343	chromosome	0.006951831748125909	0.009070545333357282	0	0	false	2	8	2
SAMN41579881	8	151402	chromosome	0.0005025181506132203	0.0009500596940933647	0	0	false	0	12	0
SAMN41579881	80	1312	chromosome	0.0023477360266118638	0.0019067377435936614	0	0	false	1	11	0
SAMN41579881	81	1287	chromosome	0.008058000285887022	0.028147100105824305	0	0	false	1	10	1
SAMN41579881	82	1275	chromosome	0.00012599395954687636	0.0021848681523780004	0	0	false	1	10	1
SAMN41579881	83	1125	plasmid	0.9500513350318119	0.9595931633028352	1	1	false	8	4	0
SAMN41579881	9	149353	chromosome	0.0005025181506132203	0.0009500596940933647	0	0	false	0	12	0
SAMN41579890	1	437181	chromosome	0.0005025181506132203	0.0003472333481911666	0	0	false	0	12	0
SAMN41579890	10	208508	chromosome	0.0005025181506132203	0.0003472333481911666	0	0	false	0	12	0
SAMN41579890	11	192583	chromosome	0.0005025181506132203	0.0003472333481911666	0	0	false	0	12	0
SAMN41579890	12	185634	chromosome	0.0005025181506132203	0.0003472333481911666	0	0	false	0	12	0
SAMN41579890	13	169994	chromosome	0.0005025181506132203	0.0003472333481911666	0	0	false	0	12	0
SAMN41579890	14	169505	chromosome	0.0005025181506132203	0.0003472333481911666	0	0	false	0	12	0
SAMN41579890	15	150726	chromosome	0.0005025181506132203	0.0003472333481911666	0	0	false	0	12	0
SAMN41579890	16	140878	chromosome	0.0005025181506132203	0.0003472333481911666	0	0	false	0	12	0
SAMN41579890	17	108045	chromosome	0.0023477360266118638	0.0003472333481911666	0	0	false	1	11	0
SAMN41579890	18	105519	chromosome	0.0043515984760592406	0.000430501790309445	0	0	false	2	10	0
SAMN41579890	19	95599	chromosome	0.0005025181506132203	0.0003472333481911666	0	0	false	0	12	0
SAMN41579890	2	314843	chromosome	0.0005025181506132203	0.0003472333481911666	0	0	false	0	12	0
SAMN41579890	20	86437	chromosome	0.0023477360266118638	0.0003472333481911666	0	0	false	1	11	0
SAMN41579890	21	86172	chromosome	0.0005025181506132203	0.0003472333481911666	0	0	false	0	12	0
SAMN41579890	22	80615	plasmid	0.999822425133984	0.9991168866822804	1	1	true	12	0	0
SAMN41579890	23	74600	chromosome	0.0005025181506132203	0.0006159608849399992	0	0	false	0	12	0
SAMN41579890	24	62068	chromosome	0.0009329050566734367	0.0004615533345413893	0	0	false	1	11	0
SAMN41579890	25	58029	chromosome	0.0005025181506132203	0.0004615533345413893	0	0	false	0	12	0
SAMN41579890	26	48985	plasmid	0.999822425133984	0.9991633444192156	1	1	false	12	0	0
SAMN41579890	27	43596	chromosome	0.0005025181506132203	0.0004615533345413893	0	0	false	0	12	0
SAMN41579890	28	41245	chromosome	0.0005025181506132203	0.0004615533345413893	0	0	false	0	12	0
SAMN41579890	29	39327	chromosome	0.0023477360266118638	0.0004615533345413893	0	0	false	1	11	0
SAMN41579890	3	308920	chromosome	0.0005025181506132203	0.0003472333481911666	0	0	false	0	12	0
SAMN41579890	30	39228	chromosome	0.0005025181506132203	0.0004615533345413893	0	0	false	0	12	0
SAMN41579890	31	30861	chromosome	0.0005025181506132203	0.0004928788255223805	0	0	false	0	12	0
SAMN41579890	32	23610	plasmid	0.999822425133984	0.9991633444192156	1	1	false	12	0	0
SAMN41579890	33	19247	chromosome	0.0005025181506132203	0.0004908983217672418	0	0	false	0	12	0
SAMN41579890	34	17468	chromosome	0.0005025181506132203	0.0004908983217672418	0	0	false	0	12	0
SAMN41579890	35	16359	chromosome	0.0023477360266118638	0.0007523507528035482	0	0	false	1	11	0
SAMN41579890	36	15482	plasmid	0.9931544050611385	0.9977635739044487	1	1	false	11	1	0
SAMN41579890	37	14273	chromosome	0.0009329050566734367	0.0006505573845998702	0	0	false	1	11	0
SAMN41579890	38	5375	plasmid	0.9931544050611385	0.9920228307451393	1	1	false	11	1	0
SAMN41579890	39	4790	chromosome	0.0023477360266118638	0.0007677765680247062	0	0	false	1	11	0
SAMN41579890	4	303005	chromosome	0.0005025181506132203	0.0003472333481911666	0	0	false	0	12	0
SAMN41579890	40	4113	chromosome	0.0005025181506132203	0.0006638974673142643	0	0	false	0	12	0
SAMN41579890	41	3176	plasmid	0.9931544050611385	0.9866669097671165	1	1	false	11	1	0
SAMN41579890	42	2344	plasmid	0.9931544050611385	0.980345035029927	1	1	false	11	1	0
SAMN41579890	43	2157	plasmid	0.9931544050611385	0.980345035029927	1	1	false	11	1	0
SAMN41579890	44	1670	chromosome	0.00012599395954687636	0.0008030508075146472	0	0	false	1	10	1
SAMN41579890	45	1463	chromosome	0.00012599395954687636	0.0011935743290302362	0	0	false	1	10	1
SAMN41579890	46	1246	chromosome	0.0023477360266118638	0.00104150240835618	0	0	false	1	11	0
SAMN41579890	47	1067	chromosome	0.0005025181506132203	0.0009006219624610784	0	0	false	0	12	0
SAMN41579890	5	284518	chromosome	0.0005025181506132203	0.0003472333481911666	0	0	false	0	12	0
SAMN41579890	6	269785	chromosome	0.0005025181506132203	0.0003472333481911666	0	0	false	0	12	0
SAMN41579890	7	234751	chromosome	0.0005025181506132203	0.0003472333481911666	0	0	false	0	12	0
SAMN41579890	8	215332	chromosome	0.0005025181506132203	0.0003472333481911666	0	0	false	0	12	0
SAMN41579890	9	211759	chromosome	0.0005025181506132203	0.0003472333481911666	0	0	false	0	12	0
SAMN41579893	1	444895	chromosome	0.0005025181506132203	0.0003417903337840612	0	0	false	0	12	0
SAMN41579893	10	269507	chromosome	0.0005025181506132203	0.0003417903337840612	0	0	false	0	12	0
SAMN41579893	11	263063	chromosome	0.0005025181506132203	0.0003417903337840612	0	0	false	0	12	0
SAMN41579893	12	253670	chromosome	0.0005025181506132203	0.0003417903337840612	0	0	false	0	12	0
SAMN41579893	13	205198	chromosome	0.0005025181506132203	0.0003417903337840612	0	0	false	0	12	0
SAMN41579893	14	189473	chromosome	0.0005025181506132203	0.0003417903337840612	0	0	false	0	12	0
SAMN41579893	15	164978	chromosome	0.0023477360266118638	0.0003417903337840612	0	0	false	1	11	0
SAMN41579893	16	137330	chromosome	0.0005025181506132203	0.0003417903337840612	0	0	false	0	12	0
SAMN41579893	17	113470	chromosome	0.0005025181506132203	0.0003417903337840612	0	0	false	0	12	0
SAMN41579893	18	57204	plasmid	0.7944342199327958	0.9676140371677566	0	0	false	9	3	0
SAMN41579893	19	46302	chromosome	0.0005025181506132203	0.0004543191254238309	0	0	false	0	12	0
SAMN41579893	2	386948	chromosome	0.0005025181506132203	0.0003417903337840612	0	0	false	0	12	0
SAMN41579893	20	45995	chromosome	0.0023477360266118638	0.0004543191254238309	0	0	false	1	11	0
SAMN41579893	21	42908	plasmid	0.9508635198395291	0.9596309122011732	1	1	false	10	2	0
SAMN41579893	22	41210	chromosome	0.0005025181506132203	0.0004543191254238309	0	0	false	0	12	0
SAMN41579893	23	30784	chromosome	0.0005025181506132203	0.00048515387104230566	0	0	false	0	12	0
SAMN41579893	24	29731	chromosome	0.0005025181506132203	0.00048515387104230566	0	0	false	0	12	0
SAMN41579893	25	27785	chromosome	0.0009329050566734367	0.00048515387104230566	0	0	false	1	11	0
SAMN41579893	26	26971	chromosome	0.0009329050566734367	0.00048515387104230566	0	0	false	1	11	0
SAMN41579893	27	23544	plasmid	0.7944342199327958	0.9676140371677566	0	0	false	9	3	0
SAMN41579893	28	22465	plasmid	0.999822425133984	0.9968272810532757	1	1	false	12	0	0
SAMN41579893	29	21843	chromosome	0.0005025181506132203	0.00048515387104230566	0	0	false	0	12	0
SAMN41579893	3	377384	chromosome	0.0005025181506132203	0.0003417903337840612	0	0	false	0	12	0
SAMN41579893	30	19908	chromosome	0.0005025181506132203	0.00048320439297589433	0	0	false	0	12	0
SAMN41579893	31	14036	plasmid	0.9508635198395291	0.8793603319545495	1	1	false	10	2	0
SAMN41579893	32	12356	chromosome	0.0023477360266118638	0.0007405620739306905	0	0	false	1	11	0
SAMN41579893	33	12257	plasmid	0.9508635198395291	0.8793603319545495	1	1	false	10	2	0
SAMN41579893	34	11620	chromosome	0.0005025181506132203	0.0006403626967011535	0	0	false	0	12	0
SAMN41579893	35	9957	chromosome	0.06892868732722952	0.0068690262256682864	0	0	false	3	8	1
SAMN41579893	36	9214	chromosome	0.0009329050566734367	0.0006403626967011535	0	0	false	1	11	0
SAMN41579893	37	8571	chromosome	0.0023477360266118638	0.0007405620739306905	0	0	false	1	11	0
SAMN41579893	38	7841	chromosome	0.14238272552642262	0.005767143703140119	0	0	false	3	9	0
SAMN41579893	39	4110	chromosome	0.0005025181506132203	0.0006534938677171601	0	0	false	0	12	0
SAMN41579893	4	367926	chromosome	2.629307352510889e-05	0.0003417903337840612	0	0	false	0	11	1
SAMN41579893	40	3802	plasmid	0.999822425133984	0.9581448126996825	1	1	false	12	0	0
SAMN41579893	41	3286	chromosome	0.0005025181506132203	0.0006534938677171601	0	0	false	0	12	0
SAMN41579893	42	3151	chromosome	0.00012599395954687636	0.0008661306283605671	0	0	false	1	10	1
SAMN41579893	44	2013	chromosome	0.00012599395954687636	0.0006307965432724159	0	0	false	1	10	1
SAMN41579893	45	1755	chromosome	0.0023477360266118638	0.0006028213284612012	0	0	false	1	11	0
SAMN41579893	46	1706	chromosome	0.0004231276172503976	0.004368557979125215	0	0	false	2	9	1
SAMN41579893	48	1365	plasmid	0.9975107036737277	0.9505850275255684	1	1	false	6	6	0
SAMN41579893	5	301907	chromosome	0.0005025181506132203	0.0003417903337840612	0	0	false	0	12	0
SAMN41579893	6	297329	chromosome	0.0005025181506132203	0.0003417903337840612	0	0	false	0	12	0
SAMN41579893	7	291904	chromosome	0.0005025181506132203	0.0003417903337840612	0	0	false	0	12	0
SAMN41579893	8	288953	chromosome	0.0005025181506132203	0.0003417903337840612	0	0	false	0	12	0
SAMN41579893	9	274712	chromosome	0.0005025181506132203	0.0003417903337840612	0	0	false	0	12	0
SAMN41579899	1	347029	chromosome	0.0005025181506132203	0.00011060990091914079	0	0	false	0	12	0
SAMN41579899	10	158325	chromosome	0.0005025181506132203	0.00011060990091914079	0	0	false	0	12	0
SAMN41579899	11	156550	chromosome	0.0023477360266118638	0.00011060990091914079	0	0	false	1	11	0
SAMN41579899	12	148118	chromosome	0.0005025181506132203	0.00011060990091914079	0	0	false	0	12	0
SAMN41579899	13	145137	chromosome	0.0005025181506132203	0.00011060990091914079	0	0	false	0	12	0
SAMN41579899	14	130241	chromosome	0.0005025181506132203	0.00011060990091914079	0	0	false	0	12	0
SAMN41579899	15	129837	chromosome	0.0023477360266118638	0.00011060990091914079	0	0	false	1	11	0
SAMN41579899	16	120418	chromosome	0.0005025181506132203	0.00011060990091914079	0	0	false	0	12	0
SAMN41579899	17	119594	chromosome	0.0005025181506132203	0.00011060990091914079	0	0	false	0	12	0
SAMN41579899	18	113914	chromosome	0.0005025181506132203	0.00011060990091914079	0	0	false	0	12	0
SAMN41579899	19	101230	chromosome	0.0005025181506132203	0.00011060990091914079	0	0	false	0	12	0
SAMN41579899	2	335801	chromosome	0.0005025181506132203	0.00011060990091914079	0	0	false	0	12	0
SAMN41579899	20	98089	chromosome	0.0009329050566734367	0.00011060990091914079	0	0	false	1	11	0
SAMN41579899	21	88369	chromosome	0.0023477360266118638	0.00011060990091914079	0	0	false	1	11	0
SAMN41579899	22	87225	chromosome	0.0005025181506132203	0.00011060990091914079	0	0	false	0	12	0
SAMN41579899	23	81877	chromosome	0.0005025181506132203	0.00011060990091914079	0	0	false	0	12	0
SAMN41579899	24	75918	chromosome	0.0043515984760592406	0.00024331816857266328	0	0	false	2	10	0
SAMN41579899	25	70309	chromosome	0.0005025181506132203	0.00019624801595749276	0	0	false	0	12	0
SAMN41579899	26	61007	plasmid	0.9931544050611385	0.9674927515411808	1	1	false	11	1	0
SAMN41579899	27	52085	chromosome	0.0023477360266118638	0.00014703756920924	0	0	false	1	11	0
SAMN41579899	28	50260	chromosome	0.0005025181506132203	0.00014703756920924	0	0	false	0	12	0
SAMN41579899	29	42220	chromosome	0.0005025181506132203	0.00014703756920924	0	0	false	0	12	0
SAMN41579899	3	329871	chromosome	0.0005025181506132203	0.00011060990091914079	0	0	false	0	12	0
SAMN41579899	30	41169	chromosome	0.0005025181506132203	0.00014703756920924	0	0	false	0	12	0
SAMN41579899	31	40226	chromosome	0.0005025181506132203	0.00014703756920924	0	0	false	0	12	0
SAMN41579899	32	34211	chromosome	0.0005025181506132203	0.00015702031971392337	0	0	false	0	12	0
SAMN41579899	33	33758	chromosome	0.0023477360266118638	0.00018160348036799214	0	0	false	1	11	0
SAMN41579899	34	30786	chromosome	0.0005025181506132203	0.00015702031971392337	0	0	false	0	12	0
SAMN41579899	35	20570	plasmid	0.9991916786983316	0.9572607459656742	1	1	false	11	0	1
SAMN41579899	36	19197	chromosome	0.0009329050566734367	0.00015638916375176036	0	0	false	1	11	0
SAMN41579899	37	17936	chromosome	0.0005025181506132203	0.00015638916375176036	0	0	false	0	12	0
SAMN41579899	38	15564	chromosome	0.0005025181506132203	0.0002072755117002093	0	0	false	0	12	0
SAMN41579899	39	11068	chromosome	0.0005025181506132203	0.0002072755117002093	0	0	false	0	12	0
SAMN41579899	4	296544	chromosome	0.0005025181506132203	0.00011060990091914079	0	0	false	0	12	0
SAMN41579899	40	5889	chromosome	0.04451587899095676	0.00034082498826622584	0	0	false	3	9	0
SAMN41579899	41	4317	chromosome	0.0005025181506132203	0.00021152774863159696	0	0	false	0	12	0
SAMN41579899	42	4121	chromosome	0.0023477360266118638	0.00024464252494210285	0	0	false	1	11	0
SAMN41579899	43	3461	plasmid	0.8494334579909182	0.03136425763315964	0	0	false	5	7	0
SAMN41579899	44	2653	chromosome	0.00012599395954687636	0.00028039594438441877	0	0	false	1	10	1
SAMN41579899	45	2243	plasmid	0.9929225458808841	0.4359587649425991	1	0	true	10	2	0
SAMN41579899	46	1520	chromosome	0.0005025181506132203	0.00021391248626354914	0	0	false	0	12	0
SAMN41579899	47	1462	chromosome	0.00012599395954687636	0.00042155713389070086	0	0	false	1	10	1
SAMN41579899	48	1443	chromosome	0.013227528526758615	0.0005302194108983769	0	0	false	3	8	1
SAMN41579899	49	1333	chromosome	0.023677497289400388	0.02050132605253083	0	0	false	4	7	1
SAMN41579899	5	235135	chromosome	0.0005025181506132203	0.00011060990091914079	0	0	false	0	12	0
SAMN41579899	50	1310	chromosome	0.14543557879385213	0.06729188229372714	0	0	false	5	5	2
SAMN41579899	51	1258	chromosome	0.013227528526758615	0.0005302194108983769	0	0	false	3	8	1
SAMN41579899	52	1129	plasmid	0.993036133590978	0.6413843805676579	1	0	true	9	3	0
SAMN41579899	53	1035	plasmid	0.9460733659369186	0.7327221762759313	1	1	false	6	5	1
SAMN41579899	6	222470	chromosome	0.0005025181506132203	0.00011060990091914079	0	0	false	0	12	0
SAMN41579899	7	222097	chromosome	0.0005025181506132203	0.00011060990091914079	0	0	false	0	12	0
SAMN41579899	8	208839	chromosome	0.0005025181506132203	0.00011060990091914079	0	0	false	0	12	0
SAMN41579899	9	166626	chromosome	0.0023477360266118638	0.00011060990091914079	0	0	false	1	11	0
SAMN41579913	1	442375	chromosome	0.0005025181506132203	0.0001747475569751821	0	0	false	0	12	0
SAMN41579913	10	194229	chromosome	0.0005025181506132203	0.0001747475569751821	0	0	false	0	12	0
SAMN41579913	11	189954	chromosome	0.0005025181506132203	0.0001747475569751821	0	0	false	0	12	0
SAMN41579913	12	178251	chromosome	0.0005025181506132203	0.0001747475569751821	0	0	false	0	12	0
SAMN41579913	13	170804	chromosome	0.0005025181506132203	0.0001747475569751821	0	0	false	0	12	0
SAMN41579913	14	151022	chromosome	0.0005025181506132203	0.0001747475569751821	0	0	false	0	12	0
SAMN41579913	15	148633	chromosome	0.0005025181506132203	0.0001747475569751821	0	0	false	0	12	0
SAMN41579913	16	128900	chromosome	0.0005025181506132203	0.0001747475569751821	0	0	false	0	12	0
SAMN41579913	17	116114	chromosome	0.0023477360266118638	0.0001747475569751821	0	0	false	1	11	0
SAMN41579913	18	114441	chromosome	0.0005025181506132203	0.0001747475569751821	0	0	false	0	12	0
SAMN41579913	19	104513	chromosome	0.0005025181506132203	0.0001747475569751821	0	0	false	0	12	0
SAMN41579913	2	392315	chromosome	0.0005025181506132203	0.0001747475569751821	0	0	false	0	12	0
SAMN41579913	20	102874	chromosome	0.0005025181506132203	0.0001747475569751821	0	0	false	0	12	0
SAMN41579913	21	95937	chromosome	0.0005025181506132203	0.0001747475569751821	0	0	false	0	12	0
SAMN41579913	22	93020	chromosome	0.0023477360266118638	0.0001747475569751821	0	0	false	1	11	0
SAMN41579913	23	89112	chromosome	0.0043515984760592406	0.0002166619347955636	0	0	false	2	10	0
SAMN41579913	24	80910	chromosome	0.0005025181506132203	0.0001747475569751821	0	0	false	0	12	0
SAMN41579913	25	70056	chromosome	0.0023477360266118638	0.00029370949736047265	0	0	false	1	11	0
SAMN41579913	26	65188	chromosome	0.0005025181506132203	0.00032508528853374564	0	0	false	0	12	0
SAMN41579913	27	54747	plasmid	0.9508635198395291	0.760166630811483	1	0	true	10	2	0
SAMN41579913	28	46947	plasmid	0.9986702433695193	0.8933118720706955	1	1	false	11	1	0
SAMN41579913	29	45983	plasmid	0.9986702433695193	0.8933118720706955	1	1	false	11	1	0
SAMN41579913	3	317692	chromosome	0.0005025181506132203	0.0001747475569751821	0	0	false	0	12	0
SAMN41579913	30	45210	chromosome	0.0005025181506132203	0.00022006533927213223	0	0	false	0	12	0
SAMN41579913	31	39755	plasmid	0.9508635198395291	0.760166630811483	1	0	true	10	2	0
SAMN41579913	32	36808	plasmid	0.9931544050611385	0.9894911346557916	1	1	false	11	1	0
SAMN41579913	33	34832	chromosome	0.0005025181506132203	0.00023500496348144683	0	0	false	0	12	0
SAMN41579913	34	31488	chromosome	0.0005025181506132203	0.00023500496348144683	0	0	false	0	12	0
SAMN41579913	35	24841	chromosome	0.0043515984760592406	0.00033697791216988923	0	0	false	2	10	0
SAMN41579913	36	22352	chromosome	0.0009329050566734367	0.00023500496348144683	0	0	false	1	11	0
SAMN41579913	37	20632	plasmid	0.9933767512387712	0.7244638365546691	1	1	false	10	2	0
SAMN41579913	38	19373	plasmid	0.9508635198395291	0.7244638365546691	1	1	false	10	2	0
SAMN41579913	39	16475	chromosome	0.0076635662944439355	0.00048734117965163365	0	0	false	3	9	0
SAMN41579913	4	279645	chromosome	0.0005025181506132203	0.0001747475569751821	0	0	false	0	12	0
SAMN41579913	40	16208	plasmid	0.9508635198395291	0.5894387024089759	1	1	false	10	2	0
SAMN41579913	41	13358	chromosome	0.0009329050566734367	0.00033690900732683964	0	0	false	1	11	0
SAMN41579913	42	12217	plasmid	0.9508635198395291	0.5597841776424989	1	1	false	10	2	0
SAMN41579913	43	11227	chromosome	0.0023477360266118638	0.00038964463350717323	0	0	false	1	11	0
SAMN41579913	44	9101	plasmid	0.9508635198395291	0.46556026075954765	1	1	false	10	2	0
SAMN41579913	45	8393	chromosome	0.0005025181506132203	0.00033690900732683964	0	0	false	0	12	0
SAMN41579913	46	7281	chromosome	0.0009329050566734367	0.00033690900732683964	0	0	false	1	11	0
SAMN41579913	47	7168	plasmid	0.9508635198395291	0.46556026075954765	1	1	false	10	2	0
SAMN41579913	48	6686	plasmid	0.9647539237935542	0.8446043775617385	1	1	false	10	2	0
SAMN41579913	49	6016	chromosome	0.0005025181506132203	0.00033690900732683964	0	0	false	0	12	0
SAMN41579913	5	247419	chromosome	0.0005025181506132203	0.0001747475569751821	0	0	false	0	12	0
SAMN41579913	50	4557	chromosome	0.0043515984760592406	0.0004929861381150403	0	0	false	2	10	0
SAMN41579913	51	4364	chromosome	0.004140922714381401	0.0004929861381150403	0	0	false	2	10	0
SAMN41579913	52	4096	chromosome	0.00012599395954687636	0.00045573930910945064	0	0	false	1	10	1
SAMN41579913	53	3888	plasmid	0.9857568595095695	0.6614904218673231	1	1	false	10	1	1
SAMN41579913	54	3614	chromosome	0.0009329050566734367	0.00034381974824296263	0	0	false	1	11	0
SAMN41579913	55	3143	chromosome	0.0004231276172503976	0.0024215765325630296	0	0	false	2	9	1
SAMN41579913	59	2533	plasmid	0.7075937494177543	0.48580139749234796	0	0	false	6	5	1
SAMN41579913	6	215005	chromosome	0.0005025181506132203	0.0001747475569751821	0	0	false	0	12	0
SAMN41579913	60	2470	chromosome	0.0023477360266118638	0.0003976366672270445	0	0	false	1	11	0
SAMN41579913	61	2337	plasmid	0.937435332346856	0.8501297491289374	1	1	false	9	3	0
SAMN41579913	63	1873	plasmid	0.993036133590978	0.7293391632872674	1	1	false	9	3	0
SAMN41579913	64	1749	chromosome	0.0023477360266118638	0.00040211872985873777	0	0	false	1	11	0
SAMN41579913	65	1680	plasmid	0.9492724375550261	0.41984948463367777	1	1	false	9	3	0
SAMN41579913	66	1614	chromosome	0.0004231276172503976	0.002514065612663138	0	0	false	2	9	1
SAMN41579913	67	1552	plasmid	0.999822425133984	0.9226813462170833	1	1	false	12	0	0
SAMN41579913	7	210631	chromosome	0.0005025181506132203	0.0001747475569751821	0	0	false	0	12	0
SAMN41579913	70	1229	plasmid	0.06846573283802684	0.003815334660779558	0	0	false	3	9	0
SAMN41579913	71	1195	chromosome	0.013227528526758615	0.001310283573852327	0	0	false	3	8	1
SAMN41579913	72	1107	plasmid	0.8178592258974834	0.6225508568614073	0	0	false	8	3	1
SAMN41579913	8	209243	chromosome	0.0005025181506132203	0.0001747475569751821	0	0	false	0	12	0
SAMN41579913	9	198683	chromosome	0.0005025181506132203	0.0001747475569751821	0	0	false	0	12	0
SAMN41579938	1	283651	chromosome	0.0005025181506132203	0.00023923642333645602	0	0	false	0	12	0
SAMN41579938	10	128765	chromosome	0.0005025181506132203	0.00023923642333645602	0	0	false	0	12	0
SAMN41579938	100	4197	plasmid	0.9996756519149296	0.8725162126503441	1	1	false	11	1	0
SAMN41579938	101	4181	chromosome	0.07604467165783402	0.02054697545869539	0	0	false	3	9	0
SAMN41579938	102	4114	chromosome	0.0005025181506132203	0.0004065476423197252	0	0	false	0	12	0
SAMN41579938	103	3928	plasmid	0.9137413354205492	0.4702160250456108	0	0	false	9	3	0
SAMN41579938	105	3374	plasmid	0.9931544050611385	0.962884034111763	1	1	false	11	1	0
SAMN41579938	106	3241	chromosome	0.9857568595095695	0.9220945982109561	1	0	true	10	1	1
SAMN41579938	107	3198	plasmid	0.999822425133984	0.962884034111763	1	1	false	12	0	0
SAMN41579938	108	2898	chromosome	0.021562515166430943	0.0004192065221754346	0	0	false	2	9	1
SAMN41579938	109	2724	plasmid	0.9931544050611385	0.962884034111763	1	1	false	11	1	0
SAMN41579938	11	127391	chromosome	0.0005025181506132203	0.00023923642333645602	0	0	false	0	12	0
SAMN41579938	111	2610	chromosome	0.00012599395954687636	0.00038797502371142414	0	0	false	1	10	1
SAMN41579938	114	1884	chromosome	0.00012599395954687636	0.0003582152453078806	0	0	false	1	10	1
SAMN41579938	115	1867	chromosome	0.005801985281367521	0.00573038761972795	0	0	false	3	8	1
SAMN41579938	116	1850	chromosome	2.629307352510889e-05	0.00037536377878204144	0	0	false	0	11	1
SAMN41579938	117	1771	plasmid	0.9974908890856505	0.4297052550629122	1	1	false	9	3	0
SAMN41579938	118	1665	plasmid	0.9635954046298301	0.8785314855159608	1	0	true	9	3	0
SAMN41579938	119	1628	chromosome	0.0004231276172503976	0.008564391112332799	0	0	false	2	9	1
SAMN41579938	12	122171	chromosome	0.0005025181506132203	0.00023923642333645602	0	0	false	0	12	0
SAMN41579938	120	1506	plasmid	0.9982247985587847	0.5511758995548853	1	1	false	9	3	0
SAMN41579938	121	1463	plasmid	0.9655381836056843	0.8757894925911982	1	1	false	9	3	0
SAMN41579938	124	1366	chromosome	0.0006230974243322653	0.00038592654308455614	0	0	false	1	9	2
SAMN41579938	126	1289	chromosome	0.0016468472579477477	0.008298399499926992	0	0	false	1	11	0
SAMN41579938	127	1277	plasmid	0.32629355132464394	0.10181211445528633	0	0	false	7	5	0
SAMN41579938	128	1146	chromosome	0.00012599395954687636	0.0003582152453078806	0	0	false	1	10	1
SAMN41579938	129	1115	chromosome	0.0076617658502466796	0.008564391112332799	0	0	false	2	10	0
SAMN41579938	13	104280	chromosome	0.0005025181506132203	0.00023923642333645602	0	0	false	0	12	0
SAMN41579938	130	1066	chromosome	0.0005025181506132203	0.00037536377878204144	0	0	false	0	12	0
SAMN41579938	132	1022	chromosome	0.0005025181506132203	0.00037536377878204144	0	0	false	0	12	0
SAMN41579938	133	1001	chromosome	0.018607837374030035	0.0007085811300413125	0	0	false	3	8	1
SAMN41579938	14	102045	chromosome	0.0005025181506132203	0.00023923642333645602	0	0	false	0	12	0
SAMN41579938	15	101943	chromosome	0.0005025181506132203	0.00023923642333645602	0	0	false	0	12	0
SAMN41579938	16	99671	chromosome	0.0005025181506132203	0.00023923642333645602	0	0	false	0	12	0
SAMN41579938	17	96987	chromosome	0.0005025181506132203	0.00023923642333645602	0	0	false	0	12	0
SAMN41579938	18	93890	chromosome	0.0023477360266118638	0.0001722290329540766	0	0	false	1	11	0
SAMN41579938	19	88045	chromosome	0.0023477360266118638	0.0001722290329540766	0	0	false	1	11	0
SAMN41579938	2	237966	chromosome	0.0005025181506132203	0.00023923642333645602	0	0	false	0	12	0
SAMN41579938	20	87542	chromosome	0.0005025181506132203	0.00023923642333645602	0	0	false	0	12	0
SAMN41579938	21	86257	chromosome	0.0005025181506132203	0.00023923642333645602	0	0	false	0	12	0
SAMN41579938	22	83177	chromosome	0.0005025181506132203	0.00023923642333645602	0	0	false	0	12	0
SAMN41579938	23	80429	chromosome	0.0005025181506132203	0.00023923642333645602	0	0	false	0	12	0
SAMN41579938	24	79317	chromosome	0.0005025181506132203	0.00023923642333645602	0	0	false	0	12	0
SAMN41579938	25	79041	chromosome	0.0005025181506132203	0.00023923642333645602	0	0	false	0	12	0
SAMN41579938	26	76577	chromosome	0.0005025181506132203	0.0004020824420173793	0	0	false	0	12	0
SAMN41579938	27	67376	chromosome	0.0005025181506132203	0.0004020824420173793	0	0	false	0	12	0
SAMN41579938	28	65036	chromosome	0.0005025181506132203	0.0002721950635373917	0	0	false	0	12	0
SAMN41579938	29	63593	plasmid	0.9508635198395291	0.9432023545193051	1	1	false	10	2	0
SAMN41579938	3	229166	chromosome	0.0005025181506132203	0.00023923642333645602	0	0	false	0	12	0
SAMN41579938	30	58137	chromosome	0.014137038622815292	0.00594499952560501	0	0	false	3	9	0
SAMN41579938	31	55147	chromosome	0.0043515984760592406	0.00024295878734115623	0	0	false	2	10	0
SAMN41579938	32	54721	chromosome	0.0023477360266118638	0.00019595814377191116	0	0	false	1	11	0
SAMN41579938	33	51912	chromosome	0.0005025181506132203	0.0002721950635373917	0	0	false	0	12	0
SAMN41579938	34	48922	chromosome	0.0005025181506132203	0.0002721950635373917	0	0	false	0	12	0
SAMN41579938	35	48509	chromosome	0.0005025181506132203	0.0002721950635373917	0	0	false	0	12	0
SAMN41579938	36	47850	chromosome	0.0005025181506132203	0.0002721950635373917	0	0	false	0	12	0
SAMN41579938	37	45802	chromosome	0.0005025181506132203	0.0002721950635373917	0	0	false	0	12	0
SAMN41579938	38	44371	chromosome	0.0023477360266118638	0.00019595814377191116	0	0	false	1	11	0
SAMN41579938	39	44231	chromosome	0.0005025181506132203	0.0002721950635373917	0	0	false	0	12	0
SAMN41579938	4	225539	chromosome	0.0005025181506132203	0.00023923642333645602	0	0	false	0	12	0
SAMN41579938	40	42180	chromosome	0.0030543117989903774	0.008167938329777103	0	0	false	2	10	0
SAMN41579938	41	41312	chromosome	0.0005025181506132203	0.0002721950635373917	0	0	false	0	12	0
SAMN41579938	42	41169	chromosome	0.0005025181506132203	0.0002721950635373917	0	0	false	0	12	0
SAMN41579938	43	40258	chromosome	2.629307352510889e-05	0.0002721950635373917	0	0	false	0	11	1
SAMN41579938	44	39931	chromosome	0.024711780572106334	0.3177350201325551	0	0	false	4	8	0
SAMN41579938	45	37367	chromosome	0.0023477360266118638	0.00019595814377191116	0	0	false	1	11	0
SAMN41579938	46	36110	plasmid	0.999822425133984	0.9918953821652172	1	1	true	12	0	0
SAMN41579938	47	35847	chromosome	0.0043515984760592406	0.00024295878734115623	0	0	false	2	10	0
SAMN41579938	48	35460	plasmid	0.9986702433695193	0.9787207746176572	1	1	false	11	1	0
SAMN41579938	49	33795	chromosome	0.0009329050566734367	0.0002906726009320452	0	0	false	1	11	0
SAMN41579938	5	210235	chromosome	0.0005025181506132203	0.00023923642333645602	0	0	false	0	12	0
SAMN41579938	50	33691	plasmid	0.9986702433695193	0.9787207746176572	1	1	false	11	1	0
SAMN41579938	51	33350	plasmid	0.9137413354205492	0.48380013677843886	0	0	false	9	3	0
SAMN41579938	52	32234	plasmid	0.9508635198395291	0.9432023545193051	1	1	false	10	2	0
SAMN41579938	53	31688	plasmid	0.4777938961559145	0.7669544791684422	0	0	false	9	3	0
SAMN41579938	54	30783	chromosome	0.0005025181506132203	0.0002906726009320452	0	0	false	0	12	0
SAMN41579938	55	29055	chromosome	0.024711780572106334	0.3651621118761198	0	0	false	4	8	0
SAMN41579938	56	28818	chromosome	0.0005025181506132203	0.0002906726009320452	0	0	false	0	12	0
SAMN41579938	57	26306	chromosome	0.0005025181506132203	0.0002906726009320452	0	0	false	0	12	0
SAMN41579938	58	22232	chromosome	0.0030543117989903774	0.008717732193843	0	0	false	2	10	0
SAMN41579938	59	21656	chromosome	0.0005025181506132203	0.0002906726009320452	0	0	false	0	12	0
SAMN41579938	6	175733	chromosome	0.0005025181506132203	0.00023923642333645602	0	0	false	0	12	0
SAMN41579938	60	19985	plasmid	0.9137413354205492	0.450897800279175	0	0	false	9	3	0
SAMN41579938	61	19264	chromosome	0.024711780572106334	0.3435231257885713	0	0	false	4	8	0
SAMN41579938	62	18322	chromosome	0.0043515984760592406	0.00031030392845885727	0	0	false	2	10	0
SAMN41579938	63	18182	chromosome	0.0009329050566734367	0.00030058883135135003	0	0	false	1	11	0
SAMN41579938	64	17696	chromosome	0.0009329050566734367	0.00030058883135135003	0	0	false	1	11	0
SAMN41579938	65	17363	chromosome	0.0009329050566734367	0.00030058883135135003	0	0	false	1	11	0
SAMN41579938	66	15399	chromosome	0.0009329050566734367	0.00039837657976049247	0	0	false	1	11	0
SAMN41579938	67	14866	chromosome	0.0009329050566734367	0.00039837657976049247	0	0	false	1	11	0
SAMN41579938	68	14052	chromosome	0.06579822438739544	0.00893047059350937	0	0	false	3	8	1
SAMN41579938	69	13732	chromosome	0.05557835120585066	0.00040198990309412905	0	0	false	3	9	0
SAMN41579938	7	147247	chromosome	0.0005025181506132203	0.00023923642333645602	0	0	false	0	12	0
SAMN41579938	70	13537	chromosome	0.0030543117989903774	0.009288264116496933	0	0	false	2	10	0
SAMN41579938	71	13346	chromosome	0.0009329050566734367	0.00039837657976049247	0	0	false	1	11	0
SAMN41579938	72	12292	chromosome	0.0043515984760592406	0.00041125089823506754	0	0	false	2	10	0
SAMN41579938	73	12179	chromosome	0.00025621137818631067	0.0004565872882262962	0	0	false	1	10	1
SAMN41579938	74	11712	chromosome	0.0008875923849391506	0.00039837657976049247	0	0	false	1	11	0
SAMN41579938	75	10942	plasmid	0.9655381836056843	0.9447592384302097	1	1	false	9	3	0
SAMN41579938	76	10293	chromosome	0.0023477360266118638	0.0003317047631535391	0	0	false	1	11	0
SAMN41579938	77	9820	chromosome	0.0016468472579477477	0.008981886230360933	0	0	false	1	11	0
SAMN41579938	78	9802	plasmid	0.9986702433695193	0.9616708932737044	1	1	false	11	1	0
SAMN41579938	79	9502	plasmid	0.9957591807397924	0.9644634482800315	1	1	false	10	1	1
SAMN41579938	8	146482	chromosome	0.0005025181506132203	0.00023923642333645602	0	0	false	0	12	0
SAMN41579938	80	9454	chromosome	0.0076617658502466796	0.009269581113359553	0	0	false	2	10	0
SAMN41579938	81	9213	plasmid	0.9857568595095695	0.9546601801942977	1	1	false	10	1	1
SAMN41579938	82	8309	plasmid	0.7944342199327958	0.8495629790531428	0	0	false	9	3	0
SAMN41579938	83	8139	chromosome	0.013459020277311731	0.009350648225669935	0	0	false	3	9	0
SAMN41579938	84	7340	chromosome	0.0043515984760592406	0.00041125089823506754	0	0	false	2	10	0
SAMN41579938	85	6944	plasmid	0.7944342199327958	0.8495629790531428	0	0	false	9	3	0
SAMN41579938	86	6749	chromosome	0.0043515984760592406	0.00041125089823506754	0	0	false	2	10	0
SAMN41579938	87	6748	plasmid	0.9508635198395291	0.9005842851509673	1	1	false	10	2	0
SAMN41579938	88	6419	chromosome	0.0024123556419008763	0.0005168180071493716	0	0	false	0	11	1
SAMN41579938	89	6209	chromosome	0.0023477360266118638	0.0003317047631535391	0	0	false	1	11	0
SAMN41579938	9	139609	chromosome	0.0005025181506132203	0.00023923642333645602	0	0	false	0	12	0
SAMN41579938	90	6181	plasmid	0.9508635198395291	0.9005842851509673	1	1	false	10	2	0
SAMN41579938	91	6065	chromosome	0.9508635198395291	0.9005842851509673	1	0	true	10	2	0
SAMN41579938	92	5707	plasmid	0.7889023520731259	0.8495629790531428	0	0	true	8	4	0
SAMN41579938	93	5659	chromosome	0.0005025181506132203	0.00039837657976049247	0	0	false	0	12	0
SAMN41579938	94	5206	plasmid	0.8453536497494889	0.9051858286580284	0	0	true	9	3	0
SAMN41579938	95	4983	chromosome	0.0076617658502466796	0.009269581113359553	0	0	false	2	10	0
SAMN41579938	96	4651	chromosome	0.012416904730863208	0.0004883742069440875	0	0	false	2	10	0
SAMN41579938	97	4626	chromosome	0.0009329050566734367	0.0004065476423197252	0	0	false	1	11	0
SAMN41579938	99	4326	chromosome	0.0005025181506132203	0.0004065476423197252	0	0	false	0	12	0
SAMN41988840	1	513224	chromosome	0.0005025181506132203	0.0005187436258989112	0	0	false	0	12	0
SAMN41988840	10	148521	chromosome	0.0005025181506132203	0.0005187436258989112	0	0	false	0	12	0
SAMN41988840	100	1630	plasmid	0.9492724375550261	0.9421375769324504	1	1	false	9	3	0
SAMN41988840	101	1572	chromosome	0.0005025181506132203	0.0009006663649301763	0	0	false	0	12	0
SAMN41988840	102	1549	plasmid	0.8178592258974834	0.9614758180735093	0	0	false	8	3	1
SAMN41988840	103	1524	plasmid	0.7889023520731259	0.9395101218024469	0	0	false	8	4	0
SAMN41988840	105	1404	chromosome	2.629307352510889e-05	0.0009006663649301763	0	0	false	0	11	1
SAMN41988840	107	1326	plasmid	0.9492724375550261	0.9421375769324504	1	0	true	9	3	0
SAMN41988840	109	1320	plasmid	0.9492724375550261	0.9421375769324504	1	1	false	9	3	0
SAMN41988840	11	143839	chromosome	0.0023477360266118638	0.0005187436258989112	0	0	false	1	11	0
SAMN41988840	110	1320	plasmid	0.9492724375550261	0.9421375769324504	1	0	true	9	3	0
SAMN41988840	111	1283	chromosome	0.00012599395954687636	0.0011936331573832227	0	0	false	1	10	1
SAMN41988840	112	1191	chromosome	2.629307352510889e-05	0.0009006663649301763	0	0	false	0	11	1
SAMN41988840	113	1181	chromosome	0.0013734342506121736	0.0051514187163603275	0	0	false	2	9	1
SAMN41988840	114	1121	chromosome	0.0005025181506132203	0.0009006663649301763	0	0	false	0	12	0
SAMN41988840	12	140334	chromosome	0.0005025181506132203	0.0005187436258989112	0	0	false	0	12	0
SAMN41988840	13	136488	chromosome	0.0005025181506132203	0.0005187436258989112	0	0	false	0	12	0
SAMN41988840	14	125402	chromosome	0.0005025181506132203	0.0005187436258989112	0	0	false	0	12	0
SAMN41988840	15	120030	chromosome	0.0005025181506132203	0.0005187436258989112	0	0	false	0	12	0
SAMN41988840	16	119032	chromosome	0.0005025181506132203	0.0005187436258989112	0	0	false	0	12	0
SAMN41988840	17	116588	chromosome	0.0005025181506132203	0.0005187436258989112	0	0	false	0	12	0
SAMN41988840	18	99291	chromosome	0.0005025181506132203	0.0005187436258989112	0	0	false	0	12	0
SAMN41988840	19	98562	plasmid	0.9974908890856505	0.9389493446683005	1	1	false	9	3	0
SAMN41988840	2	293927	chromosome	0.0005025181506132203	0.0005187436258989112	0	0	false	0	12	0
SAMN41988840	20	88100	chromosome	0.0005025181506132203	0.0005187436258989112	0	0	false	0	12	0
SAMN41988840	21	85471	chromosome	0.0043515984760592406	0.0006431147038723303	0	0	false	2	10	0
SAMN41988840	22	84159	chromosome	0.0023477360266118638	0.0005187436258989112	0	0	false	1	11	0
SAMN41988840	23	73137	chromosome	0.0005025181506132203	0.0008716817258040134	0	0	false	0	12	0
SAMN41988840	24	72284	plasmid	0.9508635198395291	0.9801744473976769	1	1	false	10	2	0
SAMN41988840	25	70125	chromosome	0.0005025181506132203	0.0008716817258040134	0	0	false	0	12	0
SAMN41988840	26	69878	chromosome	0.0005025181506132203	0.0008716817258040134	0	0	false	0	12	0
SAMN41988840	27	69178	chromosome	0.0023477360266118638	0.0009647403567926307	0	0	false	1	11	0
SAMN41988840	28	61614	chromosome	0.0023477360266118638	0.0006532126068179752	0	0	false	1	11	0
SAMN41988840	29	59894	chromosome	0.0009329050566734367	0.0006532126068179752	0	0	false	1	11	0
SAMN41988840	3	260557	chromosome	0.0005025181506132203	0.0005187436258989112	0	0	false	0	12	0
SAMN41988840	30	52027	chromosome	0.0023477360266118638	0.0006532126068179752	0	0	false	1	11	0
SAMN41988840	31	50443	chromosome	0.0005025181506132203	0.0006532126068179752	0	0	false	0	12	0
SAMN41988840	32	50347	chromosome	0.0005025181506132203	0.0006532126068179752	0	0	false	0	12	0
SAMN41988840	33	47136	plasmid	0.9986702433695193	0.9927500768103827	1	1	false	11	1	0
SAMN41988840	34	45612	chromosome	0.0005025181506132203	0.0006532126068179752	0	0	false	0	12	0
SAMN41988840	35	45267	chromosome	0.0005025181506132203	0.0006532126068179752	0	0	false	0	12	0
SAMN41988840	36	43845	chromosome	0.0005025181506132203	0.0006532126068179752	0	0	false	0	12	0
SAMN41988840	37	43806	chromosome	0.0023477360266118638	0.0006532126068179752	0	0	false	1	11	0
SAMN41988840	38	40624	chromosome	0.0005025181506132203	0.0006532126068179752	0	0	false	0	12	0
SAMN41988840	39	40021	chromosome	0.0005025181506132203	0.0006532126068179752	0	0	false	0	12	0
SAMN41988840	4	198793	chromosome	0.0005025181506132203	0.0005187436258989112	0	0	false	0	12	0
SAMN41988840	40	38946	plasmid	0.9137413354205492	0.9445163902012654	0	0	false	9	3	0
SAMN41988840	41	38776	chromosome	0.0005025181506132203	0.0006532126068179752	0	0	false	0	12	0
SAMN41988840	42	37102	chromosome	0.0009329050566734367	0.0006532126068179752	0	0	false	1	11	0
SAMN41988840	43	37056	plasmid	0.9508635198395291	0.9801744473976769	1	1	false	10	2	0
SAMN41988840	44	36787	chromosome	0.0005025181506132203	0.0006532126068179752	0	0	false	0	12	0
SAMN41988840	45	35577	chromosome	0.0005025181506132203	0.0006975368793825305	0	0	false	0	12	0
SAMN41988840	46	34670	chromosome	0.0023477360266118638	0.0008066752427074846	0	0	false	1	11	0
SAMN41988840	47	34403	plasmid	0.9986702433695193	0.9927500768103827	1	1	false	11	1	0
SAMN41988840	48	33858	plasmid	0.999822425133984	0.997263012255942	1	1	true	12	0	0
SAMN41988840	49	32538	chromosome	0.0005025181506132203	0.0006975368793825305	0	0	false	0	12	0
SAMN41988840	5	197254	chromosome	0.0005025181506132203	0.0005187436258989112	0	0	false	0	12	0
SAMN41988840	50	30768	chromosome	0.0005025181506132203	0.0006975368793825305	0	0	false	0	12	0
SAMN41988840	51	26197	chromosome	0.0005025181506132203	0.0006975368793825305	0	0	false	0	12	0
SAMN41988840	52	25419	chromosome	0.0005025181506132203	0.0006975368793825305	0	0	false	0	12	0
SAMN41988840	53	22756	plasmid	0.9993203294198868	0.9832218771314865	1	1	false	10	1	1
SAMN41988840	54	22721	plasmid	0.9508635198395291	0.9801744473976769	1	1	false	10	2	0
SAMN41988840	55	21729	plasmid	0.9508635198395291	0.9801744473976769	1	1	false	10	2	0
SAMN41988840	56	20614	plasmid	0.7944342199327958	0.9642906837399118	0	0	false	9	3	0
SAMN41988840	57	19896	chromosome	0.0023477360266118638	0.0008341800986172322	0	0	false	1	11	0
SAMN41988840	58	18014	chromosome	0.0009329050566734367	0.0007213231782355622	0	0	false	1	11	0
SAMN41988840	59	17391	plasmid	0.9986702433695193	0.9888825891877475	1	1	false	11	1	0
SAMN41988840	6	190627	chromosome	0.0005025181506132203	0.0005187436258989112	0	0	false	0	12	0
SAMN41988840	60	17224	chromosome	0.0005025181506132203	0.0007213231782355622	0	0	false	0	12	0
SAMN41988840	61	16027	chromosome	0.0023477360266118638	0.0011053641590850773	0	0	false	1	11	0
SAMN41988840	62	15489	plasmid	0.6790244802303577	0.9289561530208983	0	0	false	8	4	0
SAMN41988840	63	15377	plasmid	0.9508635198395291	0.9698025214631076	1	1	false	10	2	0
SAMN41988840	64	13340	chromosome	0.0043515984760592406	0.0013701872938488566	0	0	false	2	10	0
SAMN41988840	65	12459	chromosome	0.0043515984760592406	0.0013701872938488566	0	0	false	2	10	0
SAMN41988840	66	12422	chromosome	0.0005025181506132203	0.0009558536195985552	0	0	false	0	12	0
SAMN41988840	67	10052	plasmid	0.9508635198395291	0.966038453661742	1	1	false	10	2	0
SAMN41988840	68	9976	plasmid	0.9508635198395291	0.966038453661742	1	1	false	10	2	0
SAMN41988840	69	8675	plasmid	0.6590116123903239	0.9338298318016978	0	0	true	7	5	0
SAMN41988840	7	169710	chromosome	0.0005025181506132203	0.0005187436258989112	0	0	false	0	12	0
SAMN41988840	70	7734	plasmid	0.7944342199327958	0.9438611240551057	0	0	true	9	3	0
SAMN41988840	71	7379	chromosome	0.0023477360266118638	0.0011053641590850773	0	0	false	1	11	0
SAMN41988840	72	7134	chromosome	0.0043515984760592406	0.0013701872938488566	0	0	false	2	10	0
SAMN41988840	73	6679	plasmid	0.9492724375550261	0.9463103880171456	1	0	true	9	3	0
SAMN41988840	74	6415	plasmid	0.9137413354205492	0.9324135752714592	0	0	false	9	3	0
SAMN41988840	75	5789	chromosome	0.0005025181506132203	0.0009558536195985552	0	0	false	0	12	0
SAMN41988840	76	5716	plasmid	0.9996756519149296	0.9896119677329454	1	1	false	11	1	0
SAMN41988840	77	5369	plasmid	0.9952965484376111	0.9657754813519721	1	1	false	10	1	1
SAMN41988840	78	4747	plasmid	0.9123720989070611	0.9428283227341219	0	0	false	7	5	0
SAMN41988840	79	4534	plasmid	0.5806020471186926	0.8065055806274057	0	0	false	5	7	0
SAMN41988840	8	158344	chromosome	0.0023477360266118638	0.0005187436258989112	0	0	false	1	11	0
SAMN41988840	80	4410	chromosome	0.0005025181506132203	0.0009754478804274018	0	0	false	0	12	0
SAMN41988840	81	4071	plasmid	0.9931544050611385	0.9872180725852102	1	1	false	11	1	0
SAMN41988840	82	3361	plasmid	0.9137413354205492	0.9296964825814215	0	0	false	9	3	0
SAMN41988840	83	3353	chromosome	0.0009329050566734367	0.0009754478804274018	0	0	false	1	11	0
SAMN41988840	84	3293	plasmid	0.9508635198395291	0.9620231578530485	1	1	false	10	2	0
SAMN41988840	85	3187	plasmid	0.9996645917049077	0.9680756476494122	1	1	false	10	2	0
SAMN41988840	86	2811	plasmid	0.7849934510745252	0.9418573643143333	0	0	false	9	3	0
SAMN41988840	87	2781	plasmid	0.9137413354205492	0.9296964825814215	0	0	true	9	3	0
SAMN41988840	88	2700	chromosome	0.00012599395954687636	0.0012927079681088118	0	0	false	1	10	1
SAMN41988840	89	2681	plasmid	0.9110606383483703	0.9311654718610074	0	0	true	8	4	0
SAMN41988840	9	155148	chromosome	0.0005025181506132203	0.0005187436258989112	0	0	false	0	12	0
SAMN41988840	90	2437	plasmid	0.9110606383483703	0.9311654718610074	0	0	true	8	4	0
SAMN41988840	91	2367	chromosome	0.0005025181506132203	0.0009006663649301763	0	0	false	0	12	0
SAMN41988840	92	2126	plasmid	0.8178592258974834	0.9468680449145274	0	0	true	8	3	1
SAMN41988840	93	1953	chromosome	0.0005025181506132203	0.0009006663649301763	0	0	false	0	12	0
SAMN41988840	94	1917	chromosome	0.0023477360266118638	0.0010415537492729924	0	0	false	1	11	0
SAMN41988840	95	1886	chromosome	0.00012599395954687636	0.0011936331573832227	0	0	false	1	10	1
SAMN41988840	96	1718	plasmid	0.9492724375550261	0.9421375769324504	1	1	false	9	3	0
SAMN41988840	97	1706	plasmid	0.9420308381334653	0.9813589755141113	1	1	false	8	2	2
SAMN41988840	98	1656	plasmid	0.48016868216664477	0.9596889144406217	0	0	false	7	4	1
SAMN41988840	99	1653	plasmid	0.7889023520731259	0.9395101218024469	0	0	true	8	4	0
SAMN44789742	1	113736	chromosome	0.0005025181506132203	0.00019671039646731057	0	0	false	0	12	0
SAMN44789742	10	65736	chromosome	0.0005025181506132203	0.00033061891507470576	0	0	false	0	12	0
SAMN44789742	100	15347	chromosome	0.0005025181506132203	0.00032757149291023495	0	0	false	0	12	0
SAMN44789742	101	15124	chromosome	0.0005025181506132203	0.00032757149291023495	0	0	false	0	12	0
SAMN44789742	102	15076	chromosome	0.0023477360266118638	0.0002727462956516288	0	0	false	1	11	0
SAMN44789742	103	14995	chromosome	0.0009329050566734367	0.00032757149291023495	0	0	false	1	11	0
SAMN44789742	104	14920	chromosome	0.0005025181506132203	0.00032757149291023495	0	0	false	0	12	0
SAMN44789742	105	14914	chromosome	0.0009329050566734367	0.00032757149291023495	0	0	false	1	11	0
SAMN44789742	106	14896	chromosome	0.0005025181506132203	0.00032757149291023495	0	0	false	0	12	0
SAMN44789742	107	14684	chromosome	0.0005025181506132203	0.00032757149291023495	0	0	false	0	12	0
SAMN44789742	108	14372	chromosome	0.0005025181506132203	0.00032757149291023495	0	0	false	0	12	0
SAMN44789742	109	14256	chromosome	0.0005025181506132203	0.00032757149291023495	0	0	false	0	12	0
SAMN44789742	11	64165	chromosome	0.0023477360266118638	0.00016112390831965373	0	0	false	1	11	0
SAMN44789742	110	14123	plasmid	0.937435332346856	0.5153949019752541	1	1	false	9	3	0
SAMN44789742	111	13806	chromosome	0.0005025181506132203	0.00032757149291023495	0	0	false	0	12	0
SAMN44789742	112	13453	chromosome	0.0023477360266118638	0.0002727462956516288	0	0	false	1	11	0
SAMN44789742	113	13143	chromosome	0.0005025181506132203	0.00032757149291023495	0	0	false	0	12	0
SAMN44789742	114	13030	chromosome	0.0005025181506132203	0.00032757149291023495	0	0	false	0	12	0
SAMN44789742	115	12951	chromosome	0.004577434572920169	0.0005793817482746599	0	0	false	1	10	1
SAMN44789742	116	12347	chromosome	0.0043515984760592406	0.0003381583805791968	0	0	false	2	10	0
SAMN44789742	117	12346	chromosome	0.0009329050566734367	0.00032757149291023495	0	0	false	1	11	0
SAMN44789742	118	12321	chromosome	0.0005025181506132203	0.00032757149291023495	0	0	false	0	12	0
SAMN44789742	119	12256	chromosome	0.0005025181506132203	0.00032757149291023495	0	0	false	0	12	0
SAMN44789742	12	63289	chromosome	0.0005025181506132203	0.00022381170846690935	0	0	false	0	12	0
SAMN44789742	120	11919	plasmid	0.9666370174996789	0.9488306024010248	1	1	false	10	2	0
SAMN44789742	121	11699	chromosome	0.0005025181506132203	0.00032757149291023495	0	0	false	0	12	0
SAMN44789742	122	11611	chromosome	0.0005025181506132203	0.00032757149291023495	0	0	false	0	12	0
SAMN44789742	123	11515	chromosome	0.0005025181506132203	0.00032757149291023495	0	0	false	0	12	0
SAMN44789742	124	11424	chromosome	0.0009329050566734367	0.00032757149291023495	0	0	false	1	11	0
SAMN44789742	125	11385	chromosome	0.0009329050566734367	0.00032757149291023495	0	0	false	1	11	0
SAMN44789742	126	11080	chromosome	2.629307352510889e-05	0.00032757149291023495	0	0	false	0	11	1
SAMN44789742	127	10981	chromosome	0.0005025181506132203	0.00032757149291023495	0	0	false	0	12	0
SAMN44789742	128	10746	chromosome	0.0005025181506132203	0.00032757149291023495	0	0	false	0	12	0
SAMN44789742	129	10617	plasmid	0.9508635198395291	0.8444410503173342	1	1	false	10	2	0
SAMN44789742	13	63256	chromosome	0.0005025181506132203	0.00022381170846690935	0	0	false	0	12	0
SAMN44789742	130	10515	plasmid	0.7896899118601343	0.0847597251241832	0	0	true	9	3	0
SAMN44789742	131	10227	chromosome	0.0023477360266118638	0.0002727462956516288	0	0	false	1	11	0
SAMN44789742	132	10031	chromosome	0.0009329050566734367	0.00032757149291023495	0	0	false	1	11	0
SAMN44789742	133	9970	chromosome	0.0024123556419008763	0.0005055237855188462	0	0	false	0	11	1
SAMN44789742	134	9969	chromosome	0.0023477360266118638	0.0002727462956516288	0	0	false	1	11	0
SAMN44789742	135	9967	chromosome	0.0005025181506132203	0.00032757149291023495	0	0	false	0	12	0
SAMN44789742	136	9677	chromosome	0.0005025181506132203	0.00032757149291023495	0	0	false	0	12	0
SAMN44789742	137	9269	chromosome	0.0005025181506132203	0.00032757149291023495	0	0	false	0	12	0
SAMN44789742	138	9187	chromosome	0.0009329050566734367	0.00032757149291023495	0	0	false	1	11	0
SAMN44789742	139	9004	chromosome	0.0005025181506132203	0.00032757149291023495	0	0	false	0	12	0
SAMN44789742	14	62311	chromosome	0.0005025181506132203	0.00022381170846690935	0	0	false	0	12	0
SAMN44789742	140	8933	chromosome	0.0005025181506132203	0.00032757149291023495	0	0	false	0	12	0
SAMN44789742	141	8755	chromosome	0.0043515984760592406	0.0003381583805791968	0	0	false	2	10	0
SAMN44789742	142	8712	chromosome	0.0009329050566734367	0.00032757149291023495	0	0	false	1	11	0
SAMN44789742	143	8685	chromosome	0.0005025181506132203	0.00032757149291023495	0	0	false	0	12	0
SAMN44789742	144	8558	chromosome	0.0005025181506132203	0.00032757149291023495	0	0	false	0	12	0
SAMN44789742	145	8550	chromosome	0.04451587899095676	0.0005670358828676161	0	0	false	3	9	0
SAMN44789742	146	8484	chromosome	0.0009329050566734367	0.00032757149291023495	0	0	false	1	11	0
SAMN44789742	147	8369	chromosome	0.0005025181506132203	0.00032757149291023495	0	0	false	0	12	0
SAMN44789742	148	8267	chromosome	2.629307352510889e-05	0.00032757149291023495	0	0	false	0	11	1
SAMN44789742	149	8109	plasmid	0.9931544050611385	0.9623886513710184	1	1	false	11	1	0
SAMN44789742	15	62238	chromosome	0.0005025181506132203	0.00022381170846690935	0	0	false	0	12	0
SAMN44789742	150	8105	chromosome	0.0005025181506132203	0.00032757149291023495	0	0	false	0	12	0
SAMN44789742	151	7646	chromosome	0.0005025181506132203	0.00032757149291023495	0	0	false	0	12	0
SAMN44789742	152	7629	chromosome	0.0005025181506132203	0.00032757149291023495	0	0	false	0	12	0
SAMN44789742	153	7597	chromosome	0.0005025181506132203	0.00032757149291023495	0	0	false	0	12	0
SAMN44789742	154	7314	chromosome	0.0043515984760592406	0.0003381583805791968	0	0	false	2	10	0
SAMN44789742	155	7225	chromosome	0.0009329050566734367	0.00032757149291023495	0	0	false	1	11	0
SAMN44789742	156	6976	chromosome	0.0009329050566734367	0.00032757149291023495	0	0	false	1	11	0
SAMN44789742	157	6927	chromosome	0.0005025181506132203	0.00032757149291023495	0	0	false	0	12	0
SAMN44789742	158	6896	chromosome	0.0005025181506132203	0.00032757149291023495	0	0	false	0	12	0
SAMN44789742	159	6844	plasmid	0.9857568595095695	0.9343475392147156	1	1	false	10	1	1
SAMN44789742	16	60109	chromosome	0.0005025181506132203	0.00022381170846690935	0	0	false	0	12	0
SAMN44789742	160	6824	chromosome	0.0023477360266118638	0.0002727462956516288	0	0	false	1	11	0
SAMN44789742	161	6742	chromosome	2.629307352510889e-05	0.00032757149291023495	0	0	false	0	11	1
SAMN44789742	162	6699	chromosome	0.0005025181506132203	0.00032757149291023495	0	0	false	0	12	0
SAMN44789742	163	6647	plasmid	0.9931544050611385	0.9623886513710184	1	1	false	11	1	0
SAMN44789742	164	6557	plasmid	0.9508635198395291	0.8373146467906141	1	1	false	10	2	0
SAMN44789742	165	6474	plasmid	0.9931544050611385	0.9623886513710184	1	1	false	11	1	0
SAMN44789742	166	6206	plasmid	0.9931544050611385	0.9623886513710184	1	1	false	11	1	0
SAMN44789742	167	6179	chromosome	0.0005025181506132203	0.00032757149291023495	0	0	false	0	12	0
SAMN44789742	168	6097	plasmid	0.9931544050611385	0.9623886513710184	1	1	false	11	1	0
SAMN44789742	169	6057	plasmid	0.9931544050611385	0.9623886513710184	1	1	false	11	1	0
SAMN44789742	17	59535	chromosome	0.0009329050566734367	0.00022381170846690935	0	0	false	1	11	0
SAMN44789742	170	6042	plasmid	0.9929225458808841	0.9023297826920038	1	1	false	10	2	0
SAMN44789742	171	6036	plasmid	0.8410943052898282	0.4730923159327768	0	0	false	7	4	1
SAMN44789742	172	5931	chromosome	0.0005025181506132203	0.00032757149291023495	0	0	false	0	12	0
SAMN44789742	173	5830	chromosome	0.0005025181506132203	0.00032757149291023495	0	0	false	0	12	0
SAMN44789742	174	5804	chromosome	0.0005025181506132203	0.00032757149291023495	0	0	false	0	12	0
SAMN44789742	175	5756	chromosome	0.0005025181506132203	0.00032757149291023495	0	0	false	0	12	0
SAMN44789742	176	5731	chromosome	0.0009329050566734367	0.00032757149291023495	0	0	false	1	11	0
SAMN44789742	177	5717	plasmid	0.9931544050611385	0.9623886513710184	1	1	false	11	1	0
SAMN44789742	178	5635	chromosome	0.0005025181506132203	0.00032757149291023495	0	0	false	0	12	0
SAMN44789742	179	5471	chromosome	0.0009329050566734367	0.00032757149291023495	0	0	false	1	11	0
SAMN44789742	18	59208	chromosome	0.0005025181506132203	0.00022381170846690935	0	0	false	0	12	0
SAMN44789742	180	5468	plasmid	0.965592946353697	0.7895722395394268	1	1	false	5	6	1
SAMN44789742	181	5437	chromosome	0.0023477360266118638	0.0002727462956516288	0	0	false	1	11	0
SAMN44789742	182	5205	chromosome	0.0043515984760592406	0.0003450947400275696	0	0	false	2	10	0
SAMN44789742	183	5167	plasmid	0.999822425133984	0.9669958876646055	1	1	false	12	0	0
SAMN44789742	184	5148	chromosome	0.0043515984760592406	0.0003450947400275696	0	0	false	2	10	0
SAMN44789742	185	5083	chromosome	0.0009329050566734367	0.00033429076502390864	0	0	false	1	11	0
SAMN44789742	186	5003	chromosome	0.0043515984760592406	0.0003450947400275696	0	0	false	2	10	0
SAMN44789742	187	4985	plasmid	0.9931544050611385	0.9669958876646055	1	1	false	11	1	0
SAMN44789742	188	4718	chromosome	0.0005025181506132203	0.00033429076502390864	0	0	false	0	12	0
SAMN44789742	189	4679	plasmid	0.9929225458808841	0.9136337591902971	1	1	false	10	2	0
SAMN44789742	19	58589	chromosome	0.0005025181506132203	0.00022381170846690935	0	0	false	0	12	0
SAMN44789742	190	4656	chromosome	0.0005025181506132203	0.00033429076502390864	0	0	false	0	12	0
SAMN44789742	191	4622	plasmid	0.9931544050611385	0.9669958876646055	1	1	false	11	1	0
SAMN44789742	192	4401	chromosome	0.012416904730863208	0.000477701281471828	0	0	false	2	10	0
SAMN44789742	193	4296	chromosome	0.0005025181506132203	0.00033429076502390864	0	0	false	0	12	0
SAMN44789742	194	4272	chromosome	0.0024123556419008763	0.0005158913995810185	0	0	false	0	11	1
SAMN44789742	195	4151	chromosome	0.0009329050566734367	0.00033429076502390864	0	0	false	1	11	0
SAMN44789742	196	4073	chromosome	0.0005025181506132203	0.00033429076502390864	0	0	false	0	12	0
SAMN44789742	197	4026	chromosome	0.030712803277361277	0.0003303137924793763	0	0	false	2	10	0
SAMN44789742	198	3687	chromosome	0.0005025181506132203	0.00033429076502390864	0	0	false	0	12	0
SAMN44789742	199	3567	chromosome	0.0043515984760592406	0.0003450947400275696	0	0	false	2	10	0
SAMN44789742	2	94659	plasmid	0.9996645917049077	0.652562911861762	1	1	false	10	2	0
SAMN44789742	20	56471	chromosome	0.0043515984760592406	0.0001997712152162678	0	0	false	2	10	0
SAMN44789742	200	3566	chromosome	0.014137038622815292	0.0074056699058930595	0	0	false	3	9	0
SAMN44789742	201	3562	chromosome	0.0043515984760592406	0.0003450947400275696	0	0	false	2	10	0
SAMN44789742	202	3531	plasmid	0.9931544050611385	0.9460475315625618	1	1	false	11	1	0
SAMN44789742	203	3513	plasmid	0.9875647758701592	0.5366202434181666	1	0	true	10	2	0
SAMN44789742	204	3424	chromosome	0.0009329050566734367	0.00033429076502390864	0	0	false	1	11	0
SAMN44789742	205	3117	plasmid	0.9975926180795132	0.867330909098743	1	1	false	7	5	0
SAMN44789742	206	3058	chromosome	0.0023477360266118638	0.0002783412854130005	0	0	false	1	11	0
SAMN44789742	207	2760	chromosome	0.0043515984760592406	0.0003450947400275696	0	0	false	2	10	0
SAMN44789742	208	2727	chromosome	0.0024123556419008763	0.000428423826286143	0	0	false	0	11	1
SAMN44789742	209	2695	chromosome	0.0005025181506132203	0.00033429076502390864	0	0	false	0	12	0
SAMN44789742	21	55855	chromosome	0.0005025181506132203	0.00022381170846690935	0	0	false	0	12	0
SAMN44789742	210	2520	chromosome	0.0023477360266118638	0.0002783412854130005	0	0	false	1	11	0
SAMN44789742	211	2456	chromosome	0.0076617658502466796	0.0076341024318451285	0	0	false	2	10	0
SAMN44789742	212	2358	chromosome	0.0005025181506132203	0.00029672717800184167	0	0	false	0	12	0
SAMN44789742	213	2307	plasmid	0.9929225458808841	0.8514317308504994	1	1	false	10	2	0
SAMN44789742	214	2282	plasmid	0.9857017881103314	0.8425868788000493	1	1	false	9	2	1
SAMN44789742	215	2094	plasmid	0.9929225458808841	0.8514317308504994	1	1	false	10	2	0
SAMN44789742	216	2033	plasmid	0.9655381836056843	0.7742473026837654	1	1	false	9	3	0
SAMN44789742	217	2009	chromosome	0.0005025181506132203	0.00029672717800184167	0	0	false	0	12	0
SAMN44789742	218	1966	plasmid	0.9929225458808841	0.8514317308504994	1	1	false	10	2	0
SAMN44789742	219	1931	chromosome	0.0005025181506132203	0.00029672717800184167	0	0	false	0	12	0
SAMN44789742	22	53923	chromosome	0.0005025181506132203	0.00022381170846690935	0	0	false	0	12	0
SAMN44789742	220	1884	chromosome	0.00012599395954687636	0.00028317014817819293	0	0	false	1	10	1
SAMN44789742	221	1876	chromosome	0.006724141415640177	0.0002840173002068151	0	0	false	1	11	0
SAMN44789742	222	1852	chromosome	0.0005025181506132203	0.00029672717800184167	0	0	false	0	12	0
SAMN44789742	223	1824	chromosome	0.0005025181506132203	0.00029672717800184167	0	0	false	0	12	0
SAMN44789742	224	1721	chromosome	0.0023477360266118638	0.00024706307611907676	0	0	false	1	11	0
SAMN44789742	225	1682	chromosome	2.629307352510889e-05	0.00029672717800184167	0	0	false	0	11	1
SAMN44789742	226	1659	plasmid	0.987146047145738	0.44382013011765037	1	1	false	9	3	0
SAMN44789742	227	1615	plasmid	0.8705147387133599	0.8804136754628986	0	0	false	8	3	1
SAMN44789742	228	1579	plasmid	0.7889023520731259	0.7492017787443103	0	0	false	8	4	0
SAMN44789742	229	1533	plasmid	0.999822425133984	0.9463323073078197	1	1	false	12	0	0
SAMN44789742	23	52997	chromosome	0.0005025181506132203	0.00022381170846690935	0	0	false	0	12	0
SAMN44789742	230	1466	chromosome	0.0005025181506132203	0.00029672717800184167	0	0	false	0	12	0
SAMN44789742	231	1452	chromosome	0.0005025181506132203	0.00029672717800184167	0	0	false	0	12	0
SAMN44789742	232	1446	chromosome	0.0023477360266118638	0.00024706307611907676	0	0	false	1	11	0
SAMN44789742	233	1299	chromosome	0.030712803277361277	0.00029319695886702096	0	0	false	2	10	0
SAMN44789742	235	1294	chromosome	0.0023477360266118638	0.00024706307611907676	0	0	false	1	11	0
SAMN44789742	237	1290	chromosome	0.0024123556419008763	0.00038028671862265945	0	0	false	0	11	1
SAMN44789742	238	1236	plasmid	0.987146047145738	0.44382013011765037	1	1	false	9	3	0
SAMN44789742	239	1212	plasmid	0.987351162218125	0.44942920535616854	1	1	false	8	4	0
SAMN44789742	24	52603	chromosome	0.0005025181506132203	0.00022381170846690935	0	0	false	0	12	0
SAMN44789742	240	1201	plasmid	0.8888450515253362	0.4239914416838029	0	0	false	7	4	1
SAMN44789742	241	1199	plasmid	0.9929225458808841	0.8892080194881338	1	1	false	10	2	0
SAMN44789742	242	1169	chromosome	0.06558826216287283	0.0006942776567526095	0	0	false	3	7	2
SAMN44789742	243	1158	plasmid	0.987146047145738	0.44382013011765037	1	1	false	9	3	0
SAMN44789742	244	1156	plasmid	0.9276949578552948	0.32529134110282537	0	0	false	4	8	0
SAMN44789742	245	1152	chromosome	0.0023477360266118638	0.00024706307611907676	0	0	false	1	11	0
SAMN44789742	246	1055	plasmid	0.8705147387133599	0.8804136754628986	0	0	false	8	3	1
SAMN44789742	247	1049	chromosome	0.030712803277361277	0.00029319695886702096	0	0	false	2	10	0
SAMN44789742	248	1049	chromosome	0.0024123556419008763	0.00038028671862265945	0	0	false	0	11	1
SAMN44789742	249	1048	plasmid	0.9929225458808841	0.8892080194881338	1	1	false	10	2	0
SAMN44789742	25	52547	chromosome	0.0005025181506132203	0.00022381170846690935	0	0	false	0	12	0
SAMN44789742	251	1029	chromosome	0.01145612891041697	0.00036291336177892173	0	0	false	1	10	1
SAMN44789742	252	1023	chromosome	0.0005025181506132203	0.00029672717800184167	0	0	false	0	12	0
SAMN44789742	253	1021	chromosome	0.0005025181506132203	0.00029672717800184167	0	0	false	0	12	0
SAMN44789742	254	1016	chromosome	0.00012644978029706448	0.00038028671862265945	0	0	false	0	10	2
SAMN44789742	255	1004	chromosome	0.0005025181506132203	0.00029672717800184167	0	0	false	0	12	0
SAMN44789742	26	52220	chromosome	0.0005025181506132203	0.00022381170846690935	0	0	false	0	12	0
SAMN44789742	27	51512	chromosome	0.0005025181506132203	0.00022381170846690935	0	0	false	0	12	0
SAMN44789742	28	50937	chromosome	0.0043515984760592406	0.0001997712152162678	0	0	false	2	10	0
SAMN44789742	29	50686	chromosome	0.0005025181506132203	0.00022381170846690935	0	0	false	0	12	0
SAMN44789742	3	80865	chromosome	0.0005025181506132203	0.00019671039646731057	0	0	false	0	12	0
SAMN44789742	30	50408	chromosome	0.0005025181506132203	0.00022381170846690935	0	0	false	0	12	0
SAMN44789742	31	49146	chromosome	0.0005025181506132203	0.00022381170846690935	0	0	false	0	12	0
SAMN44789742	32	48847	chromosome	0.0005025181506132203	0.00022381170846690935	0	0	false	0	12	0
SAMN44789742	33	48593	chromosome	0.0005025181506132203	0.00022381170846690935	0	0	false	0	12	0
SAMN44789742	34	48477	chromosome	0.0005025181506132203	0.00022381170846690935	0	0	false	0	12	0
SAMN44789742	35	47915	chromosome	0.0005025181506132203	0.00022381170846690935	0	0	false	0	12	0
SAMN44789742	36	46657	chromosome	0.0005025181506132203	0.00022381170846690935	0	0	false	0	12	0
SAMN44789742	37	46256	chromosome	0.0023477360266118638	0.00016112390831965373	0	0	false	1	11	0
SAMN44789742	38	46064	chromosome	0.0005025181506132203	0.00022381170846690935	0	0	false	0	12	0
SAMN44789742	39	45523	chromosome	0.0005025181506132203	0.00022381170846690935	0	0	false	0	12	0
SAMN44789742	4	79579	chromosome	0.0005025181506132203	0.00019671039646731057	0	0	false	0	12	0
SAMN44789742	40	45066	chromosome	0.0009329050566734367	0.00022381170846690935	0	0	false	1	11	0
SAMN44789742	41	45048	chromosome	0.0005025181506132203	0.00022381170846690935	0	0	false	0	12	0
SAMN44789742	42	44380	chromosome	0.0005025181506132203	0.00022381170846690935	0	0	false	0	12	0
SAMN44789742	43	43544	chromosome	0.0005025181506132203	0.00022381170846690935	0	0	false	0	12	0
SAMN44789742	44	42441	chromosome	0.0005025181506132203	0.00022381170846690935	0	0	false	0	12	0
SAMN44789742	45	41868	chromosome	0.0005025181506132203	0.00022381170846690935	0	0	false	0	12	0
SAMN44789742	46	41494	chromosome	0.0005025181506132203	0.00022381170846690935	0	0	false	0	12	0
SAMN44789742	47	40006	chromosome	0.0005025181506132203	0.00022381170846690935	0	0	false	0	12	0
SAMN44789742	48	38654	chromosome	0.0005025181506132203	0.00022381170846690935	0	0	false	0	12	0
SAMN44789742	49	37559	plasmid	0.9931544050611385	0.9880557277512227	1	1	false	11	1	0
SAMN44789742	5	75646	chromosome	0.0005025181506132203	0.00033061891507470576	0	0	false	0	12	0
SAMN44789742	50	37452	chromosome	0.0005025181506132203	0.00022381170846690935	0	0	false	0	12	0
SAMN44789742	51	37135	chromosome	0.0005025181506132203	0.00022381170846690935	0	0	false	0	12	0
SAMN44789742	52	37046	chromosome	0.0005025181506132203	0.00022381170846690935	0	0	false	0	12	0
SAMN44789742	53	36953	chromosome	0.0005025181506132203	0.00022381170846690935	0	0	false	0	12	0
SAMN44789742	54	36921	chromosome	0.0005025181506132203	0.00022381170846690935	0	0	false	0	12	0
SAMN44789742	55	36682	chromosome	0.0009329050566734367	0.00022381170846690935	0	0	false	1	11	0
SAMN44789742	56	35706	chromosome	0.0005025181506132203	0.00023900560246796956	0	0	false	0	12	0
SAMN44789742	57	34752	chromosome	0.006724141415640177	0.00027548430342780637	0	0	false	1	11	0
SAMN44789742	58	33435	chromosome	0.0005025181506132203	0.00023900560246796956	0	0	false	0	12	0
SAMN44789742	59	32787	chromosome	0.0009329050566734367	0.00023900560246796956	0	0	false	1	11	0
SAMN44789742	6	72418	chromosome	0.0005025181506132203	0.00033061891507470576	0	0	false	0	12	0
SAMN44789742	60	31943	chromosome	0.0005025181506132203	0.00023900560246796956	0	0	false	0	12	0
SAMN44789742	61	31898	chromosome	0.0005025181506132203	0.00023900560246796956	0	0	false	0	12	0
SAMN44789742	62	30022	chromosome	0.0005025181506132203	0.00023900560246796956	0	0	false	0	12	0
SAMN44789742	63	29587	chromosome	0.0005025181506132203	0.00023900560246796956	0	0	false	0	12	0
SAMN44789742	64	29503	chromosome	0.0005025181506132203	0.00023900560246796956	0	0	false	0	12	0
SAMN44789742	65	29296	chromosome	0.0023477360266118638	0.00019900060759734335	0	0	false	1	11	0
SAMN44789742	66	28653	chromosome	0.0005025181506132203	0.00023900560246796956	0	0	false	0	12	0
SAMN44789742	67	25930	chromosome	0.0023477360266118638	0.00019900060759734335	0	0	false	1	11	0
SAMN44789742	68	25884	chromosome	0.0047632320085462835	0.00023900560246796956	0	0	false	1	11	0
SAMN44789742	69	25812	chromosome	0.0005025181506132203	0.00023900560246796956	0	0	false	0	12	0
SAMN44789742	7	71269	chromosome	0.0043515984760592406	0.0002951092273562049	0	0	false	2	10	0
SAMN44789742	70	25433	chromosome	0.021910581682701883	0.0002467308073167558	0	0	false	2	10	0
SAMN44789742	71	25262	chromosome	0.0005025181506132203	0.00023900560246796956	0	0	false	0	12	0
SAMN44789742	72	25128	chromosome	0.0023477360266118638	0.00019900060759734335	0	0	false	1	11	0
SAMN44789742	73	25049	chromosome	0.0009329050566734367	0.00023900560246796956	0	0	false	1	11	0
SAMN44789742	74	24890	chromosome	0.0005025181506132203	0.00023900560246796956	0	0	false	0	12	0
SAMN44789742	75	24583	chromosome	0.0005025181506132203	0.00023900560246796956	0	0	false	0	12	0
SAMN44789742	76	24307	chromosome	0.0005025181506132203	0.00023900560246796956	0	0	false	0	12	0
SAMN44789742	77	24121	chromosome	0.0009329050566734367	0.00023900560246796956	0	0	false	1	11	0
SAMN44789742	78	23582	plasmid	0.9996166454176644	0.9812305416284051	1	1	false	11	0	1
SAMN44789742	79	23581	chromosome	0.0023477360266118638	0.00019900060759734335	0	0	false	1	11	0
SAMN44789742	8	67801	chromosome	0.0005025181506132203	0.00033061891507470576	0	0	false	0	12	0
SAMN44789742	80	23061	chromosome	0.0005025181506132203	0.00023900560246796956	0	0	false	0	12	0
SAMN44789742	81	22217	chromosome	0.0005025181506132203	0.00023900560246796956	0	0	false	0	12	0
SAMN44789742	82	22087	chromosome	0.0009329050566734367	0.00023900560246796956	0	0	false	1	11	0
SAMN44789742	83	22058	chromosome	0.024711780572106334	0.31255756253517253	0	0	false	4	8	0
SAMN44789742	84	21174	chromosome	0.0005025181506132203	0.00024715966062493567	0	0	false	0	12	0
SAMN44789742	85	21007	chromosome	0.0005025181506132203	0.00024715966062493567	0	0	false	0	12	0
SAMN44789742	86	20963	chromosome	0.0005025181506132203	0.00024715966062493567	0	0	false	0	12	0
SAMN44789742	87	20534	chromosome	0.0005025181506132203	0.00024715966062493567	0	0	false	0	12	0
SAMN44789742	88	20427	chromosome	0.0005025181506132203	0.00024715966062493567	0	0	false	0	12	0
SAMN44789742	89	19561	chromosome	0.0005025181506132203	0.00024715966062493567	0	0	false	0	12	0
SAMN44789742	9	67372	chromosome	0.0005025181506132203	0.00033061891507470576	0	0	false	0	12	0
SAMN44789742	90	19558	chromosome	0.0005025181506132203	0.00024715966062493567	0	0	false	0	12	0
SAMN44789742	91	19528	chromosome	0.0023477360266118638	0.00020579011234650175	0	0	false	1	11	0
SAMN44789742	92	19417	chromosome	0.0005025181506132203	0.00024715966062493567	0	0	false	0	12	0
SAMN44789742	93	19183	chromosome	0.0005025181506132203	0.00024715966062493567	0	0	false	0	12	0
SAMN44789742	94	18927	chromosome	0.0043515984760592406	0.0002551483559227844	0	0	false	2	10	0
SAMN44789742	95	17975	chromosome	0.0005025181506132203	0.00024715966062493567	0	0	false	0	12	0
SAMN44789742	96	17257	chromosome	0.0005025181506132203	0.00024715966062493567	0	0	false	0	12	0
SAMN44789742	97	17058	chromosome	0.0005025181506132203	0.00032757149291023495	0	0	false	0	12	0
SAMN44789742	98	16462	chromosome	0.0005025181506132203	0.00032757149291023495	0	0	false	0	12	0
SAMN44789742	99	16396	chromosome	0.0005025181506132203	0.00032757149291023495	0	0	false	0	12	0
SAMN44789755	1	90994	chromosome	0.0005025181506132203	0.00019671039646731057	0	0	false	0	12	0
SAMN44789755	10	63323	chromosome	0.0005025181506132203	0.00022381170846690935	0	0	false	0	12	0
SAMN44789755	100	15438	chromosome	0.0005025181506132203	0.00032757149291023495	0	0	false	0	12	0
SAMN44789755	101	15365	chromosome	0.0005025181506132203	0.00032757149291023495	0	0	false	0	12	0
SAMN44789755	102	15326	chromosome	0.0043515984760592406	0.0003381583805791968	0	0	false	2	10	0
SAMN44789755	103	15172	chromosome	0.0005025181506132203	0.00032757149291023495	0	0	false	0	12	0
SAMN44789755	104	14743	chromosome	0.0009329050566734367	0.00032757149291023495	0	0	false	1	11	0
SAMN44789755	105	14293	chromosome	0.0005025181506132203	0.00032757149291023495	0	0	false	0	12	0
SAMN44789755	106	14038	chromosome	0.0005025181506132203	0.00032757149291023495	0	0	false	0	12	0
SAMN44789755	107	13914	chromosome	0.0009329050566734367	0.00032757149291023495	0	0	false	1	11	0
SAMN44789755	108	13832	chromosome	0.0009329050566734367	0.00032757149291023495	0	0	false	1	11	0
SAMN44789755	109	13787	chromosome	0.0005025181506132203	0.00032757149291023495	0	0	false	0	12	0
SAMN44789755	11	61914	chromosome	0.0023477360266118638	0.00016112390831965373	0	0	false	1	11	0
SAMN44789755	110	13425	chromosome	0.0009329050566734367	0.00032757149291023495	0	0	false	1	11	0
SAMN44789755	111	13392	chromosome	0.0005025181506132203	0.00032757149291023495	0	0	false	0	12	0
SAMN44789755	112	13168	chromosome	0.0005025181506132203	0.00032757149291023495	0	0	false	0	12	0
SAMN44789755	113	13094	chromosome	0.0005025181506132203	0.00032757149291023495	0	0	false	0	12	0
SAMN44789755	114	12705	chromosome	0.0005025181506132203	0.00032757149291023495	0	0	false	0	12	0
SAMN44789755	115	12675	chromosome	0.0023477360266118638	0.0002727462956516288	0	0	false	1	11	0
SAMN44789755	116	12599	chromosome	0.0009329050566734367	0.00032757149291023495	0	0	false	1	11	0
SAMN44789755	117	12597	chromosome	0.0009329050566734367	0.00032757149291023495	0	0	false	1	11	0
SAMN44789755	118	12528	chromosome	0.0009329050566734367	0.00032757149291023495	0	0	false	1	11	0
SAMN44789755	119	12414	chromosome	0.0005025181506132203	0.00032757149291023495	0	0	false	0	12	0
SAMN44789755	12	61120	chromosome	0.0005025181506132203	0.00022381170846690935	0	0	false	0	12	0
SAMN44789755	120	12374	chromosome	0.0009329050566734367	0.00032757149291023495	0	0	false	1	11	0
SAMN44789755	121	12185	chromosome	0.0005025181506132203	0.00032757149291023495	0	0	false	0	12	0
SAMN44789755	122	12068	chromosome	0.0023477360266118638	0.0002727462956516288	0	0	false	1	11	0
SAMN44789755	123	11918	plasmid	0.9666370174996789	0.9488306024010248	1	1	false	10	2	0
SAMN44789755	124	11875	chromosome	0.0005025181506132203	0.00032757149291023495	0	0	false	0	12	0
SAMN44789755	125	11717	chromosome	0.0009329050566734367	0.00032757149291023495	0	0	false	1	11	0
SAMN44789755	126	11457	chromosome	0.9508635198395291	0.8444410503173342	1	0	true	10	2	0
SAMN44789755	127	11431	chromosome	0.0005025181506132203	0.00032757149291023495	0	0	false	0	12	0
SAMN44789755	128	11274	chromosome	0.0005025181506132203	0.00032757149291023495	0	0	false	0	12	0
SAMN44789755	129	11233	chromosome	0.0009329050566734367	0.00032757149291023495	0	0	false	1	11	0
SAMN44789755	13	60902	chromosome	0.0005025181506132203	0.00022381170846690935	0	0	false	0	12	0
SAMN44789755	130	11174	chromosome	0.0043515984760592406	0.0003381583805791968	0	0	false	2	10	0
SAMN44789755	131	11142	chromosome	0.0005025181506132203	0.00032757149291023495	0	0	false	0	12	0
SAMN44789755	132	11029	chromosome	0.0005025181506132203	0.00032757149291023495	0	0	false	0	12	0
SAMN44789755	133	10830	chromosome	0.0043515984760592406	0.0003381583805791968	0	0	false	2	10	0
SAMN44789755	134	10685	chromosome	0.004577434572920169	0.0005793817482746599	0	0	false	1	10	1
SAMN44789755	135	10446	chromosome	0.0005025181506132203	0.00032757149291023495	0	0	false	0	12	0
SAMN44789755	136	10347	chromosome	0.0023477360266118638	0.0002727462956516288	0	0	false	1	11	0
SAMN44789755	137	10333	chromosome	0.0005025181506132203	0.00032757149291023495	0	0	false	0	12	0
SAMN44789755	138	10273	chromosome	0.0009329050566734367	0.00032757149291023495	0	0	false	1	11	0
SAMN44789755	139	10223	chromosome	0.0009329050566734367	0.00032757149291023495	0	0	false	1	11	0
SAMN44789755	14	58479	chromosome	0.0005025181506132203	0.00022381170846690935	0	0	false	0	12	0
SAMN44789755	140	10190	chromosome	0.0005025181506132203	0.00032757149291023495	0	0	false	0	12	0
SAMN44789755	141	10040	chromosome	0.0005025181506132203	0.00032757149291023495	0	0	false	0	12	0
SAMN44789755	142	10036	plasmid	0.999822425133984	0.9809006669553211	1	1	false	12	0	0
SAMN44789755	143	10020	chromosome	0.0009329050566734367	0.00032757149291023495	0	0	false	1	11	0
SAMN44789755	144	9990	chromosome	0.0005025181506132203	0.00032757149291023495	0	0	false	0	12	0
SAMN44789755	145	9983	chromosome	0.0005025181506132203	0.00032757149291023495	0	0	false	0	12	0
SAMN44789755	146	9936	chromosome	0.0005025181506132203	0.00032757149291023495	0	0	false	0	12	0
SAMN44789755	147	9802	chromosome	0.0005025181506132203	0.00032757149291023495	0	0	false	0	12	0
SAMN44789755	148	9763	chromosome	0.0005025181506132203	0.00032757149291023495	0	0	false	0	12	0
SAMN44789755	149	9643	chromosome	0.0009329050566734367	0.00032757149291023495	0	0	false	1	11	0
SAMN44789755	15	57602	chromosome	0.0005025181506132203	0.00022381170846690935	0	0	false	0	12	0
SAMN44789755	150	9470	chromosome	0.0005025181506132203	0.00032757149291023495	0	0	false	0	12	0
SAMN44789755	151	9442	chromosome	0.0009329050566734367	0.00032757149291023495	0	0	false	1	11	0
SAMN44789755	152	9426	chromosome	0.0016468472579477477	0.00739678803001406	0	0	false	1	11	0
SAMN44789755	153	9236	chromosome	0.0005025181506132203	0.00032757149291023495	0	0	false	0	12	0
SAMN44789755	154	9218	chromosome	0.0009329050566734367	0.00032757149291023495	0	0	false	1	11	0
SAMN44789755	155	9185	chromosome	0.0009329050566734367	0.00032757149291023495	0	0	false	1	11	0
SAMN44789755	156	9006	chromosome	0.0009329050566734367	0.00032757149291023495	0	0	false	1	11	0
SAMN44789755	157	8987	chromosome	0.0005025181506132203	0.00032757149291023495	0	0	false	0	12	0
SAMN44789755	158	8932	chromosome	0.0005025181506132203	0.00032757149291023495	0	0	false	0	12	0
SAMN44789755	159	8773	chromosome	0.0009329050566734367	0.00032757149291023495	0	0	false	1	11	0
SAMN44789755	16	57251	chromosome	0.0005025181506132203	0.00022381170846690935	0	0	false	0	12	0
SAMN44789755	160	8756	plasmid	0.9931544050611385	0.9635986336010551	1	1	false	11	1	0
SAMN44789755	161	8620	chromosome	0.0005025181506132203	0.00032757149291023495	0	0	false	0	12	0
SAMN44789755	162	8413	chromosome	0.0023477360266118638	0.0002727462956516288	0	0	false	1	11	0
SAMN44789755	163	8411	chromosome	0.0005025181506132203	0.00032757149291023495	0	0	false	0	12	0
SAMN44789755	164	8392	chromosome	0.0005025181506132203	0.00032757149291023495	0	0	false	0	12	0
SAMN44789755	165	8339	chromosome	0.0005025181506132203	0.00032757149291023495	0	0	false	0	12	0
SAMN44789755	166	8263	plasmid	0.9931544050611385	0.9623886513710184	1	1	false	11	1	0
SAMN44789755	167	8258	chromosome	0.0005025181506132203	0.00032757149291023495	0	0	false	0	12	0
SAMN44789755	168	8194	chromosome	0.0023477360266118638	0.0002727462956516288	0	0	false	1	11	0
SAMN44789755	169	8014	plasmid	0.8286688087748669	0.9063033325446647	0	0	false	7	3	2
SAMN44789755	17	53471	chromosome	0.0005025181506132203	0.00022381170846690935	0	0	false	0	12	0
SAMN44789755	170	7999	chromosome	0.9508635198395291	0.8373146467906141	1	0	true	10	2	0
SAMN44789755	171	7672	plasmid	0.9931544050611385	0.9623886513710184	1	1	false	11	1	0
SAMN44789755	172	7592	chromosome	0.0005025181506132203	0.00032757149291023495	0	0	false	0	12	0
SAMN44789755	173	7546	plasmid	0.9931544050611385	0.9623886513710184	1	1	false	11	1	0
SAMN44789755	174	7522	chromosome	0.0043515984760592406	0.0003381583805791968	0	0	false	2	10	0
SAMN44789755	175	7345	chromosome	0.0016468472579477477	0.00739678803001406	0	0	false	1	11	0
SAMN44789755	176	7248	chromosome	0.0005025181506132203	0.00032757149291023495	0	0	false	0	12	0
SAMN44789755	177	7201	chromosome	0.0005025181506132203	0.00032757149291023495	0	0	false	0	12	0
SAMN44789755	178	7105	chromosome	0.0043515984760592406	0.0003381583805791968	0	0	false	2	10	0
SAMN44789755	179	7104	chromosome	0.0023477360266118638	0.0002727462956516288	0	0	false	1	11	0
SAMN44789755	18	52282	chromosome	0.0005025181506132203	0.00022381170846690935	0	0	false	0	12	0
SAMN44789755	180	7091	chromosome	0.0009329050566734367	0.00032757149291023495	0	0	false	1	11	0
SAMN44789755	181	7038	chromosome	0.0009329050566734367	0.00032757149291023495	0	0	false	1	11	0
SAMN44789755	182	7012	chromosome	0.0005025181506132203	0.00032757149291023495	0	0	false	0	12	0
SAMN44789755	183	6972	chromosome	0.0009329050566734367	0.00032757149291023495	0	0	false	1	11	0
SAMN44789755	184	6910	plasmid	0.9857568595095695	0.9343475392147156	1	1	false	10	1	1
SAMN44789755	185	6760	plasmid	0.9931544050611385	0.9623886513710184	1	1	false	11	1	0
SAMN44789755	186	6631	chromosome	0.0005025181506132203	0.00032757149291023495	0	0	false	0	12	0
SAMN44789755	187	6631	chromosome	0.0023477360266118638	0.0002727462956516288	0	0	false	1	11	0
SAMN44789755	188	6415	chromosome	0.0009329050566734367	0.00032757149291023495	0	0	false	1	11	0
SAMN44789755	189	6404	chromosome	0.0009329050566734367	0.00032757149291023495	0	0	false	1	11	0
SAMN44789755	19	50690	chromosome	0.0005025181506132203	0.00022381170846690935	0	0	false	0	12	0
SAMN44789755	190	6350	plasmid	0.9931544050611385	0.9623886513710184	1	1	false	11	1	0
SAMN44789755	191	6255	chromosome	0.0043515984760592406	0.0003381583805791968	0	0	false	2	10	0
SAMN44789755	192	6215	plasmid	0.9929225458808841	0.9023297826920038	1	1	false	10	2	0
SAMN44789755	193	6076	plasmid	0.965592946353697	0.7895722395394268	1	1	false	5	6	1
SAMN44789755	194	6062	plasmid	0.9929225458808841	0.9023297826920038	1	1	false	10	2	0
SAMN44789755	195	6024	chromosome	0.0005025181506132203	0.00032757149291023495	0	0	false	0	12	0
SAMN44789755	196	6014	chromosome	0.0005025181506132203	0.00032757149291023495	0	0	false	0	12	0
SAMN44789755	197	5785	chromosome	0.0005025181506132203	0.00032757149291023495	0	0	false	0	12	0
SAMN44789755	198	5773	chromosome	0.0005025181506132203	0.00032757149291023495	0	0	false	0	12	0
SAMN44789755	199	5758	plasmid	0.9931544050611385	0.9623886513710184	1	1	false	11	1	0
SAMN44789755	2	85331	chromosome	0.0005025181506132203	0.00019671039646731057	0	0	false	0	12	0
SAMN44789755	20	50419	chromosome	0.0005025181506132203	0.00022381170846690935	0	0	false	0	12	0
SAMN44789755	200	5609	chromosome	0.0009329050566734367	0.00032757149291023495	0	0	false	1	11	0
SAMN44789755	201	5548	chromosome	0.0005025181506132203	0.00032757149291023495	0	0	false	0	12	0
SAMN44789755	202	5374	chromosome	0.0005025181506132203	0.00033429076502390864	0	0	false	0	12	0
SAMN44789755	203	5239	chromosome	0.0005025181506132203	0.00033429076502390864	0	0	false	0	12	0
SAMN44789755	204	5215	chromosome	0.0005025181506132203	0.00033429076502390864	0	0	false	0	12	0
SAMN44789755	205	5213	chromosome	0.0009329050566734367	0.00033429076502390864	0	0	false	1	11	0
SAMN44789755	206	5063	plasmid	0.9931544050611385	0.9669958876646055	1	1	false	11	1	0
SAMN44789755	207	5051	chromosome	0.0005025181506132203	0.00033429076502390864	0	0	false	0	12	0
SAMN44789755	208	5026	plasmid	0.9666370174996789	0.9136337591902971	1	1	false	10	2	0
SAMN44789755	209	4756	chromosome	0.0005025181506132203	0.00033429076502390864	0	0	false	0	12	0
SAMN44789755	21	50092	chromosome	0.0005025181506132203	0.00022381170846690935	0	0	false	0	12	0
SAMN44789755	210	4707	plasmid	0.9875647758701592	0.625501632378991	1	1	false	10	2	0
SAMN44789755	211	4623	chromosome	0.0005025181506132203	0.00033429076502390864	0	0	false	0	12	0
SAMN44789755	212	4462	chromosome	0.0009329050566734367	0.00033429076502390864	0	0	false	1	11	0
SAMN44789755	213	4443	chromosome	0.0043515984760592406	0.0003450947400275696	0	0	false	2	10	0
SAMN44789755	214	4392	chromosome	0.0005025181506132203	0.00033429076502390864	0	0	false	0	12	0
SAMN44789755	215	4359	chromosome	0.0005025181506132203	0.00033429076502390864	0	0	false	0	12	0
SAMN44789755	216	4258	chromosome	0.0005025181506132203	0.00033429076502390864	0	0	false	0	12	0
SAMN44789755	217	4207	plasmid	0.9931544050611385	0.9669958876646055	1	1	false	11	1	0
SAMN44789755	218	4197	chromosome	0.0030543117989903774	0.009155095696792471	0	0	false	2	10	0
SAMN44789755	219	4142	plasmid	0.9750153105721396	0.6524543497739053	1	1	false	9	2	1
SAMN44789755	22	49083	chromosome	0.0005025181506132203	0.00022381170846690935	0	0	false	0	12	0
SAMN44789755	220	4100	chromosome	0.0023477360266118638	0.0002783412854130005	0	0	false	1	11	0
SAMN44789755	221	3989	chromosome	0.0009329050566734367	0.00033429076502390864	0	0	false	1	11	0
SAMN44789755	222	3963	chromosome	0.0043515984760592406	0.0003450947400275696	0	0	false	2	10	0
SAMN44789755	223	3910	chromosome	0.0024123556419008763	0.000428423826286143	0	0	false	0	11	1
SAMN44789755	224	3878	chromosome	0.0005025181506132203	0.00033429076502390864	0	0	false	0	12	0
SAMN44789755	225	3846	chromosome	0.0005025181506132203	0.00033429076502390864	0	0	false	0	12	0
SAMN44789755	226	3541	chromosome	0.9508635198395291	0.8549335043734616	1	0	true	10	2	0
SAMN44789755	227	3526	chromosome	0.0005025181506132203	0.00033429076502390864	0	0	false	0	12	0
SAMN44789755	228	3416	chromosome	0.0005025181506132203	0.00033429076502390864	0	0	false	0	12	0
SAMN44789755	229	3364	chromosome	0.0005025181506132203	0.00033429076502390864	0	0	false	0	12	0
SAMN44789755	23	49038	chromosome	0.0023477360266118638	0.00016112390831965373	0	0	false	1	11	0
SAMN44789755	230	3260	chromosome	0.0005025181506132203	0.00033429076502390864	0	0	false	0	12	0
SAMN44789755	231	3146	plasmid	0.937435332346856	0.4147257247895045	1	1	false	9	3	0
SAMN44789755	232	3123	chromosome	0.0005025181506132203	0.00033429076502390864	0	0	false	0	12	0
SAMN44789755	233	3037	chromosome	0.0004231276172503976	0.0074056699058930595	0	0	false	2	9	1
SAMN44789755	234	3017	chromosome	0.0009329050566734367	0.00033429076502390864	0	0	false	1	11	0
SAMN44789755	235	2982	chromosome	0.006724141415640177	0.0003199724205070964	0	0	false	1	11	0
SAMN44789755	236	2969	chromosome	0.0005025181506132203	0.00033429076502390864	0	0	false	0	12	0
SAMN44789755	237	2932	chromosome	0.0005025181506132203	0.00033429076502390864	0	0	false	0	12	0
SAMN44789755	238	2897	chromosome	0.0005025181506132203	0.00033429076502390864	0	0	false	0	12	0
SAMN44789755	239	2817	chromosome	0.0005025181506132203	0.00033429076502390864	0	0	false	0	12	0
SAMN44789755	24	48656	chromosome	0.0023477360266118638	0.00016112390831965373	0	0	false	1	11	0
SAMN44789755	240	2762	chromosome	0.0009329050566734367	0.00033429076502390864	0	0	false	1	11	0
SAMN44789755	241	2667	chromosome	0.0043515984760592406	0.0003450947400275696	0	0	false	2	10	0
SAMN44789755	242	2622	chromosome	2.629307352510889e-05	0.00033429076502390864	0	0	false	0	11	1
SAMN44789755	243	2599	chromosome	0.0009329050566734367	0.00033429076502390864	0	0	false	1	11	0
SAMN44789755	244	2496	plasmid	0.9975107036737277	0.8466523447115126	1	1	false	6	6	0
SAMN44789755	245	2477	chromosome	0.0005025181506132203	0.00033429076502390864	0	0	false	0	12	0
SAMN44789755	246	2440	chromosome	0.0005025181506132203	0.00033429076502390864	0	0	false	0	12	0
SAMN44789755	247	2424	chromosome	0.0005025181506132203	0.00033429076502390864	0	0	false	0	12	0
SAMN44789755	248	2359	plasmid	0.9655381836056843	0.7742473026837654	1	1	false	9	3	0
SAMN44789755	249	2359	chromosome	0.0005025181506132203	0.00029672717800184167	0	0	false	0	12	0
SAMN44789755	25	47283	chromosome	0.0005025181506132203	0.00022381170846690935	0	0	false	0	12	0
SAMN44789755	250	2320	chromosome	0.0023477360266118638	0.00024706307611907676	0	0	false	1	11	0
SAMN44789755	251	2310	chromosome	0.9492724375550261	0.6808232200660176	1	0	true	9	3	0
SAMN44789755	252	2310	plasmid	0.9857017881103314	0.8425868788000493	1	1	false	9	2	1
SAMN44789755	253	2197	plasmid	0.9929225458808841	0.8514317308504994	1	1	false	10	2	0
SAMN44789755	254	2143	plasmid	0.9929225458808841	0.8514317308504994	1	1	false	10	2	0
SAMN44789755	255	2106	chromosome	0.0005025181506132203	0.00029672717800184167	0	0	false	0	12	0
SAMN44789755	256	2087	chromosome	0.0023477360266118638	0.00024706307611907676	0	0	false	1	11	0
SAMN44789755	257	2045	chromosome	0.0005025181506132203	0.00029672717800184167	0	0	false	0	12	0
SAMN44789755	258	1970	plasmid	0.9857017881103314	0.8425868788000493	1	1	false	9	2	1
SAMN44789755	259	1953	chromosome	2.629307352510889e-05	0.00029672717800184167	0	0	false	0	11	1
SAMN44789755	26	47274	chromosome	0.0005025181506132203	0.00022381170846690935	0	0	false	0	12	0
SAMN44789755	260	1952	chromosome	0.0005025181506132203	0.00029672717800184167	0	0	false	0	12	0
SAMN44789755	261	1860	chromosome	0.0016468472579477477	0.0065708420566980945	0	0	false	1	11	0
SAMN44789755	262	1838	chromosome	0.0005025181506132203	0.00029672717800184167	0	0	false	0	12	0
SAMN44789755	263	1798	plasmid	0.9929225458808841	0.8892080194881338	1	1	false	10	2	0
SAMN44789755	264	1791	chromosome	0.0005025181506132203	0.00029672717800184167	0	0	false	0	12	0
SAMN44789755	265	1735	chromosome	0.0076617658502466796	0.006781838323212917	0	0	false	2	10	0
SAMN44789755	266	1726	plasmid	0.9929225458808841	0.8892080194881338	1	1	false	10	2	0
SAMN44789755	267	1721	plasmid	0.9929225458808841	0.8892080194881338	1	1	false	10	2	0
SAMN44789755	268	1702	chromosome	0.0021500304022687693	0.007659408814876425	0	0	false	2	8	2
SAMN44789755	269	1687	chromosome	0.0005025181506132203	0.00029672717800184167	0	0	false	0	12	0
SAMN44789755	27	46464	chromosome	0.0005025181506132203	0.00022381170846690935	0	0	false	0	12	0
SAMN44789755	270	1651	chromosome	0.0005025181506132203	0.00029672717800184167	0	0	false	0	12	0
SAMN44789755	271	1610	chromosome	0.0005025181506132203	0.00029672717800184167	0	0	false	0	12	0
SAMN44789755	272	1532	chromosome	2.629307352510889e-05	0.00029672717800184167	0	0	false	0	11	1
SAMN44789755	274	1524	chromosome	0.7877307278041984	0.7450925128443162	0	0	false	8	4	0
SAMN44789755	275	1520	plasmid	0.9929225458808841	0.8892080194881338	1	1	false	10	2	0
SAMN44789755	277	1507	chromosome	0.0005025181506132203	0.00029672717800184167	0	0	false	0	12	0
SAMN44789755	278	1488	chromosome	0.1394158844491335	0.6297147769801826	0	0	false	5	6	1
SAMN44789755	279	1406	chromosome	0.0005025181506132203	0.00029672717800184167	0	0	false	0	12	0
SAMN44789755	28	46183	chromosome	0.0005025181506132203	0.00022381170846690935	0	0	false	0	12	0
SAMN44789755	280	1401	chromosome	0.0005025181506132203	0.00029672717800184167	0	0	false	0	12	0
SAMN44789755	281	1379	plasmid	0.9655381836056843	0.8276771281690909	1	1	false	9	3	0
SAMN44789755	282	1372	chromosome	0.0005025181506132203	0.00029672717800184167	0	0	false	0	12	0
SAMN44789755	283	1372	chromosome	0.0005025181506132203	0.00029672717800184167	0	0	false	0	12	0
SAMN44789755	284	1359	chromosome	0.0023477360266118638	0.00024706307611907676	0	0	false	1	11	0
SAMN44789755	285	1342	chromosome	0.0004231276172503976	0.006781838323212917	0	0	false	2	9	1
SAMN44789755	286	1336	chromosome	0.0023477360266118638	0.00024706307611907676	0	0	false	1	11	0
SAMN44789755	288	1287	plasmid	0.993036133590978	0.8276771281690909	1	1	false	9	3	0
SAMN44789755	29	44886	chromosome	0.021910581682701883	0.0001997712152162678	0	0	false	2	10	0
SAMN44789755	290	1229	plasmid	0.9387888901759281	0.44942920535616854	1	1	false	8	4	0
SAMN44789755	291	1216	chromosome	0.0005025181506132203	0.00029672717800184167	0	0	false	0	12	0
SAMN44789755	293	1160	chromosome	0.0005025181506132203	0.00029672717800184167	0	0	false	0	12	0
SAMN44789755	294	1145	plasmid	0.9065895287544276	0.8050708048896736	0	0	false	5	5	2
SAMN44789755	295	1124	plasmid	0.987146047145738	0.44382013011765037	1	1	false	9	3	0
SAMN44789755	296	1085	chromosome	0.08205545950840865	0.0014474547435365877	0	0	false	2	10	0
SAMN44789755	297	1082	chromosome	0.0005025181506132203	0.00029672717800184167	0	0	false	0	12	0
SAMN44789755	298	1062	plasmid	0.8705147387133599	0.8804136754628986	0	0	false	8	3	1
SAMN44789755	299	1056	chromosome	0.0005025181506132203	0.00029672717800184167	0	0	false	0	12	0
SAMN44789755	3	75968	chromosome	0.0005025181506132203	0.00033061891507470576	0	0	false	0	12	0
SAMN44789755	30	43659	chromosome	0.0005025181506132203	0.00022381170846690935	0	0	false	0	12	0
SAMN44789755	300	1055	plasmid	0.8705147387133599	0.8804136754628986	0	0	false	8	3	1
SAMN44789755	301	1051	chromosome	0.00012644978029706448	0.00038028671862265945	0	0	false	0	10	2
SAMN44789755	302	1044	plasmid	0.6906732849153976	0.702617163639925	0	0	false	4	5	3
SAMN44789755	303	1039	plasmid	0.9975107036737277	0.851055036878921	1	1	false	6	6	0
SAMN44789755	304	1038	plasmid	0.9918788646503687	0.32529134110282537	1	1	false	5	7	0
SAMN44789755	305	1035	chromosome	0.0005025181506132203	0.00029672717800184167	0	0	false	0	12	0
SAMN44789755	306	1006	chromosome	0.0023477360266118638	0.00024706307611907676	0	0	false	1	11	0
SAMN44789755	31	43122	chromosome	0.0005025181506132203	0.00022381170846690935	0	0	false	0	12	0
SAMN44789755	32	41234	chromosome	0.0005025181506132203	0.00022381170846690935	0	0	false	0	12	0
SAMN44789755	33	39947	chromosome	0.0009329050566734367	0.00022381170846690935	0	0	false	1	11	0
SAMN44789755	34	38894	chromosome	0.0005025181506132203	0.00022381170846690935	0	0	false	0	12	0
SAMN44789755	35	38658	plasmid	0.9931544050611385	0.9880557277512227	1	1	false	11	1	0
SAMN44789755	36	37568	chromosome	0.0005025181506132203	0.00022381170846690935	0	0	false	0	12	0
SAMN44789755	37	37088	chromosome	0.0023477360266118638	0.00016112390831965373	0	0	false	1	11	0
SAMN44789755	38	36677	chromosome	0.0005025181506132203	0.00022381170846690935	0	0	false	0	12	0
SAMN44789755	39	36446	chromosome	0.0005025181506132203	0.00022381170846690935	0	0	false	0	12	0
SAMN44789755	4	74867	chromosome	0.0005025181506132203	0.00033061891507470576	0	0	false	0	12	0
SAMN44789755	40	35499	chromosome	0.0009329050566734367	0.00023900560246796956	0	0	false	1	11	0
SAMN44789755	41	35055	chromosome	0.0005025181506132203	0.00023900560246796956	0	0	false	0	12	0
SAMN44789755	42	34298	chromosome	0.0005025181506132203	0.00023900560246796956	0	0	false	0	12	0
SAMN44789755	43	33934	chromosome	0.0005025181506132203	0.00023900560246796956	0	0	false	0	12	0
SAMN44789755	44	33371	chromosome	0.0005025181506132203	0.00023900560246796956	0	0	false	0	12	0
SAMN44789755	45	32702	chromosome	0.0005025181506132203	0.00023900560246796956	0	0	false	0	12	0
SAMN44789755	46	31512	chromosome	0.0005025181506132203	0.00023900560246796956	0	0	false	0	12	0
SAMN44789755	47	31089	chromosome	0.0005025181506132203	0.00023900560246796956	0	0	false	0	12	0
SAMN44789755	48	30686	chromosome	0.0005025181506132203	0.00023900560246796956	0	0	false	0	12	0
SAMN44789755	49	30579	chromosome	0.0005025181506132203	0.00023900560246796956	0	0	false	0	12	0
SAMN44789755	5	70371	chromosome	0.0005025181506132203	0.00033061891507470576	0	0	false	0	12	0
SAMN44789755	50	30130	chromosome	0.0009329050566734367	0.00023900560246796956	0	0	false	1	11	0
SAMN44789755	51	28251	chromosome	0.0005025181506132203	0.00023900560246796956	0	0	false	0	12	0
SAMN44789755	52	28080	chromosome	0.0005025181506132203	0.00023900560246796956	0	0	false	0	12	0
SAMN44789755	53	28059	chromosome	0.0005025181506132203	0.00023900560246796956	0	0	false	0	12	0
SAMN44789755	54	27424	chromosome	0.0005025181506132203	0.00023900560246796956	0	0	false	0	12	0
SAMN44789755	55	27400	chromosome	0.0005025181506132203	0.00023900560246796956	0	0	false	0	12	0
SAMN44789755	56	26307	chromosome	0.0009329050566734367	0.00023900560246796956	0	0	false	1	11	0
SAMN44789755	57	24915	chromosome	0.0005025181506132203	0.00023900560246796956	0	0	false	0	12	0
SAMN44789755	58	24851	chromosome	0.0005025181506132203	0.00023900560246796956	0	0	false	0	12	0
SAMN44789755	59	24749	chromosome	0.0005025181506132203	0.00023900560246796956	0	0	false	0	12	0
SAMN44789755	6	70188	chromosome	0.0023477360266118638	0.0002380224259229655	0	0	false	1	11	0
SAMN44789755	60	24338	chromosome	0.0005025181506132203	0.00023900560246796956	0	0	false	0	12	0
SAMN44789755	61	24311	chromosome	0.0009329050566734367	0.00023900560246796956	0	0	false	1	11	0
SAMN44789755	62	24011	chromosome	0.0005025181506132203	0.00023900560246796956	0	0	false	0	12	0
SAMN44789755	63	23724	chromosome	0.0005025181506132203	0.00023900560246796956	0	0	false	0	12	0
SAMN44789755	64	22694	chromosome	0.0023477360266118638	0.00019900060759734335	0	0	false	1	11	0
SAMN44789755	65	22447	chromosome	0.0005025181506132203	0.00023900560246796956	0	0	false	0	12	0
SAMN44789755	66	22369	chromosome	0.0005025181506132203	0.00023900560246796956	0	0	false	0	12	0
SAMN44789755	67	22196	chromosome	0.0009329050566734367	0.00023900560246796956	0	0	false	1	11	0
SAMN44789755	68	21332	chromosome	0.0009329050566734367	0.00023900560246796956	0	0	false	1	11	0
SAMN44789755	69	21297	chromosome	0.0005025181506132203	0.00023900560246796956	0	0	false	0	12	0
SAMN44789755	7	66215	chromosome	0.0005025181506132203	0.00033061891507470576	0	0	false	0	12	0
SAMN44789755	70	21264	chromosome	0.0005025181506132203	0.00024715966062493567	0	0	false	0	12	0
SAMN44789755	71	21126	chromosome	0.0005025181506132203	0.00024715966062493567	0	0	false	0	12	0
SAMN44789755	72	21081	chromosome	0.0005025181506132203	0.00024715966062493567	0	0	false	0	12	0
SAMN44789755	73	21019	chromosome	0.0005025181506132203	0.00024715966062493567	0	0	false	0	12	0
SAMN44789755	74	20865	chromosome	0.0005025181506132203	0.00024715966062493567	0	0	false	0	12	0
SAMN44789755	75	20233	chromosome	0.0005025181506132203	0.00024715966062493567	0	0	false	0	12	0
SAMN44789755	76	19809	chromosome	0.0005025181506132203	0.00024715966062493567	0	0	false	0	12	0
SAMN44789755	77	19769	chromosome	0.0005025181506132203	0.00024715966062493567	0	0	false	0	12	0
SAMN44789755	78	19679	chromosome	0.0023477360266118638	0.00020579011234650175	0	0	false	1	11	0
SAMN44789755	79	19489	chromosome	0.0005025181506132203	0.00024715966062493567	0	0	false	0	12	0
SAMN44789755	8	65693	chromosome	0.0005025181506132203	0.00033061891507470576	0	0	false	0	12	0
SAMN44789755	80	19167	chromosome	0.0005025181506132203	0.00024715966062493567	0	0	false	0	12	0
SAMN44789755	81	18617	chromosome	0.0009329050566734367	0.00024715966062493567	0	0	false	1	11	0
SAMN44789755	82	18418	chromosome	0.0005025181506132203	0.00024715966062493567	0	0	false	0	12	0
SAMN44789755	83	18299	chromosome	0.0023477360266118638	0.00020579011234650175	0	0	false	1	11	0
SAMN44789755	84	18252	chromosome	0.0005025181506132203	0.00024715966062493567	0	0	false	0	12	0
SAMN44789755	85	18232	chromosome	0.0005025181506132203	0.00024715966062493567	0	0	false	0	12	0
SAMN44789755	86	18080	chromosome	0.0005025181506132203	0.00024715966062493567	0	0	false	0	12	0
SAMN44789755	87	17497	chromosome	0.0005025181506132203	0.00024715966062493567	0	0	false	0	12	0
SAMN44789755	88	17284	chromosome	0.0005025181506132203	0.00024715966062493567	0	0	false	0	12	0
SAMN44789755	89	16382	chromosome	0.0005025181506132203	0.00032757149291023495	0	0	false	0	12	0
SAMN44789755	9	64351	chromosome	0.0005025181506132203	0.00022381170846690935	0	0	false	0	12	0
SAMN44789755	90	16323	chromosome	0.0005025181506132203	0.00032757149291023495	0	0	false	0	12	0
SAMN44789755	91	16216	chromosome	0.0005025181506132203	0.00032757149291023495	0	0	false	0	12	0
SAMN44789755	92	16187	chromosome	0.0005025181506132203	0.00032757149291023495	0	0	false	0	12	0
SAMN44789755	93	16183	chromosome	0.0005025181506132203	0.00032757149291023495	0	0	false	0	12	0
SAMN44789755	94	15896	chromosome	0.0009329050566734367	0.00032757149291023495	0	0	false	1	11	0
SAMN44789755	95	15768	chromosome	0.0005025181506132203	0.00032757149291023495	0	0	false	0	12	0
SAMN44789755	96	15632	chromosome	0.0005025181506132203	0.00032757149291023495	0	0	false	0	12	0
SAMN44789755	97	15532	chromosome	0.0005025181506132203	0.00032757149291023495	0	0	false	0	12	0
SAMN44789755	98	15526	chromosome	0.0009329050566734367	0.00032757149291023495	0	0	false	1	11	0
SAMN44789755	99	15517	chromosome	0.0005025181506132203	0.00032757149291023495	0	0	false	0	12	0
SAMN46343046	1	403582	chromosome	0.0005025181506132203	0.0002672873604441922	0	0	false	0	12	0
SAMN46343046	10	150020	chromosome	0.0005025181506132203	0.0002672873604441922	0	0	false	0	12	0
SAMN46343046	100	4937	chromosome	0.0005025181506132203	0.00045420723350961815	0	0	false	0	12	0
SAMN46343046	102	4433	chromosome	0.0023477360266118638	0.00037819520222128546	0	0	false	1	11	0
SAMN46343046	103	4237	plasmid	0.9875647758701592	0.7199193952891761	1	1	false	10	2	0
SAMN46343046	104	4224	chromosome	0.0005025181506132203	0.00045420723350961815	0	0	false	0	12	0
SAMN46343046	105	4189	chromosome	0.0043515984760592406	0.0004688849824399175	0	0	false	2	10	0
SAMN46343046	106	4186	chromosome	0.0023477360266118638	0.00037819520222128546	0	0	false	1	11	0
SAMN46343046	107	4088	chromosome	0.9492724375550261	0.8714485557554784	1	1	false	9	3	0
SAMN46343046	108	4067	chromosome	0.9508635198395291	0.9151794271208348	1	0	true	10	2	0
SAMN46343046	11	137572	chromosome	0.0005025181506132203	0.0002672873604441922	0	0	false	0	12	0
SAMN46343046	110	3549	chromosome	0.0005025181506132203	0.00045420723350961815	0	0	false	0	12	0
SAMN46343046	111	3220	chromosome	0.0005025181506132203	0.00045420723350961815	0	0	false	0	12	0
SAMN46343046	112	3164	chromosome	0.0023477360266118638	0.00037819520222128546	0	0	false	1	11	0
SAMN46343046	113	3059	chromosome	0.9986702433695193	0.9548716876561275	1	1	false	11	1	0
SAMN46343046	114	3058	chromosome	0.0005025181506132203	0.00045420723350961815	0	0	false	0	12	0
SAMN46343046	115	3030	chromosome	0.0043515984760592406	0.0004688849824399175	0	0	false	2	10	0
SAMN46343046	116	2582	chromosome	0.0043515984760592406	0.0004688849824399175	0	0	false	2	10	0
SAMN46343046	117	2125	chromosome	0.055406969476278246	0.7320886344497503	0	0	false	5	5	2
SAMN46343046	118	2020	chromosome	0.32978260232754	0.34977195976358627	0	0	false	6	5	1
SAMN46343046	119	1924	chromosome	0.0023477360266118638	0.0003356998178066462	0	0	false	1	11	0
SAMN46343046	12	131659	chromosome	0.0023477360266118638	0.00019242473508039343	0	0	false	1	11	0
SAMN46343046	120	1921	plasmid	0.937435332346856	0.4462454147580557	1	1	false	9	3	0
SAMN46343046	121	1883	chromosome	0.0005025181506132203	0.0004031743064177074	0	0	false	0	12	0
SAMN46343046	122	1846	chromosome	0.0005025181506132203	0.0004031743064177074	0	0	false	0	12	0
SAMN46343046	123	1794	chromosome	0.021910581682701883	0.0004162036082572444	0	0	false	2	10	0
SAMN46343046	124	1707	chromosome	0.01145612891041697	0.0004145193364897384	0	0	false	1	10	1
SAMN46343046	125	1707	chromosome	0.0005025181506132203	0.0004031743064177074	0	0	false	0	12	0
SAMN46343046	126	1698	chromosome	0.0004231276172503976	0.009193342972284042	0	0	false	2	9	1
SAMN46343046	127	1696	chromosome	2.629307352510889e-05	0.0004031743064177074	0	0	false	0	11	1
SAMN46343046	128	1630	chromosome	0.0023477360266118638	0.0003356998178066462	0	0	false	1	11	0
SAMN46343046	129	1604	chromosome	0.00012599395954687636	0.0003847557351072601	0	0	false	1	10	1
SAMN46343046	13	130213	chromosome	0.0005025181506132203	0.0002672873604441922	0	0	false	0	12	0
SAMN46343046	130	1572	chromosome	0.03874980681849549	0.03380421569721604	0	0	false	3	7	2
SAMN46343046	131	1549	plasmid	0.999822425133984	0.9644589160120801	1	1	false	12	0	0
SAMN46343046	132	1477	chromosome	0.0005025181506132203	0.0004031743064177074	0	0	false	0	12	0
SAMN46343046	133	1448	chromosome	0.0023477360266118638	0.0003356998178066462	0	0	false	1	11	0
SAMN46343046	134	1304	chromosome	0.0005025181506132203	0.0004031743064177074	0	0	false	0	12	0
SAMN46343046	135	1275	chromosome	0.0006230974243322653	0.0004145193364897384	0	0	false	1	9	2
SAMN46343046	136	1202	chromosome	0.023677497289400388	0.058218382481966535	0	0	false	4	7	1
SAMN46343046	137	1126	chromosome	0.0005025181506132203	0.0004031743064177074	0	0	false	0	12	0
SAMN46343046	138	1051	chromosome	0.00012599395954687636	0.0003847557351072601	0	0	false	1	10	1
SAMN46343046	139	1044	chromosome	0.00012599395954687636	0.0003847557351072601	0	0	false	1	10	1
SAMN46343046	14	110022	chromosome	0.0005025181506132203	0.0002672873604441922	0	0	false	0	12	0
SAMN46343046	140	1043	chromosome	0.0023477360266118638	0.0003356998178066462	0	0	false	1	11	0
SAMN46343046	141	1043	chromosome	0.0023477360266118638	0.0003356998178066462	0	0	false	1	11	0
SAMN46343046	15	98050	chromosome	0.0005025181506132203	0.0002672873604441922	0	0	false	0	12	0
SAMN46343046	16	93394	chromosome	0.0005025181506132203	0.0002672873604441922	0	0	false	0	12	0
SAMN46343046	17	92277	chromosome	0.0005025181506132203	0.0002672873604441922	0	0	false	0	12	0
SAMN46343046	18	88136	chromosome	0.0009329050566734367	0.0002672873604441922	0	0	false	1	11	0
SAMN46343046	19	85933	chromosome	0.0009329050566734367	0.0002672873604441922	0	0	false	1	11	0
SAMN46343046	2	222444	chromosome	0.0005025181506132203	0.0002672873604441922	0	0	false	0	12	0
SAMN46343046	20	85259	chromosome	0.0023477360266118638	0.00019242473508039343	0	0	false	1	11	0
SAMN46343046	21	84959	chromosome	0.0023477360266118638	0.00019242473508039343	0	0	false	1	11	0
SAMN46343046	22	80820	chromosome	0.0005025181506132203	0.0002672873604441922	0	0	false	0	12	0
SAMN46343046	23	77868	chromosome	0.0023477360266118638	0.00019242473508039343	0	0	false	1	11	0
SAMN46343046	24	73726	chromosome	0.0023477360266118638	0.00032341677882516976	0	0	false	1	11	0
SAMN46343046	25	71692	chromosome	0.0005025181506132203	0.0004492188128958452	0	0	false	0	12	0
SAMN46343046	26	71058	chromosome	0.0005025181506132203	0.0004492188128958452	0	0	false	0	12	0
SAMN46343046	27	70016	chromosome	0.0005025181506132203	0.0004492188128958452	0	0	false	0	12	0
SAMN46343046	28	66894	chromosome	0.0023477360266118638	0.00032341677882516976	0	0	false	1	11	0
SAMN46343046	29	57103	chromosome	0.0005025181506132203	0.00030410928997171786	0	0	false	0	12	0
SAMN46343046	3	200678	chromosome	0.0005025181506132203	0.0002672873604441922	0	0	false	0	12	0
SAMN46343046	30	53734	chromosome	0.0005025181506132203	0.00030410928997171786	0	0	false	0	12	0
SAMN46343046	31	51067	chromosome	0.0005025181506132203	0.00030410928997171786	0	0	false	0	12	0
SAMN46343046	32	48555	chromosome	0.0005025181506132203	0.00030410928997171786	0	0	false	0	12	0
SAMN46343046	33	44707	chromosome	0.0023477360266118638	0.00021893572946223838	0	0	false	1	11	0
SAMN46343046	34	42840	chromosome	0.0005025181506132203	0.00030410928997171786	0	0	false	0	12	0
SAMN46343046	35	41153	chromosome	0.0005025181506132203	0.00030410928997171786	0	0	false	0	12	0
SAMN46343046	36	40102	chromosome	0.0005025181506132203	0.00030410928997171786	0	0	false	0	12	0
SAMN46343046	37	39646	chromosome	0.0005025181506132203	0.00030410928997171786	0	0	false	0	12	0
SAMN46343046	39	35549	chromosome	2.629307352510889e-05	0.00032475257110604715	0	0	false	0	11	1
SAMN46343046	4	196336	chromosome	0.0005025181506132203	0.0002672873604441922	0	0	false	0	12	0
SAMN46343046	40	34413	chromosome	0.0005025181506132203	0.00032475257110604715	0	0	false	0	12	0
SAMN46343046	41	33851	chromosome	0.0005025181506132203	0.00032475257110604715	0	0	false	0	12	0
SAMN46343046	42	33267	chromosome	0.0005025181506132203	0.00032475257110604715	0	0	false	0	12	0
SAMN46343046	43	32435	chromosome	0.0005025181506132203	0.00032475257110604715	0	0	false	0	12	0
SAMN46343046	44	30734	chromosome	0.0005025181506132203	0.00032475257110604715	0	0	false	0	12	0
SAMN46343046	45	30265	chromosome	0.0005025181506132203	0.00032475257110604715	0	0	false	0	12	0
SAMN46343046	46	28091	chromosome	0.0023477360266118638	0.0002703990453573417	0	0	false	1	11	0
SAMN46343046	47	27452	chromosome	0.0009329050566734367	0.00032475257110604715	0	0	false	1	11	0
SAMN46343046	48	27042	chromosome	0.0005025181506132203	0.00032475257110604715	0	0	false	0	12	0
SAMN46343046	49	26137	chromosome	0.0005025181506132203	0.00032475257110604715	0	0	false	0	12	0
SAMN46343046	5	183735	chromosome	0.00012599395954687636	0.00022054843975074454	0	0	false	1	10	1
SAMN46343046	50	25744	chromosome	0.0005025181506132203	0.00032475257110604715	0	0	false	0	12	0
SAMN46343046	51	25210	chromosome	0.0023477360266118638	0.0002703990453573417	0	0	false	1	11	0
SAMN46343046	52	23819	chromosome	0.0009329050566734367	0.00032475257110604715	0	0	false	1	11	0
SAMN46343046	53	22866	chromosome	0.0005025181506132203	0.00032475257110604715	0	0	false	0	12	0
SAMN46343046	55	21604	chromosome	0.0023477360266118638	0.0002703990453573417	0	0	false	1	11	0
SAMN46343046	56	20607	chromosome	0.0005025181506132203	0.00033583104148357274	0	0	false	0	12	0
SAMN46343046	57	20221	chromosome	0.0009329050566734367	0.00033583104148357274	0	0	false	1	11	0
SAMN46343046	58	19951	chromosome	0.0005025181506132203	0.00033583104148357274	0	0	false	0	12	0
SAMN46343046	6	173007	chromosome	0.0005025181506132203	0.0002672873604441922	0	0	false	0	12	0
SAMN46343046	60	19028	chromosome	0.0005025181506132203	0.00033583104148357274	0	0	false	0	12	0
SAMN46343046	61	18872	chromosome	0.0005025181506132203	0.00033583104148357274	0	0	false	0	12	0
SAMN46343046	62	17083	chromosome	0.0009329050566734367	0.00044507870357542493	0	0	false	1	11	0
SAMN46343046	63	17015	chromosome	0.0009329050566734367	0.00044507870357542493	0	0	false	1	11	0
SAMN46343046	65	16267	chromosome	0.021562515166430943	0.0005780952220656879	0	0	false	2	9	1
SAMN46343046	66	15881	chromosome	0.0009329050566734367	0.00044507870357542493	0	0	false	1	11	0
SAMN46343046	68	13122	chromosome	0.004577434572920169	0.0006617489683192762	0	0	false	1	10	1
SAMN46343046	7	171185	chromosome	0.0023477360266118638	0.00019242473508039343	0	0	false	1	11	0
SAMN46343046	70	12488	chromosome	0.0005025181506132203	0.00044507870357542493	0	0	false	0	12	0
SAMN46343046	71	12457	chromosome	0.0005025181506132203	0.00044507870357542493	0	0	false	0	12	0
SAMN46343046	72	12440	chromosome	0.0009329050566734367	0.00044507870357542493	0	0	false	1	11	0
SAMN46343046	73	12434	chromosome	0.12010912004631195	0.3558132232483184	0	0	false	4	8	0
SAMN46343046	74	12420	chromosome	0.0076635662944439355	0.00044561689029731295	0	0	false	3	9	0
SAMN46343046	75	12163	chromosome	0.0005025181506132203	0.00044507870357542493	0	0	false	0	12	0
SAMN46343046	76	11736	chromosome	0.05557835120585066	0.00043177229580098557	0	0	false	3	9	0
SAMN46343046	77	11260	chromosome	0.0005025181506132203	0.00044507870357542493	0	0	false	0	12	0
SAMN46343046	78	10628	chromosome	0.0005025181506132203	0.00044507870357542493	0	0	false	0	12	0
SAMN46343046	8	170371	chromosome	0.0023477360266118638	0.00019242473508039343	0	0	false	1	11	0
SAMN46343046	80	10325	chromosome	0.0005025181506132203	0.00044507870357542493	0	0	false	0	12	0
SAMN46343046	81	10309	chromosome	0.0023477360266118638	0.0003705937744291224	0	0	false	1	11	0
SAMN46343046	82	10125	chromosome	0.0009329050566734367	0.00044507870357542493	0	0	false	1	11	0
SAMN46343046	83	9975	chromosome	0.7849934510745252	0.8619577397732968	0	0	true	9	3	0
SAMN46343046	85	9285	chromosome	0.0043515984760592406	0.0004594615988110318	0	0	false	2	10	0
SAMN46343046	87	9260	chromosome	0.006724141415640177	0.0004312508224542364	0	0	false	1	11	0
SAMN46343046	88	9227	chromosome	0.012416904730863208	0.0005346563351384551	0	0	false	2	10	0
SAMN46343046	89	8414	chromosome	0.0009329050566734367	0.00044507870357542493	0	0	false	1	11	0
SAMN46343046	9	153557	chromosome	0.0005025181506132203	0.0002672873604441922	0	0	false	0	12	0
SAMN46343046	90	7579	chromosome	0.0043515984760592406	0.0004594615988110318	0	0	false	2	10	0
SAMN46343046	91	7414	chromosome	0.0005025181506132203	0.00044507870357542493	0	0	false	0	12	0
SAMN46343046	92	5604	plasmid	0.9931544050611385	0.9752340523780632	1	1	false	11	1	0
SAMN46343046	93	5573	plasmid	0.9875647758701592	0.6874663477808445	1	1	false	10	2	0
SAMN46343046	94	5327	chromosome	0.030712803277361277	0.00045431781460880904	0	0	false	2	10	0
SAMN46343046	95	5272	chromosome	0.0009329050566734367	0.00045420723350961815	0	0	false	1	11	0
SAMN46343046	96	5239	chromosome	0.0023477360266118638	0.00037819520222128546	0	0	false	1	11	0
SAMN46343046	97	5165	plasmid	0.999822425133984	0.9783032538756922	1	1	false	12	0	0
SAMN46343046	98	5107	chromosome	0.0005025181506132203	0.00045420723350961815	0	0	false	0	12	0
SAMN46343046	99	5053	chromosome	0.0005025181506132203	0.00045420723350961815	0	0	false	0	12	0
SAMN46343321	1	520365	chromosome	0.0005025181506132203	0.0005469355733366219	0	0	false	0	12	0
SAMN46343321	10	176849	chromosome	0.0005025181506132203	0.0005469355733366219	0	0	false	0	12	0
SAMN46343321	11	164696	chromosome	0.0005025181506132203	0.0005469355733366219	0	0	false	0	12	0
SAMN46343321	12	134026	chromosome	0.0005025181506132203	0.0005469355733366219	0	0	false	0	12	0
SAMN46343321	13	130566	chromosome	0.0005025181506132203	0.0005469355733366219	0	0	false	0	12	0
SAMN46343321	14	122873	chromosome	0.0005025181506132203	0.0005469355733366219	0	0	false	0	12	0
SAMN46343321	15	111888	chromosome	0.0005025181506132203	0.0005469355733366219	0	0	false	0	12	0
SAMN46343321	16	102101	chromosome	0.0005025181506132203	0.0005469355733366219	0	0	false	0	12	0
SAMN46343321	17	100747	chromosome	0.0005025181506132203	0.0005469355733366219	0	0	false	0	12	0
SAMN46343321	18	97105	chromosome	0.0005025181506132203	0.0005469355733366219	0	0	false	0	12	0
SAMN46343321	19	94385	chromosome	0.0023477360266118638	0.0005469355733366219	0	0	false	1	11	0
SAMN46343321	2	337154	chromosome	0.0005025181506132203	0.0005469355733366219	0	0	true	0	12	0
SAMN46343321	20	86692	chromosome	0.0023477360266118638	0.0005469355733366219	0	0	false	1	11	0
SAMN46343321	21	67337	chromosome	0.024711780572106334	0.4139988187000443	0	0	false	4	8	0
SAMN46343321	22	61874	chromosome	0.0005025181506132203	0.000688707449265034	0	0	false	0	12	0
SAMN46343321	23	59510	chromosome	0.0009329050566734367	0.000688707449265034	0	0	false	1	11	0
SAMN46343321	24	56763	chromosome	0.0043515984760592406	0.0008537932956243934	0	0	false	2	10	0
SAMN46343321	25	55959	chromosome	0.0005025181506132203	0.000688707449265034	0	0	false	0	12	0
SAMN46343321	26	53595	chromosome	0.0005025181506132203	0.000688707449265034	0	0	false	0	12	0
SAMN46343321	28	45115	chromosome	0.0043515984760592406	0.0008537932956243934	0	0	false	2	10	0
SAMN46343321	29	44230	chromosome	0.0005025181506132203	0.000688707449265034	0	0	false	0	12	0
SAMN46343321	3	231277	chromosome	0.0005025181506132203	0.0005469355733366219	0	0	false	0	12	0
SAMN46343321	30	42534	chromosome	0.06848083561845483	0.04809140439870235	0	0	false	4	8	0
SAMN46343321	31	40931	chromosome	0.0005025181506132203	0.000688707449265034	0	0	false	0	12	0
SAMN46343321	32	40498	chromosome	0.0005025181506132203	0.000688707449265034	0	0	false	0	12	0
SAMN46343321	33	39485	chromosome	0.0005025181506132203	0.000688707449265034	0	0	false	0	12	0
SAMN46343321	34	38550	chromosome	0.0005025181506132203	0.000688707449265034	0	0	false	0	12	0
SAMN46343321	35	36032	chromosome	0.0005025181506132203	0.000688707449265034	0	0	false	0	12	0
SAMN46343321	36	35887	chromosome	0.0005025181506132203	0.000688707449265034	0	0	false	0	12	0
SAMN46343321	37	34568	chromosome	0.0005025181506132203	0.0007354384807403067	0	0	false	0	12	0
SAMN46343321	38	33872	chromosome	0.0005025181506132203	0.0007354384807403067	0	0	false	0	12	0
SAMN46343321	39	33288	chromosome	0.0005025181506132203	0.0007354384807403067	0	0	false	0	12	0
SAMN46343321	4	225408	chromosome	0.0005025181506132203	0.0005469355733366219	0	0	false	0	12	0
SAMN46343321	41	29554	chromosome	0.0005025181506132203	0.0007354384807403067	0	0	false	0	12	0
SAMN46343321	42	29425	chromosome	0.0005025181506132203	0.0007354384807403067	0	0	false	0	12	0
SAMN46343321	43	28178	chromosome	0.0005025181506132203	0.0007354384807403067	0	0	false	0	12	0
SAMN46343321	44	28122	chromosome	0.0009329050566734367	0.0007354384807403067	0	0	false	1	11	0
SAMN46343321	45	25098	chromosome	0.0005025181506132203	0.0007354384807403067	0	0	false	0	12	0
SAMN46343321	46	23440	chromosome	0.0009329050566734367	0.0007354384807403067	0	0	false	1	11	0
SAMN46343321	47	16202	chromosome	0.0043515984760592406	0.0015109765163288196	0	0	false	2	10	0
SAMN46343321	48	16180	chromosome	0.0009329050566734367	0.0010541142466546183	0	0	false	1	11	0
SAMN46343321	49	15227	chromosome	0.0005025181506132203	0.0010541142466546183	0	0	false	0	12	0
SAMN46343321	5	199498	chromosome	0.0023477360266118638	0.0005469355733366219	0	0	false	1	11	0
SAMN46343321	51	10779	plasmid	0.9704222765871559	0.9600555690959428	1	1	false	10	1	1
SAMN46343321	52	9674	plasmid	0.9931544050611385	0.9418372926047404	1	0	true	11	1	0
SAMN46343321	54	9145	chromosome	0.0009329050566734367	0.0010541142466546183	0	0	false	1	11	0
SAMN46343321	55	8182	chromosome	0.0009329050566734367	0.0010541142466546183	0	0	false	1	11	0
SAMN46343321	56	7849	chromosome	0.0009329050566734367	0.0010541142466546183	0	0	false	1	11	0
SAMN46343321	59	5571	chromosome	0.0008875923849391506	0.0010541142466546183	0	0	false	1	11	0
SAMN46343321	6	198006	chromosome	0.0005025181506132203	0.0005469355733366219	0	0	false	0	12	0
SAMN46343321	62	2728	plasmid	0.9953553147824763	0.7123355930755567	1	1	false	6	6	0
SAMN46343321	63	2134	chromosome	0.0005025181506132203	0.0009932594474974285	0	0	false	0	12	0
SAMN46343321	64	2104	plasmid	0.9655381836056843	0.7351039953935915	1	1	false	9	3	0
SAMN46343321	65	1580	chromosome	0.0005025181506132203	0.0010878375455796406	0	0	false	0	12	0
SAMN46343321	66	1579	chromosome	0.0005025181506132203	0.0010878375455796406	0	0	false	0	12	0
SAMN46343321	67	1463	chromosome	0.00012599395954687636	0.002141982947848957	0	0	false	1	10	1
SAMN46343321	68	1443	chromosome	0.19521761589680567	0.6196167712369371	0	0	false	4	6	2
SAMN46343321	69	1345	chromosome	0.013227528526758615	0.004091109315009368	0	0	false	3	8	1
SAMN46343321	7	192602	chromosome	0.0005025181506132203	0.0005469355733366219	0	0	false	0	12	0
SAMN46343321	70	1300	chromosome	0.0005025181506132203	0.0016166287575530521	0	0	false	0	12	0
SAMN46343321	71	1284	chromosome	0.0005025181506132203	0.0016166287575530521	0	0	false	0	12	0
SAMN46343321	72	1258	chromosome	0.006212680217659853	0.00283978305698761	0	0	false	2	8	2
SAMN46343321	73	1189	chromosome	0.00012599395954687636	0.002141982947848957	0	0	false	1	10	1
SAMN46343321	74	1181	chromosome	0.00012599395954687636	0.002141982947848957	0	0	false	1	10	1
SAMN46343321	8	188646	chromosome	0.0023477360266118638	0.0005469355733366219	0	0	false	1	11	0
SAMN46343321	9	178756	chromosome	0.0005025181506132203	0.0005469355733366219	0	0	false	0	12	0
SAMN49035614	1	306840	chromosome	0.0005025181506132203	0.0009500596940933647	0	0	false	0	12	0
SAMN49035614	10	122354	chromosome	0.0005025181506132203	0.0009500596940933647	0	0	false	0	12	0
SAMN49035614	11	121147	chromosome	0.0005025181506132203	0.0009500596940933647	0	0	false	0	12	0
SAMN49035614	12	118639	chromosome	0.0023477360266118638	0.0009500596940933647	0	0	true	1	11	0
SAMN49035614	13	114252	chromosome	0.0023477360266118638	0.0009500596940933647	0	0	false	1	11	0
SAMN49035614	14	113527	chromosome	0.0005025181506132203	0.0009500596940933647	0	0	false	0	12	0
SAMN49035614	15	107149	chromosome	0.0005025181506132203	0.0009500596940933647	0	0	false	0	12	0
SAMN49035614	16	104720	chromosome	0.0005025181506132203	0.0009500596940933647	0	0	false	0	12	0
SAMN49035614	17	102218	chromosome	0.0023477360266118638	0.0009500596940933647	0	0	false	1	11	0
SAMN49035614	18	101734	chromosome	0.0005025181506132203	0.0009500596940933647	0	0	false	0	12	0
SAMN49035614	19	98750	chromosome	0.0005025181506132203	0.0009500596940933647	0	0	false	0	12	0
SAMN49035614	2	218500	chromosome	0.0005025181506132203	0.0009500596940933647	0	0	false	0	12	0
SAMN49035614	20	96167	chromosome	0.0005025181506132203	0.0009500596940933647	0	0	false	0	12	0
SAMN49035614	21	89666	plasmid	0.9996151422469925	0.9937800802181541	1	1	false	10	1	1
SAMN49035614	22	86888	chromosome	0.0005025181506132203	0.0009500596940933647	0	0	false	0	12	0
SAMN49035614	23	83267	chromosome	0.0023477360266118638	0.0009500596940933647	0	0	false	1	11	0
SAMN49035614	24	79644	chromosome	0.00012599395954687636	0.001088794427392894	0	0	false	1	10	1
SAMN49035614	25	73823	chromosome	0.0005025181506132203	0.001595984129854671	0	0	false	0	12	0
SAMN49035614	26	70000	chromosome	0.0023477360266118638	0.001595984129854671	0	0	false	1	11	0
SAMN49035614	27	65403	chromosome	0.0005025181506132203	0.0017662308396507332	0	0	false	0	12	0
SAMN49035614	28	63210	chromosome	0.0005025181506132203	0.0011962008291016562	0	0	false	0	12	0
SAMN49035614	29	62744	chromosome	0.02718786987474835	0.029325946755155565	0	0	false	3	8	1
SAMN49035614	3	180201	chromosome	0.0005025181506132203	0.0009500596940933647	0	0	false	0	12	0
SAMN49035614	30	60540	chromosome	0.0005025181506132203	0.0011962008291016562	0	0	false	0	12	0
SAMN49035614	31	56190	chromosome	0.0023477360266118638	0.0011962008291016562	0	0	false	1	11	0
SAMN49035614	32	52083	chromosome	0.0023477360266118638	0.0011962008291016562	0	0	false	1	11	0
SAMN49035614	33	49945	chromosome	0.0005025181506132203	0.0011962008291016562	0	0	false	0	12	0
SAMN49035614	34	47223	chromosome	0.0005025181506132203	0.0011962008291016562	0	0	false	0	12	0
SAMN49035614	35	45724	chromosome	0.0005025181506132203	0.0011962008291016562	0	0	false	0	12	0
SAMN49035614	36	44897	chromosome	0.0009329050566734367	0.0011962008291016562	0	0	false	1	11	0
SAMN49035614	37	44554	chromosome	0.0005025181506132203	0.0011962008291016562	0	0	false	0	12	0
SAMN49035614	38	42487	chromosome	0.0009329050566734367	0.0011962008291016562	0	0	false	1	11	0
SAMN49035614	39	42096	chromosome	0.0005025181506132203	0.0011962008291016562	0	0	false	0	12	0
SAMN49035614	4	173847	chromosome	0.0023477360266118638	0.0009500596940933647	0	0	false	1	11	0
SAMN49035614	40	40417	chromosome	0.0005025181506132203	0.0011962008291016562	0	0	false	0	12	0
SAMN49035614	41	39850	chromosome	0.0005025181506132203	0.0011962008291016562	0	0	false	0	12	0
SAMN49035614	42	34938	chromosome	0.0005025181506132203	0.0012773229153878662	0	0	false	0	12	0
SAMN49035614	43	34657	chromosome	0.0005025181506132203	0.0012773229153878662	0	0	false	0	12	0
SAMN49035614	44	30706	chromosome	0.0005025181506132203	0.0012773229153878662	0	0	false	0	12	0
SAMN49035614	45	29740	chromosome	0.0005025181506132203	0.0012773229153878662	0	0	false	0	12	0
SAMN49035614	46	26969	chromosome	4.756778520546357e-05	0.0014637770217609972	0	0	false	1	10	1
SAMN49035614	47	26916	chromosome	0.0009329050566734367	0.0012773229153878662	0	0	false	1	11	0
SAMN49035614	48	26433	chromosome	0.0009329050566734367	0.0012773229153878662	0	0	false	1	11	0
SAMN49035614	49	26115	chromosome	0.0005025181506132203	0.0012773229153878662	0	0	false	0	12	0
SAMN49035614	5	165378	chromosome	0.0005025181506132203	0.0009500596940933647	0	0	false	0	12	0
SAMN49035614	50	25641	chromosome	0.0005025181506132203	0.0012773229153878662	0	0	false	0	12	0
SAMN49035614	51	24191	chromosome	0.0005025181506132203	0.0012773229153878662	0	0	false	0	12	0
SAMN49035614	52	21830	chromosome	0.0005025181506132203	0.0012773229153878662	0	0	false	0	12	0
SAMN49035614	53	21262	chromosome	0.0005025181506132203	0.001320854027404172	0	0	false	0	12	0
SAMN49035614	54	20564	chromosome	0.0009329050566734367	0.001320854027404172	0	0	false	1	11	0
SAMN49035614	55	18934	chromosome	0.0005025181506132203	0.001320854027404172	0	0	false	0	12	0
SAMN49035614	56	17852	chromosome	0.0005025181506132203	0.001320854027404172	0	0	false	0	12	0
SAMN49035614	57	17466	chromosome	0.0023477360266118638	0.0015273690876016755	0	0	false	1	11	0
SAMN49035614	58	15434	chromosome	0.00012599395954687636	0.002318560728961529	0	0	false	1	10	1
SAMN49035614	59	15072	chromosome	0.0009329050566734367	0.0017499740792468077	0	0	false	1	11	0
SAMN49035614	6	155628	chromosome	0.0005025181506132203	0.0009500596940933647	0	0	false	0	12	0
SAMN49035614	60	14876	chromosome	0.0009329050566734367	0.0017499740792468077	0	0	false	1	11	0
SAMN49035614	61	14450	chromosome	0.0009329050566734367	0.0017499740792468077	0	0	false	1	11	0
SAMN49035614	62	14330	chromosome	0.0047632320085462835	0.0017499740792468077	0	0	false	1	11	0
SAMN49035614	63	13769	chromosome	4.999832459226084e-05	0.0020052837601646878	0	0	false	1	10	1
SAMN49035614	64	11886	chromosome	0.0005025181506132203	0.0017499740792468077	0	0	false	0	12	0
SAMN49035614	65	11699	chromosome	0.0043515984760592406	0.0025076709532419928	0	0	false	2	10	0
SAMN49035614	66	11436	chromosome	0.0005025181506132203	0.0017499740792468077	0	0	false	0	12	0
SAMN49035614	67	11266	chromosome	0.0016472365981037788	0.002168897526845708	0	0	false	2	10	0
SAMN49035614	68	10678	chromosome	0.0023477360266118638	0.002023445969688531	0	0	false	1	11	0
SAMN49035614	69	10563	chromosome	0.0005025181506132203	0.0017499740792468077	0	0	false	0	12	0
SAMN49035614	7	143969	chromosome	0.0005025181506132203	0.0009500596940933647	0	0	false	0	12	0
SAMN49035614	70	10306	chromosome	0.0009329050566734367	0.0017499740792468077	0	0	false	1	11	0
SAMN49035614	71	10020	chromosome	0.0005025181506132203	0.0017499740792468077	0	0	false	0	12	0
SAMN49035614	72	9049	plasmid	0.993036133590978	0.9756858121688566	1	1	false	9	3	0
SAMN49035614	73	8704	chromosome	0.0043515984760592406	0.0025076709532419928	0	0	false	2	10	0
SAMN49035614	74	8561	chromosome	0.0005025181506132203	0.0017499740792468077	0	0	false	0	12	0
SAMN49035614	75	7255	chromosome	0.0005025181506132203	0.0017499740792468077	0	0	false	0	12	0
SAMN49035614	76	5562	chromosome	0.0005025181506132203	0.0017499740792468077	0	0	false	0	12	0
SAMN49035614	77	5533	chromosome	0.0005025181506132203	0.0017499740792468077	0	0	false	0	12	0
SAMN49035614	78	5339	chromosome	0.024471395953503606	0.010171570155904005	0	0	false	2	10	0
SAMN49035614	79	4674	chromosome	0.0005025181506132203	0.001785818097170428	0	0	false	0	12	0
SAMN49035614	8	141815	chromosome	0.0005025181506132203	0.0009500596940933647	0	0	false	0	12	0
SAMN49035614	80	4492	chromosome	0.024471395953503606	0.010171570155904005	0	0	false	2	10	0
SAMN49035614	81	4148	chromosome	0.0005025181506132203	0.001785818097170428	0	0	false	0	12	0
SAMN49035614	82	3871	chromosome	0.0009329050566734367	0.001785818097170428	0	0	false	1	11	0
SAMN49035614	83	3153	chromosome	0.0009329050566734367	0.001785818097170428	0	0	false	1	11	0
SAMN49035614	84	2998	chromosome	0.0009329050566734367	0.001785818097170428	0	0	false	1	11	0
SAMN49035614	85	1869	chromosome	0.0005025181506132203	0.0016490130894969831	0	0	false	0	12	0
SAMN49035614	86	1798	chromosome	0.00012599395954687636	0.0021848681523780004	0	0	false	1	10	1
SAMN49035614	87	1722	chromosome	0.00012599395954687636	0.0021848681523780004	0	0	false	1	10	1
SAMN49035614	88	1483	chromosome	0.0005025181506132203	0.0016490130894969831	0	0	false	0	12	0
SAMN49035614	89	1463	chromosome	0.00012599395954687636	0.0021848681523780004	0	0	false	1	10	1
SAMN49035614	9	126081	chromosome	0.0005025181506132203	0.0009500596940933647	0	0	false	0	12	0
SAMN49035614	90	1443	chromosome	0.0013734342506121736	0.00939841164245909	0	0	false	2	9	1
SAMN49035614	91	1388	chromosome	0.0005025181506132203	0.0016490130894969831	0	0	false	0	12	0
SAMN49035614	92	1343	chromosome	0.0013734342506121736	0.00939841164245909	0	0	false	2	9	1
SAMN49035614	93	1321	chromosome	0.0023477360266118638	0.0019067377435936614	0	0	false	1	11	0
SAMN49035614	94	1321	chromosome	0.0023477360266118638	0.0019067377435936614	0	0	false	1	11	0
SAMN49035614	95	1316	chromosome	0.0076617658502466796	0.03673484073178418	0	0	false	2	10	0
SAMN49035614	96	1160	chromosome	0.0013734342506121736	0.00939841164245909	0	0	false	2	9	1
SAMN49035615	1	350498	chromosome	0.0005025181506132203	0.00023923642333645602	0	0	false	0	12	0
SAMN49035615	10	102470	chromosome	0.0023477360266118638	0.0001722290329540766	0	0	false	1	11	0
SAMN49035615	100	6195	chromosome	0.0005025181506132203	0.00039837657976049247	0	0	false	0	12	0
SAMN49035615	101	6167	plasmid	0.9354389564393263	0.5857058685144547	1	1	false	8	4	0
SAMN49035615	102	5484	chromosome	0.0005025181506132203	0.00039837657976049247	0	0	false	0	12	0
SAMN49035615	103	5311	chromosome	0.0005025181506132203	0.0004065476423197252	0	0	false	0	12	0
SAMN49035615	104	5301	chromosome	0.0009329050566734367	0.0004065476423197252	0	0	false	1	11	0
SAMN49035615	105	5260	chromosome	0.00012599395954687636	0.00038797502371142414	0	0	false	1	10	1
SAMN49035615	106	4272	plasmid	0.9508635198395291	0.9120705928560409	1	1	false	10	2	0
SAMN49035615	107	4245	chromosome	0.0009329050566734367	0.0004065476423197252	0	0	false	1	11	0
SAMN49035615	108	4091	plasmid	0.666508408198521	0.4758732680655004	0	0	false	8	4	0
SAMN49035615	109	4054	chromosome	0.0009329050566734367	0.0004065476423197252	0	0	false	1	11	0
SAMN49035615	11	95864	chromosome	0.0005025181506132203	0.00023923642333645602	0	0	false	0	12	0
SAMN49035615	110	3882	chromosome	0.0005025181506132203	0.0004065476423197252	0	0	false	0	12	0
SAMN49035615	111	3303	plasmid	0.9857568595095695	0.9220945982109561	1	1	false	10	1	1
SAMN49035615	112	3298	chromosome	0.0005025181506132203	0.0004065476423197252	0	0	false	0	12	0
SAMN49035615	113	3280	chromosome	0.0009329050566734367	0.0004065476423197252	0	0	false	1	11	0
SAMN49035615	114	3243	chromosome	0.00012599395954687636	0.00038797502371142414	0	0	false	1	10	1
SAMN49035615	116	3162	chromosome	2.629307352510889e-05	0.0004065476423197252	0	0	false	0	11	1
SAMN49035615	117	2622	chromosome	0.0005025181506132203	0.0004065476423197252	0	0	false	0	12	0
SAMN49035615	118	2576	plasmid	0.6389568633546282	0.2743826235286476	0	0	false	4	8	0
SAMN49035615	119	2566	plasmid	0.0076635662944439355	0.00042338935209049276	0	0	false	3	9	0
SAMN49035615	12	86394	chromosome	0.0005025181506132203	0.00023923642333645602	0	0	false	0	12	0
SAMN49035615	120	2299	plasmid	0.27848037991290375	0.28949977717597686	0	0	false	6	6	0
SAMN49035615	123	2074	chromosome	0.0005025181506132203	0.00037536377878204144	0	0	false	0	12	0
SAMN49035615	124	1926	plasmid	0.27848037991290375	0.28949977717597686	0	0	false	6	6	0
SAMN49035615	125	1910	chromosome	0.0005025181506132203	0.00037536377878204144	0	0	false	0	12	0
SAMN49035615	126	1903	chromosome	0.0023477360266118638	0.0003125421521666648	0	0	false	1	11	0
SAMN49035615	127	1884	chromosome	0.0023477360266118638	0.0003125421521666648	0	0	false	1	11	0
SAMN49035615	128	1871	chromosome	0.00012599395954687636	0.0003582152453078806	0	0	false	1	10	1
SAMN49035615	13	82619	chromosome	0.0005025181506132203	0.00023923642333645602	0	0	false	0	12	0
SAMN49035615	130	1568	plasmid	0.4774396077530943	0.8913357567173364	0	0	false	6	5	1
SAMN49035615	131	1553	plasmid	0.07604467165783402	0.01883716745417229	0	0	false	3	9	0
SAMN49035615	132	1518	plasmid	0.8530807746042097	0.8099239611613049	0	0	false	5	7	0
SAMN49035615	133	1432	plasmid	0.7849934510745252	0.842554404614431	0	0	false	9	3	0
SAMN49035615	134	1313	chromosome	0.00012599395954687636	0.0003582152453078806	0	0	false	1	10	1
SAMN49035615	135	1258	chromosome	0.0012266715864819697	0.0003874946818716968	0	0	false	2	9	1
SAMN49035615	136	1202	plasmid	0.9276949578552948	0.3971950489002848	0	0	false	4	8	0
SAMN49035615	137	1195	chromosome	0.0024820258663664062	0.0008805426658824228	0	0	false	3	8	1
SAMN49035615	138	1124	chromosome	0.0005025181506132203	0.00037536377878204144	0	0	false	0	12	0
SAMN49035615	139	1054	plasmid	0.9123720989070611	0.43527555208305574	0	0	false	7	5	0
SAMN49035615	14	82243	chromosome	0.0005025181506132203	0.00023923642333645602	0	0	false	0	12	0
SAMN49035615	15	82139	chromosome	0.0023477360266118638	0.0001722290329540766	0	0	false	1	11	0
SAMN49035615	16	81232	chromosome	0.0043515984760592406	0.00021353945485354646	0	0	false	2	10	0
SAMN49035615	17	77842	chromosome	0.0005025181506132203	0.00023923642333645602	0	0	false	0	12	0
SAMN49035615	18	74708	chromosome	0.0005025181506132203	0.0004020824420173793	0	0	false	0	12	0
SAMN49035615	19	74253	chromosome	0.0005025181506132203	0.0004020824420173793	0	0	false	0	12	0
SAMN49035615	2	252748	chromosome	0.0005025181506132203	0.00023923642333645602	0	0	false	0	12	0
SAMN49035615	20	72604	chromosome	0.0005025181506132203	0.0004020824420173793	0	0	false	0	12	0
SAMN49035615	21	69659	chromosome	0.0005025181506132203	0.0004020824420173793	0	0	false	0	12	0
SAMN49035615	22	67285	chromosome	0.0005025181506132203	0.0004020824420173793	0	0	false	0	12	0
SAMN49035615	23	61951	chromosome	0.0043515984760592406	0.00024295878734115623	0	0	false	2	10	0
SAMN49035615	24	61653	chromosome	0.0009329050566734367	0.0002721950635373917	0	0	false	1	11	0
SAMN49035615	25	58368	chromosome	0.0005025181506132203	0.0002721950635373917	0	0	false	0	12	0
SAMN49035615	26	57623	chromosome	0.0005025181506132203	0.0002721950635373917	0	0	false	0	12	0
SAMN49035615	27	53963	chromosome	0.0005025181506132203	0.0002721950635373917	0	0	false	0	12	0
SAMN49035615	28	52296	chromosome	0.0005025181506132203	0.0002721950635373917	0	0	false	0	12	0
SAMN49035615	29	52267	chromosome	0.0005025181506132203	0.0002721950635373917	0	0	false	0	12	0
SAMN49035615	3	232154	chromosome	0.0005025181506132203	0.00023923642333645602	0	0	false	0	12	0
SAMN49035615	30	48700	chromosome	0.0005025181506132203	0.0002721950635373917	0	0	false	0	12	0
SAMN49035615	31	44446	chromosome	0.0009329050566734367	0.0002721950635373917	0	0	false	1	11	0
SAMN49035615	32	43602	chromosome	0.0005025181506132203	0.0002721950635373917	0	0	false	0	12	0
SAMN49035615	33	42361	chromosome	0.0005025181506132203	0.0002721950635373917	0	0	false	0	12	0
SAMN49035615	34	41476	chromosome	0.0023477360266118638	0.00019595814377191116	0	0	false	1	11	0
SAMN49035615	35	41217	chromosome	0.0023477360266118638	0.00019595814377191116	0	0	false	1	11	0
SAMN49035615	36	40835	chromosome	0.0005025181506132203	0.0002721950635373917	0	0	false	0	12	0
SAMN49035615	37	40480	chromosome	0.0005025181506132203	0.0002721950635373917	0	0	false	0	12	0
SAMN49035615	38	39999	chromosome	0.0005025181506132203	0.0002721950635373917	0	0	false	0	12	0
SAMN49035615	39	39117	chromosome	0.0005025181506132203	0.0002721950635373917	0	0	false	0	12	0
SAMN49035615	4	177385	chromosome	0.0005025181506132203	0.00023923642333645602	0	0	false	0	12	0
SAMN49035615	40	38827	chromosome	0.0005025181506132203	0.0002721950635373917	0	0	false	0	12	0
SAMN49035615	41	38352	chromosome	0.0005025181506132203	0.0002721950635373917	0	0	false	0	12	0
SAMN49035615	42	38244	chromosome	0.0005025181506132203	0.0002721950635373917	0	0	false	0	12	0
SAMN49035615	43	37220	chromosome	0.0023477360266118638	0.00019595814377191116	0	0	false	1	11	0
SAMN49035615	44	36214	chromosome	0.0005025181506132203	0.0002721950635373917	0	0	false	0	12	0
SAMN49035615	45	35039	chromosome	0.0005025181506132203	0.0002906726009320452	0	0	false	0	12	0
SAMN49035615	46	34452	chromosome	0.0005025181506132203	0.0002906726009320452	0	0	false	0	12	0
SAMN49035615	47	33895	chromosome	0.0005025181506132203	0.0002906726009320452	0	0	false	0	12	0
SAMN49035615	48	33637	chromosome	0.0005025181506132203	0.0002906726009320452	0	0	false	0	12	0
SAMN49035615	49	32936	chromosome	0.0005025181506132203	0.0002906726009320452	0	0	false	0	12	0
SAMN49035615	5	152797	chromosome	0.0005025181506132203	0.00023923642333645602	0	0	false	0	12	0
SAMN49035615	50	32533	chromosome	0.0005025181506132203	0.0002906726009320452	0	0	false	0	12	0
SAMN49035615	51	31947	chromosome	0.0005025181506132203	0.0002906726009320452	0	0	false	0	12	0
SAMN49035615	52	31599	plasmid	0.9406882464325212	0.6340112998738592	1	1	false	9	3	0
SAMN49035615	53	31486	chromosome	0.0005025181506132203	0.0002906726009320452	0	0	false	0	12	0
SAMN49035615	54	30972	chromosome	0.0005025181506132203	0.0002906726009320452	0	0	false	0	12	0
SAMN49035615	55	30004	chromosome	0.0043515984760592406	0.00030006729949143203	0	0	false	2	10	0
SAMN49035615	56	29905	chromosome	0.0005025181506132203	0.0002906726009320452	0	0	false	0	12	0
SAMN49035615	57	29752	chromosome	0.0005025181506132203	0.0002906726009320452	0	0	false	0	12	0
SAMN49035615	58	28478	chromosome	0.0005025181506132203	0.0002906726009320452	0	0	false	0	12	0
SAMN49035615	59	28084	chromosome	0.0009329050566734367	0.0002906726009320452	0	0	false	1	11	0
SAMN49035615	6	131475	chromosome	0.0005025181506132203	0.00023923642333645602	0	0	false	0	12	0
SAMN49035615	60	25566	chromosome	0.0005025181506132203	0.0002906726009320452	0	0	false	0	12	0
SAMN49035615	61	25341	chromosome	0.0005025181506132203	0.0002906726009320452	0	0	false	0	12	0
SAMN49035615	62	23836	chromosome	0.0005025181506132203	0.0002906726009320452	0	0	false	0	12	0
SAMN49035615	63	23164	chromosome	0.0005025181506132203	0.0002906726009320452	0	0	false	0	12	0
SAMN49035615	64	22030	chromosome	0.0005025181506132203	0.0002906726009320452	0	0	false	0	12	0
SAMN49035615	65	21202	chromosome	0.0005025181506132203	0.00030058883135135003	0	0	false	0	12	0
SAMN49035615	66	21175	chromosome	0.0005025181506132203	0.00030058883135135003	0	0	false	0	12	0
SAMN49035615	67	21152	chromosome	0.0005025181506132203	0.00030058883135135003	0	0	false	0	12	0
SAMN49035615	68	20649	chromosome	0.0005025181506132203	0.00030058883135135003	0	0	false	0	12	0
SAMN49035615	69	19594	chromosome	0.0005025181506132203	0.00030058883135135003	0	0	false	0	12	0
SAMN49035615	7	123641	chromosome	0.0005025181506132203	0.00023923642333645602	0	0	false	0	12	0
SAMN49035615	70	17721	chromosome	0.0005025181506132203	0.00030058883135135003	0	0	false	0	12	0
SAMN49035615	71	17514	chromosome	0.0043515984760592406	0.00031030392845885727	0	0	false	2	10	0
SAMN49035615	72	16821	chromosome	0.0005025181506132203	0.00039837657976049247	0	0	false	0	12	0
SAMN49035615	73	16185	plasmid	0.2627689084314066	0.27832721543876743	0	0	false	7	5	0
SAMN49035615	74	15895	chromosome	0.0005025181506132203	0.00039837657976049247	0	0	false	0	12	0
SAMN49035615	75	15665	chromosome	0.0005025181506132203	0.00039837657976049247	0	0	false	0	12	0
SAMN49035615	76	15414	plasmid	0.8835057081932798	0.6156285601116365	0	0	false	8	3	1
SAMN49035615	77	14338	chromosome	0.0005025181506132203	0.00039837657976049247	0	0	false	0	12	0
SAMN49035615	78	11852	chromosome	0.0023477360266118638	0.0003317047631535391	0	0	false	1	11	0
SAMN49035615	79	11760	chromosome	0.0005025181506132203	0.00039837657976049247	0	0	false	0	12	0
SAMN49035615	8	122077	chromosome	0.0005025181506132203	0.00023923642333645602	0	0	false	0	12	0
SAMN49035615	80	11231	chromosome	0.00023956578021005798	0.0004148799342364834	0	0	false	2	9	1
SAMN49035615	81	11134	chromosome	0.0005025181506132203	0.00039837657976049247	0	0	false	0	12	0
SAMN49035615	82	10859	chromosome	0.0005025181506132203	0.00039837657976049247	0	0	false	0	12	0
SAMN49035615	83	10637	plasmid	0.7849934510745252	0.8619577397732968	0	0	false	9	3	0
SAMN49035615	84	10057	chromosome	0.0005025181506132203	0.00039837657976049247	0	0	false	0	12	0
SAMN49035615	85	9930	chromosome	0.0023477360266118638	0.0003317047631535391	0	0	false	1	11	0
SAMN49035615	86	9855	chromosome	0.0005025181506132203	0.00039837657976049247	0	0	false	0	12	0
SAMN49035615	87	9451	chromosome	0.0009329050566734367	0.00039837657976049247	0	0	false	1	11	0
SAMN49035615	88	9260	chromosome	0.0005025181506132203	0.00039837657976049247	0	0	false	0	12	0
SAMN49035615	89	8796	chromosome	0.00023956578021005798	0.0004148799342364834	0	0	false	2	9	1
SAMN49035615	9	113819	chromosome	0.0009329050566734367	0.00023923642333645602	0	0	false	1	11	0
SAMN49035615	90	8595	chromosome	0.0023477360266118638	0.0003317047631535391	0	0	false	1	11	0
SAMN49035615	91	8465	chromosome	0.0023477360266118638	0.0003317047631535391	0	0	false	1	11	0
SAMN49035615	92	8314	chromosome	0.0005025181506132203	0.00039837657976049247	0	0	false	0	12	0
SAMN49035615	93	7830	chromosome	0.0043515984760592406	0.00041125089823506754	0	0	false	2	10	0
SAMN49035615	94	7812	chromosome	0.0023477360266118638	0.0003317047631535391	0	0	false	1	11	0
SAMN49035615	95	7231	chromosome	0.0023477360266118638	0.0003317047631535391	0	0	false	1	11	0
SAMN49035615	96	7024	plasmid	0.9986702433695193	0.9616708932737044	1	1	false	11	1	0
SAMN49035615	97	6974	chromosome	0.0005025181506132203	0.00039837657976049247	0	0	false	0	12	0
SAMN49035615	98	6902	plasmid	0.9931544050611385	0.9742644365079408	1	1	false	11	1	0
SAMN49035615	99	6836	plasmid	0.9996756519149296	0.8541628087851855	1	1	false	11	1	0
SAMN49035618	1	271024	chromosome	0.0005025181506132203	0.0001747475569751821	0	0	false	0	12	0
SAMN49035618	10	132431	chromosome	0.0005025181506132203	0.0001747475569751821	0	0	false	0	12	0
SAMN49035618	11	131376	chromosome	0.0043515984760592406	0.0002166619347955636	0	0	false	2	10	0
SAMN49035618	12	131274	chromosome	0.0005025181506132203	0.0001747475569751821	0	0	false	0	12	0
SAMN49035618	13	121689	chromosome	0.0005025181506132203	0.0001747475569751821	0	0	false	0	12	0
SAMN49035618	14	111929	plasmid	0.9986249460710745	0.760166630811483	1	1	false	10	2	0
SAMN49035618	15	105054	chromosome	0.0009329050566734367	0.0001747475569751821	0	0	false	1	11	0
SAMN49035618	16	103863	chromosome	0.0005025181506132203	0.0001747475569751821	0	0	false	0	12	0
SAMN49035618	17	103850	chromosome	0.0005025181506132203	0.0001747475569751821	0	0	false	0	12	0
SAMN49035618	18	103370	chromosome	0.0023477360266118638	0.0001747475569751821	0	0	false	1	11	0
SAMN49035618	19	102379	chromosome	0.0023477360266118638	0.0001747475569751821	0	0	false	1	11	0
SAMN49035618	2	230159	chromosome	0.0005025181506132203	0.0001747475569751821	0	0	false	0	12	0
SAMN49035618	20	97271	chromosome	0.0005025181506132203	0.0001747475569751821	0	0	false	0	12	0
SAMN49035618	21	93010	chromosome	0.0005025181506132203	0.0001747475569751821	0	0	false	0	12	0
SAMN49035618	22	91916	chromosome	0.0005025181506132203	0.0001747475569751821	0	0	false	0	12	0
SAMN49035618	23	85695	chromosome	0.0009329050566734367	0.0001747475569751821	0	0	false	1	11	0
SAMN49035618	24	77291	chromosome	0.0005025181506132203	0.00029370949736047265	0	0	false	0	12	0
SAMN49035618	25	76944	chromosome	0.0023477360266118638	0.00029370949736047265	0	0	false	1	11	0
SAMN49035618	26	72684	chromosome	0.0005025181506132203	0.00029370949736047265	0	0	false	0	12	0
SAMN49035618	27	70326	chromosome	0.0009329050566734367	0.00029370949736047265	0	0	false	1	11	0
SAMN49035618	28	68289	chromosome	0.0005025181506132203	0.00032508528853374564	0	0	false	0	12	0
SAMN49035618	29	68051	chromosome	0.0005025181506132203	0.00032508528853374564	0	0	false	0	12	0
SAMN49035618	3	214985	chromosome	0.0005025181506132203	0.0001747475569751821	0	0	false	0	12	0
SAMN49035618	30	62163	chromosome	0.0023477360266118638	0.00022006533927213223	0	0	false	1	11	0
SAMN49035618	31	56411	chromosome	0.0023477360266118638	0.00022006533927213223	0	0	false	1	11	0
SAMN49035618	32	52118	chromosome	0.0023477360266118638	0.00022006533927213223	0	0	false	1	11	0
SAMN49035618	33	51815	chromosome	0.0005025181506132203	0.00022006533927213223	0	0	false	0	12	0
SAMN49035618	34	49002	chromosome	0.00012599395954687636	0.00025222781827303955	0	0	false	1	10	1
SAMN49035618	35	42857	chromosome	0.0009329050566734367	0.00022006533927213223	0	0	false	1	11	0
SAMN49035618	36	40297	chromosome	0.0005025181506132203	0.00022006533927213223	0	0	false	0	12	0
SAMN49035618	37	35896	chromosome	0.0076617658502466796	0.0026356290568645634	0	0	false	2	10	0
SAMN49035618	38	30707	chromosome	0.0005025181506132203	0.00023500496348144683	0	0	false	0	12	0
SAMN49035618	39	29851	chromosome	0.0005025181506132203	0.00023500496348144683	0	0	false	0	12	0
SAMN49035618	4	208620	chromosome	0.0005025181506132203	0.0001747475569751821	0	0	false	0	12	0
SAMN49035618	40	28623	chromosome	0.0009329050566734367	0.00023500496348144683	0	0	false	1	11	0
SAMN49035618	41	28409	chromosome	0.0005025181506132203	0.00023500496348144683	0	0	false	0	12	0
SAMN49035618	42	26035	chromosome	0.0009329050566734367	0.00023500496348144683	0	0	false	1	11	0
SAMN49035618	43	25331	chromosome	0.0005025181506132203	0.00023500496348144683	0	0	false	0	12	0
SAMN49035618	44	25014	chromosome	0.0009329050566734367	0.00023500496348144683	0	0	false	1	11	0
SAMN49035618	45	24458	chromosome	0.7944342199327958	0.7152959648030646	0	0	false	9	3	0
SAMN49035618	46	23002	chromosome	0.0005025181506132203	0.00023500496348144683	0	0	false	0	12	0
SAMN49035618	47	18677	chromosome	0.0043515984760592406	0.000364507013572454	0	0	false	2	10	0
SAMN49035618	48	17691	chromosome	0.0005025181506132203	0.00025420559678301246	0	0	false	0	12	0
SAMN49035618	49	15018	chromosome	0.0005025181506132203	0.00033690900732683964	0	0	false	0	12	0
SAMN49035618	5	203631	chromosome	0.0005025181506132203	0.0001747475569751821	0	0	false	0	12	0
SAMN49035618	50	14833	chromosome	0.0005025181506132203	0.00033690900732683964	0	0	false	0	12	0
SAMN49035618	51	14016	chromosome	0.0005025181506132203	0.00033690900732683964	0	0	false	0	12	0
SAMN49035618	52	13159	chromosome	0.0005025181506132203	0.00033690900732683964	0	0	false	0	12	0
SAMN49035618	53	10941	chromosome	0.0005025181506132203	0.00033690900732683964	0	0	false	0	12	0
SAMN49035618	54	9012	chromosome	0.0005025181506132203	0.00033690900732683964	0	0	false	0	12	0
SAMN49035618	55	7810	chromosome	0.0005025181506132203	0.00033690900732683964	0	0	false	0	12	0
SAMN49035618	56	6876	chromosome	0.0005025181506132203	0.00033690900732683964	0	0	false	0	12	0
SAMN49035618	57	5042	chromosome	0.0005025181506132203	0.00034381974824296263	0	0	false	0	12	0
SAMN49035618	58	4476	chromosome	0.0005025181506132203	0.00034381974824296263	0	0	false	0	12	0
SAMN49035618	59	4304	chromosome	0.0005025181506132203	0.00034381974824296263	0	0	false	0	12	0
SAMN49035618	6	199294	chromosome	0.0005025181506132203	0.0001747475569751821	0	0	false	0	12	0
SAMN49035618	60	2974	chromosome	0.0009329050566734367	0.00034381974824296263	0	0	false	1	11	0
SAMN49035618	61	2636	chromosome	0.0005025181506132203	0.00034381974824296263	0	0	false	0	12	0
SAMN49035618	62	2060	chromosome	0.00012599395954687636	0.0004207838322954311	0	0	false	1	10	1
SAMN49035618	63	1868	chromosome	0.0005025181506132203	0.0003174458422049281	0	0	false	0	12	0
SAMN49035618	64	1794	chromosome	0.0005025181506132203	0.00034769541081109545	0	0	false	0	12	0
SAMN49035618	65	1767	chromosome	0.0005025181506132203	0.00034769541081109545	0	0	false	0	12	0
SAMN49035618	66	1664	chromosome	0.0005025181506132203	0.00034769541081109545	0	0	false	0	12	0
SAMN49035618	67	1578	chromosome	0.024471395953503606	0.0008618420017919318	0	0	false	2	10	0
SAMN49035618	68	1493	chromosome	0.00012599395954687636	0.0004608759884616737	0	0	false	1	10	1
SAMN49035618	69	1481	chromosome	0.0005025181506132203	0.0005168942044482338	0	0	false	0	12	0
SAMN49035618	7	177660	chromosome	0.0005025181506132203	0.0001747475569751821	0	0	false	0	12	0
SAMN49035618	70	1396	chromosome	0.00012599395954687636	0.000685114026500302	0	0	false	1	10	1
SAMN49035618	71	1343	chromosome	0.013227528526758615	0.001310283573852327	0	0	false	3	8	1
SAMN49035618	73	1071	chromosome	0.0023477360266118638	0.0005977856709094566	0	0	false	1	11	0
SAMN49035618	8	174494	chromosome	0.0005025181506132203	0.0001747475569751821	0	0	false	0	12	0
SAMN49035618	9	167390	chromosome	0.0005025181506132203	0.0001747475569751821	0	0	false	0	12	0
SAMN49035621	1	327796	chromosome	0.0005025181506132203	0.0005469355733366219	0	0	false	0	12	0
SAMN49035621	10	123291	chromosome	0.0023477360266118638	0.0005469355733366219	0	0	false	1	11	0
SAMN49035621	11	120545	chromosome	0.0005025181506132203	0.0005469355733366219	0	0	false	0	12	0
SAMN49035621	12	114248	chromosome	0.0005025181506132203	0.0005469355733366219	0	0	false	0	12	0
SAMN49035621	13	110875	chromosome	0.0023477360266118638	0.0005469355733366219	0	0	false	1	11	0
SAMN49035621	14	110497	chromosome	0.0005025181506132203	0.0005469355733366219	0	0	false	0	12	0
SAMN49035621	15	99780	chromosome	0.0005025181506132203	0.0005469355733366219	0	0	false	0	12	0
SAMN49035621	16	98861	chromosome	0.0016468472579477477	0.0058306982937920485	0	0	false	1	11	0
SAMN49035621	17	96066	chromosome	0.0005025181506132203	0.0005469355733366219	0	0	false	0	12	0
SAMN49035621	18	95392	chromosome	0.0009329050566734367	0.0005469355733366219	0	0	false	1	11	0
SAMN49035621	19	88437	chromosome	0.0023477360266118638	0.0005469355733366219	0	0	false	1	11	0
SAMN49035621	2	277610	chromosome	0.0005025181506132203	0.0005469355733366219	0	0	false	0	12	0
SAMN49035621	20	88097	chromosome	0.0005025181506132203	0.0005469355733366219	0	0	false	0	12	0
SAMN49035621	21	85242	chromosome	0.0005025181506132203	0.0005469355733366219	0	0	false	0	12	0
SAMN49035621	22	81572	chromosome	0.0023477360266118638	0.0005469355733366219	0	0	false	1	11	0
SAMN49035621	23	75049	chromosome	2.629307352510889e-05	0.0009190370184650858	0	0	false	0	11	1
SAMN49035621	24	69645	chromosome	0.0005025181506132203	0.0009190370184650858	0	0	false	0	12	0
SAMN49035621	25	67344	chromosome	0.0005025181506132203	0.0010171460391612964	0	0	false	0	12	0
SAMN49035621	26	63091	plasmid	0.9986702433695193	0.9008811163418323	1	1	false	11	1	0
SAMN49035621	27	61519	chromosome	0.0023477360266118638	0.000688707449265034	0	0	false	1	11	0
SAMN49035621	28	58351	chromosome	0.0005025181506132203	0.000688707449265034	0	0	false	0	12	0
SAMN49035621	29	50630	chromosome	0.0005025181506132203	0.000688707449265034	0	0	false	0	12	0
SAMN49035621	3	274261	chromosome	0.0005025181506132203	0.0005469355733366219	0	0	false	0	12	0
SAMN49035621	30	49176	chromosome	0.0009329050566734367	0.000688707449265034	0	0	false	1	11	0
SAMN49035621	31	49026	chromosome	0.0005025181506132203	0.000688707449265034	0	0	false	0	12	0
SAMN49035621	32	48919	chromosome	0.0005025181506132203	0.000688707449265034	0	0	false	0	12	0
SAMN49035621	33	48485	chromosome	0.0005025181506132203	0.000688707449265034	0	0	false	0	12	0
SAMN49035621	34	46016	chromosome	2.629307352510889e-05	0.000688707449265034	0	0	false	0	11	1
SAMN49035621	35	45372	chromosome	0.0005025181506132203	0.000688707449265034	0	0	false	0	12	0
SAMN49035621	36	43662	chromosome	0.0005025181506132203	0.000688707449265034	0	0	false	0	12	0
SAMN49035621	37	43585	chromosome	0.0023477360266118638	0.000688707449265034	0	0	false	1	11	0
SAMN49035621	38	42456	chromosome	0.0005025181506132203	0.000688707449265034	0	0	false	0	12	0
SAMN49035621	39	38993	plasmid	0.9726092490393508	0.7839014861139905	1	1	false	10	2	0
SAMN49035621	4	207839	chromosome	0.0005025181506132203	0.0005469355733366219	0	0	false	0	12	0
SAMN49035621	40	37301	chromosome	0.0005025181506132203	0.000688707449265034	0	0	false	0	12	0
SAMN49035621	41	34625	chromosome	0.0043515984760592406	0.0010543296800617258	0	0	false	2	10	0
SAMN49035621	42	34586	chromosome	0.0005025181506132203	0.0007354384807403067	0	0	false	0	12	0
SAMN49035621	43	33768	chromosome	0.0005025181506132203	0.0007354384807403067	0	0	false	0	12	0
SAMN49035621	44	31791	chromosome	0.0009329050566734367	0.0007354384807403067	0	0	false	1	11	0
SAMN49035621	45	30781	chromosome	0.0005025181506132203	0.0007354384807403067	0	0	false	0	12	0
SAMN49035621	46	29345	chromosome	0.0005025181506132203	0.0007354384807403067	0	0	false	0	12	0
SAMN49035621	47	27113	chromosome	0.0005025181506132203	0.0007354384807403067	0	0	false	0	12	0
SAMN49035621	48	26502	chromosome	0.0005025181506132203	0.0007354384807403067	0	0	false	0	12	0
SAMN49035621	49	25723	chromosome	0.0005025181506132203	0.0007354384807403067	0	0	false	0	12	0
SAMN49035621	5	204419	chromosome	0.0005025181506132203	0.0005469355733366219	0	0	false	0	12	0
SAMN49035621	50	24838	chromosome	0.0005025181506132203	0.0007354384807403067	0	0	false	0	12	0
SAMN49035621	51	24342	chromosome	0.0009329050566734367	0.0007354384807403067	0	0	false	1	11	0
SAMN49035621	52	23069	chromosome	2.629307352510889e-05	0.0007354384807403067	0	0	false	0	11	1
SAMN49035621	53	19990	chromosome	0.0005025181506132203	0.0007954935492259574	0	0	false	0	12	0
SAMN49035621	54	15088	chromosome	0.0009329050566734367	0.0010541142466546183	0	0	false	1	11	0
SAMN49035621	55	14497	chromosome	0.0009329050566734367	0.0010541142466546183	0	0	false	1	11	0
SAMN49035621	56	14278	chromosome	0.0043515984760592406	0.0015109765163288196	0	0	false	2	10	0
SAMN49035621	57	14056	chromosome	0.0005025181506132203	0.0010541142466546183	0	0	false	0	12	0
SAMN49035621	58	13746	chromosome	0.0005025181506132203	0.0010541142466546183	0	0	false	0	12	0
SAMN49035621	59	11517	chromosome	0.0043515984760592406	0.0015109765163288196	0	0	false	2	10	0
SAMN49035621	6	148199	chromosome	0.0005025181506132203	0.0005469355733366219	0	0	false	0	12	0
SAMN49035621	60	8238	chromosome	2.629307352510889e-05	0.0010541142466546183	0	0	false	0	11	1
SAMN49035621	61	8139	chromosome	0.0005025181506132203	0.0010541142466546183	0	0	false	0	12	0
SAMN49035621	62	6696	chromosome	0.024471395953503606	0.0026101339461231687	0	0	false	2	10	0
SAMN49035621	63	6293	chromosome	0.0076635662944439355	0.0015242951554353685	0	0	false	3	9	0
SAMN49035621	64	5676	chromosome	0.0005025181506132203	0.0010541142466546183	0	0	false	0	12	0
SAMN49035621	65	4305	chromosome	0.0005025181506132203	0.0010757206055726687	0	0	false	0	12	0
SAMN49035621	66	3436	chromosome	0.0043515984760592406	0.001541932804370151	0	0	false	2	10	0
SAMN49035621	67	2214	chromosome	0.0005025181506132203	0.0009932594474974285	0	0	false	0	12	0
SAMN49035621	68	2202	chromosome	0.07604467165783402	0.011886077839032241	0	0	false	3	9	0
SAMN49035621	69	1857	chromosome	0.0005025181506132203	0.0009932594474974285	0	0	false	0	12	0
SAMN49035621	7	147506	chromosome	0.0005025181506132203	0.0005469355733366219	0	0	false	0	12	0
SAMN49035621	70	1733	chromosome	0.00012599395954687636	0.0014415991243182772	0	0	false	1	10	1
SAMN49035621	71	1564	chromosome	0.00012599395954687636	0.0014415991243182772	0	0	false	1	10	1
SAMN49035621	72	1559	chromosome	0.0005025181506132203	0.0010878375455796406	0	0	false	0	12	0
SAMN49035621	73	1463	chromosome	0.00012599395954687636	0.002141982947848957	0	0	false	1	10	1
SAMN49035621	74	1443	chromosome	0.01669004060595583	0.3819589204102175	0	0	false	4	6	2
SAMN49035621	75	1443	chromosome	0.010309471965294614	0.0064829823610280295	0	0	false	2	8	2
SAMN49035621	76	1377	chromosome	0.024471395953503606	0.003999673724648272	0	0	false	2	10	0
SAMN49035621	78	1310	chromosome	0.0013734342506121736	0.003999673724648272	0	0	false	2	9	1
SAMN49035621	8	136895	chromosome	0.0005025181506132203	0.0005469355733366219	0	0	false	0	12	0
SAMN49035621	9	136157	chromosome	0.0005025181506132203	0.0005469355733366219	0	0	false	0	12	0
SAMN50191066	1	602107	chromosome	0.0005025181506132203	0.0005469355733366219	0	0	false	0	12	0
SAMN50191066	10	160638	chromosome	0.0005025181506132203	0.0005469355733366219	0	0	false	0	12	0
SAMN50191066	11	119574	chromosome	0.0005025181506132203	0.0005469355733366219	0	0	false	0	12	0
SAMN50191066	12	106583	chromosome	0.0023477360266118638	0.0005469355733366219	0	0	false	1	11	0
SAMN50191066	13	104098	chromosome	0.0005025181506132203	0.0005469355733366219	0	0	false	0	12	0
SAMN50191066	14	102965	chromosome	0.0005025181506132203	0.0005469355733366219	0	0	false	0	12	0
SAMN50191066	15	94829	chromosome	0.0005025181506132203	0.0005469355733366219	0	0	false	0	12	0
SAMN50191066	16	85082	chromosome	0.0023477360266118638	0.0005469355733366219	0	0	false	1	11	0
SAMN50191066	17	84135	chromosome	0.0005025181506132203	0.0005469355733366219	0	0	false	0	12	0
SAMN50191066	18	81288	chromosome	0.0005025181506132203	0.0005469355733366219	0	0	false	0	12	0
SAMN50191066	19	72230	chromosome	0.0005025181506132203	0.0009190370184650858	0	0	false	0	12	0
SAMN50191066	2	304540	chromosome	0.0005025181506132203	0.0005469355733366219	0	0	false	0	12	0
SAMN50191066	20	71149	chromosome	2.629307352510889e-05	0.0009190370184650858	0	0	false	0	11	1
SAMN50191066	21	69229	chromosome	2.629307352510889e-05	0.0010171460391612964	0	0	false	0	11	1
SAMN50191066	22	56495	chromosome	0.0005025181506132203	0.000688707449265034	0	0	false	0	12	0
SAMN50191066	23	54885	chromosome	0.0005025181506132203	0.000688707449265034	0	0	false	0	12	0
SAMN50191066	24	49131	chromosome	0.0005025181506132203	0.000688707449265034	0	0	false	0	12	0
SAMN50191066	25	47027	chromosome	0.0005025181506132203	0.000688707449265034	0	0	false	0	12	0
SAMN50191066	26	43060	chromosome	0.0005025181506132203	0.000688707449265034	0	0	false	0	12	0
SAMN50191066	27	42246	chromosome	0.0005025181506132203	0.000688707449265034	0	0	false	0	12	0
SAMN50191066	28	41447	chromosome	0.0023477360266118638	0.000688707449265034	0	0	false	1	11	0
SAMN50191066	29	40766	chromosome	0.0005025181506132203	0.000688707449265034	0	0	false	0	12	0
SAMN50191066	3	294182	chromosome	0.0005025181506132203	0.0005469355733366219	0	0	false	0	12	0
SAMN50191066	30	40459	chromosome	0.0005025181506132203	0.000688707449265034	0	0	false	0	12	0
SAMN50191066	31	38220	chromosome	0.012416904730863208	0.0011857834955319856	0	0	false	2	10	0
SAMN50191066	32	35877	chromosome	0.0005025181506132203	0.000688707449265034	0	0	false	0	12	0
SAMN50191066	33	32761	chromosome	0.0005025181506132203	0.0007354384807403067	0	0	false	0	12	0
SAMN50191066	34	32375	chromosome	0.0005025181506132203	0.0007354384807403067	0	0	false	0	12	0
SAMN50191066	35	30687	chromosome	0.0005025181506132203	0.0007354384807403067	0	0	false	0	12	0
SAMN50191066	36	27176	chromosome	0.0005025181506132203	0.0007354384807403067	0	0	false	0	12	0
SAMN50191066	37	26632	chromosome	0.0043515984760592406	0.0010543296800617258	0	0	false	2	10	0
SAMN50191066	38	26523	chromosome	0.0023477360266118638	0.0008505019761817864	0	0	false	1	11	0
SAMN50191066	39	25850	chromosome	0.0005025181506132203	0.0007354384807403067	0	0	false	0	12	0
SAMN50191066	4	266118	chromosome	0.0005025181506132203	0.0005469355733366219	0	0	false	0	12	0
SAMN50191066	40	25683	chromosome	0.0009329050566734367	0.0007354384807403067	0	0	false	1	11	0
SAMN50191066	41	24841	chromosome	0.0005025181506132203	0.0007354384807403067	0	0	false	0	12	0
SAMN50191066	42	24513	chromosome	0.0009329050566734367	0.0007354384807403067	0	0	false	1	11	0
SAMN50191066	43	23508	chromosome	0.0043515984760592406	0.0010543296800617258	0	0	false	2	10	0
SAMN50191066	44	23164	chromosome	2.629307352510889e-05	0.0007354384807403067	0	0	false	0	11	1
SAMN50191066	45	21834	chromosome	0.0009329050566734367	0.0007354384807403067	0	0	false	1	11	0
SAMN50191066	46	21109	chromosome	0.0005025181506132203	0.0007954935492259574	0	0	false	0	12	0
SAMN50191066	47	18302	chromosome	0.0009329050566734367	0.0007954935492259574	0	0	false	1	11	0
SAMN50191066	48	17731	chromosome	0.0005025181506132203	0.0007954935492259574	0	0	false	0	12	0
SAMN50191066	49	16257	chromosome	0.0005025181506132203	0.0010541142466546183	0	0	false	0	12	0
SAMN50191066	5	229133	chromosome	0.0005025181506132203	0.0005469355733366219	0	0	false	0	12	0
SAMN50191066	50	14309	chromosome	0.0023477360266118638	0.0012189755406478136	0	0	false	1	11	0
SAMN50191066	51	13073	chromosome	0.0005025181506132203	0.0010541142466546183	0	0	false	0	12	0
SAMN50191066	52	12760	chromosome	0.0005025181506132203	0.0010541142466546183	0	0	false	0	12	0
SAMN50191066	53	12307	chromosome	0.0009329050566734367	0.0010541142466546183	0	0	false	1	11	0
SAMN50191066	54	10675	chromosome	0.0005025181506132203	0.0010541142466546183	0	0	false	0	12	0
SAMN50191066	55	10627	chromosome	0.0005025181506132203	0.0010541142466546183	0	0	false	0	12	0
SAMN50191066	56	10187	chromosome	0.0043515984760592406	0.0015109765163288196	0	0	false	2	10	0
SAMN50191066	57	9147	chromosome	2.629307352510889e-05	0.0010541142466546183	0	0	false	0	11	1
SAMN50191066	58	8667	chromosome	0.0005025181506132203	0.0010541142466546183	0	0	false	0	12	0
SAMN50191066	59	6883	chromosome	0.021562515166430943	0.0022496486414777966	0	0	false	2	9	1
SAMN50191066	6	228378	chromosome	0.0005025181506132203	0.0005469355733366219	0	0	false	0	12	0
SAMN50191066	60	6440	plasmid	0.9931544050611385	0.9225429349599301	1	1	false	11	1	0
SAMN50191066	61	5861	chromosome	0.07606130976035279	0.1113259956681858	0	0	false	4	8	0
SAMN50191066	62	5442	chromosome	0.0005025181506132203	0.0010541142466546183	0	0	false	0	12	0
SAMN50191066	63	3664	chromosome	0.0023477360266118638	0.001243956881533704	0	0	false	1	11	0
SAMN50191066	64	3244	chromosome	0.0009329050566734367	0.0010757206055726687	0	0	false	1	11	0
SAMN50191066	65	2423	chromosome	0.024471395953503606	0.0026635492644680047	0	0	false	2	10	0
SAMN50191066	66	2311	plasmid	0.9875647758701592	0.8581573623727174	1	1	false	10	2	0
SAMN50191066	67	1942	chromosome	0.024471395953503606	0.0024596701586219625	0	0	false	2	10	0
SAMN50191066	68	1851	chromosome	0.00012599395954687636	0.00131630503522821	0	0	false	1	10	1
SAMN50191066	69	1679	chromosome	0.0005025181506132203	0.0010878375455796406	0	0	false	0	12	0
SAMN50191066	7	201522	chromosome	0.0005025181506132203	0.0005469355733366219	0	0	false	0	12	0
SAMN50191066	70	1553	chromosome	0.01145612891041697	0.0017674263989971872	0	0	false	1	10	1
SAMN50191066	71	1520	chromosome	0.0023477360266118638	0.0012579664521317278	0	0	false	1	11	0
SAMN50191066	72	1330	chromosome	0.0024123556419008763	0.001981937352311266	0	0	false	0	11	1
SAMN50191066	73	1293	chromosome	0.0013734342506121736	0.003999673724648272	0	0	false	2	9	1
SAMN50191066	74	1100	chromosome	0.0005025181506132203	0.0016166287575530521	0	0	false	0	12	0
SAMN50191066	75	1095	chromosome	0.0013734342506121736	0.003999673724648272	0	0	false	2	9	1
SAMN50191066	76	1063	chromosome	0.0013734342506121736	0.003999673724648272	0	0	false	2	9	1
SAMN50191066	77	1032	chromosome	0.00012599395954687636	0.002141982947848957	0	0	false	1	10	1
SAMN50191066	78	1022	chromosome	0.006951831748125909	0.004900834159373382	0	0	false	2	8	2
SAMN50191066	8	172788	chromosome	0.0005025181506132203	0.0005469355733366219	0	0	false	0	12	0
SAMN50191066	9	166905	chromosome	0.0005025181506132203	0.0005469355733366219	0	0	false	0	12	0
SAMN50713113	1	662257	chromosome	0.0005025181506132203	0.0003083739198883558	0	0	false	0	12	0
SAMN50713113	10	198872	chromosome	0.0005025181506132203	0.0003083739198883558	0	0	false	0	12	0
SAMN50713113	11	189204	chromosome	0.0005025181506132203	0.0003083739198883558	0	0	false	0	12	0
SAMN50713113	12	185418	chromosome	0.0005025181506132203	0.0003083739198883558	0	0	false	0	12	0
SAMN50713113	13	174654	chromosome	0.0005025181506132203	0.0003083739198883558	0	0	false	0	12	0
SAMN50713113	14	160337	chromosome	0.0005025181506132203	0.0003083739198883558	0	0	false	0	12	0
SAMN50713113	15	134938	chromosome	0.0005025181506132203	0.0003083739198883558	0	0	false	0	12	0
SAMN50713113	16	128265	chromosome	0.0023477360266118638	0.0003083739198883558	0	0	false	1	11	0
SAMN50713113	17	121314	chromosome	0.0005025181506132203	0.0003083739198883558	0	0	false	0	12	0
SAMN50713113	18	94596	chromosome	0.0005025181506132203	0.0003083739198883558	0	0	false	0	12	0
SAMN50713113	19	92988	chromosome	0.0005025181506132203	0.0003083739198883558	0	0	false	0	12	0
SAMN50713113	2	414062	chromosome	0.0005025181506132203	0.0003083739198883558	0	0	false	0	12	0
SAMN50713113	20	76146	chromosome	0.0023477360266118638	0.0005470441941233267	0	0	false	1	11	0
SAMN50713113	21	69727	plasmid	0.9986249460710745	0.9384843717676199	1	0	true	10	2	0
SAMN50713113	22	62268	chromosome	0.0005025181506132203	0.0004099054234039185	0	0	false	0	12	0
SAMN50713113	23	40526	plasmid	0.999822425133984	0.9968272810532757	1	1	false	12	0	0
SAMN50713113	24	40349	chromosome	0.0005025181506132203	0.0004099054234039185	0	0	false	0	12	0
SAMN50713113	25	32469	chromosome	0.0009329050566734367	0.0004377271207180844	0	0	false	1	11	0
SAMN50713113	26	30340	chromosome	0.0005025181506132203	0.0004377271207180844	0	0	false	0	12	0
SAMN50713113	27	30080	chromosome	0.0005025181506132203	0.0004377271207180844	0	0	false	0	12	0
SAMN50713113	28	28236	plasmid	0.9492724375550261	0.9422592200474625	1	1	false	9	3	0
SAMN50713113	29	26078	chromosome	0.0005025181506132203	0.0004377271207180844	0	0	false	0	12	0
SAMN50713113	3	305587	chromosome	0.0005025181506132203	0.0003083739198883558	0	0	false	0	12	0
SAMN50713113	30	23967	chromosome	0.0005025181506132203	0.0004377271207180844	0	0	false	0	12	0
SAMN50713113	31	20582	chromosome	2.629307352510889e-05	0.0004359681329002002	0	0	false	0	11	1
SAMN50713113	32	16630	plasmid	0.9931544050611385	0.9915521935778312	1	1	false	11	1	0
SAMN50713113	33	11645	plasmid	0.9508635198395291	0.8238825865076104	1	0	true	10	2	0
SAMN50713113	34	10203	chromosome	0.00012599395954687636	0.0007657890630914044	0	0	false	1	10	1
SAMN50713113	35	8526	chromosome	2.629307352510889e-05	0.0005777721074633798	0	0	false	0	11	1
SAMN50713113	36	8072	plasmid	0.7944342199327958	0.7497989802961953	0	0	true	9	3	0
SAMN50713113	37	5651	chromosome	0.0005025181506132203	0.0005777721074633798	0	0	false	0	12	0
SAMN50713113	38	4531	plasmid	0.9508635198395291	0.7369544121032447	1	1	false	10	2	0
SAMN50713113	39	4214	chromosome	0.0005025181506132203	0.0005896205635069524	0	0	false	0	12	0
SAMN50713113	4	297759	chromosome	0.0005025181506132203	0.0003083739198883558	0	0	false	0	12	0
SAMN50713113	40	3728	plasmid	0.9931544050611385	0.9581448126996825	1	1	true	11	1	0
SAMN50713113	41	3279	chromosome	2.629307352510889e-05	0.0005896205635069524	0	0	false	0	11	1
SAMN50713113	42	2678	plasmid	0.9508635198395291	0.6615328308041668	1	0	true	10	2	0
SAMN50713113	43	2300	plasmid	0.6716704421602296	0.7134459624696088	0	0	false	7	5	0
SAMN50713113	44	2231	plasmid	0.9929225458808841	0.8766195749757587	1	0	true	10	2	0
SAMN50713113	45	1740	chromosome	0.0005025181506132203	0.0004702952101830982	0	0	false	0	12	0
SAMN50713113	46	1681	plasmid	0.7576555714932637	0.5691572071905078	0	0	false	4	8	0
SAMN50713113	47	1504	chromosome	0.0023477360266118638	0.0005438981257450176	0	0	false	1	11	0
SAMN50713113	48	1479	chromosome	0.0005025181506132203	0.0006991129411126306	0	0	false	0	12	0
SAMN50713113	49	1337	chromosome	0.0006230974243322653	0.0011361357549817977	0	0	false	1	9	2
SAMN50713113	5	287819	chromosome	0.0005025181506132203	0.0003083739198883558	0	0	false	0	12	0
SAMN50713113	50	1204	plasmid	0.9674910531027611	0.6674881156541759	1	1	false	5	7	0
SAMN50713113	51	1201	plasmid	0.9703096995214244	0.9616218156101742	1	1	false	9	2	1
SAMN50713113	52	1059	chromosome	0.0013734342506121736	0.0017905298408504595	0	0	false	2	9	1
SAMN50713113	6	279586	chromosome	0.0005025181506132203	0.0003083739198883558	0	0	false	0	12	0
SAMN50713113	7	236034	chromosome	0.0005025181506132203	0.0003083739198883558	0	0	false	0	12	0
SAMN50713113	8	218499	chromosome	0.0005025181506132203	0.0003083739198883558	0	0	false	0	12	0
SAMN50713113	9	205089	chromosome	0.0023477360266118638	0.0003083739198883558	0	0	false	1	11	0
SAMN50713118	1	576611	chromosome	0.0005025181506132203	0.0002874377374729089	0	0	false	0	12	0
SAMN50713118	10	218217	chromosome	0.0043515984760592406	9.339453982512947e-05	0	0	false	2	10	0
SAMN50713118	11	184292	chromosome	0.0005025181506132203	7.532508384552041e-05	0	0	false	0	12	0
SAMN50713118	12	158190	chromosome	0.0023477360266118638	7.532508384552041e-05	0	0	false	1	11	0
SAMN50713118	13	147673	chromosome	0.0005025181506132203	7.532508384552041e-05	0	0	false	0	12	0
SAMN50713118	14	139499	chromosome	0.0005025181506132203	7.532508384552041e-05	0	0	false	0	12	0
SAMN50713118	15	135229	chromosome	2.629307352510889e-05	7.532508384552041e-05	0	0	false	0	11	1
SAMN50713118	16	118635	chromosome	0.0009329050566734367	7.532508384552041e-05	0	0	false	1	11	0
SAMN50713118	17	102704	chromosome	0.0023477360266118638	7.532508384552041e-05	0	0	false	1	11	0
SAMN50713118	18	88144	chromosome	0.0005025181506132203	7.532508384552041e-05	0	0	false	0	12	0
SAMN50713118	19	84105	plasmid	0.9991779581661044	0.5826412552756403	1	1	false	10	1	1
SAMN50713118	2	499824	chromosome	0.0005025181506132203	0.0002874377374729089	0	0	false	0	12	0
SAMN50713118	20	69147	chromosome	0.0005025181506132203	0.00014792770362497955	0	0	false	0	12	0
SAMN50713118	21	66494	chromosome	0.0005025181506132203	0.00014792770362497955	0	0	false	0	12	0
SAMN50713118	22	60425	chromosome	0.0023477360266118638	0.00010013340448875104	0	0	false	1	11	0
SAMN50713118	23	57894	chromosome	0.0005025181506132203	0.00010013340448875104	0	0	false	0	12	0
SAMN50713118	24	40537	chromosome	0.0005025181506132203	0.00010013340448875104	0	0	false	0	12	0
SAMN50713118	25	40526	plasmid	0.999822425133984	0.9019484891544702	1	1	false	12	0	0
SAMN50713118	26	35887	chromosome	0.0005025181506132203	0.00010013340448875104	0	0	false	0	12	0
SAMN50713118	27	28061	chromosome	0.0005025181506132203	0.00010693205381358504	0	0	false	0	12	0
SAMN50713118	28	18729	chromosome	0.0005025181506132203	0.00010650221026931676	0	0	false	0	12	0
SAMN50713118	29	16630	plasmid	0.9931544050611385	0.7745948450371355	1	1	false	11	1	0
SAMN50713118	3	367126	chromosome	0.0005025181506132203	0.0002874377374729089	0	0	false	0	12	0
SAMN50713118	30	11711	chromosome	0.0005025181506132203	0.00014115849204140388	0	0	false	0	12	0
SAMN50713118	31	7323	chromosome	0.0023477360266118638	0.00016325872444421618	0	0	false	1	11	0
SAMN50713118	32	4299	plasmid	0.999822425133984	0.489243133545927	1	1	false	12	0	0
SAMN50713118	33	2590	plasmid	0.9996756519149296	0.5375999523257969	1	1	false	11	1	0
SAMN50713118	34	2494	chromosome	0.0023477360266118638	0.00016660811175114718	0	0	false	1	11	0
SAMN50713118	35	2231	plasmid	0.9929225458808841	0.37539711176098517	1	0	true	10	2	0
SAMN50713118	36	2222	chromosome	0.00012599395954687636	0.0002077232272274998	0	0	false	1	10	1
SAMN50713118	37	2056	chromosome	0.0023477360266118638	0.00018123466042230282	0	0	false	1	11	0
SAMN50713118	39	1497	chromosome	0.00012599395954687636	0.0002275196541110424	0	0	false	1	10	1
SAMN50713118	4	327410	chromosome	0.0005025181506132203	0.0002874377374729089	0	0	false	0	12	0
SAMN50713118	40	1440	chromosome	0.00012599395954687636	0.00033825718524709437	0	0	false	1	10	1
SAMN50713118	41	1296	chromosome	0.00012599395954687636	0.00033825718524709437	0	0	false	1	10	1
SAMN50713118	42	1289	chromosome	0.00012599395954687636	0.00033825718524709437	0	0	false	1	10	1
SAMN50713118	43	1201	plasmid	0.9703096995214244	0.6794400687261847	1	1	false	9	2	1
SAMN50713118	44	1180	chromosome	0.0005025181506132203	0.00025518128709838553	0	0	false	0	12	0
SAMN50713118	45	1149	chromosome	0.0013734342506121736	0.0007003209440833258	0	0	false	2	9	1
SAMN50713118	46	1038	chromosome	0.0005025181506132203	0.00025518128709838553	0	0	false	0	12	0
SAMN50713118	5	316641	chromosome	0.0005025181506132203	7.532508384552041e-05	0	0	false	0	12	0
SAMN50713118	6	258522	chromosome	0.0005025181506132203	7.532508384552041e-05	0	0	false	0	12	0
SAMN50713118	7	257649	chromosome	0.0005025181506132203	7.532508384552041e-05	0	0	false	0	12	0
SAMN50713118	8	235808	chromosome	0.0005025181506132203	7.532508384552041e-05	0	0	false	0	12	0
SAMN50713118	9	226988	chromosome	0.0005025181506132203	7.532508384552041e-05	0	0	false	0	12	0
SAMN50713119	1	454355	chromosome	0.0005025181506132203	0.0001797980144768719	0	0	false	0	12	0
SAMN50713119	10	167454	chromosome	0.0043515984760592406	0.00022292350843155994	0	0	false	2	10	0
SAMN50713119	11	167197	chromosome	0.0023477360266118638	0.0001797980144768719	0	0	false	1	11	0
SAMN50713119	12	152162	chromosome	0.0005025181506132203	0.0001797980144768719	0	0	false	0	12	0
SAMN50713119	13	149152	chromosome	0.0005025181506132203	0.0001797980144768719	0	0	false	0	12	0
SAMN50713119	14	148359	chromosome	0.0005025181506132203	0.0001797980144768719	0	0	false	0	12	0
SAMN50713119	15	145755	chromosome	0.0005025181506132203	0.0001797980144768719	0	0	false	0	12	0
SAMN50713119	16	139713	chromosome	0.0005025181506132203	0.0001797980144768719	0	0	false	0	12	0
SAMN50713119	17	137326	chromosome	2.629307352510889e-05	0.0001797980144768719	0	0	false	0	11	1
SAMN50713119	18	115628	chromosome	0.0005025181506132203	0.0001797980144768719	0	0	false	0	12	0
SAMN50713119	19	109120	chromosome	0.0023477360266118638	0.0001797980144768719	0	0	false	1	11	0
SAMN50713119	2	412460	chromosome	0.0005025181506132203	0.0001797980144768719	0	0	false	0	12	0
SAMN50713119	20	96374	chromosome	0.0005025181506132203	0.0001797980144768719	0	0	false	0	12	0
SAMN50713119	21	96246	chromosome	0.0005025181506132203	0.0001797980144768719	0	0	false	0	12	0
SAMN50713119	22	88121	chromosome	0.0005025181506132203	0.0001797980144768719	0	0	false	0	12	0
SAMN50713119	23	66746	chromosome	0.0009329050566734367	0.0003530620592735709	0	0	false	1	11	0
SAMN50713119	24	65861	chromosome	0.0005025181506132203	0.0003530620592735709	0	0	false	0	12	0
SAMN50713119	25	62784	chromosome	0.0023477360266118638	0.00023900627637088976	0	0	false	1	11	0
SAMN50713119	26	58633	chromosome	0.0005025181506132203	0.00023900627637088976	0	0	false	0	12	0
SAMN50713119	27	55517	chromosome	0.0005025181506132203	0.00023900627637088976	0	0	false	0	12	0
SAMN50713119	28	43470	chromosome	0.0005025181506132203	0.00023900627637088976	0	0	false	0	12	0
SAMN50713119	29	40526	plasmid	0.999822425133984	0.9851616204689896	1	1	false	12	0	0
SAMN50713119	3	293588	chromosome	0.0005025181506132203	0.0001797980144768719	0	0	false	0	12	0
SAMN50713119	30	36290	chromosome	0.0043515984760592406	0.0002963289725006095	0	0	false	2	10	0
SAMN50713119	31	35510	chromosome	0.0005025181506132203	0.0002552314198923691	0	0	false	0	12	0
SAMN50713119	32	35258	chromosome	0.0043515984760592406	0.0003659777848770795	0	0	false	2	10	0
SAMN50713119	33	32575	chromosome	2.629307352510889e-05	0.0002552314198923691	0	0	false	0	11	1
SAMN50713119	34	30712	chromosome	0.0005025181506132203	0.0002552314198923691	0	0	false	0	12	0
SAMN50713119	35	30000	chromosome	0.0005025181506132203	0.0002552314198923691	0	0	false	0	12	0
SAMN50713119	36	28284	chromosome	0.0043515984760592406	0.0003659777848770795	0	0	false	2	10	0
SAMN50713119	37	26973	chromosome	0.0043515984760592406	0.0003659777848770795	0	0	false	2	10	0
SAMN50713119	38	26140	chromosome	0.0005025181506132203	0.0002552314198923691	0	0	false	0	12	0
SAMN50713119	39	25167	chromosome	0.0005025181506132203	0.0002552314198923691	0	0	false	0	12	0
SAMN50713119	4	270820	chromosome	0.0005025181506132203	0.0001797980144768719	0	0	false	0	12	0
SAMN50713119	40	24502	chromosome	0.0043515984760592406	0.0003659777848770795	0	0	false	2	10	0
SAMN50713119	41	18827	chromosome	0.0005025181506132203	0.00025420559678301246	0	0	false	0	12	0
SAMN50713119	42	17002	chromosome	0.021562515166430943	0.0007196037466671915	0	0	false	2	9	1
SAMN50713119	43	16630	plasmid	0.9931544050611385	0.9660093510480683	1	1	false	11	1	0
SAMN50713119	44	15777	chromosome	0.05557835120585066	0.0008887251254730828	0	0	false	3	9	0
SAMN50713119	45	13888	chromosome	0.07606130976035279	0.022349253248443907	0	0	false	4	8	0
SAMN50713119	46	11662	chromosome	0.0009329050566734367	0.00033690900732683964	0	0	false	1	11	0
SAMN50713119	47	8799	chromosome	0.0009329050566734367	0.00033690900732683964	0	0	false	1	11	0
SAMN50713119	48	4659	chromosome	0.0043515984760592406	0.0004929861381150403	0	0	false	2	10	0
SAMN50713119	49	4392	chromosome	0.0005025181506132203	0.00034381974824296263	0	0	false	0	12	0
SAMN50713119	5	266662	chromosome	0.0005025181506132203	0.0001797980144768719	0	0	false	0	12	0
SAMN50713119	50	2638	chromosome	0.0009329050566734367	0.00034381974824296263	0	0	false	1	11	0
SAMN50713119	51	2231	plasmid	0.9929225458808841	0.6592763365168313	1	0	true	10	2	0
SAMN50713119	52	2072	chromosome	0.0005025181506132203	0.0003174458422049281	0	0	false	0	12	0
SAMN50713119	53	2050	chromosome	0.0023477360266118638	0.0003671360608076021	0	0	false	1	11	0
SAMN50713119	54	1692	chromosome	0.00012599395954687636	0.0004608759884616737	0	0	false	1	10	1
SAMN50713119	55	1463	chromosome	0.00012599395954687636	0.000685114026500302	0	0	false	1	10	1
SAMN50713119	56	1312	chromosome	0.0005025181506132203	0.0005168942044482338	0	0	false	0	12	0
SAMN50713119	57	1229	chromosome	0.0004231276172503976	0.0032655017708976197	0	0	false	2	9	1
SAMN50713119	58	1201	plasmid	0.9703096995214244	0.8721833012608501	1	1	false	9	2	1
SAMN50713119	59	1111	chromosome	0.00012599395954687636	0.000685114026500302	0	0	false	1	10	1
SAMN50713119	6	235497	chromosome	0.0005025181506132203	0.0001797980144768719	0	0	false	0	12	0
SAMN50713119	60	1033	chromosome	0.00012599395954687636	0.000685114026500302	0	0	false	1	10	1
SAMN50713119	7	209729	chromosome	0.0005025181506132203	0.0001797980144768719	0	0	false	0	12	0
SAMN50713119	8	184467	chromosome	2.629307352510889e-05	0.0001797980144768719	0	0	false	0	11	1
SAMN50713119	9	184082	chromosome	0.0005025181506132203	0.0001797980144768719	0	0	false	0	12	0
SAMN50713130	1	997119	chromosome	2.629307352510889e-05	0.0003472333481911666	0	0	false	0	11	1
SAMN50713130	10	156215	chromosome	2.629307352510889e-05	0.0003472333481911666	0	0	false	0	11	1
SAMN50713130	11	138657	chromosome	0.0005025181506132203	0.0003472333481911666	0	0	false	0	12	0
SAMN50713130	12	110410	chromosome	0.0005025181506132203	0.0003472333481911666	0	0	false	0	12	0
SAMN50713130	13	93637	chromosome	2.629307352510889e-05	0.0003472333481911666	0	0	false	0	11	1
SAMN50713130	14	81340	chromosome	0.0005025181506132203	0.0003472333481911666	0	0	false	0	12	0
SAMN50713130	15	71504	chromosome	0.0043515984760592406	0.0007636224226683596	0	0	false	2	10	0
SAMN50713130	16	63639	chromosome	2.629307352510889e-05	0.0004615533345413893	0	0	false	0	11	1
SAMN50713130	17	54525	chromosome	0.00012599395954687636	0.000528990532889981	0	0	false	1	10	1
SAMN50713130	18	51952	chromosome	0.0005025181506132203	0.0004615533345413893	0	0	false	0	12	0
SAMN50713130	19	49746	plasmid	0.9931544050611385	0.9991633444192156	1	1	false	11	1	0
SAMN50713130	2	791218	chromosome	0.0005025181506132203	0.0003472333481911666	0	0	false	0	12	0
SAMN50713130	20	40526	plasmid	0.999822425133984	0.9991633444192156	1	1	false	12	0	0
SAMN50713130	21	35764	chromosome	0.0043515984760592406	0.000706668863809651	0	0	false	2	10	0
SAMN50713130	22	33152	plasmid	0.9991916786983316	0.9991870153503039	1	1	false	11	0	1
SAMN50713130	23	32682	chromosome	0.0076635662944439355	0.0007129029222729977	0	0	false	3	9	0
SAMN50713130	24	30836	chromosome	0.0005025181506132203	0.0004928788255223805	0	0	false	0	12	0
SAMN50713130	25	26463	chromosome	2.629307352510889e-05	0.0004928788255223805	0	0	false	0	11	1
SAMN50713130	26	16630	plasmid	0.9931544050611385	0.9977635739044487	1	1	false	11	1	0
SAMN50713130	27	13883	chromosome	0.0043515984760592406	0.0009326779075090299	0	0	false	2	10	0
SAMN50713130	28	12322	chromosome	4.999832459226084e-05	0.0007455892184168856	0	0	false	1	10	1
SAMN50713130	29	10521	chromosome	0.07606130976035279	0.4140934747986725	0	0	false	4	8	0
SAMN50713130	3	667170	chromosome	0.0005025181506132203	0.0003472333481911666	0	0	false	0	12	0
SAMN50713130	30	8789	chromosome	4.999832459226084e-05	0.0007455892184168856	0	0	false	1	10	1
SAMN50713130	31	8472	chromosome	0.0076635662944439355	0.0009409038847286161	0	0	false	3	9	0
SAMN50713130	32	5680	chromosome	0.0043515984760592406	0.0009326779075090299	0	0	false	2	10	0
SAMN50713130	33	4706	chromosome	0.0005025181506132203	0.0006638974673142643	0	0	false	0	12	0
SAMN50713130	34	4387	chromosome	0.0023477360266118638	0.0007677765680247062	0	0	false	1	11	0
SAMN50713130	35	4379	chromosome	0.0043515984760592406	0.0009517975367592992	0	0	false	2	10	0
SAMN50713130	36	3402	chromosome	0.0076617658502466796	0.0056612799002310095	0	0	false	2	10	0
SAMN50713130	37	3326	chromosome	2.629307352510889e-05	0.0006638974673142643	0	0	false	0	11	1
SAMN50713130	38	2733	chromosome	0.07606130976035279	0.4190299106185234	0	0	false	4	8	0
SAMN50713130	39	2492	chromosome	0.024471395953503606	0.001820705469221949	0	0	false	2	10	0
SAMN50713130	4	366471	chromosome	0.0005025181506132203	0.0003472333481911666	0	0	false	0	12	0
SAMN50713130	40	2231	plasmid	0.9929225458808841	0.9835422865289005	1	1	true	10	2	0
SAMN50713130	41	2159	chromosome	0.004501148174986426	0.0005869264177669452	0	0	false	1	11	0
SAMN50713130	42	1627	chromosome	0.00012599395954687636	0.0008030508075146472	0	0	false	1	10	1
SAMN50713130	43	1579	chromosome	0.00012599395954687636	0.0008030508075146472	0	0	false	1	10	1
SAMN50713130	44	1201	plasmid	0.9703096995214244	0.9952775681829119	1	1	false	9	2	1
SAMN50713130	45	1018	chromosome	0.00012599395954687636	0.0011935743290302362	0	0	false	1	10	1
SAMN50713130	46	1018	chromosome	0.0023477360266118638	0.00104150240835618	0	0	false	1	11	0
SAMN50713130	47	1016	chromosome	0.00012599395954687636	0.0011935743290302362	0	0	false	1	10	1
SAMN50713130	5	346729	chromosome	0.0005025181506132203	0.0003472333481911666	0	0	false	0	12	0
SAMN50713130	6	237247	chromosome	2.629307352510889e-05	0.0003472333481911666	0	0	false	0	11	1
SAMN50713130	7	221317	chromosome	0.0023477360266118638	0.0003472333481911666	0	0	false	1	11	0
SAMN50713130	8	166930	chromosome	0.0023477360266118638	0.0003472333481911666	0	0	false	1	11	0
SAMN50713130	9	158311	chromosome	0.0023477360266118638	0.0003472333481911666	0	0	false	1	11	0
SAMN50713132	1	783979	chromosome	0.0005025181506132203	0.0003417903337840612	0	0	false	0	12	0
SAMN50713132	10	158418	chromosome	0.0023477360266118638	0.0003417903337840612	0	0	false	1	11	0
SAMN50713132	11	155527	chromosome	0.0005025181506132203	0.0003417903337840612	0	0	false	0	12	0
SAMN50713132	12	147636	chromosome	0.0005025181506132203	0.0003417903337840612	0	0	false	0	12	0
SAMN50713132	13	146348	plasmid	0.9986702433695193	0.9786426286722599	1	1	false	11	1	0
SAMN50713132	14	143657	chromosome	0.0023477360266118638	0.0003417903337840612	0	0	false	1	11	0
SAMN50713132	15	135204	chromosome	0.0005025181506132203	0.0003417903337840612	0	0	false	0	12	0
SAMN50713132	16	125188	chromosome	0.0009329050566734367	0.0003417903337840612	0	0	false	1	11	0
SAMN50713132	17	118428	chromosome	0.0005025181506132203	0.0003417903337840612	0	0	false	0	12	0
SAMN50713132	18	94779	chromosome	0.0005025181506132203	0.0003417903337840612	0	0	false	0	12	0
SAMN50713132	19	91668	chromosome	0.0005025181506132203	0.0003417903337840612	0	0	false	0	12	0
SAMN50713132	2	518955	chromosome	0.0005025181506132203	0.0003417903337840612	0	0	false	0	12	0
SAMN50713132	20	86223	chromosome	0.0005025181506132203	0.0003417903337840612	0	0	false	0	12	0
SAMN50713132	21	68640	chromosome	0.0005025181506132203	0.00067105502388312	0	0	false	0	12	0
SAMN50713132	22	65055	chromosome	0.0005025181506132203	0.0004543191254238309	0	0	false	0	12	0
SAMN50713132	23	63202	chromosome	0.0005025181506132203	0.0004543191254238309	0	0	false	0	12	0
SAMN50713132	24	43524	chromosome	0.0005025181506132203	0.0004543191254238309	0	0	false	0	12	0
SAMN50713132	25	40526	plasmid	0.999822425133984	0.9968272810532757	1	1	false	12	0	0
SAMN50713132	26	32575	plasmid	0.9991916786983316	0.996916840702053	1	1	false	11	0	1
SAMN50713132	27	30785	chromosome	0.0005025181506132203	0.00048515387104230566	0	0	false	0	12	0
SAMN50713132	28	30676	chromosome	0.0005025181506132203	0.00048515387104230566	0	0	false	0	12	0
SAMN50713132	29	26078	chromosome	0.0005025181506132203	0.00048515387104230566	0	0	false	0	12	0
SAMN50713132	3	412470	chromosome	0.0005025181506132203	0.0003417903337840612	0	0	false	0	12	0
SAMN50713132	30	21040	chromosome	0.0005025181506132203	0.00048320439297589433	0	0	false	0	12	0
SAMN50713132	31	21000	plasmid	0.9704222765871559	0.9921694038976643	1	1	false	10	1	1
SAMN50713132	32	16630	plasmid	0.9931544050611385	0.9915521935778312	1	1	false	11	1	0
SAMN50713132	33	10264	chromosome	0.0005025181506132203	0.0006403626967011535	0	0	false	0	12	0
SAMN50713132	34	9487	chromosome	0.0009329050566734367	0.0006403626967011535	0	0	false	1	11	0
SAMN50713132	35	4392	chromosome	0.0005025181506132203	0.0006534938677171601	0	0	false	0	12	0
SAMN50713132	36	4301	plasmid	0.9996756519149296	0.9859960357780757	1	1	false	11	1	0
SAMN50713132	37	3538	plasmid	0.9932642968525297	0.928744417169614	1	1	false	10	2	0
SAMN50713132	38	3371	plasmid	0.9931544050611385	0.9581448126996825	1	1	false	11	1	0
SAMN50713132	39	2799	plasmid	0.9931544050611385	0.9511450605445873	1	1	false	11	1	0
SAMN50713132	4	293952	chromosome	0.0005025181506132203	0.0003417903337840612	0	0	false	0	12	0
SAMN50713132	40	2231	plasmid	0.9929225458808841	0.8766195749757587	1	0	true	10	2	0
SAMN50713132	41	1949	chromosome	0.0005025181506132203	0.0004759072407133564	0	0	false	0	12	0
SAMN50713132	42	1893	chromosome	0.0023477360266118638	0.0005503879758853585	0	0	false	1	11	0
SAMN50713132	43	1809	chromosome	0.0023477360266118638	0.0006028213284612012	0	0	false	1	11	0
SAMN50713132	44	1258	chromosome	0.0012266715864819697	0.0011107945484075256	0	0	false	2	9	1
SAMN50713132	45	1249	chromosome	0.0023477360266118638	0.0008960605967545991	0	0	false	1	11	0
SAMN50713132	46	1249	chromosome	0.0023477360266118638	0.0008960605967545991	0	0	false	1	11	0
SAMN50713132	47	1201	plasmid	0.9703096995214244	0.9616218156101742	1	1	false	9	2	1
SAMN50713132	48	1103	chromosome	0.0013734342506121736	0.0021245441787380533	0	0	false	2	9	1
SAMN50713132	49	1010	plasmid	0.7124196388009779	0.9224289674778096	0	0	false	5	6	1
SAMN50713132	5	235804	chromosome	0.0005025181506132203	0.0003417903337840612	0	0	false	0	12	0
SAMN50713132	6	210594	chromosome	0.0005025181506132203	0.0003417903337840612	0	0	false	0	12	0
SAMN50713132	7	206843	chromosome	0.0005025181506132203	0.0003417903337840612	0	0	false	0	12	0
SAMN50713132	8	202965	chromosome	0.0005025181506132203	0.0003417903337840612	0	0	false	0	12	0
SAMN50713132	9	196803	chromosome	0.0005025181506132203	0.0003417903337840612	0	0	false	0	12	0
SAMN50779107	1	277190	chromosome	0.0005025181506132203	0.0005187436258989112	0	0	false	0	12	0
SAMN50779107	10	142299	chromosome	0.0005025181506132203	0.0005187436258989112	0	0	false	0	12	0
SAMN50779107	100	3144	chromosome	2.629307352510889e-05	0.0009754478804274018	0	0	false	0	11	1
SAMN50779107	101	2756	plasmid	0.9704222765871559	0.9816589804009733	1	1	true	10	1	1
SAMN50779107	102	2729	plasmid	0.9931544050611385	0.9872180725852102	1	1	false	11	1	0
SAMN50779107	103	2570	chromosome	0.05557835120585066	0.0009344335763021907	0	0	false	3	9	0
SAMN50779107	104	2512	plasmid	0.9704222765871559	0.9816589804009733	1	1	true	10	1	1
SAMN50779107	105	2407	plasmid	0.9929225458808841	0.9633125441134238	1	1	false	10	2	0
SAMN50779107	106	2332	chromosome	0.0005025181506132203	0.0009006663649301763	0	0	false	0	12	0
SAMN50779107	108	1857	chromosome	0.00012599395954687636	0.0011936331573832227	0	0	false	1	10	1
SAMN50779107	109	1612	chromosome	0.0023477360266118638	0.0010415537492729924	0	0	false	1	11	0
SAMN50779107	11	141753	chromosome	0.0005025181506132203	0.0005187436258989112	0	0	false	0	12	0
SAMN50779107	110	1418	plasmid	0.9749197634439232	0.9485202026373054	1	0	true	8	3	1
SAMN50779107	111	1399	plasmid	0.9929225458808841	0.9735255790330399	1	1	true	10	2	0
SAMN50779107	113	1338	plasmid	0.9364160330401656	0.953342728755637	1	1	false	7	5	0
SAMN50779107	114	1313	chromosome	0.00012599395954687636	0.0011936331573832227	0	0	false	1	10	1
SAMN50779107	115	1308	plasmid	0.7431680099185886	0.9483735651886557	0	0	false	7	5	0
SAMN50779107	116	1293	chromosome	0.0005025181506132203	0.0009006663649301763	0	0	false	0	12	0
SAMN50779107	117	1266	chromosome	0.0005025181506132203	0.0009006663649301763	0	0	false	0	12	0
SAMN50779107	118	1231	chromosome	0.0013734342506121736	0.0051514187163603275	0	0	false	2	9	1
SAMN50779107	119	1197	chromosome	0.013227528526758615	0.005269044785382337	0	0	false	3	8	1
SAMN50779107	12	134191	chromosome	0.0005025181506132203	0.0005187436258989112	0	0	false	0	12	0
SAMN50779107	120	1124	plasmid	0.9703096995214244	0.9821087916370413	1	1	false	9	2	1
SAMN50779107	121	1094	chromosome	0.0005025181506132203	0.0009006663649301763	0	0	false	0	12	0
SAMN50779107	122	1031	chromosome	0.00012599395954687636	0.0011936331573832227	0	0	false	1	10	1
SAMN50779107	13	122444	chromosome	0.0023477360266118638	0.0005187436258989112	0	0	false	1	11	0
SAMN50779107	14	122329	chromosome	0.0005025181506132203	0.0005187436258989112	0	0	false	0	12	0
SAMN50779107	15	122035	chromosome	0.0005025181506132203	0.0005187436258989112	0	0	false	0	12	0
SAMN50779107	16	114931	chromosome	0.0023477360266118638	0.0005187436258989112	0	0	false	1	11	0
SAMN50779107	17	113166	chromosome	0.0043515984760592406	0.0006431147038723303	0	0	false	2	10	0
SAMN50779107	18	95517	chromosome	0.0005025181506132203	0.0005187436258989112	0	0	false	0	12	0
SAMN50779107	19	91773	chromosome	0.0005025181506132203	0.0005187436258989112	0	0	false	0	12	0
SAMN50779107	2	255287	chromosome	0.0005025181506132203	0.0005187436258989112	0	0	false	0	12	0
SAMN50779107	20	89196	chromosome	0.0005025181506132203	0.0005187436258989112	0	0	false	0	12	0
SAMN50779107	21	88218	chromosome	0.0023477360266118638	0.0005187436258989112	0	0	false	1	11	0
SAMN50779107	22	85331	chromosome	0.0005025181506132203	0.0005187436258989112	0	0	false	0	12	0
SAMN50779107	23	84652	plasmid	0.9931544050611385	0.997263012255942	1	1	true	11	1	0
SAMN50779107	24	82846	chromosome	0.0005025181506132203	0.0005187436258989112	0	0	false	0	12	0
SAMN50779107	25	72313	plasmid	0.9931544050611385	0.997263012255942	1	1	false	11	1	0
SAMN50779107	26	71797	plasmid	0.999822425133984	0.997263012255942	1	1	false	12	0	0
SAMN50779107	27	70028	chromosome	0.0005025181506132203	0.0008716817258040134	0	0	false	0	12	0
SAMN50779107	28	64527	chromosome	0.0005025181506132203	0.0006532126068179752	0	0	false	0	12	0
SAMN50779107	29	62904	chromosome	0.0043515984760592406	0.0008097970965013805	0	0	false	2	10	0
SAMN50779107	3	210170	chromosome	0.0005025181506132203	0.0005187436258989112	0	0	false	0	12	0
SAMN50779107	30	59570	chromosome	0.0005025181506132203	0.0006532126068179752	0	0	false	0	12	0
SAMN50779107	31	52354	chromosome	0.0023477360266118638	0.0006532126068179752	0	0	false	1	11	0
SAMN50779107	32	49675	chromosome	0.0023477360266118638	0.0006532126068179752	0	0	false	1	11	0
SAMN50779107	33	49188	chromosome	0.0005025181506132203	0.0006532126068179752	0	0	false	0	12	0
SAMN50779107	34	47628	plasmid	0.999822425133984	0.997263012255942	1	1	false	12	0	0
SAMN50779107	35	47019	chromosome	0.0005025181506132203	0.0006532126068179752	0	0	false	0	12	0
SAMN50779107	36	43984	chromosome	0.0023477360266118638	0.0006532126068179752	0	0	false	1	11	0
SAMN50779107	37	43405	chromosome	0.0005025181506132203	0.0006532126068179752	0	0	false	0	12	0
SAMN50779107	38	43242	chromosome	0.0009329050566734367	0.0006532126068179752	0	0	false	1	11	0
SAMN50779107	39	41173	chromosome	0.0005025181506132203	0.0006532126068179752	0	0	false	0	12	0
SAMN50779107	4	178293	chromosome	0.0005025181506132203	0.0005187436258989112	0	0	false	0	12	0
SAMN50779107	40	40835	chromosome	0.0017342000604144909	0.0007089031760918732	0	0	false	2	9	1
SAMN50779107	41	40327	chromosome	0.0005025181506132203	0.0006532126068179752	0	0	false	0	12	0
SAMN50779107	42	38448	plasmid	0.9931544050611385	0.997263012255942	1	1	false	11	1	0
SAMN50779107	43	37932	chromosome	0.0009329050566734367	0.0006532126068179752	0	0	false	1	11	0
SAMN50779107	44	37242	chromosome	0.0005025181506132203	0.0006532126068179752	0	0	false	0	12	0
SAMN50779107	45	37032	chromosome	0.0005025181506132203	0.0006532126068179752	0	0	false	0	12	0
SAMN50779107	46	35869	chromosome	0.0005025181506132203	0.0006532126068179752	0	0	false	0	12	0
SAMN50779107	47	35699	chromosome	0.0005025181506132203	0.0006975368793825305	0	0	false	0	12	0
SAMN50779107	48	34502	chromosome	0.0005025181506132203	0.0006975368793825305	0	0	false	0	12	0
SAMN50779107	49	32699	chromosome	0.0005025181506132203	0.0006975368793825305	0	0	false	0	12	0
SAMN50779107	5	162858	chromosome	0.0005025181506132203	0.0005187436258989112	0	0	false	0	12	0
SAMN50779107	50	32069	plasmid	0.9931544050611385	0.997263012255942	1	1	false	11	1	0
SAMN50779107	51	30734	chromosome	0.0005025181506132203	0.0006975368793825305	0	0	false	0	12	0
SAMN50779107	52	28606	chromosome	0.0005025181506132203	0.0006975368793825305	0	0	false	0	12	0
SAMN50779107	53	27512	plasmid	0.999822425133984	0.997263012255942	1	1	false	12	0	0
SAMN50779107	54	27112	chromosome	0.0005025181506132203	0.0006975368793825305	0	0	false	0	12	0
SAMN50779107	55	26939	chromosome	0.0005025181506132203	0.0006975368793825305	0	0	false	0	12	0
SAMN50779107	56	24361	chromosome	0.0005025181506132203	0.0006975368793825305	0	0	false	0	12	0
SAMN50779107	57	24123	chromosome	0.0005025181506132203	0.0006975368793825305	0	0	false	0	12	0
SAMN50779107	58	23792	plasmid	0.45761181247033395	0.03860579925167561	0	0	false	3	9	0
SAMN50779107	59	23261	plasmid	0.999822425133984	0.997263012255942	1	1	false	12	0	0
SAMN50779107	6	154360	chromosome	0.0005025181506132203	0.0005187436258989112	0	0	false	0	12	0
SAMN50779107	60	23227	chromosome	0.0005025181506132203	0.0006975368793825305	0	0	false	0	12	0
SAMN50779107	61	22648	chromosome	0.0009329050566734367	0.0006975368793825305	0	0	false	1	11	0
SAMN50779107	62	20114	chromosome	0.0023477360266118638	0.0008341800986172322	0	0	false	1	11	0
SAMN50779107	63	19655	plasmid	0.9666370174996789	0.991235618709273	1	1	false	10	2	0
SAMN50779107	64	18823	chromosome	0.016197049473533186	0.02202162207526609	0	0	false	3	8	1
SAMN50779107	65	18427	chromosome	0.0043515984760592406	0.0010341002188648865	0	0	false	2	10	0
SAMN50779107	66	18141	plasmid	0.9857568595095695	0.9867807039983364	1	1	false	10	1	1
SAMN50779107	67	16615	chromosome	0.0009329050566734367	0.0009558536195985552	0	0	false	1	11	0
SAMN50779107	68	16080	chromosome	0.0005025181506132203	0.0009558536195985552	0	0	false	0	12	0
SAMN50779107	69	15208	chromosome	0.0009329050566734367	0.0009558536195985552	0	0	false	1	11	0
SAMN50779107	7	147431	chromosome	0.0005025181506132203	0.0005187436258989112	0	0	false	0	12	0
SAMN50779107	70	15156	plasmid	0.9931544050611385	0.9960999040861895	1	1	false	11	1	0
SAMN50779107	71	14923	chromosome	0.004577434572920169	0.0012725267184988342	0	0	false	1	10	1
SAMN50779107	72	13485	plasmid	0.9857568595095695	0.9851004258619884	1	1	false	10	1	1
SAMN50779107	73	13455	plasmid	0.9918788646503687	0.8573408051598208	1	1	false	5	7	0
SAMN50779107	74	12183	chromosome	0.0005025181506132203	0.0009558536195985552	0	0	false	0	12	0
SAMN50779107	75	11969	chromosome	0.0024123556419008763	0.0011104067486575587	0	0	false	0	11	1
SAMN50779107	76	11928	chromosome	0.05557835120585066	0.0011995572798910766	0	0	false	3	9	0
SAMN50779107	77	11308	chromosome	0.0043515984760592406	0.0013701872938488566	0	0	false	2	10	0
SAMN50779107	78	10612	chromosome	2.629307352510889e-05	0.0009558536195985552	0	0	false	0	11	1
SAMN50779107	79	10374	plasmid	0.9931544050611385	0.9955988875816815	1	1	false	11	1	0
SAMN50779107	8	144328	chromosome	0.0005025181506132203	0.0005187436258989112	0	0	false	0	12	0
SAMN50779107	80	10014	chromosome	0.0005025181506132203	0.0009558536195985552	0	0	false	0	12	0
SAMN50779107	81	9667	chromosome	0.0009329050566734367	0.0009558536195985552	0	0	false	1	11	0
SAMN50779107	82	9634	chromosome	0.0023477360266118638	0.0011053641590850773	0	0	false	1	11	0
SAMN50779107	83	7532	plasmid	0.9996756519149296	0.9896119677329454	1	1	false	11	1	0
SAMN50779107	84	7418	chromosome	0.0009329050566734367	0.0009558536195985552	0	0	false	1	11	0
SAMN50779107	85	7288	plasmid	0.9931544050611385	0.9912053825712391	1	1	false	11	1	0
SAMN50779107	86	6914	chromosome	0.0005025181506132203	0.0009558536195985552	0	0	false	0	12	0
SAMN50779107	87	6516	plasmid	0.9857568595095695	0.9842980327488428	1	1	false	10	1	1
SAMN50779107	88	5650	plasmid	0.9704222765871559	0.9873582372571128	1	1	true	10	1	1
SAMN50779107	89	4802	chromosome	0.0003623630713839953	0.0009700886338088619	0	0	false	1	10	1
SAMN50779107	9	142407	chromosome	0.0005025181506132203	0.0005187436258989112	0	0	false	0	12	0
SAMN50779107	90	4366	chromosome	0.0005025181506132203	0.0009754478804274018	0	0	false	0	12	0
SAMN50779107	91	3879	plasmid	0.021910581682701883	0.0013982631873980151	0	0	false	2	10	0
SAMN50779107	92	3706	plasmid	0.9931544050611385	0.9872180725852102	1	1	false	11	1	0
SAMN50779107	93	3650	plasmid	0.9704222765871559	0.9816589804009733	1	1	false	10	1	1
SAMN50779107	94	3646	plasmid	0.9931544050611385	0.9872180725852102	1	1	true	11	1	0
SAMN50779107	95	3636	chromosome	0.0005025181506132203	0.0009754478804274018	0	0	false	0	12	0
SAMN50779107	96	3526	plasmid	0.9931544050611385	0.9872180725852102	1	1	true	11	1	0
SAMN50779107	97	3512	plasmid	0.9931544050611385	0.9872180725852102	1	1	false	11	1	0
SAMN50779107	98	3412	chromosome	0.0005025181506132203	0.0009754478804274018	0	0	false	0	12	0
SAMN50779107	99	3412	plasmid	0.9875647758701592	0.9653591870315362	1	1	false	10	2	0
SAMN51205862	1	341913	chromosome	0.0005025181506132203	0.00023923642333645602	0	0	false	0	12	0
SAMN51205862	10	156611	chromosome	0.0005025181506132203	0.00023923642333645602	0	0	false	0	12	0
SAMN51205862	100	3052	chromosome	0.0023477360266118638	0.0003385087897826284	0	0	false	1	11	0
SAMN51205862	101	2850	plasmid	0.965303798852371	0.8711030057995255	1	1	false	9	3	0
SAMN51205862	102	2780	chromosome	0.0009329050566734367	0.0004065476423197252	0	0	false	1	11	0
SAMN51205862	103	2751	plasmid	0.9786255610077342	0.46006963914984195	1	1	false	5	7	0
SAMN51205862	104	2646	plasmid	0.3943520964487047	0.7281331293656306	0	0	false	8	4	0
SAMN51205862	105	2562	chromosome	0.10689282502669513	0.00037601889142143416	0	0	false	3	9	0
SAMN51205862	106	2294	chromosome	0.0005025181506132203	0.00037536377878204144	0	0	false	0	12	0
SAMN51205862	107	2135	chromosome	2.629307352510889e-05	0.00037536377878204144	0	0	false	0	11	1
SAMN51205862	108	2132	plasmid	0.21024831444111577	0.0010958310293589844	0	0	false	2	9	1
SAMN51205862	109	2053	plasmid	0.9635954046298301	0.8377789803618917	1	1	false	9	3	0
SAMN51205862	11	153284	chromosome	0.0005025181506132203	0.00023923642333645602	0	0	false	0	12	0
SAMN51205862	110	2001	plasmid	0.38735542644809207	0.015283879473020326	0	0	false	3	8	1
SAMN51205862	111	1834	plasmid	0.9929225458808841	0.8981622680207967	1	0	true	10	2	0
SAMN51205862	112	1816	plasmid	0.9929225458808841	0.9251016755166729	1	0	true	10	2	0
SAMN51205862	113	1673	chromosome	0.0023477360266118638	0.0003125421521666648	0	0	false	1	11	0
SAMN51205862	114	1585	plasmid	0.9641626823889388	0.8785314855159608	1	1	false	8	4	0
SAMN51205862	115	1546	plasmid	0.9460733659369186	0.9153086704823561	1	1	false	6	5	1
SAMN51205862	116	1545	plasmid	0.9460733659369186	0.9153086704823561	1	1	false	6	5	1
SAMN51205862	117	1506	plasmid	0.9635954046298301	0.8785314855159608	1	1	false	9	3	0
SAMN51205862	118	1489	plasmid	0.863969742776131	0.9172606820723775	0	0	false	8	3	1
SAMN51205862	119	1452	chromosome	0.00012599395954687636	0.0003582152453078806	0	0	false	1	10	1
SAMN51205862	12	140501	chromosome	0.0023477360266118638	0.0001722290329540766	0	0	false	1	11	0
SAMN51205862	123	1278	chromosome	0.00012599395954687636	0.0003582152453078806	0	0	false	1	10	1
SAMN51205862	124	1252	chromosome	0.00012599395954687636	0.0003582152453078806	0	0	false	1	10	1
SAMN51205862	125	1170	chromosome	0.0006230974243322653	0.00038592654308455614	0	0	false	1	9	2
SAMN51205862	126	1105	chromosome	0.0024123556419008763	0.0004044011392547897	0	0	false	0	11	1
SAMN51205862	127	1095	plasmid	0.9507233033457361	0.5511299189790229	1	1	false	7	4	1
SAMN51205862	128	1081	chromosome	0.0005025181506132203	0.00037536377878204144	0	0	false	0	12	0
SAMN51205862	129	1068	plasmid	0.8705147387133599	0.9153086704823561	0	0	false	8	3	1
SAMN51205862	13	124608	chromosome	0.0005025181506132203	0.00023923642333645602	0	0	false	0	12	0
SAMN51205862	130	1058	chromosome	0.0006230974243322653	0.00038592654308455614	0	0	false	1	9	2
SAMN51205862	131	1029	chromosome	0.0013734342506121736	0.0008608006675578187	0	0	false	2	9	1
SAMN51205862	132	1018	chromosome	0.0005025181506132203	0.00037536377878204144	0	0	false	0	12	0
SAMN51205862	14	122197	chromosome	0.0005025181506132203	0.00023923642333645602	0	0	false	0	12	0
SAMN51205862	15	117928	chromosome	0.0005025181506132203	0.00023923642333645602	0	0	false	0	12	0
SAMN51205862	16	114916	chromosome	0.0009329050566734367	0.00023923642333645602	0	0	false	1	11	0
SAMN51205862	17	107252	chromosome	0.0005025181506132203	0.00023923642333645602	0	0	false	0	12	0
SAMN51205862	18	106234	chromosome	0.0005025181506132203	0.00023923642333645602	0	0	false	0	12	0
SAMN51205862	19	98555	chromosome	0.0005025181506132203	0.00023923642333645602	0	0	false	0	12	0
SAMN51205862	2	245617	chromosome	0.0005025181506132203	0.00023923642333645602	0	0	false	0	12	0
SAMN51205862	20	96689	chromosome	0.0023477360266118638	0.0001722290329540766	0	0	false	1	11	0
SAMN51205862	21	92544	chromosome	0.0005025181506132203	0.00023923642333645602	0	0	false	0	12	0
SAMN51205862	22	88877	chromosome	0.0023477360266118638	0.0001722290329540766	0	0	false	1	11	0
SAMN51205862	23	87496	chromosome	0.0005025181506132203	0.00023923642333645602	0	0	false	0	12	0
SAMN51205862	24	83194	chromosome	0.0005025181506132203	0.00023923642333645602	0	0	false	0	12	0
SAMN51205862	25	69834	chromosome	0.0005025181506132203	0.0004020824420173793	0	0	false	0	12	0
SAMN51205862	26	69428	chromosome	0.0023477360266118638	0.00028947694789186894	0	0	false	1	11	0
SAMN51205862	27	58330	chromosome	0.0005025181506132203	0.0002721950635373917	0	0	false	0	12	0
SAMN51205862	28	57460	chromosome	0.0005025181506132203	0.0002721950635373917	0	0	false	0	12	0
SAMN51205862	29	57254	chromosome	0.0005025181506132203	0.0002721950635373917	0	0	false	0	12	0
SAMN51205862	3	219791	chromosome	0.0005025181506132203	0.00023923642333645602	0	0	false	0	12	0
SAMN51205862	30	52605	plasmid	0.999822425133984	0.9918953821652172	1	1	false	12	0	0
SAMN51205862	31	47331	plasmid	0.9929225458808841	0.9778702576090309	1	1	false	10	2	0
SAMN51205862	32	46341	chromosome	0.0009329050566734367	0.0002721950635373917	0	0	false	1	11	0
SAMN51205862	33	45817	chromosome	0.0005025181506132203	0.0002721950635373917	0	0	false	0	12	0
SAMN51205862	34	43362	chromosome	0.0005025181506132203	0.0002721950635373917	0	0	false	0	12	0
SAMN51205862	35	39425	chromosome	0.0005025181506132203	0.0002721950635373917	0	0	false	0	12	0
SAMN51205862	36	31569	chromosome	0.0005025181506132203	0.0002906726009320452	0	0	false	0	12	0
SAMN51205862	37	29786	chromosome	0.0005025181506132203	0.0002906726009320452	0	0	false	0	12	0
SAMN51205862	38	29727	chromosome	0.0005025181506132203	0.0002906726009320452	0	0	false	0	12	0
SAMN51205862	39	29055	chromosome	0.0009329050566734367	0.0002906726009320452	0	0	false	1	11	0
SAMN51205862	4	214619	chromosome	0.0005025181506132203	0.00023923642333645602	0	0	false	0	12	0
SAMN51205862	40	28032	chromosome	0.0005025181506132203	0.0002906726009320452	0	0	false	0	12	0
SAMN51205862	41	27893	plasmid	0.7495178318541625	0.6392613181017677	0	0	false	8	4	0
SAMN51205862	42	27706	chromosome	0.0005025181506132203	0.0002906726009320452	0	0	false	0	12	0
SAMN51205862	43	27331	chromosome	0.0023477360266118638	0.00024202162611822794	0	0	false	1	11	0
SAMN51205862	44	26709	chromosome	0.0043515984760592406	0.00030006729949143203	0	0	false	2	10	0
SAMN51205862	45	26084	chromosome	0.0005025181506132203	0.0002906726009320452	0	0	false	0	12	0
SAMN51205862	46	25845	chromosome	0.0005025181506132203	0.0002906726009320452	0	0	false	0	12	0
SAMN51205862	47	23906	plasmid	0.28526982757881375	0.4776829490488214	0	0	false	7	5	0
SAMN51205862	48	21175	chromosome	0.0023477360266118638	0.000250278554983927	0	0	false	1	11	0
SAMN51205862	49	20912	chromosome	0.0005025181506132203	0.00030058883135135003	0	0	false	0	12	0
SAMN51205862	5	208280	chromosome	0.0005025181506132203	0.00023923642333645602	0	0	false	0	12	0
SAMN51205862	50	20604	chromosome	0.0005025181506132203	0.00030058883135135003	0	0	false	0	12	0
SAMN51205862	51	19616	chromosome	0.0005025181506132203	0.00030058883135135003	0	0	false	0	12	0
SAMN51205862	52	19351	chromosome	0.0023477360266118638	0.000250278554983927	0	0	false	1	11	0
SAMN51205862	53	19020	chromosome	0.0005025181506132203	0.00030058883135135003	0	0	false	0	12	0
SAMN51205862	54	18415	chromosome	0.012416904730863208	0.0003610965823320772	0	0	false	2	10	0
SAMN51205862	55	18155	chromosome	0.004577434572920169	0.0004469509464469513	0	0	false	1	10	1
SAMN51205862	56	17975	chromosome	0.0043515984760592406	0.00031030392845885727	0	0	false	2	10	0
SAMN51205862	57	17857	chromosome	0.0009329050566734367	0.00030058883135135003	0	0	false	1	11	0
SAMN51205862	58	17028	chromosome	0.0005025181506132203	0.00039837657976049247	0	0	false	0	12	0
SAMN51205862	59	16193	chromosome	0.0023477360266118638	0.0003317047631535391	0	0	false	1	11	0
SAMN51205862	6	207497	chromosome	0.0005025181506132203	0.00023923642333645602	0	0	false	0	12	0
SAMN51205862	60	14642	plasmid	0.9931544050611385	0.9870101773510892	1	1	false	11	1	0
SAMN51205862	61	14610	chromosome	0.0005025181506132203	0.00039837657976049247	0	0	false	0	12	0
SAMN51205862	62	14395	chromosome	0.1015849178122442	0.0005061041761080989	0	0	false	3	9	0
SAMN51205862	63	14362	plasmid	0.5257187758151737	0.06882911537425628	0	0	false	5	7	0
SAMN51205862	64	14356	plasmid	0.9931544050611385	0.9870101773510892	1	1	false	11	1	0
SAMN51205862	65	14069	plasmid	0.9647539237935542	0.9648309008668188	1	1	false	10	2	0
SAMN51205862	66	13856	chromosome	0.0009329050566734367	0.00039837657976049247	0	0	false	1	11	0
SAMN51205862	67	13311	plasmid	0.9931544050611385	0.9870101773510892	1	1	false	11	1	0
SAMN51205862	68	13215	chromosome	0.0024123556419008763	0.0005168180071493716	0	0	false	0	11	1
SAMN51205862	69	13178	plasmid	0.666508408198521	0.44467442385504424	0	0	false	8	4	0
SAMN51205862	7	187567	chromosome	0.0005025181506132203	0.00023923642333645602	0	0	false	0	12	0
SAMN51205862	70	12574	plasmid	0.9931544050611385	0.9870101773510892	1	1	false	11	1	0
SAMN51205862	71	12285	plasmid	0.9506805552025154	0.7758830336356978	1	1	false	7	5	0
SAMN51205862	72	11927	plasmid	0.9931544050611385	0.9870101773510892	1	1	false	11	1	0
SAMN51205862	73	10770	chromosome	0.0005025181506132203	0.00039837657976049247	0	0	false	0	12	0
SAMN51205862	74	9953	chromosome	2.629307352510889e-05	0.00039837657976049247	0	0	false	0	11	1
SAMN51205862	75	8506	plasmid	0.9647539237935542	0.932597013636243	1	1	false	10	2	0
SAMN51205862	76	8090	chromosome	2.629307352510889e-05	0.00039837657976049247	0	0	false	0	11	1
SAMN51205862	77	7370	chromosome	0.0005025181506132203	0.00039837657976049247	0	0	false	0	12	0
SAMN51205862	78	7049	plasmid	0.9931544050611385	0.9742644365079408	1	1	false	11	1	0
SAMN51205862	79	6756	chromosome	0.0005025181506132203	0.00039837657976049247	0	0	false	0	12	0
SAMN51205862	8	182618	chromosome	0.0005025181506132203	0.00023923642333645602	0	0	false	0	12	0
SAMN51205862	80	6756	plasmid	0.8453536497494889	0.8929057594341352	0	0	false	9	3	0
SAMN51205862	81	6280	chromosome	0.0043515984760592406	0.00041125089823506754	0	0	false	2	10	0
SAMN51205862	82	6217	chromosome	0.0005025181506132203	0.00039837657976049247	0	0	false	0	12	0
SAMN51205862	83	5813	plasmid	0.9704222765871559	0.9632811170968136	1	1	false	10	1	1
SAMN51205862	84	5762	chromosome	0.0009329050566734367	0.00039837657976049247	0	0	false	1	11	0
SAMN51205862	85	5669	chromosome	0.0005025181506132203	0.00039837657976049247	0	0	false	0	12	0
SAMN51205862	86	5566	plasmid	0.937435332346856	0.5801882860015898	1	1	false	9	3	0
SAMN51205862	87	4948	plasmid	0.9647539237935542	0.9387035268610608	1	1	false	10	2	0
SAMN51205862	88	4895	chromosome	0.0023477360266118638	0.0003385087897826284	0	0	false	1	11	0
SAMN51205862	89	4475	plasmid	0.9647539237935542	0.9387035268610608	1	0	true	10	2	0
SAMN51205862	9	181249	chromosome	0.0023477360266118638	0.0001722290329540766	0	0	false	1	11	0
SAMN51205862	90	4464	chromosome	0.0005025181506132203	0.0004065476423197252	0	0	false	0	12	0
SAMN51205862	91	4109	chromosome	0.0009329050566734367	0.0004065476423197252	0	0	false	1	11	0
SAMN51205862	92	3967	chromosome	0.0009329050566734367	0.0004065476423197252	0	0	false	1	11	0
SAMN51205862	93	3895	chromosome	0.0009329050566734367	0.0004065476423197252	0	0	false	1	11	0
SAMN51205862	94	3851	plasmid	0.47943545985272534	0.764980966689581	0	0	false	8	4	0
SAMN51205862	95	3796	chromosome	0.0005025181506132203	0.0004065476423197252	0	0	false	0	12	0
SAMN51205862	96	3702	plasmid	0.9647539237935542	0.9139269767261163	1	0	true	10	2	0
SAMN51205862	97	3599	plasmid	0.8453536497494889	0.8657097338565022	0	0	false	9	3	0
SAMN51205862	98	3357	chromosome	2.629307352510889e-05	0.0004065476423197252	0	0	false	0	11	1
SAMN51205862	99	3158	chromosome	0.0023477360266118638	0.0003385087897826284	0	0	false	1	11	0
SAMN51205863	1	1169446	chromosome	0.0002297553602931033	0.00041344513154503753	0	0	false	0	10	2
SAMN51205863	10	155632	chromosome	0.0011316896126156387	0.0001241945524953965	0	0	false	1	9	2
SAMN51205863	11	149809	plasmid	0.0002297553602931033	0.00010835628761490476	0	0	false	0	10	2
SAMN51205863	12	113673	chromosome	0.0002297553602931033	0.00010835628761490476	0	0	false	0	10	2
SAMN51205863	13	111443	chromosome	0.0002297553602931033	0.00010835628761490476	0	0	false	0	10	2
SAMN51205863	14	91282	chromosome	0.0002297553602931033	0.00010835628761490476	0	0	false	0	10	2
SAMN51205863	15	90650	chromosome	0.0011316896126156387	0.0001241945524953965	0	0	false	1	9	2
SAMN51205863	16	87656	chromosome	0.0002297553602931033	0.00010835628761490476	0	0	false	0	10	2
SAMN51205863	17	75796	chromosome	0.0002297553602931033	0.000262841862827061	0	0	false	0	10	2
SAMN51205863	18	72656	chromosome	0.0002297553602931033	0.000262841862827061	0	0	false	0	10	2
SAMN51205863	19	59782	chromosome	0.0002297553602931033	0.0001969358717627351	0	0	false	0	10	2
SAMN51205863	2	476759	chromosome	0.0002297553602931033	0.00041344513154503753	0	0	false	0	10	2
SAMN51205863	20	41878	chromosome	0.00044936228051329247	0.00022571874965895795	0	0	false	1	9	2
SAMN51205863	21	33676	chromosome	0.0002297553602931033	0.0002103056310050205	0	0	false	0	10	2
SAMN51205863	22	30579	chromosome	0.0002297553602931033	0.0002103056310050205	0	0	false	0	10	2
SAMN51205863	23	26126	chromosome	0.0002297553602931033	0.0002103056310050205	0	0	false	0	10	2
SAMN51205863	24	23080	chromosome	0.0011316896126156387	0.0002787760464745257	0	0	false	1	9	2
SAMN51205863	25	15752	chromosome	0.0002297553602931033	0.0002776103362932306	0	0	false	0	10	2
SAMN51205863	26	4219	chromosome	0.0002297553602931033	0.00028330507643061707	0	0	false	0	10	2
SAMN51205863	27	3431	chromosome	0.0011316896126156387	0.00037553341463891174	0	0	false	1	9	2
SAMN51205863	28	3016	chromosome	0.0002297553602931033	0.00028330507643061707	0	0	false	0	10	2
SAMN51205863	29	2803	chromosome	0.0002297553602931033	0.00028330507643061707	0	0	false	0	10	2
SAMN51205863	3	466950	chromosome	0.0002297553602931033	0.00041344513154503753	0	0	false	0	10	2
SAMN51205863	30	2524	chromosome	0.00221148482815795	0.00040981253955319326	0	0	false	2	8	2
SAMN51205863	31	1367	chromosome	0.0011316896126156387	0.0006651091216888893	0	0	false	1	9	2
SAMN51205863	32	1340	chromosome	0.0011316896126156387	0.0006651091216888893	0	0	false	1	9	2
SAMN51205863	34	1203	chromosome	0.0011316896126156387	0.0006651091216888893	0	0	false	1	9	2
SAMN51205863	35	1151	chromosome	0.0002297553602931033	0.0005017987476641194	0	0	false	0	10	2
SAMN51205863	36	1084	chromosome	0.0011316896126156387	0.0006651091216888893	0	0	false	1	9	2
SAMN51205863	37	1057	chromosome	0.06187844079840519	0.19115436801765381	0	0	false	4	6	2
SAMN51205863	4	382442	chromosome	0.0002297553602931033	0.00041344513154503753	0	0	false	0	10	2
SAMN51205863	5	288556	chromosome	0.0002297553602931033	0.00010835628761490476	0	0	false	0	10	2
SAMN51205863	6	251281	chromosome	0.0002297553602931033	0.00010835628761490476	0	0	false	0	10	2
SAMN51205863	7	222259	chromosome	0.0002297553602931033	0.00010835628761490476	0	0	false	0	10	2
SAMN51205863	8	219559	chromosome	0.0011316896126156387	0.0001241945524953965	0	0	false	1	9	2
SAMN51205863	9	204877	chromosome	0.0002297553602931033	0.00010835628761490476	0	0	false	0	10	2
SAMN51205865	1	307251	chromosome	0.0005025181506132203	0.00023923642333645602	0	0	false	0	12	0
SAMN51205865	10	132534	chromosome	0.0005025181506132203	0.00023923642333645602	0	0	false	0	12	0
SAMN51205865	100	3130	chromosome	0.0005025181506132203	0.0004065476423197252	0	0	false	0	12	0
SAMN51205865	101	2548	plasmid	0.9875647758701592	0.6314494769720186	1	1	false	10	2	0
SAMN51205865	102	2462	chromosome	2.629307352510889e-05	0.0004065476423197252	0	0	false	0	11	1
SAMN51205865	103	2448	plasmid	0.5558472025783973	0.5615571327857194	0	0	false	8	4	0
SAMN51205865	104	2363	chromosome	0.00012599395954687636	0.0003582152453078806	0	0	false	1	10	1
SAMN51205865	105	2356	chromosome	0.0013734342506121736	0.0008608006675578187	0	0	false	2	9	1
SAMN51205865	106	2325	chromosome	2.629307352510889e-05	0.00037536377878204144	0	0	false	0	11	1
SAMN51205865	107	2319	chromosome	2.629307352510889e-05	0.00037536377878204144	0	0	false	0	11	1
SAMN51205865	108	2152	chromosome	0.0005025181506132203	0.00037536377878204144	0	0	false	0	12	0
SAMN51205865	109	2101	plasmid	0.9996756519149296	0.7629913780398677	1	1	false	11	1	0
SAMN51205865	11	116336	chromosome	0.0005025181506132203	0.00023923642333645602	0	0	false	0	12	0
SAMN51205865	110	2045	chromosome	0.0005025181506132203	0.00037536377878204144	0	0	false	0	12	0
SAMN51205865	111	2020	chromosome	0.00012599395954687636	0.0003582152453078806	0	0	false	1	10	1
SAMN51205865	112	1939	chromosome	2.629307352510889e-05	0.00037536377878204144	0	0	false	0	11	1
SAMN51205865	113	1923	chromosome	0.08721370120649924	0.0013561389481834905	0	0	false	1	9	2
SAMN51205865	114	1865	chromosome	2.629307352510889e-05	0.00037536377878204144	0	0	false	0	11	1
SAMN51205865	115	1708	chromosome	0.0004231276172503976	0.008564391112332799	0	0	false	2	9	1
SAMN51205865	116	1617	chromosome	2.629307352510889e-05	0.00037536377878204144	0	0	false	0	11	1
SAMN51205865	117	1592	chromosome	0.0023477360266118638	0.0003125421521666648	0	0	false	1	11	0
SAMN51205865	118	1592	chromosome	0.0023477360266118638	0.0003125421521666648	0	0	false	1	11	0
SAMN51205865	119	1549	plasmid	0.999822425133984	0.9644589160120801	1	1	false	12	0	0
SAMN51205865	12	109288	chromosome	0.0005025181506132203	0.00023923642333645602	0	0	false	0	12	0
SAMN51205865	120	1461	plasmid	0.024471395953503606	0.0008608006675578187	0	0	false	2	10	0
SAMN51205865	122	1287	chromosome	0.00012599395954687636	0.0003582152453078806	0	0	false	1	10	1
SAMN51205865	123	1279	plasmid	0.6626635377643523	0.374300311058508	0	0	false	6	6	0
SAMN51205865	124	1272	chromosome	0.00012599395954687636	0.0003582152453078806	0	0	false	1	10	1
SAMN51205865	125	1243	chromosome	0.0023477360266118638	0.0003125421521666648	0	0	false	1	11	0
SAMN51205865	126	1195	chromosome	0.00012599395954687636	0.0003582152453078806	0	0	false	1	10	1
SAMN51205865	127	1173	chromosome	0.19276349947815877	0.0008608006675578187	0	0	false	3	9	0
SAMN51205865	128	1159	chromosome	0.0023477360266118638	0.0003125421521666648	0	0	false	1	11	0
SAMN51205865	129	1122	chromosome	0.19276349947815877	0.0008608006675578187	0	0	false	3	9	0
SAMN51205865	13	102098	chromosome	0.0005025181506132203	0.00023923642333645602	0	0	false	0	12	0
SAMN51205865	130	1038	chromosome	0.00012599395954687636	0.0003582152453078806	0	0	false	1	10	1
SAMN51205865	131	1005	chromosome	2.629307352510889e-05	0.00037536377878204144	0	0	false	0	11	1
SAMN51205865	132	1000	chromosome	0.0023477360266118638	0.0003125421521666648	0	0	false	1	11	0
SAMN51205865	14	101409	chromosome	0.0023477360266118638	0.0001722290329540766	0	0	false	1	11	0
SAMN51205865	15	88231	chromosome	0.0009329050566734367	0.00023923642333645602	0	0	false	1	11	0
SAMN51205865	16	88055	chromosome	0.0023477360266118638	0.0001722290329540766	0	0	false	1	11	0
SAMN51205865	17	87888	chromosome	0.0005025181506132203	0.00023923642333645602	0	0	false	0	12	0
SAMN51205865	18	86964	chromosome	0.0005025181506132203	0.00023923642333645602	0	0	false	0	12	0
SAMN51205865	19	84914	chromosome	0.0005025181506132203	0.00023923642333645602	0	0	false	0	12	0
SAMN51205865	2	247667	chromosome	0.0005025181506132203	0.00023923642333645602	0	0	false	0	12	0
SAMN51205865	20	83900	chromosome	0.0023477360266118638	0.0001722290329540766	0	0	false	1	11	0
SAMN51205865	21	83091	chromosome	0.0005025181506132203	0.00023923642333645602	0	0	false	0	12	0
SAMN51205865	22	78501	chromosome	0.0005025181506132203	0.00023923642333645602	0	0	false	0	12	0
SAMN51205865	23	72556	chromosome	0.0023477360266118638	0.00028947694789186894	0	0	false	1	11	0
SAMN51205865	24	72459	chromosome	0.0005025181506132203	0.0004020824420173793	0	0	false	0	12	0
SAMN51205865	25	71189	chromosome	0.0005025181506132203	0.0004020824420173793	0	0	false	0	12	0
SAMN51205865	26	67395	chromosome	0.0023477360266118638	0.00028947694789186894	0	0	false	1	11	0
SAMN51205865	27	64950	chromosome	0.0023477360266118638	0.00019595814377191116	0	0	false	1	11	0
SAMN51205865	28	62580	chromosome	0.0005025181506132203	0.0002721950635373917	0	0	false	0	12	0
SAMN51205865	29	61324	chromosome	0.0005025181506132203	0.0002721950635373917	0	0	false	0	12	0
SAMN51205865	3	185435	chromosome	0.0005025181506132203	0.00023923642333645602	0	0	false	0	12	0
SAMN51205865	30	60805	chromosome	0.0005025181506132203	0.0002721950635373917	0	0	false	0	12	0
SAMN51205865	31	53030	chromosome	0.0005025181506132203	0.0002721950635373917	0	0	false	0	12	0
SAMN51205865	32	52782	chromosome	0.0023477360266118638	0.00019595814377191116	0	0	false	1	11	0
SAMN51205865	33	51732	chromosome	0.0005025181506132203	0.0002721950635373917	0	0	false	0	12	0
SAMN51205865	34	50887	chromosome	0.0005025181506132203	0.0002721950635373917	0	0	false	0	12	0
SAMN51205865	35	46260	chromosome	0.0005025181506132203	0.0002721950635373917	0	0	false	0	12	0
SAMN51205865	36	44213	chromosome	0.0005025181506132203	0.0002721950635373917	0	0	false	0	12	0
SAMN51205865	37	44030	chromosome	0.0005025181506132203	0.0002721950635373917	0	0	false	0	12	0
SAMN51205865	38	40466	chromosome	0.0023477360266118638	0.00019595814377191116	0	0	false	1	11	0
SAMN51205865	39	39874	chromosome	0.0005025181506132203	0.0002721950635373917	0	0	false	0	12	0
SAMN51205865	4	169860	chromosome	0.0005025181506132203	0.00023923642333645602	0	0	false	0	12	0
SAMN51205865	40	37185	chromosome	0.0005025181506132203	0.0002721950635373917	0	0	false	0	12	0
SAMN51205865	41	36638	chromosome	0.0005025181506132203	0.0002721950635373917	0	0	false	0	12	0
SAMN51205865	42	36507	chromosome	0.0005025181506132203	0.0002721950635373917	0	0	false	0	12	0
SAMN51205865	43	36117	chromosome	0.0005025181506132203	0.0002721950635373917	0	0	false	0	12	0
SAMN51205865	44	35767	chromosome	0.0005025181506132203	0.0002906726009320452	0	0	false	0	12	0
SAMN51205865	45	34657	chromosome	0.04900651868178209	0.408587139386256	0	0	false	4	8	0
SAMN51205865	46	34315	chromosome	0.024711780572106334	0.3651621118761198	0	0	false	4	8	0
SAMN51205865	47	34002	chromosome	0.0005025181506132203	0.0002906726009320452	0	0	false	0	12	0
SAMN51205865	48	33123	chromosome	0.0005025181506132203	0.0002906726009320452	0	0	false	0	12	0
SAMN51205865	49	33065	chromosome	0.0005025181506132203	0.0002906726009320452	0	0	false	0	12	0
SAMN51205865	5	162375	chromosome	0.0005025181506132203	0.00023923642333645602	0	0	false	0	12	0
SAMN51205865	50	32997	chromosome	0.0005025181506132203	0.0002906726009320452	0	0	false	0	12	0
SAMN51205865	51	32928	chromosome	0.0043515984760592406	0.00030006729949143203	0	0	false	2	10	0
SAMN51205865	52	29128	chromosome	0.05557835120585066	0.00029330932291129287	0	0	false	3	9	0
SAMN51205865	53	29071	chromosome	0.0023477360266118638	0.00024202162611822794	0	0	false	1	11	0
SAMN51205865	54	27709	chromosome	0.0043515984760592406	0.00030006729949143203	0	0	false	2	10	0
SAMN51205865	55	27256	chromosome	0.0009329050566734367	0.0002906726009320452	0	0	false	1	11	0
SAMN51205865	56	27146	chromosome	0.0005025181506132203	0.0002906726009320452	0	0	false	0	12	0
SAMN51205865	57	25057	chromosome	0.0009329050566734367	0.0002906726009320452	0	0	false	1	11	0
SAMN51205865	58	22745	chromosome	0.0005025181506132203	0.0002906726009320452	0	0	false	0	12	0
SAMN51205865	59	22328	chromosome	0.0005025181506132203	0.0002906726009320452	0	0	false	0	12	0
SAMN51205865	6	147889	chromosome	0.0023477360266118638	0.0001722290329540766	0	0	false	1	11	0
SAMN51205865	60	21989	chromosome	0.0005025181506132203	0.0002906726009320452	0	0	false	0	12	0
SAMN51205865	61	21804	chromosome	0.0043515984760592406	0.00030006729949143203	0	0	false	2	10	0
SAMN51205865	62	21442	chromosome	0.0005025181506132203	0.0002906726009320452	0	0	false	0	12	0
SAMN51205865	63	20297	chromosome	0.0005025181506132203	0.00030058883135135003	0	0	false	0	12	0
SAMN51205865	64	20075	chromosome	0.0005025181506132203	0.00030058883135135003	0	0	false	0	12	0
SAMN51205865	65	18026	plasmid	0.6389568633546282	0.23473091691858303	0	0	false	4	8	0
SAMN51205865	66	17643	chromosome	0.0009329050566734367	0.00030058883135135003	0	0	false	1	11	0
SAMN51205865	67	14139	chromosome	0.0005025181506132203	0.00039837657976049247	0	0	false	0	12	0
SAMN51205865	68	13815	chromosome	0.0005025181506132203	0.00039837657976049247	0	0	false	0	12	0
SAMN51205865	69	12458	chromosome	0.0005025181506132203	0.00039837657976049247	0	0	false	0	12	0
SAMN51205865	7	146480	chromosome	0.0005025181506132203	0.00023923642333645602	0	0	false	0	12	0
SAMN51205865	70	11581	chromosome	0.0043515984760592406	0.00041125089823506754	0	0	false	2	10	0
SAMN51205865	71	11201	chromosome	0.0005025181506132203	0.00039837657976049247	0	0	false	0	12	0
SAMN51205865	72	10911	chromosome	0.0005025181506132203	0.00039837657976049247	0	0	false	0	12	0
SAMN51205865	73	10842	plasmid	0.937435332346856	0.6207409588560511	1	1	false	9	3	0
SAMN51205865	74	10681	chromosome	0.021562515166430943	0.000538225335608899	0	0	false	2	9	1
SAMN51205865	75	10180	chromosome	0.0005025181506132203	0.00039837657976049247	0	0	false	0	12	0
SAMN51205865	76	9069	chromosome	0.0005025181506132203	0.00039837657976049247	0	0	false	0	12	0
SAMN51205865	77	8773	chromosome	0.7849934510745252	0.8527866133096501	0	0	true	9	3	0
SAMN51205865	78	8739	chromosome	0.00012644978029706448	0.0005168180071493716	0	0	false	0	10	2
SAMN51205865	79	7953	chromosome	0.0005025181506132203	0.00039837657976049247	0	0	false	0	12	0
SAMN51205865	8	143406	chromosome	0.0005025181506132203	0.00023923642333645602	0	0	false	0	12	0
SAMN51205865	80	7714	chromosome	0.0005025181506132203	0.00039837657976049247	0	0	false	0	12	0
SAMN51205865	81	6780	plasmid	0.9996756519149296	0.8541628087851855	1	1	false	11	1	0
SAMN51205865	82	6768	plasmid	0.999822425133984	0.9742644365079408	1	1	true	12	0	0
SAMN51205865	83	6577	plasmid	0.937435332346856	0.5801882860015898	1	1	false	9	3	0
SAMN51205865	84	5894	plasmid	0.7849934510745252	0.8527866133096501	0	0	false	9	3	0
SAMN51205865	85	5789	chromosome	0.0005025181506132203	0.00039837657976049247	0	0	false	0	12	0
SAMN51205865	86	5663	chromosome	0.0005025181506132203	0.00039837657976049247	0	0	false	0	12	0
SAMN51205865	87	5587	chromosome	0.42167580725551146	0.8467617697536065	0	0	true	8	4	0
SAMN51205865	88	4768	chromosome	0.0005025181506132203	0.0004065476423197252	0	0	false	0	12	0
SAMN51205865	89	4757	plasmid	0.959724830623704	0.4642407324726592	1	1	false	5	7	0
SAMN51205865	9	138786	chromosome	0.0005025181506132203	0.00023923642333645602	0	0	false	0	12	0
SAMN51205865	90	4736	chromosome	0.0005025181506132203	0.0004065476423197252	0	0	false	0	12	0
SAMN51205865	91	4621	chromosome	0.0009329050566734367	0.0004065476423197252	0	0	false	1	11	0
SAMN51205865	92	4285	plasmid	0.5641119225002442	0.635453756170381	0	0	false	9	3	0
SAMN51205865	93	4255	chromosome	0.23173158646239012	0.00041023504775460746	0	0	false	3	9	0
SAMN51205865	94	4078	chromosome	0.0005025181506132203	0.0004065476423197252	0	0	false	0	12	0
SAMN51205865	95	3611	chromosome	0.0005025181506132203	0.0004065476423197252	0	0	false	0	12	0
SAMN51205865	96	3535	chromosome	0.05557835120585066	0.0003130876581953183	0	0	false	3	9	0
SAMN51205865	97	3488	chromosome	0.0009329050566734367	0.0004065476423197252	0	0	false	1	11	0
SAMN51205865	98	3370	chromosome	0.1325911154192318	0.5780411527023496	0	0	false	4	8	0
SAMN51205865	99	3168	chromosome	0.0005025181506132203	0.0004065476423197252	0	0	false	0	12	0
SAMN51205867	1	464350	chromosome	0.0005025181506132203	0.0003417903337840612	0	0	false	0	12	0
SAMN51205867	10	154228	chromosome	0.0023477360266118638	0.0003417903337840612	0	0	false	1	11	0
SAMN51205867	11	147234	chromosome	0.0005025181506132203	0.0003417903337840612	0	0	false	0	12	0
SAMN51205867	12	145156	chromosome	0.0005025181506132203	0.0003417903337840612	0	0	false	0	12	0
SAMN51205867	13	125453	chromosome	0.0005025181506132203	0.0003417903337840612	0	0	false	0	12	0
SAMN51205867	14	119252	chromosome	0.0005025181506132203	0.0003417903337840612	0	0	false	0	12	0
SAMN51205867	15	106168	chromosome	0.0023477360266118638	0.0003417903337840612	0	0	false	1	11	0
SAMN51205867	16	101592	chromosome	0.0005025181506132203	0.0003417903337840612	0	0	false	0	12	0
SAMN51205867	17	100599	chromosome	0.0005025181506132203	0.0003417903337840612	0	0	false	0	12	0
SAMN51205867	18	93488	chromosome	0.0005025181506132203	0.0003417903337840612	0	0	false	0	12	0
SAMN51205867	19	88163	chromosome	0.0023477360266118638	0.0003417903337840612	0	0	false	1	11	0
SAMN51205867	2	403698	chromosome	0.0005025181506132203	0.0003417903337840612	0	0	false	0	12	0
SAMN51205867	20	77849	chromosome	0.0043515984760592406	0.0004237540647991682	0	0	false	2	10	0
SAMN51205867	21	69395	chromosome	0.0023477360266118638	0.00067105502388312	0	0	false	1	11	0
SAMN51205867	22	59876	chromosome	0.0009329050566734367	0.0004543191254238309	0	0	false	1	11	0
SAMN51205867	23	51791	chromosome	0.0005025181506132203	0.0004543191254238309	0	0	false	0	12	0
SAMN51205867	24	48428	chromosome	0.0023477360266118638	0.0004543191254238309	0	0	false	1	11	0
SAMN51205867	25	41216	chromosome	0.0005025181506132203	0.0004543191254238309	0	0	false	0	12	0
SAMN51205867	26	40889	chromosome	0.015463544039369604	0.0005682224462607873	0	0	false	3	9	0
SAMN51205867	27	36327	plasmid	0.999822425133984	0.9968272810532757	1	1	false	12	0	0
SAMN51205867	28	35246	chromosome	0.0005025181506132203	0.00048515387104230566	0	0	false	0	12	0
SAMN51205867	29	33042	chromosome	0.0005025181506132203	0.00048515387104230566	0	0	false	0	12	0
SAMN51205867	3	379216	chromosome	0.0005025181506132203	0.0003417903337840612	0	0	false	0	12	0
SAMN51205867	30	30882	chromosome	0.0005025181506132203	0.00048515387104230566	0	0	false	0	12	0
SAMN51205867	31	30348	chromosome	0.0005025181506132203	0.00048515387104230566	0	0	false	0	12	0
SAMN51205867	32	27084	chromosome	0.0009329050566734367	0.00048515387104230566	0	0	false	1	11	0
SAMN51205867	33	22529	chromosome	0.0005025181506132203	0.00048515387104230566	0	0	false	0	12	0
SAMN51205867	34	21565	chromosome	0.0009329050566734367	0.00048515387104230566	0	0	false	1	11	0
SAMN51205867	35	20225	chromosome	0.014137038622815292	0.009983288835712397	0	0	false	3	9	0
SAMN51205867	36	19098	chromosome	0.0043515984760592406	0.0006928009792979099	0	0	false	2	10	0
SAMN51205867	37	16694	chromosome	0.0043515984760592406	0.0009180662557090846	0	0	false	2	10	0
SAMN51205867	38	11946	chromosome	0.0009329050566734367	0.0006403626967011535	0	0	false	1	11	0
SAMN51205867	39	11537	chromosome	0.985037557827494	0.9359596538621696	1	0	true	8	2	2
SAMN51205867	4	373748	chromosome	0.0005025181506132203	0.0003417903337840612	0	0	false	0	12	0
SAMN51205867	40	9169	chromosome	0.006724141415640177	0.0009012792130159156	0	0	false	1	11	0
SAMN51205867	41	9115	chromosome	0.014137038622815292	0.005329955759037815	0	0	false	3	9	0
SAMN51205867	42	4918	chromosome	0.6730102137432852	0.6460443156884978	0	0	false	5	7	0
SAMN51205867	43	4113	chromosome	0.0005025181506132203	0.0006534938677171601	0	0	false	0	12	0
SAMN51205867	44	2142	chromosome	0.00012599395954687636	0.0006307965432724159	0	0	false	1	10	1
SAMN51205867	45	2025	chromosome	0.0005025181506132203	0.0004759072407133564	0	0	false	0	12	0
SAMN51205867	47	1431	chromosome	0.00012599395954687636	0.0010269180883505844	0	0	false	1	10	1
SAMN51205867	48	1242	chromosome	0.0005025181506132203	0.0007748383044925901	0	0	false	0	12	0
SAMN51205867	49	1223	chromosome	0.024471395953503606	0.0021245441787380533	0	0	false	2	10	0
SAMN51205867	5	313610	chromosome	0.0005025181506132203	0.0003417903337840612	0	0	false	0	12	0
SAMN51205867	50	1033	chromosome	0.39711832664819946	0.6581615579173861	0	0	false	5	4	3
SAMN51205867	51	1010	chromosome	0.013227528526758615	0.0021732064109405455	0	0	false	3	8	1
SAMN51205867	6	246258	chromosome	0.0005025181506132203	0.0003417903337840612	0	0	false	0	12	0
SAMN51205867	7	234578	chromosome	0.0005025181506132203	0.0003417903337840612	0	0	false	0	12	0
SAMN51205867	8	207570	chromosome	0.0005025181506132203	0.0003417903337840612	0	0	false	0	12	0
SAMN51205867	9	195866	chromosome	0.0005025181506132203	0.0003417903337840612	0	0	true	0	12	0
SAMN51205868	1	509408	chromosome	0.0005025181506132203	0.0005469355733366219	0	0	false	0	12	0
SAMN51205868	10	136964	chromosome	0.0005025181506132203	0.0005469355733366219	0	0	false	0	12	0
SAMN51205868	11	135392	chromosome	0.0005025181506132203	0.0005469355733366219	0	0	false	0	12	0
SAMN51205868	12	129354	chromosome	0.0005025181506132203	0.0005469355733366219	0	0	false	0	12	0
SAMN51205868	13	111116	chromosome	0.0005025181506132203	0.0005469355733366219	0	0	false	0	12	0
SAMN51205868	14	106211	chromosome	0.0005025181506132203	0.0005469355733366219	0	0	false	0	12	0
SAMN51205868	15	98652	chromosome	0.0005025181506132203	0.0005469355733366219	0	0	false	0	12	0
SAMN51205868	16	96963	chromosome	0.0005025181506132203	0.0005469355733366219	0	0	false	0	12	0
SAMN51205868	17	93781	chromosome	0.0005025181506132203	0.0005469355733366219	0	0	false	0	12	0
SAMN51205868	18	92986	chromosome	0.0005025181506132203	0.0005469355733366219	0	0	false	0	12	0
SAMN51205868	19	91302	chromosome	0.0005025181506132203	0.0005469355733366219	0	0	false	0	12	0
SAMN51205868	2	408458	chromosome	0.0005025181506132203	0.0005469355733366219	0	0	false	0	12	0
SAMN51205868	20	89999	chromosome	0.0005025181506132203	0.0005469355733366219	0	0	false	0	12	0
SAMN51205868	21	81491	chromosome	0.0005025181506132203	0.0005469355733366219	0	0	false	0	12	0
SAMN51205868	22	76285	chromosome	0.0009329050566734367	0.0009190370184650858	0	0	false	1	11	0
SAMN51205868	23	72382	chromosome	0.0043515984760592406	0.0011392708122611752	0	0	false	2	10	0
SAMN51205868	24	71141	chromosome	0.0023477360266118638	0.0009190370184650858	0	0	false	1	11	0
SAMN51205868	25	67421	chromosome	0.0005025181506132203	0.0010171460391612964	0	0	false	0	12	0
SAMN51205868	26	63710	chromosome	0.0005025181506132203	0.000688707449265034	0	0	false	0	12	0
SAMN51205868	27	56861	chromosome	0.0005025181506132203	0.000688707449265034	0	0	false	0	12	0
SAMN51205868	28	53569	chromosome	0.0009329050566734367	0.000688707449265034	0	0	false	1	11	0
SAMN51205868	29	49662	chromosome	0.0005025181506132203	0.000688707449265034	0	0	false	0	12	0
SAMN51205868	3	381214	chromosome	0.0005025181506132203	0.0005469355733366219	0	0	false	0	12	0
SAMN51205868	30	45811	plasmid	0.999822425133984	0.986234783358799	1	1	false	12	0	0
SAMN51205868	31	41296	chromosome	0.0005025181506132203	0.000688707449265034	0	0	false	0	12	0
SAMN51205868	32	38331	chromosome	0.0023477360266118638	0.000688707449265034	0	0	false	1	11	0
SAMN51205868	33	36944	chromosome	0.0023477360266118638	0.000688707449265034	0	0	false	1	11	0
SAMN51205868	34	35607	chromosome	0.0005025181506132203	0.0007354384807403067	0	0	false	0	12	0
SAMN51205868	35	29997	chromosome	0.0005025181506132203	0.0007354384807403067	0	0	false	0	12	0
SAMN51205868	36	26049	chromosome	0.0005025181506132203	0.0007354384807403067	0	0	false	0	12	0
SAMN51205868	37	24152	plasmid	0.9996166454176644	0.957568859873973	1	1	false	11	0	1
SAMN51205868	38	23604	chromosome	0.0005025181506132203	0.0007354384807403067	0	0	false	0	12	0
SAMN51205868	39	23592	chromosome	0.0043515984760592406	0.0010543296800617258	0	0	false	2	10	0
SAMN51205868	4	350171	chromosome	0.0005025181506132203	0.0005469355733366219	0	0	false	0	12	0
SAMN51205868	40	23494	chromosome	0.0005025181506132203	0.0007354384807403067	0	0	false	0	12	0
SAMN51205868	41	18062	plasmid	0.999822425133984	0.9739278636065384	1	1	false	12	0	0
SAMN51205868	42	18005	chromosome	0.004577434572920169	0.0013459034670312685	0	0	false	1	10	1
SAMN51205868	43	17239	chromosome	0.0023477360266118638	0.0009199443485022184	0	0	false	1	11	0
SAMN51205868	44	16510	chromosome	0.0076635662944439355	0.0015242951554353685	0	0	false	3	9	0
SAMN51205868	45	15377	plasmid	0.9508635198395291	0.6132347665532083	1	1	false	10	2	0
SAMN51205868	46	15362	chromosome	0.0005025181506132203	0.0010541142466546183	0	0	false	0	12	0
SAMN51205868	47	13193	chromosome	0.0009329050566734367	0.0010541142466546183	0	0	false	1	11	0
SAMN51205868	48	13139	chromosome	0.0009329050566734367	0.0010541142466546183	0	0	false	1	11	0
SAMN51205868	49	11075	chromosome	0.012416904730863208	0.0018144445565599502	0	0	false	2	10	0
SAMN51205868	5	186555	chromosome	0.0005025181506132203	0.0005469355733366219	0	0	false	0	12	0
SAMN51205868	50	11035	plasmid	0.9931544050611385	0.9706624575460804	1	1	false	11	1	0
SAMN51205868	51	8711	chromosome	0.4777938961559145	0.4068274341652315	0	0	true	9	3	0
SAMN51205868	52	8146	chromosome	0.0043515984760592406	0.0015109765163288196	0	0	false	2	10	0
SAMN51205868	53	8113	chromosome	0.0005025181506132203	0.0010541142466546183	0	0	false	0	12	0
SAMN51205868	54	7112	plasmid	0.6476384320499864	0.4534324295300817	0	0	false	5	7	0
SAMN51205868	55	5926	plasmid	0.03961714532302459	0.008911429258364124	0	0	false	3	9	0
SAMN51205868	56	5587	plasmid	0.9666370174996789	0.8113308516030948	1	0	true	10	2	0
SAMN51205868	57	5038	chromosome	0.012416904730863208	0.001851606648064317	0	0	false	2	10	0
SAMN51205868	58	5007	chromosome	0.0009329050566734367	0.0010757206055726687	0	0	false	1	11	0
SAMN51205868	59	4879	chromosome	0.004577434572920169	0.001819669317517389	0	0	false	1	10	1
SAMN51205868	6	180647	chromosome	0.0023477360266118638	0.0005469355733366219	0	0	false	1	11	0
SAMN51205868	60	4772	plasmid	0.999822425133984	0.9316846340771289	1	1	false	12	0	0
SAMN51205868	61	4417	plasmid	0.7979389380569419	0.6700727708151168	0	0	false	4	8	0
SAMN51205868	62	4386	chromosome	0.9986702433695193	0.7531504034673008	1	0	true	11	1	0
SAMN51205868	63	4221	chromosome	0.0005025181506132203	0.0010757206055726687	0	0	false	0	12	0
SAMN51205868	64	4064	plasmid	0.9931544050611385	0.8908533039041718	1	1	false	11	1	0
SAMN51205868	65	3592	chromosome	0.0009329050566734367	0.0010757206055726687	0	0	false	1	11	0
SAMN51205868	66	3182	chromosome	0.004577434572920169	0.0013892189424741192	0	0	false	1	10	1
SAMN51205868	67	3056	chromosome	0.006724141415640177	0.001240800683678752	0	0	false	1	11	0
SAMN51205868	68	2813	plasmid	0.9383841856029046	0.8587363467037421	1	1	false	8	4	0
SAMN51205868	69	2654	chromosome	0.00012599395954687636	0.001425547414299927	0	0	false	1	10	1
SAMN51205868	7	170100	chromosome	0.0023477360266118638	0.0005469355733366219	0	0	false	1	11	0
SAMN51205868	71	2197	chromosome	0.0005025181506132203	0.0009932594474974285	0	0	false	0	12	0
SAMN51205868	72	1962	chromosome	0.0024123556419008763	0.00121787749791854	0	0	false	0	11	1
SAMN51205868	73	1766	chromosome	0.9931544050611385	0.9064195043453361	1	0	true	11	1	0
SAMN51205868	74	1660	chromosome	0.0004231276172503976	0.007829658570496296	0	0	false	2	9	1
SAMN51205868	75	1510	chromosome	0.0005025181506132203	0.0010878375455796406	0	0	false	0	12	0
SAMN51205868	76	1293	chromosome	0.0013734342506121736	0.003999673724648272	0	0	false	2	9	1
SAMN51205868	77	1217	chromosome	0.00012644978029706448	0.001981937352311266	0	0	false	0	10	2
SAMN51205868	78	1135	chromosome	0.00012599395954687636	0.002141982947848957	0	0	false	1	10	1
SAMN51205868	8	166902	chromosome	0.0005025181506132203	0.0005469355733366219	0	0	false	0	12	0
SAMN51205868	9	154029	chromosome	0.0023477360266118638	0.0005469355733366219	0	0	false	1	11	0
SAMN51205871	1	203470	chromosome	0.0005025181506132203	0.00023923642333645602	0	0	false	0	12	0
SAMN51205871	10	122421	chromosome	0.0005025181506132203	0.00023923642333645602	0	0	false	0	12	0
SAMN51205871	100	3963	plasmid	0.9931544050611385	0.962884034111763	1	1	true	11	1	0
SAMN51205871	101	3837	chromosome	0.0009329050566734367	0.0004065476423197252	0	0	false	1	11	0
SAMN51205871	102	3701	plasmid	0.9508635198395291	0.9120705928560409	1	0	true	10	2	0
SAMN51205871	103	3393	chromosome	0.0009329050566734367	0.0004065476423197252	0	0	false	1	11	0
SAMN51205871	104	3314	plasmid	0.9931544050611385	0.962884034111763	1	1	true	11	1	0
SAMN51205871	105	3298	chromosome	0.00012599395954687636	0.00038797502371142414	0	0	false	1	10	1
SAMN51205871	106	3141	chromosome	0.0004231276172503976	0.009350648225669935	0	0	false	2	9	1
SAMN51205871	108	2815	plasmid	0.9857568595095695	0.9220945982109561	1	1	false	10	1	1
SAMN51205871	109	2737	plasmid	0.9931544050611385	0.962884034111763	1	1	true	11	1	0
SAMN51205871	11	112416	chromosome	0.0005025181506132203	0.00023923642333645602	0	0	false	0	12	0
SAMN51205871	110	2722	chromosome	2.629307352510889e-05	0.0004065476423197252	0	0	false	0	11	1
SAMN51205871	111	2684	chromosome	0.0009329050566734367	0.0004065476423197252	0	0	false	1	11	0
SAMN51205871	113	2533	chromosome	0.2035441804296777	0.06989722571203046	0	0	false	5	5	2
SAMN51205871	114	2445	chromosome	0.11554387416955848	0.07559251482971799	0	0	false	4	6	2
SAMN51205871	115	2127	chromosome	0.0005025181506132203	0.00037536377878204144	0	0	false	0	12	0
SAMN51205871	116	2028	plasmid	0.9929225458808841	0.8981622680207967	1	1	false	10	2	0
SAMN51205871	117	1893	plasmid	0.9929225458808841	0.8981622680207967	1	0	true	10	2	0
SAMN51205871	118	1836	chromosome	0.0005025181506132203	0.00037536377878204144	0	0	false	0	12	0
SAMN51205871	119	1627	chromosome	0.0004231276172503976	0.008564391112332799	0	0	false	2	9	1
SAMN51205871	12	111929	chromosome	0.0005025181506132203	0.00023923642333645602	0	0	false	0	12	0
SAMN51205871	120	1576	chromosome	0.0005025181506132203	0.00037536377878204144	0	0	false	0	12	0
SAMN51205871	121	1526	chromosome	0.0023477360266118638	0.0003125421521666648	0	0	false	1	11	0
SAMN51205871	122	1523	plasmid	0.9420308381334653	0.9464752472135074	1	1	false	8	2	2
SAMN51205871	123	1510	chromosome	2.629307352510889e-05	0.00037536377878204144	0	0	false	0	11	1
SAMN51205871	124	1487	chromosome	0.0023477360266118638	0.0003125421521666648	0	0	false	1	11	0
SAMN51205871	125	1434	chromosome	0.0023477360266118638	0.0003125421521666648	0	0	false	1	11	0
SAMN51205871	126	1331	chromosome	0.07726187725401042	0.14246070620794027	0	0	false	4	5	3
SAMN51205871	127	1258	chromosome	0.013227528526758615	0.0008805426658824228	0	0	false	3	8	1
SAMN51205871	128	1253	chromosome	0.00028689862752690837	0.0011051265789838634	0	0	false	1	10	1
SAMN51205871	129	1229	chromosome	2.629307352510889e-05	0.00037536377878204144	0	0	false	0	11	1
SAMN51205871	13	110191	chromosome	0.0005025181506132203	0.00023923642333645602	0	0	false	0	12	0
SAMN51205871	130	1172	plasmid	0.9929225458808841	0.9251016755166729	1	0	true	10	2	0
SAMN51205871	131	1155	plasmid	0.9420308381334653	0.9464752472135074	1	0	true	8	2	2
SAMN51205871	14	102609	chromosome	0.0005025181506132203	0.00023923642333645602	0	0	false	0	12	0
SAMN51205871	15	99236	chromosome	0.0005025181506132203	0.00023923642333645602	0	0	false	0	12	0
SAMN51205871	16	98185	chromosome	0.0005025181506132203	0.00023923642333645602	0	0	false	0	12	0
SAMN51205871	17	96104	plasmid	0.999822425133984	0.9918953821652172	1	1	false	12	0	0
SAMN51205871	18	90852	chromosome	0.0005025181506132203	0.00023923642333645602	0	0	false	0	12	0
SAMN51205871	19	90354	chromosome	0.0023477360266118638	0.0001722290329540766	0	0	false	1	11	0
SAMN51205871	2	189499	chromosome	0.0005025181506132203	0.00023923642333645602	0	0	false	0	12	0
SAMN51205871	20	84239	chromosome	0.0005025181506132203	0.00023923642333645602	0	0	false	0	12	0
SAMN51205871	21	74430	chromosome	0.0005025181506132203	0.0004020824420173793	0	0	false	0	12	0
SAMN51205871	22	74008	chromosome	0.0005025181506132203	0.0004020824420173793	0	0	false	0	12	0
SAMN51205871	23	72104	chromosome	0.0005025181506132203	0.0004020824420173793	0	0	false	0	12	0
SAMN51205871	24	71739	chromosome	0.0005025181506132203	0.0004020824420173793	0	0	false	0	12	0
SAMN51205871	25	68747	chromosome	0.0023477360266118638	0.00028947694789186894	0	0	false	1	11	0
SAMN51205871	26	66357	chromosome	0.0005025181506132203	0.0004020824420173793	0	0	false	0	12	0
SAMN51205871	27	64828	chromosome	0.0005025181506132203	0.0002721950635373917	0	0	false	0	12	0
SAMN51205871	28	64813	chromosome	0.0005025181506132203	0.0002721950635373917	0	0	false	0	12	0
SAMN51205871	29	57707	chromosome	0.0023477360266118638	0.00019595814377191116	0	0	false	1	11	0
SAMN51205871	3	158894	chromosome	0.0005025181506132203	0.00023923642333645602	0	0	false	0	12	0
SAMN51205871	30	57115	chromosome	0.0043515984760592406	0.00024295878734115623	0	0	false	2	10	0
SAMN51205871	31	55258	chromosome	0.0005025181506132203	0.0002721950635373917	0	0	false	0	12	0
SAMN51205871	32	54502	chromosome	0.0005025181506132203	0.0002721950635373917	0	0	false	0	12	0
SAMN51205871	33	53280	chromosome	0.0005025181506132203	0.0002721950635373917	0	0	false	0	12	0
SAMN51205871	34	52918	chromosome	0.0005025181506132203	0.0002721950635373917	0	0	false	0	12	0
SAMN51205871	35	49736	chromosome	0.0005025181506132203	0.0002721950635373917	0	0	false	0	12	0
SAMN51205871	36	48117	chromosome	0.0005025181506132203	0.0002721950635373917	0	0	false	0	12	0
SAMN51205871	37	47979	chromosome	0.0005025181506132203	0.0002721950635373917	0	0	false	0	12	0
SAMN51205871	38	46761	chromosome	0.0005025181506132203	0.0002721950635373917	0	0	false	0	12	0
SAMN51205871	39	46653	chromosome	0.0005025181506132203	0.0002721950635373917	0	0	false	0	12	0
SAMN51205871	4	146586	chromosome	0.0005025181506132203	0.00023923642333645602	0	0	false	0	12	0
SAMN51205871	40	46444	chromosome	0.0005025181506132203	0.0002721950635373917	0	0	false	0	12	0
SAMN51205871	41	44916	chromosome	0.0005025181506132203	0.0002721950635373917	0	0	false	0	12	0
SAMN51205871	42	44254	chromosome	0.0005025181506132203	0.0002721950635373917	0	0	false	0	12	0
SAMN51205871	43	41671	chromosome	0.0005025181506132203	0.0002721950635373917	0	0	false	0	12	0
SAMN51205871	44	41134	chromosome	0.0023477360266118638	0.00019595814377191116	0	0	false	1	11	0
SAMN51205871	45	40525	chromosome	0.0009329050566734367	0.0002721950635373917	0	0	false	1	11	0
SAMN51205871	46	38700	plasmid	0.9931544050611385	0.9918953821652172	1	1	false	11	1	0
SAMN51205871	47	38137	chromosome	0.0005025181506132203	0.0002721950635373917	0	0	false	0	12	0
SAMN51205871	48	37693	chromosome	0.0005025181506132203	0.0002721950635373917	0	0	false	0	12	0
SAMN51205871	49	35482	chromosome	0.0005025181506132203	0.0002906726009320452	0	0	false	0	12	0
SAMN51205871	5	139693	chromosome	0.0005025181506132203	0.00023923642333645602	0	0	false	0	12	0
SAMN51205871	50	35028	chromosome	0.0005025181506132203	0.0002906726009320452	0	0	false	0	12	0
SAMN51205871	51	34979	chromosome	0.0005025181506132203	0.0002906726009320452	0	0	false	0	12	0
SAMN51205871	52	33741	chromosome	0.0005025181506132203	0.0002906726009320452	0	0	false	0	12	0
SAMN51205871	53	33082	chromosome	0.0009329050566734367	0.0002906726009320452	0	0	false	1	11	0
SAMN51205871	54	32751	chromosome	0.0005025181506132203	0.0002906726009320452	0	0	false	0	12	0
SAMN51205871	55	29802	chromosome	0.0023477360266118638	0.00024202162611822794	0	0	false	1	11	0
SAMN51205871	56	28243	chromosome	0.0005025181506132203	0.0002906726009320452	0	0	false	0	12	0
SAMN51205871	57	27311	chromosome	0.0009329050566734367	0.0002906726009320452	0	0	false	1	11	0
SAMN51205871	58	27048	chromosome	0.0047632320085462835	0.0002906726009320452	0	0	false	1	11	0
SAMN51205871	59	25337	plasmid	0.9931544050611385	0.9918953821652172	1	1	false	11	1	0
SAMN51205871	6	134807	chromosome	0.0023477360266118638	0.0001722290329540766	0	0	false	1	11	0
SAMN51205871	60	23542	chromosome	0.0005025181506132203	0.0002906726009320452	0	0	false	0	12	0
SAMN51205871	61	23207	chromosome	0.0005025181506132203	0.0002906726009320452	0	0	false	0	12	0
SAMN51205871	62	22959	chromosome	0.0005025181506132203	0.0002906726009320452	0	0	false	0	12	0
SAMN51205871	63	22103	chromosome	0.0005025181506132203	0.0002906726009320452	0	0	false	0	12	0
SAMN51205871	64	19318	chromosome	0.0009329050566734367	0.00030058883135135003	0	0	false	1	11	0
SAMN51205871	65	14661	chromosome	0.0005025181506132203	0.00039837657976049247	0	0	false	0	12	0
SAMN51205871	66	14494	chromosome	0.0005025181506132203	0.00039837657976049247	0	0	false	0	12	0
SAMN51205871	67	14393	chromosome	0.0005025181506132203	0.00039837657976049247	0	0	false	0	12	0
SAMN51205871	68	13370	chromosome	0.0043515984760592406	0.00041125089823506754	0	0	false	2	10	0
SAMN51205871	69	13305	chromosome	0.0005025181506132203	0.00039837657976049247	0	0	false	0	12	0
SAMN51205871	7	127914	chromosome	0.0005025181506132203	0.00023923642333645602	0	0	false	0	12	0
SAMN51205871	70	12232	chromosome	0.0009329050566734367	0.00039837657976049247	0	0	false	1	11	0
SAMN51205871	71	11635	plasmid	0.9931544050611385	0.9870101773510892	1	1	false	11	1	0
SAMN51205871	72	11613	plasmid	0.999822425133984	0.9870101773510892	1	1	false	12	0	0
SAMN51205871	73	11600	chromosome	0.0043515984760592406	0.00041125089823506754	0	0	false	2	10	0
SAMN51205871	74	11366	chromosome	0.0005025181506132203	0.00039837657976049247	0	0	false	0	12	0
SAMN51205871	75	10279	chromosome	0.0009329050566734367	0.00039837657976049247	0	0	false	1	11	0
SAMN51205871	76	10036	chromosome	0.0043515984760592406	0.00041125089823506754	0	0	false	2	10	0
SAMN51205871	77	9732	chromosome	0.0009329050566734367	0.00039837657976049247	0	0	false	1	11	0
SAMN51205871	78	9709	chromosome	0.0005025181506132203	0.00039837657976049247	0	0	false	0	12	0
SAMN51205871	79	9489	chromosome	0.0043515984760592406	0.00041125089823506754	0	0	false	2	10	0
SAMN51205871	8	123349	chromosome	0.0005025181506132203	0.00023923642333645602	0	0	false	0	12	0
SAMN51205871	80	9470	chromosome	0.0009329050566734367	0.00039837657976049247	0	0	false	1	11	0
SAMN51205871	81	8777	chromosome	0.0023477360266118638	0.0003317047631535391	0	0	false	1	11	0
SAMN51205871	82	8056	chromosome	0.0005025181506132203	0.00039837657976049247	0	0	false	0	12	0
SAMN51205871	83	7689	chromosome	0.0005025181506132203	0.00039837657976049247	0	0	false	0	12	0
SAMN51205871	84	7473	chromosome	0.0043515984760592406	0.00041125089823506754	0	0	false	2	10	0
SAMN51205871	85	7010	chromosome	0.0005025181506132203	0.00039837657976049247	0	0	false	0	12	0
SAMN51205871	86	6567	plasmid	0.9343710701839543	0.9419019853234138	1	1	false	9	2	1
SAMN51205871	87	6434	chromosome	0.0043515984760592406	0.00041125089823506754	0	0	false	2	10	0
SAMN51205871	88	6232	chromosome	0.33370955273112396	0.1082313436081047	0	0	false	8	4	0
SAMN51205871	89	6209	chromosome	0.05557835120585066	0.00040198990309412905	0	0	false	3	9	0
SAMN51205871	9	122536	chromosome	0.0023477360266118638	0.0001722290329540766	0	0	false	1	11	0
SAMN51205871	90	6086	plasmid	0.9931544050611385	0.9742644365079408	1	1	true	11	1	0
SAMN51205871	91	6070	chromosome	0.0005025181506132203	0.00039837657976049247	0	0	false	0	12	0
SAMN51205871	92	6058	chromosome	0.0005025181506132203	0.00039837657976049247	0	0	false	0	12	0
SAMN51205871	93	5206	plasmid	0.9666370174996789	0.9372227787017176	1	0	true	10	2	0
SAMN51205871	94	5169	plasmid	0.9508635198395291	0.9120705928560409	1	1	false	10	2	0
SAMN51205871	95	5038	chromosome	0.0005025181506132203	0.0004065476423197252	0	0	false	0	12	0
SAMN51205871	96	5033	chromosome	0.0009329050566734367	0.0004065476423197252	0	0	false	1	11	0
SAMN51205871	97	4984	chromosome	0.0023477360266118638	0.0003385087897826284	0	0	false	1	11	0
SAMN51205871	98	4508	plasmid	0.9931544050611385	0.9774510224829613	1	1	true	11	1	0
SAMN51205871	99	4029	chromosome	0.0005025181506132203	0.0004065476423197252	0	0	false	0	12	0
SAMN51205872	1	414125	chromosome	0.0005025181506132203	0.0001747475569751821	0	0	false	0	12	0
SAMN51205872	10	185868	chromosome	0.0005025181506132203	0.0001747475569751821	0	0	false	0	12	0
SAMN51205872	11	178184	chromosome	0.0023477360266118638	0.0001747475569751821	0	0	false	1	11	0
SAMN51205872	12	173892	chromosome	0.0005025181506132203	0.0001747475569751821	0	0	false	0	12	0
SAMN51205872	13	162545	chromosome	0.0005025181506132203	0.0001747475569751821	0	0	false	0	12	0
SAMN51205872	14	147175	chromosome	0.0005025181506132203	0.0001747475569751821	0	0	false	0	12	0
SAMN51205872	15	144384	chromosome	0.0005025181506132203	0.0001747475569751821	0	0	false	0	12	0
SAMN51205872	16	136610	chromosome	0.0005025181506132203	0.0001747475569751821	0	0	false	0	12	0
SAMN51205872	17	134329	chromosome	0.0005025181506132203	0.0001747475569751821	0	0	false	0	12	0
SAMN51205872	18	126145	chromosome	0.0005025181506132203	0.0001747475569751821	0	0	false	0	12	0
SAMN51205872	19	121047	chromosome	0.0005025181506132203	0.0001747475569751821	0	0	false	0	12	0
SAMN51205872	2	253687	chromosome	0.0005025181506132203	0.0001747475569751821	0	0	false	0	12	0
SAMN51205872	20	117156	chromosome	0.0005025181506132203	0.0001747475569751821	0	0	false	0	12	0
SAMN51205872	21	115085	plasmid	0.0005025181506132203	0.0001747475569751821	0	0	false	0	12	0
SAMN51205872	22	101705	chromosome	0.0005025181506132203	0.0001747475569751821	0	0	false	0	12	0
SAMN51205872	23	94727	chromosome	0.0023477360266118638	0.0001747475569751821	0	0	false	1	11	0
SAMN51205872	24	85633	chromosome	0.0005025181506132203	0.0001747475569751821	0	0	false	0	12	0
SAMN51205872	25	83787	chromosome	0.0043515984760592406	0.0002166619347955636	0	0	false	2	10	0
SAMN51205872	26	78458	chromosome	0.0005025181506132203	0.0001747475569751821	0	0	false	0	12	0
SAMN51205872	27	59226	chromosome	0.0043515984760592406	0.0002728465259257193	0	0	false	2	10	0
SAMN51205872	28	51993	chromosome	0.0005025181506132203	0.00022006533927213223	0	0	false	0	12	0
SAMN51205872	29	51643	plasmid	0.9929919758226197	0.760166630811483	1	1	false	10	2	0
SAMN51205872	3	227278	chromosome	0.0005025181506132203	0.0001747475569751821	0	0	false	0	12	0
SAMN51205872	30	49971	chromosome	0.0023477360266118638	0.00022006533927213223	0	0	false	1	11	0
SAMN51205872	31	48245	chromosome	0.0023477360266118638	0.00022006533927213223	0	0	false	1	11	0
SAMN51205872	32	48113	chromosome	0.0016468472579477477	0.0021267483644550416	0	0	false	1	11	0
SAMN51205872	33	47485	chromosome	0.0005025181506132203	0.00022006533927213223	0	0	false	0	12	0
SAMN51205872	34	46785	chromosome	0.0009329050566734367	0.00022006533927213223	0	0	false	1	11	0
SAMN51205872	35	40397	chromosome	0.0005025181506132203	0.00022006533927213223	0	0	false	0	12	0
SAMN51205872	36	38310	chromosome	0.0076635662944439355	0.00027525456486231773	0	0	false	3	9	0
SAMN51205872	37	37731	chromosome	0.0005025181506132203	0.00022006533927213223	0	0	false	0	12	0
SAMN51205872	38	35829	chromosome	0.0005025181506132203	0.00022006533927213223	0	0	false	0	12	0
SAMN51205872	39	26766	chromosome	0.0005025181506132203	0.00023500496348144683	0	0	false	0	12	0
SAMN51205872	4	223802	chromosome	0.0005025181506132203	0.0001747475569751821	0	0	false	0	12	0
SAMN51205872	40	21600	chromosome	0.0023477360266118638	0.0002717941105263667	0	0	false	1	11	0
SAMN51205872	41	19967	plasmid	0.9508635198395291	0.7244638365546691	1	1	false	10	2	0
SAMN51205872	42	18983	plasmid	0.9986702433695193	0.7913493314297272	1	1	false	11	1	0
SAMN51205872	43	15552	chromosome	0.0009329050566734367	0.00033690900732683964	0	0	false	1	11	0
SAMN51205872	44	15309	plasmid	0.9508635198395291	0.5894387024089759	1	1	false	10	2	0
SAMN51205872	45	12257	chromosome	2.629307352510889e-05	0.00033690900732683964	0	0	false	0	11	1
SAMN51205872	46	11376	chromosome	0.0023477360266118638	0.00038964463350717323	0	0	false	1	11	0
SAMN51205872	47	10483	chromosome	0.0023477360266118638	0.00038964463350717323	0	0	false	1	11	0
SAMN51205872	48	9956	chromosome	0.0043515984760592406	0.00048307861726971	0	0	false	2	10	0
SAMN51205872	49	9822	plasmid	0.9508635198395291	0.46556026075954765	1	1	false	10	2	0
SAMN51205872	5	223371	chromosome	0.0005025181506132203	0.0001747475569751821	0	0	false	0	12	0
SAMN51205872	50	8190	chromosome	0.0009329050566734367	0.00033690900732683964	0	0	false	1	11	0
SAMN51205872	51	6451	chromosome	0.0043515984760592406	0.00048307861726971	0	0	false	2	10	0
SAMN51205872	52	5369	plasmid	0.14721105285356742	0.16084208157959567	0	0	false	8	4	0
SAMN51205872	53	5070	chromosome	0.03994339101956933	0.000497336078432525	0	0	false	3	9	0
SAMN51205872	54	4686	plasmid	0.10424432155221397	0.0058593059015524885	0	0	false	3	9	0
SAMN51205872	55	4130	chromosome	0.0023477360266118638	0.0003976366672270445	0	0	false	1	11	0
SAMN51205872	56	3329	chromosome	0.19432772070795537	0.09330446140302347	0	0	false	5	7	0
SAMN51205872	58	2730	chromosome	0.00012599395954687636	0.00045573930910945064	0	0	false	1	10	1
SAMN51205872	59	2421	chromosome	0.00012599395954687636	0.00045573930910945064	0	0	false	1	10	1
SAMN51205872	6	208599	chromosome	0.0005025181506132203	0.0001747475569751821	0	0	false	0	12	0
SAMN51205872	60	2086	chromosome	0.00012599395954687636	0.0004207838322954311	0	0	false	1	10	1
SAMN51205872	61	1698	chromosome	0.0023477360266118638	0.00040211872985873777	0	0	false	1	11	0
SAMN51205872	63	1579	chromosome	0.024471395953503606	0.0008618420017919318	0	0	false	2	10	0
SAMN51205872	66	1343	chromosome	0.0013734342506121736	0.0012809190236738304	0	0	false	2	9	1
SAMN51205872	67	1201	chromosome	2.629307352510889e-05	0.0005168942044482338	0	0	false	0	11	1
SAMN51205872	68	1178	plasmid	0.03474804710703801	0.0051613033844653475	0	0	false	3	7	2
SAMN51205872	69	1126	chromosome	0.0005025181506132203	0.0005168942044482338	0	0	false	0	12	0
SAMN51205872	7	207057	chromosome	0.0005025181506132203	0.0001747475569751821	0	0	false	0	12	0
SAMN51205872	70	1057	chromosome	0.02213548676919974	0.39509055697492396	0	0	false	5	6	1
SAMN51205872	8	206701	chromosome	0.0005025181506132203	0.0001747475569751821	0	0	false	0	12	0
SAMN51205872	9	192426	chromosome	0.0005025181506132203	0.0001747475569751821	0	0	false	0	12	0
SAMN51205875	1	466579	chromosome	0.0005025181506132203	0.0001797980144768719	0	0	false	0	12	0
SAMN51205875	10	158493	chromosome	0.0005025181506132203	0.0001797980144768719	0	0	false	0	12	0
SAMN51205875	11	157007	chromosome	0.0023477360266118638	0.0001797980144768719	0	0	false	1	11	0
SAMN51205875	12	156591	chromosome	0.0023477360266118638	0.0001797980144768719	0	0	false	1	11	0
SAMN51205875	13	123510	chromosome	0.0005025181506132203	0.0001797980144768719	0	0	false	0	12	0
SAMN51205875	14	121173	chromosome	0.0005025181506132203	0.0001797980144768719	0	0	false	0	12	0
SAMN51205875	15	119283	chromosome	0.0005025181506132203	0.0001797980144768719	0	0	false	0	12	0
SAMN51205875	16	113867	chromosome	0.0005025181506132203	0.0001797980144768719	0	0	false	0	12	0
SAMN51205875	17	112076	chromosome	0.0005025181506132203	0.0001797980144768719	0	0	false	0	12	0
SAMN51205875	18	111861	chromosome	0.0043515984760592406	0.00022292350843155994	0	0	false	2	10	0
SAMN51205875	19	101021	chromosome	0.0005025181506132203	0.0001797980144768719	0	0	false	0	12	0
SAMN51205875	2	403399	chromosome	0.0005025181506132203	0.0001797980144768719	0	0	false	0	12	0
SAMN51205875	20	95724	chromosome	0.0005025181506132203	0.0001797980144768719	0	0	false	0	12	0
SAMN51205875	21	88018	chromosome	0.0005025181506132203	0.0001797980144768719	0	0	false	0	12	0
SAMN51205875	22	82613	chromosome	0.0005025181506132203	0.0001797980144768719	0	0	false	0	12	0
SAMN51205875	23	81830	chromosome	0.0005025181506132203	0.0001797980144768719	0	0	false	0	12	0
SAMN51205875	24	76404	chromosome	0.0005025181506132203	0.0003189869357966499	0	0	false	0	12	0
SAMN51205875	25	75179	chromosome	0.0005025181506132203	0.0003189869357966499	0	0	false	0	12	0
SAMN51205875	26	66331	chromosome	0.0023477360266118638	0.0003530620592735709	0	0	false	1	11	0
SAMN51205875	27	60860	chromosome	0.0005025181506132203	0.00023900627637088976	0	0	false	0	12	0
SAMN51205875	28	59511	chromosome	0.0005025181506132203	0.00023900627637088976	0	0	false	0	12	0
SAMN51205875	29	56690	chromosome	0.0005025181506132203	0.00023900627637088976	0	0	false	0	12	0
SAMN51205875	3	288955	chromosome	0.0005025181506132203	0.0001797980144768719	0	0	false	0	12	0
SAMN51205875	30	47405	plasmid	0.999822425133984	0.9851616204689896	1	1	false	12	0	0
SAMN51205875	31	43533	chromosome	0.0005025181506132203	0.00023900627637088976	0	0	false	0	12	0
SAMN51205875	32	38987	chromosome	0.0009329050566734367	0.00023900627637088976	0	0	false	1	11	0
SAMN51205875	33	30710	chromosome	0.0005025181506132203	0.0002552314198923691	0	0	false	0	12	0
SAMN51205875	34	28330	chromosome	0.0005025181506132203	0.0002552314198923691	0	0	false	0	12	0
SAMN51205875	35	26062	chromosome	0.0005025181506132203	0.0002552314198923691	0	0	false	0	12	0
SAMN51205875	36	23039	chromosome	0.0005025181506132203	0.0002552314198923691	0	0	false	0	12	0
SAMN51205875	37	22640	plasmid	0.999822425133984	0.9851616204689896	1	1	false	12	0	0
SAMN51205875	38	19705	chromosome	0.0008875923849391506	0.00025420559678301246	0	0	false	1	11	0
SAMN51205875	39	18429	chromosome	0.0009329050566734367	0.00025420559678301246	0	0	false	1	11	0
SAMN51205875	4	275968	chromosome	0.0005025181506132203	0.0001797980144768719	0	0	false	0	12	0
SAMN51205875	40	11752	chromosome	0.0005025181506132203	0.00033690900732683964	0	0	false	0	12	0
SAMN51205875	41	11700	chromosome	0.0009329050566734367	0.00033690900732683964	0	0	false	1	11	0
SAMN51205875	42	9952	chromosome	0.0005025181506132203	0.00033690900732683964	0	0	false	0	12	0
SAMN51205875	43	9787	chromosome	0.0023477360266118638	0.00038964463350717323	0	0	false	1	11	0
SAMN51205875	44	8969	plasmid	0.999822425133984	0.8912496130916091	1	0	true	12	0	0
SAMN51205875	45	7337	chromosome	0.0023477360266118638	0.00038964463350717323	0	0	false	1	11	0
SAMN51205875	46	6852	chromosome	0.0005025181506132203	0.00033690900732683964	0	0	false	0	12	0
SAMN51205875	47	5322	plasmid	0.9931544050611385	0.9007032353933848	1	1	false	11	1	0
SAMN51205875	48	4392	chromosome	0.0005025181506132203	0.00034381974824296263	0	0	false	0	12	0
SAMN51205875	5	236374	chromosome	0.0005025181506132203	0.0001797980144768719	0	0	false	0	12	0
SAMN51205875	50	2631	chromosome	0.0023477360266118638	0.0003976366672270445	0	0	false	1	11	0
SAMN51205875	51	2193	chromosome	0.0023477360266118638	0.0003671360608076021	0	0	false	1	11	0
SAMN51205875	52	1455	chromosome	0.0024123556419008763	0.0006338542381562986	0	0	false	0	11	1
SAMN51205875	53	1352	chromosome	0.9674910531027611	0.35704724538217975	1	1	false	5	7	0
SAMN51205875	54	1343	chromosome	0.0013734342506121736	0.0008608090658636157	0	0	false	2	9	1
SAMN51205875	55	1299	chromosome	0.014931044805903218	0.09526211447819305	0	0	false	4	6	2
SAMN51205875	56	1279	chromosome	0.00012599395954687636	0.000685114026500302	0	0	false	1	10	1
SAMN51205875	57	1239	chromosome	0.00012599395954687636	0.000685114026500302	0	0	false	1	10	1
SAMN51205875	58	1235	chromosome	0.0013734342506121736	0.0008608090658636157	0	0	false	2	9	1
SAMN51205875	6	229013	chromosome	0.0005025181506132203	0.0001797980144768719	0	0	false	0	12	0
SAMN51205875	60	1040	chromosome	0.0005025181506132203	0.0005168942044482338	0	0	false	0	12	0
SAMN51205875	7	205938	chromosome	0.0005025181506132203	0.0001797980144768719	0	0	false	0	12	0
SAMN51205875	8	184998	chromosome	0.0005025181506132203	0.0001797980144768719	0	0	false	0	12	0
SAMN51205875	9	171894	chromosome	0.0005025181506132203	0.0001797980144768719	0	0	false	0	12	0
SAMN51205876	1	416850	chromosome	0.0005025181506132203	0.0005644647258490089	0	0	false	0	12	0
SAMN51205876	10	161242	chromosome	0.0023477360266118638	0.0005644647258490089	0	0	false	1	11	0
SAMN51205876	11	154397	chromosome	0.0023477360266118638	0.0005644647258490089	0	0	false	1	11	0
SAMN51205876	12	152482	chromosome	0.0005025181506132203	0.0005644647258490089	0	0	false	0	12	0
SAMN51205876	13	135094	chromosome	0.0005025181506132203	0.0005644647258490089	0	0	false	0	12	0
SAMN51205876	14	131193	chromosome	0.0005025181506132203	0.0005644647258490089	0	0	false	0	12	0
SAMN51205876	15	123992	chromosome	0.0005025181506132203	0.0005644647258490089	0	0	false	0	12	0
SAMN51205876	16	122296	chromosome	0.0005025181506132203	0.0005644647258490089	0	0	false	0	12	0
SAMN51205876	17	119082	chromosome	0.0005025181506132203	0.0005644647258490089	0	0	false	0	12	0
SAMN51205876	18	112026	chromosome	0.0005025181506132203	0.0005644647258490089	0	0	false	0	12	0
SAMN51205876	19	111743	chromosome	0.0005025181506132203	0.0005644647258490089	0	0	false	0	12	0
SAMN51205876	2	310700	chromosome	0.0005025181506132203	0.0005644647258490089	0	0	false	0	12	0
SAMN51205876	20	104774	chromosome	0.0005025181506132203	0.0005644647258490089	0	0	false	0	12	0
SAMN51205876	21	96536	chromosome	0.0005025181506132203	0.0005644647258490089	0	0	false	0	12	0
SAMN51205876	23	87277	plasmid	0.8835057081932798	0.8044139221043177	0	0	false	8	3	1
SAMN51205876	24	85279	chromosome	0.0043515984760592406	0.0006997899647306864	0	0	false	2	10	0
SAMN51205876	25	84596	chromosome	0.0005025181506132203	0.0005644647258490089	0	0	false	0	12	0
SAMN51205876	26	83007	chromosome	0.0009329050566734367	0.0005644647258490089	0	0	false	1	11	0
SAMN51205876	27	76501	chromosome	0.0005025181506132203	0.0009484806145288684	0	0	false	0	12	0
SAMN51205876	28	75468	chromosome	0.0005025181506132203	0.0009484806145288684	0	0	false	0	12	0
SAMN51205876	29	75280	chromosome	0.0023477360266118638	0.0009484806145288684	0	0	false	1	11	0
SAMN51205876	3	260811	chromosome	0.0005025181506132203	0.0005644647258490089	0	0	false	0	12	0
SAMN51205876	30	66832	chromosome	0.0005025181506132203	0.0010497294948750514	0	0	false	0	12	0
SAMN51205876	31	60741	chromosome	0.0005025181506132203	0.0007107771246621984	0	0	false	0	12	0
SAMN51205876	32	59918	chromosome	0.0023477360266118638	0.0007107771246621984	0	0	false	1	11	0
SAMN51205876	33	54685	chromosome	0.0005025181506132203	0.0007107771246621984	0	0	false	0	12	0
SAMN51205876	34	53275	plasmid	0.999822425133984	0.9868325152749912	1	1	false	12	0	0
SAMN51205876	35	52465	chromosome	0.0005025181506132203	0.0007107771246621984	0	0	false	0	12	0
SAMN51205876	36	44231	chromosome	0.0005025181506132203	0.0007107771246621984	0	0	false	0	12	0
SAMN51205876	37	42130	chromosome	0.0023477360266118638	0.0007107771246621984	0	0	false	1	11	0
SAMN51205876	38	40322	chromosome	0.0005025181506132203	0.0007107771246621984	0	0	false	0	12	0
SAMN51205876	39	37906	plasmid	0.937435332346856	0.8950842913922314	1	1	false	9	3	0
SAMN51205876	4	228707	chromosome	0.0005025181506132203	0.0005644647258490089	0	0	false	0	12	0
SAMN51205876	40	37069	chromosome	0.0005025181506132203	0.0007107771246621984	0	0	false	0	12	0
SAMN51205876	41	36060	chromosome	0.0005025181506132203	0.0007107771246621984	0	0	false	0	12	0
SAMN51205876	42	36050	chromosome	0.0005025181506132203	0.0007107771246621984	0	0	false	0	12	0
SAMN51205876	43	31259	plasmid	0.8410943052898282	0.8893721909151096	0	0	false	7	4	1
SAMN51205876	44	27103	chromosome	0.0023477360266118638	0.0008777518137787195	0	0	false	1	11	0
SAMN51205876	45	26971	chromosome	0.0005025181506132203	0.0007590045177152629	0	0	false	0	12	0
SAMN51205876	46	26528	chromosome	0.0023477360266118638	0.0008777518137787195	0	0	false	1	11	0
SAMN51205876	47	26128	chromosome	0.0005025181506132203	0.0007590045177152629	0	0	false	0	12	0
SAMN51205876	48	18256	chromosome	0.0005025181506132203	0.0007848852423776391	0	0	false	0	12	0
SAMN51205876	49	15359	chromosome	0.0009329050566734367	0.0010400606924987842	0	0	false	1	11	0
SAMN51205876	5	224285	chromosome	0.0005025181506132203	0.0005644647258490089	0	0	false	0	12	0
SAMN51205876	50	14766	plasmid	0.9649044681614355	0.549756211718532	1	1	false	9	3	0
SAMN51205876	51	11753	chromosome	0.0005025181506132203	0.0010400606924987842	0	0	false	0	12	0
SAMN51205876	52	10393	chromosome	0.0009329050566734367	0.0010400606924987842	0	0	false	1	11	0
SAMN51205876	53	9786	chromosome	0.0023477360266118638	0.0012027266859273287	0	0	false	1	11	0
SAMN51205876	54	9522	plasmid	0.012416904730863208	0.0017902723711840155	0	0	false	2	10	0
SAMN51205876	55	9510	plasmid	0.9931544050611385	0.9249347966655954	1	1	false	11	1	0
SAMN51205876	56	7379	chromosome	0.0023477360266118638	0.0012027266859273287	0	0	false	1	11	0
SAMN51205876	57	7320	plasmid	0.04779111944563913	0.0038324237313911214	0	0	false	2	9	1
SAMN51205876	58	6918	chromosome	0.0005025181506132203	0.0010400606924987842	0	0	false	0	12	0
SAMN51205876	59	6790	plasmid	0.9931544050611385	0.9225429349599301	1	0	true	11	1	0
SAMN51205876	6	196164	chromosome	0.0005025181506132203	0.0005644647258490089	0	0	false	0	12	0
SAMN51205876	60	6354	plasmid	0.937435332346856	0.8581138116810487	1	1	false	9	3	0
SAMN51205876	61	4019	plasmid	0.9965125396142057	0.788634012669322	1	1	false	9	2	1
SAMN51205876	62	2818	plasmid	0.6389568633546282	0.25743293811568324	0	0	false	4	8	0
SAMN51205876	63	2566	plasmid	0.959724830623704	0.5388239054604783	1	1	false	5	7	0
SAMN51205876	64	2332	plasmid	0.9996700107116724	0.7932758958874397	1	1	false	9	3	0
SAMN51205876	65	2330	chromosome	0.0023477360266118638	0.0011333021135957917	0	0	false	1	11	0
SAMN51205876	66	1943	chromosome	0.0023477360266118638	0.0011333021135957917	0	0	false	1	11	0
SAMN51205876	67	1661	plasmid	0.9276949578552948	0.5903589697062313	0	0	false	4	8	0
SAMN51205876	68	1508	chromosome	0.00012599395954687636	0.0014223869396894442	0	0	false	1	10	1
SAMN51205876	69	1387	chromosome	0.0023477360266118638	0.001844399889060797	0	0	false	1	11	0
SAMN51205876	7	183085	chromosome	0.0023477360266118638	0.0005644647258490089	0	0	false	1	11	0
SAMN51205876	72	1289	chromosome	0.00012599395954687636	0.0021134565068643093	0	0	false	1	10	1
SAMN51205876	74	1170	plasmid	0.006724141415640177	0.0018397230387397258	0	0	false	1	11	0
SAMN51205876	75	1146	chromosome	0.00012599395954687636	0.0021134565068643093	0	0	false	1	10	1
SAMN51205876	76	1129	chromosome	0.0005025181506132203	0.0015950876799434796	0	0	false	0	12	0
SAMN51205876	77	1113	chromosome	0.0023477360266118638	0.001844399889060797	0	0	false	1	11	0
SAMN51205876	78	1093	chromosome	0.0013734342506121736	0.003946504828366067	0	0	false	2	9	1
SAMN51205876	79	1078	plasmid	0.14195228054990588	0.011166392696933347	0	0	false	3	7	2
SAMN51205876	8	180486	chromosome	0.0005025181506132203	0.0005644647258490089	0	0	false	0	12	0
SAMN51205876	80	1057	plasmid	0.024338860855339293	0.006039070070683796	0	0	false	2	8	2
SAMN51205876	81	1014	chromosome	0.0023477360266118638	0.001844399889060797	0	0	false	1	11	0
SAMN51205876	9	172222	chromosome	0.0005025181506132203	0.0005644647258490089	0	0	false	0	12	0
SAMN51205880	1	142224	chromosome	0.0005025181506132203	0.0002672873604441922	0	0	false	0	12	0
SAMN51205880	10	92363	chromosome	0.0005025181506132203	0.0002672873604441922	0	0	false	0	12	0
SAMN51205880	100	8419	plasmid	0.9647539237935542	0.935031810317585	1	1	false	10	2	0
SAMN51205880	101	8283	chromosome	0.0030543117989903774	0.012399954063754269	0	0	false	2	10	0
SAMN51205880	102	8011	chromosome	0.0005025181506132203	0.00044507870357542493	0	0	false	0	12	0
SAMN51205880	103	7695	chromosome	0.030712803277361277	0.0004451870632364604	0	0	false	2	10	0
SAMN51205880	104	7693	chromosome	0.0005025181506132203	0.00044507870357542493	0	0	false	0	12	0
SAMN51205880	105	6746	chromosome	0.0003623630713839953	0.000494262733702148	0	0	false	1	10	1
SAMN51205880	106	6617	chromosome	0.0005025181506132203	0.00044507870357542493	0	0	false	0	12	0
SAMN51205880	107	5334	chromosome	0.0009329050566734367	0.00045420723350961815	0	0	false	1	11	0
SAMN51205880	108	5173	plasmid	0.7495178318541625	0.6117803553111494	0	0	false	8	4	0
SAMN51205880	109	5165	chromosome	0.0023477360266118638	0.00037819520222128546	0	0	false	1	11	0
SAMN51205880	11	89036	chromosome	0.0023477360266118638	0.00019242473508039343	0	0	false	1	11	0
SAMN51205880	110	5008	chromosome	0.0005025181506132203	0.00045420723350961815	0	0	false	0	12	0
SAMN51205880	111	4748	plasmid	0.985879220627079	0.8477830020046719	1	1	false	6	6	0
SAMN51205880	112	4157	chromosome	0.0023477360266118638	0.00037819520222128546	0	0	false	1	11	0
SAMN51205880	113	4113	chromosome	0.0005025181506132203	0.00045420723350961815	0	0	false	0	12	0
SAMN51205880	114	4098	plasmid	0.9996756519149296	0.8099088882311339	1	1	false	11	1	0
SAMN51205880	115	4022	chromosome	0.0076635662944439355	0.00045475645337781224	0	0	false	3	9	0
SAMN51205880	116	3970	chromosome	0.0043515984760592406	0.0004688849824399175	0	0	false	2	10	0
SAMN51205880	117	3917	chromosome	0.0005025181506132203	0.00045420723350961815	0	0	false	0	12	0
SAMN51205880	118	3862	chromosome	0.006724141415640177	0.0003654744619548834	0	0	false	1	11	0
SAMN51205880	119	3819	chromosome	0.0023477360266118638	0.00037819520222128546	0	0	false	1	11	0
SAMN51205880	12	88332	chromosome	0.0023477360266118638	0.00019242473508039343	0	0	false	1	11	0
SAMN51205880	120	2935	chromosome	0.7345287458463133	0.8607732186071938	0	0	false	8	3	1
SAMN51205880	122	2652	chromosome	0.0005025181506132203	0.00045420723350961815	0	0	false	0	12	0
SAMN51205880	123	2193	chromosome	0.0005025181506132203	0.0004031743064177074	0	0	false	0	12	0
SAMN51205880	124	2098	chromosome	0.0005025181506132203	0.0004031743064177074	0	0	false	0	12	0
SAMN51205880	125	2098	chromosome	0.0005025181506132203	0.0004031743064177074	0	0	false	0	12	0
SAMN51205880	126	1967	chromosome	0.2981993772713646	0.01921824216561527	0	0	false	3	8	1
SAMN51205880	127	1860	chromosome	0.00012599395954687636	0.0003847557351072601	0	0	false	1	10	1
SAMN51205880	128	1834	plasmid	0.9703096995214244	0.9294071232195692	1	1	false	9	2	1
SAMN51205880	129	1824	chromosome	0.0005025181506132203	0.0004031743064177074	0	0	false	0	12	0
SAMN51205880	13	87958	chromosome	0.0005025181506132203	0.0002672873604441922	0	0	false	0	12	0
SAMN51205880	131	1560	chromosome	0.0005025181506132203	0.0004031743064177074	0	0	false	0	12	0
SAMN51205880	132	1520	chromosome	0.0010125226022510867	0.0016524973571762811	0	0	false	0	9	3
SAMN51205880	135	1396	chromosome	0.03747193102673338	0.008739499296492119	0	0	false	2	9	1
SAMN51205880	136	1345	plasmid	0.987351162218125	0.5567835022540364	1	1	false	8	4	0
SAMN51205880	137	1345	plasmid	0.993036133590978	0.8808336719005362	1	1	false	9	3	0
SAMN51205880	138	1332	chromosome	0.00012599395954687636	0.0003847557351072601	0	0	false	1	10	1
SAMN51205880	139	1292	chromosome	0.00012599395954687636	0.0003847557351072601	0	0	false	1	10	1
SAMN51205880	14	87221	chromosome	0.0005025181506132203	0.0002672873604441922	0	0	false	0	12	0
SAMN51205880	140	1245	chromosome	0.0005025181506132203	0.0004031743064177074	0	0	false	0	12	0
SAMN51205880	15	80819	plasmid	0.999822425133984	0.9922060466349983	1	1	false	12	0	0
SAMN51205880	16	76953	chromosome	0.0005025181506132203	0.0004492188128958452	0	0	false	0	12	0
SAMN51205880	17	76387	chromosome	0.0005025181506132203	0.0004492188128958452	0	0	false	0	12	0
SAMN51205880	18	69037	chromosome	0.0005025181506132203	0.0004492188128958452	0	0	false	0	12	0
SAMN51205880	19	67969	chromosome	0.0043515984760592406	0.00040097616921077743	0	0	false	2	10	0
SAMN51205880	2	137793	chromosome	0.0005025181506132203	0.0002672873604441922	0	0	false	0	12	0
SAMN51205880	20	66481	chromosome	0.0005025181506132203	0.0004492188128958452	0	0	false	0	12	0
SAMN51205880	21	65365	chromosome	0.0023477360266118638	0.00032341677882516976	0	0	false	1	11	0
SAMN51205880	22	64977	chromosome	0.0023477360266118638	0.00021893572946223838	0	0	false	1	11	0
SAMN51205880	23	62059	chromosome	0.0005025181506132203	0.00030410928997171786	0	0	false	0	12	0
SAMN51205880	24	61809	chromosome	0.0005025181506132203	0.00030410928997171786	0	0	false	0	12	0
SAMN51205880	25	61520	chromosome	0.0005025181506132203	0.00030410928997171786	0	0	false	0	12	0
SAMN51205880	26	60563	chromosome	0.0009329050566734367	0.00030410928997171786	0	0	false	1	11	0
SAMN51205880	27	60000	chromosome	0.0005025181506132203	0.00030410928997171786	0	0	false	0	12	0
SAMN51205880	28	59842	chromosome	0.0005025181506132203	0.00030410928997171786	0	0	false	0	12	0
SAMN51205880	29	57717	chromosome	0.0023477360266118638	0.00021893572946223838	0	0	false	1	11	0
SAMN51205880	3	118353	chromosome	0.0005025181506132203	0.0002672873604441922	0	0	false	0	12	0
SAMN51205880	30	57365	chromosome	0.0005025181506132203	0.00030410928997171786	0	0	false	0	12	0
SAMN51205880	31	56309	chromosome	0.0005025181506132203	0.00030410928997171786	0	0	false	0	12	0
SAMN51205880	32	55529	chromosome	0.0005025181506132203	0.00030410928997171786	0	0	false	0	12	0
SAMN51205880	33	54869	chromosome	0.0009329050566734367	0.00030410928997171786	0	0	false	1	11	0
SAMN51205880	34	54257	chromosome	0.0005025181506132203	0.00030410928997171786	0	0	false	0	12	0
SAMN51205880	35	52459	chromosome	0.0023477360266118638	0.00021893572946223838	0	0	false	1	11	0
SAMN51205880	36	51820	chromosome	0.0005025181506132203	0.00030410928997171786	0	0	false	0	12	0
SAMN51205880	37	51588	chromosome	0.0023477360266118638	0.00021893572946223838	0	0	false	1	11	0
SAMN51205880	38	50958	chromosome	0.0005025181506132203	0.00030410928997171786	0	0	false	0	12	0
SAMN51205880	39	48690	chromosome	0.0005025181506132203	0.00030410928997171786	0	0	false	0	12	0
SAMN51205880	4	110328	chromosome	0.0005025181506132203	0.0002672873604441922	0	0	false	0	12	0
SAMN51205880	40	48261	chromosome	0.0005025181506132203	0.00030410928997171786	0	0	false	0	12	0
SAMN51205880	41	47344	chromosome	0.0005025181506132203	0.00030410928997171786	0	0	false	0	12	0
SAMN51205880	42	46962	chromosome	0.0009329050566734367	0.00030410928997171786	0	0	false	1	11	0
SAMN51205880	43	46887	chromosome	0.0023477360266118638	0.00021893572946223838	0	0	false	1	11	0
SAMN51205880	44	46876	chromosome	0.0005025181506132203	0.00030410928997171786	0	0	false	0	12	0
SAMN51205880	45	46545	chromosome	0.0005025181506132203	0.00030410928997171786	0	0	false	0	12	0
SAMN51205880	46	46352	chromosome	0.0005025181506132203	0.00030410928997171786	0	0	false	0	12	0
SAMN51205880	47	46127	chromosome	0.0005025181506132203	0.00030410928997171786	0	0	false	0	12	0
SAMN51205880	48	41894	chromosome	0.0005025181506132203	0.00030410928997171786	0	0	false	0	12	0
SAMN51205880	49	41422	chromosome	0.0005025181506132203	0.00030410928997171786	0	0	false	0	12	0
SAMN51205880	5	107675	chromosome	0.0005025181506132203	0.0002672873604441922	0	0	false	0	12	0
SAMN51205880	50	40704	plasmid	0.9931544050611385	0.9922060466349983	1	1	false	11	1	0
SAMN51205880	51	39755	chromosome	0.0005025181506132203	0.00030410928997171786	0	0	false	0	12	0
SAMN51205880	52	39272	chromosome	0.0005025181506132203	0.00030410928997171786	0	0	false	0	12	0
SAMN51205880	53	36932	chromosome	0.0005025181506132203	0.00030410928997171786	0	0	false	0	12	0
SAMN51205880	54	34458	chromosome	0.0005025181506132203	0.00032475257110604715	0	0	false	0	12	0
SAMN51205880	55	34240	chromosome	0.024711780572106334	0.38189158876972007	0	0	false	4	8	0
SAMN51205880	56	33606	chromosome	0.0005025181506132203	0.00032475257110604715	0	0	false	0	12	0
SAMN51205880	57	33548	chromosome	0.0005025181506132203	0.00032475257110604715	0	0	false	0	12	0
SAMN51205880	58	32060	plasmid	0.999822425133984	0.9922060466349983	1	1	false	12	0	0
SAMN51205880	59	31115	chromosome	0.0009329050566734367	0.00032475257110604715	0	0	false	1	11	0
SAMN51205880	6	107053	chromosome	0.0005025181506132203	0.0002672873604441922	0	0	false	0	12	0
SAMN51205880	60	31110	chromosome	0.0005025181506132203	0.00032475257110604715	0	0	false	0	12	0
SAMN51205880	61	30961	chromosome	0.0005025181506132203	0.00032475257110604715	0	0	false	0	12	0
SAMN51205880	62	30781	chromosome	0.0005025181506132203	0.00032475257110604715	0	0	false	0	12	0
SAMN51205880	63	30195	chromosome	0.0005025181506132203	0.00032475257110604715	0	0	false	0	12	0
SAMN51205880	64	29824	chromosome	0.0005025181506132203	0.00032475257110604715	0	0	false	0	12	0
SAMN51205880	65	29738	chromosome	0.0005025181506132203	0.00032475257110604715	0	0	false	0	12	0
SAMN51205880	66	29610	chromosome	0.0005025181506132203	0.00032475257110604715	0	0	false	0	12	0
SAMN51205880	67	29559	chromosome	0.0005025181506132203	0.00032475257110604715	0	0	false	0	12	0
SAMN51205880	68	28862	chromosome	0.0005025181506132203	0.00032475257110604715	0	0	false	0	12	0
SAMN51205880	69	27634	plasmid	0.9996756519149296	0.8889586846783327	1	1	false	11	1	0
SAMN51205880	7	101298	chromosome	0.0005025181506132203	0.0002672873604441922	0	0	false	0	12	0
SAMN51205880	70	27555	chromosome	0.0005025181506132203	0.00032475257110604715	0	0	false	0	12	0
SAMN51205880	71	27316	chromosome	0.0005025181506132203	0.00032475257110604715	0	0	false	0	12	0
SAMN51205880	72	27072	chromosome	0.0005025181506132203	0.00032475257110604715	0	0	false	0	12	0
SAMN51205880	73	26698	chromosome	0.0047632320085462835	0.00032475257110604715	0	0	false	1	11	0
SAMN51205880	74	26531	chromosome	0.0005025181506132203	0.00032475257110604715	0	0	false	0	12	0
SAMN51205880	75	25721	chromosome	0.0005025181506132203	0.00032475257110604715	0	0	false	0	12	0
SAMN51205880	76	24926	chromosome	0.0009329050566734367	0.00032475257110604715	0	0	false	1	11	0
SAMN51205880	77	22635	chromosome	0.0005025181506132203	0.00032475257110604715	0	0	false	0	12	0
SAMN51205880	78	20465	chromosome	0.0005025181506132203	0.00033583104148357274	0	0	false	0	12	0
SAMN51205880	79	20317	chromosome	0.0005025181506132203	0.00033583104148357274	0	0	false	0	12	0
SAMN51205880	8	99934	chromosome	0.0005025181506132203	0.0002672873604441922	0	0	false	0	12	0
SAMN51205880	80	19531	chromosome	0.0005025181506132203	0.00033583104148357274	0	0	false	0	12	0
SAMN51205880	81	19116	chromosome	0.0005025181506132203	0.00033583104148357274	0	0	false	0	12	0
SAMN51205880	82	18220	chromosome	0.0009329050566734367	0.00033583104148357274	0	0	false	1	11	0
SAMN51205880	83	17720	chromosome	0.0005025181506132203	0.00033583104148357274	0	0	false	0	12	0
SAMN51205880	84	16351	chromosome	0.0043515984760592406	0.0004594615988110318	0	0	false	2	10	0
SAMN51205880	85	16204	chromosome	0.0005025181506132203	0.00044507870357542493	0	0	false	0	12	0
SAMN51205880	86	15251	chromosome	0.0076635662944439355	0.00044561689029731295	0	0	false	3	9	0
SAMN51205880	87	15169	chromosome	0.0005025181506132203	0.00044507870357542493	0	0	false	0	12	0
SAMN51205880	88	14803	chromosome	0.0009329050566734367	0.00044507870357542493	0	0	false	1	11	0
SAMN51205880	89	14767	chromosome	0.0009329050566734367	0.00044507870357542493	0	0	false	1	11	0
SAMN51205880	9	98396	chromosome	0.0005025181506132203	0.0002672873604441922	0	0	false	0	12	0
SAMN51205880	90	14426	chromosome	0.0005025181506132203	0.00044507870357542493	0	0	false	0	12	0
SAMN51205880	91	14006	chromosome	0.0005025181506132203	0.00044507870357542493	0	0	false	0	12	0
SAMN51205880	92	12170	chromosome	0.0009329050566734367	0.00044507870357542493	0	0	false	1	11	0
SAMN51205880	93	11813	chromosome	0.021562515166430943	0.0005780952220656879	0	0	false	2	9	1
SAMN51205880	94	11791	chromosome	0.0043515984760592406	0.0004594615988110318	0	0	false	2	10	0
SAMN51205880	95	11245	chromosome	0.0009329050566734367	0.00044507870357542493	0	0	false	1	11	0
SAMN51205880	96	11027	plasmid	0.937435332346856	0.6207409588560511	1	1	false	9	3	0
SAMN51205880	97	10004	chromosome	0.0005025181506132203	0.00044507870357542493	0	0	false	0	12	0
SAMN51205880	98	8910	chromosome	0.0009329050566734367	0.00044507870357542493	0	0	false	1	11	0
SAMN51205880	99	8508	chromosome	0.0005025181506132203	0.00044507870357542493	0	0	false	0	12	0
SAMN51205882	1	688876	chromosome	0.0005025181506132203	0.00011060990091914079	0	0	false	0	12	0
SAMN51205882	10	232362	chromosome	0.0023477360266118638	0.00011060990091914079	0	0	false	1	11	0
SAMN51205882	11	206676	chromosome	0.0005025181506132203	0.00011060990091914079	0	0	false	0	12	0
SAMN51205882	12	159431	chromosome	0.0005025181506132203	0.00011060990091914079	0	0	false	0	12	0
SAMN51205882	13	155072	chromosome	0.0005025181506132203	0.00011060990091914079	0	0	false	0	12	0
SAMN51205882	14	138869	chromosome	0.0005025181506132203	0.00011060990091914079	0	0	false	0	12	0
SAMN51205882	15	120377	chromosome	0.0023477360266118638	0.00011060990091914079	0	0	false	1	11	0
SAMN51205882	16	111288	chromosome	0.0005025181506132203	0.00011060990091914079	0	0	false	0	12	0
SAMN51205882	17	101514	chromosome	0.0023477360266118638	0.00011060990091914079	0	0	false	1	11	0
SAMN51205882	18	92846	plasmid	0.9986249460710745	0.5259877758714383	1	1	false	10	2	0
SAMN51205882	19	86622	chromosome	0.0023477360266118638	0.00011060990091914079	0	0	false	1	11	0
SAMN51205882	2	484880	chromosome	0.0005025181506132203	0.00011060990091914079	0	0	false	0	12	0
SAMN51205882	20	71317	chromosome	0.0005025181506132203	0.00019624801595749276	0	0	false	0	12	0
SAMN51205882	21	44373	plasmid	0.999822425133984	0.9674927515411808	1	1	true	12	0	0
SAMN51205882	22	40748	chromosome	0.0005025181506132203	0.00014703756920924	0	0	false	0	12	0
SAMN51205882	23	35931	chromosome	0.0005025181506132203	0.00014703756920924	0	0	false	0	12	0
SAMN51205882	24	30122	chromosome	0.0005025181506132203	0.00015702031971392337	0	0	false	0	12	0
SAMN51205882	25	19248	chromosome	0.09419023687361255	0.02452440890845944	0	0	false	4	8	0
SAMN51205882	26	16522	chromosome	0.0005025181506132203	0.0002072755117002093	0	0	false	0	12	0
SAMN51205882	27	16134	chromosome	0.0005025181506132203	0.0002072755117002093	0	0	false	0	12	0
SAMN51205882	28	15575	chromosome	0.0005025181506132203	0.0002072755117002093	0	0	false	0	12	0
SAMN51205882	29	13590	chromosome	0.12010912004631195	0.055300055538747776	0	0	false	4	8	0
SAMN51205882	3	403279	chromosome	0.0005025181506132203	0.00011060990091914079	0	0	false	0	12	0
SAMN51205882	30	12084	chromosome	0.0023477360266118638	0.00023972475777896807	0	0	false	1	11	0
SAMN51205882	31	10932	chromosome	0.9750153105721396	0.6067163263660421	1	0	true	9	2	1
SAMN51205882	32	9907	chromosome	0.19389199574930574	0.0004403929863921732	0	0	false	3	8	1
SAMN51205882	33	8581	chromosome	0.1325911154192318	0.04962604359783326	0	0	false	4	8	0
SAMN51205882	34	8495	chromosome	0.0009329050566734367	0.0002072755117002093	0	0	false	1	11	0
SAMN51205882	35	8138	chromosome	0.0005025181506132203	0.0002072755117002093	0	0	false	0	12	0
SAMN51205882	36	7773	chromosome	0.8835057081932798	0.597725132672293	0	0	true	8	3	1
SAMN51205882	37	6200	plasmid	0.999822425133984	0.756050379592885	1	0	true	12	0	0
SAMN51205882	38	6084	chromosome	0.0043515984760592406	0.0002972197215497225	0	0	false	2	10	0
SAMN51205882	39	4280	chromosome	0.03994339101956933	0.0003059934691798908	0	0	false	3	9	0
SAMN51205882	4	351591	chromosome	0.0005025181506132203	0.00011060990091914079	0	0	false	0	12	0
SAMN51205882	40	3526	chromosome	0.9750153105721396	0.48834761479186917	1	0	true	9	2	1
SAMN51205882	41	2935	chromosome	0.0043515984760592406	0.00030331659538970524	0	0	false	2	10	0
SAMN51205882	42	2674	chromosome	0.0023477360266118638	0.00024464252494210285	0	0	false	1	11	0
SAMN51205882	43	2264	chromosome	0.0005025181506132203	0.00019529978429343002	0	0	false	0	12	0
SAMN51205882	44	1872	chromosome	0.00012599395954687636	0.0002588859248915873	0	0	false	1	10	1
SAMN51205882	45	1774	chromosome	0.00012599395954687636	0.0002835568733198266	0	0	false	1	10	1
SAMN51205882	46	1611	chromosome	0.0005025181506132203	0.00021391248626354914	0	0	false	0	12	0
SAMN51205882	48	1517	chromosome	0.9749197634439232	0.5477649252184301	1	1	false	8	3	1
SAMN51205882	49	1264	chromosome	2.629307352510889e-05	0.00031802929333166045	0	0	false	0	11	1
SAMN51205882	5	349154	chromosome	0.0005025181506132203	0.00011060990091914079	0	0	false	0	12	0
SAMN51205882	50	1161	chromosome	2.629307352510889e-05	0.00031802929333166045	0	0	false	0	11	1
SAMN51205882	51	1060	chromosome	0.01817016051339902	0.0028343767825208337	0	0	false	2	7	3
SAMN51205882	52	1059	chromosome	0.006724141415640177	0.00048170607354165517	0	0	false	1	11	0
SAMN51205882	53	1017	chromosome	0.030712803277361277	0.0006906531921771327	0	0	false	2	10	0
SAMN51205882	6	299906	chromosome	0.0005025181506132203	0.00011060990091914079	0	0	false	0	12	0
SAMN51205882	7	291961	chromosome	0.0005025181506132203	0.00011060990091914079	0	0	false	0	12	0
SAMN51205882	8	259654	chromosome	0.0005025181506132203	0.00011060990091914079	0	0	false	0	12	0
SAMN51205882	9	244224	chromosome	0.0005025181506132203	0.00011060990091914079	0	0	false	0	12	0
SAMN51205883	1	414097	chromosome	0.0005025181506132203	0.0009500596940933647	0	0	false	0	12	0
SAMN51205883	10	156733	chromosome	0.0005025181506132203	0.0009500596940933647	0	0	false	0	12	0
SAMN51205883	11	150618	chromosome	0.0005025181506132203	0.0009500596940933647	0	0	false	0	12	0
SAMN51205883	12	150316	chromosome	0.0005025181506132203	0.0009500596940933647	0	0	false	0	12	0
SAMN51205883	13	139598	chromosome	0.0005025181506132203	0.0009500596940933647	0	0	false	0	12	0
SAMN51205883	14	135322	chromosome	0.0023477360266118638	0.0009500596940933647	0	0	false	1	11	0
SAMN51205883	15	129160	chromosome	0.0005025181506132203	0.0009500596940933647	0	0	false	0	12	0
SAMN51205883	16	126731	chromosome	0.0005025181506132203	0.0009500596940933647	0	0	false	0	12	0
SAMN51205883	17	111408	chromosome	0.0005025181506132203	0.0009500596940933647	0	0	false	0	12	0
SAMN51205883	18	104058	chromosome	0.0005025181506132203	0.0009500596940933647	0	0	false	0	12	0
SAMN51205883	19	101452	chromosome	0.0023477360266118638	0.0009500596940933647	0	0	false	1	11	0
SAMN51205883	2	359799	chromosome	0.0005025181506132203	0.0009500596940933647	0	0	false	0	12	0
SAMN51205883	20	100419	chromosome	0.0005025181506132203	0.0009500596940933647	0	0	false	0	12	0
SAMN51205883	21	88056	chromosome	0.0023477360266118638	0.0009500596940933647	0	0	false	1	11	0
SAMN51205883	22	78773	chromosome	0.0005025181506132203	0.0009500596940933647	0	0	false	0	12	0
SAMN51205883	23	73807	chromosome	0.0023477360266118638	0.001595984129854671	0	0	false	1	11	0
SAMN51205883	24	69755	plasmid	0.999822425133984	0.99812184203129	1	1	true	12	0	0
SAMN51205883	25	63741	chromosome	0.0023477360266118638	0.0011962008291016562	0	0	false	1	11	0
SAMN51205883	26	62632	chromosome	0.0005025181506132203	0.0011962008291016562	0	0	false	0	12	0
SAMN51205883	27	58225	chromosome	0.0016468472579477477	0.020671093658045057	0	0	false	1	11	0
SAMN51205883	28	56140	chromosome	0.0005025181506132203	0.0011962008291016562	0	0	false	0	12	0
SAMN51205883	29	47901	plasmid	0.937435332346856	0.9672543853006884	1	1	false	9	3	0
SAMN51205883	3	252835	chromosome	0.0005025181506132203	0.0009500596940933647	0	0	false	0	12	0
SAMN51205883	30	46879	chromosome	0.0005025181506132203	0.0011962008291016562	0	0	false	0	12	0
SAMN51205883	31	45906	plasmid	0.8835057081932798	0.9674625101796613	0	0	false	8	3	1
SAMN51205883	32	43611	chromosome	0.0005025181506132203	0.0011962008291016562	0	0	false	0	12	0
SAMN51205883	33	41504	plasmid	0.42167580725551146	0.9782389051005506	0	0	false	8	4	0
SAMN51205883	34	39241	chromosome	0.0005025181506132203	0.0011962008291016562	0	0	false	0	12	0
SAMN51205883	35	38723	chromosome	0.0005025181506132203	0.0011962008291016562	0	0	false	0	12	0
SAMN51205883	36	37535	chromosome	0.0005025181506132203	0.0011962008291016562	0	0	false	0	12	0
SAMN51205883	37	36010	chromosome	0.0005025181506132203	0.0011962008291016562	0	0	false	0	12	0
SAMN51205883	38	35397	chromosome	0.0005025181506132203	0.0012773229153878662	0	0	false	0	12	0
SAMN51205883	39	33618	chromosome	0.0005025181506132203	0.0012773229153878662	0	0	false	0	12	0
SAMN51205883	4	250877	chromosome	0.0005025181506132203	0.0009500596940933647	0	0	false	0	12	0
SAMN51205883	40	28586	chromosome	0.0005025181506132203	0.0012773229153878662	0	0	false	0	12	0
SAMN51205883	41	27105	chromosome	0.0005025181506132203	0.0012773229153878662	0	0	false	0	12	0
SAMN51205883	42	26736	chromosome	0.0005025181506132203	0.0012773229153878662	0	0	false	0	12	0
SAMN51205883	43	23468	chromosome	0.0043515984760592406	0.0018307484661497994	0	0	false	2	10	0
SAMN51205883	44	23254	chromosome	0.0023477360266118638	0.0014770419677648315	0	0	false	1	11	0
SAMN51205883	45	22943	plasmid	0.9506805552025154	0.9751828672712494	1	1	true	7	5	0
SAMN51205883	46	20779	chromosome	0.0005025181506132203	0.001320854027404172	0	0	false	0	12	0
SAMN51205883	47	14745	chromosome	0.0023477360266118638	0.002023445969688531	0	0	false	1	11	0
SAMN51205883	48	11783	chromosome	0.0009329050566734367	0.0017499740792468077	0	0	false	1	11	0
SAMN51205883	49	11752	chromosome	0.0005025181506132203	0.0017499740792468077	0	0	false	0	12	0
SAMN51205883	5	248214	chromosome	0.0005025181506132203	0.0009500596940933647	0	0	false	0	12	0
SAMN51205883	50	10958	plasmid	0.9931544050611385	0.9969783150028219	1	1	false	11	1	0
SAMN51205883	51	10860	chromosome	0.0005025181506132203	0.0017499740792468077	0	0	false	0	12	0
SAMN51205883	52	10287	chromosome	0.0005025181506132203	0.0017499740792468077	0	0	false	0	12	0
SAMN51205883	53	9329	plasmid	0.8184416904444722	0.9838556443497639	0	0	false	9	2	1
SAMN51205883	54	7871	plasmid	0.9647539237935542	0.9830722459066009	1	1	false	10	2	0
SAMN51205883	55	7727	chromosome	0.0009329050566734367	0.0017499740792468077	0	0	false	1	11	0
SAMN51205883	56	7555	chromosome	0.0009329050566734367	0.0017499740792468077	0	0	false	1	11	0
SAMN51205883	57	7529	chromosome	0.0023477360266118638	0.002023445969688531	0	0	false	1	11	0
SAMN51205883	58	6775	chromosome	0.0009329050566734367	0.0017499740792468077	0	0	false	1	11	0
SAMN51205883	59	5652	plasmid	0.9931544050611385	0.9939534899348801	1	1	false	11	1	0
SAMN51205883	6	241459	chromosome	0.0005025181506132203	0.0009500596940933647	0	0	false	0	12	0
SAMN51205883	60	4543	plasmid	0.9034273855405134	0.8671589655046004	0	0	false	4	7	1
SAMN51205883	61	4034	plasmid	0.9704222765871559	0.9873520459752577	1	1	true	10	1	1
SAMN51205883	62	3905	plasmid	0.09224463431841529	0.8803679595289221	0	0	false	6	5	1
SAMN51205883	63	3570	chromosome	0.004013241517556705	0.0062533169437935686	0	0	false	0	11	1
SAMN51205883	64	3493	chromosome	0.30724088280790024	0.40916150500292037	0	0	false	4	8	0
SAMN51205883	65	3167	plasmid	0.999822425133984	0.9912010586316363	1	1	false	12	0	0
SAMN51205883	66	3167	plasmid	0.9996756519149296	0.9852120887841221	1	1	false	11	1	0
SAMN51205883	67	3111	plasmid	0.9875647758701592	0.9653591870315362	1	1	false	10	2	0
SAMN51205883	68	2973	chromosome	2.629307352510889e-05	0.001785818097170428	0	0	false	0	11	1
SAMN51205883	69	2712	chromosome	0.0043515984760592406	0.002558994788457477	0	0	false	2	10	0
SAMN51205883	7	199644	chromosome	0.0005025181506132203	0.0009500596940933647	0	0	false	0	12	0
SAMN51205883	70	2640	chromosome	0.014137038622815292	0.040002947201853184	0	0	false	3	9	0
SAMN51205883	71	2503	plasmid	0.9931544050611385	0.9912010586316363	1	1	false	11	1	0
SAMN51205883	72	2416	plasmid	0.6619498171222769	0.888467987213301	0	0	false	5	7	0
SAMN51205883	73	2324	plasmid	0.9492724375550261	0.9443128630214459	1	1	false	9	3	0
SAMN51205883	74	2267	chromosome	0.00012599395954687636	0.0021848681523780004	0	0	false	1	10	1
SAMN51205883	75	2101	plasmid	0.9996756519149296	0.981260010939536	1	1	false	11	1	0
SAMN51205883	76	2072	chromosome	0.00012599395954687636	0.0021848681523780004	0	0	false	1	10	1
SAMN51205883	77	2012	plasmid	0.9914078226847521	0.7874613615368569	1	1	false	5	7	0
SAMN51205883	78	2005	chromosome	0.0005025181506132203	0.0016490130894969831	0	0	false	0	12	0
SAMN51205883	79	1910	chromosome	0.05262730758006551	0.004774916374767112	0	0	false	1	10	1
SAMN51205883	8	192821	chromosome	0.0005025181506132203	0.0009500596940933647	0	0	false	0	12	0
SAMN51205883	80	1714	chromosome	0.0005025181506132203	0.0016490130894969831	0	0	false	0	12	0
SAMN51205883	81	1697	plasmid	0.9500513350318119	0.9595931633028352	1	1	false	8	4	0
SAMN51205883	82	1651	chromosome	0.05262730758006551	0.005168815340964758	0	0	false	1	10	1
SAMN51205883	83	1646	plasmid	0.9712455191531575	0.9732631190340633	1	1	false	8	3	1
SAMN51205883	84	1504	chromosome	0.0005025181506132203	0.0016490130894969831	0	0	false	0	12	0
SAMN51205883	85	1430	chromosome	0.0029797441484276485	0.005168815340964758	0	0	false	1	9	2
SAMN51205883	86	1427	chromosome	0.00012599395954687636	0.0021848681523780004	0	0	false	1	10	1
SAMN51205883	87	1330	chromosome	0.0003623630713839953	0.0013621696682397542	0	0	false	1	10	1
SAMN51205883	88	1310	chromosome	0.004108884695956569	0.037512345250795665	0	0	false	3	8	1
SAMN51205883	89	1285	chromosome	0.0013734342506121736	0.00939841164245909	0	0	false	2	9	1
SAMN51205883	9	163680	chromosome	0.0005025181506132203	0.0009500596940933647	0	0	false	0	12	0
SAMN51205883	90	1261	chromosome	0.0023477360266118638	0.0019067377435936614	0	0	false	1	11	0
SAMN51205883	91	1239	plasmid	0.959724830623704	0.8108569576425342	1	1	false	5	7	0
SAMN51205883	92	1109	chromosome	2.629307352510889e-05	0.0016490130894969831	0	0	false	0	11	1
SAMN51205883	94	1100	plasmid	0.9674910531027611	0.9497729065653726	1	1	false	5	7	0
SAMN51205883	95	1082	chromosome	0.00012599395954687636	0.0021848681523780004	0	0	false	1	10	1
SAMN51205883	96	1053	plasmid	0.0006230974243322653	0.0021081128623145146	0	0	false	1	9	2
SAMN51205883	97	1018	chromosome	0.0005025181506132203	0.0016490130894969831	0	0	false	0	12	0
SAMN51205883	98	1001	plasmid	0.9446931298980742	0.9860265944079741	1	1	false	8	2	2
SAMN51250218	1	258687	chromosome	0.0005025181506132203	0.0009500596940933647	0	0	false	0	12	0
SAMN51250218	10	154603	chromosome	0.0005025181506132203	0.0009500596940933647	0	0	false	0	12	0
SAMN51250218	11	149491	chromosome	0.0023477360266118638	0.0009500596940933647	0	0	false	1	11	0
SAMN51250218	12	144277	chromosome	0.0005025181506132203	0.0009500596940933647	0	0	false	0	12	0
SAMN51250218	13	123582	chromosome	0.0043515984760592406	0.0011777188554739134	0	0	false	2	10	0
SAMN51250218	14	115965	chromosome	0.0005025181506132203	0.0009500596940933647	0	0	false	0	12	0
SAMN51250218	15	114459	chromosome	0.0005025181506132203	0.0009500596940933647	0	0	false	0	12	0
SAMN51250218	16	112285	chromosome	0.0005025181506132203	0.0009500596940933647	0	0	false	0	12	0
SAMN51250218	17	111640	chromosome	0.0005025181506132203	0.0009500596940933647	0	0	false	0	12	0
SAMN51250218	18	110616	chromosome	0.0005025181506132203	0.0009500596940933647	0	0	false	0	12	0
SAMN51250218	19	106350	chromosome	0.0005025181506132203	0.0009500596940933647	0	0	false	0	12	0
SAMN51250218	2	257230	chromosome	0.0005025181506132203	0.0009500596940933647	0	0	false	0	12	0
SAMN51250218	20	104787	chromosome	0.0023477360266118638	0.0009500596940933647	0	0	false	1	11	0
SAMN51250218	21	90677	chromosome	0.0005025181506132203	0.0009500596940933647	0	0	false	0	12	0
SAMN51250218	22	85490	chromosome	0.0005025181506132203	0.0009500596940933647	0	0	false	0	12	0
SAMN51250218	23	75312	plasmid	0.999822425133984	0.99812184203129	1	1	true	12	0	0
SAMN51250218	24	73779	chromosome	0.0023477360266118638	0.001595984129854671	0	0	false	1	11	0
SAMN51250218	25	68903	chromosome	0.0023477360266118638	0.0017662308396507332	0	0	false	1	11	0
SAMN51250218	26	67866	chromosome	0.0043515984760592406	0.0021890374327066028	0	0	false	2	10	0
SAMN51250218	27	66168	chromosome	0.0005025181506132203	0.0017662308396507332	0	0	false	0	12	0
SAMN51250218	28	64263	chromosome	0.0005025181506132203	0.0011962008291016562	0	0	false	0	12	0
SAMN51250218	29	63665	chromosome	0.0009329050566734367	0.0011962008291016562	0	0	false	1	11	0
SAMN51250218	3	229279	chromosome	0.0005025181506132203	0.0009500596940933647	0	0	false	0	12	0
SAMN51250218	30	59733	chromosome	0.0005025181506132203	0.0011962008291016562	0	0	false	0	12	0
SAMN51250218	31	59711	chromosome	0.0005025181506132203	0.0011962008291016562	0	0	false	0	12	0
SAMN51250218	32	58840	chromosome	0.0005025181506132203	0.0011962008291016562	0	0	false	0	12	0
SAMN51250218	33	51183	chromosome	0.0005025181506132203	0.0011962008291016562	0	0	false	0	12	0
SAMN51250218	34	45929	chromosome	0.0009329050566734367	0.0011962008291016562	0	0	false	1	11	0
SAMN51250218	35	41362	chromosome	0.0005025181506132203	0.0011962008291016562	0	0	false	0	12	0
SAMN51250218	36	41169	chromosome	0.0005025181506132203	0.0011962008291016562	0	0	false	0	12	0
SAMN51250218	37	38952	chromosome	0.0005025181506132203	0.0011962008291016562	0	0	false	0	12	0
SAMN51250218	38	37753	chromosome	0.0043515984760592406	0.0014827543080386458	0	0	false	2	10	0
SAMN51250218	39	36268	plasmid	0.28526982757881375	0.9399613089799823	0	0	false	7	5	0
SAMN51250218	4	220650	chromosome	0.0005025181506132203	0.0009500596940933647	0	0	false	0	12	0
SAMN51250218	40	36000	chromosome	8.832123692355431e-05	0.023621549134965957	0	0	false	1	10	1
SAMN51250218	41	35253	chromosome	0.0005025181506132203	0.0012773229153878662	0	0	false	0	12	0
SAMN51250218	42	34434	plasmid	0.9931544050611385	0.99812184203129	1	1	true	11	1	0
SAMN51250218	43	33837	chromosome	0.0005025181506132203	0.0012773229153878662	0	0	false	0	12	0
SAMN51250218	44	33737	plasmid	0.9931544050611385	0.99812184203129	1	1	true	11	1	0
SAMN51250218	45	33441	chromosome	0.0005025181506132203	0.0012773229153878662	0	0	false	0	12	0
SAMN51250218	46	31703	chromosome	0.0005025181506132203	0.0012773229153878662	0	0	false	0	12	0
SAMN51250218	47	30707	chromosome	0.0005025181506132203	0.0012773229153878662	0	0	false	0	12	0
SAMN51250218	48	29772	chromosome	0.0005025181506132203	0.0012773229153878662	0	0	false	0	12	0
SAMN51250218	49	29258	chromosome	0.0005025181506132203	0.0012773229153878662	0	0	false	0	12	0
SAMN51250218	5	185678	chromosome	0.0005025181506132203	0.0009500596940933647	0	0	false	0	12	0
SAMN51250218	50	28758	chromosome	0.0005025181506132203	0.0012773229153878662	0	0	false	0	12	0
SAMN51250218	51	27006	chromosome	0.0009329050566734367	0.0012773229153878662	0	0	false	1	11	0
SAMN51250218	52	25581	plasmid	0.7849934510745252	0.9792213311753784	0	0	false	9	3	0
SAMN51250218	53	22717	chromosome	0.0005025181506132203	0.0012773229153878662	0	0	false	0	12	0
SAMN51250218	54	18976	chromosome	0.0005025181506132203	0.001320854027404172	0	0	false	0	12	0
SAMN51250218	55	16909	chromosome	0.0005025181506132203	0.0017499740792468077	0	0	false	0	12	0
SAMN51250218	56	16193	chromosome	0.0005025181506132203	0.0017499740792468077	0	0	false	0	12	0
SAMN51250218	57	15795	plasmid	0.959724830623704	0.8573408051598208	1	1	false	5	7	0
SAMN51250218	58	15225	chromosome	0.0016468472579477477	0.023465795550383688	0	0	false	1	11	0
SAMN51250218	59	14555	chromosome	0.0024123556419008763	0.002032668257920536	0	0	false	0	11	1
SAMN51250218	6	184692	chromosome	0.0005025181506132203	0.0009500596940933647	0	0	false	0	12	0
SAMN51250218	60	14374	chromosome	0.0005025181506132203	0.0017499740792468077	0	0	false	0	12	0
SAMN51250218	61	13933	plasmid	0.9931544050611385	0.9969783150028219	1	1	false	11	1	0
SAMN51250218	62	13504	chromosome	0.0005025181506132203	0.0017499740792468077	0	0	false	0	12	0
SAMN51250218	63	9327	chromosome	0.0005025181506132203	0.0017499740792468077	0	0	false	0	12	0
SAMN51250218	64	9325	plasmid	0.9857568595095695	0.9891809627391375	1	1	false	10	1	1
SAMN51250218	65	8033	chromosome	0.0005025181506132203	0.0017499740792468077	0	0	false	0	12	0
SAMN51250218	66	7938	chromosome	0.0005025181506132203	0.0017499740792468077	0	0	false	0	12	0
SAMN51250218	67	7560	plasmid	0.9931544050611385	0.9939534899348801	1	1	false	11	1	0
SAMN51250218	68	7356	chromosome	0.0005025181506132203	0.0017499740792468077	0	0	false	0	12	0
SAMN51250218	69	6351	chromosome	0.0023477360266118638	0.002023445969688531	0	0	false	1	11	0
SAMN51250218	7	168065	chromosome	0.0005025181506132203	0.0009500596940933647	0	0	false	0	12	0
SAMN51250218	70	5467	chromosome	0.04451587899095676	0.01005621519503817	0	0	false	3	9	0
SAMN51250218	71	4260	chromosome	0.0005025181506132203	0.001785818097170428	0	0	false	0	12	0
SAMN51250218	72	3893	plasmid	0.999822425133984	0.9912010586316363	1	1	false	12	0	0
SAMN51250218	73	3893	plasmid	0.999822425133984	0.9912010586316363	1	1	false	12	0	0
SAMN51250218	74	3667	chromosome	0.0009329050566734367	0.001785818097170428	0	0	false	1	11	0
SAMN51250218	75	3539	chromosome	0.0005025181506132203	0.001785818097170428	0	0	false	0	12	0
SAMN51250218	76	3388	chromosome	0.0043515984760592406	0.002558994788457477	0	0	false	2	10	0
SAMN51250218	79	2497	chromosome	0.0005025181506132203	0.001785818097170428	0	0	false	0	12	0
SAMN51250218	8	156676	chromosome	0.0023477360266118638	0.0009500596940933647	0	0	false	1	11	0
SAMN51250218	80	2327	plasmid	0.993036133590978	0.9581914502124417	1	1	false	9	3	0
SAMN51250218	81	2283	chromosome	0.0005025181506132203	0.0016490130894969831	0	0	false	0	12	0
SAMN51250218	82	2253	plasmid	0.021910581682701883	0.002363099753296169	0	0	false	2	10	0
SAMN51250218	83	2155	chromosome	0.00012599395954687636	0.0021848681523780004	0	0	false	1	10	1
SAMN51250218	84	2100	plasmid	0.6626635377643523	0.7818063327664492	0	0	false	6	6	0
SAMN51250218	85	2088	plasmid	0.9996756519149296	0.981260010939536	1	1	false	11	1	0
SAMN51250218	86	2074	chromosome	0.0005025181506132203	0.0016490130894969831	0	0	false	0	12	0
SAMN51250218	87	1939	chromosome	0.004013241517556705	0.005776253546749845	0	0	false	0	11	1
SAMN51250218	88	1869	plasmid	0.993036133590978	0.9581914502124417	1	1	false	9	3	0
SAMN51250218	89	1834	chromosome	0.0016468472579477477	0.02590391507224632	0	0	false	1	11	0
SAMN51250218	9	155768	chromosome	0.0005025181506132203	0.0009500596940933647	0	0	false	0	12	0
SAMN51250218	90	1590	plasmid	0.9929225458808841	0.9816961847615786	1	1	true	10	2	0
SAMN51250218	91	1380	chromosome	0.0016468472579477477	0.02590391507224632	0	0	false	1	11	0
SAMN51250218	92	1271	plasmid	0.9717122553050875	0.9865912256603262	1	1	false	9	2	1
SAMN51250218	93	1234	plasmid	0.7820679522767201	0.9587412686992498	0	0	false	7	5	0
SAMN51250218	94	1168	chromosome	0.0005025181506132203	0.0016490130894969831	0	0	false	0	12	0
SAMN51250218	95	1147	chromosome	0.00012599395954687636	0.0021848681523780004	0	0	false	1	10	1
SAMN51250218	96	1128	chromosome	2.629307352510889e-05	0.0016490130894969831	0	0	false	0	11	1
SAMN51250218	97	1058	chromosome	0.013227528526758615	0.009612075417961002	0	0	false	3	8	1
SAMN51250218	99	1010	chromosome	0.019011907462895737	0.006033457668230322	0	0	false	0	10	2
SAMN51250220	1	386987	chromosome	0.0005025181506132203	0.0009500596940933647	0	0	true	0	12	0
SAMN51250220	10	175751	chromosome	0.0005025181506132203	0.0009500596940933647	0	0	false	0	12	0
SAMN51250220	11	172701	chromosome	0.0005025181506132203	0.0009500596940933647	0	0	false	0	12	0
SAMN51250220	12	151493	chromosome	0.0023477360266118638	0.0009500596940933647	0	0	false	1	11	0
SAMN51250220	13	134705	chromosome	0.0005025181506132203	0.0009500596940933647	0	0	false	0	12	0
SAMN51250220	14	131044	chromosome	0.0005025181506132203	0.0009500596940933647	0	0	false	0	12	0
SAMN51250220	15	116708	chromosome	0.0005025181506132203	0.0009500596940933647	0	0	false	0	12	0
SAMN51250220	16	100289	chromosome	0.0005025181506132203	0.0009500596940933647	0	0	false	0	12	0
SAMN51250220	17	98749	chromosome	0.0005025181506132203	0.0009500596940933647	0	0	false	0	12	0
SAMN51250220	18	95783	chromosome	0.0005025181506132203	0.0009500596940933647	0	0	false	0	12	0
SAMN51250220	19	95421	chromosome	0.0005025181506132203	0.0009500596940933647	0	0	false	0	12	0
SAMN51250220	2	334949	chromosome	0.0005025181506132203	0.0009500596940933647	0	0	false	0	12	0
SAMN51250220	20	88805	chromosome	0.0005025181506132203	0.0009500596940933647	0	0	false	0	12	0
SAMN51250220	21	88032	chromosome	0.0023477360266118638	0.0009500596940933647	0	0	false	1	11	0
SAMN51250220	22	87674	chromosome	0.0005025181506132203	0.0009500596940933647	0	0	false	0	12	0
SAMN51250220	23	84629	chromosome	0.0005025181506132203	0.0009500596940933647	0	0	false	0	12	0
SAMN51250220	24	77868	chromosome	0.0005025181506132203	0.0009500596940933647	0	0	false	0	12	0
SAMN51250220	25	73508	plasmid	0.999822425133984	0.99812184203129	1	1	false	12	0	0
SAMN51250220	26	66284	chromosome	0.0023477360266118638	0.0017662308396507332	0	0	false	1	11	0
SAMN51250220	27	58087	chromosome	0.0023477360266118638	0.0011962008291016562	0	0	false	1	11	0
SAMN51250220	28	53418	chromosome	0.0005025181506132203	0.0011962008291016562	0	0	false	0	12	0
SAMN51250220	29	52406	chromosome	0.0005025181506132203	0.0011962008291016562	0	0	false	0	12	0
SAMN51250220	3	281822	chromosome	0.0005025181506132203	0.0009500596940933647	0	0	false	0	12	0
SAMN51250220	30	50395	chromosome	0.0005025181506132203	0.0011962008291016562	0	0	false	0	12	0
SAMN51250220	31	43416	chromosome	0.0005025181506132203	0.0011962008291016562	0	0	false	0	12	0
SAMN51250220	32	43163	plasmid	0.9931544050611385	0.99812184203129	1	1	false	11	1	0
SAMN51250220	33	39827	chromosome	0.0009329050566734367	0.0011962008291016562	0	0	false	1	11	0
SAMN51250220	34	37834	chromosome	0.0009329050566734367	0.0011962008291016562	0	0	false	1	11	0
SAMN51250220	35	36719	chromosome	0.0005025181506132203	0.0011962008291016562	0	0	false	0	12	0
SAMN51250220	36	34577	plasmid	0.9990595195282134	0.99812184203129	1	1	false	11	1	0
SAMN51250220	37	33379	plasmid	0.09419023687361255	0.1279481951448963	0	0	false	4	8	0
SAMN51250220	38	33323	chromosome	0.0005025181506132203	0.0012773229153878662	0	0	false	0	12	0
SAMN51250220	39	31006	chromosome	0.0005025181506132203	0.0012773229153878662	0	0	false	0	12	0
SAMN51250220	4	260017	chromosome	0.0005025181506132203	0.0009500596940933647	0	0	false	0	12	0
SAMN51250220	40	30251	chromosome	0.0005025181506132203	0.0012773229153878662	0	0	false	0	12	0
SAMN51250220	41	22314	plasmid	0.9931544050611385	0.99812184203129	1	1	false	11	1	0
SAMN51250220	42	22239	chromosome	0.0043515984760592406	0.0018307484661497994	0	0	false	2	10	0
SAMN51250220	43	21661	plasmid	0.959724830623704	0.8341867645585331	1	1	false	5	7	0
SAMN51250220	44	18347	chromosome	0.004577434572920169	0.0017582384842075734	0	0	false	1	10	1
SAMN51250220	45	17628	chromosome	2.629307352510889e-05	0.001320854027404172	0	0	false	0	11	1
SAMN51250220	46	16773	plasmid	0.7276803953935368	0.8727633262738607	0	0	false	8	4	0
SAMN51250220	47	15593	chromosome	0.0005025181506132203	0.0017499740792468077	0	0	false	0	12	0
SAMN51250220	48	13586	chromosome	0.0005025181506132203	0.0017499740792468077	0	0	false	0	12	0
SAMN51250220	49	12361	chromosome	0.0005025181506132203	0.0017499740792468077	0	0	false	0	12	0
SAMN51250220	5	223745	chromosome	0.0005025181506132203	0.0009500596940933647	0	0	false	0	12	0
SAMN51250220	50	8803	plasmid	0.9354389564393263	0.9596595970405128	1	1	false	8	4	0
SAMN51250220	51	8660	chromosome	0.0005025181506132203	0.0017499740792468077	0	0	false	0	12	0
SAMN51250220	52	8350	plasmid	0.4146671239479616	0.761496746203756	0	0	false	8	4	0
SAMN51250220	53	7884	plasmid	0.9996756519149296	0.9896119677329454	1	1	false	11	1	0
SAMN51250220	54	7838	plasmid	0.9647539237935542	0.9830722459066009	1	1	false	10	2	0
SAMN51250220	55	7667	chromosome	0.0023477360266118638	0.002023445969688531	0	0	false	1	11	0
SAMN51250220	56	7453	chromosome	0.0023477360266118638	0.002023445969688531	0	0	false	1	11	0
SAMN51250220	57	7143	chromosome	0.012416904730863208	0.001882406507946566	0	0	false	2	10	0
SAMN51250220	58	7013	plasmid	0.9647539237935542	0.9830722459066009	1	1	false	10	2	0
SAMN51250220	59	6787	plasmid	0.7495178318541625	0.9538600619667835	0	0	false	8	4	0
SAMN51250220	6	221765	chromosome	0.0005025181506132203	0.0009500596940933647	0	0	false	0	12	0
SAMN51250220	60	6366	chromosome	0.0023477360266118638	0.002023445969688531	0	0	false	1	11	0
SAMN51250220	61	5910	chromosome	0.008810584535168064	0.002168897526845708	0	0	false	2	10	0
SAMN51250220	62	5418	plasmid	0.9647539237935542	0.9830722459066009	1	1	false	10	2	0
SAMN51250220	63	4797	chromosome	0.0005025181506132203	0.001785818097170428	0	0	false	0	12	0
SAMN51250220	64	4686	plasmid	0.9931544050611385	0.9947153944947259	1	1	false	11	1	0
SAMN51250220	65	4536	plasmid	0.9647539237935542	0.9851848300256212	1	1	false	10	2	0
SAMN51250220	66	4097	chromosome	0.030712803277361277	0.0018450459265302675	0	0	false	2	10	0
SAMN51250220	67	3716	plasmid	0.9647539237935542	0.9787715261682464	1	1	false	10	2	0
SAMN51250220	68	3702	plasmid	0.9647539237935542	0.9787715261682464	1	1	true	10	2	0
SAMN51250220	69	3636	chromosome	0.0005025181506132203	0.001785818097170428	0	0	false	0	12	0
SAMN51250220	7	219474	chromosome	0.0005025181506132203	0.0009500596940933647	0	0	false	0	12	0
SAMN51250220	70	3503	chromosome	2.629307352510889e-05	0.001785818097170428	0	0	false	0	11	1
SAMN51250220	71	3280	chromosome	0.006724141415640177	0.0012873039033229486	0	0	false	1	11	0
SAMN51250220	72	3244	plasmid	0.9996756519149296	0.9852120887841221	1	1	false	11	1	0
SAMN51250220	73	3134	chromosome	0.00021068467639664512	0.0062533169437935686	0	0	false	0	10	2
SAMN51250220	74	3042	chromosome	0.030712803277361277	0.0018450459265302675	0	0	false	2	10	0
SAMN51250220	76	2852	chromosome	0.001940912844863594	0.006676034828772428	0	0	false	2	9	1
SAMN51250220	77	2746	chromosome	0.00012599395954687636	0.0023660232760965468	0	0	false	1	10	1
SAMN51250220	78	2635	chromosome	0.00012599395954687636	0.0023660232760965468	0	0	false	1	10	1
SAMN51250220	79	2421	chromosome	0.0005025181506132203	0.001785818097170428	0	0	false	0	12	0
SAMN51250220	8	210774	chromosome	0.0005025181506132203	0.0009500596940933647	0	0	false	0	12	0
SAMN51250220	80	2406	plasmid	0.9364160330401656	0.9358567540685735	1	1	false	7	5	0
SAMN51250220	82	1899	chromosome	0.0005025181506132203	0.0016490130894969831	0	0	false	0	12	0
SAMN51250220	83	1888	plasmid	0.9717122553050875	0.9813218195788324	1	1	false	9	2	1
SAMN51250220	84	1737	chromosome	0.0005025181506132203	0.0016490130894969831	0	0	false	0	12	0
SAMN51250220	85	1607	plasmid	0.9929225458808841	0.9816961847615786	1	1	false	10	2	0
SAMN51250220	86	1536	chromosome	0.0023477360266118638	0.0019067377435936614	0	0	false	1	11	0
SAMN51250220	87	1410	chromosome	0.0023477360266118638	0.0019067377435936614	0	0	false	1	11	0
SAMN51250220	88	1324	chromosome	0.00021068467639664512	0.006252237259891667	0	0	false	0	10	2
SAMN51250220	89	1318	chromosome	0.0010125226022510867	0.006033457668230322	0	0	false	0	9	3
SAMN51250220	9	184552	chromosome	0.0005025181506132203	0.0009500596940933647	0	0	false	0	12	0
SAMN51250220	90	1313	chromosome	0.00012599395954687636	0.0021848681523780004	0	0	false	1	10	1
SAMN51250220	91	1282	chromosome	0.0013734342506121736	0.00939841164245909	0	0	false	2	9	1
SAMN51250220	92	1247	chromosome	0.006951831748125909	0.009070545333357282	0	0	false	2	8	2
SAMN51250220	94	1062	plasmid	0.9794195962226293	0.9796496523727432	1	1	false	7	4	1
SAMN51250220	95	1053	chromosome	0.0023477360266118638	0.0019067377435936614	0	0	false	1	11	0
SAMN51250220	96	1053	plasmid	0.9641626823889388	0.9691414549467695	1	1	false	8	4	0
SAMN51250221	1	409824	chromosome	0.0005025181506132203	0.0009500596940933647	0	0	false	0	12	0
SAMN51250221	10	153844	chromosome	0.0005025181506132203	0.0009500596940933647	0	0	false	0	12	0
SAMN51250221	100	1216	plasmid	0.9276949578552948	0.823473667876149	0	0	false	4	8	0
SAMN51250221	101	1169	chromosome	0.0023477360266118638	0.0019067377435936614	0	0	false	1	11	0
SAMN51250221	102	1132	plasmid	0.987351162218125	0.953342728755637	1	1	false	8	4	0
SAMN51250221	103	1067	plasmid	0.9704222765871559	0.983308722583676	1	1	false	10	1	1
SAMN51250221	104	1066	chromosome	0.0005025181506132203	0.0016490130894969831	0	0	false	0	12	0
SAMN51250221	105	1048	chromosome	0.14543557879385213	0.7539328628688602	0	0	false	5	5	2
SAMN51250221	11	147943	chromosome	0.0005025181506132203	0.0009500596940933647	0	0	false	0	12	0
SAMN51250221	12	134690	chromosome	0.0005025181506132203	0.0009500596940933647	0	0	false	0	12	0
SAMN51250221	13	132359	chromosome	0.0005025181506132203	0.0009500596940933647	0	0	false	0	12	0
SAMN51250221	14	128826	chromosome	0.0005025181506132203	0.0009500596940933647	0	0	false	0	12	0
SAMN51250221	15	120530	chromosome	0.0005025181506132203	0.0009500596940933647	0	0	false	0	12	0
SAMN51250221	16	113737	chromosome	0.0005025181506132203	0.0009500596940933647	0	0	false	0	12	0
SAMN51250221	17	110449	chromosome	0.0005025181506132203	0.0009500596940933647	0	0	false	0	12	0
SAMN51250221	18	94807	chromosome	0.0023477360266118638	0.0009500596940933647	0	0	false	1	11	0
SAMN51250221	19	86916	chromosome	0.0005025181506132203	0.0009500596940933647	0	0	false	0	12	0
SAMN51250221	2	400071	chromosome	0.0005025181506132203	0.0009500596940933647	0	0	false	0	12	0
SAMN51250221	20	86050	chromosome	0.0005025181506132203	0.0009500596940933647	0	0	false	0	12	0
SAMN51250221	21	77647	chromosome	0.0023477360266118638	0.001595984129854671	0	0	false	1	11	0
SAMN51250221	22	71915	chromosome	0.0005025181506132203	0.001595984129854671	0	0	false	0	12	0
SAMN51250221	23	71374	chromosome	0.0023477360266118638	0.001595984129854671	0	0	false	1	11	0
SAMN51250221	24	71226	chromosome	0.0005025181506132203	0.001595984129854671	0	0	false	0	12	0
SAMN51250221	25	70675	chromosome	0.0023477360266118638	0.001595984129854671	0	0	false	1	11	0
SAMN51250221	26	62916	chromosome	0.0005025181506132203	0.0011962008291016562	0	0	false	0	12	0
SAMN51250221	27	55097	chromosome	0.0005025181506132203	0.0011962008291016562	0	0	false	0	12	0
SAMN51250221	28	52839	chromosome	0.0005025181506132203	0.0011962008291016562	0	0	false	0	12	0
SAMN51250221	29	50477	chromosome	0.0043515984760592406	0.0014827543080386458	0	0	false	2	10	0
SAMN51250221	3	277900	chromosome	0.0005025181506132203	0.0009500596940933647	0	0	false	0	12	0
SAMN51250221	30	49041	chromosome	0.0043515984760592406	0.0014827543080386458	0	0	false	2	10	0
SAMN51250221	31	46249	chromosome	0.0043515984760592406	0.0014827543080386458	0	0	false	2	10	0
SAMN51250221	32	43655	chromosome	0.0005025181506132203	0.0011962008291016562	0	0	false	0	12	0
SAMN51250221	33	42481	chromosome	0.0005025181506132203	0.0011962008291016562	0	0	false	0	12	0
SAMN51250221	34	41317	chromosome	0.0009329050566734367	0.0011962008291016562	0	0	false	1	11	0
SAMN51250221	35	41160	chromosome	0.0005025181506132203	0.0011962008291016562	0	0	false	0	12	0
SAMN51250221	36	39688	chromosome	0.0005025181506132203	0.0011962008291016562	0	0	false	0	12	0
SAMN51250221	37	36095	plasmid	0.999822425133984	0.997263012255942	1	1	false	12	0	0
SAMN51250221	38	33128	chromosome	0.0005025181506132203	0.0012773229153878662	0	0	false	0	12	0
SAMN51250221	39	31832	chromosome	0.0005025181506132203	0.0012773229153878662	0	0	false	0	12	0
SAMN51250221	4	270380	chromosome	0.0005025181506132203	0.0009500596940933647	0	0	false	0	12	0
SAMN51250221	40	30931	chromosome	0.0005025181506132203	0.0012773229153878662	0	0	false	0	12	0
SAMN51250221	41	28305	plasmid	0.7495178318541625	0.9644958727767525	0	0	false	8	4	0
SAMN51250221	42	26763	plasmid	0.9508635198395291	0.9801744473976769	1	1	true	10	2	0
SAMN51250221	43	23585	chromosome	0.0005025181506132203	0.0012773229153878662	0	0	false	0	12	0
SAMN51250221	44	21226	plasmid	0.959724830623704	0.8193018685447914	1	1	false	5	7	0
SAMN51250221	45	20755	chromosome	0.0005025181506132203	0.001320854027404172	0	0	false	0	12	0
SAMN51250221	46	20454	chromosome	0.0005025181506132203	0.001320854027404172	0	0	false	0	12	0
SAMN51250221	47	20137	plasmid	0.47943545985272534	0.9539344820735333	0	0	false	8	4	0
SAMN51250221	48	19879	chromosome	0.014137038622815292	0.02259872697693876	0	0	false	3	9	0
SAMN51250221	49	19193	chromosome	0.0009329050566734367	0.001320854027404172	0	0	false	1	11	0
SAMN51250221	5	197530	chromosome	0.0005025181506132203	0.0009500596940933647	0	0	false	0	12	0
SAMN51250221	50	17871	chromosome	0.0043515984760592406	0.001893104547018694	0	0	false	2	10	0
SAMN51250221	51	17448	plasmid	0.26973474604981335	0.8295374288768862	0	0	false	7	4	1
SAMN51250221	52	16701	plasmid	0.9406882464325212	0.9598937692477885	1	1	false	9	3	0
SAMN51250221	53	8725	chromosome	0.0024123556419008763	0.002032668257920536	0	0	false	0	11	1
SAMN51250221	54	8723	chromosome	0.0005025181506132203	0.0017499740792468077	0	0	false	0	12	0
SAMN51250221	55	8568	plasmid	0.999822425133984	0.9914965025757543	1	1	false	12	0	0
SAMN51250221	56	8366	plasmid	0.8488630723085183	0.9764731880561444	0	0	false	9	2	1
SAMN51250221	57	6798	chromosome	0.00012599395954687636	0.002318560728961529	0	0	false	1	10	1
SAMN51250221	58	6761	plasmid	0.965303798852371	0.9629932253638679	1	1	false	9	3	0
SAMN51250221	59	5486	plasmid	0.9931544050611385	0.9912053825712391	1	1	false	11	1	0
SAMN51250221	6	192430	chromosome	0.0005025181506132203	0.0009500596940933647	0	0	false	0	12	0
SAMN51250221	60	5204	plasmid	0.9931544050611385	0.9923108899940998	1	1	false	11	1	0
SAMN51250221	61	4958	chromosome	0.0024123556419008763	0.002074290555598092	0	0	false	0	11	1
SAMN51250221	62	4774	plasmid	0.9647539237935542	0.978537467543252	1	1	false	10	2	0
SAMN51250221	63	4627	plasmid	0.9931544050611385	0.9923108899940998	1	1	false	11	1	0
SAMN51250221	64	4501	chromosome	0.0009329050566734367	0.001785818097170428	0	0	false	1	11	0
SAMN51250221	65	4490	plasmid	0.999822425133984	0.9923108899940998	1	1	false	12	0	0
SAMN51250221	66	4317	chromosome	0.0005025181506132203	0.001785818097170428	0	0	false	0	12	0
SAMN51250221	67	4232	plasmid	0.9817197815994548	0.533029486646778	1	1	false	6	6	0
SAMN51250221	68	4197	plasmid	0.9929225458808841	0.9789895752236061	1	1	false	10	2	0
SAMN51250221	69	3637	chromosome	0.0005025181506132203	0.001785818097170428	0	0	false	0	12	0
SAMN51250221	7	191008	chromosome	0.0005025181506132203	0.0009500596940933647	0	0	false	0	12	0
SAMN51250221	70	3579	chromosome	0.0005025181506132203	0.001785818097170428	0	0	false	0	12	0
SAMN51250221	71	3404	plasmid	0.9932642968525297	0.9699761524604087	1	1	false	10	2	0
SAMN51250221	72	3361	chromosome	8.832123692355431e-05	0.022133821014249627	0	0	false	1	10	1
SAMN51250221	73	3228	chromosome	0.0005025181506132203	0.001785818097170428	0	0	false	0	12	0
SAMN51250221	74	2850	plasmid	0.9931544050611385	0.9872180725852102	1	1	false	11	1	0
SAMN51250221	75	2755	chromosome	0.0009329050566734367	0.001785818097170428	0	0	false	1	11	0
SAMN51250221	77	2525	chromosome	0.00023956578021005798	0.0025815273955167852	0	0	false	2	9	1
SAMN51250221	78	2515	chromosome	0.0009329050566734367	0.001785818097170428	0	0	false	1	11	0
SAMN51250221	79	2329	chromosome	0.0023477360266118638	0.0019067377435936614	0	0	false	1	11	0
SAMN51250221	8	183234	chromosome	0.0005025181506132203	0.0009500596940933647	0	0	false	0	12	0
SAMN51250221	80	2300	chromosome	2.629307352510889e-05	0.0016490130894969831	0	0	false	0	11	1
SAMN51250221	81	1886	chromosome	0.00012599395954687636	0.0021848681523780004	0	0	false	1	10	1
SAMN51250221	82	1859	plasmid	0.9460733659369186	0.9582903785802507	1	1	false	6	5	1
SAMN51250221	83	1720	chromosome	0.0005025181506132203	0.0016490130894969831	0	0	false	0	12	0
SAMN51250221	84	1645	chromosome	0.0023477360266118638	0.0019067377435936614	0	0	false	1	11	0
SAMN51250221	85	1640	chromosome	0.06846573283802684	0.02602625705611257	0	0	false	3	9	0
SAMN51250221	86	1564	plasmid	0.9932642968525297	0.9712590882902117	1	1	false	10	2	0
SAMN51250221	87	1506	chromosome	0.0013734342506121736	0.00939841164245909	0	0	false	2	9	1
SAMN51250221	88	1503	plasmid	0.965303798852371	0.9518962624645422	1	1	false	9	3	0
SAMN51250221	89	1463	chromosome	0.00012599395954687636	0.0021848681523780004	0	0	false	1	10	1
SAMN51250221	9	176454	chromosome	0.0005025181506132203	0.0009500596940933647	0	0	false	0	12	0
SAMN51250221	90	1442	chromosome	0.0005025181506132203	0.0016490130894969831	0	0	false	0	12	0
SAMN51250221	91	1392	plasmid	0.9460733659369186	0.9698577354786537	1	1	false	6	5	1
SAMN51250221	93	1320	chromosome	0.0005025181506132203	0.0016490130894969831	0	0	false	0	12	0
SAMN51250221	94	1290	chromosome	0.0005025181506132203	0.0016490130894969831	0	0	false	0	12	0
SAMN51250221	95	1278	chromosome	0.0023477360266118638	0.0019067377435936614	0	0	false	1	11	0
SAMN51250221	96	1259	plasmid	0.19521761589680567	0.8890830725845587	0	0	false	4	6	2
SAMN51250221	97	1229	chromosome	0.34269161010499044	0.7557329153056801	0	0	false	4	7	1
SAMN51250221	98	1226	chromosome	0.0005025181506132203	0.0016490130894969831	0	0	false	0	12	0
SAMN51250221	99	1224	chromosome	0.00012599395954687636	0.0021848681523780004	0	0	false	1	10	1
SAMN51250222	1	344470	chromosome	0.0005025181506132203	0.0009500596940933647	0	0	false	0	12	0
SAMN51250222	10	168105	chromosome	0.0005025181506132203	0.0009500596940933647	0	0	false	0	12	0
SAMN51250222	100	1089	plasmid	0.9975107036737277	0.9732783207956833	1	1	false	6	6	0
SAMN51250222	11	163384	chromosome	0.0023477360266118638	0.0009500596940933647	0	0	false	1	11	0
SAMN51250222	12	152844	chromosome	0.0043515984760592406	0.0011777188554739134	0	0	false	2	10	0
SAMN51250222	13	145478	chromosome	0.0005025181506132203	0.0009500596940933647	0	0	false	0	12	0
SAMN51250222	14	135834	chromosome	0.0023477360266118638	0.0009500596940933647	0	0	false	1	11	0
SAMN51250222	15	129864	chromosome	0.0005025181506132203	0.0009500596940933647	0	0	false	0	12	0
SAMN51250222	16	122177	chromosome	0.0005025181506132203	0.0009500596940933647	0	0	false	0	12	0
SAMN51250222	17	113686	chromosome	0.0005025181506132203	0.0009500596940933647	0	0	false	0	12	0
SAMN51250222	18	113050	chromosome	0.0005025181506132203	0.0009500596940933647	0	0	false	0	12	0
SAMN51250222	19	103943	chromosome	0.0005025181506132203	0.0009500596940933647	0	0	false	0	12	0
SAMN51250222	2	317135	chromosome	0.0005025181506132203	0.0009500596940933647	0	0	false	0	12	0
SAMN51250222	20	95703	chromosome	0.0005025181506132203	0.0009500596940933647	0	0	false	0	12	0
SAMN51250222	21	93414	chromosome	0.0005025181506132203	0.0009500596940933647	0	0	false	0	12	0
SAMN51250222	22	90795	chromosome	0.0005025181506132203	0.0009500596940933647	0	0	false	0	12	0
SAMN51250222	23	87453	chromosome	0.0005025181506132203	0.0009500596940933647	0	0	false	0	12	0
SAMN51250222	24	85540	plasmid	0.9986702433695193	0.9950179302929263	1	1	false	11	1	0
SAMN51250222	25	74416	chromosome	0.0005025181506132203	0.001595984129854671	0	0	false	0	12	0
SAMN51250222	26	73697	chromosome	0.0023477360266118638	0.001595984129854671	0	0	false	1	11	0
SAMN51250222	27	72559	chromosome	0.0005025181506132203	0.001595984129854671	0	0	false	0	12	0
SAMN51250222	28	71746	chromosome	0.0023477360266118638	0.001595984129854671	0	0	false	1	11	0
SAMN51250222	29	70572	chromosome	0.0009329050566734367	0.001595984129854671	0	0	false	1	11	0
SAMN51250222	3	303384	chromosome	0.0005025181506132203	0.0009500596940933647	0	0	false	0	12	0
SAMN51250222	30	59511	chromosome	0.0005025181506132203	0.0011962008291016562	0	0	false	0	12	0
SAMN51250222	31	58549	chromosome	0.0043515984760592406	0.0014827543080386458	0	0	false	2	10	0
SAMN51250222	32	51351	chromosome	0.0043515984760592406	0.0014827543080386458	0	0	false	2	10	0
SAMN51250222	33	43996	chromosome	0.0005025181506132203	0.0011962008291016562	0	0	false	0	12	0
SAMN51250222	34	42977	chromosome	0.0005025181506132203	0.0011962008291016562	0	0	false	0	12	0
SAMN51250222	35	35628	chromosome	0.0005025181506132203	0.0012773229153878662	0	0	false	0	12	0
SAMN51250222	36	32291	chromosome	0.0009329050566734367	0.0012773229153878662	0	0	false	1	11	0
SAMN51250222	37	31693	plasmid	0.9931544050611385	0.99812184203129	1	1	false	11	1	0
SAMN51250222	38	30933	chromosome	0.0005025181506132203	0.0012773229153878662	0	0	false	0	12	0
SAMN51250222	39	28967	chromosome	0.0023477360266118638	0.0014770419677648315	0	0	false	1	11	0
SAMN51250222	4	245098	chromosome	0.0005025181506132203	0.0009500596940933647	0	0	false	0	12	0
SAMN51250222	40	28103	plasmid	0.7495178318541625	0.9644958727767525	0	0	false	8	4	0
SAMN51250222	41	28046	chromosome	0.0023477360266118638	0.0014770419677648315	0	0	false	1	11	0
SAMN51250222	42	25689	chromosome	0.0005025181506132203	0.0012773229153878662	0	0	false	0	12	0
SAMN51250222	43	22689	plasmid	0.6909218837525446	0.5758127826165482	0	0	false	4	8	0
SAMN51250222	44	22371	chromosome	0.0023477360266118638	0.0014770419677648315	0	0	false	1	11	0
SAMN51250222	45	22117	chromosome	0.004577434572920169	0.0017003171255634483	0	0	false	1	10	1
SAMN51250222	46	20276	chromosome	0.0005025181506132203	0.001320854027404172	0	0	false	0	12	0
SAMN51250222	47	19930	plasmid	0.7495178318541625	0.9607584200645353	0	0	false	8	4	0
SAMN51250222	48	19636	plasmid	0.9931544050611385	0.9979164852822807	1	1	true	11	1	0
SAMN51250222	49	18094	chromosome	0.0005025181506132203	0.001320854027404172	0	0	false	0	12	0
SAMN51250222	5	210610	chromosome	0.0005025181506132203	0.0009500596940933647	0	0	false	0	12	0
SAMN51250222	50	17929	chromosome	0.0009329050566734367	0.001320854027404172	0	0	false	1	11	0
SAMN51250222	51	17650	chromosome	0.0005025181506132203	0.001320854027404172	0	0	false	0	12	0
SAMN51250222	52	16216	chromosome	0.00012599395954687636	0.002318560728961529	0	0	false	1	10	1
SAMN51250222	53	16121	plasmid	0.8453536497494889	0.9882140190222817	0	0	false	9	3	0
SAMN51250222	54	16082	chromosome	0.0009329050566734367	0.0017499740792468077	0	0	false	1	11	0
SAMN51250222	55	10256	chromosome	0.0023477360266118638	0.002023445969688531	0	0	false	1	11	0
SAMN51250222	56	9387	plasmid	0.9647539237935542	0.9836281427372249	1	1	false	10	2	0
SAMN51250222	57	9152	chromosome	0.0043515984760592406	0.0025076709532419928	0	0	false	2	10	0
SAMN51250222	58	7405	plasmid	0.7849934510745252	0.9617652803765732	0	0	false	9	3	0
SAMN51250222	59	7227	chromosome	0.0009329050566734367	0.0017499740792468077	0	0	false	1	11	0
SAMN51250222	6	200209	chromosome	0.0005025181506132203	0.0009500596940933647	0	0	false	0	12	0
SAMN51250222	60	6699	plasmid	0.7849934510745252	0.9617652803765732	0	0	false	9	3	0
SAMN51250222	61	6633	chromosome	0.0043515984760592406	0.0025076709532419928	0	0	false	2	10	0
SAMN51250222	62	6593	chromosome	0.0009329050566734367	0.0017499740792468077	0	0	false	1	11	0
SAMN51250222	63	6551	chromosome	0.0005025181506132203	0.0017499740792468077	0	0	false	0	12	0
SAMN51250222	64	6438	plasmid	0.7495178318541625	0.9538600619667835	0	0	false	8	4	0
SAMN51250222	65	5722	chromosome	0.0005025181506132203	0.0017499740792468077	0	0	false	0	12	0
SAMN51250222	66	5549	chromosome	0.0005025181506132203	0.0017499740792468077	0	0	false	0	12	0
SAMN51250222	67	5508	plasmid	0.9931544050611385	0.9939534899348801	1	1	false	11	1	0
SAMN51250222	68	5271	plasmid	0.999822425133984	0.9947153944947259	1	1	false	12	0	0
SAMN51250222	69	5092	chromosome	0.0023477360266118638	0.0020648798162500623	0	0	false	1	11	0
SAMN51250222	7	188449	chromosome	0.0005025181506132203	0.0009500596940933647	0	0	false	0	12	0
SAMN51250222	70	5010	plasmid	0.9931544050611385	0.9947153944947259	1	1	true	11	1	0
SAMN51250222	71	4596	plasmid	0.9931544050611385	0.9947153944947259	1	1	false	11	1	0
SAMN51250222	72	4510	plasmid	0.9953553147824763	0.9039692011751553	1	1	false	6	6	0
SAMN51250222	73	4497	chromosome	0.0005025181506132203	0.001785818097170428	0	0	false	0	12	0
SAMN51250222	74	4191	chromosome	0.0005025181506132203	0.001785818097170428	0	0	false	0	12	0
SAMN51250222	75	4014	plasmid	0.7495178318541625	0.9422378397153456	0	0	false	8	4	0
SAMN51250222	76	3495	plasmid	0.9647539237935542	0.9787715261682464	1	1	false	10	2	0
SAMN51250222	77	3365	chromosome	0.0023477360266118638	0.0020648798162500623	0	0	false	1	11	0
SAMN51250222	78	2777	chromosome	0.0009329050566734367	0.001785818097170428	0	0	false	1	11	0
SAMN51250222	8	183515	chromosome	0.0005025181506132203	0.0009500596940933647	0	0	false	0	12	0
SAMN51250222	80	2438	chromosome	0.00012599395954687636	0.0023660232760965468	0	0	false	1	10	1
SAMN51250222	81	2403	plasmid	0.9088102559160338	0.8842965024630532	0	0	false	5	7	0
SAMN51250222	82	2118	chromosome	0.0010125226022510867	0.005574036252861384	0	0	false	0	9	3
SAMN51250222	83	2101	plasmid	0.999822425133984	0.9882545697253449	1	1	false	12	0	0
SAMN51250222	84	2085	plasmid	0.9931544050611385	0.9882545697253449	1	1	false	11	1	0
SAMN51250222	85	2063	chromosome	0.00012599395954687636	0.0021848681523780004	0	0	false	1	10	1
SAMN51250222	86	2037	chromosome	0.019011907462895737	0.005574036252861384	0	0	false	0	10	2
SAMN51250222	87	1847	chromosome	0.05262730758006551	0.004774916374767112	0	0	false	1	10	1
SAMN51250222	88	1805	plasmid	0.7820679522767201	0.9587412686992498	0	0	false	7	5	0
SAMN51250222	89	1552	plasmid	0.999822425133984	0.9915849106474667	1	1	false	12	0	0
SAMN51250222	9	177222	chromosome	0.0005025181506132203	0.0009500596940933647	0	0	false	0	12	0
SAMN51250222	90	1521	chromosome	0.00012599395954687636	0.0021848681523780004	0	0	false	1	10	1
SAMN51250222	91	1476	plasmid	0.9863347625751863	0.9685356370628672	1	1	false	8	3	1
SAMN51250222	92	1466	chromosome	0.00012599395954687636	0.0021848681523780004	0	0	false	1	10	1
SAMN51250222	93	1460	chromosome	0.005034491560561647	0.006165191191730614	0	0	false	1	9	2
SAMN51250222	94	1397	chromosome	2.629307352510889e-05	0.0016490130894969831	0	0	false	0	11	1
SAMN51250222	95	1277	plasmid	0.993036133590978	0.9697853779353895	1	1	false	9	3	0
SAMN51250222	96	1223	chromosome	2.629307352510889e-05	0.0016490130894969831	0	0	false	0	11	1
SAMN51250222	97	1179	plasmid	0.9770809823080131	0.9551480412832583	1	1	true	8	3	1
SAMN51250222	98	1114	chromosome	0.00012644978029706448	0.001591052584792174	0	0	false	0	10	2
SAMN51250222	99	1091	plasmid	0.993036133590978	0.9697853779353895	1	1	false	9	3	0
SAMN51250223	1	510202	chromosome	0.0005025181506132203	0.0009500596940933647	0	0	false	0	12	0
SAMN51250223	10	173009	chromosome	0.0005025181506132203	0.0009500596940933647	0	0	false	0	12	0
SAMN51250223	11	162902	plasmid	0.0023477360266118638	0.0009500596940933647	0	0	false	1	11	0
SAMN51250223	12	154435	chromosome	0.0005025181506132203	0.0009500596940933647	0	0	false	0	12	0
SAMN51250223	13	148473	chromosome	0.0005025181506132203	0.0009500596940933647	0	0	false	0	12	0
SAMN51250223	14	146194	chromosome	0.0005025181506132203	0.0009500596940933647	0	0	false	0	12	0
SAMN51250223	15	120652	chromosome	0.0005025181506132203	0.0009500596940933647	0	0	false	0	12	0
SAMN51250223	16	118072	chromosome	0.0005025181506132203	0.0009500596940933647	0	0	false	0	12	0
SAMN51250223	17	108527	chromosome	0.0005025181506132203	0.0009500596940933647	0	0	false	0	12	0
SAMN51250223	18	104055	chromosome	0.0005025181506132203	0.0009500596940933647	0	0	false	0	12	0
SAMN51250223	19	97253	plasmid	0.0023477360266118638	0.0009500596940933647	0	0	false	1	11	0
SAMN51250223	2	256631	chromosome	0.0005025181506132203	0.0009500596940933647	0	0	false	0	12	0
SAMN51250223	20	91862	chromosome	0.0005025181506132203	0.0009500596940933647	0	0	false	0	12	0
SAMN51250223	21	87824	chromosome	0.0005025181506132203	0.0009500596940933647	0	0	false	0	12	0
SAMN51250223	22	87310	chromosome	0.0043515984760592406	0.0011777188554739134	0	0	false	2	10	0
SAMN51250223	23	77415	chromosome	0.0005025181506132203	0.001595984129854671	0	0	false	0	12	0
SAMN51250223	24	75862	chromosome	0.0005025181506132203	0.001595984129854671	0	0	false	0	12	0
SAMN51250223	25	63556	chromosome	0.0005025181506132203	0.0011962008291016562	0	0	false	0	12	0
SAMN51250223	26	62240	plasmid	0.0043515984760592406	0.0014827543080386458	0	0	false	2	10	0
SAMN51250223	27	57401	chromosome	0.0009329050566734367	0.0011962008291016562	0	0	false	1	11	0
SAMN51250223	28	56744	chromosome	0.0005025181506132203	0.0011962008291016562	0	0	false	0	12	0
SAMN51250223	29	56464	plasmid	0.9647539237935542	0.9948153495176625	1	1	false	10	2	0
SAMN51250223	3	253953	chromosome	0.0005025181506132203	0.0009500596940933647	0	0	false	0	12	0
SAMN51250223	30	52798	plasmid	0.0005025181506132203	0.0011962008291016562	0	0	false	0	12	0
SAMN51250223	31	52540	chromosome	0.0005025181506132203	0.0011962008291016562	0	0	false	0	12	0
SAMN51250223	32	51439	chromosome	0.0009329050566734367	0.0011962008291016562	0	0	false	1	11	0
SAMN51250223	33	46332	chromosome	0.0009329050566734367	0.0011962008291016562	0	0	false	1	11	0
SAMN51250223	34	43644	chromosome	0.0005025181506132203	0.0011962008291016562	0	0	false	0	12	0
SAMN51250223	35	42128	plasmid	0.9929225458808841	0.9948153495176625	1	1	false	10	2	0
SAMN51250223	36	35938	chromosome	0.0005025181506132203	0.0011962008291016562	0	0	false	0	12	0
SAMN51250223	37	33932	chromosome	0.0005025181506132203	0.0012773229153878662	0	0	false	0	12	0
SAMN51250223	38	29207	chromosome	0.0023477360266118638	0.0014770419677648315	0	0	false	1	11	0
SAMN51250223	39	27592	chromosome	0.0009329050566734367	0.0012773229153878662	0	0	false	1	11	0
SAMN51250223	4	253506	chromosome	0.0005025181506132203	0.0009500596940933647	0	0	false	0	12	0
SAMN51250223	40	25492	plasmid	0.5257187758151737	0.3789604423664874	0	0	false	5	7	0
SAMN51250223	41	25397	chromosome	0.0005025181506132203	0.0012773229153878662	0	0	false	0	12	0
SAMN51250223	42	24968	chromosome	0.0023477360266118638	0.0014770419677648315	0	0	false	1	11	0
SAMN51250223	43	23514	chromosome	0.0005025181506132203	0.0012773229153878662	0	0	false	0	12	0
SAMN51250223	44	21160	chromosome	0.0043515984760592406	0.001893104547018694	0	0	false	2	10	0
SAMN51250223	45	19628	plasmid	0.4393540364072846	0.3494101284208329	0	0	false	5	7	0
SAMN51250223	46	17069	plasmid	0.999822425133984	0.9973227216891274	1	1	false	12	0	0
SAMN51250223	47	16506	chromosome	0.0005025181506132203	0.0017499740792468077	0	0	false	0	12	0
SAMN51250223	48	16275	chromosome	0.0005025181506132203	0.0017499740792468077	0	0	false	0	12	0
SAMN51250223	49	14892	chromosome	0.0005025181506132203	0.0017499740792468077	0	0	false	0	12	0
SAMN51250223	5	207962	chromosome	0.0023477360266118638	0.0009500596940933647	0	0	false	1	11	0
SAMN51250223	50	12266	plasmid	0.8175024816909233	0.942608658320565	0	0	false	8	3	1
SAMN51250223	51	11103	chromosome	0.0005025181506132203	0.0017499740792468077	0	0	false	0	12	0
SAMN51250223	52	8404	chromosome	0.0043515984760592406	0.0025076709532419928	0	0	false	2	10	0
SAMN51250223	53	7437	chromosome	0.0023477360266118638	0.002023445969688531	0	0	false	1	11	0
SAMN51250223	54	6106	plasmid	0.0005025181506132203	0.0017499740792468077	0	0	false	0	12	0
SAMN51250223	55	6004	chromosome	0.0006230974243322653	0.0026928577145096406	0	0	false	1	9	2
SAMN51250223	56	5884	plasmid	0.9996808922850248	0.971747920482805	1	1	false	10	2	0
SAMN51250223	57	5656	chromosome	0.0005025181506132203	0.0017499740792468077	0	0	false	0	12	0
SAMN51250223	58	5177	plasmid	0.3351738164934949	0.8712693068318432	0	0	false	7	5	0
SAMN51250223	59	4426	chromosome	0.0023477360266118638	0.0020648798162500623	0	0	false	1	11	0
SAMN51250223	6	192597	chromosome	0.0005025181506132203	0.0009500596940933647	0	0	false	0	12	0
SAMN51250223	60	3729	plasmid	0.9929225458808841	0.9808699634449308	1	1	false	10	2	0
SAMN51250223	61	3548	chromosome	0.0005025181506132203	0.001785818097170428	0	0	false	0	12	0
SAMN51250223	62	3504	plasmid	0.0024123556419008763	0.0017230573867199948	0	0	false	0	11	1
SAMN51250223	63	3313	plasmid	0.030712803277361277	0.0018450459265302675	0	0	false	2	10	0
SAMN51250223	64	2555	chromosome	0.030712803277361277	0.0018450459265302675	0	0	false	2	10	0
SAMN51250223	66	2060	plasmid	0.0005025181506132203	0.0016490130894969831	0	0	false	0	12	0
SAMN51250223	67	1843	chromosome	0.0005025181506132203	0.0016490130894969831	0	0	false	0	12	0
SAMN51250223	68	1740	chromosome	0.0005025181506132203	0.0016490130894969831	0	0	false	0	12	0
SAMN51250223	69	1682	chromosome	0.0005025181506132203	0.0016490130894969831	0	0	false	0	12	0
SAMN51250223	7	188524	chromosome	0.0005025181506132203	0.0009500596940933647	0	0	false	0	12	0
SAMN51250223	70	1680	chromosome	0.00012599395954687636	0.0021848681523780004	0	0	false	1	10	1
SAMN51250223	71	1587	plasmid	0.03747193102673338	0.03496935467992089	0	0	false	2	9	1
SAMN51250223	72	1560	chromosome	0.0005025181506132203	0.0016490130894969831	0	0	false	0	12	0
SAMN51250223	73	1542	plasmid	0.987351162218125	0.953342728755637	1	1	false	8	4	0
SAMN51250223	74	1524	plasmid	0.0005025181506132203	0.0016490130894969831	0	0	false	0	12	0
SAMN51250223	75	1410	chromosome	0.030712803277361277	0.0017037114349381934	0	0	false	2	10	0
SAMN51250223	77	1291	chromosome	0.0013734342506121736	0.00939841164245909	0	0	false	2	9	1
SAMN51250223	78	1283	chromosome	0.00012599395954687636	0.0021848681523780004	0	0	false	1	10	1
SAMN51250223	79	1252	plasmid	0.00012599395954687636	0.0021848681523780004	0	0	false	1	10	1
SAMN51250223	8	183262	chromosome	0.0005025181506132203	0.0009500596940933647	0	0	false	0	12	0
SAMN51250223	80	1230	chromosome	0.00012599395954687636	0.0021848681523780004	0	0	false	1	10	1
SAMN51250223	82	1184	chromosome	0.030712803277361277	0.0017037114349381934	0	0	false	2	10	0
SAMN51250223	83	1096	chromosome	0.0005025181506132203	0.0016490130894969831	0	0	false	0	12	0
SAMN51250223	84	1078	plasmid	0.8192614192818205	0.897947688775165	0	0	false	7	5	0
SAMN51250223	9	181909	chromosome	0.0005025181506132203	0.0009500596940933647	0	0	false	0	12	0
SAMN51335557	1	313951	chromosome	0.0005025181506132203	0.0005644647258490089	0	0	false	0	12	0
SAMN51335557	10	150159	chromosome	0.0005025181506132203	0.0005644647258490089	0	0	false	0	12	0
SAMN51335557	11	147749	chromosome	0.0005025181506132203	0.0005644647258490089	0	0	false	0	12	0
SAMN51335557	12	147742	chromosome	0.0005025181506132203	0.0005644647258490089	0	0	false	0	12	0
SAMN51335557	13	142870	chromosome	0.0005025181506132203	0.0005644647258490089	0	0	false	0	12	0
SAMN51335557	14	138833	chromosome	0.0023477360266118638	0.0005644647258490089	0	0	true	1	11	0
SAMN51335557	15	130844	chromosome	0.0023477360266118638	0.0005644647258490089	0	0	false	1	11	0
SAMN51335557	16	121027	chromosome	0.0009329050566734367	0.0005644647258490089	0	0	false	1	11	0
SAMN51335557	17	119255	chromosome	0.0005025181506132203	0.0005644647258490089	0	0	false	0	12	0
SAMN51335557	18	117033	chromosome	0.0023477360266118638	0.0005644647258490089	0	0	false	1	11	0
SAMN51335557	19	108038	chromosome	0.0023477360266118638	0.0005644647258490089	0	0	false	1	11	0
SAMN51335557	2	273009	chromosome	0.0005025181506132203	0.0005644647258490089	0	0	false	0	12	0
SAMN51335557	20	97536	chromosome	0.0043515984760592406	0.0006997899647306864	0	0	false	2	10	0
SAMN51335557	21	90365	chromosome	0.0005025181506132203	0.0005644647258490089	0	0	false	0	12	0
SAMN51335557	22	90262	chromosome	0.0005025181506132203	0.0005644647258490089	0	0	false	0	12	0
SAMN51335557	23	89509	chromosome	0.0023477360266118638	0.0005644647258490089	0	0	false	1	11	0
SAMN51335557	24	87959	plasmid	0.999822425133984	0.9868325152749912	1	1	true	12	0	0
SAMN51335557	25	87412	chromosome	0.0023477360266118638	0.0005644647258490089	0	0	false	1	11	0
SAMN51335557	26	86510	chromosome	0.0023477360266118638	0.0005644647258490089	0	0	false	1	11	0
SAMN51335557	27	84521	chromosome	0.0023477360266118638	0.0005644647258490089	0	0	true	1	11	0
SAMN51335557	28	72552	chromosome	0.0023477360266118638	0.0009484806145288684	0	0	false	1	11	0
SAMN51335557	29	72057	chromosome	0.0005025181506132203	0.0009484806145288684	0	0	false	0	12	0
SAMN51335557	3	250995	chromosome	0.0005025181506132203	0.0005644647258490089	0	0	false	0	12	0
SAMN51335557	30	68920	chromosome	0.0005025181506132203	0.0010497294948750514	0	0	false	0	12	0
SAMN51335557	31	56326	chromosome	0.0005025181506132203	0.0007107771246621984	0	0	false	0	12	0
SAMN51335557	32	54156	chromosome	0.0023477360266118638	0.0007107771246621984	0	0	false	1	11	0
SAMN51335557	33	50638	chromosome	0.0005025181506132203	0.0007107771246621984	0	0	false	0	12	0
SAMN51335557	34	47733	chromosome	0.0005025181506132203	0.0007107771246621984	0	0	false	0	12	0
SAMN51335557	35	40412	chromosome	0.0005025181506132203	0.0007107771246621984	0	0	false	0	12	0
SAMN51335557	36	39488	chromosome	0.0005025181506132203	0.0007107771246621984	0	0	false	0	12	0
SAMN51335557	37	36048	chromosome	0.0005025181506132203	0.0007107771246621984	0	0	false	0	12	0
SAMN51335557	38	32489	plasmid	0.999822425133984	0.9868325152749912	1	1	true	12	0	0
SAMN51335557	39	30413	chromosome	0.0005025181506132203	0.0007590045177152629	0	0	false	0	12	0
SAMN51335557	4	245097	chromosome	0.0005025181506132203	0.0005644647258490089	0	0	false	0	12	0
SAMN51335557	40	29869	chromosome	0.0005025181506132203	0.0007590045177152629	0	0	false	0	12	0
SAMN51335557	41	28492	chromosome	0.0005025181506132203	0.0007590045177152629	0	0	false	0	12	0
SAMN51335557	42	24327	chromosome	0.0005025181506132203	0.0007590045177152629	0	0	false	0	12	0
SAMN51335557	43	20242	chromosome	0.0005025181506132203	0.0007848852423776391	0	0	false	0	12	0
SAMN51335557	44	16649	chromosome	0.0005025181506132203	0.0010400606924987842	0	0	false	0	12	0
SAMN51335557	45	16203	chromosome	0.0005025181506132203	0.0010400606924987842	0	0	false	0	12	0
SAMN51335557	46	14051	chromosome	0.0005025181506132203	0.0010400606924987842	0	0	false	0	12	0
SAMN51335557	47	9691	chromosome	0.0017342000604144909	0.0020882648450335113	0	0	false	2	9	1
SAMN51335557	48	8581	chromosome	0.0005025181506132203	0.0010400606924987842	0	0	false	0	12	0
SAMN51335557	49	7918	chromosome	0.0023477360266118638	0.0012027266859273287	0	0	false	1	11	0
SAMN51335557	5	235801	chromosome	0.0005025181506132203	0.0005644647258490089	0	0	false	0	12	0
SAMN51335557	50	7730	chromosome	0.0005025181506132203	0.0010400606924987842	0	0	false	0	12	0
SAMN51335557	51	7378	chromosome	0.0023477360266118638	0.0012027266859273287	0	0	false	1	11	0
SAMN51335557	52	7052	chromosome	0.0005025181506132203	0.0010400606924987842	0	0	false	0	12	0
SAMN51335557	53	6491	chromosome	0.0005025181506132203	0.0010400606924987842	0	0	false	0	12	0
SAMN51335557	54	6146	chromosome	0.0005025181506132203	0.0010400606924987842	0	0	false	0	12	0
SAMN51335557	55	5882	chromosome	0.0005025181506132203	0.0010400606924987842	0	0	false	0	12	0
SAMN51335557	57	5255	plasmid	0.9931544050611385	0.9316846340771289	1	1	false	11	1	0
SAMN51335557	58	4386	chromosome	0.9916887540217667	0.6916468662099382	1	0	true	9	2	1
SAMN51335557	59	3535	chromosome	0.0005025181506132203	0.0010613792993896484	0	0	false	0	12	0
SAMN51335557	6	227791	chromosome	0.0005025181506132203	0.0005644647258490089	0	0	false	0	12	0
SAMN51335557	60	3186	chromosome	4.999832459226084e-05	0.0012163499521811983	0	0	false	1	10	1
SAMN51335557	61	2912	chromosome	0.0023477360266118638	0.001227375436582156	0	0	false	1	11	0
SAMN51335557	62	2907	chromosome	0.0005025181506132203	0.0010613792993896484	0	0	false	0	12	0
SAMN51335557	63	2478	chromosome	0.00012599395954687636	0.0014065488494088545	0	0	false	1	10	1
SAMN51335557	64	2038	chromosome	0.00012599395954687636	0.0012987604725319525	0	0	false	1	10	1
SAMN51335557	65	1948	chromosome	0.0005025181506132203	0.0009800164195233176	0	0	false	0	12	0
SAMN51335557	66	1854	chromosome	0.0005025181506132203	0.0009800164195233176	0	0	false	0	12	0
SAMN51335557	67	1833	chromosome	0.0005025181506132203	0.0009800164195233176	0	0	false	0	12	0
SAMN51335557	68	1831	chromosome	0.9750153105721396	0.6934147459354099	1	0	true	9	2	1
SAMN51335557	7	225791	chromosome	0.0005025181506132203	0.0005644647258490089	0	0	false	0	12	0
SAMN51335557	70	1639	chromosome	0.0023477360266118638	0.0012411984973108112	0	0	false	1	11	0
SAMN51335557	71	1454	chromosome	0.00012599395954687636	0.0021134565068643093	0	0	false	1	10	1
SAMN51335557	72	1373	chromosome	0.006724141415640177	0.0018397230387397258	0	0	false	1	11	0
SAMN51335557	73	1298	chromosome	0.0005025181506132203	0.0015950876799434796	0	0	false	0	12	0
SAMN51335557	74	1292	chromosome	0.00012599395954687636	0.0021134565068643093	0	0	false	1	10	1
SAMN51335557	75	1291	chromosome	0.0023477360266118638	0.001844399889060797	0	0	false	1	11	0
SAMN51335557	76	1270	chromosome	0.030712803277361277	0.002636176444040126	0	0	false	2	10	0
SAMN51335557	77	1251	chromosome	0.0013734342506121736	0.003946504828366067	0	0	false	2	9	1
SAMN51335557	78	1098	chromosome	0.0023477360266118638	0.001844399889060797	0	0	false	1	11	0
SAMN51335557	79	1048	chromosome	0.0017342000604144909	0.002636176444040126	0	0	false	2	9	1
SAMN51335557	8	167018	chromosome	0.0005025181506132203	0.0005644647258490089	0	0	false	0	12	0
SAMN51335557	80	1034	chromosome	0.0023477360266118638	0.001844399889060797	0	0	false	1	11	0
SAMN51335557	9	160505	chromosome	0.0005025181506132203	0.0005644647258490089	0	0	false	0	12	0
SAMN51335558	1	621895	chromosome	0.0005025181506132203	0.00011060990091914079	0	0	false	0	12	0
SAMN51335558	10	192684	chromosome	0.0005025181506132203	0.00011060990091914079	0	0	false	0	12	0
SAMN51335558	11	189803	chromosome	0.0005025181506132203	0.00011060990091914079	0	0	false	0	12	0
SAMN51335558	12	185130	chromosome	0.0005025181506132203	0.00011060990091914079	0	0	false	0	12	0
SAMN51335558	13	163012	chromosome	0.0005025181506132203	0.00011060990091914079	0	0	false	0	12	0
SAMN51335558	14	141328	chromosome	0.0005025181506132203	0.00011060990091914079	0	0	false	0	12	0
SAMN51335558	15	122003	chromosome	0.0023477360266118638	0.00011060990091914079	0	0	false	1	11	0
SAMN51335558	16	113743	chromosome	0.0005025181506132203	0.00011060990091914079	0	0	false	0	12	0
SAMN51335558	17	100272	chromosome	0.0005025181506132203	0.00011060990091914079	0	0	false	0	12	0
SAMN51335558	18	91569	chromosome	0.0005025181506132203	0.00011060990091914079	0	0	false	0	12	0
SAMN51335558	19	90899	chromosome	0.0005025181506132203	0.00011060990091914079	0	0	false	0	12	0
SAMN51335558	2	559956	chromosome	0.0005025181506132203	0.00011060990091914079	0	0	false	0	12	0
SAMN51335558	20	89471	plasmid	0.9991779581661044	0.589352013436757	1	0	true	10	1	1
SAMN51335558	21	76505	chromosome	0.0005025181506132203	0.00019624801595749276	0	0	false	0	12	0
SAMN51335558	22	75478	chromosome	0.0005025181506132203	0.00019624801595749276	0	0	false	0	12	0
SAMN51335558	23	61009	chromosome	0.0023477360266118638	0.00014703756920924	0	0	true	1	11	0
SAMN51335558	24	52216	chromosome	0.0005025181506132203	0.00014703756920924	0	0	false	0	12	0
SAMN51335558	25	46301	chromosome	0.0005025181506132203	0.00014703756920924	0	0	false	0	12	0
SAMN51335558	26	43964	chromosome	0.0005025181506132203	0.00014703756920924	0	0	false	0	12	0
SAMN51335558	27	41177	chromosome	0.0005025181506132203	0.00014703756920924	0	0	false	0	12	0
SAMN51335558	28	32511	plasmid	0.999822425133984	0.9674927515411808	1	1	true	12	0	0
SAMN51335558	29	32329	chromosome	0.0005025181506132203	0.00015702031971392337	0	0	false	0	12	0
SAMN51335558	3	288332	chromosome	0.0005025181506132203	0.00011060990091914079	0	0	false	0	12	0
SAMN51335558	30	30918	chromosome	0.0005025181506132203	0.00015702031971392337	0	0	false	0	12	0
SAMN51335558	31	28229	chromosome	0.0076635662944439355	0.00022714921578647715	0	0	false	3	9	0
SAMN51335558	32	23174	chromosome	0.014137038622815292	0.002195073381476815	0	0	false	3	9	0
SAMN51335558	33	18866	chromosome	0.14721105285356742	0.09393242082435192	0	0	true	8	4	0
SAMN51335558	34	17042	chromosome	0.0009329050566734367	0.0002072755117002093	0	0	false	1	11	0
SAMN51335558	35	16954	chromosome	0.0043515984760592406	0.0002972197215497225	0	0	false	2	10	0
SAMN51335558	36	15893	chromosome	0.0009329050566734367	0.0002072755117002093	0	0	false	1	11	0
SAMN51335558	37	15278	chromosome	0.0005025181506132203	0.0002072755117002093	0	0	false	0	12	0
SAMN51335558	38	14961	chromosome	0.9508635198395291	0.28851523160619025	1	0	true	10	2	0
SAMN51335558	39	7075	chromosome	0.0043515984760592406	0.0002972197215497225	0	0	false	2	10	0
SAMN51335558	4	285040	chromosome	0.0005025181506132203	0.00011060990091914079	0	0	false	0	12	0
SAMN51335558	40	6726	chromosome	0.0005025181506132203	0.0002072755117002093	0	0	false	0	12	0
SAMN51335558	41	6343	plasmid	0.9931544050611385	0.756050379592885	1	1	false	11	1	0
SAMN51335558	42	4386	chromosome	0.9986702433695193	0.362342531581983	1	0	true	11	1	0
SAMN51335558	43	4187	chromosome	0.0005025181506132203	0.00021152774863159696	0	0	false	0	12	0
SAMN51335558	45	3747	chromosome	4.999832459226084e-05	0.00024244276406749525	0	0	false	1	10	1
SAMN51335558	46	2987	chromosome	0.014137038622815292	0.0011629526216424982	0	0	false	3	9	0
SAMN51335558	47	2788	chromosome	0.00012599395954687636	0.00028039594438441877	0	0	false	1	10	1
SAMN51335558	48	1714	chromosome	0.0005025181506132203	0.00021391248626354914	0	0	false	0	12	0
SAMN51335558	49	1493	chromosome	0.00023956578021005798	0.0003067358316259815	0	0	false	2	9	1
SAMN51335558	5	280563	chromosome	0.0005025181506132203	0.00011060990091914079	0	0	false	0	12	0
SAMN51335558	50	1463	chromosome	0.00012599395954687636	0.00042155713389070086	0	0	false	1	10	1
SAMN51335558	51	1427	chromosome	0.0013734342506121736	0.000518327677444731	0	0	false	2	9	1
SAMN51335558	52	1317	chromosome	0.0023477360266118638	0.00036781080671060705	0	0	false	1	11	0
SAMN51335558	53	1285	chromosome	0.00012599395954687636	0.00042155713389070086	0	0	false	1	10	1
SAMN51335558	54	1256	chromosome	2.629307352510889e-05	0.00031802929333166045	0	0	false	0	11	1
SAMN51335558	55	1107	chromosome	2.629307352510889e-05	0.00031802929333166045	0	0	false	0	11	1
SAMN51335558	6	239120	chromosome	0.0005025181506132203	0.00011060990091914079	0	0	false	0	12	0
SAMN51335558	7	205294	chromosome	0.0005025181506132203	0.00011060990091914079	0	0	false	0	12	0
SAMN51335558	8	204591	chromosome	0.0005025181506132203	0.00011060990091914079	0	0	false	0	12	0
SAMN51335558	9	202302	chromosome	0.0005025181506132203	0.00011060990091914079	0	0	false	0	12	0
SAMN51867602	1	355366	chromosome	0.0005025181506132203	0.0009500596940933647	0	0	false	0	12	0
SAMN51867602	10	216100	chromosome	0.0005025181506132203	0.0009500596940933647	0	0	false	0	12	0
SAMN51867602	11	186148	chromosome	0.0005025181506132203	0.0009500596940933647	0	0	false	0	12	0
SAMN51867602	12	162257	chromosome	0.0005025181506132203	0.0009500596940933647	0	0	false	0	12	0
SAMN51867602	13	142862	chromosome	0.0005025181506132203	0.0009500596940933647	0	0	false	0	12	0
SAMN51867602	14	130706	chromosome	0.0005025181506132203	0.0009500596940933647	0	0	false	0	12	0
SAMN51867602	15	127828	chromosome	0.0043515984760592406	0.0011777188554739134	0	0	false	2	10	0
SAMN51867602	16	100051	chromosome	0.0023477360266118638	0.0009500596940933647	0	0	false	1	11	0
SAMN51867602	17	98196	chromosome	0.0005025181506132203	0.0009500596940933647	0	0	false	0	12	0
SAMN51867602	18	96238	chromosome	0.0005025181506132203	0.0009500596940933647	0	0	false	0	12	0
SAMN51867602	19	93619	chromosome	0.0023477360266118638	0.0009500596940933647	0	0	false	1	11	0
SAMN51867602	2	349308	chromosome	0.0005025181506132203	0.0009500596940933647	0	0	false	0	12	0
SAMN51867602	20	84797	chromosome	0.0005025181506132203	0.0009500596940933647	0	0	false	0	12	0
SAMN51867602	21	83925	chromosome	0.0005025181506132203	0.0009500596940933647	0	0	false	0	12	0
SAMN51867602	22	81174	chromosome	0.0023477360266118638	0.0009500596940933647	0	0	false	1	11	0
SAMN51867602	23	74927	chromosome	0.021562515166430943	0.0023178174002507594	0	0	false	2	9	1
SAMN51867602	24	74472	chromosome	2.629307352510889e-05	0.001595984129854671	0	0	false	0	11	1
SAMN51867602	25	72333	chromosome	0.0005025181506132203	0.001595984129854671	0	0	false	0	12	0
SAMN51867602	26	64096	chromosome	0.0005025181506132203	0.0011962008291016562	0	0	false	0	12	0
SAMN51867602	27	62532	chromosome	2.629307352510889e-05	0.0011962008291016562	0	0	false	0	11	1
SAMN51867602	28	57821	chromosome	0.0005025181506132203	0.0011962008291016562	0	0	false	0	12	0
SAMN51867602	29	42174	plasmid	0.999822425133984	0.99812184203129	1	1	false	12	0	0
SAMN51867602	3	296380	chromosome	0.0005025181506132203	0.0009500596940933647	0	0	false	0	12	0
SAMN51867602	30	40880	chromosome	0.0023477360266118638	0.0011962008291016562	0	0	false	1	11	0
SAMN51867602	31	34806	chromosome	0.0005025181506132203	0.0012773229153878662	0	0	false	0	12	0
SAMN51867602	32	34783	chromosome	0.0005025181506132203	0.0012773229153878662	0	0	false	0	12	0
SAMN51867602	33	33864	chromosome	0.0005025181506132203	0.0012773229153878662	0	0	false	0	12	0
SAMN51867602	34	33505	chromosome	0.0005025181506132203	0.0012773229153878662	0	0	false	0	12	0
SAMN51867602	35	33313	chromosome	2.629307352510889e-05	0.0012773229153878662	0	0	false	0	11	1
SAMN51867602	36	31912	chromosome	0.0005025181506132203	0.0012773229153878662	0	0	false	0	12	0
SAMN51867602	37	29297	plasmid	0.999822425133984	0.99812184203129	1	1	false	12	0	0
SAMN51867602	38	26612	chromosome	0.0005025181506132203	0.0012773229153878662	0	0	false	0	12	0
SAMN51867602	39	19828	chromosome	0.0005025181506132203	0.001320854027404172	0	0	false	0	12	0
SAMN51867602	4	288508	chromosome	0.0005025181506132203	0.0009500596940933647	0	0	false	0	12	0
SAMN51867602	40	17251	chromosome	0.0005025181506132203	0.001320854027404172	0	0	false	0	12	0
SAMN51867602	41	17095	plasmid	0.9931544050611385	0.9973227216891274	1	1	true	11	1	0
SAMN51867602	42	16761	chromosome	0.19432772070795537	0.6942053339018205	0	0	false	5	7	0
SAMN51867602	43	16110	chromosome	2.629307352510889e-05	0.0017499740792468077	0	0	false	0	11	1
SAMN51867602	44	16049	plasmid	0.999822425133984	0.9973227216891274	1	1	false	12	0	0
SAMN51867602	45	13073	chromosome	0.0043515984760592406	0.0025076709532419928	0	0	false	2	10	0
SAMN51867602	46	11593	chromosome	0.0005025181506132203	0.0017499740792468077	0	0	false	0	12	0
SAMN51867602	47	10961	plasmid	0.9931544050611385	0.9969783150028219	1	1	false	11	1	0
SAMN51867602	48	10880	chromosome	0.0023477360266118638	0.002023445969688531	0	0	false	1	11	0
SAMN51867602	49	10543	plasmid	0.999822425133984	0.9969783150028219	1	1	false	12	0	0
SAMN51867602	5	259538	chromosome	0.0005025181506132203	0.0009500596940933647	0	0	false	0	12	0
SAMN51867602	50	10283	chromosome	0.0043515984760592406	0.0025076709532419928	0	0	false	2	10	0
SAMN51867602	51	10031	plasmid	0.9929225458808841	0.9916754363016633	1	1	true	10	2	0
SAMN51867602	52	9706	plasmid	0.9931544050611385	0.994154178409912	1	1	true	11	1	0
SAMN51867602	53	9551	chromosome	0.0005025181506132203	0.0017499740792468077	0	0	false	0	12	0
SAMN51867602	54	7872	chromosome	0.0005025181506132203	0.0017499740792468077	0	0	false	0	12	0
SAMN51867602	55	7730	chromosome	0.0005025181506132203	0.0017499740792468077	0	0	false	0	12	0
SAMN51867602	56	6666	chromosome	0.0024123556419008763	0.002032668257920536	0	0	false	0	11	1
SAMN51867602	57	6053	plasmid	0.999822425133984	0.9939534899348801	1	1	false	12	0	0
SAMN51867602	58	5348	chromosome	0.05557835120585066	0.0022406542327322162	0	0	false	3	9	0
SAMN51867602	59	5231	chromosome	2.629307352510889e-05	0.001785818097170428	0	0	false	0	11	1
SAMN51867602	6	241910	chromosome	2.629307352510889e-05	0.0009500596940933647	0	0	false	0	11	1
SAMN51867602	60	5197	plasmid	0.9931544050611385	0.9947153944947259	1	1	true	11	1	0
SAMN51867602	61	4820	plasmid	0.9931544050611385	0.9947153944947259	1	1	false	11	1	0
SAMN51867602	62	3847	plasmid	0.9931544050611385	0.9912010586316363	1	1	false	11	1	0
SAMN51867602	63	3752	chromosome	0.0005025181506132203	0.001785818097170428	0	0	false	0	12	0
SAMN51867602	64	3713	chromosome	0.48793662448218494	0.03271710532698137	0	0	false	3	9	0
SAMN51867602	65	3522	plasmid	0.9931544050611385	0.9912010586316363	1	1	false	11	1	0
SAMN51867602	66	3462	chromosome	0.006724141415640177	0.0012873039033229486	0	0	false	1	11	0
SAMN51867602	67	3262	chromosome	0.0023477360266118638	0.0020648798162500623	0	0	false	1	11	0
SAMN51867602	68	2910	chromosome	0.0004231276172503976	0.040002947201853184	0	0	false	2	9	1
SAMN51867602	69	2849	plasmid	0.9931544050611385	0.9912010586316363	1	1	false	11	1	0
SAMN51867602	7	230495	chromosome	0.0005025181506132203	0.0009500596940933647	0	0	false	0	12	0
SAMN51867602	70	2823	chromosome	0.0005025181506132203	0.001785818097170428	0	0	false	0	12	0
SAMN51867602	71	2715	chromosome	0.00023956578021005798	0.0025815273955167852	0	0	false	2	9	1
SAMN51867602	72	2699	chromosome	0.08095224241983584	0.9199182692222252	0	0	false	5	5	2
SAMN51867602	73	2699	chromosome	0.05557835120585066	0.001710788798932913	0	0	false	3	9	0
SAMN51867602	74	2416	plasmid	0.9655381836056843	0.9688764284953334	1	1	false	9	3	0
SAMN51867602	75	1948	chromosome	0.0005025181506132203	0.0016490130894969831	0	0	false	0	12	0
SAMN51867602	76	1896	chromosome	0.0023477360266118638	0.0019067377435936614	0	0	false	1	11	0
SAMN51867602	77	1863	chromosome	2.629307352510889e-05	0.0016490130894969831	0	0	false	0	11	1
SAMN51867602	78	1732	chromosome	0.0004231276172503976	0.03673484073178418	0	0	false	2	9	1
SAMN51867602	8	228191	chromosome	0.0005025181506132203	0.0009500596940933647	0	0	false	0	12	0
SAMN51867602	81	1414	chromosome	0.0013734342506121736	0.00939841164245909	0	0	false	2	9	1
SAMN51867602	82	1366	chromosome	0.0005025181506132203	0.0016490130894969831	0	0	false	0	12	0
SAMN51867602	84	1329	plasmid	0.9703096995214244	0.9876639900379722	1	1	false	9	2	1
SAMN51867602	85	1138	chromosome	0.0023477360266118638	0.0019067377435936614	0	0	false	1	11	0
SAMN51867602	86	1069	chromosome	2.629307352510889e-05	0.0016490130894969831	0	0	false	0	11	1
SAMN51867602	87	1027	chromosome	0.0005025181506132203	0.0016490130894969831	0	0	false	0	12	0
SAMN51867602	88	1015	chromosome	0.0005025181506132203	0.0016490130894969831	0	0	false	0	12	0
SAMN51867602	89	1012	chromosome	0.01164383912218704	0.027919933014401006	0	0	false	1	8	3
SAMN51867602	9	219132	chromosome	0.0005025181506132203	0.0009500596940933647	0	0	false	0	12	0
SAMN51867602	90	1008	chromosome	0.0023477360266118638	0.0019067377435936614	0	0	false	1	11	0
SAMN51867602	91	1008	chromosome	0.0023477360266118638	0.0019067377435936614	0	0	false	1	11	0
SAMN52857380	1	839555	chromosome	0.0005025181506132203	0.00024522659520971547	0	0	false	0	12	0
SAMN52857380	10	198930	chromosome	0.0005025181506132203	0.00024522659520971547	0	0	false	0	12	0
SAMN52857380	11	161186	chromosome	0.0005025181506132203	0.00024522659520971547	0	0	false	0	12	0
SAMN52857380	12	127813	chromosome	0.0005025181506132203	0.00024522659520971547	0	0	false	0	12	0
SAMN52857380	13	111650	chromosome	0.0005025181506132203	0.00024522659520971547	0	0	false	0	12	0
SAMN52857380	14	41218	chromosome	0.0005025181506132203	0.0010248362425856784	0	0	false	0	12	0
SAMN52857380	15	29778	chromosome	0.0005025181506132203	0.0010943497250611902	0	0	false	0	12	0
SAMN52857380	16	16158	plasmid	0.9508635198395291	0.815809687330244	1	0	true	10	2	0
SAMN52857380	17	8287	plasmid	0.9508635198395291	0.7014419642504071	1	0	true	10	2	0
SAMN52857380	18	5893	plasmid	0.9508635198395291	0.7014419642504071	1	0	true	10	2	0
SAMN52857380	19	4287	chromosome	0.0005025181506132203	0.0014441688848224063	0	0	false	0	12	0
SAMN52857380	2	595756	chromosome	0.0005025181506132203	0.00024522659520971547	0	0	false	0	12	0
SAMN52857380	20	1584	chromosome	0.00012599395954687636	0.0021891476708173307	0	0	false	1	10	1
SAMN52857380	21	1432	chromosome	2.629307352510889e-05	0.002454716691301062	0	0	false	0	11	1
SAMN52857380	22	1322	chromosome	0.00012599395954687636	0.0032515364601057115	0	0	false	1	10	1
SAMN52857380	3	558404	chromosome	0.0005025181506132203	0.00024522659520971547	0	0	false	0	12	0
SAMN52857380	4	540186	chromosome	0.0005025181506132203	0.00024522659520971547	0	0	false	0	12	0
SAMN52857380	5	499226	chromosome	0.0005025181506132203	0.00024522659520971547	0	0	false	0	12	0
SAMN52857380	6	396599	chromosome	0.0005025181506132203	0.00024522659520971547	0	0	false	0	12	0
SAMN52857380	7	243545	chromosome	0.0005025181506132203	0.00024522659520971547	0	0	false	0	12	0
SAMN52857380	8	228001	chromosome	0.0005025181506132203	0.00024522659520971547	0	0	false	0	12	0
SAMN52857380	9	211440	plasmid	0.9986702433695193	0.8021082760430593	1	1	false	11	1	0
SAMN52951588	1	316933	chromosome	0.0005025181506132203	0.0005187436258989112	0	0	false	0	12	0
SAMN52951588	10	161585	chromosome	0.0005025181506132203	0.0005187436258989112	0	0	false	0	12	0
SAMN52951588	100	1622	plasmid	0.9929225458808841	0.9735255790330399	1	1	true	10	2	0
SAMN52951588	101	1499	chromosome	0.00012599395954687636	0.0011936331573832227	0	0	false	1	10	1
SAMN52951588	102	1440	plasmid	0.9857017881103314	0.9717079216253953	1	1	true	9	2	1
SAMN52951588	103	1314	plasmid	0.9703096995214244	0.9821087916370413	1	1	false	9	2	1
SAMN52951588	104	1308	plasmid	0.9123720989070611	0.9333328086697654	0	0	false	7	5	0
SAMN52951588	105	1283	plasmid	0.993829937627673	0.9438351466061763	1	1	false	5	6	1
SAMN52951588	106	1279	chromosome	0.0006230974243322653	0.0011516601567687686	0	0	false	1	9	2
SAMN52951588	107	1156	plasmid	0.9635954046298301	0.9556199228000115	1	1	false	9	3	0
SAMN52951588	108	1124	plasmid	0.9703096995214244	0.9821087916370413	1	1	false	9	2	1
SAMN52951588	109	1123	plasmid	0.7337646477914976	0.9516876618486806	0	0	false	7	4	1
SAMN52951588	11	152352	chromosome	0.0005025181506132203	0.0005187436258989112	0	0	false	0	12	0
SAMN52951588	110	1080	chromosome	0.06558826216287283	0.005084493242217287	0	0	false	3	7	2
SAMN52951588	112	1017	plasmid	0.9929225458808841	0.9735255790330399	1	1	true	10	2	0
SAMN52951588	113	1006	plasmid	0.993036133590978	0.956533343858327	1	1	true	9	3	0
SAMN52951588	12	147232	chromosome	0.0005025181506132203	0.0005187436258989112	0	0	false	0	12	0
SAMN52951588	13	126689	chromosome	0.0023477360266118638	0.0005187436258989112	0	0	false	1	11	0
SAMN52951588	14	125947	chromosome	0.0005025181506132203	0.0005187436258989112	0	0	false	0	12	0
SAMN52951588	15	97861	chromosome	0.0005025181506132203	0.0005187436258989112	0	0	false	0	12	0
SAMN52951588	16	90840	chromosome	0.0005025181506132203	0.0005187436258989112	0	0	false	0	12	0
SAMN52951588	17	88907	chromosome	0.0005025181506132203	0.0005187436258989112	0	0	false	0	12	0
SAMN52951588	18	88512	chromosome	0.0023477360266118638	0.0005187436258989112	0	0	false	1	11	0
SAMN52951588	19	86006	chromosome	0.0023477360266118638	0.0005187436258989112	0	0	false	1	11	0
SAMN52951588	2	273178	chromosome	0.0005025181506132203	0.0005187436258989112	0	0	false	0	12	0
SAMN52951588	20	80920	chromosome	0.0005025181506132203	0.0005187436258989112	0	0	false	0	12	0
SAMN52951588	21	77285	chromosome	0.0043515984760592406	0.0010805797893067071	0	0	false	2	10	0
SAMN52951588	22	76311	chromosome	0.0005025181506132203	0.0008716817258040134	0	0	false	0	12	0
SAMN52951588	23	71254	chromosome	0.0005025181506132203	0.0008716817258040134	0	0	false	0	12	0
SAMN52951588	24	70449	chromosome	0.0023477360266118638	0.0008716817258040134	0	0	false	1	11	0
SAMN52951588	25	64654	chromosome	0.0005025181506132203	0.0006532126068179752	0	0	false	0	12	0
SAMN52951588	26	63820	plasmid	0.9986702433695193	0.9927500768103827	1	1	false	11	1	0
SAMN52951588	27	57831	chromosome	0.0023477360266118638	0.0006532126068179752	0	0	false	1	11	0
SAMN52951588	28	55453	chromosome	0.0005025181506132203	0.0006532126068179752	0	0	false	0	12	0
SAMN52951588	29	54725	chromosome	0.0005025181506132203	0.0006532126068179752	0	0	false	0	12	0
SAMN52951588	3	266581	chromosome	0.0005025181506132203	0.0005187436258989112	0	0	false	0	12	0
SAMN52951588	30	52488	chromosome	0.0005025181506132203	0.0006532126068179752	0	0	false	0	12	0
SAMN52951588	31	49510	chromosome	0.0005025181506132203	0.0006532126068179752	0	0	false	0	12	0
SAMN52951588	32	48148	chromosome	0.0005025181506132203	0.0006532126068179752	0	0	false	0	12	0
SAMN52951588	33	46339	chromosome	0.0005025181506132203	0.0006532126068179752	0	0	false	0	12	0
SAMN52951588	34	45444	chromosome	0.0023477360266118638	0.0006532126068179752	0	0	false	1	11	0
SAMN52951588	35	41170	chromosome	0.0005025181506132203	0.0006532126068179752	0	0	false	0	12	0
SAMN52951588	36	38136	chromosome	0.0005025181506132203	0.0006532126068179752	0	0	false	0	12	0
SAMN52951588	37	37601	chromosome	0.0005025181506132203	0.0006532126068179752	0	0	false	0	12	0
SAMN52951588	38	35045	chromosome	0.0005025181506132203	0.0006975368793825305	0	0	false	0	12	0
SAMN52951588	39	31574	chromosome	0.0009329050566734367	0.0006975368793825305	0	0	false	1	11	0
SAMN52951588	4	213188	chromosome	0.0005025181506132203	0.0005187436258989112	0	0	false	0	12	0
SAMN52951588	40	30819	chromosome	0.0005025181506132203	0.0006975368793825305	0	0	false	0	12	0
SAMN52951588	41	28834	plasmid	0.9931544050611385	0.997263012255942	1	1	false	11	1	0
SAMN52951588	42	26653	chromosome	0.0005025181506132203	0.0006975368793825305	0	0	false	0	12	0
SAMN52951588	43	26052	chromosome	0.0009329050566734367	0.0006975368793825305	0	0	false	1	11	0
SAMN52951588	44	24871	chromosome	0.0005025181506132203	0.0006975368793825305	0	0	false	0	12	0
SAMN52951588	45	22024	chromosome	0.0009329050566734367	0.0006975368793825305	0	0	false	1	11	0
SAMN52951588	46	21684	chromosome	0.0005025181506132203	0.0006975368793825305	0	0	false	0	12	0
SAMN52951588	47	21467	chromosome	0.0005025181506132203	0.0006975368793825305	0	0	false	0	12	0
SAMN52951588	48	19600	chromosome	0.030712803277361277	0.000897370475184837	0	0	false	2	10	0
SAMN52951588	49	18759	chromosome	0.0005025181506132203	0.0007213231782355622	0	0	false	0	12	0
SAMN52951588	5	213027	chromosome	0.0005025181506132203	0.0005187436258989112	0	0	false	0	12	0
SAMN52951588	50	17075	plasmid	0.10618092206265868	0.8132023398918751	0	0	false	6	6	0
SAMN52951588	51	15717	plasmid	0.9857568595095695	0.9867807039983364	1	1	false	10	1	1
SAMN52951588	52	13804	chromosome	0.0005025181506132203	0.0009558536195985552	0	0	false	0	12	0
SAMN52951588	53	13616	chromosome	0.0009329050566734367	0.0009558536195985552	0	0	false	1	11	0
SAMN52951588	54	13432	chromosome	0.006724141415640177	0.0008294611275469317	0	0	false	1	11	0
SAMN52951588	55	13418	chromosome	0.0005025181506132203	0.0009558536195985552	0	0	false	0	12	0
SAMN52951588	56	12008	chromosome	0.0005025181506132203	0.0009558536195985552	0	0	false	0	12	0
SAMN52951588	57	11059	chromosome	0.0005025181506132203	0.0009558536195985552	0	0	false	0	12	0
SAMN52951588	58	10834	plasmid	0.9760184397863514	0.9630329974787382	1	1	false	7	4	1
SAMN52951588	59	10699	chromosome	0.006724141415640177	0.0008294611275469317	0	0	false	1	11	0
SAMN52951588	6	209045	chromosome	0.0005025181506132203	0.0005187436258989112	0	0	false	0	12	0
SAMN52951588	60	10542	plasmid	0.9998163689443657	0.9955988875816815	1	1	false	11	1	0
SAMN52951588	61	10071	chromosome	0.030712803277361277	0.0011890726823961875	0	0	false	2	10	0
SAMN52951588	62	9623	plasmid	0.987146047145738	0.958771773674332	1	1	false	9	3	0
SAMN52951588	63	9008	plasmid	0.9508635198395291	0.9642467657356093	1	1	true	10	2	0
SAMN52951588	64	8081	chromosome	0.838324559238902	0.7888816775774701	0	0	false	5	7	0
SAMN52951588	65	7857	plasmid	0.999822425133984	0.9912053825712391	1	1	false	12	0	0
SAMN52951588	66	7715	plasmid	0.9956109046684241	0.8786741464417095	1	1	false	6	6	0
SAMN52951588	67	6623	plasmid	0.9931544050611385	0.9912053825712391	1	1	true	11	1	0
SAMN52951588	68	6421	plasmid	0.9137413354205492	0.9324135752714592	0	0	false	9	3	0
SAMN52951588	69	6370	plasmid	0.9750153105721396	0.9757362051206914	1	1	false	9	2	1
SAMN52951588	7	199434	chromosome	0.0005025181506132203	0.0005187436258989112	0	0	false	0	12	0
SAMN52951588	70	6355	plasmid	0.9931544050611385	0.9912053825712391	1	1	true	11	1	0
SAMN52951588	71	6172	chromosome	0.0023477360266118638	0.0011053641590850773	0	0	false	1	11	0
SAMN52951588	72	5986	plasmid	0.9931544050611385	0.9912053825712391	1	1	true	11	1	0
SAMN52951588	73	5955	plasmid	0.7944342199327958	0.9438611240551057	0	0	false	9	3	0
SAMN52951588	74	5808	chromosome	0.006724141415640177	0.0008294611275469317	0	0	false	1	11	0
SAMN52951588	75	5686	plasmid	0.900702896221801	0.7572095658853376	0	0	false	4	8	0
SAMN52951588	76	5407	chromosome	0.021562515166430943	0.0016056562086185656	0	0	false	2	9	1
SAMN52951588	77	5006	chromosome	0.05557835120585066	0.0012241411561628589	0	0	false	3	9	0
SAMN52951588	78	4870	plasmid	0.3351738164934949	0.8712693068318432	0	0	false	7	5	0
SAMN52951588	79	4629	chromosome	0.0005025181506132203	0.0009754478804274018	0	0	false	0	12	0
SAMN52951588	8	188056	chromosome	0.0005025181506132203	0.0005187436258989112	0	0	false	0	12	0
SAMN52951588	80	4498	chromosome	0.0005025181506132203	0.0009754478804274018	0	0	false	0	12	0
SAMN52951588	81	4435	plasmid	0.9931544050611385	0.9923108899940998	1	1	true	11	1	0
SAMN52951588	82	4408	plasmid	0.8822499927131491	0.8667692705118988	0	0	false	5	6	1
SAMN52951588	83	4113	chromosome	0.0005025181506132203	0.0009754478804274018	0	0	false	0	12	0
SAMN52951588	84	3425	plasmid	0.9996808922850248	0.9653591870315362	1	1	false	10	2	0
SAMN52951588	86	3238	plasmid	0.9402787710327908	0.9787613193795686	1	1	false	9	1	2
SAMN52951588	87	3198	plasmid	0.9492724375550261	0.943037158831234	1	1	false	9	3	0
SAMN52951588	88	3167	plasmid	0.9931544050611385	0.9872180725852102	1	1	true	11	1	0
SAMN52951588	89	3075	plasmid	0.9506805552025154	0.8326734436526847	1	0	true	7	5	0
SAMN52951588	9	168486	chromosome	0.0005025181506132203	0.0005187436258989112	0	0	false	0	12	0
SAMN52951588	90	3015	plasmid	0.9406882464325212	0.9409901700595827	1	1	false	9	3	0
SAMN52951588	91	2990	plasmid	0.9123720989070611	0.9311654718610074	0	0	false	7	5	0
SAMN52951588	92	2935	chromosome	0.0016468472579477477	0.010663022472342635	0	0	false	1	11	0
SAMN52951588	94	2200	chromosome	0.0006230974243322653	0.0011516601567687686	0	0	false	1	9	2
SAMN52951588	95	2180	chromosome	0.19276349947815877	0.0051514187163603275	0	0	false	3	9	0
SAMN52951588	96	2043	plasmid	0.993036133590978	0.9401680854523903	1	1	false	9	3	0
SAMN52951588	97	2017	plasmid	0.9929225458808841	0.9633125441134238	1	1	false	10	2	0
SAMN52951588	98	1995	chromosome	0.00012599395954687636	0.0011936331573832227	0	0	false	1	10	1
SAMN52951588	99	1792	plasmid	0.8705147387133599	0.9698577354786537	0	0	false	8	3	1
SAMN53177110	1	245013	chromosome	0.0005025181506132203	0.0005187436258989112	0	0	false	0	12	0
SAMN53177110	10	118487	chromosome	0.0005025181506132203	0.0005187436258989112	0	0	false	0	12	0
SAMN53177110	100	2275	chromosome	0.28784870065228013	0.8855903528357424	0	0	false	4	6	2
SAMN53177110	101	2268	chromosome	0.0023477360266118638	0.0010415537492729924	0	0	false	1	11	0
SAMN53177110	102	2228	chromosome	0.0023477360266118638	0.0010415537492729924	0	0	false	1	11	0
SAMN53177110	103	2086	chromosome	0.0005025181506132203	0.0009006663649301763	0	0	false	0	12	0
SAMN53177110	104	2013	chromosome	0.0005025181506132203	0.0009006663649301763	0	0	false	0	12	0
SAMN53177110	105	1908	chromosome	2.629307352510889e-05	0.0009006663649301763	0	0	false	0	11	1
SAMN53177110	106	1863	chromosome	0.0005025181506132203	0.0009006663649301763	0	0	false	0	12	0
SAMN53177110	107	1559	chromosome	0.0076617658502466796	0.014069493211000865	0	0	false	2	10	0
SAMN53177110	108	1520	chromosome	0.0005025181506132203	0.0009006663649301763	0	0	false	0	12	0
SAMN53177110	109	1466	chromosome	0.00012599395954687636	0.0011936331573832227	0	0	false	1	10	1
SAMN53177110	11	116614	chromosome	0.0023477360266118638	0.0005187436258989112	0	0	false	1	11	0
SAMN53177110	110	1453	chromosome	0.0005025181506132203	0.0009006663649301763	0	0	false	0	12	0
SAMN53177110	111	1423	chromosome	0.0012266715864819697	0.0012911089465831643	0	0	false	2	9	1
SAMN53177110	112	1343	chromosome	0.013227528526758615	0.005269044785382337	0	0	false	3	8	1
SAMN53177110	113	1323	chromosome	0.0005025181506132203	0.0009006663649301763	0	0	false	0	12	0
SAMN53177110	114	1258	chromosome	0.004013241517556705	0.0034220392669561074	0	0	false	0	11	1
SAMN53177110	115	1221	chromosome	0.04309066531046129	0.792298481738684	0	0	false	4	7	1
SAMN53177110	117	1196	chromosome	0.06850767915791181	0.7557329153056801	0	0	false	5	6	1
SAMN53177110	118	1119	chromosome	0.01711412118589337	0.27784540756467857	0	0	false	5	6	1
SAMN53177110	119	1105	chromosome	0.8619778053471356	0.9606619882053908	0	0	false	7	4	1
SAMN53177110	12	109149	chromosome	0.0005025181506132203	0.0005187436258989112	0	0	false	0	12	0
SAMN53177110	120	1068	chromosome	0.024471395953503606	0.0051514187163603275	0	0	false	2	10	0
SAMN53177110	121	1058	chromosome	0.13851060180983238	0.650351197540561	0	0	false	5	5	2
SAMN53177110	122	1051	chromosome	0.00012599395954687636	0.0011936331573832227	0	0	false	1	10	1
SAMN53177110	123	1031	chromosome	0.00012599395954687636	0.0011936331573832227	0	0	false	1	10	1
SAMN53177110	13	98496	chromosome	0.0005025181506132203	0.0005187436258989112	0	0	false	0	12	0
SAMN53177110	14	97821	chromosome	0.0005025181506132203	0.0005187436258989112	0	0	false	0	12	0
SAMN53177110	15	96520	chromosome	0.0005025181506132203	0.0005187436258989112	0	0	false	0	12	0
SAMN53177110	16	96128	chromosome	0.0023477360266118638	0.0005187436258989112	0	0	false	1	11	0
SAMN53177110	17	95332	chromosome	0.0023477360266118638	0.0005187436258989112	0	0	false	1	11	0
SAMN53177110	18	91699	chromosome	0.0005025181506132203	0.0005187436258989112	0	0	false	0	12	0
SAMN53177110	19	90087	chromosome	0.0023477360266118638	0.0005187436258989112	0	0	false	1	11	0
SAMN53177110	2	189947	chromosome	0.0005025181506132203	0.0005187436258989112	0	0	false	0	12	0
SAMN53177110	20	88196	chromosome	0.0023477360266118638	0.0005187436258989112	0	0	false	1	11	0
SAMN53177110	21	87416	chromosome	0.0005025181506132203	0.0005187436258989112	0	0	false	0	12	0
SAMN53177110	22	77053	chromosome	0.0023477360266118638	0.0008716817258040134	0	0	false	1	11	0
SAMN53177110	23	75440	chromosome	0.0005025181506132203	0.0008716817258040134	0	0	false	0	12	0
SAMN53177110	24	75167	chromosome	0.0005025181506132203	0.0008716817258040134	0	0	false	0	12	0
SAMN53177110	25	69626	chromosome	0.0005025181506132203	0.0008716817258040134	0	0	false	0	12	0
SAMN53177110	26	67722	chromosome	0.0005025181506132203	0.0009647403567926307	0	0	false	0	12	0
SAMN53177110	27	65622	chromosome	0.0005025181506132203	0.0009647403567926307	0	0	false	0	12	0
SAMN53177110	28	65399	chromosome	0.0005025181506132203	0.0009647403567926307	0	0	false	0	12	0
SAMN53177110	29	63223	chromosome	0.0005025181506132203	0.0006532126068179752	0	0	false	0	12	0
SAMN53177110	3	183726	chromosome	0.0005025181506132203	0.0005187436258989112	0	0	false	0	12	0
SAMN53177110	30	59434	chromosome	0.0005025181506132203	0.0006532126068179752	0	0	false	0	12	0
SAMN53177110	31	57071	chromosome	0.0005025181506132203	0.0006532126068179752	0	0	false	0	12	0
SAMN53177110	32	56098	chromosome	0.0005025181506132203	0.0006532126068179752	0	0	false	0	12	0
SAMN53177110	33	51960	chromosome	0.0023477360266118638	0.0006532126068179752	0	0	false	1	11	0
SAMN53177110	34	51364	chromosome	0.0005025181506132203	0.0006532126068179752	0	0	false	0	12	0
SAMN53177110	35	49891	chromosome	0.0005025181506132203	0.0006532126068179752	0	0	false	0	12	0
SAMN53177110	36	47601	chromosome	0.0005025181506132203	0.0006532126068179752	0	0	false	0	12	0
SAMN53177110	37	46895	chromosome	0.0005025181506132203	0.0006532126068179752	0	0	false	0	12	0
SAMN53177110	38	45080	chromosome	0.0009329050566734367	0.0006532126068179752	0	0	false	1	11	0
SAMN53177110	39	44676	plasmid	0.9980305553345018	0.9909538763371887	1	1	true	10	1	1
SAMN53177110	4	175823	chromosome	0.0005025181506132203	0.0005187436258989112	0	0	false	0	12	0
SAMN53177110	40	43888	chromosome	0.0043515984760592406	0.0008097970965013805	0	0	false	2	10	0
SAMN53177110	41	42666	chromosome	0.0023477360266118638	0.0006532126068179752	0	0	false	1	11	0
SAMN53177110	42	41779	chromosome	0.0005025181506132203	0.0006532126068179752	0	0	false	0	12	0
SAMN53177110	43	41343	chromosome	0.0023477360266118638	0.0006532126068179752	0	0	false	1	11	0
SAMN53177110	44	41254	chromosome	0.0005025181506132203	0.0006532126068179752	0	0	false	0	12	0
SAMN53177110	45	40307	chromosome	0.0005025181506132203	0.0006532126068179752	0	0	false	0	12	0
SAMN53177110	46	39026	chromosome	0.0005025181506132203	0.0006532126068179752	0	0	false	0	12	0
SAMN53177110	47	35853	chromosome	0.0005025181506132203	0.0006532126068179752	0	0	false	0	12	0
SAMN53177110	48	30956	chromosome	0.0005025181506132203	0.0006975368793825305	0	0	false	0	12	0
SAMN53177110	49	30865	chromosome	0.0005025181506132203	0.0006975368793825305	0	0	false	0	12	0
SAMN53177110	5	161935	chromosome	0.0005025181506132203	0.0005187436258989112	0	0	false	0	12	0
SAMN53177110	50	30691	chromosome	0.0005025181506132203	0.0006975368793825305	0	0	false	0	12	0
SAMN53177110	51	28967	chromosome	0.0005025181506132203	0.0006975368793825305	0	0	false	0	12	0
SAMN53177110	52	28882	chromosome	0.0005025181506132203	0.0006975368793825305	0	0	false	0	12	0
SAMN53177110	53	28822	chromosome	0.0005025181506132203	0.0006975368793825305	0	0	false	0	12	0
SAMN53177110	54	28089	chromosome	0.0005025181506132203	0.0006975368793825305	0	0	false	0	12	0
SAMN53177110	55	27161	chromosome	0.0009329050566734367	0.0006975368793825305	0	0	false	1	11	0
SAMN53177110	56	26551	chromosome	0.0023477360266118638	0.0008066752427074846	0	0	false	1	11	0
SAMN53177110	57	25955	chromosome	0.0005025181506132203	0.0006975368793825305	0	0	false	0	12	0
SAMN53177110	58	25417	chromosome	0.0005025181506132203	0.0006975368793825305	0	0	false	0	12	0
SAMN53177110	59	25318	chromosome	0.0005025181506132203	0.0006975368793825305	0	0	false	0	12	0
SAMN53177110	6	157471	chromosome	0.0005025181506132203	0.0005187436258989112	0	0	false	0	12	0
SAMN53177110	60	24569	chromosome	0.0005025181506132203	0.0006975368793825305	0	0	false	0	12	0
SAMN53177110	61	24418	chromosome	0.4777938961559145	0.9073892753626795	0	0	false	9	3	0
SAMN53177110	62	23461	chromosome	0.0005025181506132203	0.0006975368793825305	0	0	false	0	12	0
SAMN53177110	63	22856	chromosome	0.0005025181506132203	0.0006975368793825305	0	0	false	0	12	0
SAMN53177110	64	20592	chromosome	0.024711780572106334	0.4636469872064399	0	0	false	4	8	0
SAMN53177110	65	18987	chromosome	0.0005025181506132203	0.0007213231782355622	0	0	false	0	12	0
SAMN53177110	66	18615	chromosome	0.0005025181506132203	0.0007213231782355622	0	0	false	0	12	0
SAMN53177110	67	18022	chromosome	0.0005025181506132203	0.0007213231782355622	0	0	false	0	12	0
SAMN53177110	68	17667	chromosome	0.0009329050566734367	0.0007213231782355622	0	0	false	1	11	0
SAMN53177110	69	17302	chromosome	0.0009329050566734367	0.0007213231782355622	0	0	false	1	11	0
SAMN53177110	7	131078	chromosome	0.0005025181506132203	0.0005187436258989112	0	0	false	0	12	0
SAMN53177110	70	16426	chromosome	0.0005025181506132203	0.0009558536195985552	0	0	false	0	12	0
SAMN53177110	71	15783	chromosome	0.0005025181506132203	0.0009558536195985552	0	0	false	0	12	0
SAMN53177110	72	14922	chromosome	0.0005025181506132203	0.0009558536195985552	0	0	false	0	12	0
SAMN53177110	73	14405	chromosome	0.0005025181506132203	0.0009558536195985552	0	0	false	0	12	0
SAMN53177110	74	11909	chromosome	0.0043515984760592406	0.0013701872938488566	0	0	false	2	10	0
SAMN53177110	75	11483	chromosome	0.014137038622815292	0.012841635543441577	0	0	false	3	9	0
SAMN53177110	76	10069	chromosome	0.0005025181506132203	0.0009558536195985552	0	0	false	0	12	0
SAMN53177110	77	9265	chromosome	0.014163654967636965	0.4359726663272969	0	0	false	5	7	0
SAMN53177110	78	9055	chromosome	0.0016472365981037788	0.001184899510479789	0	0	false	2	10	0
SAMN53177110	79	9013	chromosome	0.0009329050566734367	0.0009558536195985552	0	0	false	1	11	0
SAMN53177110	8	124367	chromosome	0.0005025181506132203	0.0005187436258989112	0	0	false	0	12	0
SAMN53177110	80	8486	chromosome	0.0009329050566734367	0.0009558536195985552	0	0	false	1	11	0
SAMN53177110	81	6581	chromosome	0.8624429134024127	0.9617186276925231	0	0	false	8	3	1
SAMN53177110	82	6482	chromosome	0.0009329050566734367	0.0009558536195985552	0	0	false	1	11	0
SAMN53177110	83	6358	chromosome	0.0005025181506132203	0.0009558536195985552	0	0	false	0	12	0
SAMN53177110	84	6306	chromosome	0.0005025181506132203	0.0009558536195985552	0	0	false	0	12	0
SAMN53177110	85	5903	chromosome	0.0005025181506132203	0.0009558536195985552	0	0	false	0	12	0
SAMN53177110	86	4190	chromosome	0.0043515984760592406	0.0013982631873980151	0	0	false	2	10	0
SAMN53177110	87	4142	chromosome	0.0005025181506132203	0.0009754478804274018	0	0	false	0	12	0
SAMN53177110	88	4136	chromosome	0.0005025181506132203	0.0009754478804274018	0	0	false	0	12	0
SAMN53177110	9	119827	chromosome	0.0023477360266118638	0.0005187436258989112	0	0	false	1	11	0
SAMN53177110	90	3608	plasmid	0.9996756519149296	0.9852120887841221	1	1	false	11	1	0
SAMN53177110	91	3411	chromosome	0.004013241517556705	0.003422631894036189	0	0	false	0	11	1
SAMN53177110	92	3386	chromosome	0.0009329050566734367	0.0009754478804274018	0	0	false	1	11	0
SAMN53177110	93	3214	chromosome	2.629307352510889e-05	0.0009754478804274018	0	0	false	0	11	1
SAMN53177110	95	2830	plasmid	0.8242539482520607	0.8391205817286522	0	0	false	7	4	1
SAMN53177110	96	2588	chromosome	0.013459020277311731	0.015353321704201214	0	0	false	3	9	0
SAMN53177110	97	2517	chromosome	0.021910581682701883	0.0013982631873980151	0	0	false	2	10	0
SAMN53177110	98	2437	chromosome	0.013227528526758615	0.005754527361532468	0	0	false	3	8	1
SAMN53177110	99	2436	chromosome	0.00012599395954687636	0.0012927079681088118	0	0	false	1	10	1
SAMN53300881	1	250694	chromosome	0.0005025181506132203	0.0001747475569751821	0	0	false	0	12	0
SAMN53300881	10	137332	chromosome	0.0005025181506132203	0.0001747475569751821	0	0	false	0	12	0
SAMN53300881	11	137296	chromosome	0.0005025181506132203	0.0001747475569751821	0	0	false	0	12	0
SAMN53300881	12	134192	chromosome	0.0005025181506132203	0.0001747475569751821	0	0	false	0	12	0
SAMN53300881	13	127203	chromosome	0.0005025181506132203	0.0001747475569751821	0	0	false	0	12	0
SAMN53300881	14	125637	chromosome	0.0005025181506132203	0.0001747475569751821	0	0	false	0	12	0
SAMN53300881	15	124728	chromosome	0.0005025181506132203	0.0001747475569751821	0	0	false	0	12	0
SAMN53300881	16	119319	chromosome	0.0005025181506132203	0.0001747475569751821	0	0	false	0	12	0
SAMN53300881	17	115959	chromosome	0.0023477360266118638	0.0001747475569751821	0	0	false	1	11	0
SAMN53300881	18	111903	chromosome	0.0016468472579477477	0.0018696517721994526	0	0	false	1	11	0
SAMN53300881	19	101964	chromosome	0.0005025181506132203	0.0001747475569751821	0	0	false	0	12	0
SAMN53300881	2	244730	chromosome	0.0023477360266118638	0.0001747475569751821	0	0	false	1	11	0
SAMN53300881	20	96541	chromosome	0.0009329050566734367	0.0001747475569751821	0	0	false	1	11	0
SAMN53300881	21	96260	chromosome	0.0005025181506132203	0.0001747475569751821	0	0	false	0	12	0
SAMN53300881	22	95513	chromosome	0.0005025181506132203	0.0001747475569751821	0	0	false	0	12	0
SAMN53300881	23	95215	chromosome	0.0005025181506132203	0.0001747475569751821	0	0	false	0	12	0
SAMN53300881	24	88122	chromosome	0.0023477360266118638	0.0001747475569751821	0	0	false	1	11	0
SAMN53300881	25	84614	chromosome	0.0005025181506132203	0.0001747475569751821	0	0	false	0	12	0
SAMN53300881	26	74827	chromosome	0.0005025181506132203	0.00029370949736047265	0	0	false	0	12	0
SAMN53300881	27	72493	chromosome	0.0043515984760592406	0.00036414730502142234	0	0	false	2	10	0
SAMN53300881	28	70210	chromosome	0.0009329050566734367	0.00029370949736047265	0	0	false	1	11	0
SAMN53300881	29	63946	chromosome	0.0005025181506132203	0.00022006533927213223	0	0	false	0	12	0
SAMN53300881	3	242456	chromosome	0.0005025181506132203	0.0001747475569751821	0	0	false	0	12	0
SAMN53300881	30	62913	chromosome	0.0005025181506132203	0.00022006533927213223	0	0	false	0	12	0
SAMN53300881	31	55699	plasmid	0.999822425133984	0.9894911346557916	1	1	false	12	0	0
SAMN53300881	32	43588	chromosome	0.0023477360266118638	0.00022006533927213223	0	0	false	1	11	0
SAMN53300881	33	41317	chromosome	0.0009329050566734367	0.00022006533927213223	0	0	false	1	11	0
SAMN53300881	34	41176	chromosome	0.0005025181506132203	0.00022006533927213223	0	0	false	0	12	0
SAMN53300881	35	41071	chromosome	0.0005025181506132203	0.00022006533927213223	0	0	false	0	12	0
SAMN53300881	36	39157	chromosome	0.0005025181506132203	0.00022006533927213223	0	0	false	0	12	0
SAMN53300881	37	37746	chromosome	0.0009329050566734367	0.00022006533927213223	0	0	false	1	11	0
SAMN53300881	38	36558	chromosome	0.0005025181506132203	0.00022006533927213223	0	0	false	0	12	0
SAMN53300881	39	34747	chromosome	0.0005025181506132203	0.00023500496348144683	0	0	false	0	12	0
SAMN53300881	4	236038	chromosome	0.0005025181506132203	0.0001747475569751821	0	0	false	0	12	0
SAMN53300881	40	34371	chromosome	0.0005025181506132203	0.00023500496348144683	0	0	false	0	12	0
SAMN53300881	41	34221	chromosome	0.0005025181506132203	0.00023500496348144683	0	0	false	0	12	0
SAMN53300881	42	33262	chromosome	0.0005025181506132203	0.00023500496348144683	0	0	false	0	12	0
SAMN53300881	43	32015	chromosome	0.0005025181506132203	0.00023500496348144683	0	0	false	0	12	0
SAMN53300881	44	30883	chromosome	0.0005025181506132203	0.00023500496348144683	0	0	false	0	12	0
SAMN53300881	45	26468	chromosome	0.0005025181506132203	0.00023500496348144683	0	0	false	0	12	0
SAMN53300881	46	22033	plasmid	0.9704222765871559	0.9787679219942568	1	1	false	10	1	1
SAMN53300881	47	18303	chromosome	0.004577434572920169	0.0004302542518341898	0	0	false	1	10	1
SAMN53300881	48	16736	plasmid	0.9931544050611385	0.9787337537324045	1	1	false	11	1	0
SAMN53300881	49	13407	plasmid	0.006724141415640177	0.0006144701756453545	0	0	false	1	11	0
SAMN53300881	5	234918	chromosome	0.0005025181506132203	0.0001747475569751821	0	0	false	0	12	0
SAMN53300881	50	12511	chromosome	0.0005025181506132203	0.00033690900732683964	0	0	false	0	12	0
SAMN53300881	51	12162	plasmid	0.9991916786983316	0.9793234642126941	1	1	false	11	0	1
SAMN53300881	52	11079	plasmid	0.9931544050611385	0.9760554632512632	1	1	true	11	1	0
SAMN53300881	53	9065	chromosome	0.0005025181506132203	0.00033690900732683964	0	0	false	0	12	0
SAMN53300881	54	8224	plasmid	0.9641626823889388	0.8116163243704708	1	1	false	8	4	0
SAMN53300881	55	7047	plasmid	0.9931544050611385	0.9362001579023377	1	1	false	11	1	0
SAMN53300881	56	6995	chromosome	0.024471395953503606	0.0008351187771657043	0	0	false	2	10	0
SAMN53300881	57	5223	chromosome	0.0005025181506132203	0.00034381974824296263	0	0	false	0	12	0
SAMN53300881	58	4610	chromosome	0.0023477360266118638	0.0003976366672270445	0	0	false	1	11	0
SAMN53300881	59	4548	plasmid	0.0005025181506132203	0.00034381974824296263	0	0	false	0	12	0
SAMN53300881	6	194714	chromosome	0.0005025181506132203	0.0001747475569751821	0	0	false	0	12	0
SAMN53300881	60	4113	chromosome	0.0005025181506132203	0.00034381974824296263	0	0	false	0	12	0
SAMN53300881	61	2891	chromosome	0.0023477360266118638	0.0003976366672270445	0	0	false	1	11	0
SAMN53300881	62	2231	plasmid	0.9929225458808841	0.7818595954707607	1	0	true	10	2	0
SAMN53300881	63	1742	chromosome	0.00012599395954687636	0.0004608759884616737	0	0	false	1	10	1
SAMN53300881	64	1596	chromosome	0.00012599395954687636	0.0004608759884616737	0	0	false	1	10	1
SAMN53300881	65	1493	chromosome	0.00012599395954687636	0.0004608759884616737	0	0	false	1	10	1
SAMN53300881	66	1443	chromosome	0.0013734342506121736	0.0012809190236738304	0	0	false	2	9	1
SAMN53300881	67	1343	chromosome	0.013227528526758615	0.001310283573852327	0	0	false	3	8	1
SAMN53300881	68	1331	chromosome	0.01669004060595583	0.15002951732119643	0	0	false	4	6	2
SAMN53300881	69	1224	chromosome	2.629307352510889e-05	0.0005168942044482338	0	0	false	0	11	1
SAMN53300881	7	181483	chromosome	0.0005025181506132203	0.0001747475569751821	0	0	false	0	12	0
SAMN53300881	70	1201	plasmid	0.9420308381334653	0.8089922685383113	1	1	false	8	2	2
SAMN53300881	71	1099	chromosome	0.006724141415640177	0.0007828385426074923	0	0	false	1	11	0
SAMN53300881	72	1098	chromosome	0.006724141415640177	0.0007828385426074923	0	0	false	1	11	0
SAMN53300881	73	1002	chromosome	0.0005025181506132203	0.0005168942044482338	0	0	false	0	12	0
SAMN53300881	8	170688	chromosome	0.0005025181506132203	0.0001747475569751821	0	0	false	0	12	0
SAMN53300881	9	145400	chromosome	0.0005025181506132203	0.0001747475569751821	0	0	false	0	12	0
SAMN53300882	1	373990	chromosome	0.0005025181506132203	0.0009500596940933647	0	0	false	0	12	0
SAMN53300882	10	166676	chromosome	0.0005025181506132203	0.0009500596940933647	0	0	false	0	12	0
SAMN53300882	100	1207	chromosome	0.06218857169019685	0.010307885334390568	0	0	false	3	7	2
SAMN53300882	101	1201	plasmid	0.9703096995214244	0.9821087916370413	1	1	false	9	2	1
SAMN53300882	102	1193	chromosome	0.0024123556419008763	0.001591052584792174	0	0	false	0	11	1
SAMN53300882	103	1172	chromosome	0.7168654630672682	0.9318948944484268	0	0	false	7	4	1
SAMN53300882	11	162540	chromosome	0.0005025181506132203	0.0009500596940933647	0	0	false	0	12	0
SAMN53300882	12	162089	chromosome	0.0005025181506132203	0.0009500596940933647	0	0	false	0	12	0
SAMN53300882	13	156580	chromosome	0.0005025181506132203	0.0009500596940933647	0	0	false	0	12	0
SAMN53300882	14	126148	chromosome	0.0023477360266118638	0.0009500596940933647	0	0	false	1	11	0
SAMN53300882	15	117978	chromosome	0.0005025181506132203	0.0009500596940933647	0	0	false	0	12	0
SAMN53300882	16	102440	chromosome	0.0023477360266118638	0.0009500596940933647	0	0	false	1	11	0
SAMN53300882	17	95660	chromosome	0.0005025181506132203	0.0009500596940933647	0	0	false	0	12	0
SAMN53300882	18	95436	chromosome	0.0023477360266118638	0.0009500596940933647	0	0	false	1	11	0
SAMN53300882	19	82930	chromosome	0.0005025181506132203	0.0009500596940933647	0	0	false	0	12	0
SAMN53300882	2	300179	chromosome	0.0005025181506132203	0.0009500596940933647	0	0	false	0	12	0
SAMN53300882	20	82466	chromosome	0.0005025181506132203	0.0009500596940933647	0	0	false	0	12	0
SAMN53300882	21	80761	chromosome	0.0005025181506132203	0.0009500596940933647	0	0	false	0	12	0
SAMN53300882	22	70082	chromosome	0.0005025181506132203	0.001595984129854671	0	0	false	0	12	0
SAMN53300882	23	69250	chromosome	0.0005025181506132203	0.0017662308396507332	0	0	false	0	12	0
SAMN53300882	24	68684	chromosome	2.629307352510889e-05	0.0017662308396507332	0	0	false	0	11	1
SAMN53300882	25	68177	plasmid	0.9508635198395291	0.9801744473976769	1	1	false	10	2	0
SAMN53300882	26	66690	chromosome	0.0005025181506132203	0.0017662308396507332	0	0	false	0	12	0
SAMN53300882	27	66540	chromosome	0.0005025181506132203	0.0017662308396507332	0	0	false	0	12	0
SAMN53300882	28	59785	chromosome	0.0043515984760592406	0.0014827543080386458	0	0	false	2	10	0
SAMN53300882	29	54588	chromosome	0.0005025181506132203	0.0011962008291016562	0	0	false	0	12	0
SAMN53300882	3	295006	chromosome	0.0005025181506132203	0.0009500596940933647	0	0	false	0	12	0
SAMN53300882	30	52279	chromosome	0.0005025181506132203	0.0011962008291016562	0	0	false	0	12	0
SAMN53300882	31	51198	chromosome	0.0009329050566734367	0.0011962008291016562	0	0	false	1	11	0
SAMN53300882	32	45229	chromosome	0.0009329050566734367	0.0011962008291016562	0	0	false	1	11	0
SAMN53300882	33	41191	chromosome	0.0005025181506132203	0.0011962008291016562	0	0	false	0	12	0
SAMN53300882	34	40719	chromosome	0.0005025181506132203	0.0011962008291016562	0	0	false	0	12	0
SAMN53300882	35	40573	chromosome	0.0005025181506132203	0.0011962008291016562	0	0	false	0	12	0
SAMN53300882	36	38611	chromosome	0.0005025181506132203	0.0011962008291016562	0	0	false	0	12	0
SAMN53300882	37	37329	chromosome	0.0009329050566734367	0.0011962008291016562	0	0	false	1	11	0
SAMN53300882	38	34697	chromosome	0.00012599395954687636	0.0016926001687963617	0	0	false	1	10	1
SAMN53300882	39	34347	chromosome	0.0005025181506132203	0.0012773229153878662	0	0	false	0	12	0
SAMN53300882	4	238870	chromosome	0.0023477360266118638	0.0009500596940933647	0	0	false	1	11	0
SAMN53300882	40	34193	plasmid	0.9996756519149296	0.9920750052150421	1	1	false	11	1	0
SAMN53300882	41	30707	chromosome	0.0005025181506132203	0.0012773229153878662	0	0	false	0	12	0
SAMN53300882	42	29874	chromosome	0.0005025181506132203	0.0012773229153878662	0	0	false	0	12	0
SAMN53300882	43	28563	chromosome	0.0005025181506132203	0.0012773229153878662	0	0	false	0	12	0
SAMN53300882	44	26161	chromosome	0.0005025181506132203	0.0012773229153878662	0	0	false	0	12	0
SAMN53300882	45	25889	chromosome	0.0005025181506132203	0.0012773229153878662	0	0	false	0	12	0
SAMN53300882	46	19752	plasmid	0.9941465752863088	0.9832600599971171	1	1	false	10	1	1
SAMN53300882	47	19138	plasmid	0.9492724375550261	0.9658808530372791	1	1	true	9	3	0
SAMN53300882	48	18476	chromosome	0.7712018654386175	0.973606734573668	0	0	false	9	2	1
SAMN53300882	49	16736	plasmid	0.9931544050611385	0.9960999040861895	1	1	false	11	1	0
SAMN53300882	5	226676	chromosome	0.0005025181506132203	0.0009500596940933647	0	0	false	0	12	0
SAMN53300882	50	13459	chromosome	0.0023477360266118638	0.002023445969688531	0	0	false	1	11	0
SAMN53300882	51	13374	chromosome	0.0009329050566734367	0.0017499740792468077	0	0	false	1	11	0
SAMN53300882	52	13313	chromosome	0.0009329050566734367	0.0017499740792468077	0	0	false	1	11	0
SAMN53300882	53	12486	chromosome	0.0024123556419008763	0.002032668257920536	0	0	false	0	11	1
SAMN53300882	54	12331	chromosome	0.008289365143915511	0.8617700784957587	0	0	false	4	7	1
SAMN53300882	55	11402	chromosome	0.0043515984760592406	0.0025076709532419928	0	0	false	2	10	0
SAMN53300882	56	9637	chromosome	0.0009329050566734367	0.0017499740792468077	0	0	false	1	11	0
SAMN53300882	57	9533	chromosome	0.004140922714381401	0.0025076709532419928	0	0	false	2	10	0
SAMN53300882	58	9526	chromosome	0.086335971688558	0.754337047654371	0	0	false	7	5	0
SAMN53300882	59	9067	chromosome	0.0005025181506132203	0.0017499740792468077	0	0	false	0	12	0
SAMN53300882	6	191752	chromosome	0.0005025181506132203	0.0009500596940933647	0	0	false	0	12	0
SAMN53300882	60	8555	chromosome	0.0023477360266118638	0.002023445969688531	0	0	false	1	11	0
SAMN53300882	61	7911	chromosome	0.024471395953503606	0.00996909260098385	0	0	false	2	10	0
SAMN53300882	62	7328	chromosome	0.14721105285356742	0.9080487706904481	0	0	false	8	4	0
SAMN53300882	63	6853	plasmid	0.9931544050611385	0.9912053825712391	1	1	false	11	1	0
SAMN53300882	64	6142	chromosome	0.07606130976035279	0.4042604299746494	0	0	false	4	8	0
SAMN53300882	65	5951	chromosome	0.5926862789911801	0.8842194626560376	0	0	false	5	7	0
SAMN53300882	66	5758	chromosome	0.33370955273112396	0.754337047654371	0	0	false	8	4	0
SAMN53300882	67	5744	chromosome	0.0043515984760592406	0.0025076709532419928	0	0	false	2	10	0
SAMN53300882	68	5700	chromosome	0.0023477360266118638	0.002023445969688531	0	0	false	1	11	0
SAMN53300882	69	5695	chromosome	0.07606130976035279	0.4042604299746494	0	0	false	4	8	0
SAMN53300882	7	181444	chromosome	0.0005025181506132203	0.0009500596940933647	0	0	false	0	12	0
SAMN53300882	70	5514	chromosome	0.01145612891041697	0.0026928577145096406	0	0	false	1	10	1
SAMN53300882	71	5511	chromosome	0.4393540364072846	0.4042604299746494	0	0	false	5	7	0
SAMN53300882	72	5267	chromosome	0.07606130976035279	0.40916150500292037	0	0	false	4	8	0
SAMN53300882	73	5169	chromosome	0.2798508013819834	0.2150748066763674	0	0	false	4	7	1
SAMN53300882	74	4690	plasmid	0.9508635198395291	0.968633808939027	1	1	false	10	2	0
SAMN53300882	75	4359	chromosome	0.01145612891041697	0.0027479612765523055	0	0	false	1	10	1
SAMN53300882	76	4327	chromosome	0.9508635198395291	0.968633808939027	1	1	false	10	2	0
SAMN53300882	77	4264	chromosome	0.4777938961559145	0.9098489247683434	0	0	false	9	3	0
SAMN53300882	78	4260	chromosome	0.0005025181506132203	0.001785818097170428	0	0	false	0	12	0
SAMN53300882	79	4147	chromosome	0.919752115213786	0.9755762050381516	0	0	false	8	2	2
SAMN53300882	8	179629	chromosome	0.0005025181506132203	0.0009500596940933647	0	0	false	0	12	0
SAMN53300882	80	4111	plasmid	0.9508635198395291	0.968633808939027	1	1	true	10	2	0
SAMN53300882	81	3793	chromosome	0.0023477360266118638	0.0020648798162500623	0	0	false	1	11	0
SAMN53300882	82	3354	chromosome	0.004577434572920169	0.0018148001031141798	0	0	false	1	10	1
SAMN53300882	83	3206	chromosome	0.014137038622815292	0.02777625744423305	0	0	false	3	9	0
SAMN53300882	84	3103	chromosome	4.999832459226084e-05	0.002046346464054726	0	0	false	1	10	1
SAMN53300882	85	3041	chromosome	0.04244360495967082	0.010260443917285244	0	0	false	3	9	0
SAMN53300882	86	2964	chromosome	0.7712018654386175	0.9556689643089354	0	0	false	9	2	1
SAMN53300882	87	2420	chromosome	0.0005025181506132203	0.001785818097170428	0	0	false	0	12	0
SAMN53300882	89	2231	plasmid	0.9929225458808841	0.9633125441134238	1	1	true	10	2	0
SAMN53300882	9	169080	chromosome	0.0005025181506132203	0.0009500596940933647	0	0	false	0	12	0
SAMN53300882	90	2222	chromosome	0.0023477360266118638	0.0019067377435936614	0	0	false	1	11	0
SAMN53300882	91	2210	chromosome	0.024471395953503606	0.00939841164245909	0	0	false	2	10	0
SAMN53300882	92	2197	chromosome	0.1430497773012533	0.8957129674154091	0	0	false	7	5	0
SAMN53300882	93	2118	chromosome	0.770510343820904	0.9096403306431753	0	0	false	8	3	1
SAMN53300882	94	2093	chromosome	0.03747193102673338	0.024242305208245364	0	0	false	2	9	1
SAMN53300882	95	1908	chromosome	0.0005025181506132203	0.0016490130894969831	0	0	false	0	12	0
SAMN53300882	96	1774	chromosome	0.00012599395954687636	0.0021848681523780004	0	0	false	1	10	1
SAMN53300882	97	1538	chromosome	0.9277141959014522	0.8817413332343307	0	0	false	6	4	2
SAMN53300882	98	1537	chromosome	0.0023477360266118638	0.0019067377435936614	0	0	false	1	11	0
SAMN53300905	1	465845	chromosome	0.0005025181506132203	0.0001747475569751821	0	0	false	0	12	0
SAMN53300905	10	192317	chromosome	0.0005025181506132203	0.0001747475569751821	0	0	false	0	12	0
SAMN53300905	11	160545	chromosome	0.0005025181506132203	0.0001747475569751821	0	0	false	0	12	0
SAMN53300905	12	145498	chromosome	0.0023477360266118638	0.0001747475569751821	0	0	false	1	11	0
SAMN53300905	13	137331	chromosome	0.0023477360266118638	0.0001747475569751821	0	0	false	1	11	0
SAMN53300905	14	134820	chromosome	0.0005025181506132203	0.0001747475569751821	0	0	false	0	12	0
SAMN53300905	15	122800	chromosome	0.0005025181506132203	0.0001747475569751821	0	0	false	0	12	0
SAMN53300905	16	122653	chromosome	0.0023477360266118638	0.0001747475569751821	0	0	false	1	11	0
SAMN53300905	17	113686	chromosome	0.0023477360266118638	0.0001747475569751821	0	0	false	1	11	0
SAMN53300905	18	113522	chromosome	0.0005025181506132203	0.0001747475569751821	0	0	false	0	12	0
SAMN53300905	19	100738	chromosome	0.0023477360266118638	0.0001747475569751821	0	0	false	1	11	0
SAMN53300905	2	445988	chromosome	0.0005025181506132203	0.0001747475569751821	0	0	false	0	12	0
SAMN53300905	20	92918	chromosome	0.0005025181506132203	0.0001747475569751821	0	0	false	0	12	0
SAMN53300905	21	90072	chromosome	0.0023477360266118638	0.0001747475569751821	0	0	false	1	11	0
SAMN53300905	22	86354	chromosome	0.0005025181506132203	0.0001747475569751821	0	0	false	0	12	0
SAMN53300905	23	82233	chromosome	0.0043515984760592406	0.0002166619347955636	0	0	false	2	10	0
SAMN53300905	24	80997	plasmid	0.9986702433695193	0.844625985703963	1	1	false	11	1	0
SAMN53300905	25	75879	chromosome	0.0005025181506132203	0.00029370949736047265	0	0	false	0	12	0
SAMN53300905	26	63226	chromosome	0.0009329050566734367	0.00022006533927213223	0	0	false	1	11	0
SAMN53300905	27	61938	chromosome	0.0005025181506132203	0.00022006533927213223	0	0	false	0	12	0
SAMN53300905	28	43668	chromosome	0.0023477360266118638	0.00022006533927213223	0	0	false	1	11	0
SAMN53300905	29	34965	chromosome	0.0005025181506132203	0.00023500496348144683	0	0	false	0	12	0
SAMN53300905	3	313998	chromosome	0.0005025181506132203	0.0001747475569751821	0	0	false	0	12	0
SAMN53300905	30	31405	chromosome	0.0009329050566734367	0.00023500496348144683	0	0	false	1	11	0
SAMN53300905	31	25700	plasmid	0.9508635198395291	0.6729649952063373	1	1	false	10	2	0
SAMN53300905	32	23674	chromosome	0.0043515984760592406	0.00033697791216988923	0	0	false	2	10	0
SAMN53300905	33	11474	chromosome	0.07606130976035279	0.022349253248443907	0	0	false	4	8	0
SAMN53300905	34	11269	chromosome	0.0009329050566734367	0.00033690900732683964	0	0	false	1	11	0
SAMN53300905	35	9222	chromosome	0.0005025181506132203	0.00033690900732683964	0	0	false	0	12	0
SAMN53300905	36	8984	plasmid	0.9986249460710745	0.31985402818383446	1	1	false	10	2	0
SAMN53300905	37	8755	plasmid	0.9857568595095695	0.6062081696091176	1	0	true	10	1	1
SAMN53300905	38	7328	plasmid	0.7944342199327958	0.27154662691389203	0	0	false	9	3	0
SAMN53300905	39	7090	plasmid	0.9931544050611385	0.8879144831155961	1	1	false	11	1	0
SAMN53300905	4	278205	chromosome	0.0005025181506132203	0.0001747475569751821	0	0	false	0	12	0
SAMN53300905	40	7023	chromosome	0.0005025181506132203	0.00033690900732683964	0	0	false	0	12	0
SAMN53300905	41	5545	plasmid	0.998310953729748	0.8572907175264556	1	1	false	9	3	0
SAMN53300905	42	4896	plasmid	0.999822425133984	0.9007032353933848	1	1	false	12	0	0
SAMN53300905	43	4839	plasmid	0.9891515757231067	0.3964266321616192	1	1	false	5	6	1
SAMN53300905	44	4717	plasmid	0.8184416904444722	0.454819009438738	0	0	false	9	2	1
SAMN53300905	45	4238	plasmid	0.9508635198395291	0.3500104716672122	1	1	false	10	2	0
SAMN53300905	46	4080	plasmid	0.9508635198395291	0.3500104716672122	1	0	true	10	2	0
SAMN53300905	47	4072	plasmid	0.9931544050611385	0.8444463000759739	1	1	false	11	1	0
SAMN53300905	48	3943	plasmid	0.9931544050611385	0.8444463000759739	1	1	false	11	1	0
SAMN53300905	49	3913	chromosome	0.004577434572920169	0.00044411431389684044	0	0	false	1	10	1
SAMN53300905	5	252224	chromosome	0.0005025181506132203	0.0001747475569751821	0	0	false	0	12	0
SAMN53300905	50	3056	chromosome	0.0009329050566734367	0.00034381974824296263	0	0	false	1	11	0
SAMN53300905	51	2841	chromosome	0.0005025181506132203	0.00034381974824296263	0	0	false	0	12	0
SAMN53300905	52	2747	chromosome	0.00012599395954687636	0.00045573930910945064	0	0	false	1	10	1
SAMN53300905	53	1870	chromosome	0.004140922714381401	0.00045517510826381457	0	0	false	2	10	0
SAMN53300905	54	1768	chromosome	0.7792781134159518	0.27655626292211755	0	0	true	8	4	0
SAMN53300905	55	1586	plasmid	0.8178592258974834	0.3745475746150173	0	0	false	8	3	1
SAMN53300905	56	1470	chromosome	0.0023477360266118638	0.0005977856709094566	0	0	false	1	11	0
SAMN53300905	57	1470	chromosome	0.0023477360266118638	0.0005977856709094566	0	0	false	1	11	0
SAMN53300905	58	1458	chromosome	0.0076617658502466796	0.0032655017708976197	0	0	false	2	10	0
SAMN53300905	59	1347	chromosome	0.0013734342506121736	0.0008608090658636157	0	0	false	2	9	1
SAMN53300905	6	241281	chromosome	0.0005025181506132203	0.0001747475569751821	0	0	false	0	12	0
SAMN53300905	60	1322	chromosome	0.00012599395954687636	0.000685114026500302	0	0	false	1	10	1
SAMN53300905	61	1283	chromosome	0.00012599395954687636	0.000685114026500302	0	0	false	1	10	1
SAMN53300905	62	1268	chromosome	0.0023477360266118638	0.0005977856709094566	0	0	false	1	11	0
SAMN53300905	63	1193	chromosome	0.09417003732832693	0.004864271971071575	0	0	false	3	9	0
SAMN53300905	64	1151	plasmid	0.7759819264665878	0.6301936300064835	0	0	false	7	3	2
SAMN53300905	65	1058	chromosome	0.00012599395954687636	0.000685114026500302	0	0	false	1	10	1
SAMN53300905	66	1044	plasmid	0.9500513350318119	0.36744909201102893	1	1	false	8	4	0
SAMN53300905	7	238852	chromosome	0.0005025181506132203	0.0001747475569751821	0	0	false	0	12	0
SAMN53300905	8	210253	chromosome	0.0005025181506132203	0.0001747475569751821	0	0	false	0	12	0
SAMN53300905	9	201288	chromosome	0.0005025181506132203	0.0001747475569751821	0	0	false	0	12	0
SAMN53300911	1	214151	chromosome	0.0005025181506132203	0.0005187436258989112	0	0	false	0	12	0
SAMN53300911	10	128960	chromosome	0.0005025181506132203	0.0005187436258989112	0	0	false	0	12	0
SAMN53300911	100	3065	chromosome	0.0009329050566734367	0.0009754478804274018	0	0	false	1	11	0
SAMN53300911	101	2955	plasmid	0.9123720989070611	0.9311654718610074	0	0	false	7	5	0
SAMN53300911	102	2934	chromosome	0.0009329050566734367	0.0009754478804274018	0	0	false	1	11	0
SAMN53300911	103	2716	chromosome	0.0043515984760592406	0.0013982631873980151	0	0	false	2	10	0
SAMN53300911	104	2613	chromosome	0.0076617658502466796	0.01522101294096604	0	0	false	2	10	0
SAMN53300911	105	2530	chromosome	0.00012644978029706448	0.0009411399329747115	0	0	false	0	10	2
SAMN53300911	106	2493	plasmid	0.9492724375550261	0.943037158831234	1	1	false	9	3	0
SAMN53300911	107	2375	chromosome	0.0005025181506132203	0.0009006663649301763	0	0	false	0	12	0
SAMN53300911	108	2368	chromosome	0.0016468472579477477	0.009852879672211925	0	0	false	1	11	0
SAMN53300911	11	119441	chromosome	0.0023477360266118638	0.0005187436258989112	0	0	false	1	11	0
SAMN53300911	110	1883	chromosome	0.0023477360266118638	0.0010415537492729924	0	0	false	1	11	0
SAMN53300911	111	1821	chromosome	0.08372653146359807	0.35939174069002894	0	0	false	6	6	0
SAMN53300911	112	1814	chromosome	0.900702896221801	0.7557329153056801	0	0	false	4	8	0
SAMN53300911	113	1755	chromosome	0.0005025181506132203	0.0009006663649301763	0	0	false	0	12	0
SAMN53300911	114	1570	chromosome	0.04244360495967082	0.0051514187163603275	0	0	false	3	9	0
SAMN53300911	115	1542	chromosome	0.0023477360266118638	0.0010415537492729924	0	0	false	1	11	0
SAMN53300911	116	1475	chromosome	0.0023477360266118638	0.0010415537492729924	0	0	false	1	11	0
SAMN53300911	117	1332	chromosome	0.0005025181506132203	0.0009006663649301763	0	0	false	0	12	0
SAMN53300911	118	1331	chromosome	0.008002080252061092	0.004836469678358804	0	0	false	3	6	3
SAMN53300911	12	118066	chromosome	0.0005025181506132203	0.0005187436258989112	0	0	false	0	12	0
SAMN53300911	120	1273	chromosome	0.0023477360266118638	0.0010415537492729924	0	0	false	1	11	0
SAMN53300911	122	1260	chromosome	0.0023477360266118638	0.0010415537492729924	0	0	false	1	11	0
SAMN53300911	123	1244	chromosome	0.0024123556419008763	0.0008689863063756601	0	0	false	0	11	1
SAMN53300911	124	1234	chromosome	0.09417003732832693	0.009431150398546018	0	0	false	3	9	0
SAMN53300911	125	1053	chromosome	0.05671710823916408	0.016674712992905343	0	0	false	2	7	3
SAMN53300911	13	116729	plasmid	0.9986702433695193	0.9927500768103827	1	1	true	11	1	0
SAMN53300911	14	113313	chromosome	0.0005025181506132203	0.0005187436258989112	0	0	false	0	12	0
SAMN53300911	15	101359	chromosome	0.0023477360266118638	0.0005187436258989112	0	0	false	1	11	0
SAMN53300911	16	100469	chromosome	0.0023477360266118638	0.0005187436258989112	0	0	false	1	11	0
SAMN53300911	17	99594	chromosome	0.0005025181506132203	0.0005187436258989112	0	0	false	0	12	0
SAMN53300911	18	98816	chromosome	0.0005025181506132203	0.0005187436258989112	0	0	false	0	12	0
SAMN53300911	19	96028	chromosome	0.0023477360266118638	0.0005187436258989112	0	0	false	1	11	0
SAMN53300911	2	205973	chromosome	0.0005025181506132203	0.0005187436258989112	0	0	false	0	12	0
SAMN53300911	20	85957	chromosome	0.0005025181506132203	0.0005187436258989112	0	0	false	0	12	0
SAMN53300911	21	78827	chromosome	0.0005025181506132203	0.0005187436258989112	0	0	false	0	12	0
SAMN53300911	22	70757	chromosome	0.0005025181506132203	0.0008716817258040134	0	0	false	0	12	0
SAMN53300911	23	69874	chromosome	0.0005025181506132203	0.0008716817258040134	0	0	false	0	12	0
SAMN53300911	24	67416	chromosome	0.0005025181506132203	0.0009647403567926307	0	0	false	0	12	0
SAMN53300911	25	62126	chromosome	0.0023477360266118638	0.0006532126068179752	0	0	false	1	11	0
SAMN53300911	26	60653	chromosome	0.0009329050566734367	0.0006532126068179752	0	0	false	1	11	0
SAMN53300911	27	60418	chromosome	0.0023477360266118638	0.0006532126068179752	0	0	false	1	11	0
SAMN53300911	28	59856	plasmid	0.999822425133984	0.997263012255942	1	1	false	12	0	0
SAMN53300911	29	59251	chromosome	0.0005025181506132203	0.0006532126068179752	0	0	false	0	12	0
SAMN53300911	3	203204	chromosome	0.0023477360266118638	0.0005187436258989112	0	0	false	1	11	0
SAMN53300911	30	56433	chromosome	0.0005025181506132203	0.0006532126068179752	0	0	false	0	12	0
SAMN53300911	31	52358	chromosome	0.0005025181506132203	0.0006532126068179752	0	0	false	0	12	0
SAMN53300911	32	50979	chromosome	0.0005025181506132203	0.0006532126068179752	0	0	false	0	12	0
SAMN53300911	33	49182	chromosome	0.0023477360266118638	0.0006532126068179752	0	0	false	1	11	0
SAMN53300911	34	48842	chromosome	0.0009329050566734367	0.0006532126068179752	0	0	false	1	11	0
SAMN53300911	35	48669	chromosome	0.0005025181506132203	0.0006532126068179752	0	0	false	0	12	0
SAMN53300911	36	48210	plasmid	0.999822425133984	0.997263012255942	1	1	false	12	0	0
SAMN53300911	37	47284	chromosome	0.0005025181506132203	0.0006532126068179752	0	0	false	0	12	0
SAMN53300911	38	43611	chromosome	0.0005025181506132203	0.0006532126068179752	0	0	false	0	12	0
SAMN53300911	39	39530	chromosome	0.0005025181506132203	0.0006532126068179752	0	0	false	0	12	0
SAMN53300911	4	192364	chromosome	0.0005025181506132203	0.0005187436258989112	0	0	false	0	12	0
SAMN53300911	40	37351	chromosome	0.0005025181506132203	0.0006532126068179752	0	0	false	0	12	0
SAMN53300911	41	37151	chromosome	0.0005025181506132203	0.0006532126068179752	0	0	false	0	12	0
SAMN53300911	42	36640	chromosome	0.004140922714381401	0.0008097970965013805	0	0	false	2	10	0
SAMN53300911	43	35922	chromosome	0.0005025181506132203	0.0006532126068179752	0	0	false	0	12	0
SAMN53300911	44	35721	chromosome	0.0005025181506132203	0.0006975368793825305	0	0	false	0	12	0
SAMN53300911	45	35081	chromosome	0.0005025181506132203	0.0006975368793825305	0	0	false	0	12	0
SAMN53300911	46	34757	chromosome	0.0005025181506132203	0.0006975368793825305	0	0	false	0	12	0
SAMN53300911	47	34623	chromosome	0.0076635662944439355	0.0010088293598125556	0	0	false	3	9	0
SAMN53300911	48	34478	chromosome	0.0005025181506132203	0.0006975368793825305	0	0	false	0	12	0
SAMN53300911	49	32869	chromosome	0.0009329050566734367	0.0006975368793825305	0	0	false	1	11	0
SAMN53300911	5	192164	chromosome	0.0005025181506132203	0.0005187436258989112	0	0	false	0	12	0
SAMN53300911	50	32705	chromosome	0.0005025181506132203	0.0006975368793825305	0	0	false	0	12	0
SAMN53300911	51	31944	chromosome	0.0005025181506132203	0.0006975368793825305	0	0	false	0	12	0
SAMN53300911	52	31390	chromosome	0.0005025181506132203	0.0006975368793825305	0	0	false	0	12	0
SAMN53300911	53	29911	chromosome	0.0005025181506132203	0.0006975368793825305	0	0	false	0	12	0
SAMN53300911	54	28995	chromosome	0.0043515984760592406	0.001000010129515343	0	0	false	2	10	0
SAMN53300911	55	26385	chromosome	0.0005025181506132203	0.0006975368793825305	0	0	false	0	12	0
SAMN53300911	56	26331	chromosome	0.0005025181506132203	0.0006975368793825305	0	0	false	0	12	0
SAMN53300911	57	26121	chromosome	0.0009329050566734367	0.0006975368793825305	0	0	false	1	11	0
SAMN53300911	58	26076	chromosome	0.0005025181506132203	0.0006975368793825305	0	0	false	0	12	0
SAMN53300911	59	25407	chromosome	0.0005025181506132203	0.0006975368793825305	0	0	false	0	12	0
SAMN53300911	6	170654	chromosome	0.0005025181506132203	0.0005187436258989112	0	0	false	0	12	0
SAMN53300911	60	25065	chromosome	0.0005025181506132203	0.0006975368793825305	0	0	false	0	12	0
SAMN53300911	61	24185	chromosome	0.0016468472579477477	0.008364092842881775	0	0	false	1	11	0
SAMN53300911	62	23629	chromosome	0.0024123556419008763	0.0008103563409367816	0	0	false	0	11	1
SAMN53300911	63	23548	chromosome	0.0005025181506132203	0.0006975368793825305	0	0	false	0	12	0
SAMN53300911	64	21745	chromosome	0.05557835120585066	0.0008754380257031944	0	0	false	3	9	0
SAMN53300911	65	21666	chromosome	0.0043515984760592406	0.001000010129515343	0	0	false	2	10	0
SAMN53300911	66	21451	plasmid	0.9929225458808841	0.9924559798000235	1	1	false	10	2	0
SAMN53300911	67	16632	plasmid	0.995526801987208	0.9732243873772556	1	1	false	6	5	1
SAMN53300911	68	16235	chromosome	0.0023477360266118638	0.0011053641590850773	0	0	false	1	11	0
SAMN53300911	69	15657	chromosome	0.0005025181506132203	0.0009558536195985552	0	0	false	0	12	0
SAMN53300911	7	165129	chromosome	0.0005025181506132203	0.0005187436258989112	0	0	false	0	12	0
SAMN53300911	70	15286	chromosome	0.0005025181506132203	0.0009558536195985552	0	0	false	0	12	0
SAMN53300911	71	14194	plasmid	0.09433291684443804	0.598306167705006	0	0	false	5	7	0
SAMN53300911	72	14184	plasmid	0.08205545950840865	0.00779683989015319	0	0	false	2	10	0
SAMN53300911	73	14117	chromosome	0.0005025181506132203	0.0009558536195985552	0	0	false	0	12	0
SAMN53300911	74	14008	chromosome	0.0076635662944439355	0.0013822666516133044	0	0	false	3	9	0
SAMN53300911	75	13284	chromosome	0.0009329050566734367	0.0009558536195985552	0	0	false	1	11	0
SAMN53300911	76	12058	chromosome	0.0009329050566734367	0.0009558536195985552	0	0	false	1	11	0
SAMN53300911	77	11453	chromosome	0.014137038622815292	0.012841635543441577	0	0	false	3	9	0
SAMN53300911	78	10657	chromosome	0.014137038622815292	0.012841635543441577	0	0	false	3	9	0
SAMN53300911	79	10530	chromosome	0.0009329050566734367	0.0009558536195985552	0	0	false	1	11	0
SAMN53300911	8	139972	chromosome	0.0005025181506132203	0.0005187436258989112	0	0	false	0	12	0
SAMN53300911	80	10467	chromosome	0.0009329050566734367	0.0009558536195985552	0	0	false	1	11	0
SAMN53300911	81	10249	chromosome	0.0005025181506132203	0.0009558536195985552	0	0	false	0	12	0
SAMN53300911	82	9754	plasmid	0.9974908890856505	0.9324135752714592	1	1	false	9	3	0
SAMN53300911	83	9294	chromosome	0.0009329050566734367	0.0009558536195985552	0	0	false	1	11	0
SAMN53300911	84	8612	chromosome	0.0005025181506132203	0.0009558536195985552	0	0	false	0	12	0
SAMN53300911	85	8452	chromosome	0.0005025181506132203	0.0009558536195985552	0	0	false	0	12	0
SAMN53300911	86	7534	chromosome	0.11811614607136517	0.6137955531144267	0	0	false	4	7	1
SAMN53300911	87	6982	chromosome	0.0023477360266118638	0.0011053641590850773	0	0	false	1	11	0
SAMN53300911	88	5901	plasmid	0.937435332346856	0.9574084382623801	1	1	false	9	3	0
SAMN53300911	89	5460	chromosome	0.0005025181506132203	0.0009558536195985552	0	0	false	0	12	0
SAMN53300911	9	130399	chromosome	0.0005025181506132203	0.0005187436258989112	0	0	false	0	12	0
SAMN53300911	90	4993	chromosome	0.0043515984760592406	0.0013982631873980151	0	0	false	2	10	0
SAMN53300911	91	4971	chromosome	0.0023477360266118638	0.0011280198099603558	0	0	false	1	11	0
SAMN53300911	92	4868	chromosome	0.0016472365981037788	0.0012091833522726533	0	0	false	2	10	0
SAMN53300911	93	4670	chromosome	0.0023477360266118638	0.0011280198099603558	0	0	false	1	11	0
SAMN53300911	94	4219	chromosome	0.0005025181506132203	0.0009754478804274018	0	0	false	0	12	0
SAMN53300911	95	4010	chromosome	0.0005025181506132203	0.0009754478804274018	0	0	false	0	12	0
SAMN53300911	96	3834	chromosome	0.6730102137432852	0.7325775504768005	0	0	false	5	7	0
SAMN53300911	97	3810	plasmid	0.9110606383483703	0.9428283227341219	0	0	false	8	4	0
SAMN53300911	98	3645	chromosome	0.005384264212583157	0.01330230965408765	0	0	false	3	9	0
SAMN53300911	99	3203	chromosome	0.0043515984760592406	0.0013982631873980151	0	0	false	2	10	0
SAMN53300925	1	331511	chromosome	0.0005025181506132203	0.0005187436258989112	0	0	false	0	12	0
SAMN53300925	10	126920	chromosome	0.0005025181506132203	0.0005187436258989112	0	0	false	0	12	0
SAMN53300925	100	1998	plasmid	0.9334544901322671	0.9364904149299748	1	0	true	7	4	1
SAMN53300925	101	1833	chromosome	0.0005025181506132203	0.0009006663649301763	0	0	false	0	12	0
SAMN53300925	102	1775	chromosome	0.7792781134159518	0.9409403174460156	0	0	true	8	4	0
SAMN53300925	103	1698	chromosome	0.0004231276172503976	0.014069493211000865	0	0	false	2	9	1
SAMN53300925	104	1689	chromosome	0.0023477360266118638	0.0010415537492729924	0	0	false	1	11	0
SAMN53300925	105	1615	chromosome	0.0005025181506132203	0.0009006663649301763	0	0	false	0	12	0
SAMN53300925	106	1512	chromosome	0.00012599395954687636	0.0011936331573832227	0	0	false	1	10	1
SAMN53300925	107	1461	chromosome	2.629307352510889e-05	0.0009006663649301763	0	0	false	0	11	1
SAMN53300925	108	1445	chromosome	0.0013734342506121736	0.0051514187163603275	0	0	false	2	9	1
SAMN53300925	109	1402	plasmid	0.0023477360266118638	0.0010415537492729924	0	0	false	1	11	0
SAMN53300925	11	122291	chromosome	0.0005025181506132203	0.0005187436258989112	0	0	false	0	12	0
SAMN53300925	110	1353	chromosome	0.0023477360266118638	0.0010415537492729924	0	0	false	1	11	0
SAMN53300925	111	1347	plasmid	0.9716044444166262	0.9712074009340186	1	1	false	8	3	1
SAMN53300925	112	1346	plasmid	0.019011907462895737	0.003301965487248314	0	0	false	0	10	2
SAMN53300925	113	1327	plasmid	0.987351162218125	0.953342728755637	1	1	false	8	4	0
SAMN53300925	114	1271	plasmid	0.7877307278041984	0.9409403174460156	0	0	false	8	4	0
SAMN53300925	115	1262	plasmid	0.993036133590978	0.956533343858327	1	1	false	9	3	0
SAMN53300925	116	1252	plasmid	0.993036133590978	0.956533343858327	1	1	false	9	3	0
SAMN53300925	117	1250	chromosome	2.629307352510889e-05	0.0009006663649301763	0	0	false	0	11	1
SAMN53300925	118	1247	chromosome	0.0004368536200683726	0.01072140192265778	0	0	false	1	9	2
SAMN53300925	119	1199	chromosome	0.0024123556419008763	0.0008689863063756601	0	0	false	0	11	1
SAMN53300925	12	119283	chromosome	0.0005025181506132203	0.0005187436258989112	0	0	false	0	12	0
SAMN53300925	120	1196	plasmid	0.987351162218125	0.953342728755637	1	1	false	8	4	0
SAMN53300925	121	1082	plasmid	0.9674910531027611	0.9283915868745917	1	1	false	5	7	0
SAMN53300925	122	1044	chromosome	0.00012599395954687636	0.0011936331573832227	0	0	false	1	10	1
SAMN53300925	123	1032	chromosome	0.0005025181506132203	0.0009006663649301763	0	0	false	0	12	0
SAMN53300925	13	116360	chromosome	0.0005025181506132203	0.0005187436258989112	0	0	false	0	12	0
SAMN53300925	14	114683	chromosome	0.0005025181506132203	0.0005187436258989112	0	0	false	0	12	0
SAMN53300925	15	112061	chromosome	0.0023477360266118638	0.0005187436258989112	0	0	false	1	11	0
SAMN53300925	16	110205	chromosome	0.0005025181506132203	0.0005187436258989112	0	0	false	0	12	0
SAMN53300925	17	105621	chromosome	0.0005025181506132203	0.0005187436258989112	0	0	false	0	12	0
SAMN53300925	18	92293	chromosome	0.0005025181506132203	0.0005187436258989112	0	0	false	0	12	0
SAMN53300925	19	91906	chromosome	0.0005025181506132203	0.0005187436258989112	0	0	false	0	12	0
SAMN53300925	2	329241	chromosome	0.0005025181506132203	0.0005187436258989112	0	0	false	0	12	0
SAMN53300925	20	88392	chromosome	0.0005025181506132203	0.0005187436258989112	0	0	false	0	12	0
SAMN53300925	21	86953	chromosome	0.0005025181506132203	0.0005187436258989112	0	0	false	0	12	0
SAMN53300925	22	86541	chromosome	0.0043515984760592406	0.0006431147038723303	0	0	false	2	10	0
SAMN53300925	23	72275	chromosome	0.0005025181506132203	0.0008716817258040134	0	0	false	0	12	0
SAMN53300925	24	67695	chromosome	0.0043515984760592406	0.001195913178012142	0	0	false	2	10	0
SAMN53300925	25	65969	chromosome	0.0023477360266118638	0.0009647403567926307	0	0	false	1	11	0
SAMN53300925	26	64556	chromosome	0.0005025181506132203	0.0006532126068179752	0	0	false	0	12	0
SAMN53300925	27	55295	chromosome	0.0005025181506132203	0.0006532126068179752	0	0	false	0	12	0
SAMN53300925	28	54224	chromosome	0.0009329050566734367	0.0006532126068179752	0	0	false	1	11	0
SAMN53300925	29	54079	chromosome	0.0005025181506132203	0.0006532126068179752	0	0	false	0	12	0
SAMN53300925	3	321995	chromosome	0.0005025181506132203	0.0005187436258989112	0	0	false	0	12	0
SAMN53300925	30	54023	chromosome	0.0016468472579477477	0.007836425343246025	0	0	false	1	11	0
SAMN53300925	31	51468	plasmid	0.999822425133984	0.997263012255942	1	1	false	12	0	0
SAMN53300925	32	49165	chromosome	0.0005025181506132203	0.0006532126068179752	0	0	false	0	12	0
SAMN53300925	33	48372	chromosome	0.0005025181506132203	0.0006532126068179752	0	0	false	0	12	0
SAMN53300925	34	41270	chromosome	0.0005025181506132203	0.0006532126068179752	0	0	false	0	12	0
SAMN53300925	35	39799	chromosome	0.0005025181506132203	0.0006532126068179752	0	0	false	0	12	0
SAMN53300925	36	38375	chromosome	0.0005025181506132203	0.0006532126068179752	0	0	false	0	12	0
SAMN53300925	37	35313	chromosome	0.0005025181506132203	0.0006975368793825305	0	0	false	0	12	0
SAMN53300925	38	34186	chromosome	0.0005025181506132203	0.0006975368793825305	0	0	false	0	12	0
SAMN53300925	39	33501	chromosome	0.0009329050566734367	0.0006975368793825305	0	0	false	1	11	0
SAMN53300925	4	303438	chromosome	0.0005025181506132203	0.0005187436258989112	0	0	false	0	12	0
SAMN53300925	40	32359	chromosome	0.0005025181506132203	0.0006975368793825305	0	0	false	0	12	0
SAMN53300925	41	30734	chromosome	0.0005025181506132203	0.0006975368793825305	0	0	false	0	12	0
SAMN53300925	42	30637	chromosome	0.0009329050566734367	0.0006975368793825305	0	0	false	1	11	0
SAMN53300925	43	30208	chromosome	0.0005025181506132203	0.0006975368793825305	0	0	false	0	12	0
SAMN53300925	44	29572	chromosome	0.0005025181506132203	0.0006975368793825305	0	0	false	0	12	0
SAMN53300925	45	29068	chromosome	0.0005025181506132203	0.0006975368793825305	0	0	false	0	12	0
SAMN53300925	46	27042	chromosome	0.0005025181506132203	0.0006975368793825305	0	0	false	0	12	0
SAMN53300925	47	26849	chromosome	0.0009329050566734367	0.0006975368793825305	0	0	false	1	11	0
SAMN53300925	48	26214	chromosome	0.0005025181506132203	0.0006975368793825305	0	0	false	0	12	0
SAMN53300925	49	25209	chromosome	0.0009329050566734367	0.0006975368793825305	0	0	false	1	11	0
SAMN53300925	5	273091	chromosome	0.0005025181506132203	0.0005187436258989112	0	0	false	0	12	0
SAMN53300925	50	24486	plasmid	0.9986702433695193	0.9927500768103827	1	1	false	11	1	0
SAMN53300925	51	23991	chromosome	0.0005025181506132203	0.0006975368793825305	0	0	false	0	12	0
SAMN53300925	52	20670	plasmid	0.9508635198395291	0.9774351197632085	1	1	false	10	2	0
SAMN53300925	53	20660	chromosome	0.0005025181506132203	0.0007213231782355622	0	0	false	0	12	0
SAMN53300925	54	19054	plasmid	0.4777938961559145	0.864214164721975	0	0	false	9	3	0
SAMN53300925	55	18775	chromosome	0.0043515984760592406	0.0010341002188648865	0	0	false	2	10	0
SAMN53300925	56	18462	chromosome	0.004140922714381401	0.0010341002188648865	0	0	false	2	10	0
SAMN53300925	57	18225	chromosome	0.0009329050566734367	0.0007213231782355622	0	0	false	1	11	0
SAMN53300925	58	18048	chromosome	0.0043515984760592406	0.0010341002188648865	0	0	false	2	10	0
SAMN53300925	59	17956	chromosome	0.0043515984760592406	0.0010341002188648865	0	0	false	2	10	0
SAMN53300925	6	210206	chromosome	0.0005025181506132203	0.0005187436258989112	0	0	false	0	12	0
SAMN53300925	60	17152	chromosome	0.0005025181506132203	0.0007213231782355622	0	0	false	0	12	0
SAMN53300925	61	16986	chromosome	0.0005025181506132203	0.0009558536195985552	0	0	false	0	12	0
SAMN53300925	62	16492	plasmid	0.42167580725551146	0.952428356074946	0	0	false	8	4	0
SAMN53300925	63	15930	plasmid	0.9508635198395291	0.9698025214631076	1	1	false	10	2	0
SAMN53300925	64	15533	plasmid	0.42167580725551146	0.952428356074946	0	0	false	8	4	0
SAMN53300925	65	14813	chromosome	0.05557835120585066	0.0011995572798910766	0	0	false	3	9	0
SAMN53300925	66	13545	chromosome	0.0005025181506132203	0.0009558536195985552	0	0	false	0	12	0
SAMN53300925	67	12770	chromosome	0.0009329050566734367	0.0009558536195985552	0	0	false	1	11	0
SAMN53300925	68	12106	chromosome	0.0023477360266118638	0.0011053641590850773	0	0	false	1	11	0
SAMN53300925	69	11938	chromosome	0.012416904730863208	0.0010282514601320468	0	0	false	2	10	0
SAMN53300925	7	185288	chromosome	0.0005025181506132203	0.0005187436258989112	0	0	false	0	12	0
SAMN53300925	70	11781	chromosome	0.05878542448855143	0.08719181649523985	0	0	false	5	6	1
SAMN53300925	71	11595	chromosome	0.0009329050566734367	0.0009558536195985552	0	0	false	1	11	0
SAMN53300925	72	9966	plasmid	0.9857568595095695	0.9851004258619884	1	1	true	10	1	1
SAMN53300925	73	8722	plasmid	0.9986702433695193	0.986789381158157	1	1	false	11	1	0
SAMN53300925	74	8249	chromosome	0.038341408761019644	0.0016424529844560932	0	0	false	3	8	1
SAMN53300925	75	8116	chromosome	0.0009329050566734367	0.0009558536195985552	0	0	false	1	11	0
SAMN53300925	76	7647	chromosome	0.0009329050566734367	0.0009558536195985552	0	0	false	1	11	0
SAMN53300925	77	7040	chromosome	0.0005025181506132203	0.0009558536195985552	0	0	false	0	12	0
SAMN53300925	78	6657	plasmid	0.93079718255601	0.9802022637900349	1	1	true	9	2	1
SAMN53300925	79	6625	chromosome	0.1015849178122442	0.001153677357982543	0	0	false	3	9	0
SAMN53300925	8	161963	chromosome	0.0005025181506132203	0.0005187436258989112	0	0	false	0	12	0
SAMN53300925	80	6613	plasmid	0.9508635198395291	0.9642467657356093	1	1	false	10	2	0
SAMN53300925	81	6071	plasmid	0.1768155366287596	0.0016424529844560932	0	0	false	3	8	1
SAMN53300925	82	5239	chromosome	0.0005025181506132203	0.0009754478804274018	0	0	false	0	12	0
SAMN53300925	83	4840	plasmid	0.9647539237935542	0.978537467543252	1	1	false	10	2	0
SAMN53300925	84	4576	plasmid	0.9647539237935542	0.978537467543252	1	1	false	10	2	0
SAMN53300925	85	4418	chromosome	0.0005025181506132203	0.0009754478804274018	0	0	false	0	12	0
SAMN53300925	86	4258	plasmid	0.9929225458808841	0.9789895752236061	1	1	false	10	2	0
SAMN53300925	87	4059	plasmid	0.9931544050611385	0.9872180725852102	1	1	false	11	1	0
SAMN53300925	88	3975	plasmid	0.9931544050611385	0.9872180725852102	1	1	false	11	1	0
SAMN53300925	89	3668	plasmid	0.9932642968525297	0.9699761524604087	1	1	false	10	2	0
SAMN53300925	9	134847	chromosome	0.0005025181506132203	0.0005187436258989112	0	0	false	0	12	0
SAMN53300925	90	3249	plasmid	0.32322501598904907	0.006052375584350059	0	0	false	3	9	0
SAMN53300925	91	3112	chromosome	0.012416904730863208	0.0008009590573972647	0	0	false	2	10	0
SAMN53300925	92	2648	chromosome	0.0005025181506132203	0.0009754478804274018	0	0	false	0	12	0
SAMN53300925	93	2635	chromosome	0.012416904730863208	0.0008009590573972647	0	0	false	2	10	0
SAMN53300925	94	2317	chromosome	0.0005025181506132203	0.0009006663649301763	0	0	false	0	12	0
SAMN53300925	95	2307	chromosome	0.006724141415640177	0.0006490831298693398	0	0	false	1	11	0
SAMN53300925	96	2272	chromosome	0.006951831748125909	0.0049709665103119	0	0	false	2	8	2
SAMN53300925	97	2231	chromosome	0.0005025181506132203	0.0009006663649301763	0	0	false	0	12	0
SAMN53300925	99	2101	plasmid	0.993036133590978	0.9401680854523903	1	1	false	9	3	0
SAMN53536567	1	403880	chromosome	0.0005025181506132203	0.0001747475569751821	0	0	false	0	12	0
SAMN53536567	10	162306	chromosome	0.0005025181506132203	0.0001747475569751821	0	0	false	0	12	0
SAMN53536567	11	160511	chromosome	0.0005025181506132203	0.0001747475569751821	0	0	false	0	12	0
SAMN53536567	12	153089	chromosome	0.0005025181506132203	0.0001747475569751821	0	0	false	0	12	0
SAMN53536567	13	148967	chromosome	0.0005025181506132203	0.0001747475569751821	0	0	false	0	12	0
SAMN53536567	14	148708	chromosome	0.0005025181506132203	0.0001747475569751821	0	0	false	0	12	0
SAMN53536567	15	124589	chromosome	0.0005025181506132203	0.0001747475569751821	0	0	false	0	12	0
SAMN53536567	16	117021	chromosome	0.0023477360266118638	0.0001747475569751821	0	0	false	1	11	0
SAMN53536567	17	113055	chromosome	0.0005025181506132203	0.0001747475569751821	0	0	false	0	12	0
SAMN53536567	18	95644	chromosome	0.0005025181506132203	0.0001747475569751821	0	0	false	0	12	0
SAMN53536567	19	90338	chromosome	0.0023477360266118638	0.0001747475569751821	0	0	false	1	11	0
SAMN53536567	2	384490	chromosome	0.0005025181506132203	0.0001747475569751821	0	0	false	0	12	0
SAMN53536567	20	85716	chromosome	0.0023477360266118638	0.0001747475569751821	0	0	false	1	11	0
SAMN53536567	21	84701	chromosome	0.0023477360266118638	0.0001747475569751821	0	0	false	1	11	0
SAMN53536567	22	76490	chromosome	0.0005025181506132203	0.00029370949736047265	0	0	false	0	12	0
SAMN53536567	23	70587	chromosome	0.0005025181506132203	0.00029370949736047265	0	0	false	0	12	0
SAMN53536567	24	67970	chromosome	0.0023477360266118638	0.00032508528853374564	0	0	false	1	11	0
SAMN53536567	25	66318	chromosome	0.0005025181506132203	0.00032508528853374564	0	0	false	0	12	0
SAMN53536567	26	62455	chromosome	0.014137038622815292	0.00265883464961753	0	0	false	3	9	0
SAMN53536567	27	59919	chromosome	0.0005025181506132203	0.00022006533927213223	0	0	false	0	12	0
SAMN53536567	28	45967	chromosome	0.0005025181506132203	0.00022006533927213223	0	0	false	0	12	0
SAMN53536567	29	37879	chromosome	0.0016468472579477477	0.0021267483644550416	0	0	false	1	11	0
SAMN53536567	3	341226	chromosome	0.0005025181506132203	0.0001747475569751821	0	0	false	0	12	0
SAMN53536567	30	37155	chromosome	0.0005025181506132203	0.00022006533927213223	0	0	false	0	12	0
SAMN53536567	31	36609	chromosome	0.0005025181506132203	0.00022006533927213223	0	0	false	0	12	0
SAMN53536567	32	35951	chromosome	0.0005025181506132203	0.00022006533927213223	0	0	false	0	12	0
SAMN53536567	33	35625	chromosome	0.0023477360266118638	0.0002717941105263667	0	0	false	1	11	0
SAMN53536567	34	34443	plasmid	0.9666370174996789	0.9585753403055316	1	1	false	10	2	0
SAMN53536567	35	33409	plasmid	0.9931544050611385	0.9839047423761643	1	1	false	11	1	0
SAMN53536567	36	28938	chromosome	0.0005025181506132203	0.00023500496348144683	0	0	false	0	12	0
SAMN53536567	37	28477	chromosome	0.0005025181506132203	0.00023500496348144683	0	0	false	0	12	0
SAMN53536567	38	28372	chromosome	0.0005025181506132203	0.00023500496348144683	0	0	false	0	12	0
SAMN53536567	39	27301	chromosome	0.06300945799490247	0.2633594461720894	0	0	false	6	6	0
SAMN53536567	4	254821	chromosome	0.0005025181506132203	0.0001747475569751821	0	0	false	0	12	0
SAMN53536567	40	25126	chromosome	0.0005025181506132203	0.00023500496348144683	0	0	false	0	12	0
SAMN53536567	41	24967	chromosome	0.0005025181506132203	0.00023500496348144683	0	0	false	0	12	0
SAMN53536567	42	24762	chromosome	0.0005025181506132203	0.00023500496348144683	0	0	false	0	12	0
SAMN53536567	43	23383	chromosome	0.0023477360266118638	0.0002717941105263667	0	0	false	1	11	0
SAMN53536567	44	23162	chromosome	0.0005025181506132203	0.00023500496348144683	0	0	false	0	12	0
SAMN53536567	45	21704	plasmid	0.9647539237935542	0.9585753403055316	1	1	true	10	2	0
SAMN53536567	46	20661	plasmid	0.9986702433695193	0.8109347047282498	1	1	false	11	1	0
SAMN53536567	47	19143	chromosome	0.0005025181506132203	0.00025420559678301246	0	0	false	0	12	0
SAMN53536567	48	18804	chromosome	0.0005025181506132203	0.00025420559678301246	0	0	false	0	12	0
SAMN53536567	49	15077	plasmid	0.9931544050611385	0.9660093510480683	1	1	false	11	1	0
SAMN53536567	5	238862	chromosome	0.0005025181506132203	0.0001747475569751821	0	0	false	0	12	0
SAMN53536567	50	13637	plasmid	0.9986702433695193	0.674732489053712	1	1	false	11	1	0
SAMN53536567	51	13096	chromosome	0.0005025181506132203	0.00033690900732683964	0	0	false	0	12	0
SAMN53536567	52	12812	plasmid	0.9931544050611385	0.9617910987478747	1	1	false	11	1	0
SAMN53536567	53	12299	chromosome	0.0005025181506132203	0.00033690900732683964	0	0	false	0	12	0
SAMN53536567	54	10624	chromosome	0.0005025181506132203	0.00033690900732683964	0	0	false	0	12	0
SAMN53536567	55	10066	chromosome	0.0009329050566734367	0.00033690900732683964	0	0	false	1	11	0
SAMN53536567	56	7530	chromosome	0.0023477360266118638	0.00038964463350717323	0	0	false	1	11	0
SAMN53536567	57	5418	chromosome	0.0005025181506132203	0.00033690900732683964	0	0	false	0	12	0
SAMN53536567	58	4553	plasmid	0.9931544050611385	0.9007032353933848	1	1	false	11	1	0
SAMN53536567	59	2804	chromosome	0.0009329050566734367	0.00034381974824296263	0	0	false	1	11	0
SAMN53536567	6	231082	chromosome	0.0005025181506132203	0.0001747475569751821	0	0	false	0	12	0
SAMN53536567	60	2676	chromosome	0.00012599395954687636	0.00045573930910945064	0	0	false	1	10	1
SAMN53536567	61	2500	chromosome	2.629307352510889e-05	0.00034381974824296263	0	0	false	0	11	1
SAMN53536567	62	2135	plasmid	0.993036133590978	0.5841069162081306	1	1	false	9	3	0
SAMN53536567	65	1248	chromosome	0.00012599395954687636	0.000685114026500302	0	0	false	1	10	1
SAMN53536567	66	1231	chromosome	0.0013734342506121736	0.0008608090658636157	0	0	false	2	9	1
SAMN53536567	67	1200	chromosome	0.0023477360266118638	0.0005977856709094566	0	0	false	1	11	0
SAMN53536567	68	1082	chromosome	0.00012599395954687636	0.000685114026500302	0	0	false	1	10	1
SAMN53536567	69	1077	chromosome	0.0023477360266118638	0.0005977856709094566	0	0	false	1	11	0
SAMN53536567	7	185053	chromosome	0.0005025181506132203	0.0001747475569751821	0	0	false	0	12	0
SAMN53536567	8	170794	chromosome	0.0005025181506132203	0.0001747475569751821	0	0	false	0	12	0
SAMN53536567	9	165358	chromosome	0.0005025181506132203	0.0001747475569751821	0	0	false	0	12	0
SAMN53649220	1	575849	chromosome	0.0006280730365286135	0.0001747475569751821	0	0	false	0	11	1
SAMN53649220	10	163912	chromosome	0.0006280730365286135	0.0001747475569751821	0	0	false	0	11	1
SAMN53649220	11	159023	chromosome	0.0006280730365286135	0.0001747475569751821	0	0	false	0	11	1
SAMN53649220	12	149476	chromosome	0.0006280730365286135	0.0001747475569751821	0	0	false	0	11	1
SAMN53649220	13	145695	chromosome	0.0006280730365286135	0.0001747475569751821	0	0	false	0	11	1
SAMN53649220	14	133183	chromosome	0.0006280730365286135	0.0001747475569751821	0	0	false	0	11	1
SAMN53649220	15	125894	chromosome	0.0006280730365286135	0.0001747475569751821	0	0	false	0	11	1
SAMN53649220	16	112519	chromosome	0.0006280730365286135	0.0001747475569751821	0	0	false	0	11	1
SAMN53649220	17	110686	chromosome	0.0011936820845006018	0.00020028818341368508	0	0	false	1	10	1
SAMN53649220	18	106310	chromosome	0.0006280730365286135	0.0001747475569751821	0	0	false	0	11	1
SAMN53649220	19	93242	chromosome	0.0006280730365286135	0.0001747475569751821	0	0	false	0	11	1
SAMN53649220	2	311589	chromosome	0.0006280730365286135	0.0001747475569751821	0	0	false	0	11	1
SAMN53649220	20	91086	chromosome	0.0006280730365286135	0.0001747475569751821	0	0	false	0	11	1
SAMN53649220	21	86529	chromosome	0.0006280730365286135	0.0001747475569751821	0	0	false	0	11	1
SAMN53649220	22	81915	chromosome	0.0006280730365286135	0.0001747475569751821	0	0	false	0	11	1
SAMN53649220	23	80019	chromosome	0.0006280730365286135	0.0001747475569751821	0	0	false	0	11	1
SAMN53649220	24	75970	chromosome	0.0006280730365286135	0.00029370949736047265	0	0	false	0	11	1
SAMN53649220	25	75458	chromosome	0.0006280730365286135	0.00029370949736047265	0	0	false	0	11	1
SAMN53649220	26	71179	chromosome	0.0006280730365286135	0.00029370949736047265	0	0	false	0	11	1
SAMN53649220	27	70634	chromosome	0.0006280730365286135	0.00029370949736047265	0	0	false	0	11	1
SAMN53649220	28	65420	chromosome	0.0006280730365286135	0.00032508528853374564	0	0	false	0	11	1
SAMN53649220	29	60758	chromosome	0.0006280730365286135	0.00022006533927213223	0	0	false	0	11	1
SAMN53649220	3	284600	chromosome	0.0006280730365286135	0.0001747475569751821	0	0	false	0	11	1
SAMN53649220	30	58852	chromosome	0.0006280730365286135	0.00022006533927213223	0	0	false	0	11	1
SAMN53649220	31	49949	chromosome	0.003002815211039815	0.00025222781827303955	0	0	false	1	10	1
SAMN53649220	32	38976	plasmid	0.9473321608573991	0.7993299407481772	1	1	false	10	1	1
SAMN53649220	33	37292	chromosome	0.003002815211039815	0.00025222781827303955	0	0	false	1	10	1
SAMN53649220	34	36122	chromosome	0.0006280730365286135	0.00022006533927213223	0	0	false	0	11	1
SAMN53649220	35	27957	chromosome	0.005694803921225573	0.0003399517576940357	0	0	false	2	9	1
SAMN53649220	36	26062	chromosome	0.0006280730365286135	0.00023500496348144683	0	0	false	0	11	1
SAMN53649220	37	19496	chromosome	0.0006280730365286135	0.00025420559678301246	0	0	false	0	11	1
SAMN53649220	38	17255	chromosome	0.0006280730365286135	0.00025420559678301246	0	0	false	0	11	1
SAMN53649220	39	16401	chromosome	0.0006280730365286135	0.00033690900732683964	0	0	false	0	11	1
SAMN53649220	4	281604	chromosome	0.0006280730365286135	0.0001747475569751821	0	0	false	0	11	1
SAMN53649220	40	16298	chromosome	0.005694803921225573	0.00048734117965163365	0	0	false	2	9	1
SAMN53649220	41	14213	chromosome	0.0006280730365286135	0.00033690900732683964	0	0	false	0	11	1
SAMN53649220	42	13748	plasmid	0.9473321608573991	0.6151007980571497	1	1	false	10	1	1
SAMN53649220	43	13277	plasmid	0.787239853857969	0.5749073519679921	0	0	false	9	2	1
SAMN53649220	44	12895	plasmid	0.9473321608573991	0.6151007980571497	1	0	true	10	1	1
SAMN53649220	45	12556	chromosome	0.005694803921225573	0.00048734117965163365	0	0	false	2	9	1
SAMN53649220	46	11414	plasmid	0.9473321608573991	0.6151007980571497	1	1	false	10	1	1
SAMN53649220	47	9345	chromosome	0.018877011693971258	0.0024215765325630296	0	0	false	3	8	1
SAMN53649220	48	9332	chromosome	0.0006280730365286135	0.00033690900732683964	0	0	false	0	11	1
SAMN53649220	49	7259	plasmid	0.9473321608573991	0.522619806316184	1	1	false	10	1	1
SAMN53649220	5	248927	chromosome	0.0006280730365286135	0.0001747475569751821	0	0	true	0	11	1
SAMN53649220	50	7239	plasmid	0.9473321608573991	0.522619806316184	1	1	false	10	1	1
SAMN53649220	51	7005	chromosome	0.003002815211039815	0.00044658000170537875	0	0	false	1	10	1
SAMN53649220	52	6457	chromosome	0.018877011693971258	0.0024215765325630296	0	0	false	3	8	1
SAMN53649220	53	6379	chromosome	0.005694803921225573	0.00048734117965163365	0	0	false	2	9	1
SAMN53649220	54	5549	chromosome	0.0006280730365286135	0.00033690900732683964	0	0	false	0	11	1
SAMN53649220	55	4924	plasmid	0.9473321608573991	0.5562584083133892	1	1	false	10	1	1
SAMN53649220	56	4138	chromosome	0.0006280730365286135	0.00034381974824296263	0	0	false	0	11	1
SAMN53649220	57	4075	plasmid	0.9837735866992623	0.804216216044736	1	1	false	10	0	2
SAMN53649220	58	3667	plasmid	0.9301214883176652	0.8535304964129091	1	1	false	9	0	3
SAMN53649220	59	3546	chromosome	0.0006280730365286135	0.00034381974824296263	0	0	false	0	11	1
SAMN53649220	6	211046	chromosome	0.0006280730365286135	0.0001747475569751821	0	0	false	0	11	1
SAMN53649220	60	2143	plasmid	0.9493890677212943	0.3129433643459515	1	1	false	8	3	1
SAMN53649220	61	1820	chromosome	0.003002815211039815	0.0004207838322954311	0	0	false	1	10	1
SAMN53649220	62	1746	chromosome	0.003002815211039815	0.0004608759884616737	0	0	false	1	10	1
SAMN53649220	63	1591	chromosome	0.003002815211039815	0.0004608759884616737	0	0	false	1	10	1
SAMN53649220	64	1513	chromosome	0.003002815211039815	0.0004608759884616737	0	0	false	1	10	1
SAMN53649220	65	1469	chromosome	0.0008061671523583516	0.0008401059403477261	0	0	false	1	8	3
SAMN53649220	66	1426	chromosome	0.0003014888234770983	0.0007410933771521199	0	0	false	2	8	2
SAMN53649220	68	1296	chromosome	0.00016201268231585663	0.000685114026500302	0	0	false	1	9	2
SAMN53649220	69	1239	chromosome	0.00016201268231585663	0.000685114026500302	0	0	false	1	9	2
SAMN53649220	7	209276	chromosome	0.0006280730365286135	0.0001747475569751821	0	0	false	0	11	1
SAMN53649220	70	1148	chromosome	0.003002815211039815	0.000685114026500302	0	0	false	1	10	1
SAMN53649220	71	1039	chromosome	0.03182645013816653	0.0012809190236738304	0	0	false	2	9	1
SAMN53649220	8	180018	chromosome	0.003002815211039815	0.00020028818341368508	0	0	false	1	10	1
SAMN53649220	9	173021	chromosome	0.0006280730365286135	0.0001747475569751821	0	0	false	0	11	1
SAMN54493115	1	488228	chromosome	0.0005025181506132203	0.0001747475569751821	0	0	false	0	12	0
SAMN54493115	10	169810	chromosome	0.0005025181506132203	0.0001747475569751821	0	0	false	0	12	0
SAMN54493115	11	169779	chromosome	0.0005025181506132203	0.0001747475569751821	0	0	false	0	12	0
SAMN54493115	12	140613	chromosome	0.0005025181506132203	0.0001747475569751821	0	0	false	0	12	0
SAMN54493115	13	125867	chromosome	0.0005025181506132203	0.0001747475569751821	0	0	false	0	12	0
SAMN54493115	14	124421	chromosome	0.0005025181506132203	0.0001747475569751821	0	0	false	0	12	0
SAMN54493115	15	119416	chromosome	0.0005025181506132203	0.0001747475569751821	0	0	false	0	12	0
SAMN54493115	16	119186	chromosome	0.0005025181506132203	0.0001747475569751821	0	0	false	0	12	0
SAMN54493115	17	114935	chromosome	0.0005025181506132203	0.0001747475569751821	0	0	false	0	12	0
SAMN54493115	18	88417	chromosome	0.0023477360266118638	0.0001747475569751821	0	0	false	1	11	0
SAMN54493115	19	88106	chromosome	0.0005025181506132203	0.0001747475569751821	0	0	false	0	12	0
SAMN54493115	2	455317	chromosome	0.0005025181506132203	0.0001747475569751821	0	0	false	0	12	0
SAMN54493115	20	77817	chromosome	0.0023477360266118638	0.00029370949736047265	0	0	false	1	11	0
SAMN54493115	21	63480	chromosome	0.0005025181506132203	0.00022006533927213223	0	0	false	0	12	0
SAMN54493115	22	63435	plasmid	0.9996166454176644	0.954108069585596	1	1	false	11	0	1
SAMN54493115	23	60410	chromosome	0.0005025181506132203	0.00022006533927213223	0	0	false	0	12	0
SAMN54493115	24	59879	chromosome	0.0009329050566734367	0.00022006533927213223	0	0	false	1	11	0
SAMN54493115	25	53532	plasmid	0.9508635198395291	0.760166630811483	1	1	false	10	2	0
SAMN54493115	26	50894	chromosome	0.0005025181506132203	0.00022006533927213223	0	0	false	0	12	0
SAMN54493115	27	44864	chromosome	0.0043515984760592406	0.0002728465259257193	0	0	false	2	10	0
SAMN54493115	28	40566	chromosome	0.0005025181506132203	0.00022006533927213223	0	0	false	0	12	0
SAMN54493115	29	40266	chromosome	0.05557835120585066	0.0005020474713139277	0	0	false	3	9	0
SAMN54493115	3	412794	chromosome	0.0005025181506132203	0.0001747475569751821	0	0	false	0	12	0
SAMN54493115	30	37564	plasmid	0.9975734539370398	0.7191392749266258	1	0	true	10	2	0
SAMN54493115	31	36027	chromosome	0.0005025181506132203	0.00022006533927213223	0	0	false	0	12	0
SAMN54493115	32	26037	chromosome	0.0005025181506132203	0.00023500496348144683	0	0	false	0	12	0
SAMN54493115	33	22851	chromosome	0.2126585469214157	0.24420445972755647	0	0	false	5	7	0
SAMN54493115	34	16965	chromosome	0.0005025181506132203	0.00033690900732683964	0	0	false	0	12	0
SAMN54493115	35	16023	chromosome	0.014137038622815292	0.002696962046197105	0	0	false	3	9	0
SAMN54493115	36	15830	plasmid	0.9857568595095695	0.8245508014514198	1	1	false	10	1	1
SAMN54493115	37	14190	plasmid	0.19389199574930574	0.0012723100381816577	0	0	false	3	8	1
SAMN54493115	38	13653	chromosome	0.0043515984760592406	0.00048307861726971	0	0	false	2	10	0
SAMN54493115	39	11479	plasmid	0.07606130976035279	0.03454304209728536	0	0	false	4	8	0
SAMN54493115	4	376383	chromosome	0.0005025181506132203	0.0001747475569751821	0	0	false	0	12	0
SAMN54493115	40	9372	plasmid	0.5257187758151737	0.10326014240195883	0	0	false	5	7	0
SAMN54493115	41	8597	plasmid	0.9986702433695193	0.6970850095623591	1	1	false	11	1	0
SAMN54493115	42	8384	plasmid	0.9998869742013504	0.9567354749230119	1	1	true	11	0	1
SAMN54493115	43	8098	plasmid	0.9625893020457243	0.9067710845361436	1	1	false	8	3	1
SAMN54493115	44	7849	plasmid	0.9508635198395291	0.46556026075954765	1	1	false	10	2	0
SAMN54493115	45	7824	plasmid	0.5344900231595623	0.9036524351195458	0	0	false	7	5	0
SAMN54493115	46	5735	plasmid	0.48793662448218494	0.005003224601685664	0	0	false	3	9	0
SAMN54493115	47	5368	plasmid	0.9817197815994548	0.1467624020887237	1	1	false	6	6	0
SAMN54493115	48	5062	plasmid	0.9996756519149296	0.974283229190934	1	1	false	11	1	0
SAMN54493115	49	4380	plasmid	0.9508635198395291	0.4993680230164714	1	1	false	10	2	0
SAMN54493115	5	342856	chromosome	0.0005025181506132203	0.0001747475569751821	0	0	false	0	12	0
SAMN54493115	50	4244	plasmid	0.9925035768247503	0.9371363459172636	1	1	false	9	2	1
SAMN54493115	51	3473	plasmid	0.7849934510745252	0.38823890534135064	0	0	false	9	3	0
SAMN54493115	52	3132	plasmid	0.9402787710327908	0.677036813054152	1	1	false	9	1	2
SAMN54493115	53	2588	plasmid	0.9996756519149296	0.9577582369418125	1	1	false	11	1	0
SAMN54493115	54	2349	plasmid	0.008325764689385631	0.06230658333596937	0	0	false	4	7	1
SAMN54493115	55	1995	plasmid	0.4774396077530943	0.4143782191615584	0	0	false	6	5	1
SAMN54493115	56	1920	chromosome	0.0005025181506132203	0.0003174458422049281	0	0	false	0	12	0
SAMN54493115	57	1659	plasmid	0.9500513350318119	0.41984948463367777	1	1	false	8	4	0
SAMN54493115	58	1619	chromosome	0.00012599395954687636	0.0004608759884616737	0	0	false	1	10	1
SAMN54493115	59	1560	chromosome	0.0005025181506132203	0.00034769541081109545	0	0	false	0	12	0
SAMN54493115	6	315934	chromosome	0.0005025181506132203	0.0001747475569751821	0	0	false	0	12	0
SAMN54493115	60	1462	chromosome	0.04309066531046129	0.2155252737649991	0	0	false	4	7	1
SAMN54493115	61	1367	chromosome	0.00012599395954687636	0.000685114026500302	0	0	false	1	10	1
SAMN54493115	63	1283	chromosome	0.00012599395954687636	0.000685114026500302	0	0	false	1	10	1
SAMN54493115	64	1272	plasmid	0.7820679522767201	0.5128815055470154	0	0	false	7	5	0
SAMN54493115	65	1245	plasmid	0.8246003264020063	0.6225508568614073	0	0	false	7	4	1
SAMN54493115	67	1193	chromosome	0.00012599395954687636	0.000685114026500302	0	0	false	1	10	1
SAMN54493115	68	1191	chromosome	0.0005025181506132203	0.0005168942044482338	0	0	false	0	12	0
SAMN54493115	69	1070	plasmid	0.00012599395954687636	0.000685114026500302	0	0	false	1	10	1
SAMN54493115	7	284137	chromosome	0.0005025181506132203	0.0001747475569751821	0	0	false	0	12	0
SAMN54493115	70	1000	plasmid	0.3970602759327181	0.6536831537969248	0	0	false	4	7	1
SAMN54493115	8	207028	chromosome	0.0005025181506132203	0.0001747475569751821	0	0	false	0	12	0
SAMN54493115	9	189593	chromosome	0.0005025181506132203	0.0001747475569751821	0	0	false	0	12	0
SAMN54493196	1	1282316	chromosome	0.0005025181506132203	0.00041344513154503753	0	0	false	0	12	0
SAMN54493196	10	204918	chromosome	0.0005025181506132203	0.00010835628761490476	0	0	false	0	12	0
SAMN54493196	11	191866	chromosome	0.0005025181506132203	0.00010835628761490476	0	0	false	0	12	0
SAMN54493196	12	175736	chromosome	0.0005025181506132203	0.00010835628761490476	0	0	false	0	12	0
SAMN54493196	13	131908	chromosome	0.0023477360266118638	0.00010835628761490476	0	0	false	1	11	0
SAMN54493196	14	128360	plasmid	0.9986702433695193	0.6586963391574845	1	1	false	11	1	0
SAMN54493196	15	124094	chromosome	0.0023477360266118638	0.00010835628761490476	0	0	true	1	11	0
SAMN54493196	16	92293	chromosome	0.0005025181506132203	0.00010835628761490476	0	0	false	0	12	0
SAMN54493196	17	91895	chromosome	0.0005025181506132203	0.00010835628761490476	0	0	false	0	12	0
SAMN54493196	18	89135	chromosome	0.0023477360266118638	0.00010835628761490476	0	0	false	1	11	0
SAMN54493196	19	59515	chromosome	0.0005025181506132203	0.0001969358717627351	0	0	false	0	12	0
SAMN54493196	2	524468	chromosome	0.0005025181506132203	0.00041344513154503753	0	0	false	0	12	0
SAMN54493196	20	53777	chromosome	0.0023477360266118638	0.0001969358717627351	0	0	false	1	11	0
SAMN54493196	21	36108	chromosome	0.0005025181506132203	0.0001969358717627351	0	0	false	0	12	0
SAMN54493196	22	34189	chromosome	0.0009329050566734367	0.0002103056310050205	0	0	false	1	11	0
SAMN54493196	23	29458	chromosome	0.024711780572106334	0.1817790249913642	0	0	false	4	8	0
SAMN54493196	24	26648	chromosome	0.0005025181506132203	0.0002103056310050205	0	0	false	0	12	0
SAMN54493196	25	24682	chromosome	0.0009329050566734367	0.0002103056310050205	0	0	false	1	11	0
SAMN54493196	26	21594	chromosome	0.0023477360266118638	0.0002432291307265754	0	0	false	1	11	0
SAMN54493196	27	20562	chromosome	0.0043515984760592406	0.0003003523328799304	0	0	false	2	10	0
SAMN54493196	28	19148	chromosome	2.629307352510889e-05	0.00020946033526502558	0	0	false	0	11	1
SAMN54493196	29	7692	chromosome	0.0005025181506132203	0.0002776103362932306	0	0	false	0	12	0
SAMN54493196	3	382809	chromosome	0.0005025181506132203	0.00041344513154503753	0	0	false	0	12	0
SAMN54493196	30	5326	chromosome	0.9137413354205492	0.5255434296594509	0	0	true	9	3	0
SAMN54493196	31	3307	chromosome	0.9137413354205492	0.4760604861021544	0	0	true	9	3	0
SAMN54493196	32	2246	chromosome	0.00012644978029706448	0.0003409751116419266	0	0	false	0	10	2
SAMN54493196	33	1818	chromosome	0.00012644978029706448	0.00037346595815001323	0	0	false	0	10	2
SAMN54493196	34	1566	chromosome	0.04309066531046129	0.16888219040407887	0	0	false	4	7	1
SAMN54493196	35	1512	chromosome	0.00012599395954687636	0.00044741576382301737	0	0	false	1	10	1
SAMN54493196	36	1472	chromosome	0.0005025181506132203	0.0005017987476641194	0	0	false	0	12	0
SAMN54493196	37	1340	chromosome	0.7168654630672682	0.6054098830149844	0	0	false	7	4	1
SAMN54493196	38	1044	chromosome	0.00012599395954687636	0.0006651091216888893	0	0	false	1	10	1
SAMN54493196	39	1032	chromosome	0.00012599395954687636	0.0006651091216888893	0	0	false	1	10	1
SAMN54493196	4	301894	chromosome	0.0005025181506132203	0.00010835628761490476	0	0	false	0	12	0
SAMN54493196	40	1025	chromosome	2.629307352510889e-05	0.0005017987476641194	0	0	false	0	11	1
SAMN54493196	5	300629	chromosome	0.0005025181506132203	0.00010835628761490476	0	0	true	0	12	0
SAMN54493196	6	263158	chromosome	0.0023477360266118638	0.00010835628761490476	0	0	true	1	11	0
SAMN54493196	7	258405	chromosome	0.0005025181506132203	0.00010835628761490476	0	0	false	0	12	0
SAMN54493196	8	253449	chromosome	0.0005025181506132203	0.00010835628761490476	0	0	false	0	12	0
SAMN54493196	9	239443	chromosome	0.0005025181506132203	0.00010835628761490476	0	0	false	0	12	0
SAMN56646525	1	495693	chromosome	0.0005025181506132203	0.0001747475569751821	0	0	false	0	12	0
SAMN56646525	10	226894	chromosome	0.0005025181506132203	0.0001747475569751821	0	0	false	0	12	0
SAMN56646525	11	184524	chromosome	0.0005025181506132203	0.0001747475569751821	0	0	false	0	12	0
SAMN56646525	12	166277	chromosome	0.0005025181506132203	0.0001747475569751821	0	0	false	0	12	0
SAMN56646525	13	133713	chromosome	0.0005025181506132203	0.0001747475569751821	0	0	false	0	12	0
SAMN56646525	14	120761	chromosome	0.0005025181506132203	0.0001747475569751821	0	0	false	0	12	0
SAMN56646525	15	118948	chromosome	0.0005025181506132203	0.0001747475569751821	0	0	false	0	12	0
SAMN56646525	16	115038	chromosome	0.0005025181506132203	0.0001747475569751821	0	0	false	0	12	0
SAMN56646525	17	91717	chromosome	0.0005025181506132203	0.0001747475569751821	0	0	false	0	12	0
SAMN56646525	18	87934	chromosome	0.0005025181506132203	0.0001747475569751821	0	0	false	0	12	0
SAMN56646525	19	66015	chromosome	0.0005025181506132203	0.00032508528853374564	0	0	false	0	12	0
SAMN56646525	2	479534	chromosome	0.0005025181506132203	0.0001747475569751821	0	0	false	0	12	0
SAMN56646525	20	63513	chromosome	0.0043515984760592406	0.0002728465259257193	0	0	false	2	10	0
SAMN56646525	21	57876	chromosome	2.629307352510889e-05	0.00022006533927213223	0	0	false	0	11	1
SAMN56646525	22	45623	plasmid	0.9508635198395291	0.6729649952063373	1	1	false	10	2	0
SAMN56646525	23	44348	chromosome	0.0023477360266118638	0.00022006533927213223	0	0	false	1	11	0
SAMN56646525	24	43524	chromosome	0.0005025181506132203	0.00022006533927213223	0	0	false	0	12	0
SAMN56646525	25	40126	plasmid	0.9857568595095695	0.8652510578167507	1	0	true	10	1	1
SAMN56646525	26	36503	plasmid	0.9997559778548546	0.9328455487717685	1	1	false	10	0	2
SAMN56646525	27	34766	chromosome	0.0005025181506132203	0.00023500496348144683	0	0	false	0	12	0
SAMN56646525	28	33419	chromosome	0.0005025181506132203	0.00023500496348144683	0	0	false	0	12	0
SAMN56646525	29	32322	plasmid	0.9666370174996789	0.9585753403055316	1	1	false	10	2	0
SAMN56646525	3	353350	chromosome	0.0005025181506132203	0.0001747475569751821	0	0	false	0	12	0
SAMN56646525	30	32150	chromosome	0.0009329050566734367	0.00023500496348144683	0	0	false	1	11	0
SAMN56646525	31	31593	chromosome	0.0005025181506132203	0.00023500496348144683	0	0	false	0	12	0
SAMN56646525	32	31591	plasmid	0.9508635198395291	0.6729649952063373	1	1	false	10	2	0
SAMN56646525	33	31353	chromosome	0.0005025181506132203	0.00023500496348144683	0	0	false	0	12	0
SAMN56646525	34	30863	chromosome	0.0005025181506132203	0.00023500496348144683	0	0	false	0	12	0
SAMN56646525	35	27606	plasmid	0.999822425133984	0.9839047423761643	1	1	false	12	0	0
SAMN56646525	36	26780	plasmid	0.9991114546858119	0.9839047423761643	1	1	false	11	1	0
SAMN56646525	37	26078	chromosome	0.0005025181506132203	0.00023500496348144683	0	0	false	0	12	0
SAMN56646525	38	24111	plasmid	0.985037557827494	0.8133111924497317	1	0	true	8	2	2
SAMN56646525	39	23507	chromosome	0.0009329050566734367	0.00023500496348144683	0	0	false	1	11	0
SAMN56646525	4	339671	chromosome	0.0005025181506132203	0.0001747475569751821	0	0	false	0	12	0
SAMN56646525	40	19887	chromosome	0.0005025181506132203	0.00025420559678301246	0	0	false	0	12	0
SAMN56646525	41	17984	plasmid	0.999822425133984	0.9660093510480683	1	1	false	12	0	0
SAMN56646525	42	15377	plasmid	0.9508635198395291	0.4699350715519593	1	1	false	10	2	0
SAMN56646525	43	14987	chromosome	0.0023477360266118638	0.00038964463350717323	0	0	false	1	11	0
SAMN56646525	44	13865	plasmid	0.9666370174996789	0.9050204699639626	1	1	false	10	2	0
SAMN56646525	45	11751	chromosome	0.0005025181506132203	0.00033690900732683964	0	0	false	0	12	0
SAMN56646525	46	11362	plasmid	0.999822425133984	0.9617910987478747	1	1	false	12	0	0
SAMN56646525	47	8413	plasmid	0.9929225458808841	0.7562330054908291	1	1	false	10	2	0
SAMN56646525	48	8411	plasmid	0.9508635198395291	0.31985402818383446	1	1	false	10	2	0
SAMN56646525	49	5266	chromosome	0.0005025181506132203	0.00034381974824296263	0	0	false	0	12	0
SAMN56646525	5	326600	chromosome	2.629307352510889e-05	0.0001747475569751821	0	0	false	0	11	1
SAMN56646525	50	5105	plasmid	0.999822425133984	0.9007032353933848	1	1	false	12	0	0
SAMN56646525	51	4430	chromosome	0.0005025181506132203	0.00034381974824296263	0	0	false	0	12	0
SAMN56646525	52	3271	chromosome	0.0043515984760592406	0.0004929861381150403	0	0	false	2	10	0
SAMN56646525	53	2801	plasmid	0.9931544050611385	0.8444463000759739	1	1	false	11	1	0
SAMN56646525	54	2738	chromosome	0.8488630723085183	0.20325600300868835	0	0	true	9	2	1
SAMN56646525	55	2664	chromosome	2.629307352510889e-05	0.00034381974824296263	0	0	false	0	11	1
SAMN56646525	56	2649	chromosome	0.0005025181506132203	0.00034381974824296263	0	0	false	0	12	0
SAMN56646525	57	2585	plasmid	0.9929225458808841	0.721493285842831	1	1	false	10	2	0
SAMN56646525	58	2052	chromosome	0.9492724375550261	0.20299032391259889	1	0	true	9	3	0
SAMN56646525	59	1889	chromosome	0.0005025181506132203	0.0003174458422049281	0	0	false	0	12	0
SAMN56646525	6	291789	chromosome	0.0005025181506132203	0.0001747475569751821	0	0	false	0	12	0
SAMN56646525	60	1706	plasmid	0.9703096995214244	0.8210858752283638	1	1	false	9	2	1
SAMN56646525	61	1486	plasmid	0.9674910531027611	0.35704724538217975	1	1	false	5	7	0
SAMN56646525	63	1287	plasmid	0.9492724375550261	0.36744909201102893	1	1	false	9	3	0
SAMN56646525	64	1231	chromosome	0.00012599395954687636	0.000685114026500302	0	0	false	1	10	1
SAMN56646525	65	1197	chromosome	0.00012599395954687636	0.000685114026500302	0	0	false	1	10	1
SAMN56646525	7	269205	chromosome	0.0005025181506132203	0.0001747475569751821	0	0	false	0	12	0
SAMN56646525	8	229760	chromosome	2.629307352510889e-05	0.0001747475569751821	0	0	false	0	11	1
SAMN56646525	9	227030	chromosome	0.0005025181506132203	0.0001747475569751821	0	0	false	0	12	0
SAMN59744460	1	622053	chromosome	0.0005025181506132203	0.0009500596940933647	0	0	false	0	12	0
SAMN59744460	10	164347	chromosome	0.0023477360266118638	0.0009500596940933647	0	0	false	1	11	0
SAMN59744460	11	156231	chromosome	0.0005025181506132203	0.0009500596940933647	0	0	false	0	12	0
SAMN59744460	12	154509	chromosome	0.0005025181506132203	0.0009500596940933647	0	0	false	0	12	0
SAMN59744460	13	146718	chromosome	0.0005025181506132203	0.0009500596940933647	0	0	false	0	12	0
SAMN59744460	14	135696	chromosome	0.0005025181506132203	0.0009500596940933647	0	0	false	0	12	0
SAMN59744460	15	109894	chromosome	0.0005025181506132203	0.0009500596940933647	0	0	true	0	12	0
SAMN59744460	16	105275	chromosome	0.0023477360266118638	0.0009500596940933647	0	0	false	1	11	0
SAMN59744460	17	92332	chromosome	0.0005025181506132203	0.0009500596940933647	0	0	false	0	12	0
SAMN59744460	18	91035	chromosome	0.0043515984760592406	0.0011777188554739134	0	0	false	2	10	0
SAMN59744460	19	76785	chromosome	0.0005025181506132203	0.001595984129854671	0	0	false	0	12	0
SAMN59744460	2	532048	chromosome	0.0005025181506132203	0.0009500596940933647	0	0	false	0	12	0
SAMN59744460	20	75086	chromosome	0.0005025181506132203	0.001595984129854671	0	0	false	0	12	0
SAMN59744460	21	64570	chromosome	0.0009329050566734367	0.0011962008291016562	0	0	false	1	11	0
SAMN59744460	22	49743	chromosome	0.0023477360266118638	0.0011962008291016562	0	0	false	1	11	0
SAMN59744460	23	48557	chromosome	0.0005025181506132203	0.0011962008291016562	0	0	false	0	12	0
SAMN59744460	24	48388	chromosome	0.0005025181506132203	0.0011962008291016562	0	0	false	0	12	0
SAMN59744460	25	45884	chromosome	0.0005025181506132203	0.0011962008291016562	0	0	false	0	12	0
SAMN59744460	26	40909	chromosome	0.0005025181506132203	0.0011962008291016562	0	0	false	0	12	0
SAMN59744460	27	36958	chromosome	0.0005025181506132203	0.0011962008291016562	0	0	false	0	12	0
SAMN59744460	28	32181	chromosome	0.0005025181506132203	0.0012773229153878662	0	0	false	0	12	0
SAMN59744460	29	29681	chromosome	0.0005025181506132203	0.0012773229153878662	0	0	false	0	12	0
SAMN59744460	3	322998	chromosome	0.0005025181506132203	0.0009500596940933647	0	0	false	0	12	0
SAMN59744460	30	26726	chromosome	0.0005025181506132203	0.0012773229153878662	0	0	false	0	12	0
SAMN59744460	31	26127	chromosome	0.0005025181506132203	0.0012773229153878662	0	0	false	0	12	0
SAMN59744460	32	23738	chromosome	0.0009329050566734367	0.0012773229153878662	0	0	false	1	11	0
SAMN59744460	33	23471	chromosome	0.0009329050566734367	0.0012773229153878662	0	0	false	1	11	0
SAMN59744460	34	19709	chromosome	0.0005025181506132203	0.001320854027404172	0	0	false	0	12	0
SAMN59744460	35	19543	chromosome	0.0005025181506132203	0.001320854027404172	0	0	false	0	12	0
SAMN59744460	36	19264	chromosome	0.0005025181506132203	0.001320854027404172	0	0	false	0	12	0
SAMN59744460	37	17145	chromosome	0.0043515984760592406	0.001893104547018694	0	0	false	2	10	0
SAMN59744460	38	16852	chromosome	0.014137038622815292	0.033596360042119175	0	0	false	3	9	0
SAMN59744460	39	16832	plasmid	0.9996166454176644	0.9956495309861112	1	1	false	11	0	1
SAMN59744460	4	261305	chromosome	0.0005025181506132203	0.0009500596940933647	0	0	false	0	12	0
SAMN59744460	40	16502	chromosome	0.0009329050566734367	0.0017499740792468077	0	0	false	1	11	0
SAMN59744460	41	16166	chromosome	0.0009329050566734367	0.0017499740792468077	0	0	false	1	11	0
SAMN59744460	42	15375	plasmid	0.9508635198395291	0.9790974764997217	1	1	false	10	2	0
SAMN59744460	43	14144	chromosome	0.0005025181506132203	0.0017499740792468077	0	0	false	0	12	0
SAMN59744460	44	13448	plasmid	0.9508635198395291	0.9764638920380516	1	1	false	10	2	0
SAMN59744460	45	12283	plasmid	0.9508635198395291	0.9764638920380516	1	1	false	10	2	0
SAMN59744460	46	11983	plasmid	0.9508635198395291	0.9764638920380516	1	1	false	10	2	0
SAMN59744460	47	10779	plasmid	0.9508635198395291	0.9764638920380516	1	1	false	10	2	0
SAMN59744460	48	10609	chromosome	0.0009329050566734367	0.0017499740792468077	0	0	false	1	11	0
SAMN59744460	49	10158	chromosome	0.0043515984760592406	0.0025076709532419928	0	0	false	2	10	0
SAMN59744460	5	214460	chromosome	0.0005025181506132203	0.0009500596940933647	0	0	true	0	12	0
SAMN59744460	50	9786	chromosome	0.0023477360266118638	0.002023445969688531	0	0	false	1	11	0
SAMN59744460	51	9717	plasmid	0.9508635198395291	0.975208097279518	1	1	true	10	2	0
SAMN59744460	52	7220	plasmid	0.9508635198395291	0.975208097279518	1	1	false	10	2	0
SAMN59744460	53	5527	chromosome	0.0005025181506132203	0.0017499740792468077	0	0	false	0	12	0
SAMN59744460	54	5032	plasmid	0.7849934510745252	0.9664462147524898	0	1	true	9	3	0
SAMN59744460	55	4923	plasmid	0.9508635198395291	0.9782804437114404	1	1	true	10	2	0
SAMN59744460	56	4701	chromosome	0.0009329050566734367	0.001785818097170428	0	0	false	1	11	0
SAMN59744460	57	4632	plasmid	0.7849934510745252	0.9664462147524898	0	0	false	9	3	0
SAMN59744460	58	4395	plasmid	0.7944342199327958	0.9656110990516318	0	1	true	9	3	0
SAMN59744460	59	4213	chromosome	0.0005025181506132203	0.001785818097170428	0	0	false	0	12	0
SAMN59744460	6	213472	chromosome	0.0005025181506132203	0.0009500596940933647	0	0	false	0	12	0
SAMN59744460	60	4082	plasmid	0.9931544050611385	0.9912010586316363	1	1	false	11	1	0
SAMN59744460	61	3858	chromosome	0.08205545950840865	0.008831329721199432	0	0	false	2	10	0
SAMN59744460	62	3789	plasmid	0.9986702433695193	0.990798662740873	1	1	false	11	1	0
SAMN59744460	63	3282	chromosome	0.0005025181506132203	0.001785818097170428	0	0	false	0	12	0
SAMN59744460	64	2693	chromosome	0.00012599395954687636	0.0023660232760965468	0	0	false	1	10	1
SAMN59744460	65	2597	chromosome	0.00012599395954687636	0.0023660232760965468	0	0	false	1	10	1
SAMN59744460	66	2565	plasmid	0.9996808922850248	0.9653591870315362	1	1	false	10	2	0
SAMN59744460	67	2414	plasmid	0.9492724375550261	0.9443128630214459	1	1	false	9	3	0
SAMN59744460	68	2186	chromosome	0.7792781134159518	0.9431578978476685	0	0	true	8	4	0
SAMN59744460	69	2101	plasmid	0.999822425133984	0.9882545697253449	1	1	false	12	0	0
SAMN59744460	7	210955	chromosome	0.0005025181506132203	0.0009500596940933647	0	0	false	0	12	0
SAMN59744460	70	1774	chromosome	0.0005025181506132203	0.0016490130894969831	0	0	false	0	12	0
SAMN59744460	71	1708	chromosome	0.0004231276172503976	0.03673484073178418	0	0	false	2	9	1
SAMN59744460	72	1676	chromosome	0.12696362670607542	0.9088818565730403	0	0	false	4	8	0
SAMN59744460	73	1343	chromosome	0.06558826216287283	0.009276825189156337	0	0	false	3	7	2
SAMN59744460	74	1314	chromosome	0.00012599395954687636	0.0021848681523780004	0	0	false	1	10	1
SAMN59744460	75	1299	chromosome	0.0015094149246242838	0.009145224740364274	0	0	false	3	7	2
SAMN59744460	76	1274	chromosome	0.0005025181506132203	0.0016490130894969831	0	0	false	0	12	0
SAMN59744460	77	1259	chromosome	0.013227528526758615	0.009612075417961002	0	0	false	3	8	1
SAMN59744460	78	1251	chromosome	0.10618092206265868	0.8281729891004048	0	0	false	6	6	0
SAMN59744460	79	1182	chromosome	0.0013734342506121736	0.00939841164245909	0	0	false	2	9	1
SAMN59744460	8	207830	chromosome	0.0005025181506132203	0.0009500596940933647	0	0	false	0	12	0
SAMN59744460	80	1164	chromosome	0.00012599395954687636	0.0021848681523780004	0	0	false	1	10	1
SAMN59744460	81	1130	chromosome	0.0005025181506132203	0.0016490130894969831	0	0	false	0	12	0
SAMN59744460	82	1046	chromosome	2.629307352510889e-05	0.0016490130894969831	0	0	false	0	11	1
SAMN59744460	83	1006	chromosome	0.0005025181506132203	0.0016490130894969831	0	0	false	0	12	0
SAMN59744460	84	1006	chromosome	0.0005025181506132203	0.0016490130894969831	0	0	false	0	12	0
SAMN59744460	9	196676	chromosome	0.0005025181506132203	0.0009500596940933647	0	0	false	0	12	0
SAMN61074893	1	201843	chromosome	0.0005025181506132203	0.00023923642333645602	0	0	false	0	12	0
SAMN61074893	10	113208	chromosome	0.0005025181506132203	0.00023923642333645602	0	0	false	0	12	0
SAMN61074893	100	4391	plasmid	0.9974633836046694	0.0983623535062502	1	1	false	6	6	0
SAMN61074893	101	4241	chromosome	0.0023477360266118638	0.0003385087897826284	0	0	false	1	11	0
SAMN61074893	102	4240	chromosome	0.0005025181506132203	0.0004065476423197252	0	0	false	0	12	0
SAMN61074893	103	4110	plasmid	0.9343710701839543	0.9261187870942896	1	1	false	9	2	1
SAMN61074893	104	4076	plasmid	0.9931544050611385	0.962884034111763	1	1	false	11	1	0
SAMN61074893	105	4073	plasmid	0.9931544050611385	0.962884034111763	1	1	false	11	1	0
SAMN61074893	106	4029	plasmid	0.9817197815994548	0.0686106327046577	1	1	false	6	6	0
SAMN61074893	107	3854	plasmid	0.9402787710327908	0.9496734233363301	1	1	false	9	1	2
SAMN61074893	108	3744	plasmid	0.9986702433695193	0.9612372787970349	1	1	false	11	1	0
SAMN61074893	109	3658	plasmid	0.9500513350318119	0.8714485557554784	1	1	false	8	4	0
SAMN61074893	11	100463	chromosome	0.0005025181506132203	0.00023923642333645602	0	0	false	0	12	0
SAMN61074893	110	2857	chromosome	0.0043515984760592406	0.00041968591379698485	0	0	false	2	10	0
SAMN61074893	111	2821	plasmid	0.8242539482520607	0.2966735814437225	0	0	false	7	4	1
SAMN61074893	112	2442	plasmid	0.987146047145738	0.542672330708738	1	1	false	9	3	0
SAMN61074893	113	2426	plasmid	0.9383841856029046	0.5273046376385508	1	1	false	8	4	0
SAMN61074893	115	2069	chromosome	0.0023477360266118638	0.0003125421521666648	0	0	false	1	11	0
SAMN61074893	116	1951	chromosome	0.0005025181506132203	0.00037536377878204144	0	0	false	0	12	0
SAMN61074893	117	1946	chromosome	0.00012599395954687636	0.0003582152453078806	0	0	false	1	10	1
SAMN61074893	118	1886	chromosome	0.0006230974243322653	0.00038592654308455614	0	0	false	1	9	2
SAMN61074893	119	1798	plasmid	0.7792781134159518	0.842554404614431	0	0	false	8	4	0
SAMN61074893	12	97416	chromosome	0.0005025181506132203	0.00023923642333645602	0	0	false	0	12	0
SAMN61074893	120	1708	chromosome	0.0004231276172503976	0.008564391112332799	0	0	false	2	9	1
SAMN61074893	121	1698	chromosome	0.0005025181506132203	0.00037536377878204144	0	0	false	0	12	0
SAMN61074893	122	1619	plasmid	0.9974908890856505	0.4297052550629122	1	1	false	9	3	0
SAMN61074893	123	1563	plasmid	0.9760184397863514	0.5311311971534802	1	1	false	7	4	1
SAMN61074893	125	1329	chromosome	0.39711832664819946	0.297718537593525	0	0	false	5	4	3
SAMN61074893	126	1297	chromosome	0.0005025181506132203	0.00037536377878204144	0	0	false	0	12	0
SAMN61074893	127	1282	chromosome	0.0005025181506132203	0.00037536377878204144	0	0	false	0	12	0
SAMN61074893	128	1221	plasmid	0.19521761589680567	0.5950518572271479	0	0	false	4	6	2
SAMN61074893	129	1167	chromosome	0.013227528526758615	0.0008805426658824228	0	0	false	3	8	1
SAMN61074893	13	97011	chromosome	0.0005025181506132203	0.00023923642333645602	0	0	false	0	12	0
SAMN61074893	131	1120	chromosome	0.0006230974243322653	0.00038592654308455614	0	0	false	1	9	2
SAMN61074893	132	1047	plasmid	0.48793662448218494	0.003618836405469643	0	0	false	3	9	0
SAMN61074893	133	1032	chromosome	0.024471395953503606	0.0008608006675578187	0	0	false	2	10	0
SAMN61074893	14	92771	chromosome	0.0005025181506132203	0.00023923642333645602	0	0	false	0	12	0
SAMN61074893	15	92425	chromosome	0.0005025181506132203	0.00023923642333645602	0	0	false	0	12	0
SAMN61074893	16	88131	chromosome	0.0023477360266118638	0.0001722290329540766	0	0	false	1	11	0
SAMN61074893	17	86311	chromosome	0.0023477360266118638	0.0001722290329540766	0	0	false	1	11	0
SAMN61074893	18	83839	chromosome	0.0005025181506132203	0.00023923642333645602	0	0	false	0	12	0
SAMN61074893	19	82082	chromosome	0.0005025181506132203	0.00023923642333645602	0	0	false	0	12	0
SAMN61074893	2	174125	plasmid	0.9975734539370398	0.5891695209344543	1	1	false	10	2	0
SAMN61074893	20	81332	plasmid	0.9986702433695193	0.9787207746176572	1	1	false	11	1	0
SAMN61074893	21	80536	chromosome	0.0005025181506132203	0.00023923642333645602	0	0	false	0	12	0
SAMN61074893	22	78316	chromosome	0.0005025181506132203	0.00023923642333645602	0	0	false	0	12	0
SAMN61074893	23	75435	chromosome	0.0023477360266118638	0.00028947694789186894	0	0	false	1	11	0
SAMN61074893	24	70335	chromosome	0.0005025181506132203	0.0004020824420173793	0	0	false	0	12	0
SAMN61074893	25	68888	chromosome	0.0023477360266118638	0.00028947694789186894	0	0	false	1	11	0
SAMN61074893	26	66323	chromosome	0.0005025181506132203	0.0004020824420173793	0	0	false	0	12	0
SAMN61074893	27	66317	chromosome	0.0005025181506132203	0.0004020824420173793	0	0	false	0	12	0
SAMN61074893	28	65952	chromosome	0.0005025181506132203	0.0004020824420173793	0	0	false	0	12	0
SAMN61074893	29	65936	chromosome	0.0005025181506132203	0.0004020824420173793	0	0	false	0	12	0
SAMN61074893	3	160491	chromosome	0.0005025181506132203	0.00023923642333645602	0	0	false	0	12	0
SAMN61074893	30	62000	chromosome	0.0005025181506132203	0.0002721950635373917	0	0	false	0	12	0
SAMN61074893	31	60223	chromosome	0.0023477360266118638	0.00019595814377191116	0	0	false	1	11	0
SAMN61074893	32	58995	chromosome	0.0005025181506132203	0.0002721950635373917	0	0	false	0	12	0
SAMN61074893	33	58900	chromosome	0.0023477360266118638	0.00019595814377191116	0	0	false	1	11	0
SAMN61074893	34	57378	chromosome	0.0005025181506132203	0.0002721950635373917	0	0	false	0	12	0
SAMN61074893	35	56547	plasmid	0.9508635198395291	0.9432023545193051	1	1	false	10	2	0
SAMN61074893	36	55429	chromosome	0.0005025181506132203	0.0002721950635373917	0	0	false	0	12	0
SAMN61074893	37	55016	chromosome	0.0005025181506132203	0.0002721950635373917	0	0	false	0	12	0
SAMN61074893	38	54862	chromosome	0.0005025181506132203	0.0002721950635373917	0	0	false	0	12	0
SAMN61074893	39	51170	chromosome	0.014137038622815292	0.00594499952560501	0	0	false	3	9	0
SAMN61074893	4	159694	chromosome	0.0005025181506132203	0.00023923642333645602	0	0	false	0	12	0
SAMN61074893	40	50944	chromosome	0.0005025181506132203	0.0002721950635373917	0	0	false	0	12	0
SAMN61074893	41	49710	chromosome	0.0005025181506132203	0.0002721950635373917	0	0	false	0	12	0
SAMN61074893	42	49380	chromosome	0.0043515984760592406	0.00024295878734115623	0	0	false	2	10	0
SAMN61074893	43	49318	chromosome	0.0005025181506132203	0.0002721950635373917	0	0	false	0	12	0
SAMN61074893	44	47796	plasmid	0.9857017881103314	0.9674270945041537	1	1	false	9	2	1
SAMN61074893	45	47505	chromosome	0.0005025181506132203	0.0002721950635373917	0	0	false	0	12	0
SAMN61074893	46	47219	chromosome	0.0005025181506132203	0.0002721950635373917	0	0	false	0	12	0
SAMN61074893	47	46682	chromosome	0.0005025181506132203	0.0002721950635373917	0	0	false	0	12	0
SAMN61074893	48	42298	chromosome	0.0005025181506132203	0.0002721950635373917	0	0	false	0	12	0
SAMN61074893	49	41966	plasmid	0.9929919758226197	0.9432023545193051	1	0	true	10	2	0
SAMN61074893	5	144011	chromosome	0.0023477360266118638	0.0001722290329540766	0	0	false	1	11	0
SAMN61074893	50	39937	chromosome	0.0005025181506132203	0.0002721950635373917	0	0	false	0	12	0
SAMN61074893	51	38281	chromosome	2.629307352510889e-05	0.0002721950635373917	0	0	false	0	11	1
SAMN61074893	52	35900	chromosome	0.0005025181506132203	0.0002721950635373917	0	0	false	0	12	0
SAMN61074893	53	34810	chromosome	0.0005025181506132203	0.0002906726009320452	0	0	false	0	12	0
SAMN61074893	54	33859	chromosome	0.0009329050566734367	0.0002906726009320452	0	0	false	1	11	0
SAMN61074893	55	30890	chromosome	0.0005025181506132203	0.0002906726009320452	0	0	false	0	12	0
SAMN61074893	56	30494	plasmid	0.0047632320085462835	0.0002906726009320452	0	0	false	1	11	0
SAMN61074893	57	29652	chromosome	0.0005025181506132203	0.0002906726009320452	0	0	false	0	12	0
SAMN61074893	58	28748	chromosome	0.0005025181506132203	0.0002906726009320452	0	0	false	0	12	0
SAMN61074893	59	27633	chromosome	0.0005025181506132203	0.0002906726009320452	0	0	false	0	12	0
SAMN61074893	6	137977	chromosome	0.0005025181506132203	0.00023923642333645602	0	0	false	0	12	0
SAMN61074893	60	26974	chromosome	0.0005025181506132203	0.0002906726009320452	0	0	false	0	12	0
SAMN61074893	61	26853	chromosome	0.0009329050566734367	0.0002906726009320452	0	0	false	1	11	0
SAMN61074893	62	26584	chromosome	0.0005025181506132203	0.0002906726009320452	0	0	false	0	12	0
SAMN61074893	63	25399	chromosome	0.0023477360266118638	0.00024202162611822794	0	0	false	1	11	0
SAMN61074893	64	25267	chromosome	0.0005025181506132203	0.0002906726009320452	0	0	false	0	12	0
SAMN61074893	65	25161	chromosome	0.0005025181506132203	0.0002906726009320452	0	0	false	0	12	0
SAMN61074893	66	23482	chromosome	0.0005025181506132203	0.0002906726009320452	0	0	false	0	12	0
SAMN61074893	67	23035	chromosome	0.0005025181506132203	0.0002906726009320452	0	0	false	0	12	0
SAMN61074893	68	22561	chromosome	0.0005025181506132203	0.0002906726009320452	0	0	false	0	12	0
SAMN61074893	69	21290	plasmid	0.46943185639990775	0.7669544791684422	0	0	false	8	4	0
SAMN61074893	7	128746	chromosome	0.0005025181506132203	0.00023923642333645602	0	0	false	0	12	0
SAMN61074893	70	19990	chromosome	0.0009329050566734367	0.00030058883135135003	0	0	false	1	11	0
SAMN61074893	71	19976	chromosome	0.0005025181506132203	0.00030058883135135003	0	0	false	0	12	0
SAMN61074893	72	19275	chromosome	0.0005025181506132203	0.00030058883135135003	0	0	false	0	12	0
SAMN61074893	73	18857	chromosome	0.0005025181506132203	0.00030058883135135003	0	0	false	0	12	0
SAMN61074893	74	16797	chromosome	0.0009329050566734367	0.00039837657976049247	0	0	false	1	11	0
SAMN61074893	75	16626	chromosome	0.0005025181506132203	0.00039837657976049247	0	0	false	0	12	0
SAMN61074893	76	16155	chromosome	0.0005025181506132203	0.00039837657976049247	0	0	false	0	12	0
SAMN61074893	77	15771	plasmid	0.9875611016740817	0.43305126389240567	1	1	false	8	4	0
SAMN61074893	78	15165	chromosome	0.0009329050566734367	0.00039837657976049247	0	0	false	1	11	0
SAMN61074893	79	14386	chromosome	0.0005025181506132203	0.00039837657976049247	0	0	false	0	12	0
SAMN61074893	8	125040	chromosome	0.0005025181506132203	0.00023923642333645602	0	0	false	0	12	0
SAMN61074893	80	13950	chromosome	0.0005025181506132203	0.00039837657976049247	0	0	false	0	12	0
SAMN61074893	81	13508	plasmid	0.9961799026235114	0.27813800442183234	1	1	false	5	6	1
SAMN61074893	82	13420	chromosome	0.0005025181506132203	0.00039837657976049247	0	0	false	0	12	0
SAMN61074893	83	13104	plasmid	0.4777938961559145	0.6543938309854889	0	0	false	9	3	0
SAMN61074893	84	12965	chromosome	0.0009329050566734367	0.00039837657976049247	0	0	false	1	11	0
SAMN61074893	85	11333	chromosome	0.0043515984760592406	0.00041125089823506754	0	0	false	2	10	0
SAMN61074893	86	10380	plasmid	0.9137413354205492	0.43907736563257915	0	0	false	9	3	0
SAMN61074893	87	9913	chromosome	0.0043515984760592406	0.00041125089823506754	0	0	false	2	10	0
SAMN61074893	88	9747	chromosome	0.0009329050566734367	0.00039837657976049247	0	0	false	1	11	0
SAMN61074893	89	8323	chromosome	0.0005025181506132203	0.00039837657976049247	0	0	false	0	12	0
SAMN61074893	9	124193	chromosome	0.0005025181506132203	0.00023923642333645602	0	0	false	0	12	0
SAMN61074893	90	7906	chromosome	0.0009329050566734367	0.00039837657976049247	0	0	false	1	11	0
SAMN61074893	91	7706	chromosome	0.0009329050566734367	0.00039837657976049247	0	0	false	1	11	0
SAMN61074893	92	7519	chromosome	0.0005025181506132203	0.00039837657976049247	0	0	false	0	12	0
SAMN61074893	93	6919	chromosome	0.0005025181506132203	0.00039837657976049247	0	0	false	0	12	0
SAMN61074893	94	6433	chromosome	0.0023477360266118638	0.0003317047631535391	0	0	false	1	11	0
SAMN61074893	95	5968	chromosome	0.0005025181506132203	0.00039837657976049247	0	0	false	0	12	0
SAMN61074893	96	5746	chromosome	0.0005025181506132203	0.00039837657976049247	0	0	false	0	12	0
SAMN61074893	97	5733	chromosome	0.0005025181506132203	0.00039837657976049247	0	0	false	0	12	0
SAMN61074893	98	5538	chromosome	0.0009329050566734367	0.00039837657976049247	0	0	false	1	11	0
SAMN61074893	99	4971	chromosome	0.0009329050566734367	0.0004065476423197252	0	0	false	1	11	0
