model	threshold	TPR_recall	FPR	precision
v1.2-General	0.9998869742	0.000827	0.000000	1.000000
v1.2-General	0.9998224251	0.003309	0.000000	1.000000
v1.2-General	0.9998224251	0.005790	0.000000	1.000000
v1.2-General	0.9998224251	0.008271	0.000000	1.000000
v1.2-General	0.9998224251	0.010753	0.000000	1.000000
v1.2-General	0.9998224251	0.013234	0.000000	1.000000
v1.2-General	0.9998224251	0.015715	0.000000	1.000000
v1.2-General	0.9998224251	0.018197	0.000000	1.000000
v1.2-General	0.9998224251	0.020678	0.000000	1.000000
v1.2-General	0.9998224251	0.023160	0.000000	1.000000
v1.2-General	0.9998224251	0.025641	0.000000	1.000000
v1.2-General	0.9998224251	0.028122	0.000000	1.000000
v1.2-General	0.9998224251	0.030604	0.000000	1.000000
v1.2-General	0.9998224251	0.033085	0.000000	1.000000
v1.2-General	0.9998224251	0.035567	0.000000	1.000000
v1.2-General	0.9998224251	0.038048	0.000000	1.000000
v1.2-General	0.9998224251	0.040529	0.000000	1.000000
v1.2-General	0.9998224251	0.043011	0.000000	1.000000
v1.2-General	0.9998224251	0.045492	0.000000	1.000000
v1.2-General	0.9998224251	0.047974	0.000000	1.000000
v1.2-General	0.9998224251	0.050455	0.000000	1.000000
v1.2-General	0.9998224251	0.052936	0.000000	1.000000
v1.2-General	0.9998224251	0.055418	0.000000	1.000000
v1.2-General	0.9998224251	0.057899	0.000000	1.000000
v1.2-General	0.9998224251	0.060380	0.000000	1.000000
v1.2-General	0.9998224251	0.062862	0.000000	1.000000
v1.2-General	0.9998224251	0.065343	0.000000	1.000000
v1.2-General	0.9998224251	0.067825	0.000000	1.000000
v1.2-General	0.9998224251	0.070306	0.000000	1.000000
v1.2-General	0.9998224251	0.072787	0.000000	1.000000
v1.2-General	0.9998224251	0.075269	0.000000	1.000000
v1.2-General	0.9998224251	0.077750	0.000000	1.000000
v1.2-General	0.9998224251	0.080232	0.000000	1.000000
v1.2-General	0.9998224251	0.082713	0.000000	1.000000
v1.2-General	0.9998224251	0.085194	0.000000	1.000000
v1.2-General	0.9998163689	0.087676	0.000000	1.000000
v1.2-General	0.9997559779	0.090157	0.000000	1.000000
v1.2-General	0.9996808923	0.092639	0.000000	1.000000
v1.2-General	0.9996756519	0.095120	0.000000	1.000000
v1.2-General	0.9996756519	0.097601	0.000000	1.000000
v1.2-General	0.9996756519	0.100083	0.000000	1.000000
v1.2-General	0.9996756519	0.102564	0.000000	1.000000
v1.2-General	0.9996756519	0.105045	0.000000	1.000000
v1.2-General	0.9996756519	0.107527	0.000000	1.000000
v1.2-General	0.9996756519	0.110008	0.000000	1.000000
v1.2-General	0.9996756519	0.112490	0.000000	1.000000
v1.2-General	0.9996645917	0.114971	0.000000	1.000000
v1.2-General	0.9996166454	0.117452	0.000000	1.000000
v1.2-General	0.9996166454	0.119934	0.000000	1.000000
v1.2-General	0.9996166454	0.122415	0.000000	1.000000
v1.2-General	0.9991916787	0.124897	0.000000	1.000000
v1.2-General	0.9991916787	0.127378	0.000000	1.000000
v1.2-General	0.9991779582	0.129859	0.000000	1.000000
v1.2-General	0.9991779582	0.132341	0.000000	1.000000
v1.2-General	0.9991114547	0.134822	0.000000	1.000000
v1.2-General	0.9986702434	0.137304	0.000000	1.000000
v1.2-General	0.9986702434	0.139785	0.000000	1.000000
v1.2-General	0.9986702434	0.142266	0.000000	1.000000
v1.2-General	0.9986702434	0.144748	0.000000	1.000000
v1.2-General	0.9986702434	0.147229	0.000000	1.000000
v1.2-General	0.9986702434	0.149711	0.000000	1.000000
v1.2-General	0.9986702434	0.152192	0.000000	1.000000
v1.2-General	0.9986702434	0.153846	0.000166	0.994652
v1.2-General	0.9986702434	0.155500	0.000331	0.989474
v1.2-General	0.9986702434	0.157155	0.000497	0.984456
v1.2-General	0.9986702434	0.159636	0.000497	0.984694
v1.2-General	0.9986702434	0.162117	0.000497	0.984925
v1.2-General	0.9986702434	0.164599	0.000497	0.985149
v1.2-General	0.9986702434	0.167080	0.000497	0.985366
v1.2-General	0.9986249461	0.169562	0.000497	0.985577
v1.2-General	0.9986249461	0.172043	0.000497	0.985782
v1.2-General	0.9982247986	0.174524	0.000497	0.985981
v1.2-General	0.9980305553	0.177006	0.000497	0.986175
v1.2-General	0.9975926181	0.179487	0.000497	0.986364
v1.2-General	0.9975734539	0.181969	0.000497	0.986547
v1.2-General	0.9975107037	0.184450	0.000497	0.986726
v1.2-General	0.9975107037	0.186931	0.000497	0.986900
v1.2-General	0.9974908891	0.189413	0.000497	0.987069
v1.2-General	0.9974633836	0.191894	0.000497	0.987234
v1.2-General	0.9957591807	0.194376	0.000497	0.987395
v1.2-General	0.9956109047	0.196857	0.000497	0.987552
v1.2-General	0.9953553148	0.199338	0.000497	0.987705
v1.2-General	0.9941465753	0.201820	0.000497	0.987854
v1.2-General	0.9938299376	0.203474	0.000663	0.984000
v1.2-General	0.9932642969	0.205955	0.000663	0.984190
v1.2-General	0.9932642969	0.208437	0.000663	0.984375
v1.2-General	0.9932642969	0.210918	0.000663	0.984556
v1.2-General	0.9932642969	0.213400	0.000663	0.984733
v1.2-General	0.9931544051	0.215881	0.000663	0.984906
v1.2-General	0.9931544051	0.218362	0.000663	0.985075
v1.2-General	0.9931544051	0.220844	0.000663	0.985240
v1.2-General	0.9931544051	0.223325	0.000663	0.985401
v1.2-General	0.9931544051	0.225806	0.000663	0.985560
v1.2-General	0.9931544051	0.228288	0.000663	0.985714
v1.2-General	0.9931544051	0.230769	0.000663	0.985866
v1.2-General	0.9931544051	0.233251	0.000663	0.986014
v1.2-General	0.9931544051	0.235732	0.000663	0.986159
v1.2-General	0.9931544051	0.238213	0.000663	0.986301
v1.2-General	0.9931544051	0.240695	0.000663	0.986441
v1.2-General	0.9931544051	0.243176	0.000663	0.986577
v1.2-General	0.9931544051	0.245658	0.000663	0.986711
v1.2-General	0.9931544051	0.248139	0.000663	0.986842
v1.2-General	0.9931544051	0.250620	0.000663	0.986971
v1.2-General	0.9931544051	0.253102	0.000663	0.987097
v1.2-General	0.9931544051	0.255583	0.000663	0.987220
v1.2-General	0.9931544051	0.258065	0.000663	0.987342
v1.2-General	0.9931544051	0.260546	0.000663	0.987461
v1.2-General	0.9931544051	0.263027	0.000663	0.987578
v1.2-General	0.9931544051	0.265509	0.000663	0.987692
v1.2-General	0.9931544051	0.267990	0.000663	0.987805
v1.2-General	0.9931544051	0.270471	0.000663	0.987915
v1.2-General	0.9931544051	0.272953	0.000663	0.988024
v1.2-General	0.9931544051	0.275434	0.000663	0.988131
v1.2-General	0.9931544051	0.277916	0.000663	0.988235
v1.2-General	0.9931544051	0.280397	0.000663	0.988338
v1.2-General	0.9931544051	0.282878	0.000663	0.988439
v1.2-General	0.9931544051	0.285360	0.000663	0.988539
v1.2-General	0.9931544051	0.287841	0.000663	0.988636
v1.2-General	0.9931544051	0.290323	0.000663	0.988732
v1.2-General	0.9931544051	0.292804	0.000663	0.988827
v1.2-General	0.9931544051	0.295285	0.000663	0.988920
v1.2-General	0.9931544051	0.297767	0.000663	0.989011
v1.2-General	0.9931544051	0.300248	0.000663	0.989101
v1.2-General	0.9931544051	0.302730	0.000663	0.989189
v1.2-General	0.9931544051	0.305211	0.000663	0.989276
v1.2-General	0.9931544051	0.307692	0.000663	0.989362
v1.2-General	0.9931544051	0.310174	0.000663	0.989446
v1.2-General	0.9931544051	0.311828	0.000829	0.986911
v1.2-General	0.9931544051	0.314309	0.000829	0.987013
v1.2-General	0.9931544051	0.316791	0.000829	0.987113
v1.2-General	0.9931544051	0.319272	0.000829	0.987212
v1.2-General	0.9931544051	0.321754	0.000829	0.987310
v1.2-General	0.9931544051	0.324235	0.000829	0.987406
v1.2-General	0.9931544051	0.326716	0.000829	0.987500
v1.2-General	0.9931544051	0.329198	0.000829	0.987593
v1.2-General	0.9931544051	0.331679	0.000829	0.987685
v1.2-General	0.9931544051	0.334160	0.000829	0.987775
v1.2-General	0.9931544051	0.336642	0.000829	0.987864
v1.2-General	0.9931544051	0.339123	0.000829	0.987952
v1.2-General	0.9931544051	0.341605	0.000829	0.988038
v1.2-General	0.9931544051	0.344086	0.000829	0.988124
v1.2-General	0.9931544051	0.346567	0.000829	0.988208
v1.2-General	0.9931544051	0.349049	0.000829	0.988290
v1.2-General	0.9931544051	0.351530	0.000829	0.988372
v1.2-General	0.9931544051	0.354012	0.000829	0.988453
v1.2-General	0.9931544051	0.356493	0.000829	0.988532
v1.2-General	0.9931544051	0.358974	0.000829	0.988610
v1.2-General	0.9931544051	0.361456	0.000829	0.988688
v1.2-General	0.9931544051	0.363937	0.000829	0.988764
v1.2-General	0.9930361336	0.366419	0.000829	0.988839
v1.2-General	0.9930361336	0.368900	0.000829	0.988914
v1.2-General	0.9930361336	0.371381	0.000829	0.988987
v1.2-General	0.9930361336	0.373863	0.000829	0.989059
v1.2-General	0.9930361336	0.376344	0.000829	0.989130
v1.2-General	0.9930361336	0.378825	0.000829	0.989201
v1.2-General	0.9929919758	0.381307	0.000829	0.989270
v1.2-General	0.9929225459	0.383788	0.000829	0.989339
v1.2-General	0.9929225459	0.386270	0.000829	0.989407
v1.2-General	0.9929225459	0.388751	0.000829	0.989474
v1.2-General	0.9929225459	0.391232	0.000829	0.989540
v1.2-General	0.9929225459	0.393714	0.000829	0.989605
v1.2-General	0.9929225459	0.396195	0.000829	0.989669
v1.2-General	0.9929225459	0.398677	0.000829	0.989733
v1.2-General	0.9929225459	0.401158	0.000829	0.989796
v1.2-General	0.9929225459	0.403639	0.000829	0.989858
v1.2-General	0.9929225459	0.406121	0.000829	0.989919
v1.2-General	0.9929225459	0.408602	0.000829	0.989980
v1.2-General	0.9929225459	0.411084	0.000829	0.990040
v1.2-General	0.9929225459	0.413565	0.000829	0.990099
v1.2-General	0.9929225459	0.416046	0.000829	0.990157
v1.2-General	0.9929225459	0.418528	0.000829	0.990215
v1.2-General	0.9929225459	0.421009	0.000829	0.990272
v1.2-General	0.9929225459	0.423490	0.000829	0.990329
v1.2-General	0.9929225459	0.425972	0.000829	0.990385
v1.2-General	0.9929225459	0.428453	0.000829	0.990440
v1.2-General	0.9929225459	0.430935	0.000829	0.990494
v1.2-General	0.9927570008	0.433416	0.000829	0.990548
v1.2-General	0.9925035768	0.435897	0.000829	0.990602
v1.2-General	0.9924192184	0.438379	0.000829	0.990654
v1.2-General	0.9924192184	0.440860	0.000829	0.990706
v1.2-General	0.9924192184	0.443342	0.000829	0.990758
v1.2-General	0.9923897083	0.445823	0.000829	0.990809
v1.2-General	0.991688754	0.447477	0.000994	0.989031
v1.2-General	0.9891515757	0.449959	0.000994	0.989091
v1.2-General	0.9875647759	0.452440	0.000994	0.989150
v1.2-General	0.9875647759	0.454921	0.000994	0.989209
v1.2-General	0.9875647759	0.457403	0.000994	0.989267
v1.2-General	0.9875647759	0.459884	0.000994	0.989324
v1.2-General	0.9873511622	0.462366	0.000994	0.989381
v1.2-General	0.9873511622	0.464847	0.000994	0.989437
v1.2-General	0.9871460471	0.467328	0.000994	0.989492
v1.2-General	0.9871460471	0.469810	0.000994	0.989547
v1.2-General	0.9871460471	0.472291	0.000994	0.989601
v1.2-General	0.9866339997	0.474773	0.000994	0.989655
v1.2-General	0.9863347626	0.477254	0.000994	0.989708
v1.2-General	0.9857568595	0.478908	0.001160	0.988055
v1.2-General	0.9857568595	0.480562	0.001326	0.986418
v1.2-General	0.9857568595	0.483044	0.001326	0.986486
v1.2-General	0.9857568595	0.484698	0.001491	0.984874
v1.2-General	0.9857568595	0.487179	0.001491	0.984950
v1.2-General	0.9857568595	0.489661	0.001491	0.985025
v1.2-General	0.9857568595	0.492142	0.001491	0.985099
v1.2-General	0.9857568595	0.494624	0.001491	0.985173
v1.2-General	0.9857017881	0.497105	0.001491	0.985246
v1.2-General	0.9857017881	0.499586	0.001491	0.985318
v1.2-General	0.9837735867	0.501241	0.001657	0.983766
v1.2-General	0.9817197816	0.503722	0.001657	0.983845
v1.2-General	0.9795702159	0.506203	0.001657	0.983923
v1.2-General	0.9771684888	0.508685	0.001657	0.984000
v1.2-General	0.9760184398	0.511166	0.001657	0.984076
v1.2-General	0.9750153106	0.511993	0.001988	0.980983
v1.2-General	0.9749197634	0.513648	0.002154	0.979495
v1.2-General	0.9725448915	0.515302	0.002320	0.978022
v1.2-General	0.9717122553	0.517783	0.002320	0.978125
v1.2-General	0.9716044444	0.520265	0.002320	0.978227
v1.2-General	0.9712455192	0.522746	0.002320	0.978328
v1.2-General	0.9704222766	0.524400	0.002486	0.976888
v1.2-General	0.9704222766	0.526882	0.002486	0.976994
v1.2-General	0.9704222766	0.529363	0.002486	0.977099
v1.2-General	0.9704222766	0.531844	0.002486	0.977204
v1.2-General	0.9704222766	0.534326	0.002486	0.977307
v1.2-General	0.9703096995	0.536807	0.002486	0.977410
v1.2-General	0.9703096995	0.539289	0.002486	0.977511
v1.2-General	0.9703096995	0.541770	0.002486	0.977612
v1.2-General	0.9703096995	0.544251	0.002486	0.977712
v1.2-General	0.9703096995	0.546733	0.002486	0.977811
v1.2-General	0.9703096995	0.549214	0.002486	0.977909
v1.2-General	0.9699349149	0.551696	0.002486	0.978006
v1.2-General	0.9699349149	0.554177	0.002486	0.978102
v1.2-General	0.9699349149	0.556658	0.002486	0.978198
v1.2-General	0.9699349149	0.559140	0.002486	0.978292
v1.2-General	0.9699349149	0.561621	0.002486	0.978386
v1.2-General	0.9674910531	0.564103	0.002486	0.978479
v1.2-General	0.9674910531	0.565757	0.002651	0.977143
v1.2-General	0.9669791725	0.568238	0.002651	0.977240
v1.2-General	0.9666370175	0.570720	0.002651	0.977337
v1.2-General	0.9666370175	0.573201	0.002651	0.977433
v1.2-General	0.9666370175	0.575682	0.002651	0.977528
v1.2-General	0.9655929464	0.578164	0.002651	0.977622
v1.2-General	0.9655381836	0.580645	0.002651	0.977716
v1.2-General	0.9655381836	0.583127	0.002651	0.977809
v1.2-General	0.9655381836	0.585608	0.002651	0.977901
v1.2-General	0.9653037989	0.588089	0.002651	0.977992
v1.2-General	0.9647539238	0.590571	0.002651	0.978082
v1.2-General	0.9647539238	0.593052	0.002651	0.978172
v1.2-General	0.9647539238	0.595533	0.002651	0.978261
v1.2-General	0.9647539238	0.598015	0.002651	0.978349
v1.2-General	0.9647539238	0.600496	0.002651	0.978437
v1.2-General	0.9647539238	0.602978	0.002651	0.978523
v1.2-General	0.9647539238	0.605459	0.002651	0.978610
v1.2-General	0.9647539238	0.607940	0.002651	0.978695
v1.2-General	0.9641626824	0.610422	0.002651	0.978780
v1.2-General	0.9635954046	0.612903	0.002651	0.978864
v1.2-General	0.9635954046	0.615385	0.002651	0.978947
v1.2-General	0.962589302	0.617866	0.002651	0.979030
v1.2-General	0.9597248306	0.620347	0.002651	0.979112
v1.2-General	0.9597248306	0.622829	0.002651	0.979194
v1.2-General	0.9516192321	0.624483	0.002817	0.977979
v1.2-General	0.9508635198	0.626137	0.002983	0.976774
v1.2-General	0.9508635198	0.628619	0.002983	0.976864
v1.2-General	0.9508635198	0.629446	0.003314	0.974392
v1.2-General	0.9508635198	0.631100	0.003480	0.973214
v1.2-General	0.9508635198	0.633581	0.003480	0.973316
v1.2-General	0.9508635198	0.636063	0.003480	0.973418
v1.2-General	0.9508635198	0.638544	0.003480	0.973518
v1.2-General	0.9508635198	0.641026	0.003480	0.973618
v1.2-General	0.9508635198	0.643507	0.003480	0.973717
v1.2-General	0.9508635198	0.645988	0.003480	0.973815
v1.2-General	0.9508635198	0.648470	0.003480	0.973913
v1.2-General	0.9508635198	0.650951	0.003480	0.974010
v1.2-General	0.9508635198	0.653433	0.003480	0.974106
v1.2-General	0.9508635198	0.655087	0.003645	0.972973
v1.2-General	0.9508635198	0.657568	0.003645	0.973072
v1.2-General	0.9508635198	0.660050	0.003645	0.973171
v1.2-General	0.9508635198	0.662531	0.003645	0.973269
v1.2-General	0.9508635198	0.663358	0.003977	0.970944
v1.2-General	0.9508635198	0.664185	0.004308	0.968637
v1.2-General	0.9508635198	0.666667	0.004308	0.968750
v1.2-General	0.9508635198	0.669148	0.004308	0.968862
v1.2-General	0.9508635198	0.671629	0.004308	0.968974
v1.2-General	0.9508635198	0.673284	0.004474	0.967895
v1.2-General	0.9508635198	0.675765	0.004474	0.968009
v1.2-General	0.9508635198	0.677419	0.004640	0.966942
v1.2-General	0.9508635198	0.679901	0.004640	0.967059
v1.2-General	0.9508635198	0.682382	0.004640	0.967175
v1.2-General	0.9508635198	0.684864	0.004640	0.967290
v1.2-General	0.9508635198	0.687345	0.004640	0.967404
v1.2-General	0.9508635198	0.689826	0.004640	0.967517
v1.2-General	0.9508635198	0.692308	0.004640	0.967630
v1.2-General	0.9508635198	0.694789	0.004640	0.967742
v1.2-General	0.9507233033	0.697270	0.004640	0.967853
v1.2-General	0.9506805552	0.699752	0.004640	0.967963
v1.2-General	0.950051335	0.702233	0.004640	0.968073
v1.2-General	0.950051335	0.704715	0.004640	0.968182
v1.2-General	0.950051335	0.707196	0.004640	0.968290
v1.2-General	0.9492724376	0.709677	0.004640	0.968397
v1.2-General	0.9492724376	0.711332	0.004805	0.967379
v1.2-General	0.9492724376	0.713813	0.004805	0.967489
v1.2-General	0.9492724376	0.716294	0.004805	0.967598
v1.2-General	0.9492724376	0.717122	0.005137	0.965479
v1.2-General	0.9492724376	0.719603	0.005137	0.965594
v1.2-General	0.9492724376	0.721257	0.005302	0.964602
v1.2-General	0.9476981921	0.723739	0.005302	0.964719
v1.2-General	0.9473321609	0.726220	0.005302	0.964835
v1.2-General	0.9473321609	0.728701	0.005302	0.964951
v1.2-General	0.9473321609	0.731183	0.005302	0.965066
v1.2-General	0.9460733659	0.733664	0.005302	0.965180
v1.2-General	0.9460733659	0.736146	0.005302	0.965293
v1.2-General	0.9439675826	0.738627	0.005302	0.965405
v1.2-General	0.9420308381	0.741108	0.005302	0.965517
v1.2-General	0.9420308381	0.743590	0.005302	0.965628
v1.2-General	0.9406882464	0.746071	0.005302	0.965739
v1.2-General	0.9406882464	0.748553	0.005302	0.965848
v1.2-General	0.940278771	0.751034	0.005302	0.965957
v1.2-General	0.9387888902	0.753515	0.005302	0.966066
v1.2-General	0.9383841856	0.755997	0.005302	0.966173
v1.2-General	0.9374353323	0.758478	0.005302	0.966280
v1.2-General	0.9374353323	0.760959	0.005302	0.966387
v1.2-General	0.9374353323	0.763441	0.005302	0.966492
v1.2-General	0.9374353323	0.765922	0.005302	0.966597
v1.2-General	0.9374353323	0.768404	0.005302	0.966701
v1.2-General	0.936416033	0.770885	0.005302	0.966805
v1.2-General	0.934596282	0.773366	0.005302	0.966908
v1.2-General	0.9343710702	0.775848	0.005302	0.967010
v1.2-General	0.9334544901	0.777502	0.005468	0.966084
v1.2-General	0.9277141959	0.779156	0.005634	0.965164
v1.2-General	0.9276949579	0.781638	0.005634	0.965271
v1.2-General	0.9137413354	0.782465	0.005965	0.963340
v1.2-General	0.9137413354	0.784946	0.005965	0.963452
v1.2-General	0.9137413354	0.787428	0.005965	0.963563
v1.2-General	0.9137413354	0.789082	0.006131	0.962664
v1.2-General	0.913432727	0.790736	0.006297	0.961771
v1.2-General	0.9123720989	0.793218	0.006297	0.961886
v1.2-General	0.9123720989	0.795699	0.006297	0.962000
v1.2-General	0.9123720989	0.798180	0.006297	0.962114
v1.2-General	0.9110606383	0.800662	0.006297	0.962227
v1.2-General	0.9110606383	0.802316	0.006462	0.961348
v1.2-General	0.9102507488	0.804797	0.006462	0.961462
v1.2-General	0.9099304069	0.807279	0.006462	0.961576
v1.2-General	0.9065895288	0.809760	0.006462	0.961690
v1.2-General	0.9007028962	0.812242	0.006462	0.961802
v1.2-General	0.9007028962	0.813896	0.006628	0.960938
v1.2-General	0.8835057082	0.815550	0.006794	0.960078
v1.2-General	0.8835057082	0.817204	0.006959	0.959223
v1.2-General	0.872764836	0.819686	0.006959	0.959342
v1.2-General	0.8705147387	0.822167	0.006959	0.959459
v1.2-General	0.8705147387	0.824648	0.006959	0.959577
v1.2-General	0.8624429134	0.827130	0.006959	0.959693
v1.2-General	0.8565617401	0.827957	0.007291	0.957895
v1.2-General	0.853881943	0.830438	0.007291	0.958015
v1.2-General	0.849433458	0.832920	0.007291	0.958135
v1.2-General	0.8467765311	0.833747	0.007622	0.956357
v1.2-General	0.8453536497	0.836228	0.007622	0.956481
v1.2-General	0.8410943053	0.838710	0.007622	0.956604
v1.2-General	0.8286688088	0.840364	0.007788	0.955786
v1.2-General	0.8242539483	0.842845	0.007788	0.955910
v1.2-General	0.8184416904	0.845327	0.007788	0.956034
v1.2-General	0.8178592259	0.846981	0.007954	0.955224
v1.2-General	0.8178592259	0.849462	0.007954	0.955349
v1.2-General	0.8161493282	0.851944	0.007954	0.955473
v1.2-General	0.8036080608	0.854425	0.007954	0.955597
v1.2-General	0.7944342199	0.856907	0.007954	0.955720
v1.2-General	0.7944342199	0.858561	0.008119	0.954922
v1.2-General	0.7944342199	0.861042	0.008119	0.955046
v1.2-General	0.7944342199	0.863524	0.008119	0.955169
v1.2-General	0.7944342199	0.866005	0.008119	0.955292
v1.2-General	0.7944342199	0.867659	0.008285	0.954504
v1.2-General	0.7944342199	0.870141	0.008285	0.954628
v1.2-General	0.7889023521	0.872622	0.008285	0.954751
v1.2-General	0.7889023521	0.875103	0.008285	0.954874
v1.2-General	0.7884700606	0.877585	0.008285	0.954995
v1.2-General	0.7875689536	0.879239	0.008451	0.954219
v1.2-General	0.7849934511	0.881720	0.008451	0.954342
v1.2-General	0.7849934511	0.883375	0.008616	0.953571
v1.2-General	0.7849934511	0.885029	0.008782	0.952805
v1.2-General	0.7849934511	0.887510	0.008782	0.952931
v1.2-General	0.7820679523	0.889992	0.008782	0.953056
v1.2-General	0.7792781134	0.891646	0.008948	0.952297
v1.2-General	0.7792781134	0.891646	0.009445	0.949780
v1.2-General	0.7759819265	0.894127	0.009445	0.949912
v1.2-General	0.7705103438	0.894127	0.009942	0.947415
v1.2-General	0.7495178319	0.896609	0.009942	0.947552
v1.2-General	0.7495178319	0.899090	0.009942	0.947690
v1.2-General	0.7495178319	0.901572	0.009942	0.947826
v1.2-General	0.7345287458	0.903226	0.010108	0.947095
v1.2-General	0.7168654631	0.904880	0.010273	0.946367
v1.2-General	0.7116160734	0.906534	0.010439	0.945643
v1.2-General	0.6909218838	0.909016	0.010439	0.945783
v1.2-General	0.6790244802	0.909843	0.010771	0.944206
v1.2-General	0.6730102137	0.910670	0.011102	0.942637
v1.2-General	0.6716704422	0.911497	0.011433	0.941076
v1.2-General	0.6665084082	0.913978	0.011433	0.941227
v1.2-General	0.6619498171	0.916460	0.011433	0.941376
v1.2-General	0.6389568634	0.918941	0.011433	0.941525
v1.2-General	0.6365484945	0.920596	0.011599	0.940828
v1.2-General	0.5806020471	0.921423	0.011930	0.939292
v1.2-General	0.5521355839	0.923904	0.011930	0.939445
v1.2-General	0.5257187758	0.926385	0.011930	0.939597
v1.2-General	0.4879366245	0.928867	0.011930	0.939749
v1.2-General	0.4879366245	0.930521	0.012096	0.939065
v1.2-General	0.4801686822	0.931348	0.012428	0.937552
v1.2-General	0.4794354599	0.933830	0.012428	0.937708
v1.2-General	0.4777938962	0.936311	0.012428	0.937862
v1.2-General	0.4777938962	0.936311	0.012925	0.935537
v1.2-General	0.4774396078	0.938792	0.012925	0.935697
v1.2-General	0.4596021859	0.940447	0.013090	0.935033
v1.2-General	0.4393540364	0.942101	0.013256	0.934372
v1.2-General	0.4216758073	0.942928	0.013587	0.932897
v1.2-General	0.4173450308	0.944582	0.013753	0.932245
v1.2-General	0.3971183266	0.945409	0.014085	0.930782
v1.2-General	0.3873554264	0.947891	0.014085	0.930950
v1.2-General	0.3854923057	0.948718	0.014416	0.929498
v1.2-General	0.3737561171	0.949545	0.014747	0.928052
v1.2-General	0.3426916101	0.949545	0.015244	0.925806
v1.2-General	0.3337095527	0.951199	0.015410	0.925181
v1.2-General	0.3297826023	0.951199	0.015907	0.922953
v1.2-General	0.323225016	0.953681	0.015907	0.923139
v1.2-General	0.311040543	0.953681	0.016404	0.920927
v1.2-General	0.2878487007	0.953681	0.016901	0.918725
v1.2-General	0.2852698276	0.956162	0.016901	0.918919
v1.2-General	0.2784803799	0.956989	0.017233	0.917526
v1.2-General	0.2627689084	0.959471	0.017233	0.917722
v1.2-General	0.2126585469	0.960298	0.017564	0.916338
v1.2-General	0.1952176159	0.961125	0.017896	0.914961
v1.2-General	0.1943277207	0.962779	0.018061	0.914375
v1.2-General	0.1938919957	0.962779	0.018558	0.912226
v1.2-General	0.1927634995	0.963606	0.018890	0.910868
v1.2-General	0.1768155366	0.963606	0.019387	0.908736
v1.2-General	0.1472110529	0.964433	0.019718	0.907393
v1.2-General	0.1472110529	0.965261	0.020050	0.906056
v1.2-General	0.1430497773	0.965261	0.020547	0.903950
v1.2-General	0.1419522805	0.966088	0.020878	0.902628
v1.2-General	0.1385106018	0.966088	0.021375	0.900540
v1.2-General	0.1269636267	0.966088	0.021872	0.898462
v1.2-General	0.12010912	0.966088	0.022370	0.896393
v1.2-General	0.1094066199	0.966088	0.022867	0.894334
v1.2-General	0.1061809221	0.966915	0.023198	0.893048
v1.2-General	0.1015849178	0.967742	0.023529	0.891768
v1.2-General	0.09419023687	0.968569	0.023861	0.890494
v1.2-General	0.09417003733	0.969396	0.024192	0.889226
v1.2-General	0.09224463432	0.970223	0.024524	0.887964
v1.2-General	0.08633597169	0.970223	0.025021	0.885952
v1.2-General	0.08205545951	0.971050	0.025352	0.884702
v1.2-General	0.08205545951	0.971878	0.025684	0.883459
v1.2-General	0.07726187725	0.971878	0.026181	0.881470
v1.2-General	0.07606130976	0.971878	0.026678	0.879491
v1.2-General	0.07606130976	0.971878	0.027175	0.877521
v1.2-General	0.07606130976	0.972705	0.027506	0.876304
v1.2-General	0.07604467166	0.973532	0.027838	0.875093
v1.2-General	0.06892868733	0.973532	0.028335	0.873145
v1.2-General	0.06850767916	0.973532	0.028832	0.871207
v1.2-General	0.06846573284	0.974359	0.029163	0.870015
v1.2-General	0.06558826216	0.974359	0.029660	0.868091
v1.2-General	0.06558826216	0.974359	0.030157	0.866176
v1.2-General	0.0618784408	0.974359	0.030655	0.864270
v1.2-General	0.05671710824	0.974359	0.031152	0.862372
v1.2-General	0.05557835121	0.974359	0.031649	0.860482
v1.2-General	0.05557835121	0.974359	0.032146	0.858601
v1.2-General	0.05557835121	0.974359	0.032643	0.856727
v1.2-General	0.05557835121	0.974359	0.033140	0.854862
v1.2-General	0.05557835121	0.974359	0.033637	0.853005
v1.2-General	0.05557835121	0.974359	0.034134	0.851156
v1.2-General	0.05262730758	0.974359	0.034631	0.849315
v1.2-General	0.04900651868	0.974359	0.035128	0.847482
v1.2-General	0.04451587899	0.975186	0.035460	0.846375
v1.2-General	0.04451587899	0.975186	0.035957	0.844556
v1.2-General	0.04309066531	0.975186	0.036454	0.842745
v1.2-General	0.04244360496	0.975186	0.036951	0.840942
v1.2-General	0.03994339102	0.975186	0.037448	0.839146
v1.2-General	0.03961714532	0.976013	0.037780	0.838068
v1.2-General	0.03747193103	0.976013	0.038277	0.836286
v1.2-General	0.03474804711	0.977667	0.038442	0.835926
v1.2-General	0.03071280328	0.977667	0.038940	0.834157
v1.2-General	0.03071280328	0.977667	0.039437	0.832394
v1.2-General	0.03071280328	0.977667	0.039934	0.830639
v1.2-General	0.03071280328	0.977667	0.040431	0.828892
v1.2-General	0.03071280328	0.977667	0.040928	0.827152
v1.2-General	0.03071280328	0.978495	0.041259	0.826117
v1.2-General	0.03071280328	0.978495	0.041756	0.824390
v1.2-General	0.02718786987	0.978495	0.042254	0.822670
v1.2-General	0.02471178057	0.978495	0.042751	0.820958
v1.2-General	0.02471178057	0.978495	0.043248	0.819252
v1.2-General	0.02471178057	0.978495	0.043745	0.817554
v1.2-General	0.02471178057	0.978495	0.044242	0.815862
v1.2-General	0.02447139595	0.978495	0.044739	0.814178
v1.2-General	0.02447139595	0.978495	0.045236	0.812500
v1.2-General	0.02447139595	0.978495	0.045733	0.810829
v1.2-General	0.02447139595	0.978495	0.046230	0.809166
v1.2-General	0.02447139595	0.978495	0.046727	0.807509
v1.2-General	0.02447139595	0.979322	0.047059	0.806540
v1.2-General	0.02447139595	0.979322	0.047556	0.804895
v1.2-General	0.02433886086	0.980149	0.047887	0.803935
v1.2-General	0.02213548677	0.980149	0.048384	0.802302
v1.2-General	0.02191058168	0.980149	0.048882	0.800676
v1.2-General	0.02191058168	0.980149	0.049379	0.799056
v1.2-General	0.02191058168	0.981803	0.049544	0.798789
v1.2-General	0.02172828916	0.981803	0.050041	0.797179
v1.2-General	0.02156251517	0.981803	0.050539	0.795576
v1.2-General	0.02156251517	0.981803	0.051036	0.793980
v1.2-General	0.02156251517	0.981803	0.051533	0.792390
v1.2-General	0.02156251517	0.981803	0.052030	0.790806
v1.2-General	0.01901190746	0.981803	0.052527	0.789229
v1.2-General	0.01894466402	0.982630	0.052858	0.788321
v1.2-General	0.01860783737	0.982630	0.053355	0.786755
v1.2-General	0.01728015046	0.982630	0.053853	0.785195
v1.2-General	0.01669004061	0.982630	0.054350	0.783641
v1.2-General	0.01546354404	0.982630	0.054847	0.782093
v1.2-General	0.01416365497	0.982630	0.055344	0.780552
v1.2-General	0.01413703862	0.982630	0.055841	0.779016
v1.2-General	0.01413703862	0.982630	0.056338	0.777487
v1.2-General	0.01413703862	0.982630	0.056835	0.775963
v1.2-General	0.01413703862	0.982630	0.057332	0.774446
v1.2-General	0.01413703862	0.982630	0.057829	0.772934
v1.2-General	0.01413703862	0.982630	0.058326	0.771429
v1.2-General	0.01413703862	0.982630	0.058824	0.769929
v1.2-General	0.01413703862	0.982630	0.059321	0.768435
v1.2-General	0.01345902028	0.982630	0.059818	0.766946
v1.2-General	0.01322752853	0.982630	0.060315	0.765464
v1.2-General	0.01322752853	0.982630	0.060812	0.763987
v1.2-General	0.01322752853	0.982630	0.061309	0.762516
v1.2-General	0.01322752853	0.982630	0.061806	0.761051
v1.2-General	0.01322752853	0.982630	0.062303	0.759591
v1.2-General	0.01322752853	0.982630	0.062800	0.758137
v1.2-General	0.01241690473	0.982630	0.063297	0.756688
v1.2-General	0.01241690473	0.982630	0.063795	0.755245
v1.2-General	0.01241690473	0.982630	0.064292	0.753807
v1.2-General	0.01241690473	0.982630	0.064789	0.752375
v1.2-General	0.01241690473	0.983457	0.065120	0.751580
v1.2-General	0.01164383912	0.983457	0.065617	0.750158
v1.2-General	0.01145612891	0.983457	0.066114	0.748741
v1.2-General	0.01145612891	0.983457	0.066611	0.747329
v1.2-General	0.01145612891	0.983457	0.067109	0.745922
v1.2-General	0.01145612891	0.983457	0.067606	0.744521
v1.2-General	0.01145612891	0.983457	0.068103	0.743125
v1.2-General	0.01145612891	0.983457	0.068600	0.741734
v1.2-General	0.01030947197	0.983457	0.069097	0.740349
v1.2-General	0.008810584535	0.983457	0.069594	0.738968
v1.2-General	0.008810584535	0.983457	0.070091	0.737593
v1.2-General	0.008810584535	0.983457	0.070588	0.736223
v1.2-General	0.008325764689	0.984285	0.070920	0.735476
v1.2-General	0.008058000286	0.984285	0.071417	0.734115
v1.2-General	0.007663566294	0.984285	0.071914	0.732759
v1.2-General	0.007663566294	0.984285	0.072411	0.731407
v1.2-General	0.007663566294	0.984285	0.072908	0.730061
v1.2-General	0.007663566294	0.984285	0.073405	0.728720
v1.2-General	0.007663566294	0.985112	0.073737	0.727995
v1.2-General	0.007663566294	0.985112	0.074234	0.726663
v1.2-General	0.007663566294	0.985112	0.074731	0.725335
v1.2-General	0.007663566294	0.985112	0.075228	0.724012
v1.2-General	0.00766176585	0.985112	0.075725	0.722694
v1.2-General	0.00766176585	0.985112	0.076222	0.721381
v1.2-General	0.00766176585	0.985112	0.076719	0.720073
v1.2-General	0.00766176585	0.985112	0.077216	0.718769
v1.2-General	0.00766176585	0.985112	0.077713	0.717470
v1.2-General	0.006951831748	0.985112	0.078210	0.716176
v1.2-General	0.006724141416	0.985112	0.078708	0.714886
v1.2-General	0.006724141416	0.985112	0.079205	0.713601
v1.2-General	0.006724141416	0.985112	0.079702	0.712321
v1.2-General	0.006724141416	0.985112	0.080199	0.711045
v1.2-General	0.006724141416	0.985112	0.080696	0.709774
v1.2-General	0.006724141416	0.985939	0.081027	0.709102
v1.2-General	0.006724141416	0.985939	0.081524	0.707838
v1.2-General	0.006724141416	0.985939	0.082022	0.706580
v1.2-General	0.006724141416	0.986766	0.082353	0.705917
v1.2-General	0.006724141416	0.986766	0.082850	0.704666
v1.2-General	0.005801985281	0.986766	0.083347	0.703420
v1.2-General	0.005694803921	0.986766	0.083844	0.702178
v1.2-General	0.005694803921	0.986766	0.084341	0.700940
v1.2-General	0.005694803921	0.986766	0.084838	0.699707
v1.2-General	0.005609601253	0.986766	0.085336	0.698478
v1.2-General	0.005330860969	0.986766	0.085833	0.697253
v1.2-General	0.004763232009	0.986766	0.086330	0.696033
v1.2-General	0.004763232009	0.986766	0.086827	0.694817
v1.2-General	0.004763232009	0.986766	0.087324	0.693605
v1.2-General	0.004763232009	0.986766	0.087821	0.692397
v1.2-General	0.004577434573	0.987593	0.088152	0.691773
v1.2-General	0.004577434573	0.987593	0.088650	0.690573
v1.2-General	0.004577434573	0.987593	0.089147	0.689376
v1.2-General	0.004577434573	0.987593	0.089644	0.688184
v1.2-General	0.004577434573	0.987593	0.090141	0.686997
v1.2-General	0.004577434573	0.987593	0.090638	0.685813
v1.2-General	0.004355873147	0.987593	0.091135	0.684633
v1.2-General	0.004351598476	0.987593	0.091632	0.683457
v1.2-General	0.004351598476	0.987593	0.092129	0.682286
v1.2-General	0.004351598476	0.987593	0.092626	0.681118
v1.2-General	0.004351598476	0.987593	0.093123	0.679954
v1.2-General	0.004351598476	0.987593	0.093621	0.678795
v1.2-General	0.004351598476	0.987593	0.094118	0.677639
v1.2-General	0.004351598476	0.987593	0.094615	0.676487
v1.2-General	0.004351598476	0.987593	0.095112	0.675339
v1.2-General	0.004351598476	0.987593	0.095609	0.674195
v1.2-General	0.004351598476	0.987593	0.096106	0.673055
v1.2-General	0.004351598476	0.987593	0.096603	0.671919
v1.2-General	0.004351598476	0.987593	0.097100	0.670787
v1.2-General	0.004351598476	0.987593	0.097597	0.669658
v1.2-General	0.004351598476	0.987593	0.098094	0.668533
v1.2-General	0.004351598476	0.987593	0.098592	0.667412
v1.2-General	0.004351598476	0.987593	0.099089	0.666295
v1.2-General	0.004351598476	0.987593	0.099586	0.665181
v1.2-General	0.004351598476	0.987593	0.100083	0.664071
v1.2-General	0.004351598476	0.987593	0.100580	0.662965
v1.2-General	0.004351598476	0.987593	0.101077	0.661863
v1.2-General	0.004351598476	0.987593	0.101574	0.660764
v1.2-General	0.004351598476	0.987593	0.102071	0.659669
v1.2-General	0.004351598476	0.987593	0.102568	0.658577
v1.2-General	0.004351598476	0.987593	0.103065	0.657489
v1.2-General	0.004351598476	0.987593	0.103563	0.656405
v1.2-General	0.004351598476	0.987593	0.104060	0.655324
v1.2-General	0.004351598476	0.987593	0.104557	0.654247
v1.2-General	0.004351598476	0.987593	0.105054	0.653173
v1.2-General	0.004351598476	0.987593	0.105551	0.652103
v1.2-General	0.004351598476	0.987593	0.106048	0.651036
v1.2-General	0.004351598476	0.987593	0.106545	0.649973
v1.2-General	0.004351598476	0.987593	0.107042	0.648913
v1.2-General	0.004351598476	0.987593	0.107539	0.647857
v1.2-General	0.004351598476	0.987593	0.108036	0.646804
v1.2-General	0.004351598476	0.987593	0.108534	0.645754
v1.2-General	0.004351598476	0.987593	0.109031	0.644708
v1.2-General	0.004351598476	0.987593	0.109528	0.643666
v1.2-General	0.004351598476	0.987593	0.110025	0.642626
v1.2-General	0.004351598476	0.987593	0.110522	0.641591
v1.2-General	0.004351598476	0.987593	0.111019	0.640558
v1.2-General	0.004351598476	0.987593	0.111516	0.639529
v1.2-General	0.004351598476	0.987593	0.112013	0.638503
v1.2-General	0.004351598476	0.987593	0.112510	0.637480
v1.2-General	0.004351598476	0.987593	0.113007	0.636461
v1.2-General	0.004351598476	0.987593	0.113505	0.635444
v1.2-General	0.004351598476	0.987593	0.114002	0.634431
v1.2-General	0.004351598476	0.987593	0.114499	0.633422
v1.2-General	0.004351598476	0.987593	0.114996	0.632415
v1.2-General	0.004351598476	0.987593	0.115493	0.631412
v1.2-General	0.004351598476	0.987593	0.115990	0.630412
v1.2-General	0.004351598476	0.987593	0.116487	0.629415
v1.2-General	0.004351598476	0.987593	0.116984	0.628421
v1.2-General	0.004351598476	0.987593	0.117481	0.627430
v1.2-General	0.004351598476	0.987593	0.117978	0.626443
v1.2-General	0.004351598476	0.987593	0.118476	0.625458
v1.2-General	0.004351598476	0.987593	0.118973	0.624477
v1.2-General	0.004351598476	0.987593	0.119470	0.623499
v1.2-General	0.004351598476	0.987593	0.119967	0.622523
v1.2-General	0.004351598476	0.987593	0.120464	0.621551
v1.2-General	0.004351598476	0.987593	0.120961	0.620582
v1.2-General	0.004351598476	0.987593	0.121458	0.619616
v1.2-General	0.004351598476	0.987593	0.121955	0.618653
v1.2-General	0.004351598476	0.988420	0.122287	0.618210
v1.2-General	0.004351598476	0.988420	0.122784	0.617252
v1.2-General	0.004351598476	0.988420	0.123281	0.616297
v1.2-General	0.004351598476	0.988420	0.123778	0.615345
v1.2-General	0.004351598476	0.988420	0.124275	0.614396
v1.2-General	0.004351598476	0.988420	0.124772	0.613450
v1.2-General	0.004351598476	0.988420	0.125269	0.612506
v1.2-General	0.004351598476	0.988420	0.125766	0.611566
v1.2-General	0.004351598476	0.988420	0.126263	0.610629
v1.2-General	0.004351598476	0.988420	0.126761	0.609694
v1.2-General	0.004351598476	0.988420	0.127258	0.608762
v1.2-General	0.004351598476	0.988420	0.127755	0.607833
v1.2-General	0.004351598476	0.988420	0.128252	0.606907
v1.2-General	0.004140922714	0.988420	0.128749	0.605984
v1.2-General	0.004140922714	0.988420	0.129246	0.605063
v1.2-General	0.004108884696	0.988420	0.129743	0.604146
v1.2-General	0.004013241518	0.988420	0.130240	0.603231
v1.2-General	0.003054311799	0.988420	0.130737	0.602319
v1.2-General	0.003054311799	0.988420	0.131234	0.601409
v1.2-General	0.003054311799	0.988420	0.131732	0.600503
v1.2-General	0.003002815211	0.988420	0.132229	0.599599
v1.2-General	0.003002815211	0.988420	0.132726	0.598697
v1.2-General	0.003002815211	0.988420	0.133223	0.597799
v1.2-General	0.003002815211	0.988420	0.133720	0.596903
v1.2-General	0.003002815211	0.988420	0.134217	0.596010
v1.2-General	0.003002815211	0.988420	0.134714	0.595120
v1.2-General	0.003002815211	0.988420	0.135211	0.594232
v1.2-General	0.003002815211	0.988420	0.135708	0.593347
v1.2-General	0.003002815211	0.988420	0.136205	0.592464
v1.2-General	0.003002815211	0.988420	0.136703	0.591584
v1.2-General	0.002573644604	0.988420	0.137200	0.590707
v1.2-General	0.002482025866	0.988420	0.137697	0.589832
v1.2-General	0.002412355642	0.988420	0.138194	0.588960
v1.2-General	0.002412355642	0.988420	0.138691	0.588091
v1.2-General	0.002412355642	0.988420	0.139188	0.587224
v1.2-General	0.002412355642	0.988420	0.139685	0.586359
v1.2-General	0.002412355642	0.988420	0.140182	0.585497
v1.2-General	0.002412355642	0.988420	0.140679	0.584638
v1.2-General	0.002412355642	0.988420	0.141176	0.583781
v1.2-General	0.002412355642	0.988420	0.141674	0.582927
v1.2-General	0.002412355642	0.988420	0.142171	0.582075
v1.2-General	0.002412355642	0.988420	0.142668	0.581226
v1.2-General	0.002412355642	0.988420	0.143165	0.580379
v1.2-General	0.002412355642	0.988420	0.143662	0.579534
v1.2-General	0.002412355642	0.988420	0.144159	0.578692
v1.2-General	0.002412355642	0.988420	0.144656	0.577853
v1.2-General	0.002412355642	0.989247	0.144988	0.577499
v1.2-General	0.002412355642	0.989247	0.145485	0.576663
v1.2-General	0.002347736027	0.989247	0.145982	0.575831
v1.2-General	0.002347736027	0.989247	0.146479	0.575000
v1.2-General	0.002347736027	0.989247	0.146976	0.574172
v1.2-General	0.002347736027	0.989247	0.147473	0.573346
v1.2-General	0.002347736027	0.989247	0.147970	0.572523
v1.2-General	0.002347736027	0.989247	0.148467	0.571702
v1.2-General	0.002347736027	0.989247	0.148964	0.570883
v1.2-General	0.002347736027	0.989247	0.149461	0.570067
v1.2-General	0.002347736027	0.989247	0.149959	0.569253
v1.2-General	0.002347736027	0.989247	0.150456	0.568441
v1.2-General	0.002347736027	0.989247	0.150953	0.567632
v1.2-General	0.002347736027	0.989247	0.151450	0.566825
v1.2-General	0.002347736027	0.989247	0.151947	0.566020
v1.2-General	0.002347736027	0.989247	0.152444	0.565217
v1.2-General	0.002347736027	0.989247	0.152941	0.564417
v1.2-General	0.002347736027	0.989247	0.153438	0.563619
v1.2-General	0.002347736027	0.989247	0.153935	0.562824
v1.2-General	0.002347736027	0.989247	0.154432	0.562030
v1.2-General	0.002347736027	0.989247	0.154930	0.561239
v1.2-General	0.002347736027	0.989247	0.155427	0.560450
v1.2-General	0.002347736027	0.989247	0.155924	0.559663
v1.2-General	0.002347736027	0.989247	0.156421	0.558879
v1.2-General	0.002347736027	0.989247	0.156918	0.558096
v1.2-General	0.002347736027	0.989247	0.157415	0.557316
v1.2-General	0.002347736027	0.989247	0.157912	0.556538
v1.2-General	0.002347736027	0.989247	0.158409	0.555762
v1.2-General	0.002347736027	0.989247	0.158906	0.554988
v1.2-General	0.002347736027	0.989247	0.159403	0.554217
v1.2-General	0.002347736027	0.989247	0.159901	0.553447
v1.2-General	0.002347736027	0.989247	0.160398	0.552680
v1.2-General	0.002347736027	0.989247	0.160895	0.551915
v1.2-General	0.002347736027	0.989247	0.161392	0.551152
v1.2-General	0.002347736027	0.989247	0.161889	0.550391
v1.2-General	0.002347736027	0.989247	0.162386	0.549632
v1.2-General	0.002347736027	0.989247	0.162883	0.548876
v1.2-General	0.002347736027	0.989247	0.163380	0.548121
v1.2-General	0.002347736027	0.989247	0.163877	0.547368
v1.2-General	0.002347736027	0.989247	0.164374	0.546618
v1.2-General	0.002347736027	0.989247	0.164872	0.545869
v1.2-General	0.002347736027	0.989247	0.165369	0.545123
v1.2-General	0.002347736027	0.989247	0.165866	0.544379
v1.2-General	0.002347736027	0.989247	0.166363	0.543636
v1.2-General	0.002347736027	0.989247	0.166860	0.542896
v1.2-General	0.002347736027	0.989247	0.167357	0.542158
v1.2-General	0.002347736027	0.989247	0.167854	0.541421
v1.2-General	0.002347736027	0.989247	0.168351	0.540687
v1.2-General	0.002347736027	0.989247	0.168848	0.539955
v1.2-General	0.002347736027	0.989247	0.169345	0.539225
v1.2-General	0.002347736027	0.989247	0.169843	0.538496
v1.2-General	0.002347736027	0.989247	0.170340	0.537770
v1.2-General	0.002347736027	0.989247	0.170837	0.537045
v1.2-General	0.002347736027	0.989247	0.171334	0.536323
v1.2-General	0.002347736027	0.989247	0.171831	0.535602
v1.2-General	0.002347736027	0.989247	0.172328	0.534884
v1.2-General	0.002347736027	0.989247	0.172825	0.534167
v1.2-General	0.002347736027	0.989247	0.173322	0.533452
v1.2-General	0.002347736027	0.989247	0.173819	0.532739
v1.2-General	0.002347736027	0.989247	0.174316	0.532028
v1.2-General	0.002347736027	0.989247	0.174814	0.531319
v1.2-General	0.002347736027	0.989247	0.175311	0.530612
v1.2-General	0.002347736027	0.989247	0.175808	0.529907
v1.2-General	0.002347736027	0.989247	0.176305	0.529204
v1.2-General	0.002347736027	0.989247	0.176802	0.528502
v1.2-General	0.002347736027	0.989247	0.177299	0.527802
v1.2-General	0.002347736027	0.989247	0.177796	0.527104
v1.2-General	0.002347736027	0.989247	0.178293	0.526408
v1.2-General	0.002347736027	0.989247	0.178790	0.525714
v1.2-General	0.002347736027	0.989247	0.179287	0.525022
v1.2-General	0.002347736027	0.989247	0.179785	0.524331
v1.2-General	0.002347736027	0.989247	0.180282	0.523643
v1.2-General	0.002347736027	0.989247	0.180779	0.522956
v1.2-General	0.002347736027	0.989247	0.181276	0.522271
v1.2-General	0.002347736027	0.989247	0.181773	0.521587
v1.2-General	0.002347736027	0.989247	0.182270	0.520906
v1.2-General	0.002347736027	0.989247	0.182767	0.520226
v1.2-General	0.002347736027	0.989247	0.183264	0.519548
v1.2-General	0.002347736027	0.989247	0.183761	0.518872
v1.2-General	0.002347736027	0.989247	0.184258	0.518198
v1.2-General	0.002347736027	0.989247	0.184756	0.517525
v1.2-General	0.002347736027	0.989247	0.185253	0.516854
v1.2-General	0.002347736027	0.989247	0.185750	0.516185
v1.2-General	0.002347736027	0.989247	0.186247	0.515517
v1.2-General	0.002347736027	0.989247	0.186744	0.514851
v1.2-General	0.002347736027	0.989247	0.187241	0.514187
v1.2-General	0.002347736027	0.989247	0.187738	0.513525
v1.2-General	0.002347736027	0.989247	0.188235	0.512864
v1.2-General	0.002347736027	0.989247	0.188732	0.512206
v1.2-General	0.002347736027	0.989247	0.189229	0.511548
v1.2-General	0.002347736027	0.989247	0.189727	0.510893
v1.2-General	0.002347736027	0.989247	0.190224	0.510239
v1.2-General	0.002347736027	0.989247	0.190721	0.509587
v1.2-General	0.002347736027	0.989247	0.191218	0.508936
v1.2-General	0.002347736027	0.989247	0.191715	0.508287
v1.2-General	0.002347736027	0.989247	0.192212	0.507640
v1.2-General	0.002347736027	0.989247	0.192709	0.506994
v1.2-General	0.002347736027	0.989247	0.193206	0.506351
v1.2-General	0.002347736027	0.989247	0.193703	0.505708
v1.2-General	0.002347736027	0.989247	0.194200	0.505068
v1.2-General	0.002347736027	0.989247	0.194698	0.504429
v1.2-General	0.002347736027	0.989247	0.195195	0.503791
v1.2-General	0.002347736027	0.989247	0.195692	0.503155
v1.2-General	0.002347736027	0.989247	0.196189	0.502521
v1.2-General	0.002347736027	0.989247	0.196686	0.501888
v1.2-General	0.002347736027	0.989247	0.197183	0.501257
v1.2-General	0.002347736027	0.989247	0.197680	0.500628
v1.2-General	0.002347736027	0.989247	0.198177	0.500000
v1.2-General	0.002347736027	0.989247	0.198674	0.499374
v1.2-General	0.002347736027	0.989247	0.199171	0.498749
v1.2-General	0.002347736027	0.989247	0.199669	0.498126
v1.2-General	0.002347736027	0.989247	0.200166	0.497504
v1.2-General	0.002347736027	0.989247	0.200663	0.496884
v1.2-General	0.002347736027	0.989247	0.201160	0.496266
v1.2-General	0.002347736027	0.989247	0.201657	0.495649
v1.2-General	0.002347736027	0.989247	0.202154	0.495033
v1.2-General	0.002347736027	0.989247	0.202651	0.494419
v1.2-General	0.002347736027	0.989247	0.203148	0.493807
v1.2-General	0.002347736027	0.989247	0.203645	0.493196
v1.2-General	0.002347736027	0.989247	0.204143	0.492586
v1.2-General	0.002347736027	0.989247	0.204640	0.491979
v1.2-General	0.002347736027	0.989247	0.205137	0.491372
v1.2-General	0.002347736027	0.989247	0.205634	0.490767
v1.2-General	0.002347736027	0.989247	0.206131	0.490164
v1.2-General	0.002347736027	0.989247	0.206628	0.489562
v1.2-General	0.002347736027	0.989247	0.207125	0.488962
v1.2-General	0.002347736027	0.989247	0.207622	0.488363
v1.2-General	0.002347736027	0.989247	0.208119	0.487765
v1.2-General	0.002347736027	0.989247	0.208616	0.487169
v1.2-General	0.002347736027	0.989247	0.209114	0.486574
v1.2-General	0.002347736027	0.989247	0.209611	0.485981
v1.2-General	0.002347736027	0.989247	0.210108	0.485390
v1.2-General	0.002347736027	0.989247	0.210605	0.484799
v1.2-General	0.002347736027	0.989247	0.211102	0.484211
v1.2-General	0.002347736027	0.989247	0.211599	0.483623
v1.2-General	0.002347736027	0.989247	0.212096	0.483037
v1.2-General	0.002347736027	0.989247	0.212593	0.482453
v1.2-General	0.002347736027	0.989247	0.213090	0.481869
v1.2-General	0.002347736027	0.989247	0.213587	0.481288
v1.2-General	0.002347736027	0.989247	0.214085	0.480707
v1.2-General	0.002347736027	0.989247	0.214582	0.480128
v1.2-General	0.002347736027	0.989247	0.215079	0.479551
v1.2-General	0.002347736027	0.989247	0.215576	0.478975
v1.2-General	0.002347736027	0.989247	0.216073	0.478400
v1.2-General	0.002347736027	0.989247	0.216570	0.477827
v1.2-General	0.002347736027	0.989247	0.217067	0.477255
v1.2-General	0.002347736027	0.989247	0.217564	0.476684
v1.2-General	0.002347736027	0.989247	0.218061	0.476115
v1.2-General	0.002347736027	0.989247	0.218558	0.475547
v1.2-General	0.002347736027	0.989247	0.219056	0.474980
v1.2-General	0.002347736027	0.989247	0.219553	0.474415
v1.2-General	0.002347736027	0.989247	0.220050	0.473851
v1.2-General	0.002347736027	0.989247	0.220547	0.473288
v1.2-General	0.002347736027	0.989247	0.221044	0.472727
v1.2-General	0.002347736027	0.989247	0.221541	0.472167
v1.2-General	0.002347736027	0.989247	0.222038	0.471609
v1.2-General	0.002347736027	0.989247	0.222535	0.471052
v1.2-General	0.002347736027	0.989247	0.223032	0.470496
v1.2-General	0.002347736027	0.989247	0.223529	0.469941
v1.2-General	0.002347736027	0.989247	0.224027	0.469388
v1.2-General	0.002347736027	0.989247	0.224524	0.468836
v1.2-General	0.002347736027	0.989247	0.225021	0.468285
v1.2-General	0.002347736027	0.989247	0.225518	0.467736
v1.2-General	0.002347736027	0.989247	0.226015	0.467187
v1.2-General	0.002347736027	0.989247	0.226512	0.466641
v1.2-General	0.002347736027	0.989247	0.227009	0.466095
v1.2-General	0.002347736027	0.989247	0.227506	0.465551
v1.2-General	0.002347736027	0.989247	0.228003	0.465008
v1.2-General	0.002347736027	0.989247	0.228500	0.464466
v1.2-General	0.002347736027	0.989247	0.228998	0.463926
v1.2-General	0.002347736027	0.989247	0.229495	0.463386
v1.2-General	0.002347736027	0.989247	0.229992	0.462848
v1.2-General	0.002347736027	0.989247	0.230489	0.462312
v1.2-General	0.002347736027	0.989247	0.230986	0.461776
v1.2-General	0.002347736027	0.989247	0.231483	0.461242
v1.2-General	0.002347736027	0.989247	0.231980	0.460709
v1.2-General	0.002347736027	0.990902	0.232146	0.460947
v1.2-General	0.002347736027	0.990902	0.232643	0.460415
v1.2-General	0.002347736027	0.990902	0.233140	0.459885
v1.2-General	0.002347736027	0.990902	0.233637	0.459356
v1.2-General	0.002347736027	0.990902	0.234134	0.458828
v1.2-General	0.002347736027	0.990902	0.234631	0.458301
v1.2-General	0.002347736027	0.990902	0.235128	0.457776
v1.2-General	0.002347736027	0.990902	0.235626	0.457252
v1.2-General	0.002347736027	0.990902	0.236123	0.456729
v1.2-General	0.002347736027	0.990902	0.236620	0.456207
v1.2-General	0.002347736027	0.990902	0.237117	0.455687
v1.2-General	0.002347736027	0.990902	0.237614	0.455167
v1.2-General	0.002347736027	0.990902	0.238111	0.454649
v1.2-General	0.002347736027	0.990902	0.238608	0.454132
v1.2-General	0.002347736027	0.990902	0.239105	0.453616
v1.2-General	0.002347736027	0.990902	0.239602	0.453101
v1.2-General	0.002347736027	0.990902	0.240099	0.452588
v1.2-General	0.002347736027	0.990902	0.240597	0.452075
v1.2-General	0.002347736027	0.990902	0.241094	0.451564
v1.2-General	0.002347736027	0.990902	0.241591	0.451054
v1.2-General	0.002347736027	0.990902	0.242088	0.450545
v1.2-General	0.002347736027	0.990902	0.242585	0.450038
v1.2-General	0.002347736027	0.990902	0.243082	0.449531
v1.2-General	0.002347736027	0.990902	0.243579	0.449025
v1.2-General	0.002347736027	0.990902	0.244076	0.448521
v1.2-General	0.002347736027	0.990902	0.244573	0.448018
v1.2-General	0.002347736027	0.990902	0.245070	0.447516
v1.2-General	0.002347736027	0.990902	0.245568	0.447015
v1.2-General	0.002347736027	0.990902	0.246065	0.446515
v1.2-General	0.002347736027	0.990902	0.246562	0.446016
v1.2-General	0.002347736027	0.990902	0.247059	0.445519
v1.2-General	0.002347736027	0.990902	0.247556	0.445022
v1.2-General	0.002347736027	0.990902	0.248053	0.444527
v1.2-General	0.002347736027	0.990902	0.248550	0.444033
v1.2-General	0.002347736027	0.991729	0.248882	0.443910
v1.2-General	0.002347736027	0.991729	0.249379	0.443417
v1.2-General	0.002347736027	0.991729	0.249876	0.442926
v1.2-General	0.002347736027	0.991729	0.250373	0.442435
v1.2-General	0.002347736027	0.991729	0.250870	0.441946
v1.2-General	0.002347736027	0.991729	0.251367	0.441458
v1.2-General	0.002347736027	0.991729	0.251864	0.440971
v1.2-General	0.002347736027	0.991729	0.252361	0.440485
v1.2-General	0.002347736027	0.991729	0.252858	0.440000
v1.2-General	0.002347736027	0.991729	0.253355	0.439516
v1.2-General	0.002347736027	0.991729	0.253853	0.439033
v1.2-General	0.002347736027	0.991729	0.254350	0.438552
v1.2-General	0.002347736027	0.991729	0.254847	0.438071
v1.2-General	0.002211484828	0.991729	0.255344	0.437591
v1.2-General	0.001816068574	0.991729	0.255841	0.437113
v1.2-General	0.00173420006	0.991729	0.256338	0.436635
v1.2-General	0.00173420006	0.991729	0.256835	0.436159
v1.2-General	0.001647236598	0.991729	0.257332	0.435683
v1.2-General	0.001646847258	0.991729	0.257829	0.435209
v1.2-General	0.001646847258	0.991729	0.258326	0.434735
v1.2-General	0.001646847258	0.991729	0.258824	0.434263
v1.2-General	0.001646847258	0.991729	0.259321	0.433792
v1.2-General	0.001646847258	0.991729	0.259818	0.433321
v1.2-General	0.001646847258	0.991729	0.260315	0.432852
v1.2-General	0.001646847258	0.991729	0.260812	0.432384
v1.2-General	0.001646847258	0.991729	0.261309	0.431916
v1.2-General	0.001646847258	0.991729	0.261806	0.431450
v1.2-General	0.001646847258	0.991729	0.262303	0.430985
v1.2-General	0.001373434251	0.991729	0.262800	0.430521
v1.2-General	0.001373434251	0.991729	0.263297	0.430057
v1.2-General	0.001373434251	0.991729	0.263795	0.429595
v1.2-General	0.001373434251	0.991729	0.264292	0.429134
v1.2-General	0.001373434251	0.991729	0.264789	0.428674
v1.2-General	0.001373434251	0.991729	0.265286	0.428214
v1.2-General	0.001373434251	0.991729	0.265783	0.427756
v1.2-General	0.001373434251	0.991729	0.266280	0.427299
v1.2-General	0.001373434251	0.991729	0.266777	0.426842
v1.2-General	0.001373434251	0.991729	0.267274	0.426387
v1.2-General	0.001373434251	0.991729	0.267771	0.425933
v1.2-General	0.001373434251	0.991729	0.268268	0.425479
v1.2-General	0.001226671586	0.991729	0.268766	0.425027
v1.2-General	0.001226671586	0.991729	0.269263	0.424575
v1.2-General	0.001193682085	0.991729	0.269760	0.424125
v1.2-General	0.001193682085	0.991729	0.270257	0.423675
v1.2-General	0.001193682085	0.991729	0.270754	0.423226
v1.2-General	0.001193682085	0.991729	0.271251	0.422779
v1.2-General	0.001131689613	0.991729	0.271748	0.422332
v1.2-General	0.001131689613	0.991729	0.272245	0.421886
v1.2-General	0.001131689613	0.991729	0.272742	0.421441
v1.2-General	0.001131689613	0.991729	0.273239	0.420997
v1.2-General	0.001104093626	0.991729	0.273737	0.420554
v1.2-General	0.001104093626	0.991729	0.274234	0.420112
v1.2-General	0.001012522602	0.991729	0.274731	0.419671
v1.2-General	0.0009329050567	0.991729	0.275228	0.419231
v1.2-General	0.0009329050567	0.991729	0.275725	0.418791
v1.2-General	0.0009329050567	0.991729	0.276222	0.418353
v1.2-General	0.0009329050567	0.991729	0.276719	0.417916
v1.2-General	0.0009329050567	0.991729	0.277216	0.417479
v1.2-General	0.0009329050567	0.991729	0.277713	0.417043
v1.2-General	0.0009329050567	0.991729	0.278210	0.416609
v1.2-General	0.0009329050567	0.991729	0.278708	0.416175
v1.2-General	0.0009329050567	0.991729	0.279205	0.415742
v1.2-General	0.0009329050567	0.991729	0.279702	0.415310
v1.2-General	0.0009329050567	0.991729	0.280199	0.414879
v1.2-General	0.0009329050567	0.991729	0.280696	0.414449
v1.2-General	0.0009329050567	0.991729	0.281193	0.414019
v1.2-General	0.0009329050567	0.991729	0.281690	0.413591
v1.2-General	0.0009329050567	0.991729	0.282187	0.413163
v1.2-General	0.0009329050567	0.991729	0.282684	0.412737
v1.2-General	0.0009329050567	0.991729	0.283181	0.412311
v1.2-General	0.0009329050567	0.991729	0.283679	0.411886
v1.2-General	0.0009329050567	0.991729	0.284176	0.411462
v1.2-General	0.0009329050567	0.991729	0.284673	0.411039
v1.2-General	0.0009329050567	0.991729	0.285170	0.410616
v1.2-General	0.0009329050567	0.991729	0.285667	0.410195
v1.2-General	0.0009329050567	0.991729	0.286164	0.409774
v1.2-General	0.0009329050567	0.991729	0.286661	0.409355
v1.2-General	0.0009329050567	0.991729	0.287158	0.408936
v1.2-General	0.0009329050567	0.991729	0.287655	0.408518
v1.2-General	0.0009329050567	0.991729	0.288152	0.408101
v1.2-General	0.0009329050567	0.991729	0.288650	0.407684
v1.2-General	0.0009329050567	0.991729	0.289147	0.407269
v1.2-General	0.0009329050567	0.991729	0.289644	0.406854
v1.2-General	0.0009329050567	0.991729	0.290141	0.406441
v1.2-General	0.0009329050567	0.991729	0.290638	0.406028
v1.2-General	0.0009329050567	0.991729	0.291135	0.405616
v1.2-General	0.0009329050567	0.991729	0.291632	0.405204
v1.2-General	0.0009329050567	0.991729	0.292129	0.404794
v1.2-General	0.0009329050567	0.991729	0.292626	0.404384
v1.2-General	0.0009329050567	0.991729	0.293123	0.403976
v1.2-General	0.0009329050567	0.991729	0.293621	0.403568
v1.2-General	0.0009329050567	0.991729	0.294118	0.403161
v1.2-General	0.0009329050567	0.991729	0.294615	0.402754
v1.2-General	0.0009329050567	0.991729	0.295112	0.402349
v1.2-General	0.0009329050567	0.991729	0.295609	0.401944
v1.2-General	0.0009329050567	0.991729	0.296106	0.401541
v1.2-General	0.0009329050567	0.991729	0.296603	0.401138
v1.2-General	0.0009329050567	0.991729	0.297100	0.400735
v1.2-General	0.0009329050567	0.991729	0.297597	0.400334
v1.2-General	0.0009329050567	0.991729	0.298094	0.399933
v1.2-General	0.0009329050567	0.991729	0.298592	0.399533
v1.2-General	0.0009329050567	0.991729	0.299089	0.399134
v1.2-General	0.0009329050567	0.991729	0.299586	0.398736
v1.2-General	0.0009329050567	0.991729	0.300083	0.398339
v1.2-General	0.0009329050567	0.991729	0.300580	0.397942
v1.2-General	0.0009329050567	0.991729	0.301077	0.397546
v1.2-General	0.0009329050567	0.991729	0.301574	0.397151
v1.2-General	0.0009329050567	0.991729	0.302071	0.396757
v1.2-General	0.0009329050567	0.991729	0.302568	0.396364
v1.2-General	0.0009329050567	0.991729	0.303065	0.395971
v1.2-General	0.0009329050567	0.991729	0.303563	0.395579
v1.2-General	0.0009329050567	0.991729	0.304060	0.395188
v1.2-General	0.0009329050567	0.991729	0.304557	0.394797
v1.2-General	0.0009329050567	0.991729	0.305054	0.394408
v1.2-General	0.0009329050567	0.991729	0.305551	0.394019
v1.2-General	0.0009329050567	0.991729	0.306048	0.393631
v1.2-General	0.0009329050567	0.991729	0.306545	0.393244
v1.2-General	0.0009329050567	0.991729	0.307042	0.392857
v1.2-General	0.0009329050567	0.991729	0.307539	0.392471
v1.2-General	0.0009329050567	0.991729	0.308036	0.392086
v1.2-General	0.0009329050567	0.991729	0.308534	0.391702
v1.2-General	0.0009329050567	0.991729	0.309031	0.391319
v1.2-General	0.0009329050567	0.991729	0.309528	0.390936
v1.2-General	0.0009329050567	0.991729	0.310025	0.390554
v1.2-General	0.0009329050567	0.991729	0.310522	0.390172
v1.2-General	0.0009329050567	0.991729	0.311019	0.389792
v1.2-General	0.0009329050567	0.991729	0.311516	0.389412
v1.2-General	0.0009329050567	0.991729	0.312013	0.389033
v1.2-General	0.0009329050567	0.991729	0.312510	0.388655
v1.2-General	0.0009329050567	0.991729	0.313007	0.388277
v1.2-General	0.0009329050567	0.991729	0.313505	0.387900
v1.2-General	0.0009329050567	0.991729	0.314002	0.387524
v1.2-General	0.0009329050567	0.991729	0.314499	0.387149
v1.2-General	0.0009329050567	0.991729	0.314996	0.386774
v1.2-General	0.0009329050567	0.991729	0.315493	0.386400
v1.2-General	0.0009329050567	0.991729	0.315990	0.386027
v1.2-General	0.0009329050567	0.991729	0.316487	0.385655
v1.2-General	0.0009329050567	0.991729	0.316984	0.385283
v1.2-General	0.0009329050567	0.991729	0.317481	0.384912
v1.2-General	0.0009329050567	0.991729	0.317978	0.384541
v1.2-General	0.0009329050567	0.991729	0.318476	0.384172
v1.2-General	0.0009329050567	0.991729	0.318973	0.383803
v1.2-General	0.0009329050567	0.991729	0.319470	0.383435
v1.2-General	0.0009329050567	0.991729	0.319967	0.383067
v1.2-General	0.0009329050567	0.991729	0.320464	0.382700
v1.2-General	0.0009329050567	0.991729	0.320961	0.382334
v1.2-General	0.0009329050567	0.991729	0.321458	0.381969
v1.2-General	0.0009329050567	0.991729	0.321955	0.381604
v1.2-General	0.0009329050567	0.991729	0.322452	0.381240
v1.2-General	0.0009329050567	0.991729	0.322949	0.380877
v1.2-General	0.0009329050567	0.991729	0.323447	0.380514
v1.2-General	0.0009329050567	0.991729	0.323944	0.380152
v1.2-General	0.0009329050567	0.991729	0.324441	0.379791
v1.2-General	0.0009329050567	0.991729	0.324938	0.379430
v1.2-General	0.0009329050567	0.991729	0.325435	0.379071
v1.2-General	0.0009329050567	0.991729	0.325932	0.378711
v1.2-General	0.0009329050567	0.991729	0.326429	0.378353
v1.2-General	0.0009329050567	0.991729	0.326926	0.377995
v1.2-General	0.0009329050567	0.991729	0.327423	0.377638
v1.2-General	0.0009329050567	0.991729	0.327920	0.377281
v1.2-General	0.0009329050567	0.991729	0.328418	0.376925
v1.2-General	0.0009329050567	0.991729	0.328915	0.376570
v1.2-General	0.0009329050567	0.991729	0.329412	0.376216
v1.2-General	0.0009329050567	0.991729	0.329909	0.375862
v1.2-General	0.0009329050567	0.991729	0.330406	0.375509
v1.2-General	0.0009329050567	0.991729	0.330903	0.375156
v1.2-General	0.0009329050567	0.991729	0.331400	0.374805
v1.2-General	0.0009329050567	0.991729	0.331897	0.374453
v1.2-General	0.0009329050567	0.991729	0.332394	0.374103
v1.2-General	0.0009329050567	0.991729	0.332891	0.373753
v1.2-General	0.0009329050567	0.991729	0.333389	0.373404
v1.2-General	0.0009329050567	0.991729	0.333886	0.373055
v1.2-General	0.0009329050567	0.991729	0.334383	0.372707
v1.2-General	0.0009329050567	0.991729	0.334880	0.372360
v1.2-General	0.0009329050567	0.991729	0.335377	0.372014
v1.2-General	0.0009329050567	0.991729	0.335874	0.371668
v1.2-General	0.0009329050567	0.991729	0.336371	0.371322
v1.2-General	0.0009329050567	0.991729	0.336868	0.370978
v1.2-General	0.0009329050567	0.991729	0.337365	0.370634
v1.2-General	0.0009329050567	0.991729	0.337862	0.370290
v1.2-General	0.0009329050567	0.991729	0.338360	0.369948
v1.2-General	0.0009329050567	0.991729	0.338857	0.369605
v1.2-General	0.0009329050567	0.991729	0.339354	0.369264
v1.2-General	0.0009329050567	0.991729	0.339851	0.368923
v1.2-General	0.0009329050567	0.991729	0.340348	0.368583
v1.2-General	0.0009329050567	0.991729	0.340845	0.368243
v1.2-General	0.0009329050567	0.991729	0.341342	0.367904
v1.2-General	0.0009329050567	0.991729	0.341839	0.367566
v1.2-General	0.0009329050567	0.991729	0.342336	0.367228
v1.2-General	0.0009329050567	0.991729	0.342833	0.366891
v1.2-General	0.0009329050567	0.991729	0.343331	0.366555
v1.2-General	0.0009329050567	0.991729	0.343828	0.366219
v1.2-General	0.0009329050567	0.991729	0.344325	0.365883
v1.2-General	0.0009329050567	0.991729	0.344822	0.365549
v1.2-General	0.0009329050567	0.991729	0.345319	0.365215
v1.2-General	0.0009329050567	0.991729	0.345816	0.364881
v1.2-General	0.0009329050567	0.991729	0.346313	0.364548
v1.2-General	0.0009329050567	0.991729	0.346810	0.364216
v1.2-General	0.0009329050567	0.991729	0.347307	0.363885
v1.2-General	0.0009329050567	0.991729	0.347804	0.363554
v1.2-General	0.0009329050567	0.991729	0.348302	0.363223
v1.2-General	0.0009329050567	0.991729	0.348799	0.362893
v1.2-General	0.0008875923849	0.991729	0.349296	0.362564
v1.2-General	0.0008875923849	0.991729	0.349793	0.362236
v1.2-General	0.0006280730365	0.991729	0.350290	0.361908
v1.2-General	0.0006280730365	0.991729	0.350787	0.361580
v1.2-General	0.0006280730365	0.991729	0.351284	0.361253
v1.2-General	0.0006280730365	0.991729	0.351781	0.360927
v1.2-General	0.0006280730365	0.991729	0.352278	0.360602
v1.2-General	0.0006280730365	0.991729	0.352775	0.360276
v1.2-General	0.0006280730365	0.991729	0.353273	0.359952
v1.2-General	0.0006280730365	0.991729	0.353770	0.359628
v1.2-General	0.0006280730365	0.991729	0.354267	0.359305
v1.2-General	0.0006280730365	0.991729	0.354764	0.358982
v1.2-General	0.0006280730365	0.991729	0.355261	0.358660
v1.2-General	0.0006280730365	0.991729	0.355758	0.358338
v1.2-General	0.0006280730365	0.991729	0.356255	0.358017
v1.2-General	0.0006280730365	0.991729	0.356752	0.357697
v1.2-General	0.0006280730365	0.991729	0.357249	0.357377
v1.2-General	0.0006280730365	0.991729	0.357746	0.357058
v1.2-General	0.0006280730365	0.991729	0.358244	0.356739
v1.2-General	0.0006280730365	0.991729	0.358741	0.356421
v1.2-General	0.0006280730365	0.991729	0.359238	0.356103
v1.2-General	0.0006280730365	0.991729	0.359735	0.355786
v1.2-General	0.0006280730365	0.991729	0.360232	0.355470
v1.2-General	0.0006280730365	0.991729	0.360729	0.355154
v1.2-General	0.0006280730365	0.991729	0.361226	0.354839
v1.2-General	0.0006280730365	0.991729	0.361723	0.354524
v1.2-General	0.0006280730365	0.991729	0.362220	0.354210
v1.2-General	0.0006280730365	0.991729	0.362717	0.353896
v1.2-General	0.0006280730365	0.991729	0.363215	0.353583
v1.2-General	0.0006280730365	0.991729	0.363712	0.353270
v1.2-General	0.0006280730365	0.991729	0.364209	0.352958
v1.2-General	0.0006280730365	0.991729	0.364706	0.352647
v1.2-General	0.0006280730365	0.991729	0.365203	0.352336
v1.2-General	0.0006280730365	0.991729	0.365700	0.352026
v1.2-General	0.0006280730365	0.991729	0.366197	0.351716
v1.2-General	0.0006280730365	0.991729	0.366694	0.351407
v1.2-General	0.0006280730365	0.991729	0.367191	0.351098
v1.2-General	0.0006280730365	0.991729	0.367688	0.350790
v1.2-General	0.0006280730365	0.991729	0.368186	0.350482
v1.2-General	0.0006280730365	0.991729	0.368683	0.350175
v1.2-General	0.0006280730365	0.991729	0.369180	0.349869
v1.2-General	0.0006280730365	0.991729	0.369677	0.349563
v1.2-General	0.0006280730365	0.991729	0.370174	0.349257
v1.2-General	0.0006280730365	0.991729	0.370671	0.348952
v1.2-General	0.0006280730365	0.991729	0.371168	0.348648
v1.2-General	0.0006280730365	0.991729	0.371665	0.348344
v1.2-General	0.0006280730365	0.991729	0.372162	0.348041
v1.2-General	0.0006280730365	0.991729	0.372659	0.347738
v1.2-General	0.0006280730365	0.991729	0.373157	0.347436
v1.2-General	0.0006280730365	0.991729	0.373654	0.347134
v1.2-General	0.0006280730365	0.991729	0.374151	0.346833
v1.2-General	0.0006280730365	0.991729	0.374648	0.346532
v1.2-General	0.0006280730365	0.991729	0.375145	0.346232
v1.2-General	0.0006280730365	0.991729	0.375642	0.345932
v1.2-General	0.0006280730365	0.991729	0.376139	0.345633
v1.2-General	0.0006230974243	0.991729	0.376636	0.345334
v1.2-General	0.0006230974243	0.991729	0.377133	0.345036
v1.2-General	0.0006230974243	0.991729	0.377630	0.344738
v1.2-General	0.0006230974243	0.991729	0.378128	0.344441
v1.2-General	0.0006230974243	0.992556	0.378459	0.344432
v1.2-General	0.0006230974243	0.992556	0.378956	0.344135
v1.2-General	0.0005025181506	0.992556	0.379453	0.343840
v1.2-General	0.0005025181506	0.992556	0.379950	0.343544
v1.2-General	0.0005025181506	0.992556	0.380447	0.343249
v1.2-General	0.0005025181506	0.992556	0.380944	0.342955
v1.2-General	0.0005025181506	0.992556	0.381442	0.342661
v1.2-General	0.0005025181506	0.992556	0.381939	0.342368
v1.2-General	0.0005025181506	0.992556	0.382436	0.342075
v1.2-General	0.0005025181506	0.992556	0.382933	0.341783
v1.2-General	0.0005025181506	0.992556	0.383430	0.341491
v1.2-General	0.0005025181506	0.992556	0.383927	0.341200
v1.2-General	0.0005025181506	0.992556	0.384424	0.340909
v1.2-General	0.0005025181506	0.992556	0.384921	0.340619
v1.2-General	0.0005025181506	0.992556	0.385418	0.340329
v1.2-General	0.0005025181506	0.992556	0.385915	0.340040
v1.2-General	0.0005025181506	0.992556	0.386413	0.339751
v1.2-General	0.0005025181506	0.992556	0.386910	0.339463
v1.2-General	0.0005025181506	0.992556	0.387407	0.339175
v1.2-General	0.0005025181506	0.992556	0.387904	0.338887
v1.2-General	0.0005025181506	0.992556	0.388401	0.338600
v1.2-General	0.0005025181506	0.992556	0.388898	0.338314
v1.2-General	0.0005025181506	0.992556	0.389395	0.338028
v1.2-General	0.0005025181506	0.992556	0.389892	0.337743
v1.2-General	0.0005025181506	0.992556	0.390389	0.337458
v1.2-General	0.0005025181506	0.992556	0.390886	0.337173
v1.2-General	0.0005025181506	0.992556	0.391384	0.336889
v1.2-General	0.0005025181506	0.992556	0.391881	0.336606
v1.2-General	0.0005025181506	0.992556	0.392378	0.336323
v1.2-General	0.0005025181506	0.992556	0.392875	0.336040
v1.2-General	0.0005025181506	0.992556	0.393372	0.335758
v1.2-General	0.0005025181506	0.992556	0.393869	0.335477
v1.2-General	0.0005025181506	0.992556	0.394366	0.335196
v1.2-General	0.0005025181506	0.992556	0.394863	0.334915
v1.2-General	0.0005025181506	0.992556	0.395360	0.334635
v1.2-General	0.0005025181506	0.992556	0.395857	0.334355
v1.2-General	0.0005025181506	0.992556	0.396355	0.334076
v1.2-General	0.0005025181506	0.992556	0.396852	0.333797
v1.2-General	0.0005025181506	0.992556	0.397349	0.333519
v1.2-General	0.0005025181506	0.992556	0.397846	0.333241
v1.2-General	0.0005025181506	0.992556	0.398343	0.332963
v1.2-General	0.0005025181506	0.992556	0.398840	0.332686
v1.2-General	0.0005025181506	0.992556	0.399337	0.332410
v1.2-General	0.0005025181506	0.992556	0.399834	0.332134
v1.2-General	0.0005025181506	0.992556	0.400331	0.331858
v1.2-General	0.0005025181506	0.992556	0.400829	0.331583
v1.2-General	0.0005025181506	0.992556	0.401326	0.331309
v1.2-General	0.0005025181506	0.992556	0.401823	0.331034
v1.2-General	0.0005025181506	0.992556	0.402320	0.330761
v1.2-General	0.0005025181506	0.992556	0.402817	0.330487
v1.2-General	0.0005025181506	0.992556	0.403314	0.330215
v1.2-General	0.0005025181506	0.992556	0.403811	0.329942
v1.2-General	0.0005025181506	0.992556	0.404308	0.329670
v1.2-General	0.0005025181506	0.992556	0.404805	0.329399
v1.2-General	0.0005025181506	0.992556	0.405302	0.329128
v1.2-General	0.0005025181506	0.992556	0.405800	0.328857
v1.2-General	0.0005025181506	0.992556	0.406297	0.328587
v1.2-General	0.0005025181506	0.992556	0.406794	0.328317
v1.2-General	0.0005025181506	0.992556	0.407291	0.328048
v1.2-General	0.0005025181506	0.992556	0.407788	0.327779
v1.2-General	0.0005025181506	0.992556	0.408285	0.327511
v1.2-General	0.0005025181506	0.992556	0.408782	0.327243
v1.2-General	0.0005025181506	0.992556	0.409279	0.326975
v1.2-General	0.0005025181506	0.992556	0.409776	0.326708
v1.2-General	0.0005025181506	0.992556	0.410273	0.326442
v1.2-General	0.0005025181506	0.992556	0.410771	0.326176
v1.2-General	0.0005025181506	0.992556	0.411268	0.325910
v1.2-General	0.0005025181506	0.992556	0.411765	0.325645
v1.2-General	0.0005025181506	0.992556	0.412262	0.325380
v1.2-General	0.0005025181506	0.992556	0.412759	0.325115
v1.2-General	0.0005025181506	0.992556	0.413256	0.324851
v1.2-General	0.0005025181506	0.992556	0.413753	0.324588
v1.2-General	0.0005025181506	0.992556	0.414250	0.324324
v1.2-General	0.0005025181506	0.992556	0.414747	0.324062
v1.2-General	0.0005025181506	0.992556	0.415244	0.323799
v1.2-General	0.0005025181506	0.992556	0.415742	0.323537
v1.2-General	0.0005025181506	0.992556	0.416239	0.323276
v1.2-General	0.0005025181506	0.992556	0.416736	0.323015
v1.2-General	0.0005025181506	0.992556	0.417233	0.322754
v1.2-General	0.0005025181506	0.992556	0.417730	0.322494
v1.2-General	0.0005025181506	0.992556	0.418227	0.322234
v1.2-General	0.0005025181506	0.992556	0.418724	0.321975
v1.2-General	0.0005025181506	0.992556	0.419221	0.321716
v1.2-General	0.0005025181506	0.992556	0.419718	0.321457
v1.2-General	0.0005025181506	0.992556	0.420215	0.321199
v1.2-General	0.0005025181506	0.992556	0.420713	0.320941
v1.2-General	0.0005025181506	0.992556	0.421210	0.320684
v1.2-General	0.0005025181506	0.992556	0.421707	0.320427
v1.2-General	0.0005025181506	0.992556	0.422204	0.320171
v1.2-General	0.0005025181506	0.992556	0.422701	0.319915
v1.2-General	0.0005025181506	0.992556	0.423198	0.319659
v1.2-General	0.0005025181506	0.992556	0.423695	0.319404
v1.2-General	0.0005025181506	0.992556	0.424192	0.319149
v1.2-General	0.0005025181506	0.992556	0.424689	0.318894
v1.2-General	0.0005025181506	0.992556	0.425186	0.318640
v1.2-General	0.0005025181506	0.992556	0.425684	0.318387
v1.2-General	0.0005025181506	0.992556	0.426181	0.318134
v1.2-General	0.0005025181506	0.992556	0.426678	0.317881
v1.2-General	0.0005025181506	0.992556	0.427175	0.317628
v1.2-General	0.0005025181506	0.992556	0.427672	0.317376
v1.2-General	0.0005025181506	0.992556	0.428169	0.317125
v1.2-General	0.0005025181506	0.992556	0.428666	0.316874
v1.2-General	0.0005025181506	0.992556	0.429163	0.316623
v1.2-General	0.0005025181506	0.992556	0.429660	0.316372
v1.2-General	0.0005025181506	0.992556	0.430157	0.316122
v1.2-General	0.0005025181506	0.992556	0.430655	0.315873
v1.2-General	0.0005025181506	0.992556	0.431152	0.315623
v1.2-General	0.0005025181506	0.992556	0.431649	0.315375
v1.2-General	0.0005025181506	0.992556	0.432146	0.315126
v1.2-General	0.0005025181506	0.992556	0.432643	0.314878
v1.2-General	0.0005025181506	0.992556	0.433140	0.314630
v1.2-General	0.0005025181506	0.992556	0.433637	0.314383
v1.2-General	0.0005025181506	0.992556	0.434134	0.314136
v1.2-General	0.0005025181506	0.992556	0.434631	0.313890
v1.2-General	0.0005025181506	0.992556	0.435128	0.313643
v1.2-General	0.0005025181506	0.992556	0.435626	0.313398
v1.2-General	0.0005025181506	0.992556	0.436123	0.313152
v1.2-General	0.0005025181506	0.992556	0.436620	0.312907
v1.2-General	0.0005025181506	0.992556	0.437117	0.312663
v1.2-General	0.0005025181506	0.992556	0.437614	0.312419
v1.2-General	0.0005025181506	0.992556	0.438111	0.312175
v1.2-General	0.0005025181506	0.992556	0.438608	0.311931
v1.2-General	0.0005025181506	0.992556	0.439105	0.311688
v1.2-General	0.0005025181506	0.992556	0.439602	0.311446
v1.2-General	0.0005025181506	0.992556	0.440099	0.311203
v1.2-General	0.0005025181506	0.992556	0.440597	0.310961
v1.2-General	0.0005025181506	0.992556	0.441094	0.310720
v1.2-General	0.0005025181506	0.992556	0.441591	0.310479
v1.2-General	0.0005025181506	0.992556	0.442088	0.310238
v1.2-General	0.0005025181506	0.992556	0.442585	0.309997
v1.2-General	0.0005025181506	0.992556	0.443082	0.309757
v1.2-General	0.0005025181506	0.992556	0.443579	0.309518
v1.2-General	0.0005025181506	0.992556	0.444076	0.309278
v1.2-General	0.0005025181506	0.992556	0.444573	0.309039
v1.2-General	0.0005025181506	0.992556	0.445070	0.308801
v1.2-General	0.0005025181506	0.992556	0.445568	0.308563
v1.2-General	0.0005025181506	0.992556	0.446065	0.308325
v1.2-General	0.0005025181506	0.992556	0.446562	0.308087
v1.2-General	0.0005025181506	0.992556	0.447059	0.307850
v1.2-General	0.0005025181506	0.992556	0.447556	0.307613
v1.2-General	0.0005025181506	0.992556	0.448053	0.307377
v1.2-General	0.0005025181506	0.992556	0.448550	0.307141
v1.2-General	0.0005025181506	0.992556	0.449047	0.306905
v1.2-General	0.0005025181506	0.992556	0.449544	0.306670
v1.2-General	0.0005025181506	0.992556	0.450041	0.306435
v1.2-General	0.0005025181506	0.992556	0.450539	0.306201
v1.2-General	0.0005025181506	0.992556	0.451036	0.305966
v1.2-General	0.0005025181506	0.992556	0.451533	0.305732
v1.2-General	0.0005025181506	0.992556	0.452030	0.305499
v1.2-General	0.0005025181506	0.992556	0.452527	0.305266
v1.2-General	0.0005025181506	0.992556	0.453024	0.305033
v1.2-General	0.0005025181506	0.992556	0.453521	0.304801
v1.2-General	0.0005025181506	0.992556	0.454018	0.304569
v1.2-General	0.0005025181506	0.992556	0.454515	0.304337
v1.2-General	0.0005025181506	0.992556	0.455012	0.304105
v1.2-General	0.0005025181506	0.992556	0.455510	0.303874
v1.2-General	0.0005025181506	0.992556	0.456007	0.303644
v1.2-General	0.0005025181506	0.992556	0.456504	0.303413
v1.2-General	0.0005025181506	0.992556	0.457001	0.303183
v1.2-General	0.0005025181506	0.992556	0.457498	0.302954
v1.2-General	0.0005025181506	0.992556	0.457995	0.302725
v1.2-General	0.0005025181506	0.992556	0.458492	0.302496
v1.2-General	0.0005025181506	0.992556	0.458989	0.302267
v1.2-General	0.0005025181506	0.992556	0.459486	0.302039
v1.2-General	0.0005025181506	0.992556	0.459983	0.301811
v1.2-General	0.0005025181506	0.992556	0.460481	0.301583
v1.2-General	0.0005025181506	0.992556	0.460978	0.301356
v1.2-General	0.0005025181506	0.992556	0.461475	0.301129
v1.2-General	0.0005025181506	0.992556	0.461972	0.300903
v1.2-General	0.0005025181506	0.992556	0.462469	0.300677
v1.2-General	0.0005025181506	0.992556	0.462966	0.300451
v1.2-General	0.0005025181506	0.992556	0.463463	0.300225
v1.2-General	0.0005025181506	0.992556	0.463960	0.300000
v1.2-General	0.0005025181506	0.992556	0.464457	0.299775
v1.2-General	0.0005025181506	0.992556	0.464954	0.299551
v1.2-General	0.0005025181506	0.992556	0.465452	0.299327
v1.2-General	0.0005025181506	0.992556	0.465949	0.299103
v1.2-General	0.0005025181506	0.992556	0.466446	0.298879
v1.2-General	0.0005025181506	0.992556	0.466943	0.298656
v1.2-General	0.0005025181506	0.992556	0.467440	0.298433
v1.2-General	0.0005025181506	0.992556	0.467937	0.298211
v1.2-General	0.0005025181506	0.992556	0.468434	0.297989
v1.2-General	0.0005025181506	0.992556	0.468931	0.297767
v1.2-General	0.0005025181506	0.992556	0.469428	0.297545
v1.2-General	0.0005025181506	0.992556	0.469925	0.297324
v1.2-General	0.0005025181506	0.992556	0.470423	0.297103
v1.2-General	0.0005025181506	0.992556	0.470920	0.296883
v1.2-General	0.0005025181506	0.992556	0.471417	0.296663
v1.2-General	0.0005025181506	0.992556	0.471914	0.296443
v1.2-General	0.0005025181506	0.992556	0.472411	0.296223
v1.2-General	0.0005025181506	0.992556	0.472908	0.296004
v1.2-General	0.0005025181506	0.992556	0.473405	0.295785
v1.2-General	0.0005025181506	0.992556	0.473902	0.295567
v1.2-General	0.0005025181506	0.992556	0.474399	0.295348
v1.2-General	0.0005025181506	0.992556	0.474896	0.295130
v1.2-General	0.0005025181506	0.992556	0.475394	0.294913
v1.2-General	0.0005025181506	0.992556	0.475891	0.294695
v1.2-General	0.0005025181506	0.992556	0.476388	0.294479
v1.2-General	0.0005025181506	0.992556	0.476885	0.294262
v1.2-General	0.0005025181506	0.992556	0.477382	0.294046
v1.2-General	0.0005025181506	0.992556	0.477879	0.293830
v1.2-General	0.0005025181506	0.992556	0.478376	0.293614
v1.2-General	0.0005025181506	0.992556	0.478873	0.293399
v1.2-General	0.0005025181506	0.992556	0.479370	0.293183
v1.2-General	0.0005025181506	0.992556	0.479867	0.292969
v1.2-General	0.0005025181506	0.992556	0.480365	0.292754
v1.2-General	0.0005025181506	0.992556	0.480862	0.292540
v1.2-General	0.0005025181506	0.992556	0.481359	0.292326
v1.2-General	0.0005025181506	0.992556	0.481856	0.292113
v1.2-General	0.0005025181506	0.992556	0.482353	0.291900
v1.2-General	0.0005025181506	0.992556	0.482850	0.291687
v1.2-General	0.0005025181506	0.992556	0.483347	0.291474
v1.2-General	0.0005025181506	0.992556	0.483844	0.291262
v1.2-General	0.0005025181506	0.992556	0.484341	0.291050
v1.2-General	0.0005025181506	0.992556	0.484838	0.290839
v1.2-General	0.0005025181506	0.992556	0.485336	0.290627
v1.2-General	0.0005025181506	0.992556	0.485833	0.290416
v1.2-General	0.0005025181506	0.992556	0.486330	0.290206
v1.2-General	0.0005025181506	0.992556	0.486827	0.289995
v1.2-General	0.0005025181506	0.992556	0.487324	0.289785
v1.2-General	0.0005025181506	0.992556	0.487821	0.289575
v1.2-General	0.0005025181506	0.992556	0.488318	0.289366
v1.2-General	0.0005025181506	0.992556	0.488815	0.289157
v1.2-General	0.0005025181506	0.992556	0.489312	0.288948
v1.2-General	0.0005025181506	0.992556	0.489809	0.288739
v1.2-General	0.0005025181506	0.992556	0.490307	0.288531
v1.2-General	0.0005025181506	0.992556	0.490804	0.288323
v1.2-General	0.0005025181506	0.992556	0.491301	0.288115
v1.2-General	0.0005025181506	0.992556	0.491798	0.287908
v1.2-General	0.0005025181506	0.992556	0.492295	0.287701
v1.2-General	0.0005025181506	0.992556	0.492792	0.287494
v1.2-General	0.0005025181506	0.992556	0.493289	0.287288
v1.2-General	0.0005025181506	0.992556	0.493786	0.287081
v1.2-General	0.0005025181506	0.992556	0.494283	0.286875
v1.2-General	0.0005025181506	0.992556	0.494780	0.286670
v1.2-General	0.0005025181506	0.992556	0.495278	0.286465
v1.2-General	0.0005025181506	0.992556	0.495775	0.286260
v1.2-General	0.0005025181506	0.992556	0.496272	0.286055
v1.2-General	0.0005025181506	0.992556	0.496769	0.285850
v1.2-General	0.0005025181506	0.992556	0.497266	0.285646
v1.2-General	0.0005025181506	0.992556	0.497763	0.285442
v1.2-General	0.0005025181506	0.992556	0.498260	0.285239
v1.2-General	0.0005025181506	0.992556	0.498757	0.285036
v1.2-General	0.0005025181506	0.992556	0.499254	0.284833
v1.2-General	0.0005025181506	0.992556	0.499751	0.284630
v1.2-General	0.0005025181506	0.992556	0.500249	0.284428
v1.2-General	0.0005025181506	0.992556	0.500746	0.284225
v1.2-General	0.0005025181506	0.992556	0.501243	0.284024
v1.2-General	0.0005025181506	0.992556	0.501740	0.283822
v1.2-General	0.0005025181506	0.992556	0.502237	0.283621
v1.2-General	0.0005025181506	0.992556	0.502734	0.283420
v1.2-General	0.0005025181506	0.992556	0.503231	0.283219
v1.2-General	0.0005025181506	0.992556	0.503728	0.283019
v1.2-General	0.0005025181506	0.992556	0.504225	0.282819
v1.2-General	0.0005025181506	0.992556	0.504722	0.282619
v1.2-General	0.0005025181506	0.992556	0.505220	0.282419
v1.2-General	0.0005025181506	0.992556	0.505717	0.282220
v1.2-General	0.0005025181506	0.992556	0.506214	0.282021
v1.2-General	0.0005025181506	0.992556	0.506711	0.281822
v1.2-General	0.0005025181506	0.992556	0.507208	0.281624
v1.2-General	0.0005025181506	0.992556	0.507705	0.281426
v1.2-General	0.0005025181506	0.992556	0.508202	0.281228
v1.2-General	0.0005025181506	0.992556	0.508699	0.281030
v1.2-General	0.0005025181506	0.992556	0.509196	0.280833
v1.2-General	0.0005025181506	0.992556	0.509693	0.280636
v1.2-General	0.0005025181506	0.992556	0.510191	0.280439
v1.2-General	0.0005025181506	0.992556	0.510688	0.280243
v1.2-General	0.0005025181506	0.992556	0.511185	0.280047
v1.2-General	0.0005025181506	0.992556	0.511682	0.279851
v1.2-General	0.0005025181506	0.992556	0.512179	0.279655
v1.2-General	0.0005025181506	0.992556	0.512676	0.279460
v1.2-General	0.0005025181506	0.992556	0.513173	0.279265
v1.2-General	0.0005025181506	0.992556	0.513670	0.279070
v1.2-General	0.0005025181506	0.992556	0.514167	0.278875
v1.2-General	0.0005025181506	0.992556	0.514664	0.278681
v1.2-General	0.0005025181506	0.992556	0.515162	0.278487
v1.2-General	0.0005025181506	0.992556	0.515659	0.278293
v1.2-General	0.0005025181506	0.992556	0.516156	0.278100
v1.2-General	0.0005025181506	0.992556	0.516653	0.277906
v1.2-General	0.0005025181506	0.992556	0.517150	0.277713
v1.2-General	0.0005025181506	0.992556	0.517647	0.277521
v1.2-General	0.0005025181506	0.992556	0.518144	0.277328
v1.2-General	0.0005025181506	0.992556	0.518641	0.277136
v1.2-General	0.0005025181506	0.992556	0.519138	0.276944
v1.2-General	0.0005025181506	0.992556	0.519635	0.276753
v1.2-General	0.0005025181506	0.992556	0.520133	0.276561
v1.2-General	0.0005025181506	0.992556	0.520630	0.276370
v1.2-General	0.0005025181506	0.992556	0.521127	0.276180
v1.2-General	0.0005025181506	0.992556	0.521624	0.275989
v1.2-General	0.0005025181506	0.992556	0.522121	0.275799
v1.2-General	0.0005025181506	0.992556	0.522618	0.275609
v1.2-General	0.0005025181506	0.992556	0.523115	0.275419
v1.2-General	0.0005025181506	0.992556	0.523612	0.275229
v1.2-General	0.0005025181506	0.992556	0.524109	0.275040
v1.2-General	0.0005025181506	0.992556	0.524606	0.274851
v1.2-General	0.0005025181506	0.992556	0.525104	0.274662
v1.2-General	0.0005025181506	0.992556	0.525601	0.274474
v1.2-General	0.0005025181506	0.992556	0.526098	0.274286
v1.2-General	0.0005025181506	0.992556	0.526595	0.274098
v1.2-General	0.0005025181506	0.992556	0.527092	0.273910
v1.2-General	0.0005025181506	0.992556	0.527589	0.273723
v1.2-General	0.0005025181506	0.992556	0.528086	0.273535
v1.2-General	0.0005025181506	0.992556	0.528583	0.273349
v1.2-General	0.0005025181506	0.992556	0.529080	0.273162
v1.2-General	0.0005025181506	0.992556	0.529577	0.272975
v1.2-General	0.0005025181506	0.992556	0.530075	0.272789
v1.2-General	0.0005025181506	0.992556	0.530572	0.272603
v1.2-General	0.0005025181506	0.992556	0.531069	0.272418
v1.2-General	0.0005025181506	0.992556	0.531566	0.272232
v1.2-General	0.0005025181506	0.992556	0.532063	0.272047
v1.2-General	0.0005025181506	0.992556	0.532560	0.271862
v1.2-General	0.0005025181506	0.992556	0.533057	0.271678
v1.2-General	0.0005025181506	0.992556	0.533554	0.271493
v1.2-General	0.0005025181506	0.992556	0.534051	0.271309
v1.2-General	0.0005025181506	0.992556	0.534548	0.271125
v1.2-General	0.0005025181506	0.992556	0.535046	0.270942
v1.2-General	0.0005025181506	0.992556	0.535543	0.270758
v1.2-General	0.0005025181506	0.992556	0.536040	0.270575
v1.2-General	0.0005025181506	0.992556	0.536537	0.270392
v1.2-General	0.0005025181506	0.992556	0.537034	0.270209
v1.2-General	0.0005025181506	0.992556	0.537531	0.270027
v1.2-General	0.0005025181506	0.992556	0.538028	0.269845
v1.2-General	0.0005025181506	0.992556	0.538525	0.269663
v1.2-General	0.0005025181506	0.992556	0.539022	0.269481
v1.2-General	0.0005025181506	0.992556	0.539519	0.269300
v1.2-General	0.0005025181506	0.992556	0.540017	0.269119
v1.2-General	0.0005025181506	0.992556	0.540514	0.268938
v1.2-General	0.0005025181506	0.992556	0.541011	0.268757
v1.2-General	0.0005025181506	0.992556	0.541508	0.268577
v1.2-General	0.0005025181506	0.992556	0.542005	0.268396
v1.2-General	0.0005025181506	0.992556	0.542502	0.268216
v1.2-General	0.0005025181506	0.992556	0.542999	0.268037
v1.2-General	0.0005025181506	0.992556	0.543496	0.267857
v1.2-General	0.0005025181506	0.992556	0.543993	0.267678
v1.2-General	0.0005025181506	0.992556	0.544490	0.267499
v1.2-General	0.0005025181506	0.992556	0.544988	0.267320
v1.2-General	0.0005025181506	0.992556	0.545485	0.267142
v1.2-General	0.0005025181506	0.992556	0.545982	0.266963
v1.2-General	0.0005025181506	0.992556	0.546479	0.266785
v1.2-General	0.0005025181506	0.992556	0.546976	0.266607
v1.2-General	0.0005025181506	0.992556	0.547473	0.266430
v1.2-General	0.0005025181506	0.992556	0.547970	0.266252
v1.2-General	0.0005025181506	0.992556	0.548467	0.266075
v1.2-General	0.0005025181506	0.992556	0.548964	0.265899
v1.2-General	0.0005025181506	0.992556	0.549461	0.265722
v1.2-General	0.0005025181506	0.992556	0.549959	0.265545
v1.2-General	0.0005025181506	0.992556	0.550456	0.265369
v1.2-General	0.0005025181506	0.992556	0.550953	0.265193
v1.2-General	0.0005025181506	0.992556	0.551450	0.265018
v1.2-General	0.0005025181506	0.992556	0.551947	0.264842
v1.2-General	0.0005025181506	0.992556	0.552444	0.264667
v1.2-General	0.0005025181506	0.992556	0.552941	0.264492
v1.2-General	0.0005025181506	0.992556	0.553438	0.264317
v1.2-General	0.0005025181506	0.992556	0.553935	0.264143
v1.2-General	0.0005025181506	0.992556	0.554432	0.263968
v1.2-General	0.0005025181506	0.992556	0.554930	0.263794
v1.2-General	0.0005025181506	0.992556	0.555427	0.263620
v1.2-General	0.0005025181506	0.992556	0.555924	0.263447
v1.2-General	0.0005025181506	0.992556	0.556421	0.263273
v1.2-General	0.0005025181506	0.992556	0.556918	0.263100
v1.2-General	0.0005025181506	0.992556	0.557415	0.262927
v1.2-General	0.0005025181506	0.992556	0.557912	0.262755
v1.2-General	0.0005025181506	0.992556	0.558409	0.262582
v1.2-General	0.0005025181506	0.992556	0.558906	0.262410
v1.2-General	0.0005025181506	0.992556	0.559403	0.262238
v1.2-General	0.0005025181506	0.992556	0.559901	0.262066
v1.2-General	0.0005025181506	0.992556	0.560398	0.261894
v1.2-General	0.0005025181506	0.992556	0.560895	0.261723
v1.2-General	0.0005025181506	0.992556	0.561392	0.261552
v1.2-General	0.0005025181506	0.992556	0.561889	0.261381
v1.2-General	0.0005025181506	0.992556	0.562386	0.261210
v1.2-General	0.0005025181506	0.992556	0.562883	0.261040
v1.2-General	0.0005025181506	0.992556	0.563380	0.260870
v1.2-General	0.0005025181506	0.992556	0.563877	0.260700
v1.2-General	0.0005025181506	0.992556	0.564374	0.260530
v1.2-General	0.0005025181506	0.992556	0.564872	0.260360
v1.2-General	0.0005025181506	0.992556	0.565369	0.260191
v1.2-General	0.0005025181506	0.992556	0.565866	0.260022
v1.2-General	0.0005025181506	0.992556	0.566363	0.259853
v1.2-General	0.0005025181506	0.992556	0.566860	0.259684
v1.2-General	0.0005025181506	0.992556	0.567357	0.259516
v1.2-General	0.0005025181506	0.992556	0.567854	0.259347
v1.2-General	0.0005025181506	0.992556	0.568351	0.259179
v1.2-General	0.0005025181506	0.992556	0.568848	0.259011
v1.2-General	0.0005025181506	0.992556	0.569345	0.258844
v1.2-General	0.0005025181506	0.992556	0.569843	0.258676
v1.2-General	0.0005025181506	0.992556	0.570340	0.258509
v1.2-General	0.0005025181506	0.992556	0.570837	0.258342
v1.2-General	0.0005025181506	0.992556	0.571334	0.258176
v1.2-General	0.0005025181506	0.992556	0.571831	0.258009
v1.2-General	0.0005025181506	0.992556	0.572328	0.257843
v1.2-General	0.0005025181506	0.992556	0.572825	0.257677
v1.2-General	0.0005025181506	0.992556	0.573322	0.257511
v1.2-General	0.0005025181506	0.992556	0.573819	0.257345
v1.2-General	0.0005025181506	0.992556	0.574316	0.257180
v1.2-General	0.0005025181506	0.992556	0.574814	0.257014
v1.2-General	0.0005025181506	0.992556	0.575311	0.256849
v1.2-General	0.0005025181506	0.992556	0.575808	0.256684
v1.2-General	0.0005025181506	0.992556	0.576305	0.256520
v1.2-General	0.0005025181506	0.992556	0.576802	0.256355
v1.2-General	0.0005025181506	0.992556	0.577299	0.256191
v1.2-General	0.0005025181506	0.992556	0.577796	0.256027
v1.2-General	0.0005025181506	0.992556	0.578293	0.255864
v1.2-General	0.0005025181506	0.992556	0.578790	0.255700
v1.2-General	0.0005025181506	0.992556	0.579287	0.255537
v1.2-General	0.0005025181506	0.992556	0.579785	0.255373
v1.2-General	0.0005025181506	0.992556	0.580282	0.255211
v1.2-General	0.0005025181506	0.992556	0.580779	0.255048
v1.2-General	0.0005025181506	0.992556	0.581276	0.254885
v1.2-General	0.0005025181506	0.992556	0.581773	0.254723
v1.2-General	0.0005025181506	0.992556	0.582270	0.254561
v1.2-General	0.0005025181506	0.992556	0.582767	0.254399
v1.2-General	0.0005025181506	0.992556	0.583264	0.254237
v1.2-General	0.0005025181506	0.992556	0.583761	0.254076
v1.2-General	0.0005025181506	0.992556	0.584258	0.253915
v1.2-General	0.0005025181506	0.992556	0.584756	0.253753
v1.2-General	0.0005025181506	0.992556	0.585253	0.253593
v1.2-General	0.0005025181506	0.992556	0.585750	0.253432
v1.2-General	0.0005025181506	0.992556	0.586247	0.253271
v1.2-General	0.0005025181506	0.992556	0.586744	0.253111
v1.2-General	0.0005025181506	0.992556	0.587241	0.252951
v1.2-General	0.0005025181506	0.992556	0.587738	0.252791
v1.2-General	0.0005025181506	0.992556	0.588235	0.252632
v1.2-General	0.0005025181506	0.992556	0.588732	0.252472
v1.2-General	0.0005025181506	0.992556	0.589229	0.252313
v1.2-General	0.0005025181506	0.992556	0.589727	0.252154
v1.2-General	0.0005025181506	0.992556	0.590224	0.251995
v1.2-General	0.0005025181506	0.992556	0.590721	0.251836
v1.2-General	0.0005025181506	0.992556	0.591218	0.251678
v1.2-General	0.0005025181506	0.992556	0.591715	0.251520
v1.2-General	0.0005025181506	0.992556	0.592212	0.251362
v1.2-General	0.0005025181506	0.992556	0.592709	0.251204
v1.2-General	0.0005025181506	0.992556	0.593206	0.251046
v1.2-General	0.0005025181506	0.992556	0.593703	0.250889
v1.2-General	0.0005025181506	0.992556	0.594200	0.250731
v1.2-General	0.0005025181506	0.992556	0.594698	0.250574
v1.2-General	0.0005025181506	0.992556	0.595195	0.250417
v1.2-General	0.0005025181506	0.992556	0.595692	0.250261
v1.2-General	0.0005025181506	0.992556	0.596189	0.250104
v1.2-General	0.0005025181506	0.992556	0.596686	0.249948
v1.2-General	0.0005025181506	0.992556	0.597183	0.249792
v1.2-General	0.0005025181506	0.992556	0.597680	0.249636
v1.2-General	0.0005025181506	0.992556	0.598177	0.249480
v1.2-General	0.0005025181506	0.992556	0.598674	0.249325
v1.2-General	0.0005025181506	0.992556	0.599171	0.249169
v1.2-General	0.0005025181506	0.992556	0.599669	0.249014
v1.2-General	0.0005025181506	0.992556	0.600166	0.248859
v1.2-General	0.0005025181506	0.992556	0.600663	0.248705
v1.2-General	0.0005025181506	0.992556	0.601160	0.248550
v1.2-General	0.0005025181506	0.992556	0.601657	0.248396
v1.2-General	0.0005025181506	0.992556	0.602154	0.248242
v1.2-General	0.0005025181506	0.992556	0.602651	0.248088
v1.2-General	0.0005025181506	0.992556	0.603148	0.247934
v1.2-General	0.0005025181506	0.992556	0.603645	0.247780
v1.2-General	0.0005025181506	0.992556	0.604143	0.247627
v1.2-General	0.0005025181506	0.992556	0.604640	0.247474
v1.2-General	0.0005025181506	0.992556	0.605137	0.247321
v1.2-General	0.0005025181506	0.992556	0.605634	0.247168
v1.2-General	0.0005025181506	0.992556	0.606131	0.247015
v1.2-General	0.0005025181506	0.992556	0.606628	0.246863
v1.2-General	0.0005025181506	0.992556	0.607125	0.246711
v1.2-General	0.0005025181506	0.992556	0.607622	0.246558
v1.2-General	0.0005025181506	0.992556	0.608119	0.246407
v1.2-General	0.0005025181506	0.992556	0.608616	0.246255
v1.2-General	0.0005025181506	0.992556	0.609114	0.246103
v1.2-General	0.0005025181506	0.992556	0.609611	0.245952
v1.2-General	0.0005025181506	0.992556	0.610108	0.245801
v1.2-General	0.0005025181506	0.992556	0.610605	0.245650
v1.2-General	0.0005025181506	0.992556	0.611102	0.245499
v1.2-General	0.0005025181506	0.992556	0.611599	0.245349
v1.2-General	0.0005025181506	0.992556	0.612096	0.245198
v1.2-General	0.0005025181506	0.992556	0.612593	0.245048
v1.2-General	0.0005025181506	0.992556	0.613090	0.244898
v1.2-General	0.0005025181506	0.992556	0.613587	0.244748
v1.2-General	0.0005025181506	0.992556	0.614085	0.244598
v1.2-General	0.0005025181506	0.992556	0.614582	0.244449
v1.2-General	0.0005025181506	0.992556	0.615079	0.244300
v1.2-General	0.0005025181506	0.992556	0.615576	0.244151
v1.2-General	0.0005025181506	0.992556	0.616073	0.244002
v1.2-General	0.0005025181506	0.992556	0.616570	0.243853
v1.2-General	0.0005025181506	0.992556	0.617067	0.243704
v1.2-General	0.0005025181506	0.992556	0.617564	0.243556
v1.2-General	0.0005025181506	0.992556	0.618061	0.243408
v1.2-General	0.0005025181506	0.992556	0.618558	0.243260
v1.2-General	0.0005025181506	0.992556	0.619056	0.243112
v1.2-General	0.0005025181506	0.992556	0.619553	0.242964
v1.2-General	0.0005025181506	0.992556	0.620050	0.242817
v1.2-General	0.0005025181506	0.992556	0.620547	0.242669
v1.2-General	0.0005025181506	0.992556	0.621044	0.242522
v1.2-General	0.0005025181506	0.992556	0.621541	0.242375
v1.2-General	0.0005025181506	0.992556	0.622038	0.242229
v1.2-General	0.0005025181506	0.992556	0.622535	0.242082
v1.2-General	0.0005025181506	0.992556	0.623032	0.241935
v1.2-General	0.0005025181506	0.992556	0.623529	0.241789
v1.2-General	0.0005025181506	0.992556	0.624027	0.241643
v1.2-General	0.0005025181506	0.992556	0.624524	0.241497
v1.2-General	0.0005025181506	0.992556	0.625021	0.241352
v1.2-General	0.0005025181506	0.992556	0.625518	0.241206
v1.2-General	0.0005025181506	0.992556	0.626015	0.241061
v1.2-General	0.0005025181506	0.992556	0.626512	0.240915
v1.2-General	0.0005025181506	0.992556	0.627009	0.240770
v1.2-General	0.0005025181506	0.992556	0.627506	0.240626
v1.2-General	0.0005025181506	0.992556	0.628003	0.240481
v1.2-General	0.0005025181506	0.992556	0.628500	0.240336
v1.2-General	0.0005025181506	0.992556	0.628998	0.240192
v1.2-General	0.0005025181506	0.992556	0.629495	0.240048
v1.2-General	0.0005025181506	0.992556	0.629992	0.239904
v1.2-General	0.0005025181506	0.992556	0.630489	0.239760
v1.2-General	0.0005025181506	0.992556	0.630986	0.239617
v1.2-General	0.0005025181506	0.992556	0.631483	0.239473
v1.2-General	0.0005025181506	0.992556	0.631980	0.239330
v1.2-General	0.0005025181506	0.992556	0.632477	0.239187
v1.2-General	0.0005025181506	0.992556	0.632974	0.239044
v1.2-General	0.0005025181506	0.992556	0.633471	0.238901
v1.2-General	0.0005025181506	0.992556	0.633969	0.238758
v1.2-General	0.0005025181506	0.992556	0.634466	0.238616
v1.2-General	0.0005025181506	0.992556	0.634963	0.238474
v1.2-General	0.0005025181506	0.992556	0.635460	0.238332
v1.2-General	0.0005025181506	0.992556	0.635957	0.238190
v1.2-General	0.0005025181506	0.992556	0.636454	0.238048
v1.2-General	0.0005025181506	0.992556	0.636951	0.237906
v1.2-General	0.0005025181506	0.992556	0.637448	0.237765
v1.2-General	0.0005025181506	0.992556	0.637945	0.237624
v1.2-General	0.0005025181506	0.992556	0.638442	0.237483
v1.2-General	0.0005025181506	0.992556	0.638940	0.237342
v1.2-General	0.0005025181506	0.992556	0.639437	0.237201
v1.2-General	0.0005025181506	0.992556	0.639934	0.237060
v1.2-General	0.0005025181506	0.992556	0.640431	0.236920
v1.2-General	0.0005025181506	0.992556	0.640928	0.236780
v1.2-General	0.0005025181506	0.992556	0.641425	0.236640
v1.2-General	0.0005025181506	0.992556	0.641922	0.236500
v1.2-General	0.0005025181506	0.992556	0.642419	0.236360
v1.2-General	0.0005025181506	0.992556	0.642916	0.236220
v1.2-General	0.0005025181506	0.992556	0.643413	0.236081
v1.2-General	0.0005025181506	0.992556	0.643911	0.235942
v1.2-General	0.0005025181506	0.992556	0.644408	0.235803
v1.2-General	0.0005025181506	0.992556	0.644905	0.235664
v1.2-General	0.0005025181506	0.992556	0.645402	0.235525
v1.2-General	0.0005025181506	0.992556	0.645899	0.235386
v1.2-General	0.0005025181506	0.992556	0.646396	0.235248
v1.2-General	0.0005025181506	0.992556	0.646893	0.235110
v1.2-General	0.0005025181506	0.992556	0.647390	0.234972
v1.2-General	0.0005025181506	0.992556	0.647887	0.234834
v1.2-General	0.0005025181506	0.992556	0.648384	0.234696
v1.2-General	0.0005025181506	0.992556	0.648882	0.234558
v1.2-General	0.0005025181506	0.992556	0.649379	0.234421
v1.2-General	0.0005025181506	0.992556	0.649876	0.234283
v1.2-General	0.0005025181506	0.992556	0.650373	0.234146
v1.2-General	0.0005025181506	0.992556	0.650870	0.234009
v1.2-General	0.0005025181506	0.992556	0.651367	0.233873
v1.2-General	0.0005025181506	0.992556	0.651864	0.233736
v1.2-General	0.0005025181506	0.992556	0.652361	0.233599
v1.2-General	0.0005025181506	0.992556	0.652858	0.233463
v1.2-General	0.0005025181506	0.992556	0.653355	0.233327
v1.2-General	0.0005025181506	0.992556	0.653853	0.233191
v1.2-General	0.0005025181506	0.992556	0.654350	0.233055
v1.2-General	0.0005025181506	0.992556	0.654847	0.232919
v1.2-General	0.0005025181506	0.992556	0.655344	0.232784
v1.2-General	0.0005025181506	0.992556	0.655841	0.232648
v1.2-General	0.0005025181506	0.992556	0.656338	0.232513
v1.2-General	0.0005025181506	0.992556	0.656835	0.232378
v1.2-General	0.0005025181506	0.992556	0.657332	0.232243
v1.2-General	0.0005025181506	0.992556	0.657829	0.232108
v1.2-General	0.0005025181506	0.992556	0.658326	0.231974
v1.2-General	0.0005025181506	0.992556	0.658824	0.231839
v1.2-General	0.0005025181506	0.992556	0.659321	0.231705
v1.2-General	0.0005025181506	0.992556	0.659818	0.231571
v1.2-General	0.0005025181506	0.992556	0.660315	0.231437
v1.2-General	0.0005025181506	0.992556	0.660812	0.231303
v1.2-General	0.0005025181506	0.992556	0.661309	0.231169
v1.2-General	0.0005025181506	0.992556	0.661806	0.231036
v1.2-General	0.0005025181506	0.992556	0.662303	0.230902
v1.2-General	0.0005025181506	0.992556	0.662800	0.230769
v1.2-General	0.0005025181506	0.992556	0.663297	0.230636
v1.2-General	0.0005025181506	0.992556	0.663795	0.230503
v1.2-General	0.0005025181506	0.992556	0.664292	0.230371
v1.2-General	0.0005025181506	0.992556	0.664789	0.230238
v1.2-General	0.0005025181506	0.992556	0.665286	0.230105
v1.2-General	0.0005025181506	0.992556	0.665783	0.229973
v1.2-General	0.0005025181506	0.992556	0.666280	0.229841
v1.2-General	0.0005025181506	0.992556	0.666777	0.229709
v1.2-General	0.0005025181506	0.992556	0.667274	0.229577
v1.2-General	0.0005025181506	0.992556	0.667771	0.229446
v1.2-General	0.0005025181506	0.992556	0.668268	0.229314
v1.2-General	0.0005025181506	0.992556	0.668766	0.229183
v1.2-General	0.0005025181506	0.992556	0.669263	0.229051
v1.2-General	0.0005025181506	0.992556	0.669760	0.228920
v1.2-General	0.0005025181506	0.992556	0.670257	0.228789
v1.2-General	0.0005025181506	0.992556	0.670754	0.228659
v1.2-General	0.0005025181506	0.992556	0.671251	0.228528
v1.2-General	0.0005025181506	0.992556	0.671748	0.228397
v1.2-General	0.0005025181506	0.992556	0.672245	0.228267
v1.2-General	0.0005025181506	0.992556	0.672742	0.228137
v1.2-General	0.0005025181506	0.992556	0.673239	0.228007
v1.2-General	0.0005025181506	0.992556	0.673737	0.227877
v1.2-General	0.0005025181506	0.992556	0.674234	0.227747
v1.2-General	0.0005025181506	0.992556	0.674731	0.227618
v1.2-General	0.0005025181506	0.992556	0.675228	0.227488
v1.2-General	0.0005025181506	0.992556	0.675725	0.227359
v1.2-General	0.0005025181506	0.992556	0.676222	0.227230
v1.2-General	0.0005025181506	0.992556	0.676719	0.227101
v1.2-General	0.0005025181506	0.992556	0.677216	0.226972
v1.2-General	0.0005025181506	0.992556	0.677713	0.226843
v1.2-General	0.0005025181506	0.992556	0.678210	0.226715
v1.2-General	0.0005025181506	0.992556	0.678708	0.226586
v1.2-General	0.0005025181506	0.992556	0.679205	0.226458
v1.2-General	0.0005025181506	0.992556	0.679702	0.226330
v1.2-General	0.0005025181506	0.992556	0.680199	0.226202
v1.2-General	0.0005025181506	0.992556	0.680696	0.226074
v1.2-General	0.0005025181506	0.992556	0.681193	0.225946
v1.2-General	0.0005025181506	0.992556	0.681690	0.225819
v1.2-General	0.0005025181506	0.992556	0.682187	0.225691
v1.2-General	0.0005025181506	0.992556	0.682684	0.225564
v1.2-General	0.0005025181506	0.992556	0.683181	0.225437
v1.2-General	0.0005025181506	0.992556	0.683679	0.225310
v1.2-General	0.0005025181506	0.992556	0.684176	0.225183
v1.2-General	0.0005025181506	0.992556	0.684673	0.225056
v1.2-General	0.0005025181506	0.992556	0.685170	0.224930
v1.2-General	0.0005025181506	0.992556	0.685667	0.224803
v1.2-General	0.0005025181506	0.992556	0.686164	0.224677
v1.2-General	0.0005025181506	0.992556	0.686661	0.224551
v1.2-General	0.0005025181506	0.992556	0.687158	0.224425
v1.2-General	0.0005025181506	0.992556	0.687655	0.224299
v1.2-General	0.0005025181506	0.992556	0.688152	0.224173
v1.2-General	0.0005025181506	0.992556	0.688650	0.224048
v1.2-General	0.0005025181506	0.992556	0.689147	0.223922
v1.2-General	0.0005025181506	0.992556	0.689644	0.223797
v1.2-General	0.0005025181506	0.992556	0.690141	0.223672
v1.2-General	0.0005025181506	0.992556	0.690638	0.223547
v1.2-General	0.0005025181506	0.992556	0.691135	0.223422
v1.2-General	0.0005025181506	0.992556	0.691632	0.223297
v1.2-General	0.0005025181506	0.992556	0.692129	0.223173
v1.2-General	0.0005025181506	0.992556	0.692626	0.223048
v1.2-General	0.0005025181506	0.992556	0.693123	0.222924
v1.2-General	0.0005025181506	0.992556	0.693621	0.222800
v1.2-General	0.0005025181506	0.992556	0.694118	0.222676
v1.2-General	0.0005025181506	0.992556	0.694615	0.222552
v1.2-General	0.0005025181506	0.992556	0.695112	0.222428
v1.2-General	0.0005025181506	0.992556	0.695609	0.222305
v1.2-General	0.0005025181506	0.992556	0.696106	0.222181
v1.2-General	0.0005025181506	0.992556	0.696603	0.222058
v1.2-General	0.0005025181506	0.992556	0.697100	0.221935
v1.2-General	0.0005025181506	0.992556	0.697597	0.221811
v1.2-General	0.0005025181506	0.992556	0.698094	0.221689
v1.2-General	0.0005025181506	0.992556	0.698592	0.221566
v1.2-General	0.0005025181506	0.992556	0.699089	0.221443
v1.2-General	0.0005025181506	0.992556	0.699586	0.221321
v1.2-General	0.0005025181506	0.992556	0.700083	0.221198
v1.2-General	0.0005025181506	0.992556	0.700580	0.221076
v1.2-General	0.0005025181506	0.992556	0.701077	0.220954
v1.2-General	0.0005025181506	0.992556	0.701574	0.220832
v1.2-General	0.0005025181506	0.992556	0.702071	0.220710
v1.2-General	0.0005025181506	0.992556	0.702568	0.220588
v1.2-General	0.0005025181506	0.992556	0.703065	0.220467
v1.2-General	0.0005025181506	0.992556	0.703563	0.220345
v1.2-General	0.0005025181506	0.992556	0.704060	0.220224
v1.2-General	0.0005025181506	0.992556	0.704557	0.220103
v1.2-General	0.0005025181506	0.992556	0.705054	0.219982
v1.2-General	0.0005025181506	0.992556	0.705551	0.219861
v1.2-General	0.0005025181506	0.992556	0.706048	0.219740
v1.2-General	0.0005025181506	0.992556	0.706545	0.219619
v1.2-General	0.0005025181506	0.992556	0.707042	0.219499
v1.2-General	0.0005025181506	0.992556	0.707539	0.219378
v1.2-General	0.0005025181506	0.992556	0.708036	0.219258
v1.2-General	0.0005025181506	0.992556	0.708534	0.219138
v1.2-General	0.0005025181506	0.992556	0.709031	0.219018
v1.2-General	0.0005025181506	0.992556	0.709528	0.218898
v1.2-General	0.0005025181506	0.992556	0.710025	0.218778
v1.2-General	0.0005025181506	0.992556	0.710522	0.218659
v1.2-General	0.0005025181506	0.992556	0.711019	0.218539
v1.2-General	0.0005025181506	0.992556	0.711516	0.218420
v1.2-General	0.0005025181506	0.992556	0.712013	0.218301
v1.2-General	0.0005025181506	0.992556	0.712510	0.218182
v1.2-General	0.0005025181506	0.992556	0.713007	0.218063
v1.2-General	0.0005025181506	0.992556	0.713505	0.217944
v1.2-General	0.0005025181506	0.992556	0.714002	0.217825
v1.2-General	0.0005025181506	0.992556	0.714499	0.217707
v1.2-General	0.0005025181506	0.992556	0.714996	0.217588
v1.2-General	0.0005025181506	0.992556	0.715493	0.217470
v1.2-General	0.0005025181506	0.992556	0.715990	0.217352
v1.2-General	0.0005025181506	0.992556	0.716487	0.217234
v1.2-General	0.0005025181506	0.992556	0.716984	0.217116
v1.2-General	0.0005025181506	0.992556	0.717481	0.216998
v1.2-General	0.0005025181506	0.992556	0.717978	0.216881
v1.2-General	0.0005025181506	0.992556	0.718476	0.216763
v1.2-General	0.0005025181506	0.992556	0.718973	0.216646
v1.2-General	0.0005025181506	0.992556	0.719470	0.216528
v1.2-General	0.0005025181506	0.992556	0.719967	0.216411
v1.2-General	0.0005025181506	0.992556	0.720464	0.216294
v1.2-General	0.0005025181506	0.992556	0.720961	0.216177
v1.2-General	0.0005025181506	0.992556	0.721458	0.216060
v1.2-General	0.0005025181506	0.992556	0.721955	0.215944
v1.2-General	0.0005025181506	0.992556	0.722452	0.215827
v1.2-General	0.0005025181506	0.992556	0.722949	0.215711
v1.2-General	0.0005025181506	0.992556	0.723447	0.215595
v1.2-General	0.0005025181506	0.992556	0.723944	0.215479
v1.2-General	0.0005025181506	0.992556	0.724441	0.215363
v1.2-General	0.0005025181506	0.992556	0.724938	0.215247
v1.2-General	0.0005025181506	0.992556	0.725435	0.215131
v1.2-General	0.0005025181506	0.992556	0.725932	0.215015
v1.2-General	0.0005025181506	0.992556	0.726429	0.214900
v1.2-General	0.0005025181506	0.992556	0.726926	0.214784
v1.2-General	0.0005025181506	0.992556	0.727423	0.214669
v1.2-General	0.0005025181506	0.992556	0.727920	0.214554
v1.2-General	0.0005025181506	0.992556	0.728418	0.214439
v1.2-General	0.0005025181506	0.992556	0.728915	0.214324
v1.2-General	0.0005025181506	0.992556	0.729412	0.214209
v1.2-General	0.0005025181506	0.992556	0.729909	0.214095
v1.2-General	0.0005025181506	0.992556	0.730406	0.213980
v1.2-General	0.0005025181506	0.992556	0.730903	0.213866
v1.2-General	0.0005025181506	0.992556	0.731400	0.213751
v1.2-General	0.0005025181506	0.992556	0.731897	0.213637
v1.2-General	0.0005025181506	0.992556	0.732394	0.213523
v1.2-General	0.0005025181506	0.992556	0.732891	0.213409
v1.2-General	0.0005025181506	0.992556	0.733389	0.213295
v1.2-General	0.0005025181506	0.992556	0.733886	0.213182
v1.2-General	0.0005025181506	0.993383	0.734217	0.213246
v1.2-General	0.0005025181506	0.993383	0.734714	0.213132
v1.2-General	0.0005025181506	0.993383	0.735211	0.213019
v1.2-General	0.0005025181506	0.993383	0.735708	0.212906
v1.2-General	0.0005025181506	0.993383	0.736205	0.212792
v1.2-General	0.0005025181506	0.993383	0.736703	0.212679
v1.2-General	0.0005025181506	0.993383	0.737200	0.212566
v1.2-General	0.0005025181506	0.993383	0.737697	0.212454
v1.2-General	0.0005025181506	0.993383	0.738194	0.212341
v1.2-General	0.0005025181506	0.993383	0.738691	0.212228
v1.2-General	0.0005025181506	0.993383	0.739188	0.212116
v1.2-General	0.0005025181506	0.993383	0.739685	0.212004
v1.2-General	0.0005025181506	0.993383	0.740182	0.211891
v1.2-General	0.0005025181506	0.993383	0.740679	0.211779
v1.2-General	0.0005025181506	0.993383	0.741176	0.211667
v1.2-General	0.0005025181506	0.993383	0.741674	0.211555
v1.2-General	0.0005025181506	0.993383	0.742171	0.211444
v1.2-General	0.0005025181506	0.993383	0.742668	0.211332
v1.2-General	0.0005025181506	0.993383	0.743165	0.211221
v1.2-General	0.0005025181506	0.993383	0.743662	0.211109
v1.2-General	0.0005025181506	0.993383	0.744159	0.210998
v1.2-General	0.0005025181506	0.993383	0.744656	0.210887
v1.2-General	0.0005025181506	0.993383	0.745153	0.210776
v1.2-General	0.0005025181506	0.993383	0.745650	0.210665
v1.2-General	0.0005025181506	0.993383	0.746147	0.210554
v1.2-General	0.0005025181506	0.993383	0.746645	0.210443
v1.2-General	0.0005025181506	0.993383	0.747142	0.210333
v1.2-General	0.0005025181506	0.993383	0.747639	0.210222
v1.2-General	0.0005025181506	0.993383	0.748136	0.210112
v1.2-General	0.0005025181506	0.993383	0.748633	0.210002
v1.2-General	0.0005025181506	0.993383	0.749130	0.209892
v1.2-General	0.0005025181506	0.993383	0.749627	0.209782
v1.2-General	0.0005025181506	0.993383	0.750124	0.209672
v1.2-General	0.0005025181506	0.993383	0.750621	0.209562
v1.2-General	0.0005025181506	0.993383	0.751118	0.209452
v1.2-General	0.0005025181506	0.993383	0.751616	0.209343
v1.2-General	0.0005025181506	0.993383	0.752113	0.209233
v1.2-General	0.0005025181506	0.993383	0.752610	0.209124
v1.2-General	0.0005025181506	0.993383	0.753107	0.209015
v1.2-General	0.0005025181506	0.993383	0.753604	0.208906
v1.2-General	0.0005025181506	0.993383	0.754101	0.208797
v1.2-General	0.0005025181506	0.993383	0.754598	0.208688
v1.2-General	0.0005025181506	0.993383	0.755095	0.208579
v1.2-General	0.0005025181506	0.993383	0.755592	0.208471
v1.2-General	0.0005025181506	0.993383	0.756089	0.208362
v1.2-General	0.0005025181506	0.993383	0.756587	0.208254
v1.2-General	0.0005025181506	0.993383	0.757084	0.208146
v1.2-General	0.0005025181506	0.993383	0.757581	0.208037
v1.2-General	0.0005025181506	0.993383	0.758078	0.207929
v1.2-General	0.0005025181506	0.993383	0.758575	0.207821
v1.2-General	0.0005025181506	0.993383	0.759072	0.207714
v1.2-General	0.0005025181506	0.993383	0.759569	0.207606
v1.2-General	0.0005025181506	0.993383	0.760066	0.207498
v1.2-General	0.0005025181506	0.993383	0.760563	0.207391
v1.2-General	0.0005025181506	0.993383	0.761060	0.207283
v1.2-General	0.0005025181506	0.993383	0.761558	0.207176
v1.2-General	0.0005025181506	0.993383	0.762055	0.207069
v1.2-General	0.0005025181506	0.993383	0.762552	0.206962
v1.2-General	0.0005025181506	0.993383	0.763049	0.206855
v1.2-General	0.0005025181506	0.993383	0.763546	0.206748
v1.2-General	0.0005025181506	0.993383	0.764043	0.206641
v1.2-General	0.0005025181506	0.993383	0.764540	0.206535
v1.2-General	0.0005025181506	0.993383	0.765037	0.206428
v1.2-General	0.0005025181506	0.993383	0.765534	0.206322
v1.2-General	0.0005025181506	0.993383	0.766031	0.206216
v1.2-General	0.0005025181506	0.993383	0.766529	0.206109
v1.2-General	0.0005025181506	0.993383	0.767026	0.206003
v1.2-General	0.0005025181506	0.993383	0.767523	0.205897
v1.2-General	0.0005025181506	0.993383	0.768020	0.205792
v1.2-General	0.0005025181506	0.993383	0.768517	0.205686
v1.2-General	0.0005025181506	0.993383	0.769014	0.205580
v1.2-General	0.0005025181506	0.993383	0.769511	0.205475
v1.2-General	0.0005025181506	0.993383	0.770008	0.205369
v1.2-General	0.0005025181506	0.993383	0.770505	0.205264
v1.2-General	0.0005025181506	0.993383	0.771002	0.205159
v1.2-General	0.0005025181506	0.993383	0.771500	0.205054
v1.2-General	0.0005025181506	0.993383	0.771997	0.204949
v1.2-General	0.0005025181506	0.993383	0.772494	0.204844
v1.2-General	0.0005025181506	0.993383	0.772991	0.204739
v1.2-General	0.0005025181506	0.993383	0.773488	0.204635
v1.2-General	0.0005025181506	0.993383	0.773985	0.204530
v1.2-General	0.0005025181506	0.993383	0.774482	0.204426
v1.2-General	0.0005025181506	0.993383	0.774979	0.204321
v1.2-General	0.0005025181506	0.993383	0.775476	0.204217
v1.2-General	0.0005025181506	0.993383	0.775973	0.204113
v1.2-General	0.0005025181506	0.993383	0.776471	0.204009
v1.2-General	0.0005025181506	0.993383	0.776968	0.203905
v1.2-General	0.0005025181506	0.993383	0.777465	0.203801
v1.2-General	0.0005025181506	0.993383	0.777962	0.203697
v1.2-General	0.0005025181506	0.993383	0.778459	0.203594
v1.2-General	0.0005025181506	0.993383	0.778956	0.203490
v1.2-General	0.0005025181506	0.993383	0.779453	0.203387
v1.2-General	0.0005025181506	0.993383	0.779950	0.203284
v1.2-General	0.0005025181506	0.993383	0.780447	0.203181
v1.2-General	0.0005025181506	0.993383	0.780944	0.203077
v1.2-General	0.0005025181506	0.993383	0.781442	0.202974
v1.2-General	0.0005025181506	0.993383	0.781939	0.202872
v1.2-General	0.0005025181506	0.993383	0.782436	0.202769
v1.2-General	0.0005025181506	0.993383	0.782933	0.202666
v1.2-General	0.0005025181506	0.993383	0.783430	0.202564
v1.2-General	0.0005025181506	0.993383	0.783927	0.202461
v1.2-General	0.0005025181506	0.993383	0.784424	0.202359
v1.2-General	0.0005025181506	0.993383	0.784921	0.202257
v1.2-General	0.0005025181506	0.993383	0.785418	0.202155
v1.2-General	0.0005025181506	0.993383	0.785915	0.202052
v1.2-General	0.0005025181506	0.993383	0.786413	0.201951
v1.2-General	0.0005025181506	0.993383	0.786910	0.201849
v1.2-General	0.0005025181506	0.993383	0.787407	0.201747
v1.2-General	0.0005025181506	0.993383	0.787904	0.201645
v1.2-General	0.0005025181506	0.993383	0.788401	0.201544
v1.2-General	0.0005025181506	0.993383	0.788898	0.201442
v1.2-General	0.0005025181506	0.993383	0.789395	0.201341
v1.2-General	0.0005025181506	0.993383	0.789892	0.201240
v1.2-General	0.0005025181506	0.993383	0.790389	0.201139
v1.2-General	0.0005025181506	0.993383	0.790886	0.201038
v1.2-General	0.0005025181506	0.993383	0.791384	0.200937
v1.2-General	0.0005025181506	0.993383	0.791881	0.200836
v1.2-General	0.0005025181506	0.993383	0.792378	0.200735
v1.2-General	0.0005025181506	0.993383	0.792875	0.200635
v1.2-General	0.0005025181506	0.993383	0.793372	0.200534
v1.2-General	0.0005025181506	0.993383	0.793869	0.200434
v1.2-General	0.0005025181506	0.993383	0.794366	0.200334
v1.2-General	0.0005025181506	0.993383	0.794863	0.200233
v1.2-General	0.0005025181506	0.993383	0.795360	0.200133
v1.2-General	0.0005025181506	0.993383	0.795857	0.200033
v1.2-General	0.0005025181506	0.993383	0.796355	0.199933
v1.2-General	0.0005025181506	0.993383	0.796852	0.199834
v1.2-General	0.0005025181506	0.993383	0.797349	0.199734
v1.2-General	0.0005025181506	0.993383	0.797846	0.199634
v1.2-General	0.0005025181506	0.993383	0.798343	0.199535
v1.2-General	0.0005025181506	0.993383	0.798840	0.199435
v1.2-General	0.0005025181506	0.993383	0.799337	0.199336
v1.2-General	0.0005025181506	0.993383	0.799834	0.199237
v1.2-General	0.0005025181506	0.993383	0.800331	0.199138
v1.2-General	0.0005025181506	0.993383	0.800829	0.199039
v1.2-General	0.0005025181506	0.993383	0.801326	0.198940
v1.2-General	0.0005025181506	0.993383	0.801823	0.198841
v1.2-General	0.0005025181506	0.993383	0.802320	0.198742
v1.2-General	0.0005025181506	0.993383	0.802817	0.198644
v1.2-General	0.0005025181506	0.993383	0.803314	0.198545
v1.2-General	0.0005025181506	0.993383	0.803811	0.198447
v1.2-General	0.0005025181506	0.994210	0.804143	0.198514
v1.2-General	0.0005025181506	0.994210	0.804640	0.198415
v1.2-General	0.0005025181506	0.994210	0.805137	0.198317
v1.2-General	0.0005025181506	0.994210	0.805634	0.198219
v1.2-General	0.0005025181506	0.995037	0.805965	0.198286
v1.2-General	0.0005025181506	0.995864	0.806297	0.198353
v1.2-General	0.0005025181506	0.995864	0.806794	0.198255
v1.2-General	0.0005025181506	0.996691	0.807125	0.198321
v1.2-General	0.0005025181506	0.996691	0.807622	0.198223
v1.2-General	0.0005025181506	0.996691	0.808119	0.198126
v1.2-General	0.0005025181506	0.996691	0.808616	0.198028
v1.2-General	0.0005025181506	0.996691	0.809114	0.197930
v1.2-General	0.0005025181506	0.996691	0.809611	0.197833
v1.2-General	0.0005025181506	0.996691	0.810108	0.197735
v1.2-General	0.0005025181506	0.996691	0.810605	0.197638
v1.2-General	0.0005025181506	0.996691	0.811102	0.197541
v1.2-General	0.0005025181506	0.996691	0.811599	0.197444
v1.2-General	0.0005025181506	0.996691	0.812096	0.197347
v1.2-General	0.0005025181506	0.996691	0.812593	0.197250
v1.2-General	0.0005025181506	0.996691	0.813090	0.197153
v1.2-General	0.0005025181506	0.996691	0.813587	0.197056
v1.2-General	0.0005025181506	0.996691	0.814085	0.196960
v1.2-General	0.0005025181506	0.996691	0.814582	0.196863
v1.2-General	0.0005025181506	0.996691	0.815079	0.196767
v1.2-General	0.0005025181506	0.996691	0.815576	0.196670
v1.2-General	0.0005025181506	0.996691	0.816073	0.196574
v1.2-General	0.0005025181506	0.996691	0.816570	0.196478
v1.2-General	0.0005025181506	0.996691	0.817067	0.196382
v1.2-General	0.0005025181506	0.996691	0.817564	0.196286
v1.2-General	0.0005025181506	0.996691	0.818061	0.196190
v1.2-General	0.0005025181506	0.996691	0.818558	0.196094
v1.2-General	0.0005025181506	0.996691	0.819056	0.195999
v1.2-General	0.0005025181506	0.996691	0.819553	0.195903
v1.2-General	0.0005025181506	0.996691	0.820050	0.195808
v1.2-General	0.0005025181506	0.996691	0.820547	0.195712
v1.2-General	0.0005025181506	0.996691	0.821044	0.195617
v1.2-General	0.0005025181506	0.996691	0.821541	0.195522
v1.2-General	0.0005025181506	0.996691	0.822038	0.195427
v1.2-General	0.0005025181506	0.996691	0.822535	0.195331
v1.2-General	0.0005025181506	0.996691	0.823032	0.195237
v1.2-General	0.0005025181506	0.996691	0.823529	0.195142
v1.2-General	0.0005025181506	0.996691	0.824027	0.195047
v1.2-General	0.0005025181506	0.996691	0.824524	0.194952
v1.2-General	0.0005025181506	0.996691	0.825021	0.194858
v1.2-General	0.0005025181506	0.996691	0.825518	0.194763
v1.2-General	0.0005025181506	0.996691	0.826015	0.194669
v1.2-General	0.0005025181506	0.996691	0.826512	0.194575
v1.2-General	0.0005025181506	0.996691	0.827009	0.194480
v1.2-General	0.0005025181506	0.996691	0.827506	0.194386
v1.2-General	0.0005025181506	0.996691	0.828003	0.194292
v1.2-General	0.0005025181506	0.996691	0.828500	0.194198
v1.2-General	0.0005025181506	0.996691	0.828998	0.194104
v1.2-General	0.0005025181506	0.996691	0.829495	0.194011
v1.2-General	0.0005025181506	0.996691	0.829992	0.193917
v1.2-General	0.0005025181506	0.996691	0.830489	0.193823
v1.2-General	0.0005025181506	0.996691	0.830986	0.193730
v1.2-General	0.0005025181506	0.996691	0.831483	0.193637
v1.2-General	0.0005025181506	0.996691	0.831980	0.193543
v1.2-General	0.0005025181506	0.996691	0.832477	0.193450
v1.2-General	0.0005025181506	0.996691	0.832974	0.193357
v1.2-General	0.0005025181506	0.996691	0.833471	0.193264
v1.2-General	0.0005025181506	0.996691	0.833969	0.193171
v1.2-General	0.0005025181506	0.996691	0.834466	0.193078
v1.2-General	0.0005025181506	0.996691	0.834963	0.192985
v1.2-General	0.0005025181506	0.996691	0.835460	0.192893
v1.2-General	0.0005025181506	0.996691	0.835957	0.192800
v1.2-General	0.0005025181506	0.996691	0.836454	0.192708
v1.2-General	0.0005025181506	0.996691	0.836951	0.192615
v1.2-General	0.0005025181506	0.996691	0.837448	0.192523
v1.2-General	0.0005025181506	0.996691	0.837945	0.192431
v1.2-General	0.0005025181506	0.996691	0.838442	0.192338
v1.2-General	0.0005025181506	0.996691	0.838940	0.192246
v1.2-General	0.0005025181506	0.996691	0.839437	0.192154
v1.2-General	0.0005025181506	0.996691	0.839934	0.192062
v1.2-General	0.0005025181506	0.996691	0.840431	0.191971
v1.2-General	0.0005025181506	0.996691	0.840928	0.191879
v1.2-General	0.0005025181506	0.996691	0.841425	0.191787
v1.2-General	0.0005025181506	0.996691	0.841922	0.191696
v1.2-General	0.0005025181506	0.996691	0.842419	0.191604
v1.2-General	0.0005025181506	0.996691	0.842916	0.191513
v1.2-General	0.0005025181506	0.996691	0.843413	0.191422
v1.2-General	0.0005025181506	0.996691	0.843911	0.191331
v1.2-General	0.0005025181506	0.996691	0.844408	0.191239
v1.2-General	0.0005025181506	0.996691	0.844905	0.191148
v1.2-General	0.0005025181506	0.996691	0.845402	0.191058
v1.2-General	0.0005025181506	0.996691	0.845899	0.190967
v1.2-General	0.0005025181506	0.996691	0.846396	0.190876
v1.2-General	0.0005025181506	0.996691	0.846893	0.190785
v1.2-General	0.0005025181506	0.996691	0.847390	0.190695
v1.2-General	0.0005025181506	0.996691	0.847887	0.190604
v1.2-General	0.0005025181506	0.996691	0.848384	0.190514
v1.2-General	0.0005025181506	0.996691	0.848882	0.190424
v1.2-General	0.0005025181506	0.996691	0.849379	0.190333
v1.2-General	0.0005025181506	0.996691	0.849876	0.190243
v1.2-General	0.0005025181506	0.996691	0.850373	0.190153
v1.2-General	0.0005025181506	0.996691	0.850870	0.190063
v1.2-General	0.0005025181506	0.996691	0.851367	0.189973
v1.2-General	0.0005025181506	0.996691	0.851864	0.189883
v1.2-General	0.0005025181506	0.997519	0.852196	0.189951
v1.2-General	0.0005025181506	0.997519	0.852693	0.189861
v1.2-General	0.0005025181506	0.997519	0.853190	0.189772
v1.2-General	0.0005025181506	0.997519	0.853687	0.189682
v1.2-General	0.0005025181506	0.997519	0.854184	0.189593
v1.2-General	0.0005025181506	0.997519	0.854681	0.189503
v1.2-General	0.0005025181506	0.997519	0.855178	0.189414
v1.2-General	0.0005025181506	0.997519	0.855675	0.189325
v1.2-General	0.0005025181506	0.997519	0.856172	0.189236
v1.2-General	0.0005025181506	0.997519	0.856669	0.189147
v1.2-General	0.0005025181506	0.997519	0.857167	0.189058
v1.2-General	0.0005025181506	0.997519	0.857664	0.188969
v1.2-General	0.0005025181506	0.997519	0.858161	0.188880
v1.2-General	0.0005025181506	0.997519	0.858658	0.188791
v1.2-General	0.0005025181506	0.997519	0.859155	0.188703
v1.2-General	0.0005025181506	0.997519	0.859652	0.188614
v1.2-General	0.0005025181506	0.997519	0.860149	0.188526
v1.2-General	0.0005025181506	0.997519	0.860646	0.188438
v1.2-General	0.0005025181506	0.997519	0.861143	0.188349
v1.2-General	0.0005025181506	0.997519	0.861640	0.188261
v1.2-General	0.0005025181506	0.997519	0.862138	0.188173
v1.2-General	0.0005025181506	0.997519	0.862635	0.188085
v1.2-General	0.0005025181506	0.997519	0.863132	0.187997
v1.2-General	0.0005025181506	0.997519	0.863629	0.187909
v1.2-General	0.0005025181506	0.997519	0.864126	0.187821
v1.2-General	0.0005025181506	0.997519	0.864623	0.187733
v1.2-General	0.0005025181506	0.997519	0.865120	0.187646
v1.2-General	0.0005025181506	0.997519	0.865617	0.187558
v1.2-General	0.0005025181506	0.997519	0.866114	0.187471
v1.2-General	0.0005025181506	0.997519	0.866611	0.187383
v1.2-General	0.0005025181506	0.997519	0.867109	0.187296
v1.2-General	0.0005025181506	0.997519	0.867606	0.187209
v1.2-General	0.0005025181506	0.997519	0.868103	0.187122
v1.2-General	0.0005025181506	0.997519	0.868600	0.187035
v1.2-General	0.0005025181506	0.997519	0.869097	0.186948
v1.2-General	0.0005025181506	0.997519	0.869594	0.186861
v1.2-General	0.0005025181506	0.997519	0.870091	0.186774
v1.2-General	0.0005025181506	0.997519	0.870588	0.186687
v1.2-General	0.0005025181506	0.997519	0.871085	0.186601
v1.2-General	0.0005025181506	0.997519	0.871582	0.186514
v1.2-General	0.0005025181506	0.997519	0.872080	0.186428
v1.2-General	0.0005025181506	0.997519	0.872577	0.186341
v1.2-General	0.0005025181506	0.997519	0.873074	0.186255
v1.2-General	0.0005025181506	0.997519	0.873571	0.186169
v1.2-General	0.0005025181506	0.997519	0.874068	0.186082
v1.2-General	0.0005025181506	0.997519	0.874565	0.185996
v1.2-General	0.0005025181506	0.997519	0.875062	0.185910
v1.2-General	0.0005025181506	0.997519	0.875559	0.185824
v1.2-General	0.0005025181506	0.997519	0.876056	0.185738
v1.2-General	0.0005025181506	0.997519	0.876553	0.185653
v1.2-General	0.0005025181506	0.997519	0.877051	0.185567
v1.2-General	0.0005025181506	0.997519	0.877548	0.185481
v1.2-General	0.0005025181506	0.997519	0.878045	0.185396
v1.2-General	0.0005025181506	0.997519	0.878542	0.185310
v1.2-General	0.0005025181506	0.997519	0.879039	0.185225
v1.2-General	0.0005025181506	0.997519	0.879536	0.185140
v1.2-General	0.0005025181506	0.997519	0.880033	0.185054
v1.2-General	0.0005025181506	0.997519	0.880530	0.184969
v1.2-General	0.0005025181506	0.997519	0.881027	0.184884
v1.2-General	0.0005025181506	0.997519	0.881524	0.184799
v1.2-General	0.0005025181506	0.997519	0.882022	0.184714
v1.2-General	0.0005025181506	0.997519	0.882519	0.184630
v1.2-General	0.0005025181506	0.997519	0.883016	0.184545
v1.2-General	0.0005025181506	0.997519	0.883513	0.184460
v1.2-General	0.0005025181506	0.997519	0.884010	0.184375
v1.2-General	0.0005025181506	0.997519	0.884507	0.184291
v1.2-General	0.0005025181506	0.997519	0.885004	0.184207
v1.2-General	0.0005025181506	0.997519	0.885501	0.184122
v1.2-General	0.0005025181506	0.997519	0.885998	0.184038
v1.2-General	0.0005025181506	0.997519	0.886495	0.183954
v1.2-General	0.0005025181506	0.997519	0.886993	0.183869
v1.2-General	0.0005025181506	0.997519	0.887490	0.183785
v1.2-General	0.0005025181506	0.997519	0.887987	0.183701
v1.2-General	0.0005025181506	0.997519	0.888484	0.183618
v1.2-General	0.0005025181506	0.997519	0.888981	0.183534
v1.2-General	0.0005025181506	0.997519	0.889478	0.183450
v1.2-General	0.0005025181506	0.997519	0.889975	0.183366
v1.2-General	0.0005025181506	0.997519	0.890472	0.183283
v1.2-General	0.0005025181506	0.997519	0.890969	0.183199
v1.2-General	0.0005025181506	0.997519	0.891466	0.183116
v1.2-General	0.0005025181506	0.997519	0.891964	0.183032
v1.2-General	0.0005025181506	0.997519	0.892461	0.182949
v1.2-General	0.0005025181506	0.997519	0.892958	0.182866
v1.2-General	0.0005025181506	0.997519	0.893455	0.182783
v1.2-General	0.0005025181506	0.997519	0.893952	0.182700
v1.2-General	0.0005025181506	0.997519	0.894449	0.182617
v1.2-General	0.0005025181506	0.997519	0.894946	0.182534
v1.2-General	0.0005025181506	0.997519	0.895443	0.182451
v1.2-General	0.0005025181506	0.997519	0.895940	0.182368
v1.2-General	0.0005025181506	0.997519	0.896437	0.182285
v1.2-General	0.0005025181506	0.997519	0.896935	0.182203
v1.2-General	0.0005025181506	0.997519	0.897432	0.182120
v1.2-General	0.0005025181506	0.997519	0.897929	0.182038
v1.2-General	0.0005025181506	0.997519	0.898426	0.181955
v1.2-General	0.0005025181506	0.997519	0.898923	0.181873
v1.2-General	0.0005025181506	0.997519	0.899420	0.181791
v1.2-General	0.0005025181506	0.997519	0.899917	0.181709
v1.2-General	0.0005025181506	0.997519	0.900414	0.181627
v1.2-General	0.0005025181506	0.997519	0.900911	0.181544
v1.2-General	0.0005025181506	0.997519	0.901408	0.181463
v1.2-General	0.0005025181506	0.997519	0.901906	0.181381
v1.2-General	0.0005025181506	0.997519	0.902403	0.181299
v1.2-General	0.0005025181506	0.997519	0.902900	0.181217
v1.2-General	0.0005025181506	0.997519	0.903397	0.181135
v1.2-General	0.0005025181506	0.997519	0.903894	0.181054
v1.2-General	0.0005025181506	0.997519	0.904391	0.180972
v1.2-General	0.0005025181506	0.997519	0.904888	0.180891
v1.2-General	0.0005025181506	0.997519	0.905385	0.180810
v1.2-General	0.0005025181506	0.997519	0.905882	0.180728
v1.2-General	0.0005025181506	0.997519	0.906379	0.180647
v1.2-General	0.0005025181506	0.997519	0.906877	0.180566
v1.2-General	0.0005025181506	0.997519	0.907374	0.180485
v1.2-General	0.0005025181506	0.997519	0.907871	0.180404
v1.2-General	0.0005025181506	0.997519	0.908368	0.180323
v1.2-General	0.0005025181506	0.997519	0.908865	0.180242
v1.2-General	0.0005025181506	0.997519	0.909362	0.180161
v1.2-General	0.0005025181506	0.997519	0.909859	0.180081
v1.2-General	0.0005025181506	0.997519	0.910356	0.180000
v1.2-General	0.0005025181506	0.997519	0.910853	0.179919
v1.2-General	0.0005025181506	0.997519	0.911350	0.179839
v1.2-General	0.0005025181506	0.997519	0.911848	0.179759
v1.2-General	0.0005025181506	0.997519	0.912345	0.179678
v1.2-General	0.0005025181506	0.997519	0.912842	0.179598
v1.2-General	0.0005025181506	0.997519	0.913339	0.179518
v1.2-General	0.0005025181506	0.997519	0.913836	0.179438
v1.2-General	0.0005025181506	0.997519	0.914333	0.179358
v1.2-General	0.0005025181506	0.997519	0.914830	0.179278
v1.2-General	0.0005025181506	0.997519	0.915327	0.179198
v1.2-General	0.0005025181506	0.997519	0.915824	0.179118
v1.2-General	0.0005025181506	0.997519	0.916321	0.179038
v1.2-General	0.0005025181506	0.997519	0.916819	0.178958
v1.2-General	0.0004634353935	0.997519	0.917316	0.178879
v1.2-General	0.0004493622805	0.997519	0.917813	0.178799
v1.2-General	0.0004493622805	0.997519	0.918310	0.178720
v1.2-General	0.0004231276173	0.997519	0.918807	0.178640
v1.2-General	0.0004231276173	0.997519	0.919304	0.178561
v1.2-General	0.0004231276173	0.997519	0.919801	0.178482
v1.2-General	0.0004231276173	0.997519	0.920298	0.178402
v1.2-General	0.0004231276173	0.997519	0.920795	0.178323
v1.2-General	0.0004231276173	0.997519	0.921292	0.178244
v1.2-General	0.0004231276173	0.997519	0.921790	0.178165
v1.2-General	0.0004231276173	0.997519	0.922287	0.178086
v1.2-General	0.0003623630714	0.997519	0.922784	0.178007
v1.2-General	0.0003623630714	0.997519	0.923281	0.177929
v1.2-General	0.0003014888235	0.997519	0.923778	0.177850
v1.2-General	0.0002562113782	0.997519	0.924275	0.177771
v1.2-General	0.0002395657802	0.997519	0.924772	0.177693
v1.2-General	0.0002395657802	0.997519	0.925269	0.177614
v1.2-General	0.0002395657802	0.997519	0.925766	0.177536
v1.2-General	0.0002297553603	0.997519	0.926263	0.177457
v1.2-General	0.0002297553603	0.997519	0.926761	0.177379
v1.2-General	0.0002297553603	0.997519	0.927258	0.177301
v1.2-General	0.0002297553603	0.997519	0.927755	0.177223
v1.2-General	0.0002297553603	0.997519	0.928252	0.177145
v1.2-General	0.0002297553603	0.997519	0.928749	0.177067
v1.2-General	0.0002297553603	0.997519	0.929246	0.176989
v1.2-General	0.0002297553603	0.997519	0.929743	0.176911
v1.2-General	0.0002297553603	0.997519	0.930240	0.176833
v1.2-General	0.0002297553603	0.997519	0.930737	0.176755
v1.2-General	0.0002297553603	0.997519	0.931234	0.176677
v1.2-General	0.0002297553603	0.997519	0.931732	0.176600
v1.2-General	0.0002297553603	0.997519	0.932229	0.176522
v1.2-General	0.0002297553603	0.997519	0.932726	0.176445
v1.2-General	0.0002297553603	0.998346	0.933057	0.176514
v1.2-General	0.0002297553603	0.998346	0.933554	0.176436
v1.2-General	0.0002297553603	0.998346	0.934051	0.176359
v1.2-General	0.0002297553603	0.998346	0.934548	0.176282
v1.2-General	0.0002297553603	0.998346	0.935046	0.176204
v1.2-General	0.0002297553603	0.998346	0.935543	0.176127
v1.2-General	0.0002297553603	0.998346	0.936040	0.176050
v1.2-General	0.0002297553603	0.998346	0.936537	0.175973
v1.2-General	0.0001679403103	0.998346	0.937034	0.175896
v1.2-General	0.0001620126823	0.998346	0.937531	0.175819
v1.2-General	0.0001620126823	0.998346	0.938028	0.175743
v1.2-General	0.0001620126823	0.998346	0.938525	0.175666
v1.2-General	0.0001264497803	0.998346	0.939022	0.175589
v1.2-General	0.0001264497803	0.998346	0.939519	0.175513
v1.2-General	0.0001264497803	0.998346	0.940017	0.175436
v1.2-General	0.0001264497803	0.998346	0.940514	0.175360
v1.2-General	0.0001264497803	0.998346	0.941011	0.175283
v1.2-General	0.0001259939595	0.998346	0.941508	0.175207
v1.2-General	0.0001259939595	0.998346	0.942005	0.175131
v1.2-General	0.0001259939595	0.998346	0.942502	0.175054
v1.2-General	0.0001259939595	0.998346	0.942999	0.174978
v1.2-General	0.0001259939595	0.998346	0.943496	0.174902
v1.2-General	0.0001259939595	0.998346	0.943993	0.174826
v1.2-General	0.0001259939595	0.998346	0.944490	0.174750
v1.2-General	0.0001259939595	0.998346	0.944988	0.174674
v1.2-General	0.0001259939595	0.998346	0.945485	0.174599
v1.2-General	0.0001259939595	0.998346	0.945982	0.174523
v1.2-General	0.0001259939595	0.998346	0.946479	0.174447
v1.2-General	0.0001259939595	0.998346	0.946976	0.174372
v1.2-General	0.0001259939595	0.998346	0.947473	0.174296
v1.2-General	0.0001259939595	0.998346	0.947970	0.174221
v1.2-General	0.0001259939595	0.998346	0.948467	0.174145
v1.2-General	0.0001259939595	0.998346	0.948964	0.174070
v1.2-General	0.0001259939595	0.998346	0.949461	0.173995
v1.2-General	0.0001259939595	0.998346	0.949959	0.173919
v1.2-General	0.0001259939595	0.998346	0.950456	0.173844
v1.2-General	0.0001259939595	0.998346	0.950953	0.173769
v1.2-General	0.0001259939595	0.998346	0.951450	0.173694
v1.2-General	0.0001259939595	0.998346	0.951947	0.173619
v1.2-General	0.0001259939595	0.998346	0.952444	0.173544
v1.2-General	0.0001259939595	0.998346	0.952941	0.173469
v1.2-General	0.0001259939595	0.998346	0.953438	0.173395
v1.2-General	0.0001259939595	0.998346	0.953935	0.173320
v1.2-General	0.0001259939595	0.998346	0.954432	0.173245
v1.2-General	0.0001259939595	0.998346	0.954930	0.173171
v1.2-General	0.0001259939595	0.998346	0.955427	0.173096
v1.2-General	0.0001259939595	0.998346	0.955924	0.173022
v1.2-General	0.0001259939595	0.998346	0.956421	0.172947
v1.2-General	0.0001259939595	0.998346	0.956918	0.172873
v1.2-General	0.0001259939595	0.998346	0.957415	0.172799
v1.2-General	0.0001259939595	0.998346	0.957912	0.172725
v1.2-General	0.0001259939595	0.998346	0.958409	0.172651
v1.2-General	0.0001259939595	0.998346	0.958906	0.172576
v1.2-General	0.0001259939595	0.998346	0.959403	0.172503
v1.2-General	0.0001259939595	0.998346	0.959901	0.172429
v1.2-General	0.0001259939595	0.998346	0.960398	0.172355
v1.2-General	0.0001259939595	0.998346	0.960895	0.172281
v1.2-General	0.0001259939595	0.998346	0.961392	0.172207
v1.2-General	0.0001259939595	0.998346	0.961889	0.172133
v1.2-General	0.0001259939595	0.998346	0.962386	0.172060
v1.2-General	0.0001259939595	0.998346	0.962883	0.171986
v1.2-General	0.0001259939595	0.998346	0.963380	0.171913
v1.2-General	0.0001259939595	0.998346	0.963877	0.171839
v1.2-General	0.0001259939595	0.998346	0.964374	0.171766
v1.2-General	0.0001259939595	0.998346	0.964872	0.171693
v1.2-General	0.0001259939595	0.998346	0.965369	0.171620
v1.2-General	0.0001259939595	0.998346	0.965866	0.171546
v1.2-General	0.0001259939595	0.998346	0.966363	0.171473
v1.2-General	0.0001259939595	0.998346	0.966860	0.171400
v1.2-General	0.0001259939595	0.998346	0.967357	0.171327
v1.2-General	0.0001259939595	0.998346	0.967854	0.171254
v1.2-General	0.0001259939595	0.999173	0.968186	0.171323
v1.2-General	0.0001259939595	0.999173	0.968683	0.171250
v1.2-General	0.0001259939595	0.999173	0.969180	0.171178
v1.2-General	0.0001259939595	0.999173	0.969677	0.171105
v1.2-General	0.0001259939595	0.999173	0.970174	0.171032
v1.2-General	0.0001259939595	0.999173	0.970671	0.170960
v1.2-General	0.0001259939595	0.999173	0.971168	0.170887
v1.2-General	0.0001259939595	0.999173	0.971665	0.170814
v1.2-General	0.0001259939595	0.999173	0.972162	0.170742
v1.2-General	0.0001259939595	0.999173	0.972659	0.170670
v1.2-General	0.0001259939595	0.999173	0.973157	0.170597
v1.2-General	0.0001259939595	0.999173	0.973654	0.170525
v1.2-General	0.0001259939595	1.000000	0.973985	0.170594
v1.2-General	0.0001259939595	1.000000	0.974482	0.170522
v1.2-General	0.0001259939595	1.000000	0.974979	0.170450
v1.2-General	8.832123692e-05	1.000000	0.975476	0.170378
v1.2-General	8.832123692e-05	1.000000	0.975973	0.170306
v1.2-General	6.42930718e-05	1.000000	0.976471	0.170234
v1.2-General	4.999832459e-05	1.000000	0.976968	0.170162
v1.2-General	4.999832459e-05	1.000000	0.977465	0.170090
v1.2-General	4.999832459e-05	1.000000	0.977962	0.170018
v1.2-General	4.999832459e-05	1.000000	0.978459	0.169947
v1.2-General	3.286634852e-05	1.000000	0.978956	0.169875
v1.2-General	3.286634852e-05	1.000000	0.979453	0.169803
v1.2-General	2.629307353e-05	1.000000	0.979950	0.169732
v1.2-General	2.629307353e-05	1.000000	0.980447	0.169660
v1.2-General	2.629307353e-05	1.000000	0.980944	0.169589
v1.2-General	2.629307353e-05	1.000000	0.981442	0.169518
v1.2-General	2.629307353e-05	1.000000	0.981939	0.169446
v1.2-General	2.629307353e-05	1.000000	0.982436	0.169375
v1.2-General	2.629307353e-05	1.000000	0.982933	0.169304
v1.2-General	2.629307353e-05	1.000000	0.983430	0.169233
v1.2-General	2.629307353e-05	1.000000	0.983927	0.169162
v1.2-General	2.629307353e-05	1.000000	0.984424	0.169091
v1.2-General	2.629307353e-05	1.000000	0.984921	0.169020
v1.2-General	2.629307353e-05	1.000000	0.985418	0.168949
v1.2-General	2.629307353e-05	1.000000	0.985915	0.168878
v1.2-General	2.629307353e-05	1.000000	0.986413	0.168808
v1.2-General	2.629307353e-05	1.000000	0.986910	0.168737
v1.2-General	2.629307353e-05	1.000000	0.987407	0.168666
v1.2-General	2.629307353e-05	1.000000	0.987904	0.168596
v1.2-General	2.629307353e-05	1.000000	0.988401	0.168525
v1.2-General	2.629307353e-05	1.000000	0.988898	0.168455
v1.2-General	2.629307353e-05	1.000000	0.989395	0.168384
v1.2-General	2.629307353e-05	1.000000	0.989892	0.168314
v1.2-General	2.629307353e-05	1.000000	0.990389	0.168244
v1.2-General	2.629307353e-05	1.000000	0.990886	0.168174
v1.2-General	2.629307353e-05	1.000000	0.991384	0.168103
v1.2-General	2.629307353e-05	1.000000	0.991881	0.168033
v1.2-General	2.629307353e-05	1.000000	0.992378	0.167963
v1.2-General	2.629307353e-05	1.000000	0.992875	0.167893
v1.2-General	2.629307353e-05	1.000000	0.993372	0.167823
v1.2-General	2.629307353e-05	1.000000	0.993869	0.167754
v1.2-General	2.629307353e-05	1.000000	0.994366	0.167684
v1.2-General	2.629307353e-05	1.000000	0.994863	0.167614
v1.2-General	2.629307353e-05	1.000000	0.995360	0.167544
v1.2-General	2.629307353e-05	1.000000	0.995857	0.167475
v1.2-General	2.629307353e-05	1.000000	0.996355	0.167405
v1.2-General	2.629307353e-05	1.000000	0.996852	0.167336
v1.2-General	2.629307353e-05	1.000000	0.997349	0.167266
v1.2-General	2.629307353e-05	1.000000	0.997846	0.167197
v1.2-General	2.629307353e-05	1.000000	0.998343	0.167127
v1.2-General	2.629307353e-05	1.000000	0.998840	0.167058
v1.2-General	2.629307353e-05	1.000000	0.999337	0.166989
v1.2-General	2.629307353e-05	1.000000	0.999834	0.166920
v1.1	0.9991870154	0.000827	0.000000	1.000000
v1.1	0.9991633444	0.003309	0.000000	1.000000
v1.1	0.9981749257	0.005790	0.000000	1.000000
v1.1	0.998121842	0.008271	0.000000	1.000000
v1.1	0.998121842	0.010753	0.000000	1.000000
v1.1	0.998121842	0.013234	0.000000	1.000000
v1.1	0.998121842	0.015715	0.000000	1.000000
v1.1	0.998121842	0.018197	0.000000	1.000000
v1.1	0.9977635739	0.020678	0.000000	1.000000
v1.1	0.9973227217	0.023160	0.000000	1.000000
v1.1	0.9972630123	0.025641	0.000000	1.000000
v1.1	0.9972630123	0.028122	0.000000	1.000000
v1.1	0.9972630123	0.030604	0.000000	1.000000
v1.1	0.9972630123	0.033085	0.000000	1.000000
v1.1	0.9972630123	0.035567	0.000000	1.000000
v1.1	0.9972630123	0.038048	0.000000	1.000000
v1.1	0.996978315	0.040529	0.000000	1.000000
v1.1	0.996978315	0.043011	0.000000	1.000000
v1.1	0.9968272811	0.045492	0.000000	1.000000
v1.1	0.9968272811	0.047974	0.000000	1.000000
v1.1	0.9960999041	0.050455	0.000000	1.000000
v1.1	0.995649531	0.052936	0.000000	1.000000
v1.1	0.9955988876	0.055418	0.000000	1.000000
v1.1	0.9950179303	0.057899	0.000000	1.000000
v1.1	0.9948153495	0.060380	0.000000	1.000000
v1.1	0.9947153945	0.062862	0.000000	1.000000
v1.1	0.9947153945	0.065343	0.000000	1.000000
v1.1	0.9945467943	0.067825	0.000000	1.000000
v1.1	0.9939534899	0.070306	0.000000	1.000000
v1.1	0.9939534899	0.072787	0.000000	1.000000
v1.1	0.9927500768	0.075269	0.000000	1.000000
v1.1	0.9927500768	0.077750	0.000000	1.000000
v1.1	0.9927500768	0.080232	0.000000	1.000000
v1.1	0.99231089	0.082713	0.000000	1.000000
v1.1	0.99231089	0.085194	0.000000	1.000000
v1.1	0.9922060466	0.087676	0.000000	1.000000
v1.1	0.9922060466	0.090157	0.000000	1.000000
v1.1	0.9920750052	0.092639	0.000000	1.000000
v1.1	0.9918953822	0.095120	0.000000	1.000000
v1.1	0.9918953822	0.097601	0.000000	1.000000
v1.1	0.9915521936	0.100083	0.000000	1.000000
v1.1	0.9915521936	0.102564	0.000000	1.000000
v1.1	0.9912356187	0.105045	0.000000	1.000000
v1.1	0.9912053826	0.107527	0.000000	1.000000
v1.1	0.9912053826	0.110008	0.000000	1.000000
v1.1	0.9912053826	0.112490	0.000000	1.000000
v1.1	0.9912010586	0.114971	0.000000	1.000000
v1.1	0.9912010586	0.117452	0.000000	1.000000
v1.1	0.9912010586	0.119934	0.000000	1.000000
v1.1	0.9907986627	0.122415	0.000000	1.000000
v1.1	0.9896119677	0.124897	0.000000	1.000000
v1.1	0.9894911347	0.127378	0.000000	1.000000
v1.1	0.9891809627	0.129859	0.000000	1.000000
v1.1	0.9882545697	0.132341	0.000000	1.000000
v1.1	0.9880557278	0.134822	0.000000	1.000000
v1.1	0.9877735383	0.137304	0.000000	1.000000
v1.1	0.9873582373	0.139785	0.000000	1.000000
v1.1	0.9872180726	0.142266	0.000000	1.000000
v1.1	0.9872180726	0.144748	0.000000	1.000000
v1.1	0.9872180726	0.147229	0.000000	1.000000
v1.1	0.9872180726	0.149711	0.000000	1.000000
v1.1	0.9872180726	0.152192	0.000000	1.000000
v1.1	0.9870101774	0.154673	0.000000	1.000000
v1.1	0.9870101774	0.157155	0.000000	1.000000
v1.1	0.9868325153	0.159636	0.000000	1.000000
v1.1	0.9867893812	0.162117	0.000000	1.000000
v1.1	0.9866669098	0.164599	0.000000	1.000000
v1.1	0.9863218924	0.167080	0.000000	1.000000
v1.1	0.9859960358	0.169562	0.000000	1.000000
v1.1	0.9852120888	0.172043	0.000000	1.000000
v1.1	0.98518483	0.174524	0.000000	1.000000
v1.1	0.9851616205	0.177006	0.000000	1.000000
v1.1	0.9851616205	0.179487	0.000000	1.000000
v1.1	0.9842980327	0.181969	0.000000	1.000000
v1.1	0.9839047424	0.184450	0.000000	1.000000
v1.1	0.9836281427	0.186931	0.000000	1.000000
v1.1	0.98326006	0.189413	0.000000	1.000000
v1.1	0.9830722459	0.191894	0.000000	1.000000
v1.1	0.9821087916	0.194376	0.000000	1.000000
v1.1	0.9821087916	0.196857	0.000000	1.000000
v1.1	0.9816961848	0.199338	0.000000	1.000000
v1.1	0.9816589804	0.201820	0.000000	1.000000
v1.1	0.9812600109	0.204301	0.000000	1.000000
v1.1	0.9809144314	0.206782	0.000000	1.000000
v1.1	0.980345035	0.209264	0.000000	1.000000
v1.1	0.9802022638	0.211745	0.000000	1.000000
v1.1	0.9801744474	0.214227	0.000000	1.000000
v1.1	0.9801744474	0.216708	0.000000	1.000000
v1.1	0.9792372195	0.219189	0.000000	1.000000
v1.1	0.9790974765	0.221671	0.000000	1.000000
v1.1	0.9790855563	0.223325	0.000166	0.996310
v1.1	0.9787715262	0.225806	0.000166	0.996350
v1.1	0.978767922	0.228288	0.000166	0.996390
v1.1	0.9787207746	0.230769	0.000166	0.996429
v1.1	0.9787069893	0.233251	0.000166	0.996466
v1.1	0.9785374675	0.235732	0.000166	0.996503
v1.1	0.9783032539	0.238213	0.000166	0.996540
v1.1	0.9782389051	0.240695	0.000166	0.996575
v1.1	0.9774351198	0.243176	0.000166	0.996610
v1.1	0.9764731881	0.245658	0.000166	0.996644
v1.1	0.976463892	0.248139	0.000166	0.996678
v1.1	0.9762969348	0.250620	0.000166	0.996711
v1.1	0.9760410773	0.253102	0.000166	0.996743
v1.1	0.975970597	0.255583	0.000166	0.996774
v1.1	0.975576205	0.257237	0.000331	0.993610
v1.1	0.9752080973	0.259719	0.000331	0.993671
v1.1	0.9751828673	0.262200	0.000331	0.993730
v1.1	0.9742644365	0.264682	0.000331	0.993789
v1.1	0.9739278636	0.267163	0.000331	0.993846
v1.1	0.973525579	0.268817	0.000497	0.990854
v1.1	0.9732783208	0.271299	0.000497	0.990937
v1.1	0.9732243874	0.273780	0.000497	0.991018
v1.1	0.9717479205	0.276261	0.000497	0.991098
v1.1	0.9712590883	0.278743	0.000497	0.991176
v1.1	0.9703412329	0.281224	0.000497	0.991254
v1.1	0.9703412329	0.283706	0.000497	0.991329
v1.1	0.9699761525	0.286187	0.000497	0.991404
v1.1	0.9698025215	0.288668	0.000497	0.991477
v1.1	0.9697853779	0.291150	0.000497	0.991549
v1.1	0.9694135074	0.293631	0.000497	0.991620
v1.1	0.9688764285	0.296112	0.000497	0.991690
v1.1	0.9686338089	0.297767	0.000663	0.989011
v1.1	0.9680756476	0.300248	0.000663	0.989101
v1.1	0.9676140372	0.302730	0.000663	0.989189
v1.1	0.9674927515	0.305211	0.000663	0.989276
v1.1	0.9673833417	0.307692	0.000663	0.989362
v1.1	0.9669958877	0.310174	0.000663	0.989446
v1.1	0.9669958877	0.312655	0.000663	0.989529
v1.1	0.9664543555	0.315136	0.000663	0.989610
v1.1	0.9660384537	0.317618	0.000663	0.989691
v1.1	0.966009351	0.320099	0.000663	0.989770
v1.1	0.965880853	0.322581	0.000663	0.989848
v1.1	0.965359187	0.325062	0.000663	0.989924
v1.1	0.965359187	0.327543	0.000663	0.990000
v1.1	0.9651635816	0.330025	0.000663	0.990074
v1.1	0.9644958728	0.332506	0.000663	0.990148
v1.1	0.964458916	0.334988	0.000663	0.990220
v1.1	0.9642906837	0.337469	0.000663	0.990291
v1.1	0.9642467657	0.339950	0.000663	0.990361
v1.1	0.9635986336	0.342432	0.000663	0.990431
v1.1	0.9633125441	0.344913	0.000663	0.990499
v1.1	0.9633125441	0.347395	0.000663	0.990566
v1.1	0.9632827884	0.349876	0.000663	0.990632
v1.1	0.9629932254	0.352357	0.000663	0.990698
v1.1	0.9628840341	0.354839	0.000663	0.990762
v1.1	0.9628840341	0.357320	0.000663	0.990826
v1.1	0.9625571748	0.359801	0.000663	0.990888
v1.1	0.9623886514	0.362283	0.000663	0.990950
v1.1	0.9623886514	0.364764	0.000663	0.991011
v1.1	0.9623886514	0.367246	0.000663	0.991071
v1.1	0.9623886514	0.369727	0.000663	0.991131
v1.1	0.9620231579	0.371381	0.000829	0.988987
v1.1	0.9617910987	0.373863	0.000829	0.989059
v1.1	0.9617910987	0.376344	0.000829	0.989130
v1.1	0.9617652804	0.378825	0.000829	0.989201
v1.1	0.9616708933	0.380480	0.000994	0.987124
v1.1	0.9616218156	0.382961	0.000994	0.987207
v1.1	0.9608183848	0.385443	0.000994	0.987288
v1.1	0.9607584201	0.387924	0.000994	0.987368
v1.1	0.9604309421	0.388751	0.001326	0.983264
v1.1	0.9596889144	0.390405	0.001491	0.981289
v1.1	0.959659597	0.392887	0.001491	0.981405
v1.1	0.9595931633	0.395368	0.001491	0.981520
v1.1	0.9587412687	0.397849	0.001491	0.981633
v1.1	0.9585753403	0.400331	0.001491	0.981744
v1.1	0.9581914502	0.402812	0.001491	0.981855
v1.1	0.9581448127	0.405294	0.001491	0.981964
v1.1	0.9577582369	0.407775	0.001491	0.982072
v1.1	0.9574084383	0.410256	0.001491	0.982178
v1.1	0.9565333439	0.412738	0.001491	0.982283
v1.1	0.9564141828	0.415219	0.001491	0.982387
v1.1	0.9556199228	0.416873	0.001657	0.980545
v1.1	0.9551480413	0.419355	0.001657	0.980658
v1.1	0.954528031	0.421009	0.001823	0.978846
v1.1	0.953860062	0.423490	0.001823	0.978967
v1.1	0.9533427288	0.425972	0.001823	0.979087
v1.1	0.9533427288	0.428453	0.001823	0.979206
v1.1	0.9524283561	0.430935	0.001823	0.979323
v1.1	0.9516876618	0.433416	0.001823	0.979439
v1.1	0.9509245517	0.435897	0.001823	0.979554
v1.1	0.9505850275	0.438379	0.001823	0.979667
v1.1	0.9496734233	0.440860	0.001823	0.979779
v1.1	0.9488306024	0.443342	0.001823	0.979890
v1.1	0.9483735652	0.445823	0.001823	0.980000
v1.1	0.9464752472	0.448304	0.001823	0.980108
v1.1	0.946310388	0.450786	0.001823	0.980216
v1.1	0.9456938063	0.453267	0.001823	0.980322
v1.1	0.944312863	0.455749	0.001823	0.980427
v1.1	0.9438611241	0.458230	0.001823	0.980531
v1.1	0.9432023545	0.460711	0.001823	0.980634
v1.1	0.9431578978	0.462366	0.001988	0.978984
v1.1	0.9430371588	0.464847	0.001988	0.979094
v1.1	0.9428283227	0.467328	0.001988	0.979203
v1.1	0.9422378397	0.469810	0.001988	0.979310
v1.1	0.9421375769	0.472291	0.001988	0.979417
v1.1	0.9419880169	0.474773	0.001988	0.979522
v1.1	0.9418372926	0.477254	0.001988	0.979626
v1.1	0.9409403174	0.478081	0.002320	0.976351
v1.1	0.9401680855	0.480562	0.002320	0.976471
v1.1	0.9395101218	0.483044	0.002320	0.976589
v1.1	0.9387035269	0.485525	0.002320	0.976705
v1.1	0.9382616698	0.487179	0.002486	0.975166
v1.1	0.9367772993	0.488834	0.002651	0.973641
v1.1	0.9363407437	0.491315	0.002651	0.973770
v1.1	0.9361419661	0.493797	0.002651	0.973899
v1.1	0.9358567541	0.495451	0.002817	0.972403
v1.1	0.9349599086	0.497105	0.002983	0.970921
v1.1	0.9342864977	0.499586	0.002983	0.971061
v1.1	0.9333328087	0.502068	0.002983	0.971200
v1.1	0.9325970136	0.504549	0.002983	0.971338
v1.1	0.9324135753	0.507031	0.002983	0.971474
v1.1	0.9316846341	0.508685	0.003148	0.970032
v1.1	0.9311654719	0.510339	0.003314	0.968603
v1.1	0.9311654719	0.512821	0.003314	0.968750
v1.1	0.9294071232	0.515302	0.003314	0.968896
v1.1	0.9283915869	0.517783	0.003314	0.969040
v1.1	0.9261187871	0.519438	0.003480	0.967643
v1.1	0.9249347967	0.521919	0.003480	0.967791
v1.1	0.9226813462	0.524400	0.003480	0.967939
v1.1	0.922542935	0.526882	0.003480	0.968085
v1.1	0.9220945982	0.527709	0.003811	0.965204
v1.1	0.9215061377	0.529363	0.003977	0.963855
v1.1	0.9199182692	0.530190	0.004308	0.961019
v1.1	0.9172606821	0.532672	0.004308	0.961194
v1.1	0.9153086705	0.535153	0.004308	0.961367
v1.1	0.9149519732	0.536807	0.004474	0.960059
v1.1	0.9136337592	0.539289	0.004474	0.960236
v1.1	0.9120705929	0.541770	0.004474	0.960411
v1.1	0.9098489248	0.542597	0.004805	0.957664
v1.1	0.9088818566	0.543424	0.005137	0.954942
v1.1	0.9073892754	0.544251	0.005468	0.952243
v1.1	0.9064195043	0.545906	0.005634	0.951009
v1.1	0.90502047	0.548387	0.005634	0.951220
v1.1	0.9035386074	0.550868	0.005634	0.951429
v1.1	0.9023297827	0.553350	0.005634	0.951636
v1.1	0.9019484892	0.555831	0.005634	0.951841
v1.1	0.9008811163	0.558313	0.005634	0.952045
v1.1	0.9007032354	0.560794	0.005634	0.952247
v1.1	0.9007032354	0.563275	0.005634	0.952448
v1.1	0.9007032354	0.565757	0.005634	0.952646
v1.1	0.9005842852	0.567411	0.005800	0.951456
v1.1	0.898162268	0.569892	0.005800	0.951657
v1.1	0.8977258187	0.572374	0.005800	0.951857
v1.1	0.8970600429	0.574855	0.005800	0.952055
v1.1	0.8933118721	0.576510	0.005965	0.950887
v1.1	0.8924293329	0.578991	0.005965	0.951087
v1.1	0.8912496131	0.581472	0.005965	0.951286
v1.1	0.8892080195	0.583954	0.005965	0.951482
v1.1	0.8892080195	0.586435	0.005965	0.951678
v1.1	0.8892080195	0.588916	0.005965	0.951872
v1.1	0.8889586847	0.591398	0.005965	0.952064
v1.1	0.8879144831	0.593879	0.005965	0.952255
v1.1	0.8874404244	0.595533	0.006131	0.951123
v1.1	0.8846027252	0.597188	0.006297	0.950000
v1.1	0.8830824019	0.598842	0.006462	0.948886
v1.1	0.8804136755	0.600496	0.006628	0.947781
v1.1	0.8804136755	0.602978	0.006628	0.947984
v1.1	0.879360332	0.605459	0.006628	0.948187
v1.1	0.8785314855	0.607940	0.006628	0.948387
v1.1	0.8780522433	0.610422	0.006628	0.948586
v1.1	0.876619575	0.612903	0.006628	0.948784
v1.1	0.8741953562	0.614557	0.006794	0.947704
v1.1	0.8721833013	0.617039	0.006794	0.947903
v1.1	0.8714485558	0.618693	0.006959	0.946835
v1.1	0.8712693068	0.621175	0.006959	0.947037
v1.1	0.8673309091	0.623656	0.006959	0.947236
v1.1	0.8664917142	0.625310	0.007125	0.946183
v1.1	0.8657097339	0.627792	0.007125	0.946384
v1.1	0.864968185	0.630273	0.007125	0.946584
v1.1	0.8619577398	0.631927	0.007291	0.945545
v1.1	0.8587363467	0.632754	0.007622	0.943280
v1.1	0.8574827193	0.635236	0.007622	0.943489
v1.1	0.8573408052	0.637717	0.007622	0.943696
v1.1	0.8549335044	0.639371	0.007788	0.942683
v1.1	0.8539463014	0.641853	0.007788	0.942892
v1.1	0.8527866133	0.643507	0.007954	0.941889
v1.1	0.8514317309	0.645988	0.007954	0.942099
v1.1	0.8514317309	0.648470	0.007954	0.942308
v1.1	0.8503905044	0.650951	0.007954	0.942515
v1.1	0.8498898069	0.653433	0.007954	0.942721
v1.1	0.8495629791	0.655914	0.007954	0.942925
v1.1	0.8466523447	0.657568	0.008119	0.941943
v1.1	0.8446043776	0.660050	0.008119	0.942149
v1.1	0.8444463001	0.662531	0.008119	0.942353
v1.1	0.8444463001	0.665012	0.008119	0.942556
v1.1	0.8444410503	0.665840	0.008451	0.940421
v1.1	0.8434829113	0.667494	0.008616	0.939464
v1.1	0.8425868788	0.669975	0.008616	0.939675
v1.1	0.8425544046	0.671629	0.008782	0.938728
v1.1	0.8391205817	0.673284	0.008948	0.937788
v1.1	0.8373146468	0.675765	0.008948	0.938002
v1.1	0.8366395007	0.676592	0.009279	0.935927
v1.1	0.8326734437	0.678246	0.009445	0.935006
v1.1	0.8285999814	0.680728	0.009445	0.935227
v1.1	0.8276771282	0.682382	0.009611	0.934315
v1.1	0.8237503976	0.684864	0.009611	0.934537
v1.1	0.8217717949	0.686518	0.009776	0.933633
v1.1	0.8210858752	0.688999	0.009776	0.933857
v1.1	0.8137650647	0.691481	0.009776	0.934078
v1.1	0.8123557469	0.693962	0.009776	0.934298
v1.1	0.8109347047	0.696443	0.009776	0.934517
v1.1	0.8099088882	0.698925	0.009776	0.934735
v1.1	0.8077228887	0.701406	0.009776	0.934950
v1.1	0.8050708049	0.703888	0.009776	0.935165
v1.1	0.802108276	0.706369	0.009776	0.935378
v1.1	0.7993299407	0.708023	0.009942	0.934498
v1.1	0.7932758959	0.709677	0.010108	0.933624
v1.1	0.7913493314	0.710505	0.010439	0.931670
v1.1	0.7888816776	0.712159	0.010605	0.930811
v1.1	0.7865750893	0.714640	0.010605	0.931034
v1.1	0.7818063328	0.717122	0.010605	0.931257
v1.1	0.774594845	0.719603	0.010605	0.931478
v1.1	0.7742473027	0.722084	0.010605	0.931697
v1.1	0.7669544792	0.724566	0.010605	0.931915
v1.1	0.762991378	0.727047	0.010605	0.932131
v1.1	0.7601666308	0.729529	0.010605	0.932347
v1.1	0.7601666308	0.732010	0.010605	0.932561
v1.1	0.7572095659	0.734491	0.010605	0.932773
v1.1	0.7560503796	0.736973	0.010605	0.932984
v1.1	0.7557329153	0.737800	0.010936	0.931106
v1.1	0.7545585022	0.739454	0.011102	0.930281
v1.1	0.7539328629	0.739454	0.011599	0.927386
v1.1	0.752312334	0.741108	0.011765	0.926577
v1.1	0.7492017787	0.743590	0.011765	0.926804
v1.1	0.7426018072	0.745244	0.011930	0.926002
v1.1	0.7426018072	0.747725	0.011930	0.926230
v1.1	0.740259975	0.748553	0.012262	0.924413
v1.1	0.7371336852	0.751034	0.012262	0.924644
v1.1	0.7351039954	0.753515	0.012262	0.924873
v1.1	0.7320886344	0.754342	0.012593	0.923077
v1.1	0.732056606	0.756824	0.012593	0.923310
v1.1	0.7312631469	0.757651	0.012925	0.921529
v1.1	0.7244638366	0.760132	0.012925	0.921765
v1.1	0.7214932858	0.762614	0.012925	0.922000
v1.1	0.7174625436	0.764268	0.013090	0.921236
v1.1	0.7134459625	0.765922	0.013256	0.920477
v1.1	0.7113431184	0.767577	0.013422	0.919722
v1.1	0.7042059627	0.770058	0.013422	0.919960
v1.1	0.7014419643	0.772539	0.013422	0.920197
v1.1	0.6970850096	0.775021	0.013422	0.920432
v1.1	0.6942053339	0.776675	0.013587	0.919687
v1.1	0.6916468662	0.776675	0.014085	0.916992
v1.1	0.6808232201	0.778329	0.014250	0.916261
v1.1	0.6770368131	0.780811	0.014250	0.916505
v1.1	0.6729649952	0.783292	0.014250	0.916747
v1.1	0.6700727708	0.785773	0.014250	0.916988
v1.1	0.666652025	0.788255	0.014250	0.917228
v1.1	0.6592763365	0.790736	0.014250	0.917466
v1.1	0.654393831	0.792390	0.014416	0.916746
v1.1	0.6525629119	0.794872	0.014416	0.916985
v1.1	0.6460443157	0.795699	0.014747	0.915319
v1.1	0.6406029247	0.798180	0.014747	0.915560
v1.1	0.6351749005	0.799835	0.014913	0.914853
v1.1	0.631449477	0.801489	0.015079	0.914151
v1.1	0.6255016324	0.803143	0.015244	0.913452
v1.1	0.6207409589	0.805624	0.015244	0.913696
v1.1	0.6156285601	0.807279	0.015410	0.913003
v1.1	0.6151007981	0.808933	0.015576	0.912313
v1.1	0.6132347666	0.810587	0.015742	0.911628
v1.1	0.6067163264	0.812242	0.015907	0.910946
v1.1	0.6052786241	0.813896	0.016073	0.910268
v1.1	0.5977251327	0.815550	0.016239	0.909594
v1.1	0.5894387024	0.818031	0.016239	0.909844
v1.1	0.5891695209	0.820513	0.016239	0.910092
v1.1	0.5826412553	0.822994	0.016239	0.910339
v1.1	0.5802287388	0.825476	0.016239	0.910584
v1.1	0.580188286	0.827957	0.016239	0.910828
v1.1	0.574907352	0.829611	0.016404	0.910163
v1.1	0.5615571328	0.832093	0.016404	0.910407
v1.1	0.5597841776	0.834574	0.016404	0.910650
v1.1	0.5597841776	0.837055	0.016404	0.910891
v1.1	0.5537770022	0.839537	0.016404	0.911131
v1.1	0.5497562117	0.842018	0.016404	0.911370
v1.1	0.5388239055	0.843672	0.016570	0.910714
v1.1	0.5358584522	0.846154	0.016570	0.910953
v1.1	0.5273046376	0.848635	0.016570	0.911190
v1.1	0.5236835015	0.850289	0.016736	0.910540
v1.1	0.5212438577	0.852771	0.016736	0.910777
v1.1	0.515394902	0.855252	0.016736	0.911013
v1.1	0.5123323716	0.857734	0.016736	0.911248
v1.1	0.5019847779	0.860215	0.016736	0.911481
v1.1	0.4892431335	0.862696	0.016736	0.911713
v1.1	0.4858013975	0.864351	0.016901	0.911072
v1.1	0.4818627099	0.866832	0.016901	0.911304
v1.1	0.4764029761	0.867659	0.017233	0.909801
v1.1	0.4732556465	0.868486	0.017564	0.908304
v1.1	0.470216025	0.870968	0.017564	0.908542
v1.1	0.4671995026	0.873449	0.017564	0.908778
v1.1	0.4655602608	0.875931	0.017564	0.909013
v1.1	0.4642407325	0.878412	0.017564	0.909247
v1.1	0.4600696391	0.880066	0.017730	0.908625
v1.1	0.4548190094	0.881720	0.017896	0.908007
v1.1	0.4494292054	0.884202	0.017896	0.908241
v1.1	0.4446744239	0.886683	0.017896	0.908475
v1.1	0.4438201301	0.889165	0.017896	0.908707
v1.1	0.4398516235	0.891646	0.017896	0.908938
v1.1	0.4359587649	0.893300	0.018061	0.908326
v1.1	0.4297052551	0.895782	0.018061	0.908557
v1.1	0.4239914417	0.898263	0.018061	0.908787
v1.1	0.4190299106	0.899917	0.018227	0.908180
v1.1	0.4143782192	0.901572	0.018393	0.907577
v1.1	0.409161505	0.901572	0.018890	0.905316
v1.1	0.4068274342	0.901572	0.019387	0.903065
v1.1	0.40426043	0.902399	0.019718	0.901653
v1.1	0.3971950489	0.904053	0.019884	0.901072
v1.1	0.395090557	0.904880	0.020215	0.899671
v1.1	0.3818915888	0.905707	0.020547	0.898277
v1.1	0.3745475746	0.908189	0.020547	0.898527
v1.1	0.367449092	0.910670	0.020547	0.898776
v1.1	0.3651621119	0.912324	0.020713	0.898208
v1.1	0.3630586848	0.913978	0.020878	0.897644
v1.1	0.3570472454	0.913978	0.021375	0.895462
v1.1	0.3500104717	0.915633	0.021541	0.894907
v1.1	0.3494101284	0.917287	0.021707	0.894355
v1.1	0.3332187417	0.918114	0.022038	0.893001
v1.1	0.3198540282	0.920596	0.022038	0.893258
v1.1	0.3129433643	0.922250	0.022204	0.892714
v1.1	0.2977185376	0.923077	0.022535	0.891374
v1.1	0.295945445	0.924731	0.022701	0.890837
v1.1	0.2915247477	0.926385	0.022867	0.890302
v1.1	0.2894997772	0.928867	0.022867	0.890563
v1.1	0.2846059555	0.929694	0.023198	0.889241
v1.1	0.2778454076	0.931348	0.023364	0.888713
v1.1	0.2715466269	0.933002	0.023529	0.888189
v1.1	0.2617931887	0.933830	0.023861	0.886881
v1.1	0.2574329381	0.935484	0.024027	0.886364
v1.1	0.2442044597	0.936311	0.024358	0.885066
v1.1	0.2155252738	0.937965	0.024524	0.884555
v1.1	0.2029903239	0.937965	0.025021	0.882490
v1.1	0.1939992026	0.940447	0.025021	0.882764
v1.1	0.181779025	0.941274	0.025352	0.881487
v1.1	0.1685707477	0.942101	0.025684	0.880216
v1.1	0.1500295173	0.942928	0.026015	0.878951
v1.1	0.1279481951	0.944582	0.026181	0.878462
v1.1	0.1082313436	0.945409	0.026512	0.877206
v1.1	0.09836235351	0.947891	0.026512	0.877489
v1.1	0.09393242082	0.947891	0.027009	0.875477
v1.1	0.0871918165	0.948718	0.027341	0.874238
v1.1	0.06989722571	0.949545	0.027672	0.873004
v1.1	0.06729188229	0.951199	0.027838	0.872534
v1.1	0.05530005554	0.952026	0.028169	0.871310
v1.1	0.0496260436	0.952026	0.028666	0.869335
v1.1	0.04551235231	0.952854	0.028998	0.868124
v1.1	0.0400029472	0.953681	0.029329	0.866917
v1.1	0.03860579925	0.954508	0.029660	0.865716
v1.1	0.03673484073	0.955335	0.029992	0.864521
v1.1	0.03673484073	0.955335	0.030489	0.862584
v1.1	0.0345430421	0.956989	0.030655	0.862146
v1.1	0.03271710533	0.956989	0.031152	0.860223
v1.1	0.02932594676	0.957816	0.031483	0.859050
v1.1	0.02799652067	0.958644	0.031814	0.857883
v1.1	0.02718849506	0.958644	0.032312	0.855982
v1.1	0.02602625706	0.960298	0.032477	0.855564
v1.1	0.02588198968	0.960298	0.032974	0.853676
v1.1	0.02452440891	0.960298	0.033471	0.851798
v1.1	0.02346579555	0.960298	0.033969	0.849927
v1.1	0.02234925325	0.960298	0.034466	0.848064
v1.1	0.02139343909	0.961125	0.034797	0.846939
v1.1	0.02050132605	0.961125	0.035294	0.845091
v1.1	0.01921824217	0.961952	0.035626	0.843977
v1.1	0.01766213569	0.963606	0.035791	0.843592
v1.1	0.01528387947	0.964433	0.036123	0.842486
v1.1	0.01406949321	0.964433	0.036620	0.840663
v1.1	0.0137427134	0.964433	0.037117	0.838849
v1.1	0.01284163554	0.964433	0.037614	0.837042
v1.1	0.01239995406	0.964433	0.038111	0.835244
v1.1	0.01072140192	0.965261	0.038442	0.834167
v1.1	0.01026044392	0.965261	0.038940	0.832382
v1.1	0.01017157016	0.965261	0.039437	0.830605
v1.1	0.0100367567	0.965261	0.039934	0.828835
v1.1	0.01002318185	0.965261	0.040431	0.827073
v1.1	0.009852879672	0.965261	0.040928	0.825318
v1.1	0.009612075418	0.965261	0.041425	0.823571
v1.1	0.009600736063	0.965261	0.041922	0.821831
v1.1	0.009398411642	0.965261	0.042419	0.820098
v1.1	0.009398411642	0.965261	0.042916	0.818373
v1.1	0.009398411642	0.965261	0.043413	0.816655
v1.1	0.009398411642	0.965261	0.043911	0.814944
v1.1	0.009398411642	0.965261	0.044408	0.813240
v1.1	0.009350648226	0.965261	0.044905	0.811544
v1.1	0.009276825189	0.965261	0.045402	0.809854
v1.1	0.009269581113	0.965261	0.045899	0.808172
v1.1	0.009193342972	0.965261	0.046396	0.806496
v1.1	0.009070545333	0.965261	0.046893	0.804828
v1.1	0.008930470594	0.965261	0.047390	0.803166
v1.1	0.008907992976	0.966088	0.047722	0.802198
v1.1	0.008717732194	0.966088	0.048219	0.800548
v1.1	0.008564391112	0.966088	0.048716	0.798906
v1.1	0.008564391112	0.966088	0.049213	0.797270
v1.1	0.0082983995	0.966088	0.049710	0.795640
v1.1	0.008128459796	0.966088	0.050207	0.794018
v1.1	0.007836425343	0.966088	0.050704	0.792402
v1.1	0.007661754744	0.966915	0.051036	0.791469
v1.1	0.007432500985	0.966915	0.051533	0.789865
v1.1	0.00739678803	0.966915	0.052030	0.788267
v1.1	0.007255790479	0.966915	0.052527	0.786676
v1.1	0.006805082974	0.966915	0.053024	0.785091
v1.1	0.006676034829	0.966915	0.053521	0.783512
v1.1	0.006295179805	0.966915	0.054018	0.781940
v1.1	0.00625223726	0.966915	0.054515	0.780374
v1.1	0.006165191192	0.966915	0.055012	0.778814
v1.1	0.006039070071	0.968569	0.055178	0.778590
v1.1	0.00600596521	0.968569	0.055675	0.777040
v1.1	0.005944999526	0.968569	0.056172	0.775497
v1.1	0.005776253547	0.969396	0.056504	0.774620
v1.1	0.00573038762	0.969396	0.057001	0.773087
v1.1	0.0056612799	0.969396	0.057498	0.771560
v1.1	0.005513625773	0.969396	0.057995	0.770039
v1.1	0.005269044785	0.969396	0.058492	0.768525
v1.1	0.005168208681	0.969396	0.058989	0.767016
v1.1	0.005151418716	0.970223	0.059321	0.766166
v1.1	0.005151418716	0.970223	0.059818	0.764668
v1.1	0.005151418716	0.970223	0.060315	0.763175
v1.1	0.005020207842	0.971050	0.060646	0.762338
v1.1	0.004900834159	0.971878	0.060978	0.761504
v1.1	0.004774916375	0.971878	0.061475	0.760026
v1.1	0.004368557979	0.971878	0.061972	0.758554
v1.1	0.003999673725	0.971878	0.062469	0.757088
v1.1	0.003999673725	0.971878	0.062966	0.755627
v1.1	0.003946504828	0.971878	0.063463	0.754172
v1.1	0.003733546395	0.973532	0.063629	0.754004
v1.1	0.003422039267	0.974359	0.063960	0.753197
v1.1	0.003265501771	0.975186	0.064292	0.752393
v1.1	0.002938043173	0.975186	0.064789	0.750955
v1.1	0.002747961277	0.975186	0.065286	0.749523
v1.1	0.002692857715	0.975186	0.065783	0.748096
v1.1	0.00265883465	0.975186	0.066280	0.746675
v1.1	0.002636176444	0.975186	0.066777	0.745259
v1.1	0.002606417099	0.975186	0.067274	0.743849
v1.1	0.002581527396	0.975186	0.067771	0.742443
v1.1	0.002581527396	0.975186	0.068268	0.741043
v1.1	0.002558994788	0.975186	0.068766	0.739649
v1.1	0.002558994788	0.975186	0.069263	0.738259
v1.1	0.002529752787	0.975186	0.069760	0.736875
v1.1	0.002507670953	0.975186	0.070257	0.735496
v1.1	0.002507670953	0.975186	0.070754	0.734122
v1.1	0.002507670953	0.975186	0.071251	0.732753
v1.1	0.002507670953	0.975186	0.071748	0.731390
v1.1	0.002507670953	0.975186	0.072245	0.730031
v1.1	0.002507670953	0.975186	0.072742	0.728677
v1.1	0.002421576533	0.975186	0.073239	0.727329
v1.1	0.002421576533	0.975186	0.073737	0.725985
v1.1	0.002366023276	0.975186	0.074234	0.724647
v1.1	0.002366023276	0.975186	0.074731	0.723313
v1.1	0.002366023276	0.975186	0.075228	0.721984
v1.1	0.002318560729	0.976013	0.075559	0.721271
v1.1	0.002318560729	0.976013	0.076056	0.719951
v1.1	0.0023178174	0.976013	0.076553	0.718636
v1.1	0.002232798678	0.976013	0.077051	0.717325
v1.1	0.002213303161	0.977667	0.077216	0.717233
v1.1	0.002189147671	0.977667	0.077713	0.715930
v1.1	0.002184868152	0.977667	0.078210	0.714631
v1.1	0.002184868152	0.977667	0.078708	0.713337
v1.1	0.002184868152	0.977667	0.079205	0.712048
v1.1	0.002184868152	0.977667	0.079702	0.710764
v1.1	0.002184868152	0.977667	0.080199	0.709484
v1.1	0.002184868152	0.977667	0.080696	0.708209
v1.1	0.002184868152	0.977667	0.081193	0.706938
v1.1	0.002184868152	0.977667	0.081690	0.705672
v1.1	0.002184868152	0.977667	0.082187	0.704410
v1.1	0.002184868152	0.977667	0.082684	0.703153
v1.1	0.002184868152	0.978495	0.083016	0.702494
v1.1	0.002184868152	0.978495	0.083513	0.701245
v1.1	0.002168897527	0.978495	0.084010	0.700000
v1.1	0.002141982948	0.978495	0.084507	0.698760
v1.1	0.002141982948	0.978495	0.085004	0.697524
v1.1	0.002126748364	0.978495	0.085501	0.696292
v1.1	0.002113456507	0.978495	0.085998	0.695065
v1.1	0.002113456507	0.978495	0.086495	0.693842
v1.1	0.002088264845	0.979322	0.086827	0.693208
v1.1	0.002064879816	0.979322	0.087324	0.691993
v1.1	0.002064879816	0.979322	0.087821	0.690782
v1.1	0.002064879816	0.979322	0.088318	0.689575
v1.1	0.002046346464	0.979322	0.088815	0.688372
v1.1	0.002032668258	0.979322	0.089312	0.687174
v1.1	0.002032668258	0.979322	0.089809	0.685979
v1.1	0.00202344597	0.979322	0.090307	0.684789
v1.1	0.00202344597	0.979322	0.090804	0.683603
v1.1	0.00202344597	0.979322	0.091301	0.682421
v1.1	0.00202344597	0.979322	0.091798	0.681243
v1.1	0.00202344597	0.979322	0.092295	0.680069
v1.1	0.00202344597	0.979322	0.092792	0.678899
v1.1	0.00202344597	0.979322	0.093289	0.677733
v1.1	0.00200528376	0.979322	0.093786	0.676571
v1.1	0.001981937352	0.979322	0.094283	0.675414
v1.1	0.001906737744	0.979322	0.094780	0.674260
v1.1	0.001906737744	0.979322	0.095278	0.673110
v1.1	0.001906737744	0.979322	0.095775	0.671964
v1.1	0.001906737744	0.979322	0.096272	0.670822
v1.1	0.001906737744	0.979322	0.096769	0.669683
v1.1	0.001906737744	0.979322	0.097266	0.668549
v1.1	0.001906737744	0.979322	0.097763	0.667418
v1.1	0.001906737744	0.979322	0.098260	0.666292
v1.1	0.001906737744	0.979322	0.098757	0.665169
v1.1	0.001906737744	0.979322	0.099254	0.664049
v1.1	0.001906737744	0.979322	0.099751	0.662934
v1.1	0.001906737744	0.979322	0.100249	0.661822
v1.1	0.001893104547	0.979322	0.100746	0.660714
v1.1	0.001893104547	0.979322	0.101243	0.659610
v1.1	0.001869651772	0.979322	0.101740	0.658509
v1.1	0.001851606648	0.980149	0.102071	0.657968
v1.1	0.001845045927	0.980149	0.102568	0.656874
v1.1	0.001844399889	0.980976	0.102900	0.656336
v1.1	0.001844399889	0.980976	0.103397	0.655249
v1.1	0.001839723039	0.981803	0.103728	0.654716
v1.1	0.001830748466	0.981803	0.104225	0.653634
v1.1	0.001819669318	0.981803	0.104722	0.652556
v1.1	0.001790529841	0.981803	0.105220	0.651482
v1.1	0.001785818097	0.982630	0.105551	0.650959
v1.1	0.001785818097	0.982630	0.106048	0.649891
v1.1	0.001785818097	0.982630	0.106545	0.648826
v1.1	0.001785818097	0.982630	0.107042	0.647764
v1.1	0.001785818097	0.982630	0.107539	0.646707
v1.1	0.001785818097	0.982630	0.108036	0.645652
v1.1	0.001785818097	0.982630	0.108534	0.644601
v1.1	0.001785818097	0.982630	0.109031	0.643554
v1.1	0.001785818097	0.982630	0.109528	0.642509
v1.1	0.001785818097	0.982630	0.110025	0.641469
v1.1	0.001785818097	0.982630	0.110522	0.640431
v1.1	0.001785818097	0.982630	0.111019	0.639397
v1.1	0.001785818097	0.982630	0.111516	0.638366
v1.1	0.001785818097	0.982630	0.112013	0.637339
v1.1	0.001785818097	0.982630	0.112510	0.636315
v1.1	0.001785818097	0.982630	0.113007	0.635294
v1.1	0.00176623084	0.982630	0.113505	0.634277
v1.1	0.00176623084	0.982630	0.114002	0.633262
v1.1	0.00176623084	0.982630	0.114499	0.632251
v1.1	0.00176623084	0.982630	0.114996	0.631243
v1.1	0.00176623084	0.982630	0.115493	0.630239
v1.1	0.00175443998	0.982630	0.115990	0.629237
v1.1	0.001749974079	0.982630	0.116487	0.628239
v1.1	0.001749974079	0.982630	0.116984	0.627244
v1.1	0.001749974079	0.982630	0.117481	0.626252
v1.1	0.001749974079	0.982630	0.117978	0.625263
v1.1	0.001749974079	0.982630	0.118476	0.624277
v1.1	0.001749974079	0.982630	0.118973	0.623295
v1.1	0.001749974079	0.982630	0.119470	0.622315
v1.1	0.001749974079	0.982630	0.119967	0.621339
v1.1	0.001749974079	0.982630	0.120464	0.620366
v1.1	0.001749974079	0.982630	0.120961	0.619395
v1.1	0.001749974079	0.982630	0.121458	0.618428
v1.1	0.001749974079	0.982630	0.121955	0.617464
v1.1	0.001749974079	0.982630	0.122452	0.616502
v1.1	0.001749974079	0.982630	0.122949	0.615544
v1.1	0.001749974079	0.982630	0.123447	0.614589
v1.1	0.001749974079	0.982630	0.123944	0.613636
v1.1	0.001749974079	0.982630	0.124441	0.612687
v1.1	0.001749974079	0.982630	0.124938	0.611740
v1.1	0.001749974079	0.982630	0.125435	0.610797
v1.1	0.001749974079	0.982630	0.125932	0.609856
v1.1	0.001749974079	0.982630	0.126429	0.608919
v1.1	0.001749974079	0.982630	0.126926	0.607984
v1.1	0.001749974079	0.982630	0.127423	0.607052
v1.1	0.001749974079	0.983457	0.127755	0.606633
v1.1	0.001749974079	0.983457	0.128252	0.605706
v1.1	0.001749974079	0.983457	0.128749	0.604781
v1.1	0.001749974079	0.983457	0.129246	0.603860
v1.1	0.001749974079	0.983457	0.129743	0.602941
v1.1	0.001710788799	0.984285	0.130075	0.602532
v1.1	0.001700317126	0.984285	0.130572	0.601618
v1.1	0.001652497357	0.984285	0.131069	0.600707
v1.1	0.001649013089	0.984285	0.131566	0.599798
v1.1	0.001649013089	0.984285	0.132063	0.598893
v1.1	0.001649013089	0.984285	0.132560	0.597990
v1.1	0.001649013089	0.984285	0.133057	0.597090
v1.1	0.001649013089	0.984285	0.133554	0.596192
v1.1	0.001649013089	0.984285	0.134051	0.595298
v1.1	0.001649013089	0.984285	0.134548	0.594406
v1.1	0.001649013089	0.984285	0.135046	0.593516
v1.1	0.001649013089	0.984285	0.135543	0.592629
v1.1	0.001649013089	0.984285	0.136040	0.591745
v1.1	0.001649013089	0.984285	0.136537	0.590864
v1.1	0.001649013089	0.985112	0.136868	0.590481
v1.1	0.001649013089	0.985112	0.137365	0.589604
v1.1	0.001649013089	0.985939	0.137697	0.589224
v1.1	0.001649013089	0.985939	0.138194	0.588351
v1.1	0.001649013089	0.985939	0.138691	0.587482
v1.1	0.001649013089	0.985939	0.139188	0.586614
v1.1	0.001649013089	0.985939	0.139685	0.585749
v1.1	0.001616628758	0.986766	0.140017	0.585378
v1.1	0.001605656209	0.986766	0.140514	0.584517
v1.1	0.001605656209	0.986766	0.141011	0.583659
v1.1	0.00159598413	0.986766	0.141508	0.582804
v1.1	0.00159598413	0.986766	0.142005	0.581951
v1.1	0.00159598413	0.986766	0.142502	0.581101
v1.1	0.00159598413	0.986766	0.142999	0.580253
v1.1	0.00159598413	0.986766	0.143496	0.579407
v1.1	0.00159598413	0.986766	0.143993	0.578565
v1.1	0.00159598413	0.986766	0.144490	0.577724
v1.1	0.00159598413	0.986766	0.144988	0.576886
v1.1	0.00159598413	0.986766	0.145485	0.576050
v1.1	0.00159508768	0.986766	0.145982	0.575217
v1.1	0.001591052585	0.986766	0.146479	0.574386
v1.1	0.001541932804	0.986766	0.146976	0.573558
v1.1	0.001524295155	0.986766	0.147473	0.572732
v1.1	0.001513652851	0.986766	0.147970	0.571908
v1.1	0.001510976516	0.986766	0.148467	0.571087
v1.1	0.001510976516	0.986766	0.148964	0.570268
v1.1	0.001482754308	0.986766	0.149461	0.569451
v1.1	0.001482754308	0.986766	0.149959	0.568637
v1.1	0.001482754308	0.986766	0.150456	0.567825
v1.1	0.001477041968	0.987593	0.150787	0.567490
v1.1	0.001477041968	0.987593	0.151284	0.566682
v1.1	0.001477041968	0.987593	0.151781	0.565877
v1.1	0.001463777022	0.987593	0.152278	0.565073
v1.1	0.001447454744	0.987593	0.152775	0.564272
v1.1	0.001441599124	0.987593	0.153273	0.563473
v1.1	0.001406548849	0.987593	0.153770	0.562677
v1.1	0.001398263187	0.987593	0.154267	0.561882
v1.1	0.001398263187	0.988420	0.154598	0.561560
v1.1	0.001398263187	0.988420	0.155095	0.560770
v1.1	0.001382266652	0.988420	0.155592	0.559981
v1.1	0.00137082959	0.988420	0.156089	0.559195
v1.1	0.001370187294	0.988420	0.156587	0.558411
v1.1	0.001370187294	0.988420	0.157084	0.557629
v1.1	0.001370187294	0.988420	0.157581	0.556850
v1.1	0.001362169668	0.988420	0.158078	0.556073
v1.1	0.001320854027	0.988420	0.158575	0.555297
v1.1	0.001320854027	0.988420	0.159072	0.554524
v1.1	0.001320854027	0.988420	0.159569	0.553753
v1.1	0.001320854027	0.988420	0.160066	0.552985
v1.1	0.001320854027	0.988420	0.160563	0.552218
v1.1	0.001320854027	0.988420	0.161060	0.551454
v1.1	0.001320854027	0.988420	0.161558	0.550691
v1.1	0.001320854027	0.988420	0.162055	0.549931
v1.1	0.001320854027	0.988420	0.162552	0.549173
v1.1	0.001320854027	0.988420	0.163049	0.548417
v1.1	0.001316305035	0.988420	0.163546	0.547663
v1.1	0.001310283574	0.988420	0.164043	0.546911
v1.1	0.001292707968	0.988420	0.164540	0.546161
v1.1	0.001292707968	0.988420	0.165037	0.545413
v1.1	0.001292707968	0.988420	0.165534	0.544667
v1.1	0.001287303903	0.988420	0.166031	0.543924
v1.1	0.001280919024	0.988420	0.166529	0.543182
v1.1	0.001277322915	0.988420	0.167026	0.542442
v1.1	0.001277322915	0.988420	0.167523	0.541704
v1.1	0.001277322915	0.988420	0.168020	0.540969
v1.1	0.001277322915	0.988420	0.168517	0.540235
v1.1	0.001277322915	0.988420	0.169014	0.539503
v1.1	0.001277322915	0.988420	0.169511	0.538774
v1.1	0.001277322915	0.988420	0.170008	0.538046
v1.1	0.001277322915	0.988420	0.170505	0.537320
v1.1	0.001277322915	0.988420	0.171002	0.536596
v1.1	0.001277322915	0.988420	0.171500	0.535874
v1.1	0.001277322915	0.988420	0.171997	0.535155
v1.1	0.001277322915	0.988420	0.172494	0.534436
v1.1	0.001277322915	0.988420	0.172991	0.533720
v1.1	0.001277322915	0.988420	0.173488	0.533006
v1.1	0.001277322915	0.988420	0.173985	0.532294
v1.1	0.001277322915	0.988420	0.174482	0.531584
v1.1	0.001277322915	0.988420	0.174979	0.530875
v1.1	0.001277322915	0.988420	0.175476	0.530169
v1.1	0.001277322915	0.988420	0.175973	0.529464
v1.1	0.001277322915	0.988420	0.176471	0.528761
v1.1	0.001277322915	0.988420	0.176968	0.528060
v1.1	0.001277322915	0.988420	0.177465	0.527361
v1.1	0.001277322915	0.988420	0.177962	0.526664
v1.1	0.001277322915	0.988420	0.178459	0.525968
v1.1	0.001277322915	0.988420	0.178956	0.525275
v1.1	0.001277322915	0.988420	0.179453	0.524583
v1.1	0.001277322915	0.988420	0.179950	0.523893
v1.1	0.001277322915	0.988420	0.180447	0.523205
v1.1	0.001277322915	0.988420	0.180944	0.522519
v1.1	0.001277322915	0.988420	0.181442	0.521834
v1.1	0.001272526718	0.988420	0.181939	0.521151
v1.1	0.001257966452	0.989247	0.182270	0.520906
v1.1	0.001241198497	0.989247	0.182767	0.520226
v1.1	0.001224141156	0.989247	0.183264	0.519548
v1.1	0.001216349952	0.989247	0.183761	0.518872
v1.1	0.001202726686	0.989247	0.184258	0.518198
v1.1	0.00119955728	0.989247	0.184756	0.517525
v1.1	0.001196200829	0.989247	0.185253	0.516854
v1.1	0.001196200829	0.989247	0.185750	0.516185
v1.1	0.001196200829	0.989247	0.186247	0.515517
v1.1	0.001196200829	0.989247	0.186744	0.514851
v1.1	0.001196200829	0.989247	0.187241	0.514187
v1.1	0.001196200829	0.989247	0.187738	0.513525
v1.1	0.001196200829	0.989247	0.188235	0.512864
v1.1	0.001196200829	0.989247	0.188732	0.512206
v1.1	0.001196200829	0.989247	0.189229	0.511548
v1.1	0.001196200829	0.989247	0.189727	0.510893
v1.1	0.001196200829	0.989247	0.190224	0.510239
v1.1	0.001196200829	0.989247	0.190721	0.509587
v1.1	0.001196200829	0.989247	0.191218	0.508936
v1.1	0.001196200829	0.989247	0.191715	0.508287
v1.1	0.001196200829	0.989247	0.192212	0.507640
v1.1	0.001196200829	0.989247	0.192709	0.506994
v1.1	0.001196200829	0.989247	0.193206	0.506351
v1.1	0.001196200829	0.989247	0.193703	0.505708
v1.1	0.001196200829	0.989247	0.194200	0.505068
v1.1	0.001196200829	0.989247	0.194698	0.504429
v1.1	0.001196200829	0.989247	0.195195	0.503791
v1.1	0.001196200829	0.989247	0.195692	0.503155
v1.1	0.001196200829	0.989247	0.196189	0.502521
v1.1	0.001196200829	0.989247	0.196686	0.501888
v1.1	0.001196200829	0.989247	0.197183	0.501257
v1.1	0.001196200829	0.989247	0.197680	0.500628
v1.1	0.001196200829	0.989247	0.198177	0.500000
v1.1	0.001196200829	0.989247	0.198674	0.499374
v1.1	0.001196200829	0.989247	0.199171	0.498749
v1.1	0.001196200829	0.989247	0.199669	0.498126
v1.1	0.001196200829	0.989247	0.200166	0.497504
v1.1	0.001196200829	0.989247	0.200663	0.496884
v1.1	0.001196200829	0.990074	0.200994	0.496680
v1.1	0.001196200829	0.990074	0.201491	0.496063
v1.1	0.001196200829	0.990074	0.201988	0.495447
v1.1	0.001196200829	0.990074	0.202486	0.494833
v1.1	0.001196200829	0.990074	0.202983	0.494220
v1.1	0.001196200829	0.990074	0.203480	0.493608
v1.1	0.001196200829	0.990074	0.203977	0.492998
v1.1	0.001196200829	0.990074	0.204474	0.492390
v1.1	0.001195913178	0.990074	0.204971	0.491783
v1.1	0.001193633157	0.990074	0.205468	0.491178
v1.1	0.001193633157	0.990074	0.205965	0.490574
v1.1	0.001193633157	0.990074	0.206462	0.489971
v1.1	0.001193633157	0.990074	0.206959	0.489370
v1.1	0.001193633157	0.990074	0.207457	0.488771
v1.1	0.001193633157	0.990074	0.207954	0.488173
v1.1	0.001193633157	0.990074	0.208451	0.487576
v1.1	0.001193574329	0.990074	0.208948	0.486981
v1.1	0.001189072682	0.990074	0.209445	0.486388
v1.1	0.001177718855	0.990074	0.209942	0.485795
v1.1	0.001177718855	0.990074	0.210439	0.485205
v1.1	0.001153677358	0.990074	0.210936	0.484615
v1.1	0.001151660157	0.990074	0.211433	0.484027
v1.1	0.001151660157	0.990074	0.211930	0.483441
v1.1	0.001133302114	0.990074	0.212428	0.482856
v1.1	0.001132263603	0.990074	0.212925	0.482272
v1.1	0.00112801981	0.990074	0.213422	0.481690
v1.1	0.001110406749	0.990074	0.213919	0.481109
v1.1	0.001105364159	0.990074	0.214416	0.480530
v1.1	0.001105364159	0.990074	0.214913	0.479952
v1.1	0.001105364159	0.990074	0.215410	0.479375
v1.1	0.001105364159	0.990074	0.215907	0.478800
v1.1	0.001105364159	0.990074	0.216404	0.478226
v1.1	0.001095831029	0.990902	0.216736	0.478053
v1.1	0.001088794427	0.990902	0.217233	0.477481
v1.1	0.001088794427	0.990902	0.217730	0.476911
v1.1	0.001088794427	0.990902	0.218227	0.476342
v1.1	0.001087837546	0.990902	0.218724	0.475774
v1.1	0.001087837546	0.990902	0.219221	0.475208
v1.1	0.001075720606	0.990902	0.219718	0.474643
v1.1	0.001075720606	0.990902	0.220215	0.474080
v1.1	0.001061379299	0.990902	0.220713	0.473518
v1.1	0.00105432968	0.990902	0.221210	0.472957
v1.1	0.00105432968	0.990902	0.221707	0.472397
v1.1	0.001054114247	0.990902	0.222204	0.471839
v1.1	0.001054114247	0.990902	0.222701	0.471282
v1.1	0.001054114247	0.990902	0.223198	0.470727
v1.1	0.001054114247	0.990902	0.223695	0.470173
v1.1	0.001054114247	0.990902	0.224192	0.469620
v1.1	0.001054114247	0.990902	0.224689	0.469068
v1.1	0.001054114247	0.990902	0.225186	0.468518
v1.1	0.001054114247	0.990902	0.225684	0.467969
v1.1	0.001049729495	0.990902	0.226181	0.467421
v1.1	0.001041553749	0.990902	0.226678	0.466875
v1.1	0.001041553749	0.990902	0.227175	0.466329
v1.1	0.001041553749	0.990902	0.227672	0.465785
v1.1	0.001041553749	0.990902	0.228169	0.465243
v1.1	0.001041553749	0.990902	0.228666	0.464701
v1.1	0.001041553749	0.990902	0.229163	0.464161
v1.1	0.001041502408	0.991729	0.229495	0.464009
v1.1	0.001040060692	0.991729	0.229992	0.463471
v1.1	0.001040060692	0.991729	0.230489	0.462934
v1.1	0.001040060692	0.991729	0.230986	0.462399
v1.1	0.001040060692	0.991729	0.231483	0.461864
v1.1	0.001034100219	0.991729	0.231980	0.461331
v1.1	0.001034100219	0.991729	0.232477	0.460799
v1.1	0.001034100219	0.991729	0.232974	0.460269
v1.1	0.001026918088	0.991729	0.233471	0.459739
v1.1	0.001017146039	0.991729	0.233969	0.459211
v1.1	0.00100882936	0.991729	0.234466	0.458684
v1.1	0.0009932594475	0.991729	0.234963	0.458158
v1.1	0.0009932594475	0.991729	0.235460	0.457634
v1.1	0.0009800164195	0.991729	0.235957	0.457110
v1.1	0.0009754478804	0.991729	0.236454	0.456588
v1.1	0.0009754478804	0.991729	0.236951	0.456067
v1.1	0.0009754478804	0.991729	0.237448	0.455547
v1.1	0.0009754478804	0.991729	0.237945	0.455028
v1.1	0.0009754478804	0.991729	0.238442	0.454511
v1.1	0.0009754478804	0.991729	0.238940	0.453995
v1.1	0.0009754478804	0.991729	0.239437	0.453480
v1.1	0.0009754478804	0.991729	0.239934	0.452966
v1.1	0.0009754478804	0.991729	0.240431	0.452453
v1.1	0.0009754478804	0.991729	0.240928	0.451941
v1.1	0.0009647403568	0.991729	0.241425	0.451431
v1.1	0.0009647403568	0.991729	0.241922	0.450921
v1.1	0.0009558536196	0.991729	0.242419	0.450413
v1.1	0.0009558536196	0.991729	0.242916	0.449906
v1.1	0.0009558536196	0.991729	0.243413	0.449400
v1.1	0.0009558536196	0.991729	0.243911	0.448896
v1.1	0.0009558536196	0.991729	0.244408	0.448392
v1.1	0.0009558536196	0.991729	0.244905	0.447889
v1.1	0.0009558536196	0.991729	0.245402	0.447388
v1.1	0.0009558536196	0.991729	0.245899	0.446888
v1.1	0.0009558536196	0.991729	0.246396	0.446389
v1.1	0.0009558536196	0.991729	0.246893	0.445891
v1.1	0.0009558536196	0.991729	0.247390	0.445394
v1.1	0.0009558536196	0.991729	0.247887	0.444898
v1.1	0.0009558536196	0.991729	0.248384	0.444403
v1.1	0.0009558536196	0.991729	0.248882	0.443910
v1.1	0.0009558536196	0.991729	0.249379	0.443417
v1.1	0.0009558536196	0.991729	0.249876	0.442926
v1.1	0.0009558536196	0.991729	0.250373	0.442435
v1.1	0.0009558536196	0.991729	0.250870	0.441946
v1.1	0.0009558536196	0.991729	0.251367	0.441458
v1.1	0.0009558536196	0.991729	0.251864	0.440971
v1.1	0.0009558536196	0.991729	0.252361	0.440485
v1.1	0.0009558536196	0.991729	0.252858	0.440000
v1.1	0.0009558536196	0.991729	0.253355	0.439516
v1.1	0.0009517975368	0.991729	0.253853	0.439033
v1.1	0.0009500596941	0.991729	0.254350	0.438552
v1.1	0.0009500596941	0.991729	0.254847	0.438071
v1.1	0.0009500596941	0.991729	0.255344	0.437591
v1.1	0.0009500596941	0.991729	0.255841	0.437113
v1.1	0.0009500596941	0.991729	0.256338	0.436635
v1.1	0.0009500596941	0.991729	0.256835	0.436159
v1.1	0.0009500596941	0.991729	0.257332	0.435683
v1.1	0.0009500596941	0.991729	0.257829	0.435209
v1.1	0.0009500596941	0.991729	0.258326	0.434735
v1.1	0.0009500596941	0.991729	0.258824	0.434263
v1.1	0.0009500596941	0.991729	0.259321	0.433792
v1.1	0.0009500596941	0.991729	0.259818	0.433321
v1.1	0.0009500596941	0.991729	0.260315	0.432852
v1.1	0.0009500596941	0.991729	0.260812	0.432384
v1.1	0.0009500596941	0.991729	0.261309	0.431916
v1.1	0.0009500596941	0.991729	0.261806	0.431450
v1.1	0.0009500596941	0.991729	0.262303	0.430985
v1.1	0.0009500596941	0.991729	0.262800	0.430521
v1.1	0.0009500596941	0.991729	0.263297	0.430057
v1.1	0.0009500596941	0.991729	0.263795	0.429595
v1.1	0.0009500596941	0.991729	0.264292	0.429134
v1.1	0.0009500596941	0.991729	0.264789	0.428674
v1.1	0.0009500596941	0.991729	0.265286	0.428214
v1.1	0.0009500596941	0.991729	0.265783	0.427756
v1.1	0.0009500596941	0.991729	0.266280	0.427299
v1.1	0.0009500596941	0.991729	0.266777	0.426842
v1.1	0.0009500596941	0.991729	0.267274	0.426387
v1.1	0.0009500596941	0.991729	0.267771	0.425933
v1.1	0.0009500596941	0.991729	0.268268	0.425479
v1.1	0.0009500596941	0.991729	0.268766	0.425027
v1.1	0.0009500596941	0.991729	0.269263	0.424575
v1.1	0.0009500596941	0.991729	0.269760	0.424125
v1.1	0.0009500596941	0.991729	0.270257	0.423675
v1.1	0.0009500596941	0.991729	0.270754	0.423226
v1.1	0.0009500596941	0.991729	0.271251	0.422779
v1.1	0.0009500596941	0.991729	0.271748	0.422332
v1.1	0.0009500596941	0.991729	0.272245	0.421886
v1.1	0.0009500596941	0.991729	0.272742	0.421441
v1.1	0.0009500596941	0.991729	0.273239	0.420997
v1.1	0.0009500596941	0.991729	0.273737	0.420554
v1.1	0.0009500596941	0.991729	0.274234	0.420112
v1.1	0.0009500596941	0.991729	0.274731	0.419671
v1.1	0.0009500596941	0.991729	0.275228	0.419231
v1.1	0.0009500596941	0.991729	0.275725	0.418791
v1.1	0.0009500596941	0.991729	0.276222	0.418353
v1.1	0.0009500596941	0.991729	0.276719	0.417916
v1.1	0.0009500596941	0.991729	0.277216	0.417479
v1.1	0.0009500596941	0.991729	0.277713	0.417043
v1.1	0.0009500596941	0.991729	0.278210	0.416609
v1.1	0.0009500596941	0.991729	0.278708	0.416175
v1.1	0.0009500596941	0.991729	0.279205	0.415742
v1.1	0.0009500596941	0.991729	0.279702	0.415310
v1.1	0.0009500596941	0.991729	0.280199	0.414879
v1.1	0.0009500596941	0.991729	0.280696	0.414449
v1.1	0.0009500596941	0.991729	0.281193	0.414019
v1.1	0.0009500596941	0.991729	0.281690	0.413591
v1.1	0.0009500596941	0.991729	0.282187	0.413163
v1.1	0.0009500596941	0.991729	0.282684	0.412737
v1.1	0.0009500596941	0.991729	0.283181	0.412311
v1.1	0.0009500596941	0.991729	0.283679	0.411886
v1.1	0.0009500596941	0.991729	0.284176	0.411462
v1.1	0.0009500596941	0.991729	0.284673	0.411039
v1.1	0.0009500596941	0.991729	0.285170	0.410616
v1.1	0.0009500596941	0.991729	0.285667	0.410195
v1.1	0.0009500596941	0.991729	0.286164	0.409774
v1.1	0.0009500596941	0.991729	0.286661	0.409355
v1.1	0.0009500596941	0.991729	0.287158	0.408936
v1.1	0.0009500596941	0.991729	0.287655	0.408518
v1.1	0.0009500596941	0.991729	0.288152	0.408101
v1.1	0.0009500596941	0.991729	0.288650	0.407684
v1.1	0.0009500596941	0.991729	0.289147	0.407269
v1.1	0.0009500596941	0.991729	0.289644	0.406854
v1.1	0.0009500596941	0.991729	0.290141	0.406441
v1.1	0.0009500596941	0.991729	0.290638	0.406028
v1.1	0.0009500596941	0.991729	0.291135	0.405616
v1.1	0.0009500596941	0.991729	0.291632	0.405204
v1.1	0.0009500596941	0.991729	0.292129	0.404794
v1.1	0.0009500596941	0.992556	0.292461	0.404722
v1.1	0.0009500596941	0.992556	0.292958	0.404313
v1.1	0.0009500596941	0.993383	0.293289	0.404241
v1.1	0.0009500596941	0.993383	0.293786	0.403833
v1.1	0.0009500596941	0.993383	0.294283	0.403426
v1.1	0.0009500596941	0.993383	0.294780	0.403020
v1.1	0.0009500596941	0.993383	0.295278	0.402615
v1.1	0.0009500596941	0.993383	0.295775	0.402210
v1.1	0.0009500596941	0.993383	0.296272	0.401807
v1.1	0.0009500596941	0.993383	0.296769	0.401404
v1.1	0.0009500596941	0.993383	0.297266	0.401002
v1.1	0.0009500596941	0.993383	0.297763	0.400600
v1.1	0.0009500596941	0.993383	0.298260	0.400200
v1.1	0.0009500596941	0.993383	0.298757	0.399800
v1.1	0.0009500596941	0.993383	0.299254	0.399401
v1.1	0.0009500596941	0.993383	0.299751	0.399003
v1.1	0.0009500596941	0.993383	0.300249	0.398606
v1.1	0.0009500596941	0.993383	0.300746	0.398210
v1.1	0.0009500596941	0.993383	0.301243	0.397814
v1.1	0.0009500596941	0.993383	0.301740	0.397419
v1.1	0.0009500596941	0.993383	0.302237	0.397025
v1.1	0.0009500596941	0.993383	0.302734	0.396631
v1.1	0.0009500596941	0.993383	0.303231	0.396239
v1.1	0.0009500596941	0.993383	0.303728	0.395847
v1.1	0.0009500596941	0.993383	0.304225	0.395456
v1.1	0.0009500596941	0.993383	0.304722	0.395066
v1.1	0.0009484806145	0.993383	0.305220	0.394676
v1.1	0.000945746251	0.993383	0.305717	0.394288
v1.1	0.000941139933	0.993383	0.306214	0.393900
v1.1	0.000941139933	0.993383	0.306711	0.393512
v1.1	0.0009344335763	0.993383	0.307208	0.393126
v1.1	0.0009326779075	0.993383	0.307705	0.392740
v1.1	0.0009245437239	0.993383	0.308202	0.392355
v1.1	0.0009244912949	0.993383	0.308699	0.391971
v1.1	0.0009190370185	0.993383	0.309196	0.391588
v1.1	0.0009190370185	0.993383	0.309693	0.391205
v1.1	0.000901279213	0.993383	0.310191	0.390823
v1.1	0.0009006663649	0.993383	0.310688	0.390442
v1.1	0.0009006663649	0.993383	0.311185	0.390062
v1.1	0.0009006663649	0.993383	0.311682	0.389682
v1.1	0.0009006663649	0.993383	0.312179	0.389303
v1.1	0.0009006663649	0.993383	0.312676	0.388925
v1.1	0.0009006663649	0.993383	0.313173	0.388547
v1.1	0.0009006663649	0.993383	0.313670	0.388171
v1.1	0.0009006663649	0.993383	0.314167	0.387795
v1.1	0.0009006663649	0.993383	0.314664	0.387419
v1.1	0.0009006663649	0.993383	0.315162	0.387045
v1.1	0.0009006663649	0.993383	0.315659	0.386671
v1.1	0.0009006663649	0.993383	0.316156	0.386298
v1.1	0.0009006663649	0.993383	0.316653	0.385925
v1.1	0.0009006663649	0.993383	0.317150	0.385554
v1.1	0.0008960605968	0.993383	0.317647	0.385183
v1.1	0.0008887251255	0.993383	0.318144	0.384813
v1.1	0.0008805512566	0.993383	0.318641	0.384443
v1.1	0.0008805426659	0.993383	0.319138	0.384074
v1.1	0.0008754380257	0.993383	0.319635	0.383706
v1.1	0.0008716817258	0.993383	0.320133	0.383339
v1.1	0.0008716817258	0.993383	0.320630	0.382972
v1.1	0.0008716817258	0.993383	0.321127	0.382606
v1.1	0.0008716817258	0.993383	0.321624	0.382241
v1.1	0.0008716817258	0.993383	0.322121	0.381876
v1.1	0.0008716817258	0.993383	0.322618	0.381512
v1.1	0.0008716817258	0.993383	0.323115	0.381149
v1.1	0.0008689863064	0.993383	0.323612	0.380786
v1.1	0.0008689863064	0.993383	0.324109	0.380424
v1.1	0.0008618420018	0.993383	0.324606	0.380063
v1.1	0.0008608090659	0.993383	0.325104	0.379703
v1.1	0.0008608090659	0.993383	0.325601	0.379343
v1.1	0.0008608006676	0.994210	0.325932	0.379299
v1.1	0.0008608006676	0.994210	0.326429	0.378941
v1.1	0.0008505019762	0.994210	0.326926	0.378583
v1.1	0.0008401059403	0.994210	0.327423	0.378225
v1.1	0.0008341800986	0.994210	0.327920	0.377869
v1.1	0.0008294611275	0.994210	0.328418	0.377513
v1.1	0.0008103563409	0.994210	0.328915	0.377157
v1.1	0.0008097970965	0.994210	0.329412	0.376803
v1.1	0.0008066752427	0.994210	0.329909	0.376448
v1.1	0.0008066752427	0.994210	0.330406	0.376095
v1.1	0.0008030508075	0.994210	0.330903	0.375742
v1.1	0.0007957940529	0.994210	0.331400	0.375390
v1.1	0.0007954935492	0.994210	0.331897	0.375039
v1.1	0.0007848852424	0.994210	0.332394	0.374688
v1.1	0.0007828385426	0.994210	0.332891	0.374338
v1.1	0.000767776568	0.994210	0.333389	0.373989
v1.1	0.0007636224227	0.994210	0.333886	0.373640
v1.1	0.0007590045177	0.994210	0.334383	0.373292
v1.1	0.0007590045177	0.994210	0.334880	0.372944
v1.1	0.0007455892184	0.994210	0.335377	0.372598
v1.1	0.0007405620739	0.994210	0.335874	0.372251
v1.1	0.0007354384807	0.994210	0.336371	0.371906
v1.1	0.0007354384807	0.994210	0.336868	0.371561
v1.1	0.0007354384807	0.994210	0.337365	0.371217
v1.1	0.0007354384807	0.994210	0.337862	0.370873
v1.1	0.0007354384807	0.994210	0.338360	0.370530
v1.1	0.0007354384807	0.994210	0.338857	0.370188
v1.1	0.0007354384807	0.994210	0.339354	0.369846
v1.1	0.0007354384807	0.994210	0.339851	0.369505
v1.1	0.0007354384807	0.994210	0.340348	0.369165
v1.1	0.0007354384807	0.994210	0.340845	0.368825
v1.1	0.0007354384807	0.994210	0.341342	0.368486
v1.1	0.0007213231782	0.994210	0.341839	0.368147
v1.1	0.0007213231782	0.994210	0.342336	0.367809
v1.1	0.0007213231782	0.994210	0.342833	0.367472
v1.1	0.0007213231782	0.994210	0.343331	0.367135
v1.1	0.0007213231782	0.994210	0.343828	0.366799
v1.1	0.0007196037467	0.994210	0.344325	0.366463
v1.1	0.0007107771247	0.994210	0.344822	0.366129
v1.1	0.0007107771247	0.994210	0.345319	0.365794
v1.1	0.0007107771247	0.994210	0.345816	0.365461
v1.1	0.0007107771247	0.994210	0.346313	0.365128
v1.1	0.0007107771247	0.994210	0.346810	0.364795
v1.1	0.0007107771247	0.994210	0.347307	0.364463
v1.1	0.0007066688638	0.994210	0.347804	0.364132
v1.1	0.0006997899647	0.994210	0.348302	0.363801
v1.1	0.0006975368794	0.994210	0.348799	0.363471
v1.1	0.0006975368794	0.994210	0.349296	0.363142
v1.1	0.0006975368794	0.994210	0.349793	0.362813
v1.1	0.0006975368794	0.994210	0.350290	0.362485
v1.1	0.0006975368794	0.994210	0.350787	0.362157
v1.1	0.0006975368794	0.994210	0.351284	0.361830
v1.1	0.0006975368794	0.994210	0.351781	0.361504
v1.1	0.0006975368794	0.994210	0.352278	0.361178
v1.1	0.0006975368794	0.994210	0.352775	0.360853
v1.1	0.0006975368794	0.994210	0.353273	0.360528
v1.1	0.0006975368794	0.994210	0.353770	0.360204
v1.1	0.0006975368794	0.994210	0.354267	0.359880
v1.1	0.0006975368794	0.994210	0.354764	0.359557
v1.1	0.0006975368794	0.994210	0.355261	0.359235
v1.1	0.0006975368794	0.994210	0.355758	0.358913
v1.1	0.0006975368794	0.994210	0.356255	0.358592
v1.1	0.0006975368794	0.994210	0.356752	0.358271
v1.1	0.0006975368794	0.994210	0.357249	0.357951
v1.1	0.0006975368794	0.994210	0.357746	0.357632
v1.1	0.0006975368794	0.994210	0.358244	0.357313
v1.1	0.0006975368794	0.994210	0.358741	0.356994
v1.1	0.0006975368794	0.994210	0.359238	0.356677
v1.1	0.0006975368794	0.994210	0.359735	0.356359
v1.1	0.0006975368794	0.994210	0.360232	0.356043
v1.1	0.0006975368794	0.994210	0.360729	0.355727
v1.1	0.0006975368794	0.994210	0.361226	0.355411
v1.1	0.0006975368794	0.994210	0.361723	0.355096
v1.1	0.0006975368794	0.994210	0.362220	0.354782
v1.1	0.0006975368794	0.994210	0.362717	0.354468
v1.1	0.0006975368794	0.994210	0.363215	0.354154
v1.1	0.0006942776568	0.994210	0.363712	0.353842
v1.1	0.0006906531922	0.994210	0.364209	0.353529
v1.1	0.0006887074493	0.994210	0.364706	0.353218
v1.1	0.0006887074493	0.994210	0.365203	0.352907
v1.1	0.0006887074493	0.994210	0.365700	0.352596
v1.1	0.0006887074493	0.994210	0.366197	0.352286
v1.1	0.0006887074493	0.994210	0.366694	0.351977
v1.1	0.0006887074493	0.994210	0.367191	0.351668
v1.1	0.0006887074493	0.994210	0.367688	0.351359
v1.1	0.0006887074493	0.994210	0.368186	0.351051
v1.1	0.0006887074493	0.994210	0.368683	0.350744
v1.1	0.0006887074493	0.994210	0.369180	0.350437
v1.1	0.0006887074493	0.994210	0.369677	0.350131
v1.1	0.0006887074493	0.994210	0.370174	0.349825
v1.1	0.0006887074493	0.994210	0.370671	0.349520
v1.1	0.0006851140265	0.994210	0.371168	0.349216
v1.1	0.0006851140265	0.994210	0.371665	0.348911
v1.1	0.0006851140265	0.994210	0.372162	0.348608
v1.1	0.0006851140265	0.994210	0.372659	0.348305
v1.1	0.0006851140265	0.994210	0.373157	0.348002
v1.1	0.0006851140265	0.994210	0.373654	0.347700
v1.1	0.0006851140265	0.994210	0.374151	0.347399
v1.1	0.0006851140265	0.994210	0.374648	0.347098
v1.1	0.0006851140265	0.994210	0.375145	0.346797
v1.1	0.0006851140265	0.995037	0.375476	0.346786
v1.1	0.0006710550239	0.995037	0.375973	0.346486
v1.1	0.0006651091217	0.995037	0.376471	0.346187
v1.1	0.0006651091217	0.995037	0.376968	0.345888
v1.1	0.0006638974673	0.995037	0.377465	0.345590
v1.1	0.0006594289625	0.995037	0.377962	0.345293
v1.1	0.0006534938677	0.995037	0.378459	0.344996
v1.1	0.0006532126068	0.995037	0.378956	0.344699
v1.1	0.0006532126068	0.995037	0.379453	0.344403
v1.1	0.0006532126068	0.995037	0.379950	0.344108
v1.1	0.0006532126068	0.995037	0.380447	0.343813
v1.1	0.0006532126068	0.995037	0.380944	0.343518
v1.1	0.0006532126068	0.995037	0.381442	0.343224
v1.1	0.0006532126068	0.995037	0.381939	0.342930
v1.1	0.0006532126068	0.995037	0.382436	0.342637
v1.1	0.0006532126068	0.995037	0.382933	0.342345
v1.1	0.0006532126068	0.995037	0.383430	0.342053
v1.1	0.0006532126068	0.995037	0.383927	0.341761
v1.1	0.0006532126068	0.995037	0.384424	0.341470
v1.1	0.0006532126068	0.995037	0.384921	0.341180
v1.1	0.0006532126068	0.995037	0.385418	0.340890
v1.1	0.0006532126068	0.995037	0.385915	0.340600
v1.1	0.0006532126068	0.995037	0.386413	0.340311
v1.1	0.0006532126068	0.995037	0.386910	0.340023
v1.1	0.0006532126068	0.995037	0.387407	0.339735
v1.1	0.0006532126068	0.995037	0.387904	0.339447
v1.1	0.0006532126068	0.995037	0.388401	0.339160
v1.1	0.0006532126068	0.995037	0.388898	0.338873
v1.1	0.0006532126068	0.995037	0.389395	0.338587
v1.1	0.0006532126068	0.995037	0.389892	0.338301
v1.1	0.0006532126068	0.995037	0.390389	0.338016
v1.1	0.0006532126068	0.995037	0.390886	0.337732
v1.1	0.0006532126068	0.995037	0.391384	0.337447
v1.1	0.0006532126068	0.995037	0.391881	0.337164
v1.1	0.0006532126068	0.995037	0.392378	0.336880
v1.1	0.0006532126068	0.995037	0.392875	0.336598
v1.1	0.0006532126068	0.995037	0.393372	0.336315
v1.1	0.0006532126068	0.995037	0.393869	0.336034
v1.1	0.0006532126068	0.995037	0.394366	0.335752
v1.1	0.0006532126068	0.995037	0.394863	0.335471
v1.1	0.0006532126068	0.995037	0.395360	0.335191
v1.1	0.0006532126068	0.995037	0.395857	0.334911
v1.1	0.0006532126068	0.995037	0.396355	0.334631
v1.1	0.0006490831299	0.995037	0.396852	0.334352
v1.1	0.0006431147039	0.995037	0.397349	0.334074
v1.1	0.0006431147039	0.995037	0.397846	0.333796
v1.1	0.0006403626967	0.995037	0.398343	0.333518
v1.1	0.0006403626967	0.995037	0.398840	0.333241
v1.1	0.0006338542382	0.995037	0.399337	0.332964
v1.1	0.0006307965433	0.995037	0.399834	0.332688
v1.1	0.0006159608849	0.995037	0.400331	0.332412
v1.1	0.0006028213285	0.995864	0.400663	0.332413
v1.1	0.0005977856709	0.995864	0.401160	0.332138
v1.1	0.0005977856709	0.995864	0.401657	0.331863
v1.1	0.0005924124219	0.995864	0.402154	0.331589
v1.1	0.0005913573612	0.995864	0.402651	0.331315
v1.1	0.0005892379	0.995864	0.403148	0.331042
v1.1	0.0005793817483	0.995864	0.403645	0.330769
v1.1	0.0005780952221	0.995864	0.404143	0.330497
v1.1	0.0005773971292	0.995864	0.404640	0.330225
v1.1	0.0005670358829	0.995864	0.405137	0.329953
v1.1	0.0005644647258	0.995864	0.405634	0.329682
v1.1	0.0005644647258	0.995864	0.406131	0.329412
v1.1	0.0005644647258	0.995864	0.406628	0.329142
v1.1	0.0005644647258	0.995864	0.407125	0.328872
v1.1	0.0005644647258	0.995864	0.407622	0.328603
v1.1	0.0005644647258	0.995864	0.408119	0.328334
v1.1	0.0005644647258	0.995864	0.408616	0.328065
v1.1	0.0005644647258	0.995864	0.409114	0.327797
v1.1	0.0005644647258	0.995864	0.409611	0.327530
v1.1	0.0005644647258	0.995864	0.410108	0.327263
v1.1	0.0005644647258	0.995864	0.410605	0.326996
v1.1	0.0005644647258	0.995864	0.411102	0.326730
v1.1	0.0005644647258	0.995864	0.411599	0.326464
v1.1	0.0005644647258	0.995864	0.412096	0.326199
v1.1	0.0005644647258	0.995864	0.412593	0.325934
v1.1	0.0005644647258	0.995864	0.413090	0.325669
v1.1	0.0005470441941	0.995864	0.413587	0.325405
v1.1	0.0005469355733	0.995864	0.414085	0.325142
v1.1	0.0005469355733	0.995864	0.414582	0.324879
v1.1	0.0005469355733	0.995864	0.415079	0.324616
v1.1	0.0005469355733	0.995864	0.415576	0.324353
v1.1	0.0005469355733	0.995864	0.416073	0.324092
v1.1	0.0005469355733	0.995864	0.416570	0.323830
v1.1	0.0005469355733	0.995864	0.417067	0.323569
v1.1	0.0005469355733	0.995864	0.417564	0.323308
v1.1	0.0005469355733	0.995864	0.418061	0.323048
v1.1	0.0005469355733	0.995864	0.418558	0.322788
v1.1	0.0005469355733	0.995864	0.419056	0.322529
v1.1	0.0005469355733	0.995864	0.419553	0.322270
v1.1	0.0005469355733	0.995864	0.420050	0.322011
v1.1	0.0005469355733	0.995864	0.420547	0.321753
v1.1	0.0005469355733	0.995864	0.421044	0.321495
v1.1	0.0005469355733	0.995864	0.421541	0.321238
v1.1	0.0005469355733	0.995864	0.422038	0.320981
v1.1	0.0005469355733	0.995864	0.422535	0.320725
v1.1	0.0005469355733	0.995864	0.423032	0.320468
v1.1	0.0005469355733	0.995864	0.423529	0.320213
v1.1	0.0005469355733	0.995864	0.424027	0.319957
v1.1	0.0005469355733	0.995864	0.424524	0.319703
v1.1	0.0005469355733	0.995864	0.425021	0.319448
v1.1	0.0005469355733	0.995864	0.425518	0.319194
v1.1	0.0005469355733	0.995864	0.426015	0.318940
v1.1	0.0005469355733	0.995864	0.426512	0.318687
v1.1	0.0005438981257	0.995864	0.427009	0.318434
v1.1	0.0005346563351	0.995864	0.427506	0.318182
v1.1	0.0005289905329	0.995864	0.428003	0.317930
v1.1	0.0005187436259	0.995864	0.428500	0.317678
v1.1	0.0005187436259	0.995864	0.428998	0.317427
v1.1	0.0005187436259	0.995864	0.429495	0.317176
v1.1	0.0005187436259	0.995864	0.429992	0.316926
v1.1	0.0005187436259	0.995864	0.430489	0.316675
v1.1	0.0005187436259	0.995864	0.430986	0.316426
v1.1	0.0005187436259	0.995864	0.431483	0.316176
v1.1	0.0005187436259	0.995864	0.431980	0.315928
v1.1	0.0005187436259	0.995864	0.432477	0.315679
v1.1	0.0005187436259	0.995864	0.432974	0.315431
v1.1	0.0005187436259	0.995864	0.433471	0.315183
v1.1	0.0005187436259	0.995864	0.433969	0.314936
v1.1	0.0005187436259	0.995864	0.434466	0.314689
v1.1	0.0005187436259	0.995864	0.434963	0.314442
v1.1	0.0005187436259	0.995864	0.435460	0.314196
v1.1	0.0005187436259	0.995864	0.435957	0.313950
v1.1	0.0005187436259	0.995864	0.436454	0.313705
v1.1	0.0005187436259	0.995864	0.436951	0.313460
v1.1	0.0005187436259	0.995864	0.437448	0.313215
v1.1	0.0005187436259	0.995864	0.437945	0.312971
v1.1	0.0005187436259	0.995864	0.438442	0.312727
v1.1	0.0005187436259	0.995864	0.438940	0.312484
v1.1	0.0005187436259	0.995864	0.439437	0.312241
v1.1	0.0005187436259	0.995864	0.439934	0.311998
v1.1	0.0005187436259	0.995864	0.440431	0.311756
v1.1	0.0005187436259	0.995864	0.440928	0.311514
v1.1	0.0005187436259	0.995864	0.441425	0.311272
v1.1	0.0005187436259	0.995864	0.441922	0.311031
v1.1	0.0005187436259	0.995864	0.442419	0.310790
v1.1	0.0005187436259	0.995864	0.442916	0.310549
v1.1	0.0005187436259	0.995864	0.443413	0.310309
v1.1	0.0005187436259	0.995864	0.443911	0.310070
v1.1	0.0005187436259	0.995864	0.444408	0.309830
v1.1	0.0005187436259	0.995864	0.444905	0.309591
v1.1	0.0005187436259	0.995864	0.445402	0.309353
v1.1	0.0005187436259	0.995864	0.445899	0.309114
v1.1	0.0005187436259	0.995864	0.446396	0.308876
v1.1	0.0005187436259	0.995864	0.446893	0.308639
v1.1	0.0005187436259	0.995864	0.447390	0.308402
v1.1	0.0005187436259	0.995864	0.447887	0.308165
v1.1	0.0005187436259	0.995864	0.448384	0.307928
v1.1	0.0005187436259	0.995864	0.448882	0.307692
v1.1	0.0005187436259	0.995864	0.449379	0.307457
v1.1	0.0005187436259	0.995864	0.449876	0.307221
v1.1	0.0005187436259	0.995864	0.450373	0.306986
v1.1	0.0005187436259	0.995864	0.450870	0.306752
v1.1	0.0005187436259	0.995864	0.451367	0.306517
v1.1	0.0005187436259	0.995864	0.451864	0.306283
v1.1	0.0005187436259	0.995864	0.452361	0.306050
v1.1	0.0005187436259	0.995864	0.452858	0.305817
v1.1	0.0005187436259	0.995864	0.453355	0.305584
v1.1	0.0005187436259	0.995864	0.453853	0.305351
v1.1	0.0005187436259	0.995864	0.454350	0.305119
v1.1	0.0005187436259	0.995864	0.454847	0.304887
v1.1	0.0005187436259	0.995864	0.455344	0.304656
v1.1	0.0005187436259	0.995864	0.455841	0.304425
v1.1	0.0005187436259	0.995864	0.456338	0.304194
v1.1	0.0005187436259	0.995864	0.456835	0.303964
v1.1	0.0005187436259	0.995864	0.457332	0.303734
v1.1	0.0005187436259	0.995864	0.457829	0.303504
v1.1	0.0005187436259	0.995864	0.458326	0.303275
v1.1	0.0005187436259	0.995864	0.458824	0.303046
v1.1	0.0005187436259	0.995864	0.459321	0.302817
v1.1	0.0005168942044	0.995864	0.459818	0.302589
v1.1	0.0005168942044	0.995864	0.460315	0.302361
v1.1	0.0005168942044	0.995864	0.460812	0.302133
v1.1	0.0005168942044	0.995864	0.461309	0.301906
v1.1	0.0005168942044	0.995864	0.461806	0.301679
v1.1	0.0005168942044	0.995864	0.462303	0.301452
v1.1	0.0005168942044	0.995864	0.462800	0.301226
v1.1	0.0005168180071	0.995864	0.463297	0.301000
v1.1	0.0005154292207	0.995864	0.463795	0.300774
v1.1	0.0005020474713	0.995864	0.464292	0.300549
v1.1	0.0005017987477	0.995864	0.464789	0.300324
v1.1	0.0004942627337	0.995864	0.465286	0.300100
v1.1	0.0004929861381	0.995864	0.465783	0.299875
v1.1	0.0004928788255	0.995864	0.466280	0.299652
v1.1	0.0004908983218	0.995864	0.466777	0.299428
v1.1	0.0004893407738	0.995864	0.467274	0.299205
v1.1	0.0004873411797	0.995864	0.467771	0.298982
v1.1	0.0004873411797	0.995864	0.468268	0.298759
v1.1	0.000485153871	0.995864	0.468766	0.298537
v1.1	0.000485153871	0.995864	0.469263	0.298315
v1.1	0.000485153871	0.995864	0.469760	0.298094
v1.1	0.000485153871	0.995864	0.470257	0.297872
v1.1	0.000485153871	0.995864	0.470754	0.297651
v1.1	0.000483204393	0.995864	0.471251	0.297431
v1.1	0.0004830786173	0.995864	0.471748	0.297211
v1.1	0.0004830786173	0.995864	0.472245	0.296991
v1.1	0.0004817060735	0.995864	0.472742	0.296771
v1.1	0.0004759072407	0.995864	0.473239	0.296552
v1.1	0.0004688849824	0.995864	0.473737	0.296333
v1.1	0.0004688849824	0.995864	0.474234	0.296114
v1.1	0.0004615533345	0.995864	0.474731	0.295896
v1.1	0.0004615533345	0.995864	0.475228	0.295678
v1.1	0.0004615533345	0.995864	0.475725	0.295460
v1.1	0.0004608759885	0.995864	0.476222	0.295243
v1.1	0.0004608759885	0.995864	0.476719	0.295026
v1.1	0.0004608759885	0.995864	0.477216	0.294809
v1.1	0.0004594615988	0.995864	0.477713	0.294593
v1.1	0.0004594615988	0.995864	0.478210	0.294377
v1.1	0.0004565872882	0.995864	0.478708	0.294161
v1.1	0.0004557393091	0.995864	0.479205	0.293945
v1.1	0.0004557393091	0.995864	0.479702	0.293730
v1.1	0.0004547564534	0.995864	0.480199	0.293515
v1.1	0.0004543191254	0.995864	0.480696	0.293301
v1.1	0.0004543191254	0.995864	0.481193	0.293087
v1.1	0.0004543191254	0.995864	0.481690	0.292873
v1.1	0.0004543178146	0.995864	0.482187	0.292659
v1.1	0.0004542072335	0.995864	0.482684	0.292446
v1.1	0.0004542072335	0.995864	0.483181	0.292233
v1.1	0.0004542072335	0.995864	0.483679	0.292020
v1.1	0.0004542072335	0.995864	0.484176	0.291808
v1.1	0.0004542072335	0.995864	0.484673	0.291596
v1.1	0.0004542072335	0.995864	0.485170	0.291384
v1.1	0.0004542072335	0.995864	0.485667	0.291173
v1.1	0.0004542072335	0.995864	0.486164	0.290962
v1.1	0.0004542072335	0.995864	0.486661	0.290751
v1.1	0.0004527508951	0.995864	0.487158	0.290541
v1.1	0.0004512660466	0.995864	0.487655	0.290330
v1.1	0.0004492188129	0.995864	0.488152	0.290120
v1.1	0.0004492188129	0.995864	0.488650	0.289911
v1.1	0.0004492188129	0.995864	0.489147	0.289702
v1.1	0.0004492188129	0.995864	0.489644	0.289493
v1.1	0.0004469509464	0.995864	0.490141	0.289284
v1.1	0.0004465800017	0.995864	0.490638	0.289076
v1.1	0.0004451870632	0.995864	0.491135	0.288868
v1.1	0.0004450787036	0.995864	0.491632	0.288660
v1.1	0.0004450787036	0.995864	0.492129	0.288452
v1.1	0.0004450787036	0.995864	0.492626	0.288245
v1.1	0.0004450787036	0.995864	0.493123	0.288038
v1.1	0.0004450787036	0.995864	0.493621	0.287832
v1.1	0.0004450787036	0.995864	0.494118	0.287625
v1.1	0.0004450787036	0.995864	0.494615	0.287419
v1.1	0.0004450787036	0.995864	0.495112	0.287214
v1.1	0.0004450787036	0.995864	0.495609	0.287008
v1.1	0.0004450787036	0.995864	0.496106	0.286803
v1.1	0.0004450787036	0.995864	0.496603	0.286598
v1.1	0.0004450787036	0.995864	0.497100	0.286394
v1.1	0.0004450787036	0.995864	0.497597	0.286190
v1.1	0.0004450787036	0.995864	0.498094	0.285986
v1.1	0.0004450787036	0.995864	0.498592	0.285782
v1.1	0.0004403929864	0.995864	0.499089	0.285579
v1.1	0.0004377271207	0.995864	0.499586	0.285376
v1.1	0.0004377271207	0.995864	0.500083	0.285173
v1.1	0.0004343620966	0.995864	0.500580	0.284970
v1.1	0.0004317722958	0.995864	0.501077	0.284768
v1.1	0.0004312508225	0.995864	0.501574	0.284566
v1.1	0.0004284238263	0.995864	0.502071	0.284365
v1.1	0.0004263863866	0.995864	0.502568	0.284163
v1.1	0.0004262699396	0.995864	0.503065	0.283962
v1.1	0.0004233893521	0.996691	0.503397	0.283997
v1.1	0.0004215571339	0.996691	0.503894	0.283797
v1.1	0.0004207838323	0.996691	0.504391	0.283596
v1.1	0.0004196859138	0.996691	0.504888	0.283396
v1.1	0.0004148799342	0.996691	0.505385	0.283196
v1.1	0.0004145193365	0.996691	0.505882	0.282997
v1.1	0.0004145193365	0.996691	0.506379	0.282797
v1.1	0.0004134451315	0.996691	0.506877	0.282598
v1.1	0.0004134451315	0.996691	0.507374	0.282400
v1.1	0.0004112508982	0.996691	0.507871	0.282201
v1.1	0.0004112508982	0.996691	0.508368	0.282003
v1.1	0.0004112508982	0.996691	0.508865	0.281805
v1.1	0.0004112508982	0.996691	0.509362	0.281608
v1.1	0.0004112508982	0.996691	0.509859	0.281411
v1.1	0.0004099054234	0.996691	0.510356	0.281214
v1.1	0.0004088522304	0.996691	0.510853	0.281017
v1.1	0.0004065476423	0.996691	0.511350	0.280820
v1.1	0.0004065476423	0.996691	0.511848	0.280624
v1.1	0.0004065476423	0.996691	0.512345	0.280428
v1.1	0.0004065476423	0.996691	0.512842	0.280233
v1.1	0.0004065476423	0.996691	0.513339	0.280037
v1.1	0.0004065476423	0.996691	0.513836	0.279842
v1.1	0.0004065476423	0.996691	0.514333	0.279647
v1.1	0.0004065476423	0.996691	0.514830	0.279453
v1.1	0.0004065476423	0.996691	0.515327	0.279258
v1.1	0.0004065476423	0.996691	0.515824	0.279064
v1.1	0.0004065476423	0.996691	0.516321	0.278871
v1.1	0.0004065476423	0.996691	0.516819	0.278677
v1.1	0.0004046540992	0.996691	0.517316	0.278484
v1.1	0.0004031743064	0.996691	0.517813	0.278291
v1.1	0.0004031743064	0.996691	0.518310	0.278098
v1.1	0.0004031743064	0.996691	0.518807	0.277906
v1.1	0.0004031743064	0.996691	0.519304	0.277714
v1.1	0.0004031743064	0.996691	0.519801	0.277522
v1.1	0.0004031743064	0.996691	0.520298	0.277330
v1.1	0.0004031743064	0.996691	0.520795	0.277139
v1.1	0.0004031743064	0.996691	0.521292	0.276948
v1.1	0.0004031743064	0.996691	0.521790	0.276757
v1.1	0.0004031743064	0.996691	0.522287	0.276566
v1.1	0.0004021187299	0.996691	0.522784	0.276376
v1.1	0.000402082442	0.996691	0.523281	0.276186
v1.1	0.000402082442	0.996691	0.523778	0.275996
v1.1	0.000402082442	0.996691	0.524275	0.275807
v1.1	0.000402082442	0.996691	0.524772	0.275618
v1.1	0.000402082442	0.996691	0.525269	0.275429
v1.1	0.000402082442	0.996691	0.525766	0.275240
v1.1	0.000402082442	0.996691	0.526263	0.275051
v1.1	0.0004019899031	0.996691	0.526761	0.274863
v1.1	0.0003983765798	0.996691	0.527258	0.274675
v1.1	0.0003983765798	0.996691	0.527755	0.274487
v1.1	0.0003983765798	0.996691	0.528252	0.274300
v1.1	0.0003983765798	0.996691	0.528749	0.274113
v1.1	0.0003983765798	0.996691	0.529246	0.273926
v1.1	0.0003983765798	0.996691	0.529743	0.273739
v1.1	0.0003983765798	0.996691	0.530240	0.273553
v1.1	0.0003983765798	0.996691	0.530737	0.273367
v1.1	0.0003983765798	0.996691	0.531234	0.273181
v1.1	0.0003983765798	0.996691	0.531732	0.272995
v1.1	0.0003983765798	0.996691	0.532229	0.272810
v1.1	0.0003983765798	0.996691	0.532726	0.272624
v1.1	0.0003983765798	0.996691	0.533223	0.272440
v1.1	0.0003983765798	0.996691	0.533720	0.272255
v1.1	0.0003983765798	0.996691	0.534217	0.272070
v1.1	0.0003983765798	0.996691	0.534714	0.271886
v1.1	0.0003983765798	0.996691	0.535211	0.271702
v1.1	0.0003983765798	0.996691	0.535708	0.271519
v1.1	0.0003983765798	0.996691	0.536205	0.271335
v1.1	0.0003983765798	0.996691	0.536703	0.271152
v1.1	0.0003983765798	0.996691	0.537200	0.270969
v1.1	0.0003983765798	0.996691	0.537697	0.270787
v1.1	0.0003983765798	0.996691	0.538194	0.270604
v1.1	0.0003983765798	0.996691	0.538691	0.270422
v1.1	0.0003983765798	0.996691	0.539188	0.270240
v1.1	0.0003976366672	0.996691	0.539685	0.270058
v1.1	0.0003976366672	0.996691	0.540182	0.269877
v1.1	0.0003896446335	0.996691	0.540679	0.269696
v1.1	0.0003896446335	0.996691	0.541176	0.269515
v1.1	0.0003896446335	0.996691	0.541674	0.269334
v1.1	0.0003896446335	0.996691	0.542171	0.269153
v1.1	0.0003879750237	0.996691	0.542668	0.268973
v1.1	0.0003874946819	0.996691	0.543165	0.268793
v1.1	0.0003859265431	0.996691	0.543662	0.268613
v1.1	0.0003847557351	0.996691	0.544159	0.268434
v1.1	0.0003847557351	0.996691	0.544656	0.268255
v1.1	0.0003847557351	0.996691	0.545153	0.268076
v1.1	0.0003847557351	0.996691	0.545650	0.267897
v1.1	0.0003802867186	0.996691	0.546147	0.267718
v1.1	0.0003802867186	0.996691	0.546645	0.267540
v1.1	0.0003802867186	0.996691	0.547142	0.267362
v1.1	0.0003781952022	0.996691	0.547639	0.267184
v1.1	0.0003781952022	0.996691	0.548136	0.267006
v1.1	0.0003755334146	0.996691	0.548633	0.266829
v1.1	0.0003753637788	0.996691	0.549130	0.266652
v1.1	0.0003753637788	0.996691	0.549627	0.266475
v1.1	0.0003753637788	0.996691	0.550124	0.266298
v1.1	0.0003753637788	0.996691	0.550621	0.266122
v1.1	0.0003753637788	0.996691	0.551118	0.265946
v1.1	0.0003753637788	0.996691	0.551616	0.265770
v1.1	0.0003753637788	0.996691	0.552113	0.265594
v1.1	0.0003753637788	0.996691	0.552610	0.265419
v1.1	0.0003753637788	0.996691	0.553107	0.265243
v1.1	0.0003705937744	0.996691	0.553604	0.265068
v1.1	0.0003678108067	0.996691	0.554101	0.264893
v1.1	0.0003659777849	0.996691	0.554598	0.264719
v1.1	0.0003659777849	0.996691	0.555095	0.264544
v1.1	0.000365474462	0.996691	0.555592	0.264370
v1.1	0.0003645070136	0.996691	0.556089	0.264196
v1.1	0.0003629133618	0.996691	0.556587	0.264023
v1.1	0.0003582152453	0.996691	0.557084	0.263849
v1.1	0.0003582152453	0.996691	0.557581	0.263676
v1.1	0.0003582152453	0.996691	0.558078	0.263503
v1.1	0.0003582152453	0.996691	0.558575	0.263330
v1.1	0.0003582152453	0.996691	0.559072	0.263158
v1.1	0.0003530620593	0.996691	0.559569	0.262986
v1.1	0.0003476954108	0.996691	0.560066	0.262814
v1.1	0.0003476954108	0.996691	0.560563	0.262642
v1.1	0.0003476954108	0.996691	0.561060	0.262470
v1.1	0.0003472333482	0.996691	0.561558	0.262299
v1.1	0.0003472333482	0.996691	0.562055	0.262127
v1.1	0.0003472333482	0.996691	0.562552	0.261957
v1.1	0.0003472333482	0.996691	0.563049	0.261786
v1.1	0.0003472333482	0.996691	0.563546	0.261615
v1.1	0.0003472333482	0.996691	0.564043	0.261445
v1.1	0.0003472333482	0.996691	0.564540	0.261275
v1.1	0.0003472333482	0.996691	0.565037	0.261105
v1.1	0.0003472333482	0.996691	0.565534	0.260935
v1.1	0.0003472333482	0.996691	0.566031	0.260766
v1.1	0.0003472333482	0.996691	0.566529	0.260597
v1.1	0.0003466847796	0.996691	0.567026	0.260428
v1.1	0.00034509474	0.996691	0.567523	0.260259
v1.1	0.00034509474	0.996691	0.568020	0.260091
v1.1	0.00034509474	0.996691	0.568517	0.259922
v1.1	0.00034509474	0.996691	0.569014	0.259754
v1.1	0.0003438197482	0.996691	0.569511	0.259586
v1.1	0.0003438197482	0.996691	0.570008	0.259419
v1.1	0.0003438197482	0.996691	0.570505	0.259251
v1.1	0.0003438197482	0.996691	0.571002	0.259084
v1.1	0.0003438197482	0.997519	0.571334	0.259132
v1.1	0.0003438197482	0.997519	0.571831	0.258965
v1.1	0.0003438197482	0.997519	0.572328	0.258798
v1.1	0.0003438197482	0.997519	0.572825	0.258632
v1.1	0.0003417903338	0.997519	0.573322	0.258465
v1.1	0.0003417903338	0.997519	0.573819	0.258299
v1.1	0.0003417903338	0.997519	0.574316	0.258134
v1.1	0.0003417903338	0.997519	0.574814	0.257968
v1.1	0.0003417903338	0.997519	0.575311	0.257802
v1.1	0.0003417903338	0.997519	0.575808	0.257637
v1.1	0.0003417903338	0.997519	0.576305	0.257472
v1.1	0.0003417903338	0.997519	0.576802	0.257307
v1.1	0.0003417903338	0.997519	0.577299	0.257143
v1.1	0.0003417903338	0.997519	0.577796	0.256978
v1.1	0.0003417903338	0.997519	0.578293	0.256814
v1.1	0.0003417903338	0.997519	0.578790	0.256650
v1.1	0.0003417903338	0.997519	0.579287	0.256487
v1.1	0.0003417903338	0.997519	0.579785	0.256323
v1.1	0.0003417903338	0.997519	0.580282	0.256160
v1.1	0.0003417903338	0.997519	0.580779	0.255997
v1.1	0.0003417903338	0.997519	0.581276	0.255834
v1.1	0.0003417903338	0.997519	0.581773	0.255671
v1.1	0.0003417903338	0.997519	0.582270	0.255508
v1.1	0.0003417903338	0.997519	0.582767	0.255346
v1.1	0.0003417903338	0.997519	0.583264	0.255184
v1.1	0.0003417903338	0.997519	0.583761	0.255022
v1.1	0.0003417903338	0.997519	0.584258	0.254861
v1.1	0.0003417903338	0.997519	0.584756	0.254699
v1.1	0.0003417903338	0.997519	0.585253	0.254538
v1.1	0.0003399517577	0.997519	0.585750	0.254377
v1.1	0.0003385087898	0.997519	0.586247	0.254216
v1.1	0.0003385087898	0.997519	0.586744	0.254055
v1.1	0.0003382571852	0.997519	0.587241	0.253895
v1.1	0.0003382571852	0.997519	0.587738	0.253734
v1.1	0.0003381583806	0.997519	0.588235	0.253574
v1.1	0.0003381583806	0.997519	0.588732	0.253415
v1.1	0.0003381583806	0.997519	0.589229	0.253255
v1.1	0.0003381583806	0.997519	0.589727	0.253095
v1.1	0.0003381583806	0.997519	0.590224	0.252936
v1.1	0.0003381583806	0.997519	0.590721	0.252777
v1.1	0.0003369779122	0.997519	0.591218	0.252618
v1.1	0.0003369090073	0.997519	0.591715	0.252460
v1.1	0.0003369090073	0.997519	0.592212	0.252301
v1.1	0.0003369090073	0.997519	0.592709	0.252143
v1.1	0.0003369090073	0.997519	0.593206	0.251985
v1.1	0.0003369090073	0.997519	0.593703	0.251827
v1.1	0.0003369090073	0.997519	0.594200	0.251669
v1.1	0.0003369090073	0.997519	0.594698	0.251512
v1.1	0.0003369090073	0.997519	0.595195	0.251355
v1.1	0.0003369090073	0.997519	0.595692	0.251198
v1.1	0.0003369090073	0.997519	0.596189	0.251041
v1.1	0.0003369090073	0.997519	0.596686	0.250884
v1.1	0.0003369090073	0.997519	0.597183	0.250728
v1.1	0.0003369090073	0.997519	0.597680	0.250571
v1.1	0.0003369090073	0.997519	0.598177	0.250415
v1.1	0.0003369090073	0.997519	0.598674	0.250259
v1.1	0.0003369090073	0.997519	0.599171	0.250104
v1.1	0.0003358310415	0.997519	0.599669	0.249948
v1.1	0.0003358310415	0.997519	0.600166	0.249793
v1.1	0.0003358310415	0.997519	0.600663	0.249638
v1.1	0.0003358310415	0.997519	0.601160	0.249483
v1.1	0.0003358310415	0.997519	0.601657	0.249328
v1.1	0.0003358310415	0.997519	0.602154	0.249174
v1.1	0.0003356998178	0.997519	0.602651	0.249019
v1.1	0.0003356998178	0.997519	0.603148	0.248865
v1.1	0.0003356998178	0.997519	0.603645	0.248711
v1.1	0.0003356998178	0.997519	0.604143	0.248557
v1.1	0.0003356998178	0.997519	0.604640	0.248404
v1.1	0.0003346950324	0.997519	0.605137	0.248250
v1.1	0.000334290765	0.997519	0.605634	0.248097
v1.1	0.000334290765	0.997519	0.606131	0.247944
v1.1	0.000334290765	0.997519	0.606628	0.247791
v1.1	0.000334290765	0.997519	0.607125	0.247639
v1.1	0.000334290765	0.997519	0.607622	0.247486
v1.1	0.000334290765	0.997519	0.608119	0.247334
v1.1	0.000334290765	0.997519	0.608616	0.247182
v1.1	0.000334290765	0.997519	0.609114	0.247030
v1.1	0.000334290765	0.997519	0.609611	0.246878
v1.1	0.000334290765	0.997519	0.610108	0.246727
v1.1	0.000334290765	0.997519	0.610605	0.246575
v1.1	0.000334290765	0.997519	0.611102	0.246424
v1.1	0.000334290765	0.997519	0.611599	0.246273
v1.1	0.000334290765	0.997519	0.612096	0.246122
v1.1	0.000334290765	0.997519	0.612593	0.245972
v1.1	0.000334290765	0.997519	0.613090	0.245821
v1.1	0.000334290765	0.997519	0.613587	0.245671
v1.1	0.000334290765	0.997519	0.614085	0.245521
v1.1	0.000334290765	0.997519	0.614582	0.245371
v1.1	0.000334290765	0.997519	0.615079	0.245222
v1.1	0.000334290765	0.997519	0.615576	0.245072
v1.1	0.0003317047632	0.997519	0.616073	0.244923
v1.1	0.0003317047632	0.997519	0.616570	0.244774
v1.1	0.0003317047632	0.997519	0.617067	0.244625
v1.1	0.0003317047632	0.997519	0.617564	0.244476
v1.1	0.0003306189151	0.997519	0.618061	0.244327
v1.1	0.0003306189151	0.997519	0.618558	0.244179
v1.1	0.0003306189151	0.997519	0.619056	0.244031
v1.1	0.0003306189151	0.997519	0.619553	0.243883
v1.1	0.0003306189151	0.997519	0.620050	0.243735
v1.1	0.0003306189151	0.997519	0.620547	0.243587
v1.1	0.0003275714929	0.997519	0.621044	0.243440
v1.1	0.0003275714929	0.997519	0.621541	0.243292
v1.1	0.0003275714929	0.997519	0.622038	0.243145
v1.1	0.0003275714929	0.997519	0.622535	0.242998
v1.1	0.0003275714929	0.997519	0.623032	0.242851
v1.1	0.0003275714929	0.997519	0.623529	0.242705
v1.1	0.0003275714929	0.997519	0.624027	0.242558
v1.1	0.0003275714929	0.997519	0.624524	0.242412
v1.1	0.0003275714929	0.997519	0.625021	0.242266
v1.1	0.0003275714929	0.997519	0.625518	0.242120
v1.1	0.0003275714929	0.997519	0.626015	0.241974
v1.1	0.0003275714929	0.997519	0.626512	0.241829
v1.1	0.0003275714929	0.997519	0.627009	0.241683
v1.1	0.0003275714929	0.997519	0.627506	0.241538
v1.1	0.0003275714929	0.997519	0.628003	0.241393
v1.1	0.0003275714929	0.997519	0.628500	0.241248
v1.1	0.0003275714929	0.997519	0.628998	0.241104
v1.1	0.0003275714929	0.997519	0.629495	0.240959
v1.1	0.0003275714929	0.997519	0.629992	0.240815
v1.1	0.0003275714929	0.997519	0.630489	0.240671
v1.1	0.0003275714929	0.997519	0.630986	0.240527
v1.1	0.0003275714929	0.997519	0.631483	0.240383
v1.1	0.0003275714929	0.997519	0.631980	0.240239
v1.1	0.0003275714929	0.997519	0.632477	0.240096
v1.1	0.0003275714929	0.997519	0.632974	0.239952
v1.1	0.0003275714929	0.997519	0.633471	0.239809
v1.1	0.0003275714929	0.997519	0.633969	0.239666
v1.1	0.0003275714929	0.997519	0.634466	0.239523
v1.1	0.0003275714929	0.997519	0.634963	0.239381
v1.1	0.0003275714929	0.997519	0.635460	0.239238
v1.1	0.0003275714929	0.997519	0.635957	0.239096
v1.1	0.0003275714929	0.997519	0.636454	0.238954
v1.1	0.0003275714929	0.997519	0.636951	0.238812
v1.1	0.0003275714929	0.997519	0.637448	0.238670
v1.1	0.0003275714929	0.997519	0.637945	0.238528
v1.1	0.0003275714929	0.997519	0.638442	0.238387
v1.1	0.0003275714929	0.997519	0.638940	0.238246
v1.1	0.0003275714929	0.997519	0.639437	0.238105
v1.1	0.0003275714929	0.997519	0.639934	0.237964
v1.1	0.0003275714929	0.997519	0.640431	0.237823
v1.1	0.0003275714929	0.997519	0.640928	0.237682
v1.1	0.0003275714929	0.997519	0.641425	0.237542
v1.1	0.0003275714929	0.997519	0.641922	0.237402
v1.1	0.0003275714929	0.997519	0.642419	0.237261
v1.1	0.0003275714929	0.997519	0.642916	0.237122
v1.1	0.0003275714929	0.997519	0.643413	0.236982
v1.1	0.0003275714929	0.997519	0.643911	0.236842
v1.1	0.0003275714929	0.997519	0.644408	0.236703
v1.1	0.0003275714929	0.997519	0.644905	0.236563
v1.1	0.0003275714929	0.997519	0.645402	0.236424
v1.1	0.0003275714929	0.997519	0.645899	0.236285
v1.1	0.0003275714929	0.997519	0.646396	0.236146
v1.1	0.0003275714929	0.997519	0.646893	0.236008
v1.1	0.0003275714929	0.997519	0.647390	0.235869
v1.1	0.0003275714929	0.997519	0.647887	0.235731
v1.1	0.0003275714929	0.997519	0.648384	0.235593
v1.1	0.0003275714929	0.997519	0.648882	0.235455
v1.1	0.0003275714929	0.997519	0.649379	0.235317
v1.1	0.0003275714929	0.997519	0.649876	0.235179
v1.1	0.0003275714929	0.997519	0.650373	0.235042
v1.1	0.0003275714929	0.997519	0.650870	0.234905
v1.1	0.0003275714929	0.997519	0.651367	0.234767
v1.1	0.0003275714929	0.997519	0.651864	0.234630
v1.1	0.0003275714929	0.997519	0.652361	0.234493
v1.1	0.0003275714929	0.997519	0.652858	0.234357
v1.1	0.0003275714929	0.997519	0.653355	0.234220
v1.1	0.0003275714929	0.997519	0.653853	0.234084
v1.1	0.0003255232947	0.997519	0.654350	0.233948
v1.1	0.0003250852885	0.997519	0.654847	0.233812
v1.1	0.0003250852885	0.997519	0.655344	0.233676
v1.1	0.0003247525711	0.997519	0.655841	0.233540
v1.1	0.0003247525711	0.997519	0.656338	0.233404
v1.1	0.0003247525711	0.997519	0.656835	0.233269
v1.1	0.0003247525711	0.997519	0.657332	0.233134
v1.1	0.0003247525711	0.997519	0.657829	0.232998
v1.1	0.0003247525711	0.997519	0.658326	0.232863
v1.1	0.0003247525711	0.997519	0.658824	0.232729
v1.1	0.0003247525711	0.997519	0.659321	0.232594
v1.1	0.0003247525711	0.997519	0.659818	0.232460
v1.1	0.0003247525711	0.997519	0.660315	0.232325
v1.1	0.0003247525711	0.997519	0.660812	0.232191
v1.1	0.0003247525711	0.997519	0.661309	0.232057
v1.1	0.0003247525711	0.997519	0.661806	0.231923
v1.1	0.0003247525711	0.997519	0.662303	0.231789
v1.1	0.0003247525711	0.997519	0.662800	0.231656
v1.1	0.0003247525711	0.997519	0.663297	0.231522
v1.1	0.0003247525711	0.997519	0.663795	0.231389
v1.1	0.0003247525711	0.997519	0.664292	0.231256
v1.1	0.0003247525711	0.997519	0.664789	0.231123
v1.1	0.0003244079622	0.997519	0.665286	0.230990
v1.1	0.0003234167788	0.997519	0.665783	0.230858
v1.1	0.0003201821567	0.997519	0.666280	0.230725
v1.1	0.0003189869358	0.997519	0.666777	0.230593
v1.1	0.0003180292933	0.997519	0.667274	0.230461
v1.1	0.0003174458422	0.997519	0.667771	0.230328
v1.1	0.0003174458422	0.997519	0.668268	0.230197
v1.1	0.0003130876582	0.997519	0.668766	0.230065
v1.1	0.0003125421522	0.997519	0.669263	0.229933
v1.1	0.0003125421522	0.997519	0.669760	0.229802
v1.1	0.0003125421522	0.997519	0.670257	0.229671
v1.1	0.0003125421522	0.997519	0.670754	0.229539
v1.1	0.0003103039285	0.997519	0.671251	0.229408
v1.1	0.0003083739199	0.997519	0.671748	0.229278
v1.1	0.0003083739199	0.997519	0.672245	0.229147
v1.1	0.0003083739199	0.997519	0.672742	0.229016
v1.1	0.0003083739199	0.997519	0.673239	0.228886
v1.1	0.0003083739199	0.997519	0.673737	0.228756
v1.1	0.0003083739199	0.997519	0.674234	0.228626
v1.1	0.0003067358316	0.997519	0.674731	0.228496
v1.1	0.0003046729311	0.997519	0.675228	0.228366
v1.1	0.00030410929	0.997519	0.675725	0.228236
v1.1	0.00030410929	0.997519	0.676222	0.228107
v1.1	0.00030410929	0.997519	0.676719	0.227977
v1.1	0.00030410929	0.997519	0.677216	0.227848
v1.1	0.00030410929	0.997519	0.677713	0.227719
v1.1	0.00030410929	0.997519	0.678210	0.227590
v1.1	0.00030410929	0.997519	0.678708	0.227461
v1.1	0.00030410929	0.997519	0.679205	0.227333
v1.1	0.00030410929	0.997519	0.679702	0.227204
v1.1	0.00030410929	0.997519	0.680199	0.227076
v1.1	0.00030410929	0.997519	0.680696	0.226948
v1.1	0.00030410929	0.997519	0.681193	0.226820
v1.1	0.00030410929	0.997519	0.681690	0.226692
v1.1	0.00030410929	0.997519	0.682187	0.226564
v1.1	0.00030410929	0.997519	0.682684	0.226436
v1.1	0.00030410929	0.997519	0.683181	0.226309
v1.1	0.00030410929	0.997519	0.683679	0.226182
v1.1	0.00030410929	0.997519	0.684176	0.226054
v1.1	0.00030410929	0.997519	0.684673	0.225927
v1.1	0.00030410929	0.997519	0.685170	0.225800
v1.1	0.00030410929	0.997519	0.685667	0.225674
v1.1	0.0003005888314	0.997519	0.686164	0.225547
v1.1	0.0003005888314	0.997519	0.686661	0.225421
v1.1	0.0003005888314	0.997519	0.687158	0.225294
v1.1	0.0003005888314	0.997519	0.687655	0.225168
v1.1	0.0003005888314	0.997519	0.688152	0.225042
v1.1	0.0003005888314	0.997519	0.688650	0.224916
v1.1	0.0003005888314	0.997519	0.689147	0.224790
v1.1	0.0003005888314	0.997519	0.689644	0.224665
v1.1	0.0003000672995	0.997519	0.690141	0.224539
v1.1	0.0003000672995	0.997519	0.690638	0.224414
v1.1	0.0002972197215	0.997519	0.691135	0.224289
v1.1	0.000296727178	0.997519	0.691632	0.224164
v1.1	0.000296727178	0.997519	0.692129	0.224039
v1.1	0.000296727178	0.997519	0.692626	0.223914
v1.1	0.000296727178	0.997519	0.693123	0.223789
v1.1	0.000296727178	0.997519	0.693621	0.223665
v1.1	0.000296727178	0.997519	0.694118	0.223540
v1.1	0.000296727178	0.997519	0.694615	0.223416
v1.1	0.000296727178	0.997519	0.695112	0.223292
v1.1	0.000296727178	0.997519	0.695609	0.223168
v1.1	0.000296727178	0.997519	0.696106	0.223044
v1.1	0.000296727178	0.997519	0.696603	0.222921
v1.1	0.000296727178	0.997519	0.697100	0.222797
v1.1	0.000296727178	0.997519	0.697597	0.222674
v1.1	0.000296727178	0.997519	0.698094	0.222550
v1.1	0.000296727178	0.997519	0.698592	0.222427
v1.1	0.000296727178	0.997519	0.699089	0.222304
v1.1	0.000296727178	0.997519	0.699586	0.222181
v1.1	0.000296727178	0.997519	0.700083	0.222059
v1.1	0.0002963289725	0.997519	0.700580	0.221936
v1.1	0.000296328137	0.997519	0.701077	0.221814
v1.1	0.0002951092274	0.997519	0.701574	0.221691
v1.1	0.0002937094974	0.997519	0.702071	0.221569
v1.1	0.0002937094974	0.997519	0.702568	0.221447
v1.1	0.0002937094974	0.997519	0.703065	0.221325
v1.1	0.0002937094974	0.997519	0.703563	0.221203
v1.1	0.0002937094974	0.997519	0.704060	0.221082
v1.1	0.0002931969589	0.997519	0.704557	0.220960
v1.1	0.0002913562094	0.997519	0.705054	0.220839
v1.1	0.0002906726009	0.997519	0.705551	0.220717
v1.1	0.0002906726009	0.997519	0.706048	0.220596
v1.1	0.0002906726009	0.997519	0.706545	0.220475
v1.1	0.0002906726009	0.997519	0.707042	0.220354
v1.1	0.0002906726009	0.997519	0.707539	0.220234
v1.1	0.0002906726009	0.997519	0.708036	0.220113
v1.1	0.0002906726009	0.997519	0.708534	0.219993
v1.1	0.0002906726009	0.997519	0.709031	0.219872
v1.1	0.0002906726009	0.997519	0.709528	0.219752
v1.1	0.0002906726009	0.997519	0.710025	0.219632
v1.1	0.0002906726009	0.997519	0.710522	0.219512
v1.1	0.0002906726009	0.997519	0.711019	0.219392
v1.1	0.0002906726009	0.997519	0.711516	0.219273
v1.1	0.0002906726009	0.997519	0.712013	0.219153
v1.1	0.0002906726009	0.997519	0.712510	0.219034
v1.1	0.0002906726009	0.997519	0.713007	0.218915
v1.1	0.0002906726009	0.997519	0.713505	0.218795
v1.1	0.0002906726009	0.997519	0.714002	0.218676
v1.1	0.0002906726009	0.997519	0.714499	0.218557
v1.1	0.0002906726009	0.998346	0.714830	0.218620
v1.1	0.0002906726009	0.998346	0.715327	0.218501
v1.1	0.0002906726009	0.998346	0.715824	0.218382
v1.1	0.0002906726009	0.998346	0.716321	0.218264
v1.1	0.0002894769479	0.998346	0.716819	0.218146
v1.1	0.0002894769479	0.998346	0.717316	0.218027
v1.1	0.0002883860736	0.998346	0.717813	0.217909
v1.1	0.0002874377375	0.998346	0.718310	0.217791
v1.1	0.0002874377375	0.998346	0.718807	0.217674
v1.1	0.0002874377375	0.998346	0.719304	0.217556
v1.1	0.0002874377375	0.998346	0.719801	0.217438
v1.1	0.0002874377375	0.998346	0.720298	0.217321
v1.1	0.0002874377375	0.998346	0.720795	0.217204
v1.1	0.0002833050764	0.998346	0.721292	0.217086
v1.1	0.0002831701482	0.998346	0.721790	0.216969
v1.1	0.0002831701482	0.998346	0.722287	0.216852
v1.1	0.0002825892287	0.998346	0.722784	0.216736
v1.1	0.0002803959444	0.998346	0.723281	0.216619
v1.1	0.0002796948491	0.998346	0.723778	0.216502
v1.1	0.0002793569961	0.998346	0.724275	0.216386
v1.1	0.0002793569961	0.998346	0.724772	0.216269
v1.1	0.0002793569961	0.998346	0.725269	0.216153
v1.1	0.0002793569961	0.998346	0.725766	0.216037
v1.1	0.0002793569961	0.998346	0.726263	0.215921
v1.1	0.0002793569961	0.998346	0.726761	0.215805
v1.1	0.0002783412854	0.998346	0.727258	0.215690
v1.1	0.0002783412854	0.998346	0.727755	0.215574
v1.1	0.0002783412854	0.998346	0.728252	0.215459
v1.1	0.0002762883719	0.998346	0.728749	0.215343
v1.1	0.0002762883719	0.998346	0.729246	0.215228
v1.1	0.0002754843034	0.998346	0.729743	0.215113
v1.1	0.0002739362088	0.998346	0.730240	0.214998
v1.1	0.0002739354364	0.998346	0.730737	0.214883
v1.1	0.0002737415949	0.998346	0.731234	0.214769
v1.1	0.0002737415949	0.998346	0.731732	0.214654
v1.1	0.0002737415949	0.998346	0.732229	0.214540
v1.1	0.0002737415949	0.998346	0.732726	0.214425
v1.1	0.0002737415949	0.998346	0.733223	0.214311
v1.1	0.0002737415949	0.998346	0.733720	0.214197
v1.1	0.0002737415949	0.998346	0.734217	0.214083
v1.1	0.0002737415949	0.998346	0.734714	0.213969
v1.1	0.0002728465259	0.998346	0.735211	0.213855
v1.1	0.0002728465259	0.998346	0.735708	0.213742
v1.1	0.0002727462957	0.998346	0.736205	0.213628
v1.1	0.0002727462957	0.998346	0.736703	0.213515
v1.1	0.0002727462957	0.998346	0.737200	0.213402
v1.1	0.0002727462957	0.998346	0.737697	0.213289
v1.1	0.0002727462957	0.998346	0.738194	0.213176
v1.1	0.0002727462957	0.998346	0.738691	0.213063
v1.1	0.0002727462957	0.998346	0.739188	0.212950
v1.1	0.0002721950635	0.998346	0.739685	0.212837
v1.1	0.0002721950635	0.998346	0.740182	0.212725
v1.1	0.0002721950635	0.998346	0.740679	0.212612
v1.1	0.0002721950635	0.998346	0.741176	0.212500
v1.1	0.0002721950635	0.998346	0.741674	0.212388
v1.1	0.0002721950635	0.998346	0.742171	0.212276
v1.1	0.0002721950635	0.998346	0.742668	0.212164
v1.1	0.0002721950635	0.998346	0.743165	0.212052
v1.1	0.0002721950635	0.998346	0.743662	0.211940
v1.1	0.0002721950635	0.998346	0.744159	0.211829
v1.1	0.0002721950635	0.998346	0.744656	0.211717
v1.1	0.0002721950635	0.998346	0.745153	0.211606
v1.1	0.0002721950635	0.998346	0.745650	0.211495
v1.1	0.0002721950635	0.998346	0.746147	0.211384
v1.1	0.0002721950635	0.998346	0.746645	0.211273
v1.1	0.0002721950635	0.998346	0.747142	0.211162
v1.1	0.0002721950635	0.998346	0.747639	0.211051
v1.1	0.0002721950635	0.998346	0.748136	0.210940
v1.1	0.0002721950635	0.998346	0.748633	0.210830
v1.1	0.0002721950635	0.998346	0.749130	0.210719
v1.1	0.0002721950635	0.998346	0.749627	0.210609
v1.1	0.0002721950635	0.998346	0.750124	0.210499
v1.1	0.0002721950635	0.998346	0.750621	0.210389
v1.1	0.0002721950635	0.998346	0.751118	0.210279
v1.1	0.0002721950635	0.998346	0.751616	0.210169
v1.1	0.0002721950635	0.998346	0.752113	0.210059
v1.1	0.0002721950635	0.998346	0.752610	0.209950
v1.1	0.0002717941105	0.998346	0.753107	0.209840
v1.1	0.0002717941105	0.998346	0.753604	0.209731
v1.1	0.0002703990454	0.998346	0.754101	0.209621
v1.1	0.0002703990454	0.998346	0.754598	0.209512
v1.1	0.0002672873604	0.998346	0.755095	0.209403
v1.1	0.0002672873604	0.998346	0.755592	0.209294
v1.1	0.0002672873604	0.998346	0.756089	0.209185
v1.1	0.0002672873604	0.998346	0.756587	0.209077
v1.1	0.0002672873604	0.998346	0.757084	0.208968
v1.1	0.0002672873604	0.998346	0.757581	0.208860
v1.1	0.0002672873604	0.998346	0.758078	0.208751
v1.1	0.0002672873604	0.998346	0.758575	0.208643
v1.1	0.0002672873604	0.998346	0.759072	0.208535
v1.1	0.0002672873604	0.998346	0.759569	0.208427
v1.1	0.0002672873604	0.998346	0.760066	0.208319
v1.1	0.0002672873604	0.998346	0.760563	0.208211
v1.1	0.0002672873604	0.998346	0.761060	0.208103
v1.1	0.0002672873604	0.998346	0.761558	0.207996
v1.1	0.0002672873604	0.998346	0.762055	0.207888
v1.1	0.0002672873604	0.998346	0.762552	0.207781
v1.1	0.0002672873604	0.998346	0.763049	0.207674
v1.1	0.0002672873604	0.998346	0.763546	0.207567
v1.1	0.0002672873604	0.998346	0.764043	0.207460
v1.1	0.0002672873604	0.998346	0.764540	0.207353
v1.1	0.0002672873604	0.998346	0.765037	0.207246
v1.1	0.0002639663751	0.998346	0.765534	0.207139
v1.1	0.0002612344683	0.998346	0.766031	0.207033
v1.1	0.0002552314199	0.998346	0.766529	0.206926
v1.1	0.0002552314199	0.998346	0.767026	0.206820
v1.1	0.0002552314199	0.998346	0.767523	0.206713
v1.1	0.0002552314199	0.998346	0.768020	0.206607
v1.1	0.0002552314199	0.998346	0.768517	0.206501
v1.1	0.0002552314199	0.998346	0.769014	0.206395
v1.1	0.0002552314199	0.998346	0.769511	0.206290
v1.1	0.0002551812871	0.998346	0.770008	0.206184
v1.1	0.0002551483559	0.998346	0.770505	0.206078
v1.1	0.0002542055968	0.998346	0.771002	0.205973
v1.1	0.0002542055968	0.998346	0.771500	0.205867
v1.1	0.0002542055968	0.998346	0.771997	0.205762
v1.1	0.0002542055968	0.998346	0.772494	0.205657
v1.1	0.0002522278183	0.998346	0.772991	0.205552
v1.1	0.000250278555	0.998346	0.773488	0.205447
v1.1	0.0002479646761	0.998346	0.773985	0.205342
v1.1	0.0002479646761	0.998346	0.774482	0.205237
v1.1	0.0002479646761	0.998346	0.774979	0.205133
v1.1	0.0002479646761	0.998346	0.775476	0.205028
v1.1	0.0002471596606	0.998346	0.775973	0.204924
v1.1	0.0002471596606	0.998346	0.776471	0.204819
v1.1	0.0002471596606	0.998346	0.776968	0.204715
v1.1	0.0002471596606	0.998346	0.777465	0.204611
v1.1	0.0002471596606	0.998346	0.777962	0.204507
v1.1	0.0002471596606	0.998346	0.778459	0.204403
v1.1	0.0002471596606	0.998346	0.778956	0.204299
v1.1	0.0002471596606	0.998346	0.779453	0.204196
v1.1	0.0002471596606	0.998346	0.779950	0.204092
v1.1	0.0002471596606	0.998346	0.780447	0.203989
v1.1	0.0002471596606	0.998346	0.780944	0.203885
v1.1	0.0002471596606	0.998346	0.781442	0.203782
v1.1	0.0002471596606	0.998346	0.781939	0.203679
v1.1	0.0002471596606	0.998346	0.782436	0.203576
v1.1	0.0002470630761	0.998346	0.782933	0.203473
v1.1	0.0002470630761	0.998346	0.783430	0.203370
v1.1	0.0002470630761	0.998346	0.783927	0.203267
v1.1	0.0002470630761	0.998346	0.784424	0.203164
v1.1	0.0002467308073	0.998346	0.784921	0.203062
v1.1	0.0002452265952	0.998346	0.785418	0.202959
v1.1	0.0002452265952	0.998346	0.785915	0.202857
v1.1	0.0002452265952	0.998346	0.786413	0.202755
v1.1	0.0002452265952	0.998346	0.786910	0.202653
v1.1	0.0002450144514	0.998346	0.787407	0.202551
v1.1	0.0002433181686	0.998346	0.787904	0.202449
v1.1	0.0002429587873	0.998346	0.788401	0.202347
v1.1	0.0002429587873	0.998346	0.788898	0.202245
v1.1	0.0002420216261	0.998346	0.789395	0.202144
v1.1	0.0002397247578	0.998346	0.789892	0.202042
v1.1	0.0002392364233	0.998346	0.790389	0.201941
v1.1	0.0002392364233	0.998346	0.790886	0.201839
v1.1	0.0002392364233	0.998346	0.791384	0.201738
v1.1	0.0002392364233	0.998346	0.791881	0.201637
v1.1	0.0002392364233	0.998346	0.792378	0.201536
v1.1	0.0002392364233	0.998346	0.792875	0.201435
v1.1	0.0002392364233	0.998346	0.793372	0.201334
v1.1	0.0002392364233	0.998346	0.793869	0.201234
v1.1	0.0002392364233	0.998346	0.794366	0.201133
v1.1	0.0002392364233	0.998346	0.794863	0.201033
v1.1	0.0002392364233	0.998346	0.795360	0.200932
v1.1	0.0002392364233	0.998346	0.795857	0.200832
v1.1	0.0002392364233	0.998346	0.796355	0.200732
v1.1	0.0002392364233	0.998346	0.796852	0.200632
v1.1	0.0002392364233	0.998346	0.797349	0.200532
v1.1	0.0002392364233	0.998346	0.797846	0.200432
v1.1	0.0002392364233	0.998346	0.798343	0.200332
v1.1	0.0002392364233	0.998346	0.798840	0.200232
v1.1	0.0002392364233	0.998346	0.799337	0.200133
v1.1	0.0002392364233	0.998346	0.799834	0.200033
v1.1	0.0002392364233	0.998346	0.800331	0.199934
v1.1	0.0002392364233	0.998346	0.800829	0.199834
v1.1	0.0002392364233	0.998346	0.801326	0.199735
v1.1	0.0002392364233	0.998346	0.801823	0.199636
v1.1	0.0002392364233	0.998346	0.802320	0.199537
v1.1	0.0002392364233	0.998346	0.802817	0.199438
v1.1	0.0002392364233	0.998346	0.803314	0.199339
v1.1	0.0002392364233	0.998346	0.803811	0.199241
v1.1	0.0002392364233	0.998346	0.804308	0.199142
v1.1	0.0002392364233	0.998346	0.804805	0.199044
v1.1	0.0002392364233	0.998346	0.805302	0.198945
v1.1	0.0002392364233	0.998346	0.805800	0.198847
v1.1	0.0002392364233	0.998346	0.806297	0.198749
v1.1	0.0002392364233	0.998346	0.806794	0.198650
v1.1	0.0002392364233	0.998346	0.807291	0.198552
v1.1	0.0002392364233	0.998346	0.807788	0.198454
v1.1	0.0002390062764	0.998346	0.808285	0.198357
v1.1	0.0002390062764	0.998346	0.808782	0.198259
v1.1	0.0002390062764	0.998346	0.809279	0.198161
v1.1	0.0002390062764	0.998346	0.809776	0.198064
v1.1	0.0002390056025	0.998346	0.810273	0.197966
v1.1	0.0002390056025	0.998346	0.810771	0.197869
v1.1	0.0002390056025	0.998346	0.811268	0.197772
v1.1	0.0002390056025	0.998346	0.811765	0.197674
v1.1	0.0002390056025	0.998346	0.812262	0.197577
v1.1	0.0002390056025	0.998346	0.812759	0.197480
v1.1	0.0002390056025	0.998346	0.813256	0.197383
v1.1	0.0002390056025	0.998346	0.813753	0.197287
v1.1	0.0002390056025	0.998346	0.814250	0.197190
v1.1	0.0002390056025	0.998346	0.814747	0.197093
v1.1	0.0002390056025	0.998346	0.815244	0.196997
v1.1	0.0002390056025	0.998346	0.815742	0.196900
v1.1	0.0002390056025	0.998346	0.816239	0.196804
v1.1	0.0002390056025	0.998346	0.816736	0.196708
v1.1	0.0002390056025	0.998346	0.817233	0.196612
v1.1	0.0002390056025	0.998346	0.817730	0.196516
v1.1	0.0002390056025	0.998346	0.818227	0.196420
v1.1	0.0002390056025	0.998346	0.818724	0.196324
v1.1	0.0002390056025	0.998346	0.819221	0.196228
v1.1	0.0002390056025	0.998346	0.819718	0.196133
v1.1	0.0002390056025	0.998346	0.820215	0.196037
v1.1	0.0002390056025	0.998346	0.820713	0.195942
v1.1	0.0002390056025	0.998346	0.821210	0.195846
v1.1	0.0002390056025	0.998346	0.821707	0.195751
v1.1	0.0002390056025	0.998346	0.822204	0.195656
v1.1	0.0002390056025	0.998346	0.822701	0.195561
v1.1	0.0002390056025	0.998346	0.823198	0.195466
v1.1	0.0002390056025	0.998346	0.823695	0.195371
v1.1	0.0002390056025	0.998346	0.824192	0.195276
v1.1	0.0002390056025	0.998346	0.824689	0.195181
v1.1	0.0002390056025	0.998346	0.825186	0.195086
v1.1	0.0002390056025	0.998346	0.825684	0.194992
v1.1	0.0002390056025	0.998346	0.826181	0.194897
v1.1	0.0002380224259	0.998346	0.826678	0.194803
v1.1	0.0002350049635	0.998346	0.827175	0.194709
v1.1	0.0002350049635	0.998346	0.827672	0.194615
v1.1	0.0002350049635	0.998346	0.828169	0.194521
v1.1	0.0002350049635	0.998346	0.828666	0.194427
v1.1	0.0002350049635	0.998346	0.829163	0.194333
v1.1	0.0002350049635	0.998346	0.829660	0.194239
v1.1	0.0002350049635	0.998346	0.830157	0.194145
v1.1	0.0002350049635	0.998346	0.830655	0.194051
v1.1	0.0002350049635	0.998346	0.831152	0.193958
v1.1	0.0002350049635	0.998346	0.831649	0.193864
v1.1	0.0002350049635	0.998346	0.832146	0.193771
v1.1	0.0002350049635	0.998346	0.832643	0.193678
v1.1	0.0002350049635	0.998346	0.833140	0.193585
v1.1	0.0002350049635	0.998346	0.833637	0.193492
v1.1	0.0002350049635	0.998346	0.834134	0.193398
v1.1	0.0002350049635	0.998346	0.834631	0.193306
v1.1	0.0002350049635	0.998346	0.835128	0.193213
v1.1	0.0002350049635	0.998346	0.835626	0.193120
v1.1	0.0002325995163	0.998346	0.836123	0.193027
v1.1	0.0002325995163	0.998346	0.836620	0.192935
v1.1	0.0002279237807	0.998346	0.837117	0.192842
v1.1	0.0002279237807	0.998346	0.837614	0.192750
v1.1	0.0002275196541	0.998346	0.838111	0.192658
v1.1	0.0002238117085	0.998346	0.838608	0.192565
v1.1	0.0002238117085	0.998346	0.839105	0.192473
v1.1	0.0002238117085	0.998346	0.839602	0.192381
v1.1	0.0002238117085	0.998346	0.840099	0.192289
v1.1	0.0002238117085	0.998346	0.840597	0.192197
v1.1	0.0002238117085	0.998346	0.841094	0.192106
v1.1	0.0002238117085	0.998346	0.841591	0.192014
v1.1	0.0002238117085	0.998346	0.842088	0.191922
v1.1	0.0002238117085	0.998346	0.842585	0.191831
v1.1	0.0002238117085	0.998346	0.843082	0.191739
v1.1	0.0002238117085	0.998346	0.843579	0.191648
v1.1	0.0002238117085	0.998346	0.844076	0.191557
v1.1	0.0002238117085	0.998346	0.844573	0.191466
v1.1	0.0002238117085	0.998346	0.845070	0.191375
v1.1	0.0002238117085	0.998346	0.845568	0.191284
v1.1	0.0002238117085	0.998346	0.846065	0.191193
v1.1	0.0002238117085	0.998346	0.846562	0.191102
v1.1	0.0002238117085	0.998346	0.847059	0.191011
v1.1	0.0002238117085	0.998346	0.847556	0.190921
v1.1	0.0002238117085	0.998346	0.848053	0.190830
v1.1	0.0002238117085	0.998346	0.848550	0.190740
v1.1	0.0002238117085	0.998346	0.849047	0.190649
v1.1	0.0002238117085	0.998346	0.849544	0.190559
v1.1	0.0002238117085	0.998346	0.850041	0.190469
v1.1	0.0002238117085	0.998346	0.850539	0.190379
v1.1	0.0002238117085	0.998346	0.851036	0.190289
v1.1	0.0002238117085	0.998346	0.851533	0.190199
v1.1	0.0002238117085	0.998346	0.852030	0.190109
v1.1	0.0002238117085	0.998346	0.852527	0.190019
v1.1	0.0002238117085	0.998346	0.853024	0.189929
v1.1	0.0002238117085	0.998346	0.853521	0.189840
v1.1	0.0002238117085	0.998346	0.854018	0.189750
v1.1	0.0002238117085	0.998346	0.854515	0.189661
v1.1	0.0002238117085	0.998346	0.855012	0.189571
v1.1	0.0002238117085	0.998346	0.855510	0.189482
v1.1	0.0002238117085	0.998346	0.856007	0.189393
v1.1	0.0002238117085	0.998346	0.856504	0.189304
v1.1	0.0002238117085	0.998346	0.857001	0.189215
v1.1	0.0002238117085	0.998346	0.857498	0.189126
v1.1	0.0002238117085	0.998346	0.857995	0.189037
v1.1	0.0002229235084	0.998346	0.858492	0.188948
v1.1	0.0002200653393	0.998346	0.858989	0.188859
v1.1	0.0002200653393	0.998346	0.859486	0.188771
v1.1	0.0002200653393	0.998346	0.859983	0.188682
v1.1	0.0002200653393	0.998346	0.860481	0.188594
v1.1	0.0002200653393	0.998346	0.860978	0.188505
v1.1	0.0002200653393	0.998346	0.861475	0.188417
v1.1	0.0002200653393	0.998346	0.861972	0.188329
v1.1	0.0002200653393	0.998346	0.862469	0.188241
v1.1	0.0002200653393	0.998346	0.862966	0.188153
v1.1	0.0002200653393	0.998346	0.863463	0.188065
v1.1	0.0002200653393	0.998346	0.863960	0.187977
v1.1	0.0002200653393	0.998346	0.864457	0.187889
v1.1	0.0002200653393	0.998346	0.864954	0.187801
v1.1	0.0002200653393	0.998346	0.865452	0.187714
v1.1	0.0002200653393	0.998346	0.865949	0.187626
v1.1	0.0002200653393	0.998346	0.866446	0.187539
v1.1	0.0002189357295	0.998346	0.866943	0.187451
v1.1	0.0002189357295	0.998346	0.867440	0.187364
v1.1	0.0002189357295	0.998346	0.867937	0.187277
v1.1	0.0002166619348	0.998346	0.868434	0.187190
v1.1	0.0002166619348	0.998346	0.868931	0.187103
v1.1	0.0002139124863	0.998346	0.869428	0.187016
v1.1	0.0002135394549	0.998346	0.869925	0.186929
v1.1	0.0002115277486	0.998346	0.870423	0.186842
v1.1	0.000210305631	0.998346	0.870920	0.186755
v1.1	0.000210305631	0.998346	0.871417	0.186669
v1.1	0.0002072755117	0.998346	0.871914	0.186582
v1.1	0.0002072755117	0.998346	0.872411	0.186496
v1.1	0.0002072755117	0.998346	0.872908	0.186409
v1.1	0.0002072755117	0.998346	0.873405	0.186323
v1.1	0.0002065411272	0.998346	0.873902	0.186237
v1.1	0.0002065411272	0.998346	0.874399	0.186151
v1.1	0.0002065411272	0.998346	0.874896	0.186064
v1.1	0.0002064604122	0.998346	0.875394	0.185978
v1.1	0.0002060766499	0.998346	0.875891	0.185892
v1.1	0.0002057901123	0.998346	0.876388	0.185807
v1.1	0.0002002881834	0.998346	0.876885	0.185721
v1.1	0.0001997712152	0.998346	0.877382	0.185635
v1.1	0.0001997268496	0.998346	0.877879	0.185550
v1.1	0.0001997268496	0.998346	0.878376	0.185464
v1.1	0.0001997268496	0.998346	0.878873	0.185379
v1.1	0.0001997268496	0.998346	0.879370	0.185293
v1.1	0.0001997268496	0.998346	0.879867	0.185208
v1.1	0.0001997268496	0.998346	0.880365	0.185123
v1.1	0.0001997268496	0.998346	0.880862	0.185038
v1.1	0.0001990006076	0.998346	0.881359	0.184952
v1.1	0.0001990006076	0.998346	0.881856	0.184868
v1.1	0.0001990006076	0.998346	0.882353	0.184783
v1.1	0.0001989052185	0.998346	0.882850	0.184698
v1.1	0.0001969358718	0.998346	0.883347	0.184613
v1.1	0.0001967103965	0.998346	0.883844	0.184528
v1.1	0.0001967103965	0.998346	0.884341	0.184444
v1.1	0.0001967103965	0.998346	0.884838	0.184359
v1.1	0.0001967103965	0.998346	0.885336	0.184275
v1.1	0.0001967103965	0.998346	0.885833	0.184190
v1.1	0.0001967103965	0.998346	0.886330	0.184106
v1.1	0.0001967103965	0.998346	0.886827	0.184022
v1.1	0.0001967103965	0.998346	0.887324	0.183938
v1.1	0.0001967103965	0.998346	0.887821	0.183854
v1.1	0.000196248016	0.998346	0.888318	0.183770
v1.1	0.0001959581438	0.998346	0.888815	0.183686
v1.1	0.0001959581438	0.998346	0.889312	0.183602
v1.1	0.0001959581438	0.998346	0.889809	0.183518
v1.1	0.0001959581438	0.998346	0.890307	0.183435
v1.1	0.0001959581438	0.998346	0.890804	0.183351
v1.1	0.0001929541555	0.998346	0.891301	0.183268
v1.1	0.0001924247351	0.998346	0.891798	0.183184
v1.1	0.0001924247351	0.998346	0.892295	0.183101
v1.1	0.0001924247351	0.998346	0.892792	0.183017
v1.1	0.0001924247351	0.998346	0.893289	0.182934
v1.1	0.0001924247351	0.998346	0.893786	0.182851
v1.1	0.0001870294894	0.998346	0.894283	0.182768
v1.1	0.0001870294894	0.998346	0.894780	0.182685
v1.1	0.0001870294894	0.998346	0.895278	0.182602
v1.1	0.0001870294894	0.998346	0.895775	0.182519
v1.1	0.0001870294894	0.998346	0.896272	0.182437
v1.1	0.0001870294894	0.998346	0.896769	0.182354
v1.1	0.0001870294894	0.998346	0.897266	0.182271
v1.1	0.0001870294894	0.998346	0.897763	0.182189
v1.1	0.0001870294894	0.998346	0.898260	0.182106
v1.1	0.0001870294894	0.998346	0.898757	0.182024
v1.1	0.0001870294894	0.998346	0.899254	0.181942
v1.1	0.0001870294894	0.998346	0.899751	0.181859
v1.1	0.0001870294894	0.998346	0.900249	0.181777
v1.1	0.000182688447	0.998346	0.900746	0.181695
v1.1	0.0001797980145	0.998346	0.901243	0.181613
v1.1	0.0001797980145	0.998346	0.901740	0.181531
v1.1	0.0001797980145	0.998346	0.902237	0.181449
v1.1	0.0001797980145	0.998346	0.902734	0.181367
v1.1	0.0001797980145	0.998346	0.903231	0.181286
v1.1	0.0001797980145	0.998346	0.903728	0.181204
v1.1	0.0001797980145	0.998346	0.904225	0.181122
v1.1	0.0001797980145	0.998346	0.904722	0.181041
v1.1	0.0001797980145	0.998346	0.905220	0.180960
v1.1	0.0001797980145	0.998346	0.905717	0.180878
v1.1	0.0001797980145	0.998346	0.906214	0.180797
v1.1	0.0001797980145	0.998346	0.906711	0.180716
v1.1	0.0001797980145	0.998346	0.907208	0.180635
v1.1	0.0001797980145	0.998346	0.907705	0.180553
v1.1	0.0001797980145	0.998346	0.908202	0.180472
v1.1	0.0001797980145	0.998346	0.908699	0.180392
v1.1	0.0001797980145	0.998346	0.909196	0.180311
v1.1	0.0001797980145	0.998346	0.909693	0.180230
v1.1	0.0001797980145	0.998346	0.910191	0.180149
v1.1	0.0001797980145	0.998346	0.910688	0.180069
v1.1	0.0001797980145	0.998346	0.911185	0.179988
v1.1	0.0001797980145	0.998346	0.911682	0.179908
v1.1	0.0001797980145	0.998346	0.912179	0.179827
v1.1	0.0001797980145	0.998346	0.912676	0.179747
v1.1	0.0001797980145	0.998346	0.913173	0.179667
v1.1	0.0001797980145	0.998346	0.913670	0.179586
v1.1	0.0001797980145	0.998346	0.914167	0.179506
v1.1	0.000174747557	0.998346	0.914664	0.179426
v1.1	0.000174747557	0.998346	0.915162	0.179346
v1.1	0.000174747557	0.998346	0.915659	0.179266
v1.1	0.000174747557	0.998346	0.916156	0.179186
v1.1	0.000174747557	0.998346	0.916653	0.179107
v1.1	0.000174747557	0.998346	0.917150	0.179027
v1.1	0.000174747557	0.998346	0.917647	0.178947
v1.1	0.000174747557	0.998346	0.918144	0.178868
v1.1	0.000174747557	0.998346	0.918641	0.178788
v1.1	0.000174747557	0.998346	0.919138	0.178709
v1.1	0.000174747557	0.998346	0.919635	0.178630
v1.1	0.000174747557	0.998346	0.920133	0.178550
v1.1	0.000174747557	0.998346	0.920630	0.178471
v1.1	0.000174747557	0.998346	0.921127	0.178392
v1.1	0.000174747557	0.998346	0.921624	0.178313
v1.1	0.000174747557	0.998346	0.922121	0.178234
v1.1	0.000174747557	0.998346	0.922618	0.178155
v1.1	0.000174747557	0.998346	0.923115	0.178076
v1.1	0.000174747557	0.998346	0.923612	0.177997
v1.1	0.000174747557	0.998346	0.924109	0.177919
v1.1	0.000174747557	0.998346	0.924606	0.177840
v1.1	0.000174747557	0.998346	0.925104	0.177761
v1.1	0.000174747557	0.998346	0.925601	0.177683
v1.1	0.000174747557	0.998346	0.926098	0.177604
v1.1	0.000174747557	0.998346	0.926595	0.177526
v1.1	0.000174747557	0.998346	0.927092	0.177448
v1.1	0.000174747557	0.998346	0.927589	0.177370
v1.1	0.000174747557	0.998346	0.928086	0.177291
v1.1	0.000174747557	0.998346	0.928583	0.177213
v1.1	0.000174747557	0.998346	0.929080	0.177135
v1.1	0.000174747557	0.998346	0.929577	0.177057
v1.1	0.000174747557	0.998346	0.930075	0.176979
v1.1	0.000174747557	0.998346	0.930572	0.176902
v1.1	0.000174747557	0.998346	0.931069	0.176824
v1.1	0.000174747557	0.998346	0.931566	0.176746
v1.1	0.000174747557	0.998346	0.932063	0.176669
v1.1	0.000174747557	0.999173	0.932394	0.176737
v1.1	0.000174747557	0.999173	0.932891	0.176660
v1.1	0.000174747557	0.999173	0.933389	0.176582
v1.1	0.000174747557	0.999173	0.933886	0.176505
v1.1	0.000174747557	0.999173	0.934383	0.176428
v1.1	0.000174747557	0.999173	0.934880	0.176350
v1.1	0.000174747557	0.999173	0.935377	0.176273
v1.1	0.000174747557	0.999173	0.935874	0.176196
v1.1	0.000174747557	0.999173	0.936371	0.176119
v1.1	0.000174747557	0.999173	0.936868	0.176042
v1.1	0.000174747557	0.999173	0.937365	0.175965
v1.1	0.000174747557	0.999173	0.937862	0.175888
v1.1	0.000174747557	0.999173	0.938360	0.175811
v1.1	0.000174747557	0.999173	0.938857	0.175735
v1.1	0.000174747557	0.999173	0.939354	0.175658
v1.1	0.000174747557	0.999173	0.939851	0.175581
v1.1	0.000174747557	0.999173	0.940348	0.175505
v1.1	0.000174747557	0.999173	0.940845	0.175428
v1.1	0.000174747557	0.999173	0.941342	0.175352
v1.1	0.000174747557	0.999173	0.941839	0.175276
v1.1	0.000174747557	0.999173	0.942336	0.175199
v1.1	0.000174747557	0.999173	0.942833	0.175123
v1.1	0.000174747557	0.999173	0.943331	0.175047
v1.1	0.000174747557	0.999173	0.943828	0.174971
v1.1	0.000174747557	0.999173	0.944325	0.174895
v1.1	0.000174747557	0.999173	0.944822	0.174819
v1.1	0.000174747557	0.999173	0.945319	0.174743
v1.1	0.000174747557	0.999173	0.945816	0.174667
v1.1	0.000174747557	0.999173	0.946313	0.174592
v1.1	0.000174747557	0.999173	0.946810	0.174516
v1.1	0.000174747557	0.999173	0.947307	0.174440
v1.1	0.000174747557	0.999173	0.947804	0.174365
v1.1	0.000174747557	0.999173	0.948302	0.174289
v1.1	0.000174747557	0.999173	0.948799	0.174214
v1.1	0.000174747557	0.999173	0.949296	0.174139
v1.1	0.000174747557	0.999173	0.949793	0.174063
v1.1	0.000174747557	0.999173	0.950290	0.173988
v1.1	0.000174747557	0.999173	0.950787	0.173913
v1.1	0.000174747557	0.999173	0.951284	0.173838
v1.1	0.000174747557	0.999173	0.951781	0.173763
v1.1	0.000174747557	0.999173	0.952278	0.173688
v1.1	0.000174747557	0.999173	0.952775	0.173613
v1.1	0.000174747557	0.999173	0.953273	0.173538
v1.1	0.000174747557	0.999173	0.953770	0.173464
v1.1	0.000174747557	0.999173	0.954267	0.173389
v1.1	0.000174747557	0.999173	0.954764	0.173314
v1.1	0.000172229033	0.999173	0.955261	0.173240
v1.1	0.000172229033	0.999173	0.955758	0.173165
v1.1	0.000172229033	0.999173	0.956255	0.173091
v1.1	0.000172229033	0.999173	0.956752	0.173016
v1.1	0.000172229033	0.999173	0.957249	0.172942
v1.1	0.000172229033	0.999173	0.957746	0.172868
v1.1	0.0001669392588	0.999173	0.958244	0.172794
v1.1	0.0001662952778	0.999173	0.958741	0.172719
v1.1	0.0001643813962	0.999173	0.959238	0.172645
v1.1	0.0001643813962	0.999173	0.959735	0.172571
v1.1	0.0001643813962	0.999173	0.960232	0.172498
v1.1	0.0001643813962	0.999173	0.960729	0.172424
v1.1	0.0001643813962	0.999173	0.961226	0.172350
v1.1	0.0001643813962	0.999173	0.961723	0.172276
v1.1	0.0001643813962	0.999173	0.962220	0.172202
v1.1	0.0001643813962	0.999173	0.962717	0.172129
v1.1	0.0001643813962	0.999173	0.963215	0.172055
v1.1	0.0001643813962	0.999173	0.963712	0.171982
v1.1	0.0001643813962	0.999173	0.964209	0.171908
v1.1	0.0001617906268	0.999173	0.964706	0.171835
v1.1	0.0001611239083	0.999173	0.965203	0.171762
v1.1	0.0001611239083	0.999173	0.965700	0.171688
v1.1	0.0001611239083	0.999173	0.966197	0.171615
v1.1	0.0001570203197	0.999173	0.966694	0.171542
v1.1	0.0001570203197	0.999173	0.967191	0.171469
v1.1	0.0001563891638	0.999173	0.967688	0.171396
v1.1	0.0001479277036	0.999173	0.968186	0.171323
v1.1	0.0001470375692	0.999173	0.968683	0.171250
v1.1	0.0001470375692	0.999173	0.969180	0.171178
v1.1	0.0001470375692	0.999173	0.969677	0.171105
v1.1	0.0001470375692	0.999173	0.970174	0.171032
v1.1	0.0001461707547	0.999173	0.970671	0.170960
v1.1	0.0001440545402	0.999173	0.971168	0.170887
v1.1	0.0001416123735	0.999173	0.971665	0.170814
v1.1	0.000141158492	0.999173	0.972162	0.170742
v1.1	0.0001368776835	0.999173	0.972659	0.170670
v1.1	0.0001346426958	0.999173	0.973157	0.170597
v1.1	0.0001346426958	0.999173	0.973654	0.170525
v1.1	0.0001346426958	0.999173	0.974151	0.170453
v1.1	0.0001336480914	0.999173	0.974648	0.170381
v1.1	0.0001241945525	0.999173	0.975145	0.170309
v1.1	0.0001106099009	0.999173	0.975642	0.170237
v1.1	0.0001106099009	0.999173	0.976139	0.170165
v1.1	0.0001106099009	0.999173	0.976636	0.170093
v1.1	0.0001106099009	0.999173	0.977133	0.170021
v1.1	0.0001106099009	0.999173	0.977630	0.169949
v1.1	0.0001106099009	0.999173	0.978128	0.169878
v1.1	0.0001106099009	0.999173	0.978625	0.169806
v1.1	0.0001106099009	0.999173	0.979122	0.169734
v1.1	0.0001106099009	0.999173	0.979619	0.169663
v1.1	0.0001106099009	0.999173	0.980116	0.169591
v1.1	0.0001106099009	0.999173	0.980613	0.169520
v1.1	0.0001106099009	0.999173	0.981110	0.169449
v1.1	0.0001106099009	0.999173	0.981607	0.169377
v1.1	0.0001106099009	0.999173	0.982104	0.169306
v1.1	0.0001106099009	0.999173	0.982601	0.169235
v1.1	0.0001106099009	0.999173	0.983099	0.169164
v1.1	0.0001106099009	0.999173	0.983596	0.169093
v1.1	0.0001106099009	0.999173	0.984093	0.169022
v1.1	0.0001106099009	0.999173	0.984590	0.168951
v1.1	0.0001106099009	0.999173	0.985087	0.168880
v1.1	0.0001083562876	1.000000	0.985418	0.168949
v1.1	0.0001083562876	1.000000	0.985915	0.168878
v1.1	0.0001083562876	1.000000	0.986413	0.168808
v1.1	0.0001083562876	1.000000	0.986910	0.168737
v1.1	0.0001083562876	1.000000	0.987407	0.168666
v1.1	0.0001083562876	1.000000	0.987904	0.168596
v1.1	0.0001083562876	1.000000	0.988401	0.168525
v1.1	0.0001083562876	1.000000	0.988898	0.168455
v1.1	0.0001069320538	1.000000	0.989395	0.168384
v1.1	0.0001069320538	1.000000	0.989892	0.168314
v1.1	0.0001065022103	1.000000	0.990389	0.168244
v1.1	0.0001029668062	1.000000	0.990886	0.168174
v1.1	0.0001029668062	1.000000	0.991384	0.168103
v1.1	0.0001029668062	1.000000	0.991881	0.168033
v1.1	0.0001029668062	1.000000	0.992378	0.167963
v1.1	0.0001029668062	1.000000	0.992875	0.167893
v1.1	0.0001029668062	1.000000	0.993372	0.167823
v1.1	0.0001001334045	1.000000	0.993869	0.167754
v1.1	0.0001001334045	1.000000	0.994366	0.167684
v1.1	0.0001001334045	1.000000	0.994863	0.167614
v1.1	9.339453983e-05	1.000000	0.995360	0.167544
v1.1	7.532508385e-05	1.000000	0.995857	0.167475
v1.1	7.532508385e-05	1.000000	0.996355	0.167405
v1.1	7.532508385e-05	1.000000	0.996852	0.167336
v1.1	7.532508385e-05	1.000000	0.997349	0.167266
v1.1	7.532508385e-05	1.000000	0.997846	0.167197
v1.1	7.532508385e-05	1.000000	0.998343	0.167127
v1.1	7.532508385e-05	1.000000	0.998840	0.167058
v1.1	7.532508385e-05	1.000000	0.999337	0.166989
v1.1	7.532508385e-05	1.000000	0.999834	0.166920
