model	sample	contig_id	error_type	contig_length	taxon	depth_stratum	ARG_bearing	n_tools_available	n_tools_failed	frac_plasmid	agreement	v12_score	v11_score	truth_confidence
v1.2-General	SAMD00499712	128	FN	2868	Citrobacter spp.	50_to_75x	false	12	0	0.6363636363636364	0.6363636363636364	0.8242539482520607	0.2966735814437225	high
v1.2-General	SAMD00565567	44	FN	22197	Enterococcus faecium	75_to_100x	false	12	0	0.6363636363636364	0.6363636363636364	0.7593012364223598	0.24929971306092738	high
v1.2-General	SAMD00565567	59	FN	14645	Enterococcus faecium	75_to_100x	false	12	0	0.7272727272727273	0.7272727272727273	0.7600160144229514	0.21713587055315453	high
v1.2-General	SAMD00565567	84	FN	8300	Enterococcus faecium	75_to_100x	false	12	0	0.7272727272727273	0.7272727272727273	0.8483601213458016	0.6722004853130973	high
v1.2-General	SAMD00565567	88	FN	7428	Enterococcus faecium	75_to_100x	false	12	0	0.6666666666666666	0.6666666666666666	0.4146671239479616	0.08389023606483663	high
v1.2-General	SAMD00565567	91	FN	6668	Enterococcus faecium	75_to_100x	false	12	0	0.6363636363636364	0.6363636363636364	0.8169176780525376	0.2845668052551718	high
v1.2-General	SAMD00565567	92	FN	6421	Enterococcus faecium	75_to_100x	false	12	0	0.7	0.7	0.6977069436403512	0.3616850906639446	high
v1.2-General	SAMD00565567	110	FN	4420	Enterococcus faecium	75_to_100x	false	12	0	0.7272727272727273	0.7272727272727273	0.7600160144229514	0.2154713481661654	high
v1.2-General	SAMD00565567	112	FN	4372	Enterococcus faecium	75_to_100x	false	12	0	0.7272727272727273	0.7272727272727273	0.8175024816909233	0.28872003683064335	high
v1.2-General	SAMD00565567	118	FN	3663	Enterococcus faecium	75_to_100x	true	12	0	0.8181818181818182	0.8181818181818182	0.8937203351298281	0.7747394878307946	high
v1.2-General	SAMD00565567	122	FN	3403	Enterococcus faecium	75_to_100x	false	12	0	0.8	0.8	0.919752115213786	0.4361665327127485	high
v1.2-General	SAMD00565567	123	FN	3330	Enterococcus faecium	75_to_100x	false	12	0	0.7	0.7	0.8030443944307281	0.7324491154537194	high
v1.2-General	SAMD00565567	128	FN	2697	Enterococcus faecium	75_to_100x	false	12	0	0.8	0.8	0.919752115213786	0.4361665327127485	high
v1.2-General	SAMD00565567	134	FN	2273	Enterococcus faecium	75_to_100x	false	12	0	0.6363636363636364	0.6363636363636364	0.7593012364223598	0.20086752162254973	high
v1.2-General	SAMD00565567	140	FN	1940	Enterococcus faecium	75_to_100x	false	12	0	0.7777777777777778	0.7777777777777778	0.8290234405911397	0.7885770309259507	high
v1.2-General	SAMD00565567	141	FN	1918	Enterococcus faecium	75_to_100x	true	12	0	0.45454545454545453	0.5454545454545454	0.08394183598879341	0.12818288956295684	high
v1.2-General	SAMD00565567	144	FN	1829	Enterococcus faecium	75_to_100x	false	12	0	0.7	0.7	0.9220564628012747	0.27997730877448457	high
v1.2-General	SAMD00565567	149	FN	1545	Enterococcus faecium	75_to_100x	false	12	0	0.7272727272727273	0.7272727272727273	0.8483601213458016	0.6588672998537486	high
v1.2-General	SAMD00565567	151	FN	1487	Enterococcus faecium	75_to_100x	false	12	0	0.8	0.8	0.9056454774147001	0.8438211798287509	high
v1.2-General	SAMD00565567	154	FN	1425	Enterococcus faecium	75_to_100x	false	12	0	0.6363636363636364	0.6363636363636364	0.5350721749515018	0.6588672998537486	high
v1.2-General	SAMD00565567	157	FN	1364	Enterococcus faecium	75_to_100x	false	12	0	0.6363636363636364	0.6363636363636364	0.8252686979418431	0.22815234774400717	high
v1.2-General	SAMD00565567	158	FN	1355	Enterococcus faecium	75_to_100x	false	12	0	0.6363636363636364	0.6363636363636364	0.8252686979418431	0.22815234774400717	high
v1.2-General	SAMD00565567	162	FN	1249	Enterococcus faecium	75_to_100x	false	12	0	0.7272727272727273	0.7272727272727273	0.8483601213458016	0.6588672998537486	high
v1.2-General	SAMD00565567	163	FN	1238	Enterococcus faecium	75_to_100x	false	12	0	0.6363636363636364	0.6363636363636364	0.8252686979418431	0.22815234774400717	high
v1.2-General	SAMD00565567	165	FN	1083	Enterococcus faecium	75_to_100x	false	12	0	0.7	0.7	0.8118825015391135	0.7249066052856756	high
v1.2-General	SAMD00565567	166	FN	1075	Enterococcus faecium	75_to_100x	false	12	0	0.7	0.7	0.9220564628012747	0.2963142692994298	high
v1.2-General	SAMD00577372	21	FN	55848	Enterococcus faecium	ge_100x	true	12	0	0.6666666666666666	0.6666666666666666	0.84091765654465	0.9483005706731379	high
v1.2-General	SAMD00577372	30	FN	19566	Enterococcus faecium	ge_100x	true	12	0	0.75	0.75	0.8453536497494889	0.937056872346118	high
v1.2-General	SAMD00577372	37	FN	7622	Enterococcus faecium	ge_100x	false	12	0	0.7272727272727273	0.7272727272727273	0.8258325137717292	0.5153242777171051	high
v1.2-General	SAMD00577372	39	FN	6960	Enterococcus faecium	ge_100x	false	12	0	0.8181818181818182	0.8181818181818182	0.8937203351298281	0.4895592636604442	high
v1.2-General	SAMD00577372	42	FN	5847	Enterococcus faecium	ge_100x	false	12	0	0.8181818181818182	0.8181818181818182	0.8881976497022714	0.48412510241078377	high
v1.2-General	SAMD00577372	44	FN	5278	Enterococcus faecium	ge_100x	true	12	0	0.6363636363636364	0.6363636363636364	0.4503306221323281	0.35899409985182373	high
v1.2-General	SAMD00577372	52	FN	2768	Enterococcus faecium	ge_100x	false	12	0	0.8181818181818182	0.8181818181818182	0.8881976497022714	0.38788856277136696	high
v1.2-General	SAMD00577372	56	FN	2304	Enterococcus faecium	ge_100x	false	12	0	0.6363636363636364	0.6363636363636364	0.8169176780525376	0.43635473609691644	high
v1.2-General	SAMD00577372	58	FN	2020	Enterococcus faecium	ge_100x	true	12	0	0.6363636363636364	0.6363636363636364	0.6194629902269139	0.2710084882712125	high
v1.2-General	SAMD00577372	59	FN	1896	Enterococcus faecium	ge_100x	false	12	0	0.6666666666666666	0.6666666666666666	0.5048983372430645	0.25888389390362054	high
v1.2-General	SAMD00577372	61	FN	1780	Enterococcus faecium	ge_100x	false	12	0	0.6363636363636364	0.6363636363636364	0.6194629902269139	0.3060186272604474	high
v1.2-General	SAMD00577373	23	FP	13636	Enterococcus faecalis	50_to_75x	true	12	0	0.5833333333333334	0.5833333333333334	0.9506805552025154	0.5016601486821733	high
v1.2-General	SAMD00577373	24	FN	12731	Enterococcus faecalis	50_to_75x	true	12	0	0.6363636363636364	0.6363636363636364	0.8252686979418431	0.5937635047887181	high
v1.2-General	SAMD00623430	68	FN	12331	Enterococcus faecium	ge_100x	true	12	0	0.7272727272727273	0.7272727272727273	0.8483601213458016	0.7983757035910914	high
v1.2-General	SAMD00623430	71	FN	10666	Enterococcus faecium	ge_100x	false	12	0	0.6363636363636364	0.6363636363636364	0.7593012364223598	0.3367781134262019	high
v1.2-General	SAMD00623430	93	FN	6138	Enterococcus faecium	ge_100x	false	12	0	0.6666666666666666	0.6666666666666666	0.46943185639990775	0.6491424938371059	high
v1.2-General	SAMD00623430	97	FP	5685	Enterococcus faecium	ge_100x	true	12	0	0.9090909090909091	0.9090909090909091	0.9952965484376111	0.9079130239740169	high
v1.2-General	SAMD00623430	104	FN	4814	Enterococcus faecium	ge_100x	false	12	0	0.8181818181818182	0.8181818181818182	0.8488630723085183	0.8838378924585432	high
v1.2-General	SAMD00623430	105	FN	4410	Enterococcus faecium	ge_100x	false	12	0	0.7272727272727273	0.7272727272727273	0.8483601213458016	0.7896646183346219	high
v1.2-General	SAMD00623430	112	FN	3275	Enterococcus faecium	ge_100x	true	12	0	0.4166666666666667	0.5833333333333334	0.2126585469214157	0.5953768564262293	high
v1.2-General	SAMD00623430	122	FN	1835	Enterococcus faecium	ge_100x	false	12	0	0.6363636363636364	0.6363636363636364	0.5209033701734538	0.761620834959316	high
v1.2-General	SAMD00748008	20	FN	51345	Enterococcus faecalis	ge_100x	true	12	0	0.5	0.5	0.7843329391739225	0.5153300305421361	high
v1.2-General	SAMEA117852477	29	FN	30442	Enterococcus faecium	75_to_100x	false	12	0	0.7272727272727273	0.7272727272727273	0.5218803117744132	0.8731339774135084	high
v1.2-General	SAMEA117852477	56	FN	11217	Enterococcus faecium	75_to_100x	false	12	0	0.8888888888888888	0.8888888888888888	0.8181153136535995	0.9351771241381913	high
v1.2-General	SAMEA117852477	58	FN	10636	Enterococcus faecium	75_to_100x	false	12	0	0.7272727272727273	0.7272727272727273	0.8258325137717292	0.40881230423598414	high
v1.2-General	SAMEA117852477	66	FN	9306	Enterococcus faecium	75_to_100x	false	12	0	0.8181818181818182	0.8181818181818182	0.8488630723085183	0.8838378924585432	high
v1.2-General	SAMEA117852477	72	FN	8077	Enterococcus faecium	75_to_100x	false	12	0	0.6	0.6	0.7043377449205257	0.4658127985726866	high
v1.2-General	SAMEA117852477	84	FN	5565	Enterococcus faecium	75_to_100x	false	12	0	0.75	0.75	0.7896899118601343	0.12108165873732847	high
v1.2-General	SAMEA117852477	97	FN	3344	Enterococcus faecium	75_to_100x	false	12	0	0.7272727272727273	0.7272727272727273	0.7600160144229514	0.3345884192060537	high
v1.2-General	SAMEA117852477	101	FN	3183	Enterococcus faecium	75_to_100x	false	12	0	0.7272727272727273	0.7272727272727273	0.8483601213458016	0.7896646183346219	high
v1.2-General	SAMEA117852477	110	FN	2303	Enterococcus faecium	75_to_100x	false	12	0	0.7272727272727273	0.7272727272727273	0.8483601213458016	0.7655474948526491	high
v1.2-General	SAMEA117852477	112	FN	2229	Enterococcus faecium	75_to_100x	false	12	0	0.7272727272727273	0.7272727272727273	0.8933479043144746	0.7021775261345994	high
v1.2-General	SAMEA117852477	126	FN	1355	Enterococcus faecium	75_to_100x	false	12	0	0.6	0.6	0.8510556566253494	0.3275364191991451	high
v1.2-General	SAMEA117852477	128	FN	1328	Enterococcus faecium	75_to_100x	false	12	0	0.7272727272727273	0.7272727272727273	0.8483601213458016	0.7795423071588461	high
v1.2-General	SAMEA117852477	129	FN	1180	Enterococcus faecium	75_to_100x	false	12	0	0.45454545454545453	0.5454545454545454	0.08394183598879341	0.20563996890429803	high
v1.2-General	SAMN10435561	38	FN	2061	Citrobacter spp.	ge_100x	false	12	0	0.7	0.7	0.7759819264665878	0.2590949518792718	high
v1.2-General	SAMN10435572	52	FN	23802	Citrobacter spp.	50_to_75x	false	12	0	0.7272727272727273	0.7272727272727273	0.5674115540245327	0.9882907218430401	high
v1.2-General	SAMN10435572	54	FP	21055	Citrobacter spp.	50_to_75x	false	12	0	0.8181818181818182	0.8181818181818182	0.9699349148543481	0.9793439915023808	high
v1.2-General	SAMN10435572	58	FN	14281	Citrobacter spp.	50_to_75x	false	12	0	0.75	0.75	0.8299760205088481	0.9344920339911679	high
v1.2-General	SAMN10435572	75	FN	4400	Citrobacter spp.	50_to_75x	false	12	0	0.75	0.75	0.8453536497494889	0.9660128400747513	high
v1.2-General	SAMN10435572	76	FP	4255	Citrobacter spp.	50_to_75x	false	12	0	0.5	0.5	0.9873709147351248	0.9698190978993854	high
v1.2-General	SAMN10435572	97	FN	1367	Citrobacter spp.	50_to_75x	false	12	0	0.6363636363636364	0.6363636363636364	0.8252686979418431	0.902588745154687	high
v1.2-General	SAMN10435572	99	FP	1329	Citrobacter spp.	50_to_75x	false	12	0	0.5	0.5	0.9975107036737277	0.9614974566003511	high
v1.2-General	SAMN12405233	15	FN	3461	Serratia spp.	75_to_100x	false	11	1	0.45454545454545453	0.5454545454545454	0.7413685061094392	0.1888627834674307	high
v1.2-General	SAMN13382572	41	FN	23377	Klebsiella pneumoniae	50_to_75x	false	12	0	0.75	0.75	0.7944342199327958	0.9782389051005506	high
v1.2-General	SAMN13382572	64	FN	5357	Klebsiella pneumoniae	50_to_75x	false	12	0	0.36363636363636365	0.6363636363636364	0.7009887745497694	0.5232434687980169	high
v1.2-General	SAMN13382572	69	FN	4253	Klebsiella pneumoniae	50_to_75x	false	12	0	0.5833333333333334	0.5833333333333334	0.5344900231595623	0.960250585107899	high
v1.2-General	SAMN13382572	84	FN	2085	Klebsiella pneumoniae	50_to_75x	false	12	0	0.6666666666666666	0.6666666666666666	0.9150169547806626	0.9090629499823691	high
v1.2-General	SAMN13382572	88	FN	1743	Klebsiella pneumoniae	50_to_75x	false	12	0	0.4	0.6	0.7374240852756336	0.8028321925364313	high
v1.2-General	SAMN13382572	96	FN	1101	Klebsiella pneumoniae	50_to_75x	false	12	0	0.5833333333333334	0.5833333333333334	0.9123720989070611	0.9333328086697654	high
v1.2-General	SAMN13382572	99	FN	1021	Klebsiella pneumoniae	50_to_75x	false	12	0	0.6666666666666666	0.6666666666666666	0.9110606383483703	0.9333328086697654	high
v1.2-General	SAMN13382579	23	FN	17967	Klebsiella pneumoniae	50_to_75x	false	12	0	0.6666666666666666	0.6666666666666666	0.6790244802303577	0.9289561530208983	high
v1.2-General	SAMN13382579	25	FN	13603	Klebsiella pneumoniae	50_to_75x	false	12	0	0.6666666666666666	0.6666666666666666	0.7495178318541625	0.9607584200645353	high
v1.2-General	SAMN13382579	27	FN	12147	Klebsiella pneumoniae	50_to_75x	false	12	0	0.75	0.75	0.8299760205088481	0.9541418154722252	high
v1.2-General	SAMN13382579	30	FN	7844	Klebsiella pneumoniae	50_to_75x	false	12	0	0.6666666666666666	0.6666666666666666	0.46943185639990775	0.9363874745898759	high
v1.2-General	SAMN13382579	46	FN	3233	Klebsiella pneumoniae	50_to_75x	false	12	0	0.4166666666666667	0.5833333333333334	0.49745230763798026	0.11143281225775341	high
v1.2-General	SAMN13382579	56	FN	2198	Klebsiella pneumoniae	50_to_75x	false	12	0	0.25	0.75	0.2524849894255612	0.006789282367002052	high
v1.2-General	SAMN13382579	57	FN	2159	Klebsiella pneumoniae	50_to_75x	false	12	0	0.5454545454545454	0.5454545454545454	0.44936173666691653	0.9297931059548941	high
v1.2-General	SAMN13382579	59	FN	2010	Klebsiella pneumoniae	50_to_75x	false	12	0	0.6	0.6	0.9038755821443648	0.9672499915437364	high
v1.2-General	SAMN13382579	60	FN	1994	Klebsiella pneumoniae	50_to_75x	false	12	0	0.5454545454545454	0.5454545454545454	0.44936173666691653	0.9297931059548941	high
v1.2-General	SAMN13382579	70	FN	1639	Klebsiella pneumoniae	50_to_75x	false	12	0	0.8	0.8	0.770434191706484	0.9853611145531666	high
v1.2-General	SAMN13382579	71	FN	1613	Klebsiella pneumoniae	50_to_75x	false	12	0	0.2727272727272727	0.7272727272727273	0.7439602219814591	0.023185008339460404	high
v1.2-General	SAMN13382579	84	FN	1197	Klebsiella pneumoniae	50_to_75x	false	12	0	0.45454545454545453	0.5454545454545454	0.38302576817414785	0.8816671184950141	high
v1.2-General	SAMN13382579	85	FN	1157	Klebsiella pneumoniae	50_to_75x	false	12	0	0.36363636363636365	0.6363636363636364	0.907071578704717	0.9448747238277272	high
v1.2-General	SAMN13382581	60	FN	8653	Klebsiella pneumoniae	ge_100x	false	12	0	0.3333333333333333	0.6666666666666666	0.7627687191722259	0.4216066938720493	high
v1.2-General	SAMN13382581	61	FN	8564	Klebsiella pneumoniae	ge_100x	false	12	0	0.75	0.75	0.8453536497494889	0.9739952715842103	high
v1.2-General	SAMN13382581	64	FN	5807	Klebsiella pneumoniae	ge_100x	false	12	0	0.5	0.5	0.7843329391739225	0.9373291515434047	high
v1.2-General	SAMN13382581	73	FN	3982	Klebsiella pneumoniae	ge_100x	false	12	0	0.7272727272727273	0.7272727272727273	0.8705147387133599	0.9784233548160034	high
v1.2-General	SAMN13382581	75	FN	3368	Klebsiella pneumoniae	ge_100x	false	12	0	0.3333333333333333	0.6666666666666666	0.38549230572859566	0.33435682615047735	high
v1.2-General	SAMN13382581	78	FN	2921	Klebsiella pneumoniae	ge_100x	false	12	0	0.3333333333333333	0.6666666666666666	0.024711780572106334	0.7312631469359604	high
v1.2-General	SAMN13382581	85	FN	1920	Klebsiella pneumoniae	ge_100x	false	12	0	0.16666666666666666	0.8333333333333334	0.08205545950840865	0.0057115192985499235	high
v1.2-General	SAMN13382581	88	FN	1855	Klebsiella pneumoniae	ge_100x	false	12	0	0.6363636363636364	0.6363636363636364	0.8831021646495479	0.929360785061903	high
v1.2-General	SAMN13382581	92	FN	1340	Klebsiella pneumoniae	ge_100x	false	12	0	0.45454545454545453	0.5454545454545454	0.07533192841157481	0.9106673056161115	high
v1.2-General	SAMN13382581	93	FN	1331	Klebsiella pneumoniae	ge_100x	false	12	0	0.08333333333333333	0.9166666666666666	0.01874023391234934	0.0055784346897578985	high
v1.2-General	SAMN13382597	54	FN	19616	Klebsiella pneumoniae	50_to_75x	false	12	0	0.6666666666666666	0.6666666666666666	0.6790244802303577	0.9320508522207469	high
v1.2-General	SAMN13382597	57	FN	18909	Klebsiella pneumoniae	50_to_75x	false	12	0	0.75	0.75	0.9137413354205492	0.9342878144895005	high
v1.2-General	SAMN13382597	67	FN	11979	Klebsiella pneumoniae	50_to_75x	false	12	0	0.6666666666666666	0.6666666666666666	0.6790244802303577	0.9289561530208983	high
v1.2-General	SAMN13382597	71	FN	8377	Klebsiella pneumoniae	50_to_75x	false	12	0	0.75	0.75	0.9137413354205492	0.9324135752714592	high
v1.2-General	SAMN13382597	74	FN	5876	Klebsiella pneumoniae	50_to_75x	false	12	0	0.6666666666666666	0.6666666666666666	0.7276803953935368	0.8527666822074961	high
v1.2-General	SAMN13382597	99	FN	1578	Klebsiella pneumoniae	50_to_75x	false	12	0	0.6666666666666666	0.6666666666666666	0.7792781134159518	0.9409403174460156	high
v1.2-General	SAMN17766463	30	FN	18431	Klebsiella pneumoniae	30_to_50x	false	12	0	0.6666666666666666	0.6666666666666666	0.7495178318541625	0.8766849913096723	high
v1.2-General	SAMN17766463	37	FN	7863	Klebsiella pneumoniae	30_to_50x	false	12	0	0.6666666666666666	0.6666666666666666	0.4146671239479616	0.2669992335398035	high
v1.2-General	SAMN17766463	39	FN	6595	Klebsiella pneumoniae	30_to_50x	false	12	0	0.75	0.75	0.5641119225002442	0.2733595202089573	high
v1.2-General	SAMN17766463	41	FN	4718	Klebsiella pneumoniae	30_to_50x	false	12	0	0.6666666666666666	0.6666666666666666	0.7792781134159518	0.29461129758733695	high
v1.2-General	SAMN17766463	43	FN	4327	Klebsiella pneumoniae	30_to_50x	false	12	0	0.75	0.75	0.7849934510745252	0.29461129758733695	high
v1.2-General	SAMN17766480	22	FN	44958	Klebsiella pneumoniae	50_to_75x	false	12	0	0.08333333333333333	0.9166666666666666	0.0023477360266118638	0.0011962008291016562	high
v1.2-General	SAMN17766480	25	FN	33192	Klebsiella pneumoniae	50_to_75x	false	12	0	0.75	0.75	0.7944342199327958	0.9782389051005506	high
v1.2-General	SAMN17766480	29	FN	24086	Klebsiella pneumoniae	50_to_75x	false	12	0	0.6666666666666666	0.6666666666666666	0.7495178318541625	0.9644958727767525	high
v1.2-General	SAMN17766480	34	FN	13067	Klebsiella pneumoniae	50_to_75x	false	12	0	0.75	0.75	0.8453536497494889	0.9867134736330088	high
v1.2-General	SAMN17766480	41	FN	7976	Klebsiella pneumoniae	50_to_75x	false	12	0	0.8	0.8	0.770434191706484	0.9903426269154825	high
v1.2-General	SAMN17766480	66	FN	1969	Klebsiella pneumoniae	50_to_75x	false	12	0	0.3333333333333333	0.6666666666666666	0.9276949578552948	0.7691041147705453	high
v1.2-General	SAMN17766480	80	FN	1221	Klebsiella pneumoniae	50_to_75x	false	12	0	0.7	0.7	0.7759819264665878	0.9782644157141216	high
v1.2-General	SAMN17766507	47	FN	4278	Klebsiella pneumoniae	ge_100x	false	12	0	0.5454545454545454	0.5454545454545454	0.9119132674321526	0.697199070606574	high
v1.2-General	SAMN17766507	50	FP	4026	Klebsiella pneumoniae	ge_100x	false	12	0	0.4166666666666667	0.5833333333333334	0.955116138204435	0.5233083204874529	high
v1.2-General	SAMN17766507	54	FN	2948	Klebsiella pneumoniae	ge_100x	false	12	0	0.3333333333333333	0.6666666666666666	0.9276949578552948	0.6479974435409349	high
v1.2-General	SAMN17766507	56	FN	2767	Klebsiella pneumoniae	ge_100x	false	12	0	0.6666666666666666	0.6666666666666666	0.7889023520731259	0.42038277556513487	high
v1.2-General	SAMN17766507	70	FN	1261	Klebsiella pneumoniae	ge_100x	false	12	0	0.7272727272727273	0.7272727272727273	0.8705147387133599	0.9094928799885752	high
v1.2-General	SAMN17766507	72	FN	1106	Klebsiella pneumoniae	ge_100x	false	12	0	0.7272727272727273	0.7272727272727273	0.8705147387133599	0.9094928799885752	high
v1.2-General	SAMN23424528	19	FN	15523	Enterococcus faecium	ge_100x	false	12	0	0.7272727272727273	0.7272727272727273	0.7600160144229514	0.355790916553783	high
v1.2-General	SAMN23424528	22	FN	7866	Enterococcus faecium	ge_100x	true	12	0	0.5	0.5	0.7199770375228083	0.15268035011868844	high
v1.2-General	SAMN23424528	23	FN	7011	Enterococcus faecium	ge_100x	false	12	0	0.5833333333333334	0.5833333333333334	0.32629355132464394	0.09595068983942731	high
v1.2-General	SAMN23424528	27	FN	4506	Enterococcus faecium	ge_100x	true	12	0	0.8	0.8	0.8070027099899361	0.3776762572083569	high
v1.2-General	SAMN23424528	28	FN	4418	Enterococcus faecium	ge_100x	false	12	0	0.7272727272727273	0.7272727272727273	0.7600160144229514	0.34539920339965535	high
v1.2-General	SAMN23424528	31	FN	2512	Enterococcus faecium	ge_100x	true	12	0	0.36363636363636365	0.6363636363636364	0.7961839469468747	0.1033505340490062	high
v1.2-General	SAMN23424528	32	FN	1758	Enterococcus faecium	ge_100x	false	12	0	0.7272727272727273	0.7272727272727273	0.8483601213458016	0.28610077364094455	high
v1.2-General	SAMN23424532	25	FN	20413	Enterococcus faecium	75_to_100x	true	12	0	0.8333333333333334	0.8333333333333334	0.8727648359652314	0.7707151220070684	high
v1.2-General	SAMN23424532	27	FN	18976	Enterococcus faecium	75_to_100x	false	12	0	0.7272727272727273	0.7272727272727273	0.7600160144229514	0.2399341425021255	high
v1.2-General	SAMN23424532	29	FN	17043	Enterococcus faecium	75_to_100x	true	12	0	0.5454545454545454	0.5454545454545454	0.11238132725857243	0.11309002269137497	high
v1.2-General	SAMN23424532	31	FN	13989	Enterococcus faecium	75_to_100x	false	12	0	0.8181818181818182	0.8181818181818182	0.8488630723085183	0.2987224876394408	high
v1.2-General	SAMN23424532	33	FN	13141	Enterococcus faecium	75_to_100x	false	12	0	0.2727272727272727	0.7272727272727273	0.2861176979461988	0.0013812939580476274	high
v1.2-General	SAMN23424532	37	FN	10261	Enterococcus faecium	75_to_100x	false	12	0	0.8181818181818182	0.8181818181818182	0.8488630723085183	0.2987224876394408	high
v1.2-General	SAMN23424532	38	FN	9922	Enterococcus faecium	75_to_100x	false	12	0	0.8181818181818182	0.8181818181818182	0.8488630723085183	0.20325600300868835	high
v1.2-General	SAMN23424532	44	FN	6202	Enterococcus faecium	75_to_100x	false	12	0	0.7272727272727273	0.7272727272727273	0.8258325137717292	0.5153242777171051	high
v1.2-General	SAMN23424532	45	FN	5941	Enterococcus faecium	75_to_100x	false	12	0	0.8181818181818182	0.8181818181818182	0.8488630723085183	0.20325600300868835	high
v1.2-General	SAMN23424532	47	FN	4959	Enterococcus faecium	75_to_100x	true	12	0	0.8181818181818182	0.8181818181818182	0.8937203351298281	0.4895592636604442	high
v1.2-General	SAMN23424532	50	FN	3807	Enterococcus faecium	75_to_100x	false	12	0	0.7	0.7	0.6716956763018966	0.3805568967738085	high
v1.2-General	SAMN23424532	51	FN	3645	Enterococcus faecium	75_to_100x	false	12	0	0.8	0.8	0.919752115213786	0.437699353584798	high
v1.2-General	SAMN23424532	56	FN	1996	Enterococcus faecium	75_to_100x	false	12	0	0.7	0.7	0.9220564628012747	0.32183854751434704	high
v1.2-General	SAMN23424532	58	FN	1543	Enterococcus faecium	75_to_100x	false	12	0	0.6363636363636364	0.6363636363636364	0.7593012364223598	0.24664278533475376	high
v1.2-General	SAMN23424532	63	FN	1305	Enterococcus faecium	75_to_100x	false	12	0	0.6363636363636364	0.6363636363636364	0.5350721749515018	0.1952167055451162	high
v1.2-General	SAMN23424532	65	FN	1124	Enterococcus faecium	75_to_100x	false	12	0	0.7	0.7	0.9123812468776971	0.5066829925589738	high
v1.2-General	SAMN23424534	38	FN	18667	Enterococcus faecium	75_to_100x	true	12	0	0.8333333333333334	0.8333333333333334	0.8727648359652314	0.9825677930881672	high
v1.2-General	SAMN23424534	39	FN	18251	Enterococcus faecium	75_to_100x	false	12	0	0.5	0.5	0.08372653146359807	0.5239456590920517	high
v1.2-General	SAMN23424534	43	FN	16875	Enterococcus faecium	75_to_100x	false	12	0	0.7272727272727273	0.7272727272727273	0.5218803117744132	0.972654565909349	high
v1.2-General	SAMN23424534	57	FN	7630	Enterococcus faecium	75_to_100x	false	12	0	0.7272727272727273	0.7272727272727273	0.8258325137717292	0.9257508404174581	high
v1.2-General	SAMN23424534	67	FN	3300	Enterococcus faecium	75_to_100x	false	12	0	0.7272727272727273	0.7272727272727273	0.7600160144229514	0.9271227831462956	high
v1.2-General	SAMN23424534	70	FN	2774	Enterococcus faecium	75_to_100x	false	12	0	0.8	0.8	0.9056454774147001	0.9852397062632544	high
v1.2-General	SAMN23424534	71	FN	2691	Enterococcus faecium	75_to_100x	false	12	0	0.8181818181818182	0.8181818181818182	0.8488630723085183	0.983749280185375	high
v1.2-General	SAMN26198497	65	FN	3749	Citrobacter spp.	50_to_75x	false	12	0	0.4166666666666667	0.5833333333333334	0.8800141858960508	0.8653589818331037	high
v1.2-General	SAMN26198497	66	FP	3371	Citrobacter spp.	50_to_75x	false	12	0	0.4166666666666667	0.5833333333333334	0.9439675826435082	0.7493424472562187	high
v1.2-General	SAMN26198497	79	FN	1687	Citrobacter spp.	50_to_75x	false	12	0	0.3333333333333333	0.6666666666666666	0.9276949578552948	0.823473667876149	high
v1.2-General	SAMN26198497	84	FN	1400	Citrobacter spp.	50_to_75x	false	12	0	0.36363636363636365	0.6363636363636364	0.907071578704717	0.9448747238277272	high
v1.2-General	SAMN26198498	44	FN	6637	Citrobacter spp.	75_to_100x	false	12	0	0.6666666666666666	0.6666666666666666	0.84091765654465	0.699324180690077	high
v1.2-General	SAMN26198498	57	FN	1889	Citrobacter spp.	75_to_100x	false	12	0	0.6666666666666666	0.6666666666666666	0.84091765654465	0.5873582514133486	high
v1.2-General	SAMN26198498	59	FN	1514	Citrobacter spp.	75_to_100x	false	12	0	0.5833333333333334	0.5833333333333334	0.7431680099185886	0.8493303697829425	high
v1.2-General	SAMN26198498	61	FN	1250	Citrobacter spp.	75_to_100x	false	12	0	0.7272727272727273	0.7272727272727273	0.863969742776131	0.8326725620542861	high
v1.2-General	SAMN26567300	52	FN	22899	Klebsiella pneumoniae	ge_100x	false	12	0	0.75	0.75	0.7944342199327958	0.9119138296862782	high
v1.2-General	SAMN26567300	57	FN	19054	Klebsiella pneumoniae	ge_100x	false	12	0	0.8181818181818182	0.8181818181818182	0.870955385716696	0.9700053698430715	high
v1.2-General	SAMN26567300	64	FN	16947	Klebsiella pneumoniae	ge_100x	false	12	0	0.4166666666666667	0.5833333333333334	0.014163654967636965	0.20144348374278034	high
v1.2-General	SAMN26567300	68	FN	12857	Klebsiella pneumoniae	ge_100x	false	12	0	0.6666666666666666	0.6666666666666666	0.6790244802303577	0.43305126389240567	high
v1.2-General	SAMN26567300	73	FN	9271	Klebsiella pneumoniae	ge_100x	false	12	0	0.75	0.75	0.7944342199327958	0.8495629790531428	high
v1.2-General	SAMN26567300	78	FN	7750	Klebsiella pneumoniae	ge_100x	false	12	0	0.75	0.75	0.9137413354205492	0.4316706443503394	high
v1.2-General	SAMN26567300	79	FN	7546	Klebsiella pneumoniae	ge_100x	false	12	0	0.8181818181818182	0.8181818181818182	0.8184416904444722	0.933485686564077	high
v1.2-General	SAMN26567300	85	FN	6490	Klebsiella pneumoniae	ge_100x	false	12	0	0.6666666666666666	0.6666666666666666	0.7495178318541625	0.574208054220533	high
v1.2-General	SAMN26567300	88	FN	5283	Klebsiella pneumoniae	ge_100x	false	12	0	0.8181818181818182	0.8181818181818182	0.8184416904444722	0.9414179023242721	high
v1.2-General	SAMN26567300	97	FN	3536	Klebsiella pneumoniae	ge_100x	false	12	0	0.6	0.6	0.9038755821443648	0.9181695236466568	high
v1.2-General	SAMN26567300	114	FN	1859	Klebsiella pneumoniae	ge_100x	false	12	0	0.5833333333333334	0.5833333333333334	0.9123720989070611	0.3549935517666913	high
v1.2-General	SAMN26567300	123	FN	1237	Klebsiella pneumoniae	ge_100x	false	12	0	0.5	0.5	0.9065895287544276	0.8495003241713363	high
v1.2-General	SAMN26567300	125	FN	1129	Klebsiella pneumoniae	ge_100x	false	12	0	0.5833333333333334	0.5833333333333334	0.9123720989070611	0.43527555208305574	high
v1.2-General	SAMN26567301	37	FN	42122	Klebsiella pneumoniae	50_to_75x	false	12	0	0.6666666666666666	0.6666666666666666	0.9110606383483703	0.9456938062794361	high
v1.2-General	SAMN26567301	44	FN	33777	Klebsiella pneumoniae	50_to_75x	false	12	0	0.6666666666666666	0.6666666666666666	0.9110606383483703	0.9456938062794361	high
v1.2-General	SAMN26567301	52	FN	23366	Klebsiella pneumoniae	50_to_75x	false	12	0	0.75	0.75	0.7944342199327958	0.9782389051005506	high
v1.2-General	SAMN26567301	68	FN	11870	Klebsiella pneumoniae	50_to_75x	false	12	0	0.6666666666666666	0.6666666666666666	0.42167580725551146	0.9627752452966871	high
v1.2-General	SAMN26567301	79	FN	4606	Klebsiella pneumoniae	50_to_75x	false	12	0	0.75	0.75	0.7944342199327958	0.9656110990516318	high
v1.2-General	SAMN26567301	94	FN	1387	Klebsiella pneumoniae	50_to_75x	false	12	0	0.5833333333333334	0.5833333333333334	0.9123720989070611	0.9333328086697654	high
v1.2-General	SAMN26796377	80	FN	15048	Citrobacter spp.	ge_100x	false	12	0	0.75	0.75	0.7944342199327958	0.7629062471035534	high
v1.2-General	SAMN26796377	83	FN	12469	Citrobacter spp.	ge_100x	false	12	0	0.75	0.75	0.7944342199327958	0.7402599749803803	high
v1.2-General	SAMN26796377	93	FN	7750	Citrobacter spp.	ge_100x	false	12	0	0.2727272727272727	0.7272727272727273	0.41452615649798047	0.01661093750427454	high
v1.2-General	SAMN26796377	100	FN	6001	Citrobacter spp.	ge_100x	false	12	0	0.6666666666666666	0.6666666666666666	0.42167580725551146	0.7255777100334759	high
v1.2-General	SAMN26796377	103	FN	5560	Citrobacter spp.	ge_100x	false	12	0	0.16666666666666666	0.8333333333333334	0.0030543117989903774	0.007661754743547332	high
v1.2-General	SAMN26796377	107	FN	5048	Citrobacter spp.	ge_100x	false	12	0	0.36363636363636365	0.6363636363636364	0.10946747615734014	0.13774574881126148	high
v1.2-General	SAMN26796377	108	FN	4923	Citrobacter spp.	ge_100x	false	12	0	0.7272727272727273	0.7272727272727273	0.8835057081932798	0.496498493217566	high
v1.2-General	SAMN26796377	114	FP	4123	Citrobacter spp.	ge_100x	false	12	0	0.6666666666666666	0.6666666666666666	0.9315077586253984	0.36792190160745414	high
v1.2-General	SAMN26796377	116	FN	3941	Citrobacter spp.	ge_100x	false	12	0	0.36363636363636365	0.6363636363636364	0.9139151480889973	0.15819126624168922	high
v1.2-General	SAMN26796377	117	FN	3888	Citrobacter spp.	ge_100x	false	12	0	0.7	0.7	0.7759819264665878	0.8742131465820017	high
v1.2-General	SAMN26796377	123	FN	3544	Citrobacter spp.	ge_100x	false	12	0	0.8181818181818182	0.8181818181818182	0.8184416904444722	0.880021295191605	high
v1.2-General	SAMN26796377	130	FN	2647	Citrobacter spp.	ge_100x	false	12	0	0.6666666666666666	0.6666666666666666	0.9150169547806626	0.25369489418970637	high
v1.2-General	SAMN26796377	138	FN	1886	Citrobacter spp.	ge_100x	false	12	0	0.2727272727272727	0.7272727272727273	0.13335664771641972	0.0024745801280921906	high
v1.2-General	SAMN26796377	140	FN	1786	Citrobacter spp.	ge_100x	false	12	0	0.3333333333333333	0.6666666666666666	0.900702896221801	0.16745030651590007	high
v1.2-General	SAMN26796377	142	FN	1530	Citrobacter spp.	ge_100x	false	12	0	0.08333333333333333	0.9166666666666666	0.006724141415640177	0.00023734297334555366	high
v1.2-General	SAMN26796377	150	FN	1224	Citrobacter spp.	ge_100x	true	12	0	0.7272727272727273	0.7272727272727273	0.863969742776131	0.8575423580436555	high
v1.2-General	SAMN26796377	152	FN	1214	Citrobacter spp.	ge_100x	false	12	0	0.3333333333333333	0.6666666666666666	0.8999363944403583	0.834797677901218	high
v1.2-General	SAMN26796377	157	FN	1030	Citrobacter spp.	ge_100x	false	12	0	0.6666666666666666	0.6666666666666666	0.7473982631231887	0.2559039620789104	high
v1.2-General	SAMN26796439	12	FN	121821	Citrobacter spp.	ge_100x	false	12	0	0.0	1.0	0.0024123556419008763	0.00013972598844983535	high
v1.2-General	SAMN26796439	33	FN	10028	Citrobacter spp.	ge_100x	true	12	0	0.75	0.75	0.9137413354205492	0.40683897504113525	high
v1.2-General	SAMN26796439	54	FN	1187	Citrobacter spp.	ge_100x	false	12	0	0.36363636363636365	0.6363636363636364	0.907071578704717	0.23285892379996873	high
v1.2-General	SAMN28626304	23	FN	3234	Klebsiella pneumoniae	50_to_75x	false	12	0	0.4166666666666667	0.5833333333333334	0.5926862789911801	0.4452781225710407	high
v1.2-General	SAMN29503689	27	FN	74299	Citrobacter spp.	ge_100x	false	12	0	0.75	0.75	0.9137413354205492	0.9389493446683005	high
v1.2-General	SAMN29503689	35	FN	46209	Citrobacter spp.	ge_100x	false	12	0	0.7272727272727273	0.7272727272727273	0.8690502371180912	0.9694370443773273	high
v1.2-General	SAMN29503689	46	FN	20077	Citrobacter spp.	ge_100x	false	12	0	0.75	0.75	0.9137413354205492	0.9371659735277205	high
v1.2-General	SAMN29503689	47	FN	18296	Citrobacter spp.	ge_100x	false	12	0	0.75	0.75	0.7944342199327958	0.952428356074946	high
v1.2-General	SAMN29503689	48	FN	18145	Citrobacter spp.	ge_100x	false	12	0	0.2727272727272727	0.7272727272727273	0.8310648430531382	0.02605237298270761	high
v1.2-General	SAMN29503689	50	FN	13730	Citrobacter spp.	ge_100x	false	12	0	0.8333333333333334	0.8333333333333334	0.8727648359652314	0.9491900404073818	high
v1.2-General	SAMN29503689	52	FN	12201	Citrobacter spp.	ge_100x	false	12	0	0.75	0.75	0.8453536497494889	0.9807385827456895	high
v1.2-General	SAMN29503689	56	FN	10378	Citrobacter spp.	ge_100x	false	12	0	0.75	0.75	0.7944342199327958	0.9466178336199182	high
v1.2-General	SAMN29503689	57	FN	10329	Citrobacter spp.	ge_100x	false	12	0	0.8333333333333334	0.8333333333333334	0.8727648359652314	0.9491900404073818	high
v1.2-General	SAMN29503689	59	FP	9613	Citrobacter spp.	ge_100x	false	12	0	0.8333333333333334	0.8333333333333334	0.9666370174996789	0.9757030660770367	high
v1.2-General	SAMN29503689	62	FN	8142	Citrobacter spp.	ge_100x	false	12	0	0.5454545454545454	0.5454545454545454	0.5342913146951923	0.8727992726748769	high
v1.2-General	SAMN29503689	63	FN	7225	Citrobacter spp.	ge_100x	false	12	0	0.7272727272727273	0.7272727272727273	0.8690502371180912	0.9607706238603446	high
v1.2-General	SAMN29503689	66	FP	6865	Citrobacter spp.	ge_100x	false	12	0	0.8333333333333334	0.8333333333333334	0.9508635198395291	0.9642467657356093	high
v1.2-General	SAMN29503689	67	FN	6060	Citrobacter spp.	ge_100x	false	12	0	0.36363636363636365	0.6363636363636364	0.7422227505864292	0.8657702714057915	high
v1.2-General	SAMN29503689	69	FN	5873	Citrobacter spp.	ge_100x	false	12	0	0.2727272727272727	0.7272727272727273	0.53552361778159	0.015189935551942814	high
v1.2-General	SAMN29503689	71	FN	5344	Citrobacter spp.	ge_100x	false	12	0	0.3333333333333333	0.6666666666666666	0.8358253160677692	0.8598381124351534	high
v1.2-General	SAMN29503689	73	FN	4894	Citrobacter spp.	ge_100x	false	12	0	0.75	0.75	0.8453536497494889	0.9660128400747513	high
v1.2-General	SAMN29503689	74	FN	4655	Citrobacter spp.	ge_100x	false	12	0	0.16666666666666666	0.8333333333333334	0.20455049733383257	0.0074467352450362885	high
v1.2-General	SAMN29503689	77	FN	3984	Citrobacter spp.	ge_100x	false	12	0	0.6363636363636364	0.6363636363636364	0.7337646477914976	0.9606557920637294	high
v1.2-General	SAMN29503689	78	FN	3754	Citrobacter spp.	ge_100x	false	12	0	0.8181818181818182	0.8181818181818182	0.8184416904444722	0.9795263600222386	high
v1.2-General	SAMN29503689	82	FN	2552	Citrobacter spp.	ge_100x	false	12	0	0.75	0.75	0.7944342199327958	0.9404479704782239	high
v1.2-General	SAMN29503689	86	FP	2023	Citrobacter spp.	ge_100x	true	12	0	0.8	0.8	0.9420308381334653	0.9740873947650031	high
v1.2-General	SAMN29503689	87	FN	1795	Citrobacter spp.	ge_100x	false	12	0	0.6666666666666666	0.6666666666666666	0.7889023520731259	0.9395101218024469	high
v1.2-General	SAMN29503689	88	FN	1765	Citrobacter spp.	ge_100x	false	12	0	0.7272727272727273	0.7272727272727273	0.8705147387133599	0.9698577354786537	high
v1.2-General	SAMN29503689	91	FP	1473	Citrobacter spp.	ge_100x	false	12	0	0.4	0.6	0.9738035845775391	0.9057795197329707	high
v1.2-General	SAMN29503689	93	FP	1428	Citrobacter spp.	ge_100x	true	12	0	0.8333333333333334	0.8333333333333334	0.9929225458808841	0.9735255790330399	high
v1.2-General	SAMN29503689	94	FN	1402	Citrobacter spp.	ge_100x	false	12	0	0.5	0.5	0.6967648378535001	0.8209890919250239	high
v1.2-General	SAMN29503689	97	FN	1338	Citrobacter spp.	ge_100x	false	12	0	0.45454545454545453	0.5454545454545454	0.636548494491201	0.9283915868745917	high
v1.2-General	SAMN29503689	100	FN	1265	Citrobacter spp.	ge_100x	false	12	0	0.16666666666666666	0.8333333333333334	0.06730614804555231	0.0037168896342867496	high
v1.2-General	SAMN29503689	102	FP	1208	Citrobacter spp.	ge_100x	false	12	0	0.36363636363636365	0.6363636363636364	0.9429416484296633	0.9426708749852472	high
v1.2-General	SAMN29503815	44	FN	16758	Citrobacter spp.	ge_100x	false	12	0	0.3333333333333333	0.6666666666666666	0.6124642966684529	0.20851642948962598	high
v1.2-General	SAMN29503815	45	FN	16419	Citrobacter spp.	ge_100x	false	12	0	0.7272727272727273	0.7272727272727273	0.8892312567067122	0.8188277038862513	high
v1.2-General	SAMN29503815	58	FN	5614	Citrobacter spp.	ge_100x	false	12	0	0.75	0.75	0.7849934510745252	0.42732049300634767	high
v1.2-General	SAMN29503815	60	FN	3432	Citrobacter spp.	ge_100x	false	12	0	0.75	0.75	0.9137413354205492	0.6139864998868212	high
v1.2-General	SAMN29503815	64	FN	1688	Citrobacter spp.	ge_100x	false	12	0	0.3333333333333333	0.6666666666666666	0.900702896221801	0.2922793940594135	high
v1.2-General	SAMN29503815	66	FN	1400	Citrobacter spp.	ge_100x	false	12	0	0.2727272727272727	0.7272727272727273	0.67258603090158	0.010181982347008095	high
v1.2-General	SAMN29503815	68	FN	1354	Citrobacter spp.	ge_100x	false	12	0	0.36363636363636365	0.6363636363636364	0.8055014310445797	0.6196167712369371	high
v1.2-General	SAMN29503815	69	FN	1336	Citrobacter spp.	ge_100x	false	12	0	0.5833333333333334	0.5833333333333334	0.9123720989070611	0.7327937946908838	high
v1.2-General	SAMN29503815	71	FN	1327	Citrobacter spp.	ge_100x	false	12	0	0.3333333333333333	0.6666666666666666	0.7576555714932637	0.5264240311320413	high
v1.2-General	SAMN30692055	49	FN	18468	Enterococcus faecium	ge_100x	false	12	0	0.8181818181818182	0.8181818181818182	0.8488630723085183	0.90060048382433	high
v1.2-General	SAMN30692055	50	FN	18092	Enterococcus faecium	ge_100x	false	12	0	0.7272727272727273	0.7272727272727273	0.7600160144229514	0.3367781134262019	high
v1.2-General	SAMN30692055	69	FN	12582	Enterococcus faecium	ge_100x	false	12	0	0.8181818181818182	0.8181818181818182	0.8488630723085183	0.8891960394183239	high
v1.2-General	SAMN30692055	71	FN	12342	Enterococcus faecium	ge_100x	false	12	0	0.6363636363636364	0.6363636363636364	0.7593012364223598	0.3367781134262019	high
v1.2-General	SAMN30692055	72	FN	12297	Enterococcus faecium	ge_100x	false	12	0	0.7272727272727273	0.7272727272727273	0.6552428571517904	0.17681425445141016	high
v1.2-General	SAMN30692055	77	FN	10625	Enterococcus faecium	ge_100x	false	12	0	0.7	0.7	0.9220564628012747	0.4733174558453106	high
v1.2-General	SAMN30692055	92	FN	5880	Enterococcus faecium	ge_100x	false	12	0	0.8181818181818182	0.8181818181818182	0.8488630723085183	0.8838378924585432	high
v1.2-General	SAMN30692055	99	FN	5130	Enterococcus faecium	ge_100x	false	12	0	0.7	0.7	0.9220564628012747	0.4708702870373008	high
v1.2-General	SAMN30692055	101	FN	4814	Enterococcus faecium	ge_100x	false	12	0	0.8181818181818182	0.8181818181818182	0.8488630723085183	0.8838378924585432	high
v1.2-General	SAMN30692055	110	FN	3404	Enterococcus faecium	ge_100x	false	12	0	0.8	0.8	0.919752115213786	0.5434800287647049	high
v1.2-General	SAMN30692055	114	FN	2451	Enterococcus faecium	ge_100x	false	12	0	0.7	0.7	0.9220564628012747	0.39535609108588676	high
v1.2-General	SAMN30692055	121	FN	1936	Enterococcus faecium	ge_100x	false	12	0	0.6363636363636364	0.6363636363636364	0.8252686979418431	0.2860713470850552	high
v1.2-General	SAMN30692055	122	FN	1918	Enterococcus faecium	ge_100x	true	12	0	0.6363636363636364	0.6363636363636364	0.8252686979418431	0.2860713470850552	high
v1.2-General	SAMN30692055	130	FN	1489	Enterococcus faecium	ge_100x	false	12	0	0.6363636363636364	0.6363636363636364	0.7593012364223598	0.33259585840684597	high
v1.2-General	SAMN30692055	139	FN	1203	Enterococcus faecium	ge_100x	false	12	0	0.7272727272727273	0.7272727272727273	0.8483601213458016	0.7795423071588461	high
v1.2-General	SAMN30692055	145	FN	1033	Enterococcus faecium	ge_100x	false	12	0	0.7272727272727273	0.7272727272727273	0.8933479043144746	0.7185643831472348	high
v1.2-General	SAMN30974101	35	FN	40390	Citrobacter spp.	50_to_75x	false	12	0	0.6666666666666666	0.6666666666666666	0.7495178318541625	0.9309956562058861	high
v1.2-General	SAMN30974101	45	FP	19234	Citrobacter spp.	50_to_75x	false	12	0	0.8181818181818182	0.8181818181818182	0.9699349148543481	0.7629315222701262	high
v1.2-General	SAMN30974101	65	FN	2049	Citrobacter spp.	50_to_75x	false	12	0	0.36363636363636365	0.6363636363636364	0.8734310285597717	0.46026137020240754	high
v1.2-General	SAMN30974101	66	FN	1977	Citrobacter spp.	50_to_75x	true	12	0	0.5833333333333334	0.5833333333333334	0.9123720989070611	0.5490401813251921	high
v1.2-General	SAMN30974103	49	FN	38377	Serratia spp.	50_to_75x	false	12	0	0.75	0.75	0.9137413354205492	0.9445163902012654	high
v1.2-General	SAMN30974103	66	FP	17040	Serratia spp.	50_to_75x	false	12	0	0.75	0.75	0.937435332346856	0.9637964161022423	high
v1.2-General	SAMN30974103	72	FN	10838	Serratia spp.	50_to_75x	false	12	0	0.6666666666666666	0.6666666666666666	0.9110606383483703	0.9356675065586305	high
v1.2-General	SAMN30974103	87	FN	5043	Serratia spp.	50_to_75x	false	12	0	0.75	0.75	0.7849934510745252	0.9518024214591766	high
v1.2-General	SAMN32542113	60	FN	1035	Klebsiella pneumoniae	ge_100x	false	12	0	0.5833333333333334	0.5833333333333334	0.4710706068364848	0.7582290435300889	high
v1.2-General	SAMN32676082	45	FN	13499	Klebsiella pneumoniae	75_to_100x	false	12	0	0.75	0.75	0.7944342199327958	0.5298907955394615	high
v1.2-General	SAMN33741209	25	FN	3007	Enterococcus faecalis	ge_100x	false	12	0	0.8	0.8	0.9056454774147001	0.5257659133761657	high
v1.2-General	SAMN33741222	16	FN	42823	Enterococcus faecalis	ge_100x	false	12	0	0.8181818181818182	0.8181818181818182	0.8488630723085183	0.7231610877649784	high
v1.2-General	SAMN33741222	26	FP	11043	Enterococcus faecalis	ge_100x	true	12	0	0.8333333333333334	0.8333333333333334	0.9929919758226197	0.4480568800626814	high
v1.2-General	SAMN33741222	31	FN	5330	Enterococcus faecalis	ge_100x	false	12	0	0.8	0.8	0.8070027099899361	0.3776762572083569	high
v1.2-General	SAMN33741222	35	FN	2368	Enterococcus faecalis	ge_100x	true	12	0	0.5454545454545454	0.5454545454545454	0.3935474404745652	0.16349611054316232	high
v1.2-General	SAMN35638176	11	FN	7895	Enterococcus faecalis	75_to_100x	true	12	0	0.3	0.7	0.914941712958847	0.015962649429343542	high
v1.2-General	SAMN35638176	14	FN	2020	Enterococcus faecalis	75_to_100x	true	12	0	0.6363636363636364	0.6363636363636364	0.6194629902269139	0.7410933417664173	high
v1.2-General	SAMN35638176	18	FN	1145	Enterococcus faecalis	75_to_100x	true	12	0	0.5454545454545454	0.5454545454545454	0.805956691201089	0.773628010698162	high
v1.2-General	SAMN35676739	8	FN	128395	Serratia spp.	ge_100x	false	12	0	0.6666666666666666	0.6666666666666666	0.666508408198521	0.7002111517726651	high
v1.2-General	SAMN35677795	58	FN	21732	Enterobacter spp.	ge_100x	false	12	0	0.75	0.75	0.7849934510745252	0.9699797632726931	high
v1.2-General	SAMN35677795	80	FN	6420	Enterobacter spp.	ge_100x	false	12	0	0.2727272727272727	0.7272727272727273	0.018607837374030035	0.004896803405353889	high
v1.2-General	SAMN35677795	89	FN	4838	Enterobacter spp.	ge_100x	false	12	0	0.2727272727272727	0.7272727272727273	0.7439602219814591	0.015496791397751931	high
v1.2-General	SAMN35677795	95	FN	3070	Enterobacter spp.	ge_100x	false	12	0	0.18181818181818182	0.8181818181818182	0.21024831444111577	0.003567057646359496	high
v1.2-General	SAMN35677795	98	FN	2669	Enterobacter spp.	ge_100x	false	12	0	0.18181818181818182	0.8181818181818182	0.0017342000604144909	0.0010167144777064698	high
v1.2-General	SAMN36766197	31	FN	28629	Enterococcus faecium	50_to_75x	false	12	0	0.7272727272727273	0.7272727272727273	0.7600160144229514	0.21722251223349912	high
v1.2-General	SAMN36766197	40	FN	25518	Enterococcus faecium	50_to_75x	false	12	0	0.8	0.8	0.919752115213786	0.5245816483489983	high
v1.2-General	SAMN36766197	70	FN	10764	Enterococcus faecium	50_to_75x	false	12	0	0.7272727272727273	0.7272727272727273	0.7600160144229514	0.1881598696206352	high
v1.2-General	SAMN36766197	74	FN	9836	Enterococcus faecium	50_to_75x	false	12	0	0.8181818181818182	0.8181818181818182	0.8488630723085183	0.7764263353535326	high
v1.2-General	SAMN36766197	79	FN	8948	Enterococcus faecium	50_to_75x	false	12	0	0.6363636363636364	0.6363636363636364	0.7593012364223598	0.1836003965822594	high
v1.2-General	SAMN36766197	89	FN	6114	Enterococcus faecium	50_to_75x	false	12	0	0.8181818181818182	0.8181818181818182	0.8488630723085183	0.7764263353535326	high
v1.2-General	SAMN36766197	94	FN	5236	Enterococcus faecium	50_to_75x	false	12	0	0.7272727272727273	0.7272727272727273	0.7600160144229514	0.18666450884535918	high
v1.2-General	SAMN36766197	99	FN	5122	Enterococcus faecium	50_to_75x	false	12	0	0.5833333333333334	0.5833333333333334	0.32629355132464394	0.053507038117105304	high
v1.2-General	SAMN36766197	107	FN	4377	Enterococcus faecium	50_to_75x	false	12	0	0.7272727272727273	0.7272727272727273	0.8175024816909233	0.25328197883794457	high
v1.2-General	SAMN36766197	109	FN	4299	Enterococcus faecium	50_to_75x	false	12	0	0.6363636363636364	0.6363636363636364	0.7593012364223598	0.18666450884535918	high
v1.2-General	SAMN36766197	114	FN	3830	Enterococcus faecium	50_to_75x	false	12	0	0.8181818181818182	0.8181818181818182	0.8488630723085183	0.7764263353535326	high
v1.2-General	SAMN36766197	118	FN	3404	Enterococcus faecium	50_to_75x	false	12	0	0.8	0.8	0.919752115213786	0.39262047499291447	high
v1.2-General	SAMN36766197	132	FN	2273	Enterococcus faecium	50_to_75x	false	12	0	0.7272727272727273	0.7272727272727273	0.8483601213458016	0.598450276157751	high
v1.2-General	SAMN36766197	133	FN	2231	Enterococcus faecium	50_to_75x	false	12	0	0.7	0.7	0.9220564628012747	0.24524235604480701	high
v1.2-General	SAMN36766197	137	FN	2012	Enterococcus faecium	50_to_75x	false	12	0	0.7777777777777778	0.7777777777777778	0.8290234405911397	0.7570904861443536	high
v1.2-General	SAMN36766197	140	FN	1994	Enterococcus faecium	50_to_75x	false	12	0	0.6363636363636364	0.6363636363636364	0.7593012364223598	0.17358111728877867	high
v1.2-General	SAMN36766197	155	FN	1354	Enterococcus faecium	50_to_75x	false	12	0	0.7777777777777778	0.7777777777777778	0.8290234405911397	0.7714393940428929	high
v1.2-General	SAMN36766197	164	FN	1020	Enterococcus faecium	50_to_75x	false	12	0	0.5555555555555556	0.5555555555555556	0.39711832664819946	0.2058450513049927	high
v1.2-General	SAMN36766202	19	FN	39614	Enterococcus faecium	ge_100x	false	12	0	0.8181818181818182	0.8181818181818182	0.8488630723085183	0.8839714852025061	high
v1.2-General	SAMN36766202	67	FN	13349	Enterococcus faecium	ge_100x	false	12	0	0.8181818181818182	0.8181818181818182	0.8488630723085183	0.8142407572231117	high
v1.2-General	SAMN36766202	75	FN	10762	Enterococcus faecium	ge_100x	false	12	0	0.8181818181818182	0.8181818181818182	0.8488630723085183	0.8142407572231117	high
v1.2-General	SAMN36766202	76	FN	10667	Enterococcus faecium	ge_100x	false	12	0	0.6363636363636364	0.6363636363636364	0.7593012364223598	0.21713587055315453	high
v1.2-General	SAMN36766202	82	FN	8818	Enterococcus faecium	ge_100x	false	12	0	0.6363636363636364	0.6363636363636364	0.7593012364223598	0.21205765797758466	high
v1.2-General	SAMN36766202	85	FN	8297	Enterococcus faecium	ge_100x	false	12	0	0.7272727272727273	0.7272727272727273	0.8483601213458016	0.6722004853130973	high
v1.2-General	SAMN36766202	94	FN	6376	Enterococcus faecium	ge_100x	false	12	0	0.8181818181818182	0.8181818181818182	0.8488630723085183	0.8060485981083086	high
v1.2-General	SAMN36766202	98	FN	5956	Enterococcus faecium	ge_100x	true	12	0	0.75	0.75	0.8453536497494889	0.8502899658935983	high
v1.2-General	SAMN36766202	103	FN	5247	Enterococcus faecium	ge_100x	false	12	0	0.8	0.8	0.8070027099899361	0.8852810444904868	high
v1.2-General	SAMN36766202	108	FP	4809	Enterococcus faecium	ge_100x	true	12	0	0.9090909090909091	0.9090909090909091	0.9993203294198868	0.707535298518734	high
v1.2-General	SAMN36766202	109	FN	4427	Enterococcus faecium	ge_100x	false	12	0	0.6666666666666666	0.6666666666666666	0.9110606383483703	0.33151686333837227	high
v1.2-General	SAMN36766202	111	FN	4312	Enterococcus faecium	ge_100x	false	12	0	0.8	0.8	0.919752115213786	0.5339328881322516	high
v1.2-General	SAMN36766202	113	FN	4202	Enterococcus faecium	ge_100x	false	12	0	0.8181818181818182	0.8181818181818182	0.8881976497022714	0.8328821167236976	high
v1.2-General	SAMN36766202	116	FN	4036	Enterococcus faecium	ge_100x	false	12	0	0.7272727272727273	0.7272727272727273	0.8483601213458016	0.6722004853130973	high
v1.2-General	SAMN36766202	121	FN	3404	Enterococcus faecium	ge_100x	false	12	0	0.8	0.8	0.919752115213786	0.4361665327127485	high
v1.2-General	SAMN36766202	132	FN	2481	Enterococcus faecium	ge_100x	false	12	0	0.7272727272727273	0.7272727272727273	0.8483601213458016	0.6722004853130973	high
v1.2-General	SAMN36766202	137	FN	2037	Enterococcus faecium	ge_100x	false	12	0	0.6363636363636364	0.6363636363636364	0.8252686979418431	0.21442826583797642	high
v1.2-General	SAMN36766202	138	FN	2007	Enterococcus faecium	ge_100x	false	12	0	0.6	0.6	0.9277141959014522	0.27997730877448457	high
v1.2-General	SAMN36766202	146	FN	1610	Enterococcus faecium	ge_100x	false	12	0	0.7	0.7	0.9220564628012747	0.2963142692994298	high
v1.2-General	SAMN36766202	156	FN	1354	Enterococcus faecium	ge_100x	false	12	0	0.8	0.8	0.9056454774147001	0.8438211798287509	high
v1.2-General	SAMN36766202	157	FN	1344	Enterococcus faecium	ge_100x	false	12	0	0.6363636363636364	0.6363636363636364	0.5350721749515018	0.6588672998537486	high
v1.2-General	SAMN36766202	168	FN	1072	Enterococcus faecium	ge_100x	false	12	0	0.7272727272727273	0.7272727272727273	0.8483601213458016	0.6588672998537486	high
v1.2-General	SAMN36766202	175	FN	1028	Enterococcus faecium	ge_100x	false	12	0	0.7	0.7	0.6716956763018966	0.7272187239936514	high
v1.2-General	SAMN36766205	39	FN	27762	Enterococcus faecium	50_to_75x	false	12	0	0.8181818181818182	0.8181818181818182	0.8488630723085183	0.9331016215238109	high
v1.2-General	SAMN36766205	44	FN	25173	Enterococcus faecium	50_to_75x	false	12	0	0.8181818181818182	0.8181818181818182	0.8937203351298281	0.960274047662727	high
v1.2-General	SAMN36766205	51	FN	17557	Enterococcus faecium	50_to_75x	false	12	0	0.6666666666666666	0.6666666666666666	0.7840650748740505	0.12724109964392877	high
v1.2-General	SAMN36766205	68	FN	10497	Enterococcus faecium	50_to_75x	true	12	0	0.5833333333333334	0.5833333333333334	0.7431680099185886	0.6149550247755935	high
v1.2-General	SAMN36766205	89	FN	5284	Enterococcus faecium	50_to_75x	false	12	0	0.6363636363636364	0.6363636363636364	0.8242539482520607	0.38449475944282185	high
v1.2-General	SAMN36766205	96	FP	4415	Enterococcus faecium	50_to_75x	true	12	0	0.9166666666666666	0.9166666666666666	0.9931544050611385	0.9783032538756922	high
v1.2-General	SAMN36766205	99	FN	3556	Enterococcus faecium	50_to_75x	false	12	0	0.9	0.9	0.9029070398528599	0.8882643481641083	high
v1.2-General	SAMN36766205	112	FN	2303	Enterococcus faecium	50_to_75x	true	12	0	0.6666666666666666	0.6666666666666666	0.8251901391048131	0.7176803483745396	high
v1.2-General	SAMN36766205	141	FN	1114	Enterococcus faecium	50_to_75x	false	12	0	0.6363636363636364	0.6363636363636364	0.7593012364223598	0.33259585840684597	high
v1.2-General	SAMN36766227	26	FN	26835	Klebsiella pneumoniae	30_to_50x	false	12	0	0.8333333333333334	0.8333333333333334	0.8727648359652314	0.8181182605480358	high
v1.2-General	SAMN36766227	34	FN	7560	Klebsiella pneumoniae	30_to_50x	false	12	0	0.6666666666666666	0.6666666666666666	0.7889023520731259	0.27154662691389203	high
v1.2-General	SAMN36766227	42	FN	2341	Klebsiella pneumoniae	30_to_50x	false	12	0	0.6666666666666666	0.6666666666666666	0.7792781134159518	0.1939396337091484	high
v1.2-General	SAMN36766227	47	FN	1648	Klebsiella pneumoniae	30_to_50x	false	12	0	0.6666666666666666	0.6666666666666666	0.7792781134159518	0.27655626292211755	high
v1.2-General	SAMN36766227	50	FN	1419	Klebsiella pneumoniae	30_to_50x	false	12	0	0.7272727272727273	0.7272727272727273	0.8705147387133599	0.8356813440455678	high
v1.2-General	SAMN36766227	51	FN	1399	Klebsiella pneumoniae	30_to_50x	false	12	0	0.7272727272727273	0.7272727272727273	0.8705147387133599	0.8356813440455678	high
v1.2-General	SAMN36766227	52	FN	1380	Klebsiella pneumoniae	30_to_50x	false	12	0	0.7272727272727273	0.7272727272727273	0.8178592258974834	0.47101359190030195	high
v1.2-General	SAMN36766227	58	FN	1108	Klebsiella pneumoniae	30_to_50x	false	12	0	0.7	0.7	0.5774360994936356	0.27103798336912943	high
v1.2-General	SAMN37639060	40	FN	8406	Enterococcus faecalis	ge_100x	false	11	1	0.9	0.9	0.836016931435885	0.31899566177752153	high
v1.2-General	SAMN37639060	45	FN	5508	Enterococcus faecalis	ge_100x	true	11	1	0.8181818181818182	0.8181818181818182	0.8395815054723568	0.8525206942225872	high
v1.2-General	SAMN37639060	47	FN	4885	Enterococcus faecalis	ge_100x	false	11	1	0.3	0.7	0.7981520021679929	0.0036996720151891934	high
v1.2-General	SAMN37639060	54	FN	2402	Enterococcus faecalis	ge_100x	false	11	1	0.7	0.7	0.8130394953315193	0.5562807067030688	high
v1.2-General	SAMN37639060	56	FN	1918	Enterococcus faecalis	ge_100x	true	11	1	0.7	0.7	0.6133816695249825	0.40780504296276365	high
v1.2-General	SAMN37639060	58	FN	1794	Enterococcus faecalis	ge_100x	false	11	1	0.8	0.8	0.8815586597602247	0.57713902180708	high
v1.2-General	SAMN37639060	63	FN	1549	Enterococcus faecalis	ge_100x	false	11	1	0.7	0.7	0.6133816695249825	0.44958839712131315	high
v1.2-General	SAMN37639060	64	FN	1536	Enterococcus faecalis	ge_100x	false	11	1	0.4444444444444444	0.5555555555555556	0.704270951856979	0.24827962784802018	high
v1.2-General	SAMN37639060	70	FN	1060	Enterococcus faecalis	ge_100x	false	11	1	0.8	0.8	0.8815586597602247	0.6698972471673545	high
v1.2-General	SAMN38203345	11	FN	9581	Enterococcus faecalis	ge_100x	false	12	0	0.45454545454545453	0.5454545454545454	0.04391113282900423	0.42337438453622794	high
v1.2-General	SAMN38203345	12	FN	4529	Enterococcus faecalis	ge_100x	false	12	0	0.6363636363636364	0.6363636363636364	0.8242539482520607	0.8610650390222534	high
v1.2-General	SAMN38203345	13	FN	2638	Enterococcus faecalis	ge_100x	false	12	0	0.6363636363636364	0.6363636363636364	0.8242539482520607	0.8062433412651167	high
v1.2-General	SAMN38673182	9	FN	68248	Enterococcus faecalis	ge_100x	true	12	0	0.75	0.75	0.8701194241485019	0.8529624972050981	high
v1.2-General	SAMN38999337	16	FN	54785	Enterococcus faecium	ge_100x	true	12	0	0.7	0.7	0.6977069436403512	0.9128729992525975	high
v1.2-General	SAMN38999337	20	FN	25386	Enterococcus faecium	ge_100x	false	12	0	0.7272727272727273	0.7272727272727273	0.5218803117744132	0.9481896803496421	high
v1.2-General	SAMN38999337	21	FN	23466	Enterococcus faecium	ge_100x	false	12	0	0.7272727272727273	0.7272727272727273	0.7600160144229514	0.8853380522776025	high
v1.2-General	SAMN38999337	23	FN	20118	Enterococcus faecium	ge_100x	false	12	0	0.8	0.8	0.7979923847373591	0.9526255612238385	high
v1.2-General	SAMN38999337	25	FN	12857	Enterococcus faecium	ge_100x	false	12	0	0.7272727272727273	0.7272727272727273	0.5218803117744132	0.8487547271735166	high
v1.2-General	SAMN38999337	26	FN	10493	Enterococcus faecium	ge_100x	false	12	0	0.5454545454545454	0.5454545454545454	0.11238132725857243	0.6788162609187567	high
v1.2-General	SAMN38999337	31	FN	7498	Enterococcus faecium	ge_100x	false	12	0	0.7272727272727273	0.7272727272727273	0.8175024816909233	0.9228943807059237	high
v1.2-General	SAMN38999337	32	FN	5098	Enterococcus faecium	ge_100x	false	12	0	0.6363636363636364	0.6363636363636364	0.6194629902269139	0.8771723016657909	high
v1.2-General	SAMN38999337	33	FN	4838	Enterococcus faecium	ge_100x	false	12	0	0.8181818181818182	0.8181818181818182	0.8488630723085183	0.8115833484468905	high
v1.2-General	SAMN38999337	34	FN	4071	Enterococcus faecium	ge_100x	true	12	0	0.8181818181818182	0.8181818181818182	0.8937203351298281	0.8807346719165097	high
v1.2-General	SAMN38999337	37	FN	2651	Enterococcus faecium	ge_100x	false	12	0	0.7272727272727273	0.7272727272727273	0.887808295433477	0.8391628961343501	high
v1.2-General	SAMN38999337	41	FN	2117	Enterococcus faecium	ge_100x	false	12	0	0.6363636363636364	0.6363636363636364	0.5350721749515018	0.6622190741112365	high
v1.2-General	SAMN38999337	45	FN	1557	Enterococcus faecium	ge_100x	false	12	0	0.45454545454545453	0.5454545454545454	0.060355655881452516	0.5301571964108186	high
v1.2-General	SAMN38999337	47	FN	1122	Enterococcus faecium	ge_100x	false	12	0	0.5454545454545454	0.5454545454545454	0.8236861132887235	0.8295964712595872	high
v1.2-General	SAMN38999338	66	FN	9167	Enterococcus faecium	ge_100x	false	12	0	0.7	0.7	0.9220564628012747	0.4658127985726866	high
v1.2-General	SAMN38999338	80	FN	6137	Enterococcus faecium	ge_100x	false	12	0	0.75	0.75	0.868993273587535	0.6404776384206534	high
v1.2-General	SAMN38999338	96	FN	4374	Enterococcus faecium	ge_100x	false	12	0	0.7272727272727273	0.7272727272727273	0.8175024816909233	0.38449475944282185	high
v1.2-General	SAMN38999338	105	FN	2888	Enterococcus faecium	ge_100x	false	12	0	0.9	0.9	0.9029070398528599	0.8842937472673933	high
v1.2-General	SAMN38999338	114	FN	2166	Enterococcus faecium	ge_100x	false	12	0	0.7	0.7	0.9220564628012747	0.37437835809768205	high
v1.2-General	SAMN38999338	130	FN	1251	Enterococcus faecium	ge_100x	false	12	0	0.7272727272727273	0.7272727272727273	0.8933479043144746	0.7185643831472348	high
v1.2-General	SAMN38999338	132	FN	1236	Enterococcus faecium	ge_100x	false	12	0	0.6	0.6	0.5445001804891717	0.2978075783239762	high
v1.2-General	SAMN38999338	134	FN	1224	Enterococcus faecium	ge_100x	false	12	0	0.7272727272727273	0.7272727272727273	0.8933479043144746	0.7185643831472348	high
v1.2-General	SAMN39551827	20	FN	4603	Enterobacter spp.	ge_100x	false	11	1	0.6363636363636364	0.6363636363636364	0.8646029633938349	0.9551070048013129	high
v1.2-General	SAMN39551827	24	FN	1101	Enterobacter spp.	ge_100x	false	11	1	0.36363636363636365	0.6363636363636364	0.8642600631251203	0.8763283499132213	high
v1.2-General	SAMN39551827	25	FN	1018	Enterobacter spp.	ge_100x	false	11	1	0.36363636363636365	0.6363636363636364	0.8642600631251203	0.8763283499132213	high
v1.2-General	SAMN39551827	26	FN	1014	Enterobacter spp.	ge_100x	false	11	1	0.2727272727272727	0.7272727272727273	0.5705522725490784	0.06380591921904662	high
v1.2-General	SAMN39551832	57	FP	9898	Enterobacter spp.	ge_100x	true	12	0	0.8333333333333334	0.8333333333333334	0.9508635198395291	0.4934477072496227	high
v1.2-General	SAMN39551832	62	FP	3445	Enterobacter spp.	ge_100x	true	12	0	0.9	0.9	0.9402787710327908	0.7009768929351978	high
v1.2-General	SAMN39551832	64	FP	2865	Enterobacter spp.	ge_100x	false	12	0	0.75	0.75	0.9492724375550261	0.42038277556513487	high
v1.2-General	SAMN39551833	17	FN	5517	Enterobacter spp.	ge_100x	false	12	0	0.75	0.75	0.9137413354205492	0.8418839094090115	high
v1.2-General	SAMN39551839	49	FN	20959	Enterobacter spp.	ge_100x	false	12	0	0.75	0.75	0.7849934510745252	0.976353487061496	high
v1.2-General	SAMN39551839	55	FN	16323	Enterobacter spp.	ge_100x	false	12	0	0.6666666666666666	0.6666666666666666	0.7889023520731259	0.966888588543152	high
v1.2-General	SAMN39551839	60	FN	11758	Enterobacter spp.	ge_100x	false	12	0	0.6666666666666666	0.6666666666666666	0.7276803953935368	0.8727633262738607	high
v1.2-General	SAMN39551839	62	FN	8876	Enterobacter spp.	ge_100x	false	12	0	0.6363636363636364	0.6363636363636364	0.6093969934462551	0.957851759774846	high
v1.2-General	SAMN39551839	63	FN	8747	Enterobacter spp.	ge_100x	false	12	0	0.75	0.75	0.9137413354205492	0.9324135752714592	high
v1.2-General	SAMN39551839	65	FN	8373	Enterobacter spp.	ge_100x	false	12	0	0.3333333333333333	0.6666666666666666	0.7362779683315532	0.844962454110034	high
v1.2-General	SAMN39551839	75	FN	3270	Enterobacter spp.	ge_100x	false	12	0	0.75	0.75	0.7896899118601343	0.68262118358818	high
v1.2-General	SAMN39551839	77	FN	2770	Enterobacter spp.	ge_100x	false	12	0	0.4166666666666667	0.5833333333333334	0.8800141858960508	0.8653589818331037	high
v1.2-General	SAMN39551839	91	FN	1242	Enterobacter spp.	ge_100x	false	12	0	0.7	0.7	0.9047139508530975	0.9473913944464033	high
v1.2-General	SAMN39551839	96	FN	1176	Enterobacter spp.	ge_100x	false	12	0	0.7	0.7	0.7759819264665878	0.9782644157141216	high
v1.2-General	SAMN39551862	54	FN	6556	Enterobacter spp.	ge_100x	false	12	0	0.75	0.75	0.7944342199327958	0.4084626164806429	high
v1.2-General	SAMN39551862	57	FN	4265	Enterobacter spp.	ge_100x	false	12	0	0.08333333333333333	0.9166666666666666	0.0023477360266118638	0.0003976366672270445	high
v1.2-General	SAMN39551862	60	FN	3460	Enterobacter spp.	ge_100x	false	12	0	0.6666666666666666	0.6666666666666666	0.666508408198521	0.595683452148735	high
v1.2-General	SAMN39551862	61	FN	2914	Enterobacter spp.	ge_100x	false	12	0	0.75	0.75	0.7849934510745252	0.38823890534135064	high
v1.2-General	SAMN39551862	64	FN	2495	Enterobacter spp.	ge_100x	false	12	0	0.08333333333333333	0.9166666666666666	0.0023477360266118638	0.0003976366672270445	high
v1.2-General	SAMN39551862	69	FN	1338	Enterobacter spp.	ge_100x	false	12	0	0.7272727272727273	0.7272727272727273	0.8178592258974834	0.6225508568614073	high
v1.2-General	SAMN39634308	37	FN	9527	Enterococcus faecalis	ge_100x	false	12	0	0.7272727272727273	0.7272727272727273	0.8175024816909233	0.5385490394182119	high
v1.2-General	SAMN39634308	39	FP	7448	Enterococcus faecalis	ge_100x	true	12	0	0.9166666666666666	0.9166666666666666	0.9986702433695193	0.5540356185773251	high
v1.2-General	SAMN39634308	42	FP	6364	Enterococcus faecalis	ge_100x	false	12	0	0.7	0.7	0.932582079750544	0.4499840403989887	high
v1.2-General	SAMN39634308	47	FN	3935	Enterococcus faecalis	ge_100x	false	12	0	0.9	0.9	0.9029070398528599	0.4832377082605236	high
v1.2-General	SAMN39634308	48	FN	3911	Enterococcus faecalis	ge_100x	false	12	0	0.6363636363636364	0.6363636363636364	0.5924523728855021	0.2894745137427261	high
v1.2-General	SAMN39634308	50	FN	2877	Enterococcus faecalis	ge_100x	false	12	0	0.8181818181818182	0.8181818181818182	0.8488630723085183	0.20325600300868835	high
v1.2-General	SAMN39634308	52	FN	2461	Enterococcus faecalis	ge_100x	false	12	0	0.7272727272727273	0.7272727272727273	0.8483601213458016	0.13245312679103832	high
v1.2-General	SAMN39634308	53	FN	1918	Enterococcus faecalis	ge_100x	true	12	0	0.5454545454545454	0.5454545454545454	0.1827815051923714	0.11861535707623845	high
v1.2-General	SAMN39634310	4	FN	181156	Enterococcus faecalis	ge_100x	false	12	0	0.08333333333333333	0.9166666666666666	0.0008875923849391506	0.0003417903337840612	high
v1.2-General	SAMN39634310	10	FN	120360	Enterococcus faecalis	ge_100x	false	12	0	0.2727272727272727	0.7272727272727273	0.0017488125703686084	0.001970205892693217	high
v1.2-General	SAMN39634310	11	FN	103366	Enterococcus faecalis	ge_100x	false	12	0	0.0	1.0	0.0005025181506132203	0.0003417903337840612	high
v1.2-General	SAMN39634310	14	FN	98898	Enterococcus faecalis	ge_100x	false	12	0	0.0	1.0	0.0005025181506132203	0.0003417903337840612	high
v1.2-General	SAMN39634310	17	FN	71276	Enterococcus faecalis	ge_100x	false	12	0	0.8	0.8	0.919752115213786	0.922237922862156	high
v1.2-General	SAMN39634310	20	FN	42784	Enterococcus faecalis	ge_100x	false	12	0	0.0	1.0	0.004013241517556705	0.001758677318658165	high
v1.2-General	SAMN39634310	23	FN	26960	Enterococcus faecalis	ge_100x	false	12	0	0.8181818181818182	0.8181818181818182	0.8488630723085183	0.9591095049131195	high
v1.2-General	SAMN39634310	25	FN	26531	Enterococcus faecalis	ge_100x	false	12	0	0.09090909090909091	0.9090909090909091	0.018944664021705894	0.002487911699179033	high
v1.2-General	SAMN39634310	26	FN	25735	Enterococcus faecalis	ge_100x	false	12	0	0.45454545454545453	0.5454545454545454	0.027430054711151987	0.78501287180964	high
v1.2-General	SAMN39634310	27	FN	22449	Enterococcus faecalis	ge_100x	false	12	0	0.0	1.0	0.004013241517556705	0.00187787284264091	high
v1.2-General	SAMN39634310	30	FN	15356	Enterococcus faecalis	ge_100x	false	12	0	0.09090909090909091	0.9090909090909091	0.05262730758006551	0.004431971344582929	high
v1.2-General	SAMN39634310	31	FN	12405	Enterococcus faecalis	ge_100x	false	12	0	0.09090909090909091	0.9090909090909091	0.018944664021705894	0.0032817325230362865	high
v1.2-General	SAMN39634310	32	FN	11125	Enterococcus faecalis	ge_100x	false	12	0	0.36363636363636365	0.6363636363636364	0.0033203465540687076	0.3180228524939811	high
v1.2-General	SAMN39634310	33	FN	10808	Enterococcus faecalis	ge_100x	false	12	0	0.5	0.5	0.3367783791382501	0.6324580124027566	high
v1.2-General	SAMN39634310	34	FN	10636	Enterococcus faecalis	ge_100x	false	12	0	0.7272727272727273	0.7272727272727273	0.8483601213458016	0.8487547271735166	high
v1.2-General	SAMN39634310	36	FN	7825	Enterococcus faecalis	ge_100x	false	12	0	0.08333333333333333	0.9166666666666666	0.01874023391234934	0.0037887513698301057	high
v1.2-General	SAMN39634310	38	FN	5407	Enterococcus faecalis	ge_100x	false	12	0	0.08333333333333333	0.9166666666666666	0.01874023391234934	0.0037887513698301057	high
v1.2-General	SAMN39634310	40	FN	4961	Enterococcus faecalis	ge_100x	false	12	0	0.8	0.8	0.7979923847373591	0.8420733450499406	high
v1.2-General	SAMN39634310	41	FN	3721	Enterococcus faecalis	ge_100x	false	12	0	0.0	1.0	0.019011907462895737	0.002618643692293967	high
v1.2-General	SAMN39888444	11	FN	63313	Enterococcus faecalis	ge_100x	false	11	1	0.8	0.8	0.7486629953529299	0.8418935125306549	high
v1.2-General	SAMN39888444	12	FN	46423	Enterococcus faecalis	ge_100x	false	11	1	0.7	0.7	0.37493867099893713	0.8095266709725519	high
v1.2-General	SAMN39888444	21	FP	3710	Enterococcus faecalis	ge_100x	false	11	1	1.0	1.0	0.9728332078463173	0.7860396246796849	high
v1.2-General	SAMN39888444	24	FP	2238	Enterococcus faecalis	ge_100x	true	11	1	0.8	0.8	0.9557425076485256	0.8619764926971741	high
v1.2-General	SAMN39939912	15	FN	7625	Enterococcus faecalis	ge_100x	true	12	0	0.7272727272727273	0.7272727272727273	0.85466062100911	0.6439740107630815	high
v1.2-General	SAMN39939912	16	FN	3910	Enterococcus faecalis	ge_100x	false	12	0	0.6363636363636364	0.6363636363636364	0.5350721749515018	0.6439740107630815	high
v1.2-General	SAMN40123770	42	FN	13565	Klebsiella pneumoniae	ge_100x	false	12	0	0.75	0.75	0.8453536497494889	0.9288100866079247	high
v1.2-General	SAMN40123770	48	FN	10094	Klebsiella pneumoniae	ge_100x	false	12	0	0.3333333333333333	0.6666666666666666	0.6909218837525446	0.6227489337208495	high
v1.2-General	SAMN40123770	56	FN	4924	Klebsiella pneumoniae	ge_100x	false	12	0	0.6666666666666666	0.6666666666666666	0.7495178318541625	0.9212024086075086	high
v1.2-General	SAMN40123770	58	FN	2758	Klebsiella pneumoniae	ge_100x	false	12	0	0.8181818181818182	0.8181818181818182	0.870955385716696	0.8765057495534319	high
v1.2-General	SAMN40123770	74	FN	1100	Klebsiella pneumoniae	ge_100x	false	12	0	0.5454545454545454	0.5454545454545454	0.18483783893615535	0.8645062171491219	high
v1.2-General	SAMN40323370	11	FN	57972	Enterococcus faecalis	ge_100x	false	11	1	0.7	0.7	0.37493867099893713	0.4490389199737038	high
v1.2-General	SAMN40323370	25	FN	4146	Enterococcus faecalis	ge_100x	true	11	1	0.9	0.9	0.8841666413000097	0.501868996938223	high
v1.2-General	SAMN40323371	28	FN	32597	Enterococcus faecium	50_to_75x	false	12	0	0.6	0.6	0.71603894108483	0.9138675447821764	high
v1.2-General	SAMN40323371	33	FN	23184	Enterococcus faecium	50_to_75x	true	12	0	0.8333333333333334	0.8333333333333334	0.8727648359652314	0.9877167576309903	high
v1.2-General	SAMN40323371	44	FN	12799	Enterococcus faecium	50_to_75x	false	12	0	0.6363636363636364	0.6363636363636364	0.22095549681520935	0.9428775322257009	high
v1.2-General	SAMN40323371	57	FN	7118	Enterococcus faecium	50_to_75x	false	12	0	0.5	0.5	0.13516633235692813	0.8690989608022368	high
v1.2-General	SAMN40323371	66	FN	4056	Enterococcus faecium	50_to_75x	true	12	0	0.8181818181818182	0.8181818181818182	0.8937203351298281	0.9757102422213223	high
v1.2-General	SAMN40323371	68	FN	3661	Enterococcus faecium	50_to_75x	false	12	0	0.7272727272727273	0.7272727272727273	0.8760331721200042	0.863660580203619	high
v1.2-General	SAMN40323371	69	FN	3486	Enterococcus faecium	50_to_75x	false	12	0	0.6363636363636364	0.6363636363636364	0.8252686979418431	0.9033739599699832	high
v1.2-General	SAMN40323371	79	FN	1733	Enterococcus faecium	50_to_75x	false	12	0	0.6363636363636364	0.6363636363636364	0.47957140434164397	0.8949049034497977	high
v1.2-General	SAMN40323371	80	FN	1609	Enterococcus faecium	50_to_75x	false	12	0	0.8181818181818182	0.8181818181818182	0.8881976497022714	0.9748801385232939	high
v1.2-General	SAMN40323371	81	FN	1372	Enterococcus faecium	50_to_75x	false	12	0	0.2	0.8	0.014520324261954938	0.006458638371598739	high
v1.2-General	SAMN40323371	87	FN	1018	Enterococcus faecium	50_to_75x	false	12	0	0.18181818181818182	0.8181818181818182	0.21024831444111577	0.006458638371598739	high
v1.2-General	SAMN42392509	19	FN	14908	Enterobacter spp.	30_to_50x	false	12	0	0.6666666666666666	0.6666666666666666	0.6790244802303577	0.5278142784664308	high
v1.2-General	SAMN42392509	20	FN	12325	Enterobacter spp.	30_to_50x	true	12	0	0.6666666666666666	0.6666666666666666	0.6790244802303577	0.5278142784664308	high
v1.2-General	SAMN42392509	21	FN	6625	Enterobacter spp.	30_to_50x	false	12	0	0.6666666666666666	0.6666666666666666	0.6790244802303577	0.511352024654024	high
v1.2-General	SAMN42392509	23	FN	2695	Enterobacter spp.	30_to_50x	false	12	0	0.5833333333333334	0.5833333333333334	0.9123720989070611	0.44149219734870926	high
v1.2-General	SAMN42392509	24	FN	2425	Enterobacter spp.	30_to_50x	false	12	0	0.6666666666666666	0.6666666666666666	0.9110606383483703	0.44149219734870926	high
v1.2-General	SAMN42392509	27	FN	1382	Enterobacter spp.	30_to_50x	false	12	0	0.3333333333333333	0.6666666666666666	0.900702896221801	0.28734732022004483	high
v1.2-General	SAMN42392509	28	FN	1331	Enterobacter spp.	30_to_50x	false	12	0	0.5454545454545454	0.5454545454545454	0.3424688900484892	0.3826157109118204	high
v1.2-General	SAMN43844647	41	FN	2486	Klebsiella pneumoniae	ge_100x	false	12	0	0.6363636363636364	0.6363636363636364	0.5664503588529591	0.9471178858975738	high
v1.2-General	SAMN44510955	34	FN	6972	Citrobacter spp.	75_to_100x	false	12	0	0.6666666666666666	0.6666666666666666	0.47943545985272534	0.6920005348380276	high
v1.2-General	SAMN44510955	55	FP	1472	Citrobacter spp.	75_to_100x	false	12	0	0.6363636363636364	0.6363636363636364	0.9760184397863514	0.7487351135100208	high
v1.2-General	SAMN46230708	16	FN	56913	Enterococcus faecalis	ge_100x	false	11	1	0.7	0.7	0.37493867099893713	0.4490389199737038	high
v1.2-General	SAMN46230708	28	FN	4943	Enterococcus faecalis	ge_100x	false	11	1	0.7777777777777778	0.7777777777777778	0.9273057891077453	0.5367259465200046	high
v1.2-General	SAMN46230708	30	FN	1918	Enterococcus faecalis	ge_100x	true	11	1	0.5	0.5	0.11658508298662129	0.12267824166857876	high
v1.2-General	SAMN46230709	12	FN	30416	Enterococcus faecalis	30_to_50x	false	12	0	0.2727272727272727	0.7272727272727273	0.7439602219814591	0.01808313241699039	high
v1.2-General	SAMN46230709	24	FN	1262	Enterococcus faecalis	30_to_50x	false	12	0	0.5454545454545454	0.5454545454545454	0.3935474404745652	0.6141043450026448	high
v1.2-General	SAMN46230710	13	FN	59278	Enterococcus faecalis	ge_100x	false	12	0	0.7272727272727273	0.7272727272727273	0.5218803117744132	0.6708548184600552	high
v1.2-General	SAMN46343359	18	FN	16129	Citrobacter spp.	75_to_100x	false	12	0	0.6666666666666666	0.6666666666666666	0.7495178318541625	0.8418627344849303	high
v1.2-General	SAMN46343359	31	FN	1889	Citrobacter spp.	75_to_100x	false	12	0	0.3333333333333333	0.6666666666666666	0.9276949578552948	0.39676822043454824	high
v1.2-General	SAMN46474773	20	FN	86578	Serratia spp.	ge_100x	false	12	0	0.75	0.75	0.9137413354205492	0.46417691851908305	high
v1.2-General	SAMN46474773	21	FN	83261	Serratia spp.	ge_100x	false	12	0	0.25	0.75	0.7327042193500809	0.003726610852604671	high
v1.2-General	SAMN46474773	28	FN	42316	Serratia spp.	ge_100x	false	12	0	0.75	0.75	0.9137413354205492	0.5030192256018056	high
v1.2-General	SAMN46474773	33	FN	33229	Serratia spp.	ge_100x	false	12	0	0.45454545454545453	0.5454545454545454	0.015714500485257007	0.04314412993503462	high
v1.2-General	SAMN46474773	40	FN	13587	Serratia spp.	ge_100x	false	12	0	0.75	0.75	0.9137413354205492	0.40683897504113525	high
v1.2-General	SAMN46474773	41	FN	13483	Serratia spp.	ge_100x	false	12	0	0.6666666666666666	0.6666666666666666	0.6790244802303577	0.39805312477696403	high
v1.2-General	SAMN46474823	23	FN	40341	Serratia spp.	ge_100x	false	12	0	0.6666666666666666	0.6666666666666666	0.666508408198521	0.5740946398760095	high
v1.2-General	SAMN46474823	32	FN	25551	Serratia spp.	ge_100x	false	12	0	0.25	0.75	0.32322501598904907	0.005322256287911205	high
v1.2-General	SAMN46474823	36	FN	21078	Serratia spp.	ge_100x	false	12	0	0.5833333333333334	0.5833333333333334	0.3351738164934949	0.87289619775845	high
v1.2-General	SAMN46474823	40	FN	11519	Serratia spp.	ge_100x	false	12	0	0.5	0.5	0.13281070588314375	0.22422764777421647	high
v1.2-General	SAMN46474823	41	FN	11362	Serratia spp.	ge_100x	false	12	0	0.6666666666666666	0.6666666666666666	0.6790244802303577	0.4886318481647841	high
v1.2-General	SAMN46474823	44	FN	8715	Serratia spp.	ge_100x	false	12	0	0.16666666666666666	0.8333333333333334	0.03425517176597511	0.00255713428628264	high
v1.2-General	SAMN46474823	45	FN	7323	Serratia spp.	ge_100x	false	12	0	0.08333333333333333	0.9166666666666666	0.01874023391234934	0.002063377814315519	high
v1.2-General	SAMN46474823	49	FN	5526	Serratia spp.	ge_100x	false	12	0	0.5833333333333334	0.5833333333333334	0.28526982757881375	0.4721696359839275	high
v1.2-General	SAMN46474823	50	FN	5302	Serratia spp.	ge_100x	false	12	0	0.5	0.5	0.06300945799490247	0.2339777032307853	high
v1.2-General	SAMN46474823	51	FN	5010	Serratia spp.	ge_100x	false	12	0	0.7272727272727273	0.7272727272727273	0.8892312567067122	0.7343673748893629	high
v1.2-General	SAMN46474823	55	FN	1812	Serratia spp.	ge_100x	false	12	0	0.3	0.7	0.21880726043725096	0.004430525243676141	high
v1.2-General	SAMN46474823	62	FN	1064	Serratia spp.	ge_100x	false	12	0	0.16666666666666666	0.8333333333333334	0.08205545950840865	0.005069139447332432	high
v1.2-General	SAMN46544982	74	FN	5357	Klebsiella pneumoniae	50_to_75x	true	12	0	0.8181818181818182	0.8181818181818182	0.8184416904444722	0.9795263600222386	high
v1.2-General	SAMN46544982	97	FN	1657	Klebsiella pneumoniae	50_to_75x	false	12	0	0.7	0.7	0.7759819264665878	0.9686108905974837	high
v1.2-General	SAMN46544982	109	FN	1159	Klebsiella pneumoniae	50_to_75x	false	12	0	0.45454545454545453	0.5454545454545454	0.636548494491201	0.9283915868745917	high
v1.2-General	SAMN46716616	89	FN	9296	Enterococcus faecium	ge_100x	false	12	0	0.8888888888888888	0.8888888888888888	0.8181153136535995	0.9205752605052169	high
v1.2-General	SAMN46716616	111	FN	6070	Enterococcus faecium	ge_100x	false	12	0	0.6666666666666666	0.6666666666666666	0.7840650748740505	0.08389023606483663	high
v1.2-General	SAMN46716616	138	FN	3869	Enterococcus faecium	ge_100x	false	12	0	0.7272727272727273	0.7272727272727273	0.7600160144229514	0.2154713481661654	high
v1.2-General	SAMN46716616	151	FN	3207	Enterococcus faecium	ge_100x	true	12	0	0.75	0.75	0.5641119225002442	0.43337734897181424	high
v1.2-General	SAMN46716616	154	FN	3070	Enterococcus faecium	ge_100x	false	12	0	0.6666666666666666	0.6666666666666666	0.5191034953371234	0.8029753818238592	high
v1.2-General	SAMN46716616	157	FN	2964	Enterococcus faecium	ge_100x	false	12	0	0.8	0.8	0.919752115213786	0.4361665327127485	high
v1.2-General	SAMN46716616	161	FN	2740	Enterococcus faecium	ge_100x	false	12	0	0.8	0.8	0.919752115213786	0.4361665327127485	high
v1.2-General	SAMN46716616	165	FN	2635	Enterococcus faecium	ge_100x	false	12	0	0.6363636363636364	0.6363636363636364	0.7593012364223598	0.2154713481661654	high
v1.2-General	SAMN46716616	167	FN	2605	Enterococcus faecium	ge_100x	false	12	0	0.7272727272727273	0.7272727272727273	0.7600160144229514	0.2154713481661654	high
v1.2-General	SAMN46716616	176	FN	2288	Enterococcus faecium	ge_100x	false	12	0	0.7272727272727273	0.7272727272727273	0.8483601213458016	0.6407423642723972	high
v1.2-General	SAMN46716616	178	FN	2195	Enterococcus faecium	ge_100x	false	12	0	0.6363636363636364	0.6363636363636364	0.7593012364223598	0.20086752162254973	high
v1.2-General	SAMN46716616	180	FN	2073	Enterococcus faecium	ge_100x	false	12	0	0.7	0.7	0.9220564628012747	0.27997730877448457	high
v1.2-General	SAMN46716616	188	FN	1896	Enterococcus faecium	ge_100x	false	12	0	0.7	0.7	0.9220564628012747	0.27997730877448457	high
v1.2-General	SAMN46716616	193	FN	1646	Enterococcus faecium	ge_100x	false	12	0	0.45454545454545453	0.5454545454545454	0.07564026549790245	0.0936439280912632	high
v1.2-General	SAMN46716616	196	FN	1541	Enterococcus faecium	ge_100x	false	12	0	0.6363636363636364	0.6363636363636364	0.7593012364223598	0.2139600647395701	high
v1.2-General	SAMN46716616	211	FN	1353	Enterococcus faecium	ge_100x	false	12	0	0.7	0.7	0.9220564628012747	0.2963142692994298	high
v1.2-General	SAMN46716616	216	FN	1296	Enterococcus faecium	ge_100x	false	12	0	0.2727272727272727	0.7272727272727273	0.67258603090158	0.0018365485796481289	high
v1.2-General	SAMN46716616	217	FN	1288	Enterococcus faecium	ge_100x	false	12	0	0.6363636363636364	0.6363636363636364	0.7593012364223598	0.2139600647395701	high
v1.2-General	SAMN46716616	218	FN	1274	Enterococcus faecium	ge_100x	false	12	0	0.5454545454545454	0.5454545454545454	0.3800626999791391	0.2139600647395701	high
v1.2-General	SAMN46716616	222	FN	1140	Enterococcus faecium	ge_100x	false	12	0	0.7272727272727273	0.7272727272727273	0.8483601213458016	0.6588672998537486	high
v1.2-General	SAMN46716616	223	FN	1106	Enterococcus faecium	ge_100x	false	12	0	0.7	0.7	0.9220564628012747	0.2963142692994298	high
v1.2-General	SAMN46716616	224	FN	1102	Enterococcus faecium	ge_100x	false	12	0	0.4444444444444444	0.5555555555555556	0.08572491556055821	0.1940301556867613	high
v1.2-General	SAMN46716619	40	FN	25463	Enterococcus faecium	ge_100x	false	12	0	0.8181818181818182	0.8181818181818182	0.8488630723085183	0.9331016215238109	high
v1.2-General	SAMN46716619	60	FN	13728	Enterococcus faecium	ge_100x	false	12	0	0.7272727272727273	0.7272727272727273	0.7600160144229514	0.3367781134262019	high
v1.2-General	SAMN46716619	66	FN	12498	Enterococcus faecium	ge_100x	false	12	0	0.8181818181818182	0.8181818181818182	0.8488630723085183	0.8891960394183239	high
v1.2-General	SAMN46716619	73	FN	9747	Enterococcus faecium	ge_100x	false	12	0	0.7272727272727273	0.7272727272727273	0.8483601213458016	0.7896646183346219	high
v1.2-General	SAMN46716619	74	FN	9489	Enterococcus faecium	ge_100x	false	12	0	0.8181818181818182	0.8181818181818182	0.8488630723085183	0.8838378924585432	high
v1.2-General	SAMN46716619	75	FN	9288	Enterococcus faecium	ge_100x	false	12	0	0.7272727272727273	0.7272727272727273	0.7600160144229514	0.33008157063266286	high
v1.2-General	SAMN46716619	84	FN	6476	Enterococcus faecium	ge_100x	false	12	0	0.8181818181818182	0.8181818181818182	0.8488630723085183	0.8838378924585432	high
v1.2-General	SAMN46716619	88	FN	6225	Enterococcus faecium	ge_100x	false	12	0	0.7272727272727273	0.7272727272727273	0.770510343820904	0.7427861444451626	high
v1.2-General	SAMN46716619	90	FN	5880	Enterococcus faecium	ge_100x	false	12	0	0.8181818181818182	0.8181818181818182	0.8488630723085183	0.8838378924585432	high
v1.2-General	SAMN46716619	94	FN	5341	Enterococcus faecium	ge_100x	false	12	0	0.8	0.8	0.919752115213786	0.6380789289075074	high
v1.2-General	SAMN46716619	98	FN	4815	Enterococcus faecium	ge_100x	false	12	0	0.8181818181818182	0.8181818181818182	0.8488630723085183	0.8838378924585432	high
v1.2-General	SAMN46716619	99	FN	4611	Enterococcus faecium	ge_100x	false	12	0	0.8181818181818182	0.8181818181818182	0.8488630723085183	0.8838378924585432	high
v1.2-General	SAMN46716619	112	FN	3118	Enterococcus faecium	ge_100x	false	12	0	0.75	0.75	0.9137413354205492	0.4213165434105585	high
v1.2-General	SAMN46716619	117	FN	2362	Enterococcus faecium	ge_100x	false	12	0	0.6363636363636364	0.6363636363636364	0.7593012364223598	0.31515443211466815	high
v1.2-General	SAMN46716619	118	FN	2255	Enterococcus faecium	ge_100x	false	12	0	0.6363636363636364	0.6363636363636364	0.5350721749515018	0.7569697986923898	high
v1.2-General	SAMN46716619	119	FN	2006	Enterococcus faecium	ge_100x	false	12	0	0.7272727272727273	0.7272727272727273	0.8483601213458016	0.7655474948526491	high
v1.2-General	SAMN46716619	125	FN	1769	Enterococcus faecium	ge_100x	false	12	0	0.6666666666666666	0.6666666666666666	0.8251901391048131	0.7807061792498857	high
v1.2-General	SAMN46716619	135	FN	1265	Enterococcus faecium	ge_100x	false	12	0	0.5454545454545454	0.5454545454545454	0.3935474404745652	0.32220252022088414	high
v1.2-General	SAMN46716619	136	FN	1252	Enterococcus faecium	ge_100x	false	12	0	0.7	0.7	0.9220564628012747	0.39321549515465115	high
v1.2-General	SAMN46716619	145	FN	1004	Enterococcus faecium	ge_100x	false	12	0	0.7272727272727273	0.7272727272727273	0.8483601213458016	0.7795423071588461	high
v1.2-General	SAMN46716648	38	FN	27015	Enterococcus faecium	ge_100x	false	12	0	0.7272727272727273	0.7272727272727273	0.7600160144229514	0.24929971306092738	high
v1.2-General	SAMN46716648	77	FN	9727	Enterococcus faecium	ge_100x	false	12	0	0.8	0.8	0.919752115213786	0.5288750737043378	high
v1.2-General	SAMN46716648	82	FN	8557	Enterococcus faecium	ge_100x	false	12	0	0.7272727272727273	0.7272727272727273	0.7600160144229514	0.21205765797758466	high
v1.2-General	SAMN46716648	93	FN	6883	Enterococcus faecium	ge_100x	false	12	0	0.7272727272727273	0.7272727272727273	0.7600160144229514	0.21205765797758466	high
v1.2-General	SAMN46716648	99	FN	6069	Enterococcus faecium	ge_100x	false	12	0	0.6666666666666666	0.6666666666666666	0.46943185639990775	0.5026303552898591	high
v1.2-General	SAMN46716648	104	FN	5728	Enterococcus faecium	ge_100x	false	12	0	0.8181818181818182	0.8181818181818182	0.8488630723085183	0.8060485981083086	high
v1.2-General	SAMN46716648	109	FN	5082	Enterococcus faecium	ge_100x	false	12	0	0.7272727272727273	0.7272727272727273	0.8483601213458016	0.6722004853130973	high
v1.2-General	SAMN46716648	115	FN	4422	Enterococcus faecium	ge_100x	false	12	0	0.7272727272727273	0.7272727272727273	0.7600160144229514	0.2154713481661654	high
v1.2-General	SAMN46716648	118	FN	3691	Enterococcus faecium	ge_100x	false	12	0	0.7272727272727273	0.7272727272727273	0.7600160144229514	0.2154713481661654	high
v1.2-General	SAMN46716648	119	FN	3288	Enterococcus faecium	ge_100x	false	12	0	0.8181818181818182	0.8181818181818182	0.8488630723085183	0.8060485981083086	high
v1.2-General	SAMN46716648	122	FN	3244	Enterococcus faecium	ge_100x	false	12	0	0.8181818181818182	0.8181818181818182	0.8488630723085183	0.8060485981083086	high
v1.2-General	SAMN46716648	126	FN	3206	Enterococcus faecium	ge_100x	true	12	0	0.75	0.75	0.5641119225002442	0.43337734897181424	high
v1.2-General	SAMN46716648	128	FN	3093	Enterococcus faecium	ge_100x	false	12	0	0.7272727272727273	0.7272727272727273	0.7600160144229514	0.2154713481661654	high
v1.2-General	SAMN46716648	129	FN	3078	Enterococcus faecium	ge_100x	false	12	0	0.8181818181818182	0.8181818181818182	0.8488630723085183	0.8060485981083086	high
v1.2-General	SAMN46716648	132	FN	2790	Enterococcus faecium	ge_100x	false	12	0	0.8181818181818182	0.8181818181818182	0.8488630723085183	0.8060485981083086	high
v1.2-General	SAMN46716648	137	FN	2273	Enterococcus faecium	ge_100x	false	12	0	0.6363636363636364	0.6363636363636364	0.7593012364223598	0.20086752162254973	high
v1.2-General	SAMN46716648	139	FN	2072	Enterococcus faecium	ge_100x	false	12	0	0.6363636363636364	0.6363636363636364	0.7593012364223598	0.20086752162254973	high
v1.2-General	SAMN46716648	146	FN	1756	Enterococcus faecium	ge_100x	false	12	0	0.6363636363636364	0.6363636363636364	0.8169176780525376	0.22815234774400717	high
v1.2-General	SAMN46716648	152	FN	1474	Enterococcus faecium	ge_100x	false	12	0	0.6363636363636364	0.6363636363636364	0.8252686979418431	0.22815234774400717	high
v1.2-General	SAMN46716648	155	FN	1421	Enterococcus faecium	ge_100x	false	12	0	0.5	0.5	0.851466321464642	0.6170050690661771	high
v1.2-General	SAMN46716648	158	FN	1408	Enterococcus faecium	ge_100x	false	12	0	0.6363636363636364	0.6363636363636364	0.7593012364223598	0.2139600647395701	high
v1.2-General	SAMN46716648	163	FN	1363	Enterococcus faecium	ge_100x	false	12	0	0.6	0.6	0.71603894108483	0.2963142692994298	high
v1.2-General	SAMN46716648	164	FN	1343	Enterococcus faecium	ge_100x	false	12	0	0.7	0.7	0.6716956763018966	0.7272187239936514	high
v1.2-General	SAMN46716648	169	FN	1218	Enterococcus faecium	ge_100x	false	12	0	0.7	0.7	0.8118825015391135	0.7249066052856756	high
v1.2-General	SAMN46716648	171	FN	1139	Enterococcus faecium	ge_100x	false	12	0	0.6	0.6	0.71603894108483	0.2963142692994298	high
v1.2-General	SAMN46716649	14	FN	54076	Enterococcus faecium	ge_100x	false	11	1	0.6363636363636364	0.6363636363636364	0.810067933878807	0.4837537187756103	high
v1.2-General	SAMN46716649	48	FN	19611	Enterococcus faecium	ge_100x	false	11	1	0.7272727272727273	0.7272727272727273	0.8889690295622059	0.9032380394397348	high
v1.2-General	SAMN46716649	50	FN	18949	Enterococcus faecium	ge_100x	true	11	1	0.8	0.8	0.8727752321470728	0.8743634496584034	high
v1.2-General	SAMN46716649	61	FN	14918	Enterococcus faecium	ge_100x	false	11	1	0.8	0.8	0.9195556048878598	0.9031424066002206	high
v1.2-General	SAMN46716649	72	FN	10667	Enterococcus faecium	ge_100x	false	11	1	0.6	0.6	0.8733125935987981	0.3316866719252991	high
v1.2-General	SAMN46716649	79	FN	8277	Enterococcus faecium	ge_100x	false	11	1	0.6363636363636364	0.6363636363636364	0.5166343287597372	0.10604264163419287	high
v1.2-General	SAMN46716649	86	FN	6683	Enterococcus faecium	ge_100x	false	11	1	0.8	0.8	0.9195556048878598	0.9172416707301149	high
v1.2-General	SAMN46716649	88	FN	5881	Enterococcus faecium	ge_100x	false	11	1	0.8	0.8	0.9195556048878598	0.9172416707301149	high
v1.2-General	SAMN46716649	94	FN	4815	Enterococcus faecium	ge_100x	false	11	1	0.7	0.7	0.869770701700701	0.329513634386102	high
v1.2-General	SAMN46716649	98	FN	3820	Enterococcus faecium	ge_100x	false	11	1	0.7	0.7	0.9218651159683652	0.8454124947665329	high
v1.2-General	SAMN46716649	102	FN	3126	Enterococcus faecium	ge_100x	false	11	1	0.7	0.7	0.9218651159683652	0.8454124947665329	high
v1.2-General	SAMN46716649	107	FN	2470	Enterococcus faecium	ge_100x	false	11	1	0.7	0.7	0.9218651159683652	0.8454124947665329	high
v1.2-General	SAMN46716649	110	FN	2363	Enterococcus faecium	ge_100x	false	11	1	0.6	0.6	0.8733125935987981	0.3102369804246304	high
v1.2-General	SAMN46716649	113	FN	2066	Enterococcus faecium	ge_100x	false	11	1	0.6	0.6	0.7154978866905327	0.8268174609900435	high
v1.2-General	SAMN46716649	116	FN	1761	Enterococcus faecium	ge_100x	false	11	1	0.7	0.7	0.9218651159683652	0.8442374797763327	high
v1.2-General	SAMN46716649	127	FN	1313	Enterococcus faecium	ge_100x	false	11	1	0.6	0.6	0.7154978866905327	0.8379292494141416	high
v1.2-General	SAMN46716649	134	FN	1060	Enterococcus faecium	ge_100x	false	11	1	0.6666666666666666	0.6666666666666666	0.9031002293855562	0.8556878560108176	high
v1.2-General	SAMN46778011	39	FN	37771	Klebsiella pneumoniae	50_to_75x	false	12	0	0.75	0.75	0.7944342199327958	0.9119138296862782	high
v1.2-General	SAMN46778011	66	FN	14747	Klebsiella pneumoniae	50_to_75x	false	12	0	0.6666666666666666	0.6666666666666666	0.666508408198521	0.44467442385504424	high
v1.2-General	SAMN46778011	70	FN	12709	Klebsiella pneumoniae	50_to_75x	false	12	0	0.7272727272727273	0.7272727272727273	0.8892312567067122	0.6044002861545151	high
v1.2-General	SAMN46778011	72	FN	11077	Klebsiella pneumoniae	50_to_75x	false	12	0	0.6666666666666666	0.6666666666666666	0.9150169547806626	0.44467442385504424	high
v1.2-General	SAMN46778011	93	FN	4095	Klebsiella pneumoniae	50_to_75x	false	12	0	0.8181818181818182	0.8181818181818182	0.8184416904444722	0.9414179023242721	high
v1.2-General	SAMN46778011	103	FN	2582	Klebsiella pneumoniae	50_to_75x	false	12	0	0.75	0.75	0.7849934510745252	0.844747070683002	high
v1.2-General	SAMN46778011	106	FN	2348	Klebsiella pneumoniae	50_to_75x	false	12	0	0.7272727272727273	0.7272727272727273	0.8251658420119253	0.8568547117366316	high
v1.2-General	SAMN46778011	116	FN	1901	Klebsiella pneumoniae	50_to_75x	false	12	0	0.3333333333333333	0.6666666666666666	0.900702896221801	0.21840527440496618	high
v1.2-General	SAMN46778011	120	FN	1705	Klebsiella pneumoniae	50_to_75x	false	12	0	0.7272727272727273	0.7272727272727273	0.8178592258974834	0.8934247039493078	high
v1.2-General	SAMN46778011	125	FN	1391	Klebsiella pneumoniae	50_to_75x	false	12	0	0.7	0.7	0.7759819264665878	0.9120100997549213	high
v1.2-General	SAMN46778011	127	FN	1365	Klebsiella pneumoniae	50_to_75x	false	12	0	0.6363636363636364	0.6363636363636364	0.7268704781781318	0.4296597071746281	high
v1.2-General	SAMN46778011	131	FN	1201	Klebsiella pneumoniae	50_to_75x	false	12	0	0.5454545454545454	0.5454545454545454	0.7260925572808957	0.4296597071746281	high
v1.2-General	SAMN46778011	133	FN	1133	Klebsiella pneumoniae	50_to_75x	false	12	0	0.7272727272727273	0.7272727272727273	0.8251658420119253	0.8934247039493078	high
v1.2-General	SAMN46778011	135	FN	1080	Klebsiella pneumoniae	50_to_75x	false	12	0	0.7272727272727273	0.7272727272727273	0.8251658420119253	0.8934247039493078	high
v1.2-General	SAMN46778011	136	FN	1079	Klebsiella pneumoniae	50_to_75x	false	12	0	0.6363636363636364	0.6363636363636364	0.7268704781781318	0.4296597071746281	high
v1.2-General	SAMN46778011	137	FN	1062	Klebsiella pneumoniae	50_to_75x	false	12	0	0.6363636363636364	0.6363636363636364	0.7268704781781318	0.4296597071746281	high
v1.2-General	SAMN46862811	44	FN	2455	Klebsiella pneumoniae	50_to_75x	false	12	0	0.7272727272727273	0.7272727272727273	0.8705147387133599	0.7444524795808309	high
v1.2-General	SAMN46862811	50	FN	1622	Klebsiella pneumoniae	50_to_75x	false	12	0	0.45454545454545453	0.5454545454545454	0.877863828984629	0.5471127083702946	high
v1.2-General	SAMN46862817	56	FN	15884	Klebsiella pneumoniae	50_to_75x	false	12	0	0.08333333333333333	0.9166666666666666	0.0009329050566734367	0.0017499740792468077	high
v1.2-General	SAMN46862817	62	FN	10132	Klebsiella pneumoniae	50_to_75x	false	12	0	0.75	0.75	0.7849934510745252	0.9644304092228521	high
v1.2-General	SAMN46862817	64	FN	8587	Klebsiella pneumoniae	50_to_75x	false	12	0	0.75	0.75	0.9137413354205492	0.9324135752714592	high
v1.2-General	SAMN46862817	74	FN	3777	Klebsiella pneumoniae	50_to_75x	true	12	0	0.7272727272727273	0.7272727272727273	0.7345287458463133	0.9703507636879973	high
v1.2-General	SAMN46862817	81	FN	2443	Klebsiella pneumoniae	50_to_75x	false	12	0	0.5833333333333334	0.5833333333333334	0.9123720989070611	0.9311654718610074	high
v1.2-General	SAMN46862817	82	FN	2441	Klebsiella pneumoniae	50_to_75x	false	12	0	0.6	0.6	0.41091622035887077	0.9770396842397339	high
v1.2-General	SAMN46862817	84	FN	1799	Klebsiella pneumoniae	50_to_75x	false	12	0	0.6363636363636364	0.6363636363636364	0.8888450515253362	0.9430680952883254	high
v1.2-General	SAMN46862817	86	FN	1652	Klebsiella pneumoniae	50_to_75x	false	12	0	0.16666666666666666	0.8333333333333334	0.05896520028769574	0.040815189178199304	high
v1.2-General	SAMN46862817	87	FN	1445	Klebsiella pneumoniae	50_to_75x	false	12	0	0.5833333333333334	0.5833333333333334	0.6590116123903239	0.9333328086697654	high
v1.2-General	SAMN46862817	89	FN	1259	Klebsiella pneumoniae	50_to_75x	false	12	0	0.5833333333333334	0.5833333333333334	0.6716704421602296	0.9263970521281538	high
v1.2-General	SAMN46862834	34	FN	35477	Klebsiella pneumoniae	30_to_50x	false	12	0	0.75	0.75	0.7944342199327958	0.5561309454350964	high
v1.2-General	SAMN46862834	43	FN	10310	Klebsiella pneumoniae	30_to_50x	false	12	0	0.8181818181818182	0.8181818181818182	0.8184416904444722	0.3074077044758095	high
v1.2-General	SAMN46862848	31	FN	2896	Klebsiella pneumoniae	30_to_50x	false	12	0	0.36363636363636365	0.6363636363636364	0.8467535683042626	0.1600917651060396	high
v1.2-General	SAMN47264607	23	FN	8096	Enterococcus faecalis	ge_100x	false	12	0	0.7272727272727273	0.7272727272727273	0.887808295433477	0.443001223819087	high
v1.2-General	SAMN47264607	26	FN	3934	Enterococcus faecalis	ge_100x	false	12	0	0.9	0.9	0.9029070398528599	0.5367401381312834	high
v1.2-General	SAMN47788335	43	FN	11259	Citrobacter spp.	ge_100x	false	12	0	0.4166666666666667	0.5833333333333334	0.7995388125059335	0.11732209964556763	high
v1.2-General	SAMN47788335	47	FN	4440	Citrobacter spp.	ge_100x	true	12	0	0.75	0.75	0.7849934510745252	0.4638481689389482	high
v1.2-General	SAMN47788335	49	FN	4322	Citrobacter spp.	ge_100x	false	12	0	0.75	0.75	0.7944342199327958	0.46926176460237157	high
v1.2-General	SAMN47788335	55	FN	2442	Citrobacter spp.	ge_100x	false	12	0	0.6666666666666666	0.6666666666666666	0.7889023520731259	0.42038277556513487	high
v1.2-General	SAMN47788335	66	FN	1209	Citrobacter spp.	ge_100x	false	12	0	0.6666666666666666	0.6666666666666666	0.7792781134159518	0.5407355600225483	high
v1.2-General	SAMN47788335	71	FN	1064	Citrobacter spp.	ge_100x	false	12	0	0.7272727272727273	0.7272727272727273	0.8178592258974834	0.6484325151523073	high
v1.2-General	SAMN47788336	31	FP	38808	Enterobacter spp.	75_to_100x	false	12	0	0.9166666666666666	0.9166666666666666	0.9986702433695193	0.7557586111225081	high
v1.2-General	SAMN47788336	39	FP	8089	Enterobacter spp.	75_to_100x	false	12	0	0.9166666666666666	0.9166666666666666	0.9986702433695193	0.362342531581983	high
v1.2-General	SAMN47788336	51	FP	2179	Enterobacter spp.	75_to_100x	false	12	0	0.5833333333333334	0.5833333333333334	0.9364160330401656	0.7020720591783395	high
v1.2-General	SAMN48144070	75	FN	6646	Enterococcus faecium	ge_100x	false	12	0	0.7272727272727273	0.7272727272727273	0.7600160144229514	0.8718539975370728	high
v1.2-General	SAMN48144070	77	FN	6049	Enterococcus faecium	ge_100x	false	12	0	0.6666666666666666	0.6666666666666666	0.7840650748740505	0.6353773934984777	high
v1.2-General	SAMN48144070	84	FN	4422	Enterococcus faecium	ge_100x	false	12	0	0.7272727272727273	0.7272727272727273	0.8483601213458016	0.9178794638486784	high
v1.2-General	SAMN48144070	92	FN	3356	Enterococcus faecium	ge_100x	true	12	0	0.8333333333333334	0.8333333333333334	0.8727648359652314	0.8807740483773893	high
v1.2-General	SAMN48144070	95	FN	2903	Enterococcus faecium	ge_100x	false	12	0	0.7	0.7	0.709562350662087	0.869793093795735	high
v1.2-General	SAMN48144070	103	FN	2064	Enterococcus faecium	ge_100x	false	12	0	0.6363636363636364	0.6363636363636364	0.8169176780525376	0.8385592063836613	high
v1.2-General	SAMN48144070	118	FN	1254	Enterococcus faecium	ge_100x	false	12	0	0.7272727272727273	0.7272727272727273	0.8933479043144746	0.8837390456792353	high
v1.2-General	SAMN48144070	121	FN	1162	Enterococcus faecium	ge_100x	false	12	0	0.7	0.7	0.8486686844154954	0.8460992296129196	high
v1.2-General	SAMN48185768	34	FN	19610	Klebsiella pneumoniae	ge_100x	false	12	0	0.75	0.75	0.7944342199327958	0.5627463315834573	high
v1.2-General	SAMN48185768	56	FN	1333	Klebsiella pneumoniae	ge_100x	false	12	0	0.6666666666666666	0.6666666666666666	0.9110606383483703	0.6052786241099629	high
v1.2-General	SAMN48324032	93	FN	2092	Klebsiella pneumoniae	75_to_100x	false	12	0	0.6363636363636364	0.6363636363636364	0.7337646477914976	0.9336245957283996	high
v1.2-General	SAMN48324061	24	FN	35209	Enterococcus faecium	ge_100x	false	12	0	0.8181818181818182	0.8181818181818182	0.8488630723085183	0.8642460237200635	high
v1.2-General	SAMN48324061	48	FN	20046	Enterococcus faecium	ge_100x	false	12	0	0.8181818181818182	0.8181818181818182	0.8881976497022714	0.9253784317701642	high
v1.2-General	SAMN48324061	73	FN	11299	Enterococcus faecium	ge_100x	false	12	0	0.8	0.8	0.7979923847373591	0.8718160965679965	high
v1.2-General	SAMN48324061	103	FN	5880	Enterococcus faecium	ge_100x	false	12	0	0.7272727272727273	0.7272727272727273	0.8483601213458016	0.6314817606993443	high
v1.2-General	SAMN48324061	109	FN	4959	Enterococcus faecium	ge_100x	false	12	0	0.5833333333333334	0.5833333333333334	0.4065497721990849	0.0724338086986341	high
v1.2-General	SAMN48324061	112	FP	4809	Enterococcus faecium	ge_100x	true	12	0	1.0	1.0	0.999822425133984	0.9607584343001326	high
v1.2-General	SAMN48324061	127	FN	3080	Enterococcus faecium	ge_100x	false	12	0	0.6363636363636364	0.6363636363636364	0.8169176780525376	0.19950577680947093	high
v1.2-General	SAMN48324061	128	FN	3071	Enterococcus faecium	ge_100x	false	12	0	0.6363636363636364	0.6363636363636364	0.5209033701734538	0.6264054973932562	high
v1.2-General	SAMN48324061	130	FN	2718	Enterococcus faecium	ge_100x	false	12	0	0.7272727272727273	0.7272727272727273	0.7600160144229514	0.18666450884535918	high
v1.2-General	SAMN48324061	139	FN	1757	Enterococcus faecium	ge_100x	false	12	0	0.6363636363636364	0.6363636363636364	0.8169176780525376	0.1980782006901268	high
v1.2-General	SAMN48324061	142	FN	1528	Enterococcus faecium	ge_100x	false	12	0	0.7272727272727273	0.7272727272727273	0.887808295433477	0.5871338447231688	high
v1.2-General	SAMN48324061	146	FN	1486	Enterococcus faecium	ge_100x	true	12	0	0.5833333333333334	0.5833333333333334	0.7431680099185886	0.4055113399862152	high
v1.2-General	SAMN48324061	147	FN	1476	Enterococcus faecium	ge_100x	false	12	0	0.6666666666666666	0.6666666666666666	0.5048983372430645	0.7675814542589875	high
v1.2-General	SAMN48324061	151	FN	1380	Enterococcus faecium	ge_100x	true	12	0	0.6363636363636364	0.6363636363636364	0.8252686979418431	0.1980782006901268	high
v1.2-General	SAMN48324061	152	FN	1322	Enterococcus faecium	ge_100x	false	12	0	0.18181818181818182	0.8181818181818182	0.17407431260259637	0.0015007329747298197	high
v1.2-General	SAMN48324061	162	FN	1058	Enterococcus faecium	ge_100x	false	12	0	0.5555555555555556	0.5555555555555556	0.18502344628014403	0.713392439520786	high
v1.2-General	SAMN48387103	20	FN	29714	Enterococcus faecalis	ge_100x	false	11	1	0.7	0.7	0.8204970208933287	0.493664650167229	high
v1.2-General	SAMN48387103	26	FN	13844	Enterococcus faecalis	ge_100x	false	11	1	0.8	0.8	0.8873677037439187	0.5577694927246775	high
v1.2-General	SAMN48387103	28	FN	11716	Enterococcus faecalis	ge_100x	false	11	1	0.9	0.9	0.8841666413000097	0.5556004111161228	high
v1.2-General	SAMN48387103	29	FN	11669	Enterococcus faecalis	ge_100x	false	11	1	0.8	0.8	0.8168427499818484	0.4972863354097403	high
v1.2-General	SAMN48387103	33	FN	8030	Enterococcus faecalis	ge_100x	false	11	1	0.9	0.9	0.8782151597783769	0.27797227468669544	high
v1.2-General	SAMN48387103	38	FN	3796	Enterococcus faecalis	ge_100x	false	11	1	0.5555555555555556	0.5555555555555556	0.1451054765625252	0.18958589130873646	high
v1.2-General	SAMN48387103	40	FN	2914	Enterococcus faecalis	ge_100x	false	11	1	0.9	0.9	0.8782151597783769	0.2330887825445125	high
v1.2-General	SAMN48387103	42	FN	2426	Enterococcus faecalis	ge_100x	false	11	1	0.7777777777777778	0.7777777777777778	0.6406030436342399	0.24398509666520288	high
v1.2-General	SAMN48387103	43	FN	2402	Enterococcus faecalis	ge_100x	false	11	1	0.75	0.75	0.4792225999296653	0.1533005063410862	high
v1.2-General	SAMN48387103	44	FN	1883	Enterococcus faecalis	ge_100x	false	11	1	0.7	0.7	0.82152876598849	0.30516795959672055	high
v1.2-General	SAMN48387103	50	FN	1307	Enterococcus faecalis	ge_100x	false	11	1	0.7777777777777778	0.7777777777777778	0.8379661733967948	0.4398526357411335	high
v1.2-General	SAMN48387105	21	FN	55383	Enterococcus faecalis	ge_100x	false	12	0	0.7272727272727273	0.7272727272727273	0.7600160144229514	0.8237406913765171	high
v1.2-General	SAMN48387105	28	FN	31180	Enterococcus faecalis	ge_100x	false	12	0	0.18181818181818182	0.8181818181818182	0.17407431260259637	0.004134446060822323	high
v1.2-General	SAMN48387105	29	FN	26480	Enterococcus faecalis	ge_100x	false	12	0	0.8181818181818182	0.8181818181818182	0.8488630723085183	0.9377075652695194	high
v1.2-General	SAMN48387105	42	FN	5269	Enterococcus faecalis	ge_100x	true	12	0	0.6363636363636364	0.6363636363636364	0.4503306221323281	0.7945769580865198	high
v1.2-General	SAMN48387105	47	FN	1938	Enterococcus faecalis	ge_100x	true	12	0	0.7272727272727273	0.7272727272727273	0.8933479043144746	0.7632563384592572	high
v1.2-General	SAMN48387105	48	FN	1918	Enterococcus faecalis	ge_100x	true	12	0	0.6363636363636364	0.6363636363636364	0.6194629902269139	0.7593033706211205	high
v1.2-General	SAMN48451385	49	FP	31859	Citrobacter spp.	75_to_100x	false	12	0	0.36363636363636365	0.6363636363636364	0.9500645902282465	0.5109672273729836	high
v1.2-General	SAMN48451385	62	FN	19648	Citrobacter spp.	75_to_100x	false	12	0	0.0	1.0	0.0005025181506132203	0.00033583104148357274	high
v1.2-General	SAMN48451385	63	FN	19421	Citrobacter spp.	75_to_100x	false	12	0	0.3333333333333333	0.6666666666666666	0.900702896221801	0.25684668391110654	high
v1.2-General	SAMN48451385	83	FN	8637	Citrobacter spp.	75_to_100x	false	12	0	0.6666666666666666	0.6666666666666666	0.7681944219408894	0.7493251902755822	high
v1.2-General	SAMN48451385	88	FN	7570	Citrobacter spp.	75_to_100x	false	12	0	0.6666666666666666	0.6666666666666666	0.33370955273112396	0.1082313436081047	high
v1.2-General	SAMN48451385	92	FN	6571	Citrobacter spp.	75_to_100x	false	12	0	0.75	0.75	0.9137413354205492	0.4316706443503394	high
v1.2-General	SAMN48451385	93	FN	6570	Citrobacter spp.	75_to_100x	false	12	0	0.6666666666666666	0.6666666666666666	0.9110606383483703	0.4372468851788089	high
v1.2-General	SAMN48451385	94	FN	5567	Citrobacter spp.	75_to_100x	false	12	0	0.5	0.5	0.7199770375228083	0.6661398356999052	high
v1.2-General	SAMN48451385	95	FN	5468	Citrobacter spp.	75_to_100x	false	12	0	0.75	0.75	0.8299760205088481	0.8114044968486327	high
v1.2-General	SAMN48451385	96	FN	5171	Citrobacter spp.	75_to_100x	false	12	0	0.25	0.75	0.03994339101956933	0.00045475645337781224	high
v1.2-General	SAMN48451385	101	FN	4360	Citrobacter spp.	75_to_100x	false	12	0	0.2727272727272727	0.7272727272727273	0.009962496472082768	0.0028427211557275926	high
v1.2-General	SAMN48451385	105	FN	4037	Citrobacter spp.	75_to_100x	false	12	0	0.6666666666666666	0.6666666666666666	0.9110606383483703	0.4758732680655004	high
v1.2-General	SAMN48451385	106	FN	3745	Citrobacter spp.	75_to_100x	false	12	0	0.08333333333333333	0.9166666666666666	0.01874023391234934	0.0021934225313877684	high
v1.2-General	SAMN48451385	108	FN	3350	Citrobacter spp.	75_to_100x	false	12	0	0.3333333333333333	0.6666666666666666	0.6124642966684529	0.1701789283138429	high
v1.2-General	SAMN48451385	110	FN	3255	Citrobacter spp.	75_to_100x	false	12	0	0.75	0.75	0.9137413354205492	0.4213165434105585	high
v1.2-General	SAMN48451385	111	FN	3134	Citrobacter spp.	75_to_100x	false	12	0	0.7272727272727273	0.7272727272727273	0.8892312567067122	0.48967513762235293	high
v1.2-General	SAMN48451385	112	FN	2857	Citrobacter spp.	75_to_100x	false	12	0	0.5833333333333334	0.5833333333333334	0.28526982757881375	0.41535370094563234	high
v1.2-General	SAMN48451385	114	FN	2587	Citrobacter spp.	75_to_100x	false	12	0	0.2727272727272727	0.7272727272727273	0.26357456464185913	0.0016343448605119753	high
v1.2-General	SAMN48451385	115	FN	2582	Citrobacter spp.	75_to_100x	false	12	0	0.6666666666666666	0.6666666666666666	0.7495178318541625	0.5155266872082597	high
v1.2-General	SAMN48451385	116	FN	2380	Citrobacter spp.	75_to_100x	false	12	0	0.5833333333333334	0.5833333333333334	0.7820679522767201	0.7925813934339057	high
v1.2-General	SAMN48451385	121	FN	2268	Citrobacter spp.	75_to_100x	false	12	0	0.25	0.75	0.45973247158771274	0.0014045401145128791	high
v1.2-General	SAMN48451385	122	FN	2197	Citrobacter spp.	75_to_100x	false	12	0	0.0	1.0	0.0005025181506132203	0.0004031743064177074	high
v1.2-General	SAMN48451385	123	FN	1973	Citrobacter spp.	75_to_100x	false	12	0	0.2727272727272727	0.7272727272727273	0.8145780231310671	0.0015477502186793874	high
v1.2-General	SAMN48451385	124	FN	1940	Citrobacter spp.	75_to_100x	false	12	0	0.2727272727272727	0.7272727272727273	0.8145780231310671	0.0015477502186793874	high
v1.2-General	SAMN48451385	130	FN	1530	Citrobacter spp.	75_to_100x	false	12	0	0.5833333333333334	0.5833333333333334	0.41351818300752446	0.8361912371060384	high
v1.2-General	SAMN48451385	132	FN	1520	Citrobacter spp.	75_to_100x	false	12	0	0.18181818181818182	0.8181818181818182	0.0012162518860161882	0.007380508026805812	high
v1.2-General	SAMN48451385	136	FN	1374	Citrobacter spp.	75_to_100x	false	12	0	0.7272727272727273	0.7272727272727273	0.8178592258974834	0.8934247039493078	high
v1.2-General	SAMN48451385	143	FN	1275	Citrobacter spp.	75_to_100x	false	12	0	0.5	0.5	0.6626635377643523	0.374300311058508	high
v1.2-General	SAMN48451385	146	FN	1197	Citrobacter spp.	75_to_100x	false	12	0	0.45454545454545453	0.5454545454545454	0.7124196388009779	0.864689071464396	high
v1.2-General	SAMN48451385	153	FN	1054	Citrobacter spp.	75_to_100x	false	12	0	0.5833333333333334	0.5833333333333334	0.9123720989070611	0.43527555208305574	high
v1.2-General	SAMN48451385	154	FN	1044	Citrobacter spp.	75_to_100x	false	12	0	0.6363636363636364	0.6363636363636364	0.8246003264020063	0.8934247039493078	high
v1.2-General	SAMN48451385	155	FN	1003	Citrobacter spp.	75_to_100x	false	12	0	0.0	1.0	0.019011907462895737	0.0016524973571762811	high
v1.2-General	SAMN48541670	106	FN	3221	Enterococcus faecium	ge_100x	false	12	0	0.8	0.8	0.8445604366929245	0.4495762696513227	high
v1.2-General	SAMN48541670	110	FN	3020	Enterococcus faecium	ge_100x	false	12	0	0.7272727272727273	0.7272727272727273	0.8175024816909233	0.2966735814437225	high
v1.2-General	SAMN48541670	111	FN	2915	Enterococcus faecium	ge_100x	false	12	0	0.8181818181818182	0.8181818181818182	0.8881976497022714	0.8381616066050322	high
v1.2-General	SAMN48541670	124	FN	2100	Enterococcus faecium	ge_100x	false	12	0	0.6363636363636364	0.6363636363636364	0.8252686979418431	0.2860713470850552	high
v1.2-General	SAMN48541670	125	FN	2100	Enterococcus faecium	ge_100x	false	12	0	0.7272727272727273	0.7272727272727273	0.8933479043144746	0.7021775261345994	high
v1.2-General	SAMN48541670	132	FN	1762	Enterococcus faecium	ge_100x	false	12	0	0.8	0.8	0.9056454774147001	0.8926436990019393	high
v1.2-General	SAMN48541670	133	FN	1747	Enterococcus faecium	ge_100x	false	12	0	0.8	0.8	0.9056454774147001	0.8926436990019393	high
v1.2-General	SAMN48541670	151	FN	1227	Enterococcus faecium	ge_100x	false	12	0	0.6363636363636364	0.6363636363636364	0.8252686979418431	0.3026144505381817	high
v1.2-General	SAMN48541670	154	FN	1108	Enterococcus faecium	ge_100x	false	12	0	0.8181818181818182	0.8181818181818182	0.8937203351298281	0.8262471624916715	high
v1.2-General	SAMN48668204	74	FN	10666	Enterococcus faecium	ge_100x	false	12	0	0.7	0.7	0.9220564628012747	0.36866994880985826	high
v1.2-General	SAMN48668204	77	FN	9447	Enterococcus faecium	ge_100x	false	12	0	0.7272727272727273	0.7272727272727273	0.7600160144229514	0.21205765797758466	high
v1.2-General	SAMN48668204	87	FN	8203	Enterococcus faecium	ge_100x	false	12	0	0.8	0.8	0.8445604366929245	0.4350897730339039	high
v1.2-General	SAMN48668204	100	FN	6138	Enterococcus faecium	ge_100x	false	12	0	0.6666666666666666	0.6666666666666666	0.7840650748740505	0.08389023606483663	high
v1.2-General	SAMN48668204	101	FN	5881	Enterococcus faecium	ge_100x	false	12	0	0.8181818181818182	0.8181818181818182	0.8488630723085183	0.8060485981083086	high
v1.2-General	SAMN48668204	103	FN	5685	Enterococcus faecium	ge_100x	false	12	0	0.8	0.8	0.5696980024516697	0.8582336083676007	high
v1.2-General	SAMN48668204	104	FN	5676	Enterococcus faecium	ge_100x	false	12	0	0.9	0.9	0.9029070398528599	0.8843938723503636	high
v1.2-General	SAMN48668204	118	FN	3849	Enterococcus faecium	ge_100x	false	12	0	0.9	0.9	0.9029070398528599	0.8378120895521575	high
v1.2-General	SAMN48668204	129	FN	2747	Enterococcus faecium	ge_100x	false	12	0	0.9	0.9	0.9029070398528599	0.8378120895521575	high
v1.2-General	SAMN48668204	138	FN	2033	Enterococcus faecium	ge_100x	false	12	0	0.6363636363636364	0.6363636363636364	0.7593012364223598	0.20086752162254973	high
v1.2-General	SAMN48668204	140	FN	1879	Enterococcus faecium	ge_100x	false	12	0	0.7272727272727273	0.7272727272727273	0.8483601213458016	0.6407423642723972	high
v1.2-General	SAMN48668204	145	FN	1683	Enterococcus faecium	ge_100x	false	12	0	0.7272727272727273	0.7272727272727273	0.8483601213458016	0.6588672998537486	high
v1.2-General	SAMN48668204	158	FN	1314	Enterococcus faecium	ge_100x	false	12	0	0.7272727272727273	0.7272727272727273	0.8933479043144746	0.6349372387023224	high
v1.2-General	SAMN48668204	170	FN	1006	Enterococcus faecium	ge_100x	false	12	0	0.5454545454545454	0.5454545454545454	0.3935474404745652	0.2139600647395701	high
v1.2-General	SAMN49384630	36	FN	28639	Enterococcus faecium	ge_100x	false	12	0	0.7272727272727273	0.7272727272727273	0.7600160144229514	0.24929971306092738	high
v1.2-General	SAMN49384630	56	FP	14528	Enterococcus faecium	ge_100x	true	12	0	0.5454545454545454	0.5454545454545454	0.9854422079773858	0.5633769746819893	high
v1.2-General	SAMN49384630	62	FN	13447	Enterococcus faecium	ge_100x	false	12	0	0.8	0.8	0.919752115213786	0.5363755688450256	high
v1.2-General	SAMN49384630	65	FN	12042	Enterococcus faecium	ge_100x	false	12	0	0.8181818181818182	0.8181818181818182	0.8488630723085183	0.8142407572231117	high
v1.2-General	SAMN49384630	69	FN	10757	Enterococcus faecium	ge_100x	false	12	0	0.8181818181818182	0.8181818181818182	0.8488630723085183	0.8142407572231117	high
v1.2-General	SAMN49384630	72	FN	10458	Enterococcus faecium	ge_100x	false	12	0	0.0	1.0	0.019011907462895737	0.001830090611554166	high
v1.2-General	SAMN49384630	73	FN	10073	Enterococcus faecium	ge_100x	true	12	0	0.6363636363636364	0.6363636363636364	0.39448219766981507	0.21713587055315453	high
v1.2-General	SAMN49384630	77	FN	9302	Enterococcus faecium	ge_100x	false	12	0	0.0	1.0	0.004013241517556705	0.0011512493064297924	high
v1.2-General	SAMN49384630	87	FN	7852	Enterococcus faecium	ge_100x	false	12	0	0.2	0.8	0.014520324261954938	0.0013283791384453957	high
v1.2-General	SAMN49384630	94	FN	6338	Enterococcus faecium	ge_100x	false	12	0	0.8	0.8	0.919752115213786	0.5288750737043378	high
v1.2-General	SAMN49384630	100	FN	5906	Enterococcus faecium	ge_100x	false	12	0	0.1111111111111111	0.8888888888888888	0.005146278803228531	0.0016948451588021482	high
v1.2-General	SAMN49384630	101	FN	5695	Enterococcus faecium	ge_100x	false	12	0	0.8181818181818182	0.8181818181818182	0.8488630723085183	0.8060485981083086	high
v1.2-General	SAMN49384630	107	FN	5224	Enterococcus faecium	ge_100x	false	12	0	0.0	1.0	0.0010125226022510867	0.001812240781315472	high
v1.2-General	SAMN49384630	109	FN	5054	Enterococcus faecium	ge_100x	false	12	0	0.6666666666666666	0.6666666666666666	0.7840650748740505	0.0854644847030891	high
v1.2-General	SAMN49384630	112	FN	4528	Enterococcus faecium	ge_100x	false	12	0	0.0	1.0	0.004013241517556705	0.0011748443176053903	high
v1.2-General	SAMN49384630	116	FN	4422	Enterococcus faecium	ge_100x	false	12	0	0.7272727272727273	0.7272727272727273	0.7600160144229514	0.2154713481661654	high
v1.2-General	SAMN49384630	117	FN	4331	Enterococcus faecium	ge_100x	false	12	0	0.8	0.8	0.919752115213786	0.5339328881322516	high
v1.2-General	SAMN49384630	121	FN	4005	Enterococcus faecium	ge_100x	false	12	0	0.0	1.0	0.004013241517556705	0.0011748443176053903	high
v1.2-General	SAMN49384630	122	FN	3891	Enterococcus faecium	ge_100x	false	12	0	0.8	0.8	0.919752115213786	0.4361665327127485	high
v1.2-General	SAMN49384630	124	FN	3789	Enterococcus faecium	ge_100x	false	12	0	0.0	1.0	0.0005025181506132203	0.00033429076502390864	high
v1.2-General	SAMN49384630	127	FN	3587	Enterococcus faecium	ge_100x	false	12	0	0.7272727272727273	0.7272727272727273	0.7600160144229514	0.2154713481661654	high
v1.2-General	SAMN49384630	139	FN	2271	Enterococcus faecium	ge_100x	false	12	0	0.7272727272727273	0.7272727272727273	0.8483601213458016	0.6407423642723972	high
v1.2-General	SAMN49384630	143	FN	2231	Enterococcus faecium	ge_100x	true	12	0	0.5833333333333334	0.5833333333333334	0.7431680099185886	0.3682389320189895	high
v1.2-General	SAMN49384630	153	FN	1800	Enterococcus faecium	ge_100x	false	12	0	0.8	0.8	0.9056454774147001	0.8438211798287509	high
v1.2-General	SAMN49384630	154	FN	1779	Enterococcus faecium	ge_100x	true	12	0	0.6363636363636364	0.6363636363636364	0.8923014615233407	0.629880675823485	high
v1.2-General	SAMN49384630	158	FN	1604	Enterococcus faecium	ge_100x	false	12	0	0.7	0.7	0.9220564628012747	0.2963142692994298	high
v1.2-General	SAMN49384630	160	FN	1523	Enterococcus faecium	ge_100x	false	12	0	0.6666666666666666	0.6666666666666666	0.8460108058394284	0.8015535199466604	high
v1.2-General	SAMN49384630	166	FN	1479	Enterococcus faecium	ge_100x	false	12	0	0.09090909090909091	0.9090909090909091	0.013355287801932665	0.014228421890125452	high
v1.2-General	SAMN49384630	168	FN	1474	Enterococcus faecium	ge_100x	false	12	0	0.7	0.7	0.9220564628012747	0.2963142692994298	high
v1.2-General	SAMN49384630	169	FN	1474	Enterococcus faecium	ge_100x	false	12	0	0.6363636363636364	0.6363636363636364	0.8252686979418431	0.22815234774400717	high
v1.2-General	SAMN49384630	172	FN	1378	Enterococcus faecium	ge_100x	false	12	0	0.6666666666666666	0.6666666666666666	0.5191034953371234	0.8015535199466604	high
v1.2-General	SAMN49384630	174	FN	1354	Enterococcus faecium	ge_100x	false	12	0	0.7777777777777778	0.7777777777777778	0.8290234405911397	0.8015535199466604	high
v1.2-General	SAMN49384630	181	FN	1193	Enterococcus faecium	ge_100x	false	12	0	0.6363636363636364	0.6363636363636364	0.6194629902269139	0.629880675823485	high
v1.2-General	SAMN49384630	185	FN	1009	Enterococcus faecium	ge_100x	false	12	0	0.7	0.7	0.8486686844154954	0.2241481036445486	high
v1.2-General	SAMN49384630	187	FN	1005	Enterococcus faecium	ge_100x	false	12	0	0.6363636363636364	0.6363636363636364	0.8252686979418431	0.22815234774400717	high
v1.2-General	SAMN49947234	48	FN	7106	Enterococcus faecium	ge_100x	false	12	0	0.8181818181818182	0.8181818181818182	0.8488630723085183	0.983749280185375	high
v1.2-General	SAMN49947234	50	FN	6609	Enterococcus faecium	ge_100x	false	12	0	0.6666666666666666	0.6666666666666666	0.7840650748740505	0.761496746203756	high
v1.2-General	SAMN49947234	52	FN	6250	Enterococcus faecium	ge_100x	false	12	0	0.6363636363636364	0.6363636363636364	0.8169176780525376	0.9327430698853513	high
v1.2-General	SAMN49947234	55	FN	5814	Enterococcus faecium	ge_100x	false	12	0	0.7272727272727273	0.7272727272727273	0.8258325137717292	0.9257508404174581	high
v1.2-General	SAMN49947234	56	FN	5174	Enterococcus faecium	ge_100x	false	12	0	0.36363636363636365	0.6363636363636364	0.9139151480889973	0.7823251751800582	high
v1.2-General	SAMN49947234	57	FN	5123	Enterococcus faecium	ge_100x	false	12	0	0.5454545454545454	0.5454545454545454	0.45045520157690894	0.6441736227224095	high
v1.2-General	SAMN49947234	61	FN	4067	Enterococcus faecium	ge_100x	false	12	0	0.6363636363636364	0.6363636363636364	0.8242539482520607	0.905273726303409	high
v1.2-General	SAMN49947234	63	FN	3444	Enterococcus faecium	ge_100x	false	12	0	0.8181818181818182	0.8181818181818182	0.8881976497022714	0.9763061236639584	high
v1.2-General	SAMN49947234	65	FN	3208	Enterococcus faecium	ge_100x	false	12	0	0.8	0.8	0.8070027099899361	0.9838346246514406	high
v1.2-General	SAMN49947234	66	FN	3191	Enterococcus faecium	ge_100x	false	12	0	0.7272727272727273	0.7272727272727273	0.8175024816909233	0.905273726303409	high
v1.2-General	SAMN49947234	67	FN	3132	Enterococcus faecium	ge_100x	false	12	0	0.7272727272727273	0.7272727272727273	0.8258325137717292	0.8957449020806686	high
v1.2-General	SAMN49947234	69	FN	2600	Enterococcus faecium	ge_100x	false	12	0	0.6363636363636364	0.6363636363636364	0.7682914022582797	0.9271227831462956	high
v1.2-General	SAMN49947234	70	FN	2353	Enterococcus faecium	ge_100x	false	12	0	0.7272727272727273	0.7272727272727273	0.887808295433477	0.9505972431332407	high
v1.2-General	SAMN49947234	73	FN	2125	Enterococcus faecium	ge_100x	false	12	0	0.7272727272727273	0.7272727272727273	0.8483601213458016	0.9629340125816108	high
v1.2-General	SAMN49947234	75	FN	1643	Enterococcus faecium	ge_100x	false	12	0	0.75	0.75	0.868993273587535	0.9005737628204598	high
v1.2-General	SAMN49947234	77	FN	1590	Enterococcus faecium	ge_100x	false	12	0	0.7272727272727273	0.7272727272727273	0.887808295433477	0.954206902738424	high
v1.2-General	SAMN49947234	79	FN	1527	Enterococcus faecium	ge_100x	false	12	0	0.7	0.7	0.9220564628012747	0.9362324090342802	high
v1.2-General	SAMN49947234	84	FN	1088	Enterococcus faecium	ge_100x	false	12	0	0.7777777777777778	0.7777777777777778	0.8290234405911397	0.980180579288563	high
v1.2-General	SAMN50584031	69	FP	8787	Enterobacter spp.	75_to_100x	false	12	0	0.8181818181818182	0.8181818181818182	0.9343710701839543	0.979702329928501	high
v1.2-General	SAMN50584031	90	FN	2581	Enterobacter spp.	75_to_100x	false	12	0	0.8181818181818182	0.8181818181818182	0.8184416904444722	0.9751525035503804	high
v1.2-General	SAMN50584031	91	FN	2527	Enterobacter spp.	75_to_100x	false	12	0	0.7272727272727273	0.7272727272727273	0.8251658420119253	0.9601843744757297	high
v1.2-General	SAMN50584031	92	FN	2246	Enterobacter spp.	75_to_100x	false	12	0	0.7272727272727273	0.7272727272727273	0.8705147387133599	0.9582903785802507	high
v1.2-General	SAMN50584031	95	FN	1839	Enterobacter spp.	75_to_100x	false	12	0	0.4	0.6	0.28784870065228013	0.8855903528357424	high
v1.2-General	SAMN50584031	102	FN	1464	Enterobacter spp.	75_to_100x	false	12	0	0.6666666666666666	0.6666666666666666	0.7889023520731259	0.9395101218024469	high
v1.2-General	SAMN50584031	107	FN	1220	Enterobacter spp.	75_to_100x	false	12	0	0.36363636363636365	0.6363636363636364	0.34269161010499044	0.7557329153056801	high
v1.2-General	SAMN50713126	21	FN	1653	Citrobacter spp.	75_to_100x	true	12	0	0.6666666666666666	0.6666666666666666	0.84091765654465	0.9075533404476234	high
v1.2-General	SAMN51335551	25	FN	72263	Citrobacter spp.	75_to_100x	false	12	0	0.75	0.75	0.9137413354205492	0.9389493446683005	high
v1.2-General	SAMN51335551	39	FN	21377	Citrobacter spp.	75_to_100x	false	12	0	0.75	0.75	0.7944342199327958	0.9782389051005506	high
v1.2-General	SAMN51335551	60	FN	4460	Citrobacter spp.	75_to_100x	true	12	0	0.75	0.75	0.7944342199327958	0.9656110990516318	high
v1.2-General	SAMN51335551	70	FP	2900	Citrobacter spp.	75_to_100x	false	12	0	0.4166666666666667	0.5833333333333334	0.959724830623704	0.8055375466955882	high
v1.2-General	SAMN51335551	72	FN	2170	Citrobacter spp.	75_to_100x	true	12	0	0.7272727272727273	0.7272727272727273	0.8178592258974834	0.9629526879609382	high
v1.2-General	SAMN51335551	87	FN	1016	Citrobacter spp.	75_to_100x	false	12	0	0.6363636363636364	0.6363636363636364	0.8831021646495479	0.9485202026373054	high
v1.2-General	SAMN51335576	36	FN	32864	Enterobacter spp.	75_to_100x	true	12	0	0.75	0.75	0.7849934510745252	0.7152959648030646	high
v1.2-General	SAMN51335576	48	FN	13977	Enterobacter spp.	75_to_100x	false	12	0	0.75	0.75	0.7849934510745252	0.5019847779134418	high
v1.2-General	SAMN51335576	50	FN	11531	Enterobacter spp.	75_to_100x	false	12	0	0.6363636363636364	0.6363636363636364	0.18336701473265307	0.2922023285050998	high
v1.2-General	SAMN51335576	51	FN	11355	Enterobacter spp.	75_to_100x	false	12	0	0.75	0.75	0.7849934510745252	0.5019847779134418	high
v1.2-General	SAMN51335576	55	FN	6360	Enterobacter spp.	75_to_100x	false	12	0	0.7272727272727273	0.7272727272727273	0.4669708707795387	0.49602081794556074	high
v1.2-General	SAMN51335576	56	FN	5611	Enterobacter spp.	75_to_100x	false	12	0	0.75	0.75	0.7944342199327958	0.4084626164806429	high
v1.2-General	SAMN51335576	60	FN	2961	Enterobacter spp.	75_to_100x	false	12	0	0.4166666666666667	0.5833333333333334	0.8530807746042097	0.36570458159591257	high
v1.2-General	SAMN51335576	62	FN	1774	Enterobacter spp.	75_to_100x	false	12	0	0.6363636363636364	0.6363636363636364	0.6194629902269139	0.44958839712131315	high
v1.2-General	SAMN51335576	67	FN	1250	Enterobacter spp.	75_to_100x	false	12	0	0.2727272727272727	0.7272727272727273	0.6022492638104996	0.011653634308451082	high
v1.1	SAMD00499712	75	FN	22898	Citrobacter spp.	50_to_75x	false	12	0	0.8333333333333334	0.8333333333333334	0.9875647758701592	0.7429616757237464	high
v1.1	SAMD00499712	120	FN	3730	Citrobacter spp.	50_to_75x	false	12	0	0.8333333333333334	0.8333333333333334	0.9875647758701592	0.6405700225658069	high
v1.1	SAMD00499712	128	FN	2868	Citrobacter spp.	50_to_75x	false	12	0	0.6363636363636364	0.6363636363636364	0.8242539482520607	0.2966735814437225	high
v1.1	SAMD00499712	134	FN	2546	Citrobacter spp.	50_to_75x	false	12	0	0.9166666666666666	0.9166666666666666	0.9996756519149296	0.8099088882311339	high
v1.1	SAMD00499712	136	FN	1934	Citrobacter spp.	50_to_75x	false	12	0	0.8333333333333334	0.8333333333333334	0.9875647758701592	0.5738486219267336	high
v1.1	SAMD00499712	139	FN	1725	Citrobacter spp.	50_to_75x	false	12	0	0.6666666666666666	0.6666666666666666	0.987351162218125	0.5567835022540364	high
v1.1	SAMD00499712	142	FN	1475	Citrobacter spp.	50_to_75x	false	12	0	0.36363636363636365	0.6363636363636364	0.9639705728510543	0.2117747264431291	high
v1.1	SAMD00499712	143	FN	1445	Citrobacter spp.	50_to_75x	false	12	0	0.75	0.75	0.9877632919681095	0.5302005723165784	high
v1.1	SAMD00565567	44	FN	22197	Enterococcus faecium	75_to_100x	false	12	0	0.6363636363636364	0.6363636363636364	0.7593012364223598	0.24929971306092738	high
v1.1	SAMD00565567	58	FN	15365	Enterococcus faecium	75_to_100x	false	12	0	0.9090909090909091	0.9090909090909091	0.976121211009001	0.9373290991665574	high
v1.1	SAMD00565567	59	FN	14645	Enterococcus faecium	75_to_100x	false	12	0	0.7272727272727273	0.7272727272727273	0.7600160144229514	0.21713587055315453	high
v1.1	SAMD00565567	65	FN	13508	Enterococcus faecium	75_to_100x	false	12	0	0.9090909090909091	0.9090909090909091	0.976121211009001	0.9298102287657625	high
v1.1	SAMD00565567	71	FN	12095	Enterococcus faecium	75_to_100x	false	12	0	0.7272727272727273	0.7272727272727273	0.9582631066501253	0.3202175628660562	high
v1.1	SAMD00565567	77	FN	10498	Enterococcus faecium	75_to_100x	false	12	0	0.9090909090909091	0.9090909090909091	0.976121211009001	0.9298102287657625	high
v1.1	SAMD00565567	78	FN	10026	Enterococcus faecium	75_to_100x	false	12	0	0.9090909090909091	0.9090909090909091	0.976121211009001	0.9298102287657625	high
v1.1	SAMD00565567	84	FN	8300	Enterococcus faecium	75_to_100x	false	12	0	0.7272727272727273	0.7272727272727273	0.8483601213458016	0.6722004853130973	high
v1.1	SAMD00565567	88	FN	7428	Enterococcus faecium	75_to_100x	false	12	0	0.6666666666666666	0.6666666666666666	0.4146671239479616	0.08389023606483663	high
v1.1	SAMD00565567	91	FN	6668	Enterococcus faecium	75_to_100x	false	12	0	0.6363636363636364	0.6363636363636364	0.8169176780525376	0.2845668052551718	high
v1.1	SAMD00565567	92	FN	6421	Enterococcus faecium	75_to_100x	false	12	0	0.7	0.7	0.6977069436403512	0.3616850906639446	high
v1.1	SAMD00565567	93	FN	6188	Enterococcus faecium	75_to_100x	false	12	0	0.9090909090909091	0.9090909090909091	0.9988498180665119	0.5052234832211744	high
v1.1	SAMD00565567	100	FN	5733	Enterococcus faecium	75_to_100x	false	12	0	0.9090909090909091	0.9090909090909091	0.976121211009001	0.8684213988561268	high
v1.1	SAMD00565567	101	FN	5347	Enterococcus faecium	75_to_100x	false	12	0	0.9090909090909091	0.9090909090909091	0.9952965484376111	0.8433891625434792	high
v1.1	SAMD00565567	102	FN	5344	Enterococcus faecium	75_to_100x	false	12	0	0.9090909090909091	0.9090909090909091	0.976121211009001	0.8684213988561268	high
v1.1	SAMD00565567	105	FN	4686	Enterococcus faecium	75_to_100x	false	12	0	0.8181818181818182	0.8181818181818182	0.9584194035239814	0.4457341273418065	high
v1.1	SAMD00565567	110	FN	4420	Enterococcus faecium	75_to_100x	false	12	0	0.7272727272727273	0.7272727272727273	0.7600160144229514	0.2154713481661654	high
v1.1	SAMD00565567	111	FN	4380	Enterococcus faecium	75_to_100x	false	12	0	0.8181818181818182	0.8181818181818182	0.9584194035239814	0.4457341273418065	high
v1.1	SAMD00565567	112	FN	4372	Enterococcus faecium	75_to_100x	false	12	0	0.7272727272727273	0.7272727272727273	0.8175024816909233	0.28872003683064335	high
v1.1	SAMD00565567	115	FN	3936	Enterococcus faecium	75_to_100x	false	12	0	0.8181818181818182	0.8181818181818182	0.9584194035239814	0.35192298908256864	high
v1.1	SAMD00565567	118	FN	3663	Enterococcus faecium	75_to_100x	true	12	0	0.8181818181818182	0.8181818181818182	0.8937203351298281	0.7747394878307946	high
v1.1	SAMD00565567	119	FN	3656	Enterococcus faecium	75_to_100x	false	12	0	0.8333333333333334	0.8333333333333334	0.9929225458808841	0.8886557907330865	high
v1.1	SAMD00565567	121	FN	3547	Enterococcus faecium	75_to_100x	false	12	0	0.8181818181818182	0.8181818181818182	0.9584194035239814	0.35192298908256864	high
v1.1	SAMD00565567	122	FN	3403	Enterococcus faecium	75_to_100x	false	12	0	0.8	0.8	0.919752115213786	0.4361665327127485	high
v1.1	SAMD00565567	123	FN	3330	Enterococcus faecium	75_to_100x	false	12	0	0.7	0.7	0.8030443944307281	0.7324491154537194	high
v1.1	SAMD00565567	127	FN	2846	Enterococcus faecium	75_to_100x	false	12	0	0.9090909090909091	0.9090909090909091	0.976121211009001	0.7979772823185088	high
v1.1	SAMD00565567	128	FN	2697	Enterococcus faecium	75_to_100x	false	12	0	0.8	0.8	0.919752115213786	0.4361665327127485	high
v1.1	SAMD00565567	130	FN	2570	Enterococcus faecium	75_to_100x	false	12	0	0.8181818181818182	0.8181818181818182	0.9584194035239814	0.35192298908256864	high
v1.1	SAMD00565567	134	FN	2273	Enterococcus faecium	75_to_100x	false	12	0	0.6363636363636364	0.6363636363636364	0.7593012364223598	0.20086752162254973	high
v1.1	SAMD00565567	136	FN	2070	Enterococcus faecium	75_to_100x	false	12	0	0.8	0.8	0.9529348266788944	0.8314097030089823	high
v1.1	SAMD00565567	138	FN	2006	Enterococcus faecium	75_to_100x	false	12	0	0.7272727272727273	0.7272727272727273	0.9770809823080131	0.6162813375747407	high
v1.1	SAMD00565567	140	FN	1940	Enterococcus faecium	75_to_100x	false	12	0	0.7777777777777778	0.7777777777777778	0.8290234405911397	0.7885770309259507	high
v1.1	SAMD00565567	141	FN	1918	Enterococcus faecium	75_to_100x	true	12	0	0.45454545454545453	0.5454545454545454	0.08394183598879341	0.12818288956295684	high
v1.1	SAMD00565567	144	FN	1829	Enterococcus faecium	75_to_100x	false	12	0	0.7	0.7	0.9220564628012747	0.27997730877448457	high
v1.1	SAMD00565567	147	FN	1703	Enterococcus faecium	75_to_100x	true	12	0	0.8	0.8	0.9420308381334653	0.9199380248267619	high
v1.1	SAMD00565567	149	FN	1545	Enterococcus faecium	75_to_100x	false	12	0	0.7272727272727273	0.7272727272727273	0.8483601213458016	0.6588672998537486	high
v1.1	SAMD00565567	151	FN	1487	Enterococcus faecium	75_to_100x	false	12	0	0.8	0.8	0.9056454774147001	0.8438211798287509	high
v1.1	SAMD00565567	154	FN	1425	Enterococcus faecium	75_to_100x	false	12	0	0.6363636363636364	0.6363636363636364	0.5350721749515018	0.6588672998537486	high
v1.1	SAMD00565567	157	FN	1364	Enterococcus faecium	75_to_100x	false	12	0	0.6363636363636364	0.6363636363636364	0.8252686979418431	0.22815234774400717	high
v1.1	SAMD00565567	158	FN	1355	Enterococcus faecium	75_to_100x	false	12	0	0.6363636363636364	0.6363636363636364	0.8252686979418431	0.22815234774400717	high
v1.1	SAMD00565567	159	FN	1339	Enterococcus faecium	75_to_100x	true	12	0	0.8	0.8	0.9420308381334653	0.9199380248267619	high
v1.1	SAMD00565567	162	FN	1249	Enterococcus faecium	75_to_100x	false	12	0	0.7272727272727273	0.7272727272727273	0.8483601213458016	0.6588672998537486	high
v1.1	SAMD00565567	163	FN	1238	Enterococcus faecium	75_to_100x	false	12	0	0.6363636363636364	0.6363636363636364	0.8252686979418431	0.22815234774400717	high
v1.1	SAMD00565567	165	FN	1083	Enterococcus faecium	75_to_100x	false	12	0	0.7	0.7	0.8118825015391135	0.7249066052856756	high
v1.1	SAMD00565567	166	FN	1075	Enterococcus faecium	75_to_100x	false	12	0	0.7	0.7	0.9220564628012747	0.2963142692994298	high
v1.1	SAMD00577372	21	FN	55848	Enterococcus faecium	ge_100x	true	12	0	0.6666666666666666	0.6666666666666666	0.84091765654465	0.9483005706731379	high
v1.1	SAMD00577372	24	FN	51637	Enterococcus faecium	ge_100x	false	12	0	1.0	1.0	0.9985999618194983	0.8652635841478818	high
v1.1	SAMD00577372	29	FN	19647	Enterococcus faecium	ge_100x	false	12	0	0.9	0.9	0.9514953540315986	0.6573073168162883	high
v1.1	SAMD00577372	30	FN	19566	Enterococcus faecium	ge_100x	true	12	0	0.75	0.75	0.8453536497494889	0.937056872346118	high
v1.1	SAMD00577372	32	FN	13820	Enterococcus faecium	ge_100x	false	12	0	0.9090909090909091	0.9090909090909091	0.976121211009001	0.7915139874454217	high
v1.1	SAMD00577372	35	FN	10012	Enterococcus faecium	ge_100x	true	12	0	0.9090909090909091	0.9090909090909091	0.976121211009001	0.7915139874454217	high
v1.1	SAMD00577372	37	FN	7622	Enterococcus faecium	ge_100x	false	12	0	0.7272727272727273	0.7272727272727273	0.8258325137717292	0.5153242777171051	high
v1.1	SAMD00577372	38	FN	7538	Enterococcus faecium	ge_100x	true	12	0	0.9090909090909091	0.9090909090909091	0.976121211009001	0.5443729902053174	high
v1.1	SAMD00577372	39	FN	6960	Enterococcus faecium	ge_100x	false	12	0	0.8181818181818182	0.8181818181818182	0.8937203351298281	0.4895592636604442	high
v1.1	SAMD00577372	42	FN	5847	Enterococcus faecium	ge_100x	false	12	0	0.8181818181818182	0.8181818181818182	0.8881976497022714	0.48412510241078377	high
v1.1	SAMD00577372	43	FN	5433	Enterococcus faecium	ge_100x	false	12	0	1.0	1.0	0.9993511297168415	0.7152202121271344	high
v1.1	SAMD00577372	44	FN	5278	Enterococcus faecium	ge_100x	true	12	0	0.6363636363636364	0.6363636363636364	0.4503306221323281	0.35899409985182373	high
v1.1	SAMD00577372	45	FN	4780	Enterococcus faecium	ge_100x	false	12	0	0.9	0.9	0.9514953540315986	0.36820522972381486	high
v1.1	SAMD00577372	46	FN	4680	Enterococcus faecium	ge_100x	false	12	0	0.9090909090909091	0.9090909090909091	0.976121211009001	0.5443729902053174	high
v1.1	SAMD00577372	47	FN	4186	Enterococcus faecium	ge_100x	true	12	0	0.9166666666666666	0.9166666666666666	0.9931544050611385	0.9007032353933848	high
v1.1	SAMD00577372	49	FN	3685	Enterococcus faecium	ge_100x	true	12	0	0.5833333333333334	0.5833333333333334	0.9506805552025154	0.27440079067712975	high
v1.1	SAMD00577372	50	FN	3289	Enterococcus faecium	ge_100x	false	12	0	0.8181818181818182	0.8181818181818182	0.9760297891223917	0.4133894735682244	high
v1.1	SAMD00577372	52	FN	2768	Enterococcus faecium	ge_100x	false	12	0	0.8181818181818182	0.8181818181818182	0.8881976497022714	0.38788856277136696	high
v1.1	SAMD00577372	54	FN	2377	Enterococcus faecium	ge_100x	false	12	0	0.8181818181818182	0.8181818181818182	0.9760297891223917	0.380002479797498	high
v1.1	SAMD00577372	55	FN	2310	Enterococcus faecium	ge_100x	true	12	0	0.36363636363636365	0.6363636363636364	0.965894039127876	0.13522291146760412	high
v1.1	SAMD00577372	56	FN	2304	Enterococcus faecium	ge_100x	false	12	0	0.6363636363636364	0.6363636363636364	0.8169176780525376	0.43635473609691644	high
v1.1	SAMD00577372	58	FN	2020	Enterococcus faecium	ge_100x	true	12	0	0.6363636363636364	0.6363636363636364	0.6194629902269139	0.2710084882712125	high
v1.1	SAMD00577372	59	FN	1896	Enterococcus faecium	ge_100x	false	12	0	0.6666666666666666	0.6666666666666666	0.5048983372430645	0.25888389390362054	high
v1.1	SAMD00577372	60	FN	1840	Enterococcus faecium	ge_100x	true	12	0	0.8333333333333334	0.8333333333333334	0.9929225458808841	0.6671276352791078	high
v1.1	SAMD00577372	61	FN	1780	Enterococcus faecium	ge_100x	false	12	0	0.6363636363636364	0.6363636363636364	0.6194629902269139	0.3060186272604474	high
v1.1	SAMD00577372	62	FN	1759	Enterococcus faecium	ge_100x	false	12	0	0.8181818181818182	0.8181818181818182	0.9760297891223917	0.42955336563985325	high
v1.1	SAMD00577372	63	FN	1178	Enterococcus faecium	ge_100x	false	12	0	0.45454545454545453	0.5454545454545454	0.9895981887581237	0.36621965428312353	high
v1.1	SAMD00577373	24	FN	12731	Enterococcus faecalis	50_to_75x	true	12	0	0.6363636363636364	0.6363636363636364	0.8252686979418431	0.5937635047887181	high
v1.1	SAMD00577373	27	FN	10863	Enterococcus faecalis	50_to_75x	false	12	0	0.9090909090909091	0.9090909090909091	0.9988498180665119	0.6720169608062684	high
v1.1	SAMD00623430	12	FN	57347	Enterococcus faecium	ge_100x	false	12	0	0.9090909090909091	0.9090909090909091	0.9952965484376111	0.9475722659300311	high
v1.1	SAMD00623430	66	FN	13350	Enterococcus faecium	ge_100x	false	12	0	0.9	0.9	0.9514953540315986	0.9281353491929185	high
v1.1	SAMD00623430	68	FN	12331	Enterococcus faecium	ge_100x	true	12	0	0.7272727272727273	0.7272727272727273	0.8483601213458016	0.7983757035910914	high
v1.1	SAMD00623430	71	FN	10666	Enterococcus faecium	ge_100x	false	12	0	0.6363636363636364	0.6363636363636364	0.7593012364223598	0.3367781134262019	high
v1.1	SAMD00623430	75	FN	9620	Enterococcus faecium	ge_100x	false	12	0	0.75	0.75	0.9492724375550261	0.8554964828597951	high
v1.1	SAMD00623430	79	FN	8884	Enterococcus faecium	ge_100x	false	12	0	0.9090909090909091	0.9090909090909091	0.9952965484376111	0.9079130239740169	high
v1.1	SAMD00623430	92	FN	6303	Enterococcus faecium	ge_100x	false	12	0	0.8181818181818182	0.8181818181818182	0.9584194035239814	0.5480665842795138	high
v1.1	SAMD00623430	93	FN	6138	Enterococcus faecium	ge_100x	false	12	0	0.6666666666666666	0.6666666666666666	0.46943185639990775	0.6491424938371059	high
v1.1	SAMD00623430	96	FN	5851	Enterococcus faecium	ge_100x	false	12	0	0.9090909090909091	0.9090909090909091	0.9988498180665119	0.6111122739190463	high
v1.1	SAMD00623430	98	FN	5638	Enterococcus faecium	ge_100x	false	12	0	0.8333333333333334	0.8333333333333334	0.9508635198395291	0.9040565096220001	high
v1.1	SAMD00623430	104	FN	4814	Enterococcus faecium	ge_100x	false	12	0	0.8181818181818182	0.8181818181818182	0.8488630723085183	0.8838378924585432	high
v1.1	SAMD00623430	105	FN	4410	Enterococcus faecium	ge_100x	false	12	0	0.7272727272727273	0.7272727272727273	0.8483601213458016	0.7896646183346219	high
v1.1	SAMD00623430	109	FN	4017	Enterococcus faecium	ge_100x	false	12	0	0.8181818181818182	0.8181818181818182	0.9760297891223917	0.8520584684399752	high
v1.1	SAMD00623430	112	FN	3275	Enterococcus faecium	ge_100x	true	12	0	0.4166666666666667	0.5833333333333334	0.2126585469214157	0.5953768564262293	high
v1.1	SAMD00623430	122	FN	1835	Enterococcus faecium	ge_100x	false	12	0	0.6363636363636364	0.6363636363636364	0.5209033701734538	0.761620834959316	high
v1.1	SAMD00623430	124	FN	1610	Enterococcus faecium	ge_100x	false	12	0	0.8	0.8	0.9529348266788944	0.8915245848768643	high
v1.1	SAMD00623430	134	FN	1266	Enterococcus faecium	ge_100x	false	12	0	0.8181818181818182	0.8181818181818182	0.9760297891223917	0.844346970973892	high
v1.1	SAMD00748008	17	FN	55304	Enterococcus faecalis	ge_100x	false	12	0	0.8181818181818182	0.8181818181818182	0.9941097538018421	0.5746288899038728	high
v1.1	SAMD00748008	20	FN	51345	Enterococcus faecalis	ge_100x	true	12	0	0.5	0.5	0.7843329391739225	0.5153300305421361	high
v1.1	SAMD00748008	24	FN	39970	Enterococcus faecalis	ge_100x	false	12	0	0.9090909090909091	0.9090909090909091	0.9966701551639537	0.8428554159276038	high
v1.1	SAMEA117852477	29	FN	30442	Enterococcus faecium	75_to_100x	false	12	0	0.7272727272727273	0.7272727272727273	0.5218803117744132	0.8731339774135084	high
v1.1	SAMEA117852477	52	FN	11886	Enterococcus faecium	75_to_100x	false	12	0	0.9090909090909091	0.9090909090909091	0.976121211009001	0.9514537584676356	high
v1.1	SAMEA117852477	56	FN	11217	Enterococcus faecium	75_to_100x	false	12	0	0.8888888888888888	0.8888888888888888	0.8181153136535995	0.9351771241381913	high
v1.1	SAMEA117852477	58	FN	10636	Enterococcus faecium	75_to_100x	false	12	0	0.7272727272727273	0.7272727272727273	0.8258325137717292	0.40881230423598414	high
v1.1	SAMEA117852477	66	FN	9306	Enterococcus faecium	75_to_100x	false	12	0	0.8181818181818182	0.8181818181818182	0.8488630723085183	0.8838378924585432	high
v1.1	SAMEA117852477	72	FN	8077	Enterococcus faecium	75_to_100x	false	12	0	0.6	0.6	0.7043377449205257	0.4658127985726866	high
v1.1	SAMEA117852477	81	FN	5882	Enterococcus faecium	75_to_100x	false	12	0	0.9	0.9	0.9514953540315986	0.9217038764646883	high
v1.1	SAMEA117852477	84	FN	5565	Enterococcus faecium	75_to_100x	false	12	0	0.75	0.75	0.7896899118601343	0.12108165873732847	high
v1.1	SAMEA117852477	94	FN	3863	Enterococcus faecium	75_to_100x	false	12	0	0.8181818181818182	0.8181818181818182	0.9584194035239814	0.4552446472569246	high
v1.1	SAMEA117852477	97	FN	3344	Enterococcus faecium	75_to_100x	false	12	0	0.7272727272727273	0.7272727272727273	0.7600160144229514	0.3345884192060537	high
v1.1	SAMEA117852477	101	FN	3183	Enterococcus faecium	75_to_100x	false	12	0	0.7272727272727273	0.7272727272727273	0.8483601213458016	0.7896646183346219	high
v1.1	SAMEA117852477	110	FN	2303	Enterococcus faecium	75_to_100x	false	12	0	0.7272727272727273	0.7272727272727273	0.8483601213458016	0.7655474948526491	high
v1.1	SAMEA117852477	111	FN	2231	Enterococcus faecium	75_to_100x	false	12	0	0.7272727272727273	0.7272727272727273	0.9582631066501253	0.29580784493045664	high
v1.1	SAMEA117852477	112	FN	2229	Enterococcus faecium	75_to_100x	false	12	0	0.7272727272727273	0.7272727272727273	0.8933479043144746	0.7021775261345994	high
v1.1	SAMEA117852477	113	FN	2095	Enterococcus faecium	75_to_100x	false	12	0	0.7272727272727273	0.7272727272727273	0.9582631066501253	0.29580784493045664	high
v1.1	SAMEA117852477	126	FN	1355	Enterococcus faecium	75_to_100x	false	12	0	0.6	0.6	0.8510556566253494	0.3275364191991451	high
v1.1	SAMEA117852477	128	FN	1328	Enterococcus faecium	75_to_100x	false	12	0	0.7272727272727273	0.7272727272727273	0.8483601213458016	0.7795423071588461	high
v1.1	SAMEA117852477	129	FN	1180	Enterococcus faecium	75_to_100x	false	12	0	0.45454545454545453	0.5454545454545454	0.08394183598879341	0.20563996890429803	high
v1.1	SAMEA121008655	18	FN	97704	Serratia spp.	ge_100x	false	11	1	0.7272727272727273	0.7272727272727273	0.9938153690502675	0.5170944954094837	high
v1.1	SAMN10435561	18	FN	43581	Citrobacter spp.	ge_100x	false	12	0	0.9166666666666666	0.9166666666666666	0.9986702433695193	0.5861162453655074	high
v1.1	SAMN10435561	19	FN	40697	Citrobacter spp.	ge_100x	false	12	0	0.8333333333333334	0.8333333333333334	0.9508635198395291	0.5737337714415608	high
v1.1	SAMN10435561	21	FN	33783	Citrobacter spp.	ge_100x	false	12	0	0.9166666666666666	0.9166666666666666	0.9986702433695193	0.5861162453655074	high
v1.1	SAMN10435561	25	FN	13587	Citrobacter spp.	ge_100x	false	12	0	0.8333333333333334	0.8333333333333334	0.9508635198395291	0.292143465737231	high
v1.1	SAMN10435561	27	FN	9755	Citrobacter spp.	ge_100x	true	12	0	0.8333333333333334	0.8333333333333334	0.9508635198395291	0.1981853306675297	high
v1.1	SAMN10435561	28	FN	6727	Citrobacter spp.	ge_100x	true	12	0	0.75	0.75	0.9492724375550261	0.23702654671400236	high
v1.1	SAMN10435561	29	FN	4965	Citrobacter spp.	ge_100x	true	12	0	0.8333333333333334	0.8333333333333334	0.9508635198395291	0.1981853306675297	high
v1.1	SAMN10435561	30	FN	4327	Citrobacter spp.	ge_100x	false	12	0	0.8333333333333334	0.8333333333333334	0.9508635198395291	0.1981853306675297	high
v1.1	SAMN10435561	32	FN	3881	Citrobacter spp.	ge_100x	false	12	0	0.8333333333333334	0.8333333333333334	0.9508635198395291	0.1981853306675297	high
v1.1	SAMN10435561	33	FN	3745	Citrobacter spp.	ge_100x	true	12	0	0.8333333333333334	0.8333333333333334	0.9929225458808841	0.4453815192866212	high
v1.1	SAMN10435561	34	FN	2600	Citrobacter spp.	ge_100x	true	12	0	0.75	0.75	0.9492724375550261	0.1781228784396463	high
v1.1	SAMN10435561	35	FN	2453	Citrobacter spp.	ge_100x	false	12	0	0.8181818181818182	0.8181818181818182	0.9857017881103314	0.18384495268758716	high
v1.1	SAMN10435561	36	FN	2186	Citrobacter spp.	ge_100x	true	12	0	0.8333333333333334	0.8333333333333334	0.9929225458808841	0.37539711176098517	high
v1.1	SAMN10435561	37	FN	2123	Citrobacter spp.	ge_100x	false	12	0	0.75	0.75	0.9492724375550261	0.15205890777509712	high
v1.1	SAMN10435561	38	FN	2061	Citrobacter spp.	ge_100x	false	12	0	0.7	0.7	0.7759819264665878	0.2590949518792718	high
v1.1	SAMN10435561	39	FN	1853	Citrobacter spp.	ge_100x	true	12	0	0.8	0.8	0.9420308381334653	0.22834390851128541	high
v1.1	SAMN10435561	40	FN	1699	Citrobacter spp.	ge_100x	false	12	0	0.6666666666666666	0.6666666666666666	0.9500513350318119	0.2217426163348921	high
v1.1	SAMN10435561	44	FN	1211	Citrobacter spp.	ge_100x	false	12	0	0.8	0.8	0.9420308381334653	0.402958385121995	high
v1.1	SAMN10435572	54	FP	21055	Citrobacter spp.	50_to_75x	false	12	0	0.8181818181818182	0.8181818181818182	0.9699349148543481	0.9793439915023808	high
v1.1	SAMN10435572	58	FN	14281	Citrobacter spp.	50_to_75x	false	12	0	0.75	0.75	0.8299760205088481	0.9344920339911679	high
v1.1	SAMN10435572	70	FN	7016	Citrobacter spp.	50_to_75x	false	12	0	0.5	0.5	0.985879220627079	0.8893217746489337	high
v1.1	SAMN10435572	76	FP	4255	Citrobacter spp.	50_to_75x	false	12	0	0.5	0.5	0.9873709147351248	0.9698190978993854	high
v1.1	SAMN10435572	90	FN	2182	Citrobacter spp.	50_to_75x	false	12	0	0.5	0.5	0.9975107036737277	0.9468974352716182	high
v1.1	SAMN10435572	96	FP	1504	Citrobacter spp.	50_to_75x	false	12	0	0.6363636363636364	0.6363636363636364	0.8246003264020063	0.9614758180735093	high
v1.1	SAMN10435572	97	FN	1367	Citrobacter spp.	50_to_75x	false	12	0	0.6363636363636364	0.6363636363636364	0.8252686979418431	0.902588745154687	high
v1.1	SAMN10435572	99	FP	1329	Citrobacter spp.	50_to_75x	false	12	0	0.5	0.5	0.9975107036737277	0.9614974566003511	high
v1.1	SAMN12405233	15	FN	3461	Serratia spp.	75_to_100x	false	11	1	0.45454545454545453	0.5454545454545454	0.7413685061094392	0.1888627834674307	high
v1.1	SAMN13382572	56	FN	9849	Klebsiella pneumoniae	50_to_75x	false	12	0	0.5	0.5	0.9956109046684241	0.8822477620088538	high
v1.1	SAMN13382572	64	FN	5357	Klebsiella pneumoniae	50_to_75x	false	12	0	0.36363636363636365	0.6363636363636364	0.7009887745497694	0.5232434687980169	high
v1.1	SAMN13382572	74	FN	3446	Klebsiella pneumoniae	50_to_75x	false	12	0	0.75	0.75	0.9406882464325212	0.9409901700595827	high
v1.1	SAMN13382572	84	FN	2085	Klebsiella pneumoniae	50_to_75x	false	12	0	0.6666666666666666	0.6666666666666666	0.9150169547806626	0.9090629499823691	high
v1.1	SAMN13382572	86	FN	1967	Klebsiella pneumoniae	50_to_75x	false	12	0	0.75	0.75	0.9516192321271825	0.9443128630214459	high
v1.1	SAMN13382572	88	FN	1743	Klebsiella pneumoniae	50_to_75x	false	12	0	0.4	0.6	0.7374240852756336	0.8028321925364313	high
v1.1	SAMN13382572	95	FN	1122	Klebsiella pneumoniae	50_to_75x	false	12	0	0.7272727272727273	0.7272727272727273	0.9509063888355446	0.9483283348531553	high
v1.1	SAMN13382572	96	FN	1101	Klebsiella pneumoniae	50_to_75x	false	12	0	0.5833333333333334	0.5833333333333334	0.9123720989070611	0.9333328086697654	high
v1.1	SAMN13382572	97	FN	1091	Klebsiella pneumoniae	50_to_75x	false	12	0	0.7272727272727273	0.7272727272727273	0.992837627569675	0.9483283348531553	high
v1.1	SAMN13382572	99	FN	1021	Klebsiella pneumoniae	50_to_75x	false	12	0	0.6666666666666666	0.6666666666666666	0.9110606383483703	0.9333328086697654	high
v1.1	SAMN13382579	23	FN	17967	Klebsiella pneumoniae	50_to_75x	false	12	0	0.6666666666666666	0.6666666666666666	0.6790244802303577	0.9289561530208983	high
v1.1	SAMN13382579	30	FN	7844	Klebsiella pneumoniae	50_to_75x	false	12	0	0.6666666666666666	0.6666666666666666	0.46943185639990775	0.9363874745898759	high
v1.1	SAMN13382579	46	FN	3233	Klebsiella pneumoniae	50_to_75x	false	12	0	0.4166666666666667	0.5833333333333334	0.49745230763798026	0.11143281225775341	high
v1.1	SAMN13382579	56	FN	2198	Klebsiella pneumoniae	50_to_75x	false	12	0	0.25	0.75	0.2524849894255612	0.006789282367002052	high
v1.1	SAMN13382579	57	FN	2159	Klebsiella pneumoniae	50_to_75x	false	12	0	0.5454545454545454	0.5454545454545454	0.44936173666691653	0.9297931059548941	high
v1.1	SAMN13382579	60	FN	1994	Klebsiella pneumoniae	50_to_75x	false	12	0	0.5454545454545454	0.5454545454545454	0.44936173666691653	0.9297931059548941	high
v1.1	SAMN13382579	63	FN	1891	Klebsiella pneumoniae	50_to_75x	false	12	0	0.4166666666666667	0.5833333333333334	0.9767957221225614	0.9485776946652356	high
v1.1	SAMN13382579	64	FN	1836	Klebsiella pneumoniae	50_to_75x	false	12	0	0.45454545454545453	0.5454545454545454	0.993829937627673	0.9459502753062201	high
v1.1	SAMN13382579	71	FN	1613	Klebsiella pneumoniae	50_to_75x	false	12	0	0.2727272727272727	0.7272727272727273	0.7439602219814591	0.023185008339460404	high
v1.1	SAMN13382579	74	FN	1545	Klebsiella pneumoniae	50_to_75x	false	12	0	0.4166666666666667	0.5833333333333334	0.9918788646503687	0.823473667876149	high
v1.1	SAMN13382579	75	FN	1545	Klebsiella pneumoniae	50_to_75x	false	12	0	0.4166666666666667	0.5833333333333334	0.9918788646503687	0.823473667876149	high
v1.1	SAMN13382579	76	FN	1541	Klebsiella pneumoniae	50_to_75x	false	12	0	0.36363636363636365	0.6363636363636364	0.9365394451403029	0.8728855971926774	high
v1.1	SAMN13382579	81	FN	1362	Klebsiella pneumoniae	50_to_75x	false	12	0	0.6363636363636364	0.6363636363636364	0.9760184397863514	0.9485202026373054	high
v1.1	SAMN13382579	82	FN	1335	Klebsiella pneumoniae	50_to_75x	false	12	0	0.75	0.75	0.937435332346856	0.9483374419275084	high
v1.1	SAMN13382579	84	FN	1197	Klebsiella pneumoniae	50_to_75x	false	12	0	0.45454545454545453	0.5454545454545454	0.38302576817414785	0.8816671184950141	high
v1.1	SAMN13382579	85	FN	1157	Klebsiella pneumoniae	50_to_75x	false	12	0	0.36363636363636365	0.6363636363636364	0.907071578704717	0.9448747238277272	high
v1.1	SAMN13382581	60	FN	8653	Klebsiella pneumoniae	ge_100x	false	12	0	0.3333333333333333	0.6666666666666666	0.7627687191722259	0.4216066938720493	high
v1.1	SAMN13382581	64	FN	5807	Klebsiella pneumoniae	ge_100x	false	12	0	0.5	0.5	0.7843329391739225	0.9373291515434047	high
v1.1	SAMN13382581	75	FN	3368	Klebsiella pneumoniae	ge_100x	false	12	0	0.3333333333333333	0.6666666666666666	0.38549230572859566	0.33435682615047735	high
v1.1	SAMN13382581	78	FN	2921	Klebsiella pneumoniae	ge_100x	false	12	0	0.3333333333333333	0.6666666666666666	0.024711780572106334	0.7312631469359604	high
v1.1	SAMN13382581	82	FN	2557	Klebsiella pneumoniae	ge_100x	false	12	0	0.75	0.75	0.9877632919681095	0.9466300093680832	high
v1.1	SAMN13382581	85	FN	1920	Klebsiella pneumoniae	ge_100x	false	12	0	0.16666666666666666	0.8333333333333334	0.08205545950840865	0.0057115192985499235	high
v1.1	SAMN13382581	88	FN	1855	Klebsiella pneumoniae	ge_100x	false	12	0	0.6363636363636364	0.6363636363636364	0.8831021646495479	0.929360785061903	high
v1.1	SAMN13382581	92	FN	1340	Klebsiella pneumoniae	ge_100x	false	12	0	0.45454545454545453	0.5454545454545454	0.07533192841157481	0.9106673056161115	high
v1.1	SAMN13382581	93	FN	1331	Klebsiella pneumoniae	ge_100x	false	12	0	0.08333333333333333	0.9166666666666666	0.01874023391234934	0.0055784346897578985	high
v1.1	SAMN13382597	54	FN	19616	Klebsiella pneumoniae	50_to_75x	false	12	0	0.6666666666666666	0.6666666666666666	0.6790244802303577	0.9320508522207469	high
v1.1	SAMN13382597	57	FN	18909	Klebsiella pneumoniae	50_to_75x	false	12	0	0.75	0.75	0.9137413354205492	0.9342878144895005	high
v1.1	SAMN13382597	67	FN	11979	Klebsiella pneumoniae	50_to_75x	false	12	0	0.6666666666666666	0.6666666666666666	0.6790244802303577	0.9289561530208983	high
v1.1	SAMN13382597	71	FN	8377	Klebsiella pneumoniae	50_to_75x	false	12	0	0.75	0.75	0.9137413354205492	0.9324135752714592	high
v1.1	SAMN13382597	74	FN	5876	Klebsiella pneumoniae	50_to_75x	false	12	0	0.6666666666666666	0.6666666666666666	0.7276803953935368	0.8527666822074961	high
v1.1	SAMN13382597	87	FN	2671	Klebsiella pneumoniae	50_to_75x	false	12	0	0.75	0.75	0.937435332346856	0.9466300093680832	high
v1.1	SAMN13382597	89	FN	2451	Klebsiella pneumoniae	50_to_75x	false	12	0	0.75	0.75	0.9492724375550261	0.943037158831234	high
v1.1	SAMN13382597	90	FN	2249	Klebsiella pneumoniae	50_to_75x	false	12	0	0.75	0.75	0.993036133590978	0.9401680854523903	high
v1.1	SAMN13382597	96	FN	1887	Klebsiella pneumoniae	50_to_75x	false	12	0	0.6666666666666666	0.6666666666666666	0.9500513350318119	0.920801058408718	high
v1.1	SAMN13382597	98	FN	1723	Klebsiella pneumoniae	50_to_75x	false	12	0	0.6363636363636364	0.6363636363636364	0.9760184397863514	0.9485202026373054	high
v1.1	SAMN13382597	99	FN	1578	Klebsiella pneumoniae	50_to_75x	false	12	0	0.6666666666666666	0.6666666666666666	0.7792781134159518	0.9409403174460156	high
v1.1	SAMN17766463	30	FN	18431	Klebsiella pneumoniae	30_to_50x	false	12	0	0.6666666666666666	0.6666666666666666	0.7495178318541625	0.8766849913096723	high
v1.1	SAMN17766463	32	FN	12442	Klebsiella pneumoniae	30_to_50x	false	12	0	0.8333333333333334	0.8333333333333334	0.9996645917049077	0.9029365976175341	high
v1.1	SAMN17766463	33	FN	11461	Klebsiella pneumoniae	30_to_50x	false	12	0	0.8333333333333334	0.8333333333333334	0.9508635198395291	0.4398516235060339	high
v1.1	SAMN17766463	36	FN	8250	Klebsiella pneumoniae	30_to_50x	false	12	0	0.9166666666666666	0.9166666666666666	0.9931544050611385	0.8879144831155961	high
v1.1	SAMN17766463	37	FN	7863	Klebsiella pneumoniae	30_to_50x	false	12	0	0.6666666666666666	0.6666666666666666	0.4146671239479616	0.2669992335398035	high
v1.1	SAMN17766463	39	FN	6595	Klebsiella pneumoniae	30_to_50x	false	12	0	0.75	0.75	0.5641119225002442	0.2733595202089573	high
v1.1	SAMN17766463	41	FN	4718	Klebsiella pneumoniae	30_to_50x	false	12	0	0.6666666666666666	0.6666666666666666	0.7792781134159518	0.29461129758733695	high
v1.1	SAMN17766463	43	FN	4327	Klebsiella pneumoniae	30_to_50x	false	12	0	0.75	0.75	0.7849934510745252	0.29461129758733695	high
v1.1	SAMN17766463	45	FN	3701	Klebsiella pneumoniae	30_to_50x	false	12	0	0.9166666666666666	0.9166666666666666	0.9996756519149296	0.9333382002124352	high
v1.1	SAMN17766463	46	FN	3628	Klebsiella pneumoniae	30_to_50x	false	12	0	0.75	0.75	0.937435332346856	0.8257862951372209	high
v1.1	SAMN17766463	47	FN	3420	Klebsiella pneumoniae	30_to_50x	false	12	0	0.5	0.5	0.9873709147351248	0.6703043349093771	high
v1.1	SAMN17766463	50	FN	2285	Klebsiella pneumoniae	30_to_50x	false	12	0	0.8181818181818182	0.8181818181818182	0.9857017881103314	0.38703948671263183	high
v1.1	SAMN17766463	51	FN	1889	Klebsiella pneumoniae	30_to_50x	false	12	0	0.7272727272727273	0.7272727272727273	0.9863347625751863	0.32770462013953144	high
v1.1	SAMN17766463	53	FN	1590	Klebsiella pneumoniae	30_to_50x	false	12	0	0.6666666666666666	0.6666666666666666	0.9500513350318119	0.28092931525428744	high
v1.1	SAMN17766463	56	FN	1332	Klebsiella pneumoniae	30_to_50x	false	12	0	0.7272727272727273	0.7272727272727273	0.9305445811467162	0.5210364544608566	high
v1.1	SAMN17766480	22	FN	44958	Klebsiella pneumoniae	50_to_75x	false	12	0	0.08333333333333333	0.9166666666666666	0.0023477360266118638	0.0011962008291016562	high
v1.1	SAMN17766480	31	FN	19811	Klebsiella pneumoniae	50_to_75x	false	12	0	0.75	0.75	0.9872714181965601	0.9371659735277205	high
v1.1	SAMN17766480	61	FN	2476	Klebsiella pneumoniae	50_to_75x	false	12	0	0.5833333333333334	0.5833333333333334	0.9364160330401656	0.9517923103639027	high
v1.1	SAMN17766480	63	FN	2105	Klebsiella pneumoniae	50_to_75x	false	12	0	0.75	0.75	0.9492724375550261	0.9443128630214459	high
v1.1	SAMN17766480	66	FN	1969	Klebsiella pneumoniae	50_to_75x	false	12	0	0.3333333333333333	0.6666666666666666	0.9276949578552948	0.7691041147705453	high
v1.1	SAMN17766480	71	FN	1625	Klebsiella pneumoniae	50_to_75x	false	12	0	0.5	0.5	0.9953553147824763	0.8680433719040268	high
v1.1	SAMN17766480	73	FN	1443	Klebsiella pneumoniae	50_to_75x	false	12	0	0.5	0.5	0.9953553147824763	0.8680433719040268	high
v1.1	SAMN17766480	74	FP	1383	Klebsiella pneumoniae	50_to_75x	false	12	0	0.6363636363636364	0.6363636363636364	0.8246003264020063	0.9732631190340633	high
v1.1	SAMN17766507	14	FN	102967	Klebsiella pneumoniae	ge_100x	false	12	0	0.75	0.75	0.987146047145738	0.9267015876157686	high
v1.1	SAMN17766507	31	FN	16322	Klebsiella pneumoniae	ge_100x	false	12	0	0.8333333333333334	0.8333333333333334	0.9932642968525297	0.948935897056659	high
v1.1	SAMN17766507	34	FN	12816	Klebsiella pneumoniae	ge_100x	false	12	0	0.8333333333333334	0.8333333333333334	0.9666370174996789	0.9427244495412487	high
v1.1	SAMN17766507	36	FN	10499	Klebsiella pneumoniae	ge_100x	false	12	0	0.8333333333333334	0.8333333333333334	0.9647539237935542	0.9427244495412487	high
v1.1	SAMN17766507	38	FN	9936	Klebsiella pneumoniae	ge_100x	false	12	0	0.75	0.75	0.987146047145738	0.9147862434960291	high
v1.1	SAMN17766507	39	FN	9657	Klebsiella pneumoniae	ge_100x	false	12	0	1.0	1.0	0.999822425133984	0.9418372926047404	high
v1.1	SAMN17766507	40	FN	9336	Klebsiella pneumoniae	ge_100x	false	12	0	0.8333333333333334	0.8333333333333334	0.9647539237935542	0.8570992790480323	high
v1.1	SAMN17766507	41	FN	9248	Klebsiella pneumoniae	ge_100x	false	12	0	0.9166666666666666	0.9166666666666666	0.9931544050611385	0.9418372926047404	high
v1.1	SAMN17766507	42	FN	9075	Klebsiella pneumoniae	ge_100x	false	12	0	0.8333333333333334	0.8333333333333334	0.9647539237935542	0.8570992790480323	high
v1.1	SAMN17766507	44	FN	5312	Klebsiella pneumoniae	ge_100x	false	12	0	1.0	1.0	0.999822425133984	0.9471541005323327	high
v1.1	SAMN17766507	46	FN	4631	Klebsiella pneumoniae	ge_100x	false	12	0	0.8181818181818182	0.8181818181818182	0.93079718255601	0.7514625357998749	high
v1.1	SAMN17766507	47	FN	4278	Klebsiella pneumoniae	ge_100x	false	12	0	0.5454545454545454	0.5454545454545454	0.9119132674321526	0.697199070606574	high
v1.1	SAMN17766507	49	FN	4165	Klebsiella pneumoniae	ge_100x	false	12	0	0.8333333333333334	0.8333333333333334	0.9875647758701592	0.938640335153247	high
v1.1	SAMN17766507	51	FN	3958	Klebsiella pneumoniae	ge_100x	false	12	0	0.5833333333333334	0.5833333333333334	0.9506805552025154	0.6326175194310536	high
v1.1	SAMN17766507	54	FN	2948	Klebsiella pneumoniae	ge_100x	false	12	0	0.3333333333333333	0.6666666666666666	0.9276949578552948	0.6479974435409349	high
v1.1	SAMN17766507	56	FN	2767	Klebsiella pneumoniae	ge_100x	false	12	0	0.6666666666666666	0.6666666666666666	0.7889023520731259	0.42038277556513487	high
v1.1	SAMN17766507	57	FN	2733	Klebsiella pneumoniae	ge_100x	false	12	0	0.8333333333333334	0.8333333333333334	0.9875647758701592	0.9138405868416138	high
v1.1	SAMN17766507	58	FN	2692	Klebsiella pneumoniae	ge_100x	false	12	0	1.0	1.0	0.999822425133984	0.914722412854202	high
v1.1	SAMN17766507	60	FN	1929	Klebsiella pneumoniae	ge_100x	false	12	0	0.75	0.75	0.993036133590978	0.7418920669349013	high
v1.1	SAMN17766507	61	FN	1754	Klebsiella pneumoniae	ge_100x	false	12	0	0.6666666666666666	0.6666666666666666	0.987351162218125	0.9117500829754426	high
v1.1	SAMN17766507	62	FN	1749	Klebsiella pneumoniae	ge_100x	false	12	0	0.5	0.5	0.9975107036737277	0.8398785276103367	high
v1.1	SAMN17766507	67	FN	1451	Klebsiella pneumoniae	ge_100x	false	12	0	0.4166666666666667	0.5833333333333334	0.9767957221225614	0.8469016474676376	high
v1.1	SAMN17766507	68	FN	1388	Klebsiella pneumoniae	ge_100x	false	12	0	0.4166666666666667	0.5833333333333334	0.9767957221225614	0.8469016474676376	high
v1.1	SAMN17766507	69	FN	1268	Klebsiella pneumoniae	ge_100x	false	12	0	0.75	0.75	0.9655381836056843	0.867652300698906	high
v1.1	SAMN17766507	70	FN	1261	Klebsiella pneumoniae	ge_100x	false	12	0	0.7272727272727273	0.7272727272727273	0.8705147387133599	0.9094928799885752	high
v1.1	SAMN17766507	72	FN	1106	Klebsiella pneumoniae	ge_100x	false	12	0	0.7272727272727273	0.7272727272727273	0.8705147387133599	0.9094928799885752	high
v1.1	SAMN17766507	76	FN	1018	Klebsiella pneumoniae	ge_100x	false	12	0	0.6666666666666666	0.6666666666666666	0.987351162218125	0.9388814510164547	high
v1.1	SAMN22837217	28	FN	3225	Citrobacter spp.	75_to_100x	false	12	0	0.9090909090909091	0.9090909090909091	0.9857568595095695	0.265234194529854	high
v1.1	SAMN23424528	11	FN	70415	Enterococcus faecium	ge_100x	false	12	0	0.8181818181818182	0.8181818181818182	0.9916887540217667	0.47985212260070575	high
v1.1	SAMN23424528	15	FN	49405	Enterococcus faecium	ge_100x	false	12	0	0.9166666666666666	0.9166666666666666	0.9986702433695193	0.7358296774333632	high
v1.1	SAMN23424528	19	FN	15523	Enterococcus faecium	ge_100x	false	12	0	0.7272727272727273	0.7272727272727273	0.7600160144229514	0.355790916553783	high
v1.1	SAMN23424528	22	FN	7866	Enterococcus faecium	ge_100x	true	12	0	0.5	0.5	0.7199770375228083	0.15268035011868844	high
v1.1	SAMN23424528	23	FN	7011	Enterococcus faecium	ge_100x	false	12	0	0.5833333333333334	0.5833333333333334	0.32629355132464394	0.09595068983942731	high
v1.1	SAMN23424528	26	FN	5433	Enterococcus faecium	ge_100x	false	12	0	1.0	1.0	0.9993511297168415	0.5207246488686605	high
v1.1	SAMN23424528	27	FN	4506	Enterococcus faecium	ge_100x	true	12	0	0.8	0.8	0.8070027099899361	0.3776762572083569	high
v1.1	SAMN23424528	28	FN	4418	Enterococcus faecium	ge_100x	false	12	0	0.7272727272727273	0.7272727272727273	0.7600160144229514	0.34539920339965535	high
v1.1	SAMN23424528	31	FN	2512	Enterococcus faecium	ge_100x	true	12	0	0.36363636363636365	0.6363636363636364	0.7961839469468747	0.1033505340490062	high
v1.1	SAMN23424528	32	FN	1758	Enterococcus faecium	ge_100x	false	12	0	0.7272727272727273	0.7272727272727273	0.8483601213458016	0.28610077364094455	high
v1.1	SAMN23424532	25	FN	20413	Enterococcus faecium	75_to_100x	true	12	0	0.8333333333333334	0.8333333333333334	0.8727648359652314	0.7707151220070684	high
v1.1	SAMN23424532	27	FN	18976	Enterococcus faecium	75_to_100x	false	12	0	0.7272727272727273	0.7272727272727273	0.7600160144229514	0.2399341425021255	high
v1.1	SAMN23424532	29	FN	17043	Enterococcus faecium	75_to_100x	true	12	0	0.5454545454545454	0.5454545454545454	0.11238132725857243	0.11309002269137497	high
v1.1	SAMN23424532	31	FN	13989	Enterococcus faecium	75_to_100x	false	12	0	0.8181818181818182	0.8181818181818182	0.8488630723085183	0.2987224876394408	high
v1.1	SAMN23424532	32	FN	13815	Enterococcus faecium	75_to_100x	false	12	0	0.9090909090909091	0.9090909090909091	0.976121211009001	0.7915139874454217	high
v1.1	SAMN23424532	33	FN	13141	Enterococcus faecium	75_to_100x	false	12	0	0.2727272727272727	0.7272727272727273	0.2861176979461988	0.0013812939580476274	high
v1.1	SAMN23424532	35	FN	12266	Enterococcus faecium	75_to_100x	false	12	0	0.8181818181818182	0.8181818181818182	0.9584194035239814	0.6934288039810239	high
v1.1	SAMN23424532	37	FN	10261	Enterococcus faecium	75_to_100x	false	12	0	0.8181818181818182	0.8181818181818182	0.8488630723085183	0.2987224876394408	high
v1.1	SAMN23424532	38	FN	9922	Enterococcus faecium	75_to_100x	false	12	0	0.8181818181818182	0.8181818181818182	0.8488630723085183	0.20325600300868835	high
v1.1	SAMN23424532	39	FN	9324	Enterococcus faecium	75_to_100x	false	12	0	1.0	1.0	0.9993511297168415	0.7220855469895573	high
v1.1	SAMN23424532	40	FN	9279	Enterococcus faecium	75_to_100x	false	12	0	0.9090909090909091	0.9090909090909091	0.9952965484376111	0.24115860203183617	high
v1.1	SAMN23424532	41	FN	8831	Enterococcus faecium	75_to_100x	false	12	0	0.8333333333333334	0.8333333333333334	0.9508635198395291	0.31985402818383446	high
v1.1	SAMN23424532	42	FN	6781	Enterococcus faecium	75_to_100x	true	12	0	0.8333333333333334	0.8333333333333334	0.9931845011839687	0.37098070924869414	high
v1.1	SAMN23424532	43	FN	6769	Enterococcus faecium	75_to_100x	true	12	0	0.8333333333333334	0.8333333333333334	0.9666370174996789	0.7499190703885522	high
v1.1	SAMN23424532	44	FN	6202	Enterococcus faecium	75_to_100x	false	12	0	0.7272727272727273	0.7272727272727273	0.8258325137717292	0.5153242777171051	high
v1.1	SAMN23424532	45	FN	5941	Enterococcus faecium	75_to_100x	false	12	0	0.8181818181818182	0.8181818181818182	0.8488630723085183	0.20325600300868835	high
v1.1	SAMN23424532	46	FN	5159	Enterococcus faecium	75_to_100x	false	12	0	1.0	1.0	0.9993511297168415	0.7152202121271344	high
v1.1	SAMN23424532	47	FN	4959	Enterococcus faecium	75_to_100x	true	12	0	0.8181818181818182	0.8181818181818182	0.8937203351298281	0.4895592636604442	high
v1.1	SAMN23424532	48	FN	4641	Enterococcus faecium	75_to_100x	false	12	0	0.9090909090909091	0.9090909090909091	0.9952965484376111	0.24115860203183617	high
v1.1	SAMN23424532	49	FN	3873	Enterococcus faecium	75_to_100x	false	12	0	0.9090909090909091	0.9090909090909091	0.976121211009001	0.4169242488870719	high
v1.1	SAMN23424532	50	FN	3807	Enterococcus faecium	75_to_100x	false	12	0	0.7	0.7	0.6716956763018966	0.3805568967738085	high
v1.1	SAMN23424532	51	FN	3645	Enterococcus faecium	75_to_100x	false	12	0	0.8	0.8	0.919752115213786	0.437699353584798	high
v1.1	SAMN23424532	53	FN	2823	Enterococcus faecium	75_to_100x	false	12	0	0.8181818181818182	0.8181818181818182	0.9760297891223917	0.4133894735682244	high
v1.1	SAMN23424532	54	FN	2511	Enterococcus faecium	75_to_100x	true	12	0	0.45454545454545453	0.5454545454545454	0.9817700205696802	0.13570923946164412	high
v1.1	SAMN23424532	56	FN	1996	Enterococcus faecium	75_to_100x	false	12	0	0.7	0.7	0.9220564628012747	0.32183854751434704	high
v1.1	SAMN23424532	58	FN	1543	Enterococcus faecium	75_to_100x	false	12	0	0.6363636363636364	0.6363636363636364	0.7593012364223598	0.24664278533475376	high
v1.1	SAMN23424532	62	FN	1376	Enterococcus faecium	75_to_100x	false	12	0	0.8	0.8	0.9529348266788944	0.4070054092906223	high
v1.1	SAMN23424532	63	FN	1305	Enterococcus faecium	75_to_100x	false	12	0	0.6363636363636364	0.6363636363636364	0.5350721749515018	0.1952167055451162	high
v1.1	SAMN23424532	64	FN	1265	Enterococcus faecium	75_to_100x	false	12	0	0.45454545454545453	0.5454545454545454	0.9895981887581237	0.36621965428312353	high
v1.1	SAMN23424532	65	FN	1124	Enterococcus faecium	75_to_100x	false	12	0	0.7	0.7	0.9123812468776971	0.5066829925589738	high
v1.1	SAMN23424534	39	FN	18251	Enterococcus faecium	75_to_100x	false	12	0	0.5	0.5	0.08372653146359807	0.5239456590920517	high
v1.1	SAMN23424534	57	FN	7630	Enterococcus faecium	75_to_100x	false	12	0	0.7272727272727273	0.7272727272727273	0.8258325137717292	0.9257508404174581	high
v1.1	SAMN23424534	60	FP	5667	Enterococcus faecium	75_to_100x	false	12	0	0.8181818181818182	0.8181818181818182	0.8488630723085183	0.983749280185375	high
v1.1	SAMN23424534	67	FN	3300	Enterococcus faecium	75_to_100x	false	12	0	0.7272727272727273	0.7272727272727273	0.7600160144229514	0.9271227831462956	high
v1.1	SAMN23424534	73	FN	2309	Enterococcus faecium	75_to_100x	true	12	0	0.45454545454545453	0.5454545454545454	0.9895981887581237	0.9417794648372071	high
v1.1	SAMN26198497	58	FN	5240	Citrobacter spp.	50_to_75x	false	12	0	0.5	0.5	0.9953553147824763	0.9039692011751553	high
v1.1	SAMN26198497	65	FN	3749	Citrobacter spp.	50_to_75x	false	12	0	0.4166666666666667	0.5833333333333334	0.8800141858960508	0.8653589818331037	high
v1.1	SAMN26198497	79	FN	1687	Citrobacter spp.	50_to_75x	false	12	0	0.3333333333333333	0.6666666666666666	0.9276949578552948	0.823473667876149	high
v1.1	SAMN26198497	84	FN	1400	Citrobacter spp.	50_to_75x	false	12	0	0.36363636363636365	0.6363636363636364	0.907071578704717	0.9448747238277272	high
v1.1	SAMN26198498	33	FN	28793	Citrobacter spp.	75_to_100x	false	12	0	0.8333333333333334	0.8333333333333334	0.9508635198395291	0.6729649952063373	high
v1.1	SAMN26198498	37	FN	17863	Citrobacter spp.	75_to_100x	false	12	0	0.8333333333333334	0.8333333333333334	0.9666370174996789	0.91495197316281	high
v1.1	SAMN26198498	38	FN	17149	Citrobacter spp.	75_to_100x	false	12	0	0.75	0.75	0.9635954046298301	0.895041815459406	high
v1.1	SAMN26198498	41	FN	8710	Citrobacter spp.	75_to_100x	false	12	0	0.8181818181818182	0.8181818181818182	0.93079718255601	0.5603902935274216	high
v1.1	SAMN26198498	42	FN	8644	Citrobacter spp.	75_to_100x	false	12	0	0.9166666666666666	0.9166666666666666	0.9931544050611385	0.8912496130916091	high
v1.1	SAMN26198498	43	FN	7729	Citrobacter spp.	75_to_100x	false	12	0	0.9166666666666666	0.9166666666666666	0.9931544050611385	0.8879144831155961	high
v1.1	SAMN26198498	44	FN	6637	Citrobacter spp.	75_to_100x	false	12	0	0.6666666666666666	0.6666666666666666	0.84091765654465	0.699324180690077	high
v1.1	SAMN26198498	47	FN	5113	Citrobacter spp.	75_to_100x	false	12	0	0.9166666666666666	0.9166666666666666	0.9931544050611385	0.9007032353933848	high
v1.1	SAMN26198498	51	FN	3334	Citrobacter spp.	75_to_100x	false	12	0	1.0	1.0	0.999822425133984	0.8444463000759739	high
v1.1	SAMN26198498	54	FN	2272	Citrobacter spp.	75_to_100x	false	12	0	0.4166666666666667	0.5833333333333334	0.9767957221225614	0.5423486319460832	high
v1.1	SAMN26198498	55	FN	2272	Citrobacter spp.	75_to_100x	false	12	0	0.4166666666666667	0.5833333333333334	0.9767957221225614	0.5423486319460832	high
v1.1	SAMN26198498	57	FN	1889	Citrobacter spp.	75_to_100x	false	12	0	0.6666666666666666	0.6666666666666666	0.84091765654465	0.5873582514133486	high
v1.1	SAMN26198498	59	FN	1514	Citrobacter spp.	75_to_100x	false	12	0	0.5833333333333334	0.5833333333333334	0.7431680099185886	0.8493303697829425	high
v1.1	SAMN26198498	61	FN	1250	Citrobacter spp.	75_to_100x	false	12	0	0.7272727272727273	0.7272727272727273	0.863969742776131	0.8326725620542861	high
v1.1	SAMN26567300	46	FN	29123	Klebsiella pneumoniae	ge_100x	false	12	0	0.8333333333333334	0.8333333333333334	0.9508635198395291	0.9432023545193051	high
v1.1	SAMN26567300	47	FN	27707	Klebsiella pneumoniae	ge_100x	false	12	0	0.8333333333333334	0.8333333333333334	0.9875647758701592	0.735365949327366	high
v1.1	SAMN26567300	52	FN	22899	Klebsiella pneumoniae	ge_100x	false	12	0	0.75	0.75	0.7944342199327958	0.9119138296862782	high
v1.1	SAMN26567300	64	FN	16947	Klebsiella pneumoniae	ge_100x	false	12	0	0.4166666666666667	0.5833333333333334	0.014163654967636965	0.20144348374278034	high
v1.1	SAMN26567300	68	FN	12857	Klebsiella pneumoniae	ge_100x	false	12	0	0.6666666666666666	0.6666666666666666	0.6790244802303577	0.43305126389240567	high
v1.1	SAMN26567300	71	FN	10594	Klebsiella pneumoniae	ge_100x	false	12	0	0.8333333333333334	0.8333333333333334	0.9875647758701592	0.714644577988211	high
v1.1	SAMN26567300	72	FN	9809	Klebsiella pneumoniae	ge_100x	false	12	0	0.9166666666666666	0.9166666666666666	0.9996756519149296	0.8583420031266951	high
v1.1	SAMN26567300	73	FN	9271	Klebsiella pneumoniae	ge_100x	false	12	0	0.75	0.75	0.7944342199327958	0.8495629790531428	high
v1.1	SAMN26567300	74	FN	9198	Klebsiella pneumoniae	ge_100x	false	12	0	0.9166666666666666	0.9166666666666666	0.9996756519149296	0.8583420031266951	high
v1.1	SAMN26567300	76	FN	8225	Klebsiella pneumoniae	ge_100x	false	12	0	0.9166666666666666	0.9166666666666666	0.9996756519149296	0.8541628087851855	high
v1.1	SAMN26567300	78	FN	7750	Klebsiella pneumoniae	ge_100x	false	12	0	0.75	0.75	0.9137413354205492	0.4316706443503394	high
v1.1	SAMN26567300	79	FN	7546	Klebsiella pneumoniae	ge_100x	false	12	0	0.8181818181818182	0.8181818181818182	0.8184416904444722	0.933485686564077	high
v1.1	SAMN26567300	85	FN	6490	Klebsiella pneumoniae	ge_100x	false	12	0	0.6666666666666666	0.6666666666666666	0.7495178318541625	0.574208054220533	high
v1.1	SAMN26567300	86	FN	5612	Klebsiella pneumoniae	ge_100x	false	12	0	0.8181818181818182	0.8181818181818182	0.9750153105721396	0.7120127037065993	high
v1.1	SAMN26567300	88	FN	5283	Klebsiella pneumoniae	ge_100x	false	12	0	0.8181818181818182	0.8181818181818182	0.8184416904444722	0.9414179023242721	high
v1.1	SAMN26567300	91	FN	4639	Klebsiella pneumoniae	ge_100x	false	12	0	0.8333333333333334	0.8333333333333334	0.9508635198395291	0.9120705928560409	high
v1.1	SAMN26567300	92	FN	4600	Klebsiella pneumoniae	ge_100x	false	12	0	0.8181818181818182	0.8181818181818182	0.9863874296605959	0.9511268767196964	high
v1.1	SAMN26567300	94	FN	3679	Klebsiella pneumoniae	ge_100x	false	12	0	0.8333333333333334	0.8333333333333334	0.9508635198395291	0.9120705928560409	high
v1.1	SAMN26567300	96	FN	3544	Klebsiella pneumoniae	ge_100x	false	12	0	0.8333333333333334	0.8333333333333334	0.9508635198395291	0.9120705928560409	high
v1.1	SAMN26567300	97	FN	3536	Klebsiella pneumoniae	ge_100x	false	12	0	0.6	0.6	0.9038755821443648	0.9181695236466568	high
v1.1	SAMN26567300	99	FN	3406	Klebsiella pneumoniae	ge_100x	false	12	0	0.8333333333333334	0.8333333333333334	0.9875647758701592	0.6314494769720186	high
v1.1	SAMN26567300	102	FN	2973	Klebsiella pneumoniae	ge_100x	false	12	0	0.8181818181818182	0.8181818181818182	0.9863874296605959	0.9151070849353619	high
v1.1	SAMN26567300	103	FN	2970	Klebsiella pneumoniae	ge_100x	false	12	0	0.7272727272727273	0.7272727272727273	0.9761099038995862	0.5014738131698724	high
v1.1	SAMN26567300	104	FN	2954	Klebsiella pneumoniae	ge_100x	false	12	0	0.8181818181818182	0.8181818181818182	0.93079718255601	0.9134019334560286	high
v1.1	SAMN26567300	107	FN	2764	Klebsiella pneumoniae	ge_100x	false	12	0	0.75	0.75	0.9516192321271825	0.8475784794800603	high
v1.1	SAMN26567300	111	FN	2290	Klebsiella pneumoniae	ge_100x	true	12	0	0.9090909090909091	0.9090909090909091	0.9704222765871559	0.9339037796092907	high
v1.1	SAMN26567300	114	FN	1859	Klebsiella pneumoniae	ge_100x	false	12	0	0.5833333333333334	0.5833333333333334	0.9123720989070611	0.3549935517666913	high
v1.1	SAMN26567300	116	FN	1802	Klebsiella pneumoniae	ge_100x	false	12	0	0.4166666666666667	0.5833333333333334	0.9918788646503687	0.3971950489002848	high
v1.1	SAMN26567300	119	FN	1526	Klebsiella pneumoniae	ge_100x	false	12	0	0.8	0.8	0.9446931298980742	0.9420308570009354	high
v1.1	SAMN26567300	123	FN	1237	Klebsiella pneumoniae	ge_100x	false	12	0	0.5	0.5	0.9065895287544276	0.8495003241713363	high
v1.1	SAMN26567300	124	FN	1201	Klebsiella pneumoniae	ge_100x	false	12	0	0.6666666666666666	0.6666666666666666	0.9500513350318119	0.8454184843684849	high
v1.1	SAMN26567300	125	FN	1129	Klebsiella pneumoniae	ge_100x	false	12	0	0.5833333333333334	0.5833333333333334	0.9123720989070611	0.43527555208305574	high
v1.1	SAMN26567300	129	FN	1059	Klebsiella pneumoniae	ge_100x	false	12	0	0.75	0.75	0.9516192321271825	0.8454184843684849	high
v1.1	SAMN26567300	131	FN	1003	Klebsiella pneumoniae	ge_100x	false	12	0	0.8181818181818182	0.8181818181818182	0.9703096995214244	0.9485546682574095	high
v1.1	SAMN26567301	37	FN	42122	Klebsiella pneumoniae	50_to_75x	false	12	0	0.6666666666666666	0.6666666666666666	0.9110606383483703	0.9456938062794361	high
v1.1	SAMN26567301	44	FN	33777	Klebsiella pneumoniae	50_to_75x	false	12	0	0.6666666666666666	0.6666666666666666	0.9110606383483703	0.9456938062794361	high
v1.1	SAMN26567301	66	FN	15446	Klebsiella pneumoniae	50_to_75x	false	12	0	0.6363636363636364	0.6363636363636364	0.9476981921206106	0.9342764023902453	high
v1.1	SAMN26567301	88	FN	2384	Klebsiella pneumoniae	50_to_75x	true	12	0	0.75	0.75	0.9492724375550261	0.9443128630214459	high
v1.1	SAMN26567301	94	FN	1387	Klebsiella pneumoniae	50_to_75x	false	12	0	0.5833333333333334	0.5833333333333334	0.9123720989070611	0.9333328086697654	high
v1.1	SAMN26796324	102	FP	2278	Serratia spp.	ge_100x	false	12	0	0.7	0.7	0.7759819264665878	0.9565864645399935	high
v1.1	SAMN26796324	104	FP	1923	Serratia spp.	ge_100x	false	12	0	0.7	0.7	0.7759819264665878	0.9565864645399935	high
v1.1	SAMN26796324	119	FP	1098	Serratia spp.	ge_100x	false	12	0	0.7	0.7	0.7759819264665878	0.9686108905974837	high
v1.1	SAMN26796377	44	FN	44556	Citrobacter spp.	ge_100x	false	12	0	0.8333333333333334	0.8333333333333334	0.9508635198395291	0.8874404243996052	high
v1.1	SAMN26796377	47	FN	41914	Citrobacter spp.	ge_100x	false	12	0	0.8181818181818182	0.8181818181818182	0.9925035768247503	0.610659188139583	high
v1.1	SAMN26796377	52	FN	33559	Citrobacter spp.	ge_100x	false	12	0	0.5	0.5	0.9956109046684241	0.4334852529212896	high
v1.1	SAMN26796377	55	FN	30783	Citrobacter spp.	ge_100x	false	12	0	0.8333333333333334	0.8333333333333334	0.9508635198395291	0.8874404243996052	high
v1.1	SAMN26796377	57	FN	29023	Citrobacter spp.	ge_100x	false	12	0	0.8333333333333334	0.8333333333333334	0.9508635198395291	0.8874404243996052	high
v1.1	SAMN26796377	71	FN	22473	Citrobacter spp.	ge_100x	false	12	0	0.8333333333333334	0.8333333333333334	0.9508635198395291	0.8874404243996052	high
v1.1	SAMN26796377	74	FN	19424	Citrobacter spp.	ge_100x	false	12	0	0.75	0.75	0.9877632919681095	0.4705400316832676	high
v1.1	SAMN26796377	80	FN	15048	Citrobacter spp.	ge_100x	false	12	0	0.75	0.75	0.7944342199327958	0.7629062471035534	high
v1.1	SAMN26796377	83	FN	12469	Citrobacter spp.	ge_100x	false	12	0	0.75	0.75	0.7944342199327958	0.7402599749803803	high
v1.1	SAMN26796377	84	FN	12341	Citrobacter spp.	ge_100x	false	12	0	0.8333333333333334	0.8333333333333334	0.9508635198395291	0.8193684549835824	high
v1.1	SAMN26796377	88	FN	9905	Citrobacter spp.	ge_100x	false	12	0	0.4166666666666667	0.5833333333333334	0.9674910531027611	0.6971938939665259	high
v1.1	SAMN26796377	89	FN	9528	Citrobacter spp.	ge_100x	false	12	0	0.9090909090909091	0.9090909090909091	0.9993203294198868	0.6336962544320377	high
v1.1	SAMN26796377	90	FN	9210	Citrobacter spp.	ge_100x	false	12	0	0.5	0.5	0.9956109046684241	0.37594213165040996	high
v1.1	SAMN26796377	92	FN	8099	Citrobacter spp.	ge_100x	false	12	0	0.8333333333333334	0.8333333333333334	0.9508635198395291	0.8113500390939823	high
v1.1	SAMN26796377	93	FN	7750	Citrobacter spp.	ge_100x	false	12	0	0.2727272727272727	0.7272727272727273	0.41452615649798047	0.01661093750427454	high
v1.1	SAMN26796377	96	FN	6933	Citrobacter spp.	ge_100x	false	12	0	0.8181818181818182	0.8181818181818182	0.9857017881103314	0.90223420762972	high
v1.1	SAMN26796377	100	FN	6001	Citrobacter spp.	ge_100x	false	12	0	0.6666666666666666	0.6666666666666666	0.42167580725551146	0.7255777100334759	high
v1.1	SAMN26796377	103	FN	5560	Citrobacter spp.	ge_100x	false	12	0	0.16666666666666666	0.8333333333333334	0.0030543117989903774	0.007661754743547332	high
v1.1	SAMN26796377	104	FN	5523	Citrobacter spp.	ge_100x	false	12	0	0.8333333333333334	0.8333333333333334	0.9875647758701592	0.5442910556001931	high
v1.1	SAMN26796377	105	FN	5386	Citrobacter spp.	ge_100x	false	12	0	0.8333333333333334	0.8333333333333334	0.9982832549348645	0.5442910556001931	high
v1.1	SAMN26796377	107	FN	5048	Citrobacter spp.	ge_100x	false	12	0	0.36363636363636365	0.6363636363636364	0.10946747615734014	0.13774574881126148	high
v1.1	SAMN26796377	108	FN	4923	Citrobacter spp.	ge_100x	false	12	0	0.7272727272727273	0.7272727272727273	0.8835057081932798	0.496498493217566	high
v1.1	SAMN26796377	110	FN	4622	Citrobacter spp.	ge_100x	false	12	0	0.9090909090909091	0.9090909090909091	0.9704222765871559	0.9443403768522571	high
v1.1	SAMN26796377	111	FN	4602	Citrobacter spp.	ge_100x	false	12	0	0.8333333333333334	0.8333333333333334	0.9666370174996789	0.8983712855035385	high
v1.1	SAMN26796377	112	FN	4199	Citrobacter spp.	ge_100x	true	12	0	0.8333333333333334	0.8333333333333334	0.9929225458808841	0.8983712855035385	high
v1.1	SAMN26796377	115	FN	4051	Citrobacter spp.	ge_100x	false	12	0	0.8181818181818182	0.8181818181818182	0.9717122553050875	0.8988905758824784	high
v1.1	SAMN26796377	116	FN	3941	Citrobacter spp.	ge_100x	false	12	0	0.36363636363636365	0.6363636363636364	0.9139151480889973	0.15819126624168922	high
v1.1	SAMN26796377	117	FN	3888	Citrobacter spp.	ge_100x	false	12	0	0.7	0.7	0.7759819264665878	0.8742131465820017	high
v1.1	SAMN26796377	118	FN	3854	Citrobacter spp.	ge_100x	false	12	0	0.5	0.5	0.9953553147824763	0.3148205227433452	high
v1.1	SAMN26796377	119	FN	3747	Citrobacter spp.	ge_100x	true	12	0	0.9166666666666666	0.9166666666666666	0.9931544050611385	0.9361126095163923	high
v1.1	SAMN26796377	121	FN	3665	Citrobacter spp.	ge_100x	false	12	0	0.9	0.9	0.9402787710327908	0.9142221570714317	high
v1.1	SAMN26796377	122	FN	3644	Citrobacter spp.	ge_100x	true	12	0	0.9090909090909091	0.9090909090909091	0.9857568595095695	0.8907061656496978	high
v1.1	SAMN26796377	123	FN	3544	Citrobacter spp.	ge_100x	false	12	0	0.8181818181818182	0.8181818181818182	0.8184416904444722	0.880021295191605	high
v1.1	SAMN26796377	127	FN	3256	Citrobacter spp.	ge_100x	false	12	0	0.8333333333333334	0.8333333333333334	0.9929225458808841	0.8696092188678795	high
v1.1	SAMN26796377	130	FN	2647	Citrobacter spp.	ge_100x	false	12	0	0.6666666666666666	0.6666666666666666	0.9150169547806626	0.25369489418970637	high
v1.1	SAMN26796377	134	FN	2278	Citrobacter spp.	ge_100x	false	12	0	0.8333333333333334	0.8333333333333334	0.9932642968525297	0.814848186830954	high
v1.1	SAMN26796377	136	FN	1992	Citrobacter spp.	ge_100x	false	12	0	0.6666666666666666	0.6666666666666666	0.9500513350318119	0.6406029247294803	high
v1.1	SAMN26796377	137	FN	1934	Citrobacter spp.	ge_100x	false	12	0	0.8333333333333334	0.8333333333333334	0.9875647758701592	0.42235826526883213	high
v1.1	SAMN26796377	138	FN	1886	Citrobacter spp.	ge_100x	false	12	0	0.2727272727272727	0.7272727272727273	0.13335664771641972	0.0024745801280921906	high
v1.1	SAMN26796377	140	FN	1786	Citrobacter spp.	ge_100x	false	12	0	0.3333333333333333	0.6666666666666666	0.900702896221801	0.16745030651590007	high
v1.1	SAMN26796377	141	FN	1726	Citrobacter spp.	ge_100x	false	12	0	0.5454545454545454	0.5454545454545454	0.9460733659369186	0.8601790382506029	high
v1.1	SAMN26796377	142	FN	1530	Citrobacter spp.	ge_100x	false	12	0	0.08333333333333333	0.9166666666666666	0.006724141415640177	0.00023734297334555366	high
v1.1	SAMN26796377	145	FN	1370	Citrobacter spp.	ge_100x	false	12	0	0.8	0.8	0.9420308381334653	0.9056746090617276	high
v1.1	SAMN26796377	146	FN	1356	Citrobacter spp.	ge_100x	false	12	0	0.8181818181818182	0.8181818181818182	0.9703096995214244	0.9091870355779073	high
v1.1	SAMN26796377	150	FN	1224	Citrobacter spp.	ge_100x	true	12	0	0.7272727272727273	0.7272727272727273	0.863969742776131	0.8575423580436555	high
v1.1	SAMN26796377	152	FN	1214	Citrobacter spp.	ge_100x	false	12	0	0.3333333333333333	0.6666666666666666	0.8999363944403583	0.834797677901218	high
v1.1	SAMN26796377	153	FN	1124	Citrobacter spp.	ge_100x	false	12	0	0.8	0.8	0.9420308381334653	0.9056746090617276	high
v1.1	SAMN26796377	154	FN	1118	Citrobacter spp.	ge_100x	false	12	0	0.8181818181818182	0.8181818181818182	0.9857017881103314	0.8623360586602301	high
v1.1	SAMN26796377	156	FN	1072	Citrobacter spp.	ge_100x	false	12	0	0.8	0.8	0.9420308381334653	0.9056746090617276	high
v1.1	SAMN26796377	157	FN	1030	Citrobacter spp.	ge_100x	false	12	0	0.6666666666666666	0.6666666666666666	0.7473982631231887	0.2559039620789104	high
v1.1	SAMN26796439	12	FN	121821	Citrobacter spp.	ge_100x	false	12	0	0.0	1.0	0.0024123556419008763	0.00013972598844983535	high
v1.1	SAMN26796439	23	FN	30757	Citrobacter spp.	ge_100x	false	12	0	0.75	0.75	0.937435332346856	0.8565077732772011	high
v1.1	SAMN26796439	28	FN	15971	Citrobacter spp.	ge_100x	true	12	0	0.8333333333333334	0.8333333333333334	0.9666370174996789	0.8080188858455647	high
v1.1	SAMN26796439	31	FN	13007	Citrobacter spp.	ge_100x	false	12	0	0.9166666666666666	0.9166666666666666	0.9986702433695193	0.4868698150518555	high
v1.1	SAMN26796439	33	FN	10028	Citrobacter spp.	ge_100x	true	12	0	0.75	0.75	0.9137413354205492	0.40683897504113525	high
v1.1	SAMN26796439	34	FN	8625	Citrobacter spp.	ge_100x	false	12	0	0.8333333333333334	0.8333333333333334	0.9666370174996789	0.5482666489674631	high
v1.1	SAMN26796439	36	FN	5020	Citrobacter spp.	ge_100x	true	12	0	0.8333333333333334	0.8333333333333334	0.9666370174996789	0.5398437604128743	high
v1.1	SAMN26796439	37	FN	4703	Citrobacter spp.	ge_100x	true	12	0	0.8333333333333334	0.8333333333333334	0.9875647758701592	0.772339396237257	high
v1.1	SAMN26796439	39	FN	3876	Citrobacter spp.	ge_100x	false	12	0	0.75	0.75	0.987146047145738	0.7571236107547993	high
v1.1	SAMN26796439	41	FN	3284	Citrobacter spp.	ge_100x	false	12	0	0.9166666666666666	0.9166666666666666	0.9931544050611385	0.6843940580603347	high
v1.1	SAMN26796439	42	FN	3232	Citrobacter spp.	ge_100x	true	12	0	0.9166666666666666	0.9166666666666666	0.9931544050611385	0.6843940580603347	high
v1.1	SAMN26796439	43	FN	2833	Citrobacter spp.	ge_100x	true	12	0	0.8333333333333334	0.8333333333333334	0.9929225458808841	0.5085567173935194	high
v1.1	SAMN26796439	44	FN	2322	Citrobacter spp.	ge_100x	true	12	0	0.8333333333333334	0.8333333333333334	0.9929225458808841	0.4359587649425991	high
v1.1	SAMN26796439	45	FN	1868	Citrobacter spp.	ge_100x	false	12	0	0.8333333333333334	0.8333333333333334	0.9929225458808841	0.4446210231320122	high
v1.1	SAMN26796439	46	FN	1473	Citrobacter spp.	ge_100x	false	12	0	0.75	0.75	0.9655381836056843	0.6413843805676579	high
v1.1	SAMN26796439	47	FN	1454	Citrobacter spp.	ge_100x	false	12	0	0.75	0.75	0.9655381836056843	0.6413843805676579	high
v1.1	SAMN26796439	51	FN	1283	Citrobacter spp.	ge_100x	false	12	0	0.75	0.75	0.993036133590978	0.6413843805676579	high
v1.1	SAMN26796439	54	FN	1187	Citrobacter spp.	ge_100x	false	12	0	0.36363636363636365	0.6363636363636364	0.907071578704717	0.23285892379996873	high
v1.1	SAMN28626304	23	FN	3234	Klebsiella pneumoniae	50_to_75x	false	12	0	0.4166666666666667	0.5833333333333334	0.5926862789911801	0.4452781225710407	high
v1.1	SAMN28626304	25	FN	2735	Klebsiella pneumoniae	50_to_75x	false	12	0	0.8181818181818182	0.8181818181818182	0.9717122553050875	0.9000136585755067	high
v1.1	SAMN29503689	27	FN	74299	Citrobacter spp.	ge_100x	false	12	0	0.75	0.75	0.9137413354205492	0.9389493446683005	high
v1.1	SAMN29503689	46	FN	20077	Citrobacter spp.	ge_100x	false	12	0	0.75	0.75	0.9137413354205492	0.9371659735277205	high
v1.1	SAMN29503689	48	FN	18145	Citrobacter spp.	ge_100x	false	12	0	0.2727272727272727	0.7272727272727273	0.8310648430531382	0.02605237298270761	high
v1.1	SAMN29503689	50	FN	13730	Citrobacter spp.	ge_100x	false	12	0	0.8333333333333334	0.8333333333333334	0.8727648359652314	0.9491900404073818	high
v1.1	SAMN29503689	56	FN	10378	Citrobacter spp.	ge_100x	false	12	0	0.75	0.75	0.7944342199327958	0.9466178336199182	high
v1.1	SAMN29503689	57	FN	10329	Citrobacter spp.	ge_100x	false	12	0	0.8333333333333334	0.8333333333333334	0.8727648359652314	0.9491900404073818	high
v1.1	SAMN29503689	59	FP	9613	Citrobacter spp.	ge_100x	false	12	0	0.8333333333333334	0.8333333333333334	0.9666370174996789	0.9757030660770367	high
v1.1	SAMN29503689	62	FN	8142	Citrobacter spp.	ge_100x	false	12	0	0.5454545454545454	0.5454545454545454	0.5342913146951923	0.8727992726748769	high
v1.1	SAMN29503689	66	FP	6865	Citrobacter spp.	ge_100x	false	12	0	0.8333333333333334	0.8333333333333334	0.9508635198395291	0.9642467657356093	high
v1.1	SAMN29503689	67	FN	6060	Citrobacter spp.	ge_100x	false	12	0	0.36363636363636365	0.6363636363636364	0.7422227505864292	0.8657702714057915	high
v1.1	SAMN29503689	69	FN	5873	Citrobacter spp.	ge_100x	false	12	0	0.2727272727272727	0.7272727272727273	0.53552361778159	0.015189935551942814	high
v1.1	SAMN29503689	71	FN	5344	Citrobacter spp.	ge_100x	false	12	0	0.3333333333333333	0.6666666666666666	0.8358253160677692	0.8598381124351534	high
v1.1	SAMN29503689	74	FN	4655	Citrobacter spp.	ge_100x	false	12	0	0.16666666666666666	0.8333333333333334	0.20455049733383257	0.0074467352450362885	high
v1.1	SAMN29503689	82	FN	2552	Citrobacter spp.	ge_100x	false	12	0	0.75	0.75	0.7944342199327958	0.9404479704782239	high
v1.1	SAMN29503689	84	FN	2437	Citrobacter spp.	ge_100x	false	12	0	0.4166666666666667	0.5833333333333334	0.9767957221225614	0.944796805991534	high
v1.1	SAMN29503689	86	FP	2023	Citrobacter spp.	ge_100x	true	12	0	0.8	0.8	0.9420308381334653	0.9740873947650031	high
v1.1	SAMN29503689	87	FN	1795	Citrobacter spp.	ge_100x	false	12	0	0.6666666666666666	0.6666666666666666	0.7889023520731259	0.9395101218024469	high
v1.1	SAMN29503689	90	FN	1514	Citrobacter spp.	ge_100x	false	12	0	0.4166666666666667	0.5833333333333334	0.9767957221225614	0.9465595761692485	high
v1.1	SAMN29503689	93	FP	1428	Citrobacter spp.	ge_100x	true	12	0	0.8333333333333334	0.8333333333333334	0.9929225458808841	0.9735255790330399	high
v1.1	SAMN29503689	94	FN	1402	Citrobacter spp.	ge_100x	false	12	0	0.5	0.5	0.6967648378535001	0.8209890919250239	high
v1.1	SAMN29503689	97	FN	1338	Citrobacter spp.	ge_100x	false	12	0	0.45454545454545453	0.5454545454545454	0.636548494491201	0.9283915868745917	high
v1.1	SAMN29503689	100	FN	1265	Citrobacter spp.	ge_100x	false	12	0	0.16666666666666666	0.8333333333333334	0.06730614804555231	0.0037168896342867496	high
v1.1	SAMN29503815	31	FN	50048	Citrobacter spp.	ge_100x	false	12	0	0.8333333333333334	0.8333333333333334	0.9508635198395291	0.766441210640414	high
v1.1	SAMN29503815	39	FN	31624	Citrobacter spp.	ge_100x	false	12	0	0.8333333333333334	0.8333333333333334	0.9508635198395291	0.766441210640414	high
v1.1	SAMN29503815	40	FN	27915	Citrobacter spp.	ge_100x	false	12	0	0.9166666666666666	0.9166666666666666	0.9986702433695193	0.9008811163418323	high
v1.1	SAMN29503815	44	FN	16758	Citrobacter spp.	ge_100x	false	12	0	0.3333333333333333	0.6666666666666666	0.6124642966684529	0.20851642948962598	high
v1.1	SAMN29503815	45	FN	16419	Citrobacter spp.	ge_100x	false	12	0	0.7272727272727273	0.7272727272727273	0.8892312567067122	0.8188277038862513	high
v1.1	SAMN29503815	49	FN	12062	Citrobacter spp.	ge_100x	false	12	0	0.9090909090909091	0.9090909090909091	0.9857568595095695	0.8281697330630324	high
v1.1	SAMN29503815	52	FN	9330	Citrobacter spp.	ge_100x	false	12	0	0.4166666666666667	0.5833333333333334	0.9439675826435082	0.2754043311417343	high
v1.1	SAMN29503815	55	FN	6876	Citrobacter spp.	ge_100x	false	12	0	0.8181818181818182	0.8181818181818182	0.9750153105721396	0.8548262460129847	high
v1.1	SAMN29503815	58	FN	5614	Citrobacter spp.	ge_100x	false	12	0	0.75	0.75	0.7849934510745252	0.42732049300634767	high
v1.1	SAMN29503815	59	FN	4783	Citrobacter spp.	ge_100x	false	12	0	0.9166666666666666	0.9166666666666666	0.9931544050611385	0.9316846340771289	high
v1.1	SAMN29503815	60	FN	3432	Citrobacter spp.	ge_100x	false	12	0	0.75	0.75	0.9137413354205492	0.6139864998868212	high
v1.1	SAMN29503815	61	FN	3050	Citrobacter spp.	ge_100x	false	12	0	0.8181818181818182	0.8181818181818182	0.9703096995214244	0.8486052580510263	high
v1.1	SAMN29503815	64	FN	1688	Citrobacter spp.	ge_100x	false	12	0	0.3333333333333333	0.6666666666666666	0.900702896221801	0.2922793940594135	high
v1.1	SAMN29503815	66	FN	1400	Citrobacter spp.	ge_100x	false	12	0	0.2727272727272727	0.7272727272727273	0.67258603090158	0.010181982347008095	high
v1.1	SAMN29503815	67	FN	1365	Citrobacter spp.	ge_100x	false	12	0	0.8181818181818182	0.8181818181818182	0.9703096995214244	0.9072830091751468	high
v1.1	SAMN29503815	68	FN	1354	Citrobacter spp.	ge_100x	false	12	0	0.36363636363636365	0.6363636363636364	0.8055014310445797	0.6196167712369371	high
v1.1	SAMN29503815	69	FN	1336	Citrobacter spp.	ge_100x	false	12	0	0.5833333333333334	0.5833333333333334	0.9123720989070611	0.7327937946908838	high
v1.1	SAMN29503815	71	FN	1327	Citrobacter spp.	ge_100x	false	12	0	0.3333333333333333	0.6666666666666666	0.7576555714932637	0.5264240311320413	high
v1.1	SAMN30692055	27	FN	36412	Enterococcus faecium	ge_100x	false	12	0	0.8181818181818182	0.8181818181818182	0.9584194035239814	0.6144319458217147	high
v1.1	SAMN30692055	30	FN	32825	Enterococcus faecium	ge_100x	false	12	0	0.9090909090909091	0.9090909090909091	0.9952965484376111	0.9475722659300311	high
v1.1	SAMN30692055	45	FN	20111	Enterococcus faecium	ge_100x	false	12	0	0.8181818181818182	0.8181818181818182	0.9584194035239814	0.5895269004756648	high
v1.1	SAMN30692055	49	FN	18468	Enterococcus faecium	ge_100x	false	12	0	0.8181818181818182	0.8181818181818182	0.8488630723085183	0.90060048382433	high
v1.1	SAMN30692055	50	FN	18092	Enterococcus faecium	ge_100x	false	12	0	0.7272727272727273	0.7272727272727273	0.7600160144229514	0.3367781134262019	high
v1.1	SAMN30692055	61	FN	14192	Enterococcus faecium	ge_100x	true	12	0	0.8181818181818182	0.8181818181818182	0.9584194035239814	0.5895269004756648	high
v1.1	SAMN30692055	65	FN	13728	Enterococcus faecium	ge_100x	true	12	0	0.8181818181818182	0.8181818181818182	0.9760297891223917	0.9402369955049968	high
v1.1	SAMN30692055	69	FN	12582	Enterococcus faecium	ge_100x	false	12	0	0.8181818181818182	0.8181818181818182	0.8488630723085183	0.8891960394183239	high
v1.1	SAMN30692055	70	FN	12350	Enterococcus faecium	ge_100x	false	12	0	0.7272727272727273	0.7272727272727273	0.9582631066501253	0.42026714614611965	high
v1.1	SAMN30692055	71	FN	12342	Enterococcus faecium	ge_100x	false	12	0	0.6363636363636364	0.6363636363636364	0.7593012364223598	0.3367781134262019	high
v1.1	SAMN30692055	72	FN	12297	Enterococcus faecium	ge_100x	false	12	0	0.7272727272727273	0.7272727272727273	0.6552428571517904	0.17681425445141016	high
v1.1	SAMN30692055	77	FN	10625	Enterococcus faecium	ge_100x	false	12	0	0.7	0.7	0.9220564628012747	0.4733174558453106	high
v1.1	SAMN30692055	91	FN	6173	Enterococcus faecium	ge_100x	false	12	0	0.9090909090909091	0.9090909090909091	0.9988498180665119	0.6111122739190463	high
v1.1	SAMN30692055	92	FN	5880	Enterococcus faecium	ge_100x	false	12	0	0.8181818181818182	0.8181818181818182	0.8488630723085183	0.8838378924585432	high
v1.1	SAMN30692055	93	FN	5822	Enterococcus faecium	ge_100x	false	12	0	0.8181818181818182	0.8181818181818182	0.9584194035239814	0.5480665842795138	high
v1.1	SAMN30692055	95	FN	5699	Enterococcus faecium	ge_100x	true	12	0	0.9090909090909091	0.9090909090909091	0.976121211009001	0.91037056935107	high
v1.1	SAMN30692055	98	FN	5197	Enterococcus faecium	ge_100x	true	12	0	0.8333333333333334	0.8333333333333334	0.9929225458808841	0.9421291326617611	high
v1.1	SAMN30692055	99	FN	5130	Enterococcus faecium	ge_100x	false	12	0	0.7	0.7	0.9220564628012747	0.4708702870373008	high
v1.1	SAMN30692055	101	FN	4814	Enterococcus faecium	ge_100x	false	12	0	0.8181818181818182	0.8181818181818182	0.8488630723085183	0.8838378924585432	high
v1.1	SAMN30692055	104	FN	4464	Enterococcus faecium	ge_100x	false	12	0	0.8181818181818182	0.8181818181818182	0.9584194035239814	0.5530924668064939	high
v1.1	SAMN30692055	105	FN	4290	Enterococcus faecium	ge_100x	false	12	0	0.9	0.9	0.9514953540315986	0.9245003099757282	high
v1.1	SAMN30692055	107	FN	4109	Enterococcus faecium	ge_100x	false	12	0	0.9090909090909091	0.9090909090909091	0.976121211009001	0.8587316615886275	high
v1.1	SAMN30692055	110	FN	3404	Enterococcus faecium	ge_100x	false	12	0	0.8	0.8	0.919752115213786	0.5434800287647049	high
v1.1	SAMN30692055	112	FN	3016	Enterococcus faecium	ge_100x	false	12	0	0.8181818181818182	0.8181818181818182	0.9584194035239814	0.4552446472569246	high
v1.1	SAMN30692055	114	FN	2451	Enterococcus faecium	ge_100x	false	12	0	0.7	0.7	0.9220564628012747	0.39535609108588676	high
v1.1	SAMN30692055	116	FN	2391	Enterococcus faecium	ge_100x	false	12	0	0.8	0.8	0.9529348266788944	0.8835768144756609	high
v1.1	SAMN30692055	118	FN	2359	Enterococcus faecium	ge_100x	false	12	0	0.8333333333333334	0.8333333333333334	0.9929225458808841	0.8981622680207967	high
v1.1	SAMN30692055	121	FN	1936	Enterococcus faecium	ge_100x	false	12	0	0.6363636363636364	0.6363636363636364	0.8252686979418431	0.2860713470850552	high
v1.1	SAMN30692055	122	FN	1918	Enterococcus faecium	ge_100x	true	12	0	0.6363636363636364	0.6363636363636364	0.8252686979418431	0.2860713470850552	high
v1.1	SAMN30692055	126	FN	1757	Enterococcus faecium	ge_100x	false	12	0	0.8333333333333334	0.8333333333333334	0.9929225458808841	0.9251016755166729	high
v1.1	SAMN30692055	130	FN	1489	Enterococcus faecium	ge_100x	false	12	0	0.6363636363636364	0.6363636363636364	0.7593012364223598	0.33259585840684597	high
v1.1	SAMN30692055	136	FN	1419	Enterococcus faecium	ge_100x	false	12	0	0.7272727272727273	0.7272727272727273	0.9582631066501253	0.31266740763829526	high
v1.1	SAMN30692055	139	FN	1203	Enterococcus faecium	ge_100x	false	12	0	0.7272727272727273	0.7272727272727273	0.8483601213458016	0.7795423071588461	high
v1.1	SAMN30692055	140	FN	1169	Enterococcus faecium	ge_100x	false	12	0	0.7272727272727273	0.7272727272727273	0.9582631066501253	0.31266740763829526	high
v1.1	SAMN30692055	145	FN	1033	Enterococcus faecium	ge_100x	false	12	0	0.7272727272727273	0.7272727272727273	0.8933479043144746	0.7185643831472348	high
v1.1	SAMN30974101	32	FN	43500	Citrobacter spp.	50_to_75x	true	12	0	0.9	0.9	0.999582419728892	0.8686683399419655	high
v1.1	SAMN30974101	35	FN	40390	Citrobacter spp.	50_to_75x	false	12	0	0.6666666666666666	0.6666666666666666	0.7495178318541625	0.9309956562058861	high
v1.1	SAMN30974101	38	FN	32196	Citrobacter spp.	50_to_75x	false	12	0	0.8333333333333334	0.8333333333333334	0.9508635198395291	0.7686682189784926	high
v1.1	SAMN30974101	54	FN	5788	Citrobacter spp.	50_to_75x	true	12	0	0.9090909090909091	0.9090909090909091	0.9857568595095695	0.7612660333922775	high
v1.1	SAMN30974101	57	FN	4453	Citrobacter spp.	50_to_75x	false	12	0	0.8333333333333334	0.8333333333333334	0.9875647758701592	0.938640335153247	high
v1.1	SAMN30974101	58	FN	4195	Citrobacter spp.	50_to_75x	false	12	0	0.8333333333333334	0.8333333333333334	0.9875647758701592	0.938640335153247	high
v1.1	SAMN30974101	61	FN	3841	Citrobacter spp.	50_to_75x	false	12	0	0.5	0.5	0.9873709147351248	0.800684929204456	high
v1.1	SAMN30974101	64	FN	2968	Citrobacter spp.	50_to_75x	true	12	0	0.75	0.75	0.987146047145738	0.8990878791084204	high
v1.1	SAMN30974101	65	FN	2049	Citrobacter spp.	50_to_75x	false	12	0	0.36363636363636365	0.6363636363636364	0.8734310285597717	0.46026137020240754	high
v1.1	SAMN30974101	66	FN	1977	Citrobacter spp.	50_to_75x	true	12	0	0.5833333333333334	0.5833333333333334	0.9123720989070611	0.5490401813251921	high
v1.1	SAMN30974101	67	FN	1475	Citrobacter spp.	50_to_75x	false	12	0	0.75	0.75	0.993036133590978	0.867652300698906	high
v1.1	SAMN30974103	46	FN	41512	Serratia spp.	50_to_75x	false	12	0	0.7272727272727273	0.7272727272727273	0.9478919012495606	0.9445066489672356	high
v1.1	SAMN30974103	49	FN	38377	Serratia spp.	50_to_75x	false	12	0	0.75	0.75	0.9137413354205492	0.9445163902012654	high
v1.1	SAMN30974103	66	FP	17040	Serratia spp.	50_to_75x	false	12	0	0.75	0.75	0.937435332346856	0.9637964161022423	high
v1.1	SAMN30974103	72	FN	10838	Serratia spp.	50_to_75x	false	12	0	0.6666666666666666	0.6666666666666666	0.9110606383483703	0.9356675065586305	high
v1.1	SAMN30974103	87	FN	5043	Serratia spp.	50_to_75x	false	12	0	0.75	0.75	0.7849934510745252	0.9518024214591766	high
v1.1	SAMN30974103	99	FN	1978	Serratia spp.	50_to_75x	false	12	0	0.75	0.75	0.9655381836056843	0.9374571352045088	high
v1.1	SAMN30974103	103	FN	1759	Serratia spp.	50_to_75x	true	12	0	0.75	0.75	0.9492724375550261	0.9421375769324504	high
v1.1	SAMN32542113	35	FN	19616	Klebsiella pneumoniae	ge_100x	false	12	0	0.8333333333333334	0.8333333333333334	0.9666370174996789	0.9494470970329791	high
v1.1	SAMN32542113	40	FN	11476	Klebsiella pneumoniae	ge_100x	true	12	0	0.8333333333333334	0.8333333333333334	0.9875647758701592	0.9029365976175341	high
v1.1	SAMN32542113	42	FN	7503	Klebsiella pneumoniae	ge_100x	true	12	0	0.9166666666666666	0.9166666666666666	0.9931544050611385	0.8879144831155961	high
v1.1	SAMN32542113	43	FN	7293	Klebsiella pneumoniae	ge_100x	false	12	0	0.8333333333333334	0.8333333333333334	0.9508635198395291	0.31985402818383446	high
v1.1	SAMN32542113	46	FN	3002	Klebsiella pneumoniae	ge_100x	false	12	0	0.8333333333333334	0.8333333333333334	0.9929225458808841	0.721493285842831	high
v1.1	SAMN32542113	47	FN	2570	Klebsiella pneumoniae	ge_100x	true	12	0	0.9166666666666666	0.9166666666666666	0.9931544050611385	0.8444463000759739	high
v1.1	SAMN32542113	48	FN	2231	Klebsiella pneumoniae	ge_100x	true	12	0	0.75	0.75	0.9492724375550261	0.1973627015107353	high
v1.1	SAMN32542113	52	FN	1475	Klebsiella pneumoniae	ge_100x	false	12	0	0.8333333333333334	0.8333333333333334	0.9929225458808841	0.8205023772869244	high
v1.1	SAMN32542113	56	FN	1201	Klebsiella pneumoniae	ge_100x	false	12	0	0.8181818181818182	0.8181818181818182	0.9703096995214244	0.8721833012608501	high
v1.1	SAMN32542113	57	FN	1099	Klebsiella pneumoniae	ge_100x	false	12	0	0.75	0.75	0.993036133590978	0.7684072941218225	high
v1.1	SAMN32542113	60	FN	1035	Klebsiella pneumoniae	ge_100x	false	12	0	0.5833333333333334	0.5833333333333334	0.4710706068364848	0.7582290435300889	high
v1.1	SAMN32676082	36	FN	31859	Klebsiella pneumoniae	75_to_100x	false	12	0	0.7	0.7	0.9334797107621823	0.8348438327786907	high
v1.1	SAMN32676082	41	FN	21766	Klebsiella pneumoniae	75_to_100x	false	12	0	0.8333333333333334	0.8333333333333334	0.9508635198395291	0.7686682189784926	high
v1.1	SAMN32676082	44	FN	13842	Klebsiella pneumoniae	75_to_100x	false	12	0	0.8333333333333334	0.8333333333333334	0.9508635198395291	0.5871153297549953	high
v1.1	SAMN32676082	45	FN	13499	Klebsiella pneumoniae	75_to_100x	false	12	0	0.75	0.75	0.7944342199327958	0.5298907955394615	high
v1.1	SAMN32676082	46	FN	13434	Klebsiella pneumoniae	75_to_100x	false	12	0	0.8181818181818182	0.8181818181818182	0.9343710701839543	0.7975406682763172	high
v1.1	SAMN32676082	50	FN	10595	Klebsiella pneumoniae	75_to_100x	false	12	0	0.8333333333333334	0.8333333333333334	0.9508635198395291	0.5871153297549953	high
v1.1	SAMN32676082	51	FN	8921	Klebsiella pneumoniae	75_to_100x	false	12	0	0.5	0.5	0.9822296396125867	0.46608918124935206	high
v1.1	SAMN32676082	53	FN	7771	Klebsiella pneumoniae	75_to_100x	false	12	0	0.8333333333333334	0.8333333333333334	0.9666370174996789	0.8555979986548321	high
v1.1	SAMN32676082	54	FN	7475	Klebsiella pneumoniae	75_to_100x	false	12	0	0.75	0.75	0.9492724375550261	0.43571828593693795	high
v1.1	SAMN32676082	61	FN	2810	Klebsiella pneumoniae	75_to_100x	false	12	0	0.75	0.75	0.9516192321271825	0.42038277556513487	high
v1.1	SAMN32676082	74	FN	1092	Klebsiella pneumoniae	75_to_100x	false	12	0	0.7272727272727273	0.7272727272727273	0.9863347625751863	0.6972379333431037	high
v1.1	SAMN33741191	8	FN	52618	Enterococcus faecalis	75_to_100x	true	12	0	0.8333333333333334	0.8333333333333334	0.9726092490393508	0.833010160513679	high
v1.1	SAMN33741209	13	FN	40011	Enterococcus faecalis	ge_100x	false	12	0	1.0	1.0	0.9993511297168415	0.9125395451088238	high
v1.1	SAMN33741209	15	FN	32628	Enterococcus faecalis	ge_100x	false	12	0	1.0	1.0	0.9993511297168415	0.9125395451088238	high
v1.1	SAMN33741209	18	FN	26566	Enterococcus faecalis	ge_100x	false	12	0	0.9090909090909091	0.9090909090909091	0.976121211009001	0.9134179283526824	high
v1.1	SAMN33741209	24	FN	5121	Enterococcus faecalis	ge_100x	false	12	0	1.0	1.0	0.9993511297168415	0.5207246488686605	high
v1.1	SAMN33741209	25	FN	3007	Enterococcus faecalis	ge_100x	false	12	0	0.8	0.8	0.9056454774147001	0.5257659133761657	high
v1.1	SAMN33741209	27	FN	1949	Enterococcus faecalis	ge_100x	false	12	0	0.8181818181818182	0.8181818181818182	0.9760297891223917	0.4468465302290211	high
v1.1	SAMN33741222	16	FN	42823	Enterococcus faecalis	ge_100x	false	12	0	0.8181818181818182	0.8181818181818182	0.8488630723085183	0.7231610877649784	high
v1.1	SAMN33741222	23	FN	16167	Enterococcus faecalis	ge_100x	true	12	0	0.8181818181818182	0.8181818181818182	0.9916887540217667	0.4089680906546038	high
v1.1	SAMN33741222	31	FN	5330	Enterococcus faecalis	ge_100x	false	12	0	0.8	0.8	0.8070027099899361	0.3776762572083569	high
v1.1	SAMN33741222	35	FN	2368	Enterococcus faecalis	ge_100x	true	12	0	0.5454545454545454	0.5454545454545454	0.3935474404745652	0.16349611054316232	high
v1.1	SAMN35638176	5	FN	52568	Enterococcus faecalis	75_to_100x	false	12	0	0.9090909090909091	0.9090909090909091	0.9952965484376111	0.9301289409500737	high
v1.1	SAMN35638176	7	FN	31433	Enterococcus faecalis	75_to_100x	true	12	0	0.6666666666666666	0.6666666666666666	0.9986650419663675	0.9286835823069898	high
v1.1	SAMN35638176	10	FN	9756	Enterococcus faecalis	75_to_100x	true	12	0	0.9090909090909091	0.9090909090909091	0.976121211009001	0.8459698412192301	high
v1.1	SAMN35638176	11	FN	7895	Enterococcus faecalis	75_to_100x	true	12	0	0.3	0.7	0.914941712958847	0.015962649429343542	high
v1.1	SAMN35638176	12	FN	4014	Enterococcus faecalis	75_to_100x	true	12	0	0.9090909090909091	0.9090909090909091	0.976121211009001	0.7878931710978984	high
v1.1	SAMN35638176	14	FN	2020	Enterococcus faecalis	75_to_100x	true	12	0	0.6363636363636364	0.6363636363636364	0.6194629902269139	0.7410933417664173	high
v1.1	SAMN35638176	15	FN	1951	Enterococcus faecalis	75_to_100x	true	12	0	0.8333333333333334	0.8333333333333334	0.9929225458808841	0.8503647657038571	high
v1.1	SAMN35638176	18	FN	1145	Enterococcus faecalis	75_to_100x	true	12	0	0.5454545454545454	0.5454545454545454	0.805956691201089	0.773628010698162	high
v1.1	SAMN35676739	8	FN	128395	Serratia spp.	ge_100x	false	12	0	0.6666666666666666	0.6666666666666666	0.666508408198521	0.7002111517726651	high
v1.1	SAMN35677795	80	FN	6420	Enterobacter spp.	ge_100x	false	12	0	0.2727272727272727	0.7272727272727273	0.018607837374030035	0.004896803405353889	high
v1.1	SAMN35677795	89	FN	4838	Enterobacter spp.	ge_100x	false	12	0	0.2727272727272727	0.7272727272727273	0.7439602219814591	0.015496791397751931	high
v1.1	SAMN35677795	95	FN	3070	Enterobacter spp.	ge_100x	false	12	0	0.18181818181818182	0.8181818181818182	0.21024831444111577	0.003567057646359496	high
v1.1	SAMN35677795	98	FN	2669	Enterobacter spp.	ge_100x	false	12	0	0.18181818181818182	0.8181818181818182	0.0017342000604144909	0.0010167144777064698	high
v1.1	SAMN35677795	99	FN	2372	Enterobacter spp.	ge_100x	false	12	0	0.6666666666666666	0.6666666666666666	0.987351162218125	0.9358567540685735	high
v1.1	SAMN36766197	31	FN	28629	Enterococcus faecium	50_to_75x	false	12	0	0.7272727272727273	0.7272727272727273	0.7600160144229514	0.21722251223349912	high
v1.1	SAMN36766197	34	FN	27579	Enterococcus faecium	50_to_75x	false	12	0	0.9	0.9	0.9514953540315986	0.9207545018592093	high
v1.1	SAMN36766197	40	FN	25518	Enterococcus faecium	50_to_75x	false	12	0	0.8	0.8	0.919752115213786	0.5245816483489983	high
v1.1	SAMN36766197	64	FN	13350	Enterococcus faecium	50_to_75x	false	12	0	0.9090909090909091	0.9090909090909091	0.976121211009001	0.9171471905892916	high
v1.1	SAMN36766197	70	FN	10764	Enterococcus faecium	50_to_75x	false	12	0	0.7272727272727273	0.7272727272727273	0.7600160144229514	0.1881598696206352	high
v1.1	SAMN36766197	74	FN	9836	Enterococcus faecium	50_to_75x	false	12	0	0.8181818181818182	0.8181818181818182	0.8488630723085183	0.7764263353535326	high
v1.1	SAMN36766197	79	FN	8948	Enterococcus faecium	50_to_75x	false	12	0	0.6363636363636364	0.6363636363636364	0.7593012364223598	0.1836003965822594	high
v1.1	SAMN36766197	80	FN	8656	Enterococcus faecium	50_to_75x	false	12	0	0.9090909090909091	0.9090909090909091	0.976121211009001	0.8508715393171495	high
v1.1	SAMN36766197	83	FN	7747	Enterococcus faecium	50_to_75x	true	12	0	0.9090909090909091	0.9090909090909091	0.976121211009001	0.8465113621146377	high
v1.1	SAMN36766197	86	FN	7291	Enterococcus faecium	50_to_75x	false	12	0	0.8	0.8	0.9529348266788944	0.8657444021686317	high
v1.1	SAMN36766197	88	FN	6155	Enterococcus faecium	50_to_75x	false	12	0	0.9090909090909091	0.9090909090909091	0.976121211009001	0.8465113621146377	high
v1.1	SAMN36766197	89	FN	6114	Enterococcus faecium	50_to_75x	false	12	0	0.8181818181818182	0.8181818181818182	0.8488630723085183	0.7764263353535326	high
v1.1	SAMN36766197	91	FN	5590	Enterococcus faecium	50_to_75x	false	12	0	0.9090909090909091	0.9090909090909091	0.976121211009001	0.8465113621146377	high
v1.1	SAMN36766197	92	FN	5495	Enterococcus faecium	50_to_75x	false	12	0	1.0	1.0	0.9993511297168415	0.9205915169660893	high
v1.1	SAMN36766197	93	FN	5348	Enterococcus faecium	50_to_75x	false	12	0	0.9090909090909091	0.9090909090909091	0.9952965484376111	0.8181835303755497	high
v1.1	SAMN36766197	94	FN	5236	Enterococcus faecium	50_to_75x	false	12	0	0.7272727272727273	0.7272727272727273	0.7600160144229514	0.18666450884535918	high
v1.1	SAMN36766197	99	FN	5122	Enterococcus faecium	50_to_75x	false	12	0	0.5833333333333334	0.5833333333333334	0.32629355132464394	0.053507038117105304	high
v1.1	SAMN36766197	100	FN	5028	Enterococcus faecium	50_to_75x	false	12	0	0.9090909090909091	0.9090909090909091	0.976121211009001	0.8465113621146377	high
v1.1	SAMN36766197	102	FN	4595	Enterococcus faecium	50_to_75x	true	12	0	0.8333333333333334	0.8333333333333334	0.9647539237935542	0.8963680482296258	high
v1.1	SAMN36766197	105	FN	4424	Enterococcus faecium	50_to_75x	false	12	0	0.8181818181818182	0.8181818181818182	0.9584194035239814	0.40191375551468256	high
v1.1	SAMN36766197	106	FN	4413	Enterococcus faecium	50_to_75x	false	12	0	0.75	0.75	0.9492724375550261	0.7557468924861676	high
v1.1	SAMN36766197	107	FN	4377	Enterococcus faecium	50_to_75x	false	12	0	0.7272727272727273	0.7272727272727273	0.8175024816909233	0.25328197883794457	high
v1.1	SAMN36766197	108	FN	4319	Enterococcus faecium	50_to_75x	false	12	0	0.8181818181818182	0.8181818181818182	0.9584194035239814	0.40191375551468256	high
v1.1	SAMN36766197	109	FN	4299	Enterococcus faecium	50_to_75x	false	12	0	0.6363636363636364	0.6363636363636364	0.7593012364223598	0.18666450884535918	high
v1.1	SAMN36766197	113	FN	3869	Enterococcus faecium	50_to_75x	false	12	0	0.8181818181818182	0.8181818181818182	0.9584194035239814	0.31213157532770774	high
v1.1	SAMN36766197	114	FN	3830	Enterococcus faecium	50_to_75x	false	12	0	0.8181818181818182	0.8181818181818182	0.8488630723085183	0.7764263353535326	high
v1.1	SAMN36766197	117	FN	3434	Enterococcus faecium	50_to_75x	false	12	0	0.9090909090909091	0.9090909090909091	0.976121211009001	0.7674778937296931	high
v1.1	SAMN36766197	118	FN	3404	Enterococcus faecium	50_to_75x	false	12	0	0.8	0.8	0.919752115213786	0.39262047499291447	high
v1.1	SAMN36766197	128	FN	2651	Enterococcus faecium	50_to_75x	false	12	0	0.9	0.9	0.9514953540315986	0.8178395966391953	high
v1.1	SAMN36766197	129	FN	2548	Enterococcus faecium	50_to_75x	true	12	0	0.8333333333333334	0.8333333333333334	0.9929225458808841	0.8696092188678795	high
v1.1	SAMN36766197	132	FN	2273	Enterococcus faecium	50_to_75x	false	12	0	0.7272727272727273	0.7272727272727273	0.8483601213458016	0.598450276157751	high
v1.1	SAMN36766197	133	FN	2231	Enterococcus faecium	50_to_75x	false	12	0	0.7	0.7	0.9220564628012747	0.24524235604480701	high
v1.1	SAMN36766197	134	FN	2167	Enterococcus faecium	50_to_75x	false	12	0	0.8181818181818182	0.8181818181818182	0.9760297891223917	0.7311765894956478	high
v1.1	SAMN36766197	137	FN	2012	Enterococcus faecium	50_to_75x	false	12	0	0.7777777777777778	0.7777777777777778	0.8290234405911397	0.7570904861443536	high
v1.1	SAMN36766197	138	FN	2006	Enterococcus faecium	50_to_75x	false	12	0	0.7	0.7	0.956457020611626	0.6703334624122314	high
v1.1	SAMN36766197	140	FN	1994	Enterococcus faecium	50_to_75x	false	12	0	0.6363636363636364	0.6363636363636364	0.7593012364223598	0.17358111728877867	high
v1.1	SAMN36766197	141	FN	1931	Enterococcus faecium	50_to_75x	true	12	0	0.8	0.8	0.9529348266788944	0.8047224577750984	high
v1.1	SAMN36766197	144	FN	1767	Enterococcus faecium	50_to_75x	false	12	0	0.8181818181818182	0.8181818181818182	0.9760297891223917	0.7465437945722113	high
v1.1	SAMN36766197	155	FN	1354	Enterococcus faecium	50_to_75x	false	12	0	0.7777777777777778	0.7777777777777778	0.8290234405911397	0.7714393940428929	high
v1.1	SAMN36766197	157	FN	1292	Enterococcus faecium	50_to_75x	false	12	0	0.36363636363636365	0.6363636363636364	0.965894039127876	0.12731262038368904	high
v1.1	SAMN36766197	159	FN	1140	Enterococcus faecium	50_to_75x	false	12	0	0.8181818181818182	0.8181818181818182	0.9760297891223917	0.7465437945722113	high
v1.1	SAMN36766197	164	FN	1020	Enterococcus faecium	50_to_75x	false	12	0	0.5555555555555556	0.5555555555555556	0.39711832664819946	0.2058450513049927	high
v1.1	SAMN36766202	19	FN	39614	Enterococcus faecium	ge_100x	false	12	0	0.8181818181818182	0.8181818181818182	0.8488630723085183	0.8839714852025061	high
v1.1	SAMN36766202	28	FN	28639	Enterococcus faecium	ge_100x	false	12	0	0.8181818181818182	0.8181818181818182	0.9584194035239814	0.5087204006005054	high
v1.1	SAMN36766202	59	FN	14403	Enterococcus faecium	ge_100x	false	12	0	0.9090909090909091	0.9090909090909091	0.9988498180665119	0.5473682032632166	high
v1.1	SAMN36766202	67	FN	13349	Enterococcus faecium	ge_100x	false	12	0	0.8181818181818182	0.8181818181818182	0.8488630723085183	0.8142407572231117	high
v1.1	SAMN36766202	75	FN	10762	Enterococcus faecium	ge_100x	false	12	0	0.8181818181818182	0.8181818181818182	0.8488630723085183	0.8142407572231117	high
v1.1	SAMN36766202	76	FN	10667	Enterococcus faecium	ge_100x	false	12	0	0.6363636363636364	0.6363636363636364	0.7593012364223598	0.21713587055315453	high
v1.1	SAMN36766202	82	FN	8818	Enterococcus faecium	ge_100x	false	12	0	0.6363636363636364	0.6363636363636364	0.7593012364223598	0.21205765797758466	high
v1.1	SAMN36766202	85	FN	8297	Enterococcus faecium	ge_100x	false	12	0	0.7272727272727273	0.7272727272727273	0.8483601213458016	0.6722004853130973	high
v1.1	SAMN36766202	90	FN	7703	Enterococcus faecium	ge_100x	true	12	0	0.9090909090909091	0.9090909090909091	0.976121211009001	0.8684213988561268	high
v1.1	SAMN36766202	94	FN	6376	Enterococcus faecium	ge_100x	false	12	0	0.8181818181818182	0.8181818181818182	0.8488630723085183	0.8060485981083086	high
v1.1	SAMN36766202	95	FN	6356	Enterococcus faecium	ge_100x	false	12	0	0.9090909090909091	0.9090909090909091	0.9988498180665119	0.5052234832211744	high
v1.1	SAMN36766202	97	FN	6114	Enterococcus faecium	ge_100x	false	12	0	0.9090909090909091	0.9090909090909091	0.976121211009001	0.8684213988561268	high
v1.1	SAMN36766202	98	FN	5956	Enterococcus faecium	ge_100x	true	12	0	0.75	0.75	0.8453536497494889	0.8502899658935983	high
v1.1	SAMN36766202	99	FN	5716	Enterococcus faecium	ge_100x	false	12	0	0.9	0.9	0.9514953540315986	0.8883532413767673	high
v1.1	SAMN36766202	102	FN	5347	Enterococcus faecium	ge_100x	false	12	0	0.9	0.9	0.9976061684210631	0.5415415522468998	high
v1.1	SAMN36766202	103	FN	5247	Enterococcus faecium	ge_100x	false	12	0	0.8	0.8	0.8070027099899361	0.8852810444904868	high
v1.1	SAMN36766202	105	FN	5088	Enterococcus faecium	ge_100x	false	12	0	0.9	0.9	0.9514953540315986	0.8883532413767673	high
v1.1	SAMN36766202	109	FN	4427	Enterococcus faecium	ge_100x	false	12	0	0.6666666666666666	0.6666666666666666	0.9110606383483703	0.33151686333837227	high
v1.1	SAMN36766202	111	FN	4312	Enterococcus faecium	ge_100x	false	12	0	0.8	0.8	0.919752115213786	0.5339328881322516	high
v1.1	SAMN36766202	112	FN	4297	Enterococcus faecium	ge_100x	false	12	0	0.8	0.8	0.9529348266788944	0.8852810444904868	high
v1.1	SAMN36766202	113	FN	4202	Enterococcus faecium	ge_100x	false	12	0	0.8181818181818182	0.8181818181818182	0.8881976497022714	0.8328821167236976	high
v1.1	SAMN36766202	116	FN	4036	Enterococcus faecium	ge_100x	false	12	0	0.7272727272727273	0.7272727272727273	0.8483601213458016	0.6722004853130973	high
v1.1	SAMN36766202	118	FN	3870	Enterococcus faecium	ge_100x	false	12	0	0.8181818181818182	0.8181818181818182	0.9584194035239814	0.35192298908256864	high
v1.1	SAMN36766202	120	FN	3649	Enterococcus faecium	ge_100x	false	12	0	0.9090909090909091	0.9090909090909091	0.976121211009001	0.7979772823185088	high
v1.1	SAMN36766202	121	FN	3404	Enterococcus faecium	ge_100x	false	12	0	0.8	0.8	0.919752115213786	0.4361665327127485	high
v1.1	SAMN36766202	122	FN	3319	Enterococcus faecium	ge_100x	true	12	0	0.9090909090909091	0.9090909090909091	0.976121211009001	0.7979772823185088	high
v1.1	SAMN36766202	126	FN	3011	Enterococcus faecium	ge_100x	false	12	0	0.8181818181818182	0.8181818181818182	0.9760297891223917	0.7891388931876211	high
v1.1	SAMN36766202	128	FN	2831	Enterococcus faecium	ge_100x	false	12	0	0.8181818181818182	0.8181818181818182	0.9584194035239814	0.35192298908256864	high
v1.1	SAMN36766202	132	FN	2481	Enterococcus faecium	ge_100x	false	12	0	0.7272727272727273	0.7272727272727273	0.8483601213458016	0.6722004853130973	high
v1.1	SAMN36766202	135	FN	2273	Enterococcus faecium	ge_100x	false	12	0	0.8181818181818182	0.8181818181818182	0.9760297891223917	0.7649794304126	high
v1.1	SAMN36766202	137	FN	2037	Enterococcus faecium	ge_100x	false	12	0	0.6363636363636364	0.6363636363636364	0.8252686979418431	0.21442826583797642	high
v1.1	SAMN36766202	138	FN	2007	Enterococcus faecium	ge_100x	false	12	0	0.6	0.6	0.9277141959014522	0.27997730877448457	high
v1.1	SAMN36766202	146	FN	1610	Enterococcus faecium	ge_100x	false	12	0	0.7	0.7	0.9220564628012747	0.2963142692994298	high
v1.1	SAMN36766202	156	FN	1354	Enterococcus faecium	ge_100x	false	12	0	0.8	0.8	0.9056454774147001	0.8438211798287509	high
v1.1	SAMN36766202	157	FN	1344	Enterococcus faecium	ge_100x	false	12	0	0.6363636363636364	0.6363636363636364	0.5350721749515018	0.6588672998537486	high
v1.1	SAMN36766202	160	FN	1248	Enterococcus faecium	ge_100x	false	12	0	0.8181818181818182	0.8181818181818182	0.9760297891223917	0.7789983624311053	high
v1.1	SAMN36766202	168	FN	1072	Enterococcus faecium	ge_100x	false	12	0	0.7272727272727273	0.7272727272727273	0.8483601213458016	0.6588672998537486	high
v1.1	SAMN36766202	175	FN	1028	Enterococcus faecium	ge_100x	false	12	0	0.7	0.7	0.6716956763018966	0.7272187239936514	high
v1.1	SAMN36766205	39	FN	27762	Enterococcus faecium	50_to_75x	false	12	0	0.8181818181818182	0.8181818181818182	0.8488630723085183	0.9331016215238109	high
v1.1	SAMN36766205	41	FN	25775	Enterococcus faecium	50_to_75x	false	12	0	0.8181818181818182	0.8181818181818182	0.9584194035239814	0.6144319458217147	high
v1.1	SAMN36766205	51	FN	17557	Enterococcus faecium	50_to_75x	false	12	0	0.6666666666666666	0.6666666666666666	0.7840650748740505	0.12724109964392877	high
v1.1	SAMN36766205	60	FN	13900	Enterococcus faecium	50_to_75x	false	12	0	0.8181818181818182	0.8181818181818182	0.9584194035239814	0.5895269004756648	high
v1.1	SAMN36766205	68	FN	10497	Enterococcus faecium	50_to_75x	true	12	0	0.5833333333333334	0.5833333333333334	0.7431680099185886	0.6149550247755935	high
v1.1	SAMN36766205	72	FN	9057	Enterococcus faecium	50_to_75x	false	12	0	0.9090909090909091	0.9090909090909091	0.976121211009001	0.9131029064154252	high
v1.1	SAMN36766205	75	FN	8056	Enterococcus faecium	50_to_75x	false	12	0	0.8181818181818182	0.8181818181818182	0.9760297891223917	0.886857869430843	high
v1.1	SAMN36766205	77	FN	7214	Enterococcus faecium	50_to_75x	false	12	0	0.9090909090909091	0.9090909090909091	0.976121211009001	0.91037056935107	high
v1.1	SAMN36766205	78	FN	7044	Enterococcus faecium	50_to_75x	true	12	0	0.9090909090909091	0.9090909090909091	0.976121211009001	0.91037056935107	high
v1.1	SAMN36766205	82	FN	6168	Enterococcus faecium	50_to_75x	false	12	0	0.9090909090909091	0.9090909090909091	0.9988498180665119	0.6111122739190463	high
v1.1	SAMN36766205	84	FN	6072	Enterococcus faecium	50_to_75x	false	12	0	0.9090909090909091	0.9090909090909091	0.976121211009001	0.91037056935107	high
v1.1	SAMN36766205	89	FN	5284	Enterococcus faecium	50_to_75x	false	12	0	0.6363636363636364	0.6363636363636364	0.8242539482520607	0.38449475944282185	high
v1.1	SAMN36766205	90	FN	5212	Enterococcus faecium	50_to_75x	false	12	0	0.9090909090909091	0.9090909090909091	0.9988498180665119	0.6159283637207502	high
v1.1	SAMN36766205	95	FN	4422	Enterococcus faecium	50_to_75x	false	12	0	0.7272727272727273	0.7272727272727273	0.9582631066501253	0.38449475944282185	high
v1.1	SAMN36766205	96	FP	4415	Enterococcus faecium	50_to_75x	true	12	0	0.9166666666666666	0.9166666666666666	0.9931544050611385	0.9783032538756922	high
v1.1	SAMN36766205	97	FN	3870	Enterococcus faecium	50_to_75x	false	12	0	0.8181818181818182	0.8181818181818182	0.9584194035239814	0.4552446472569246	high
v1.1	SAMN36766205	99	FN	3556	Enterococcus faecium	50_to_75x	false	12	0	0.9	0.9	0.9029070398528599	0.8882643481641083	high
v1.1	SAMN36766205	100	FN	3372	Enterococcus faecium	50_to_75x	false	12	0	0.9090909090909091	0.9090909090909091	0.976121211009001	0.8587316615886275	high
v1.1	SAMN36766205	106	FN	2483	Enterococcus faecium	50_to_75x	true	12	0	0.5833333333333334	0.5833333333333334	0.9506805552025154	0.6256784191407715	high
v1.1	SAMN36766205	107	FN	2463	Enterococcus faecium	50_to_75x	false	12	0	0.8181818181818182	0.8181818181818182	0.9760297891223917	0.8520584684399752	high
v1.1	SAMN36766205	111	FN	2304	Enterococcus faecium	50_to_75x	false	12	0	0.8181818181818182	0.8181818181818182	0.9760297891223917	0.8335878049418689	high
v1.1	SAMN36766205	112	FN	2303	Enterococcus faecium	50_to_75x	true	12	0	0.6666666666666666	0.6666666666666666	0.8251901391048131	0.7176803483745396	high
v1.1	SAMN36766205	115	FN	2242	Enterococcus faecium	50_to_75x	true	12	0	0.75	0.75	0.987146047145738	0.4672023815551215	high
v1.1	SAMN36766205	116	FN	2221	Enterococcus faecium	50_to_75x	false	12	0	0.8181818181818182	0.8181818181818182	0.9760297891223917	0.8335878049418689	high
v1.1	SAMN36766205	118	FN	2089	Enterococcus faecium	50_to_75x	false	12	0	0.9090909090909091	0.9090909090909091	0.9993485861116903	0.8480118836076465	high
v1.1	SAMN36766205	122	FN	1767	Enterococcus faecium	50_to_75x	false	12	0	0.8181818181818182	0.8181818181818182	0.9760297891223917	0.844346970973892	high
v1.1	SAMN36766205	123	FN	1610	Enterococcus faecium	50_to_75x	false	12	0	0.7272727272727273	0.7272727272727273	0.9582631066501253	0.31266740763829526	high
v1.1	SAMN36766205	125	FN	1535	Enterococcus faecium	50_to_75x	false	12	0	0.7272727272727273	0.7272727272727273	0.9582631066501253	0.31266740763829526	high
v1.1	SAMN36766205	141	FN	1114	Enterococcus faecium	50_to_75x	false	12	0	0.6363636363636364	0.6363636363636364	0.7593012364223598	0.33259585840684597	high
v1.1	SAMN36766227	23	FN	38231	Klebsiella pneumoniae	30_to_50x	false	12	0	0.8333333333333334	0.8333333333333334	0.9975734539370398	0.6435517159071568	high
v1.1	SAMN36766227	26	FN	26835	Klebsiella pneumoniae	30_to_50x	false	12	0	0.8333333333333334	0.8333333333333334	0.8727648359652314	0.8181182605480358	high
v1.1	SAMN36766227	29	FN	20973	Klebsiella pneumoniae	30_to_50x	false	12	0	0.8333333333333334	0.8333333333333334	0.9508635198395291	0.6188482511961779	high
v1.1	SAMN36766227	30	FN	13580	Klebsiella pneumoniae	30_to_50x	true	12	0	0.8333333333333334	0.8333333333333334	0.9508635198395291	0.4398516235060339	high
v1.1	SAMN36766227	31	FN	13121	Klebsiella pneumoniae	30_to_50x	true	12	0	0.5833333333333334	0.5833333333333334	0.9975926180795132	0.8977097434049893	high
v1.1	SAMN36766227	32	FN	11388	Klebsiella pneumoniae	30_to_50x	true	12	0	0.8333333333333334	0.8333333333333334	0.9875647758701592	0.9029365976175341	high
v1.1	SAMN36766227	33	FN	7683	Klebsiella pneumoniae	30_to_50x	false	12	0	1.0	1.0	0.999822425133984	0.8879144831155961	high
v1.1	SAMN36766227	34	FN	7560	Klebsiella pneumoniae	30_to_50x	false	12	0	0.6666666666666666	0.6666666666666666	0.7889023520731259	0.27154662691389203	high
v1.1	SAMN36766227	35	FN	6841	Klebsiella pneumoniae	30_to_50x	true	12	0	0.9166666666666666	0.9166666666666666	0.9931544050611385	0.8879144831155961	high
v1.1	SAMN36766227	36	FN	5801	Klebsiella pneumoniae	30_to_50x	false	12	0	0.8333333333333334	0.8333333333333334	0.9666370174996789	0.7499190703885522	high
v1.1	SAMN36766227	37	FN	4528	Klebsiella pneumoniae	30_to_50x	true	12	0	0.8333333333333334	0.8333333333333334	0.9929225458808841	0.7744533196972883	high
v1.1	SAMN36766227	39	FN	4167	Klebsiella pneumoniae	30_to_50x	false	12	0	1.0	1.0	0.999822425133984	0.9007032353933848	high
v1.1	SAMN36766227	40	FN	3634	Klebsiella pneumoniae	30_to_50x	false	12	0	0.8333333333333334	0.8333333333333334	0.9508635198395291	0.3500104716672122	high
v1.1	SAMN36766227	42	FN	2341	Klebsiella pneumoniae	30_to_50x	false	12	0	0.6666666666666666	0.6666666666666666	0.7792781134159518	0.1939396337091484	high
v1.1	SAMN36766227	43	FN	2154	Klebsiella pneumoniae	30_to_50x	false	12	0	0.8333333333333334	0.8333333333333334	0.9929225458808841	0.6592763365168313	high
v1.1	SAMN36766227	44	FN	2134	Klebsiella pneumoniae	30_to_50x	false	12	0	0.8333333333333334	0.8333333333333334	0.9929225458808841	0.6592763365168313	high
v1.1	SAMN36766227	45	FN	2079	Klebsiella pneumoniae	30_to_50x	false	12	0	0.8	0.8	0.9420308381334653	0.5006193990481789	high
v1.1	SAMN36766227	46	FN	1986	Klebsiella pneumoniae	30_to_50x	false	12	0	0.8181818181818182	0.8181818181818182	0.9857017881103314	0.39541114868326144	high
v1.1	SAMN36766227	47	FN	1648	Klebsiella pneumoniae	30_to_50x	false	12	0	0.6666666666666666	0.6666666666666666	0.7792781134159518	0.27655626292211755	high
v1.1	SAMN36766227	48	FN	1640	Klebsiella pneumoniae	30_to_50x	true	12	0	0.75	0.75	0.9492724375550261	0.28092931525428744	high
v1.1	SAMN36766227	50	FN	1419	Klebsiella pneumoniae	30_to_50x	false	12	0	0.7272727272727273	0.7272727272727273	0.8705147387133599	0.8356813440455678	high
v1.1	SAMN36766227	51	FN	1399	Klebsiella pneumoniae	30_to_50x	false	12	0	0.7272727272727273	0.7272727272727273	0.8705147387133599	0.8356813440455678	high
v1.1	SAMN36766227	52	FN	1380	Klebsiella pneumoniae	30_to_50x	false	12	0	0.7272727272727273	0.7272727272727273	0.8178592258974834	0.47101359190030195	high
v1.1	SAMN36766227	55	FN	1307	Klebsiella pneumoniae	30_to_50x	false	12	0	0.5	0.5	0.9953553147824763	0.7072775908587942	high
v1.1	SAMN36766227	56	FN	1250	Klebsiella pneumoniae	30_to_50x	false	12	0	0.5	0.5	0.9975107036737277	0.7978622152194987	high
v1.1	SAMN36766227	57	FN	1115	Klebsiella pneumoniae	30_to_50x	false	12	0	0.8	0.8	0.9420308381334653	0.6957223780699942	high
v1.1	SAMN36766227	58	FN	1108	Klebsiella pneumoniae	30_to_50x	false	12	0	0.7	0.7	0.5774360994936356	0.27103798336912943	high
v1.1	SAMN36766227	59	FN	1106	Klebsiella pneumoniae	30_to_50x	true	12	0	0.8181818181818182	0.8181818181818182	0.9703096995214244	0.8721833012608501	high
v1.1	SAMN37639060	23	FN	33905	Enterococcus faecalis	ge_100x	false	11	1	0.9	0.9	0.9543847964573413	0.809704123190863	high
v1.1	SAMN37639060	37	FN	14061	Enterococcus faecalis	ge_100x	false	11	1	1.0	1.0	0.9728332078463173	0.9281785000169352	high
v1.1	SAMN37639060	40	FN	8406	Enterococcus faecalis	ge_100x	false	11	1	0.9	0.9	0.836016931435885	0.31899566177752153	high
v1.1	SAMN37639060	45	FN	5508	Enterococcus faecalis	ge_100x	true	11	1	0.8181818181818182	0.8181818181818182	0.8395815054723568	0.8525206942225872	high
v1.1	SAMN37639060	46	FN	5107	Enterococcus faecalis	ge_100x	false	11	1	1.0	1.0	0.9728332078463173	0.8230776407553432	high
v1.1	SAMN37639060	47	FN	4885	Enterococcus faecalis	ge_100x	false	11	1	0.3	0.7	0.7981520021679929	0.0036996720151891934	high
v1.1	SAMN37639060	50	FN	3588	Enterococcus faecalis	ge_100x	false	11	1	1.0	1.0	0.9728332078463173	0.7357445715999268	high
v1.1	SAMN37639060	54	FN	2402	Enterococcus faecalis	ge_100x	false	11	1	0.7	0.7	0.8130394953315193	0.5562807067030688	high
v1.1	SAMN37639060	56	FN	1918	Enterococcus faecalis	ge_100x	true	11	1	0.7	0.7	0.6133816695249825	0.40780504296276365	high
v1.1	SAMN37639060	58	FN	1794	Enterococcus faecalis	ge_100x	false	11	1	0.8	0.8	0.8815586597602247	0.57713902180708	high
v1.1	SAMN37639060	63	FN	1549	Enterococcus faecalis	ge_100x	false	11	1	0.7	0.7	0.6133816695249825	0.44958839712131315	high
v1.1	SAMN37639060	64	FN	1536	Enterococcus faecalis	ge_100x	false	11	1	0.4444444444444444	0.5555555555555556	0.704270951856979	0.24827962784802018	high
v1.1	SAMN37639060	65	FN	1528	Enterococcus faecalis	ge_100x	false	11	1	0.7777777777777778	0.7777777777777778	0.9529549821192514	0.338508536745691	high
v1.1	SAMN37639060	70	FN	1060	Enterococcus faecalis	ge_100x	false	11	1	0.8	0.8	0.8815586597602247	0.6698972471673545	high
v1.1	SAMN38182635	19	FN	76286	Serratia spp.	ge_100x	false	12	0	0.8333333333333334	0.8333333333333334	0.9875647758701592	0.84442763199626	high
v1.1	SAMN38182635	24	FN	46161	Serratia spp.	ge_100x	true	12	0	0.9166666666666666	0.9166666666666666	0.9990595195282134	0.9476253275789006	high
v1.1	SAMN38203345	9	FN	62697	Enterococcus faecalis	ge_100x	true	12	0	0.8181818181818182	0.8181818181818182	0.9941097538018421	0.9287467386525936	high
v1.1	SAMN38203345	11	FN	9581	Enterococcus faecalis	ge_100x	false	12	0	0.45454545454545453	0.5454545454545454	0.04391113282900423	0.42337438453622794	high
v1.1	SAMN38203345	12	FN	4529	Enterococcus faecalis	ge_100x	false	12	0	0.6363636363636364	0.6363636363636364	0.8242539482520607	0.8610650390222534	high
v1.1	SAMN38203345	13	FN	2638	Enterococcus faecalis	ge_100x	false	12	0	0.6363636363636364	0.6363636363636364	0.8242539482520607	0.8062433412651167	high
v1.1	SAMN38231263	18	FN	7384	Enterococcus faecalis	ge_100x	false	12	0	0.9090909090909091	0.9090909090909091	0.9988498180665119	0.891166272039133	high
v1.1	SAMN38231263	19	FN	5143	Enterococcus faecalis	ge_100x	false	12	0	1.0	1.0	0.9993511297168415	0.8400127852509048	high
v1.1	SAMN38231263	23	FN	3001	Enterococcus faecalis	ge_100x	false	12	0	0.8181818181818182	0.8181818181818182	0.9584194035239814	0.8390571911595758	high
v1.1	SAMN38562723	16	FN	41933	Serratia spp.	ge_100x	false	12	0	0.8333333333333334	0.8333333333333334	0.9975734539370398	0.8765222604042798	high
v1.1	SAMN38673182	9	FN	68248	Enterococcus faecalis	ge_100x	true	12	0	0.75	0.75	0.8701194241485019	0.8529624972050981	high
v1.1	SAMN38999337	16	FN	54785	Enterococcus faecium	ge_100x	true	12	0	0.7	0.7	0.6977069436403512	0.9128729992525975	high
v1.1	SAMN38999337	20	FN	25386	Enterococcus faecium	ge_100x	false	12	0	0.7272727272727273	0.7272727272727273	0.5218803117744132	0.9481896803496421	high
v1.1	SAMN38999337	21	FN	23466	Enterococcus faecium	ge_100x	false	12	0	0.7272727272727273	0.7272727272727273	0.7600160144229514	0.8853380522776025	high
v1.1	SAMN38999337	25	FN	12857	Enterococcus faecium	ge_100x	false	12	0	0.7272727272727273	0.7272727272727273	0.5218803117744132	0.8487547271735166	high
v1.1	SAMN38999337	26	FN	10493	Enterococcus faecium	ge_100x	false	12	0	0.5454545454545454	0.5454545454545454	0.11238132725857243	0.6788162609187567	high
v1.1	SAMN38999337	30	FN	7640	Enterococcus faecium	ge_100x	false	12	0	1.0	1.0	0.9993511297168415	0.9496645217981556	high
v1.1	SAMN38999337	31	FN	7498	Enterococcus faecium	ge_100x	false	12	0	0.7272727272727273	0.7272727272727273	0.8175024816909233	0.9228943807059237	high
v1.1	SAMN38999337	32	FN	5098	Enterococcus faecium	ge_100x	false	12	0	0.6363636363636364	0.6363636363636364	0.6194629902269139	0.8771723016657909	high
v1.1	SAMN38999337	33	FN	4838	Enterococcus faecium	ge_100x	false	12	0	0.8181818181818182	0.8181818181818182	0.8488630723085183	0.8115833484468905	high
v1.1	SAMN38999337	34	FN	4071	Enterococcus faecium	ge_100x	true	12	0	0.8181818181818182	0.8181818181818182	0.8937203351298281	0.8807346719165097	high
v1.1	SAMN38999337	37	FN	2651	Enterococcus faecium	ge_100x	false	12	0	0.7272727272727273	0.7272727272727273	0.887808295433477	0.8391628961343501	high
v1.1	SAMN38999337	38	FN	2572	Enterococcus faecium	ge_100x	false	12	0	0.9	0.9	0.9514953540315986	0.7838622671111194	high
v1.1	SAMN38999337	39	FN	2510	Enterococcus faecium	ge_100x	true	12	0	0.45454545454545453	0.5454545454545454	0.9817700205696802	0.5471895519324254	high
v1.1	SAMN38999337	41	FN	2117	Enterococcus faecium	ge_100x	false	12	0	0.6363636363636364	0.6363636363636364	0.5350721749515018	0.6622190741112365	high
v1.1	SAMN38999337	43	FN	1759	Enterococcus faecium	ge_100x	false	12	0	0.8181818181818182	0.8181818181818182	0.9760297891223917	0.852047774647738	high
v1.1	SAMN38999337	44	FN	1691	Enterococcus faecium	ge_100x	false	12	0	0.8181818181818182	0.8181818181818182	0.9760297891223917	0.852047774647738	high
v1.1	SAMN38999337	45	FN	1557	Enterococcus faecium	ge_100x	false	12	0	0.45454545454545453	0.5454545454545454	0.060355655881452516	0.5301571964108186	high
v1.1	SAMN38999337	47	FN	1122	Enterococcus faecium	ge_100x	false	12	0	0.5454545454545454	0.5454545454545454	0.8236861132887235	0.8295964712595872	high
v1.1	SAMN38999338	31	FN	32714	Enterococcus faecium	ge_100x	false	12	0	0.8181818181818182	0.8181818181818182	0.9584194035239814	0.6144319458217147	high
v1.1	SAMN38999338	53	FN	16044	Enterococcus faecium	ge_100x	false	12	0	0.8181818181818182	0.8181818181818182	0.9584194035239814	0.5895269004756648	high
v1.1	SAMN38999338	60	FN	13350	Enterococcus faecium	ge_100x	false	12	0	0.9090909090909091	0.9090909090909091	0.976121211009001	0.9514537584676356	high
v1.1	SAMN38999338	61	FN	13160	Enterococcus faecium	ge_100x	false	12	0	0.9090909090909091	0.9090909090909091	0.976121211009001	0.9514537584676356	high
v1.1	SAMN38999338	64	FN	9704	Enterococcus faecium	ge_100x	false	12	0	0.9	0.9	0.9514953540315986	0.9217038764646883	high
v1.1	SAMN38999338	66	FN	9167	Enterococcus faecium	ge_100x	false	12	0	0.7	0.7	0.9220564628012747	0.4658127985726866	high
v1.1	SAMN38999338	68	FN	8615	Enterococcus faecium	ge_100x	false	12	0	0.8181818181818182	0.8181818181818182	0.9584194035239814	0.5564626216335239	high
v1.1	SAMN38999338	72	FN	7381	Enterococcus faecium	ge_100x	true	12	0	0.8181818181818182	0.8181818181818182	0.9584194035239814	0.5480665842795138	high
v1.1	SAMN38999338	73	FN	7212	Enterococcus faecium	ge_100x	true	12	0	0.8333333333333334	0.8333333333333334	0.9508635198395291	0.9005842851509673	high
v1.1	SAMN38999338	76	FN	6646	Enterococcus faecium	ge_100x	false	12	0	0.9090909090909091	0.9090909090909091	0.976121211009001	0.9071033722549446	high
v1.1	SAMN38999338	78	FN	6449	Enterococcus faecium	ge_100x	false	12	0	0.9090909090909091	0.9090909090909091	0.976121211009001	0.9071033722549446	high
v1.1	SAMN38999338	80	FN	6137	Enterococcus faecium	ge_100x	false	12	0	0.75	0.75	0.868993273587535	0.6404776384206534	high
v1.1	SAMN38999338	81	FN	5909	Enterococcus faecium	ge_100x	false	12	0	0.7272727272727273	0.7272727272727273	0.9582631066501253	0.379699270958679	high
v1.1	SAMN38999338	82	FN	5881	Enterococcus faecium	ge_100x	false	12	0	0.9	0.9	0.9514953540315986	0.9217038764646883	high
v1.1	SAMN38999338	84	FN	5840	Enterococcus faecium	ge_100x	false	12	0	0.8181818181818182	0.8181818181818182	0.9584194035239814	0.5480665842795138	high
v1.1	SAMN38999338	86	FN	5301	Enterococcus faecium	ge_100x	false	12	0	0.9090909090909091	0.9090909090909091	0.9988498180665119	0.6065665794576697	high
v1.1	SAMN38999338	90	FN	4814	Enterococcus faecium	ge_100x	false	12	0	0.9090909090909091	0.9090909090909091	0.976121211009001	0.9071033722549446	high
v1.1	SAMN38999338	92	FN	4650	Enterococcus faecium	ge_100x	true	12	0	0.9090909090909091	0.9090909090909091	0.976121211009001	0.9071033722549446	high
v1.1	SAMN38999338	95	FN	4405	Enterococcus faecium	ge_100x	false	12	0	0.8181818181818182	0.8181818181818182	0.9760297891223917	0.886857869430843	high
v1.1	SAMN38999338	96	FN	4374	Enterococcus faecium	ge_100x	false	12	0	0.7272727272727273	0.7272727272727273	0.8175024816909233	0.38449475944282185	high
v1.1	SAMN38999338	98	FN	3958	Enterococcus faecium	ge_100x	false	12	0	0.8181818181818182	0.8181818181818182	0.9760297891223917	0.8520584684399752	high
v1.1	SAMN38999338	101	FN	3440	Enterococcus faecium	ge_100x	false	12	0	0.9090909090909091	0.9090909090909091	0.976121211009001	0.8538842293728113	high
v1.1	SAMN38999338	102	FN	3213	Enterococcus faecium	ge_100x	false	12	0	0.8181818181818182	0.8181818181818182	0.9584194035239814	0.4552446472569246	high
v1.1	SAMN38999338	103	FN	3211	Enterococcus faecium	ge_100x	false	12	0	0.8181818181818182	0.8181818181818182	0.9760297891223917	0.8520584684399752	high
v1.1	SAMN38999338	104	FN	3016	Enterococcus faecium	ge_100x	false	12	0	0.8181818181818182	0.8181818181818182	0.9584194035239814	0.4552446472569246	high
v1.1	SAMN38999338	105	FN	2888	Enterococcus faecium	ge_100x	false	12	0	0.9	0.9	0.9029070398528599	0.8842937472673933	high
v1.1	SAMN38999338	107	FN	2731	Enterococcus faecium	ge_100x	false	12	0	0.8181818181818182	0.8181818181818182	0.9584194035239814	0.4552446472569246	high
v1.1	SAMN38999338	108	FN	2621	Enterococcus faecium	ge_100x	false	12	0	0.9	0.9	0.9514953540315986	0.8882561121784718	high
v1.1	SAMN38999338	109	FN	2565	Enterococcus faecium	ge_100x	true	12	0	0.8181818181818182	0.8181818181818182	0.9760297891223917	0.8520584684399752	high
v1.1	SAMN38999338	110	FN	2470	Enterococcus faecium	ge_100x	false	12	0	0.8181818181818182	0.8181818181818182	0.9760297891223917	0.8520584684399752	high
v1.1	SAMN38999338	111	FN	2425	Enterococcus faecium	ge_100x	false	12	0	0.8181818181818182	0.8181818181818182	0.9760297891223917	0.8520584684399752	high
v1.1	SAMN38999338	113	FN	2354	Enterococcus faecium	ge_100x	false	12	0	0.8181818181818182	0.8181818181818182	0.9760297891223917	0.8335878049418689	high
v1.1	SAMN38999338	114	FN	2166	Enterococcus faecium	ge_100x	false	12	0	0.7	0.7	0.9220564628012747	0.37437835809768205	high
v1.1	SAMN38999338	120	FN	1584	Enterococcus faecium	ge_100x	false	12	0	0.8181818181818182	0.8181818181818182	0.9760297891223917	0.844346970973892	high
v1.1	SAMN38999338	126	FN	1406	Enterococcus faecium	ge_100x	false	12	0	0.8181818181818182	0.8181818181818182	0.9760297891223917	0.844346970973892	high
v1.1	SAMN38999338	130	FN	1251	Enterococcus faecium	ge_100x	false	12	0	0.7272727272727273	0.7272727272727273	0.8933479043144746	0.7185643831472348	high
v1.1	SAMN38999338	131	FN	1250	Enterococcus faecium	ge_100x	false	12	0	0.8181818181818182	0.8181818181818182	0.9760297891223917	0.844346970973892	high
v1.1	SAMN38999338	132	FN	1236	Enterococcus faecium	ge_100x	false	12	0	0.6	0.6	0.5445001804891717	0.2978075783239762	high
v1.1	SAMN38999338	134	FN	1224	Enterococcus faecium	ge_100x	false	12	0	0.7272727272727273	0.7272727272727273	0.8933479043144746	0.7185643831472348	high
v1.1	SAMN39551827	24	FN	1101	Enterobacter spp.	ge_100x	false	11	1	0.36363636363636365	0.6363636363636364	0.8642600631251203	0.8763283499132213	high
v1.1	SAMN39551827	25	FN	1018	Enterobacter spp.	ge_100x	false	11	1	0.36363636363636365	0.6363636363636364	0.8642600631251203	0.8763283499132213	high
v1.1	SAMN39551827	26	FN	1014	Enterobacter spp.	ge_100x	false	11	1	0.2727272727272727	0.7272727272727273	0.5705522725490784	0.06380591921904662	high
v1.1	SAMN39551833	11	FN	94849	Enterobacter spp.	ge_100x	false	12	0	0.8333333333333334	0.8333333333333334	0.9975734539370398	0.6449661213241397	high
v1.1	SAMN39551833	16	FN	15623	Enterobacter spp.	ge_100x	false	12	0	0.8333333333333334	0.8333333333333334	0.9975734539370398	0.8190085907967668	high
v1.1	SAMN39551833	17	FN	5517	Enterobacter spp.	ge_100x	false	12	0	0.75	0.75	0.9137413354205492	0.8418839094090115	high
v1.1	SAMN39551833	18	FN	4305	Enterobacter spp.	ge_100x	false	12	0	0.8333333333333334	0.8333333333333334	0.9996808922850248	0.9461119977262443	high
v1.1	SAMN39551834	18	FN	2496	Enterobacter spp.	ge_100x	false	12	0	0.8333333333333334	0.8333333333333334	0.9996645917049077	0.9294320437602989	high
v1.1	SAMN39551839	60	FN	11758	Enterobacter spp.	ge_100x	false	12	0	0.6666666666666666	0.6666666666666666	0.7276803953935368	0.8727633262738607	high
v1.1	SAMN39551839	63	FN	8747	Enterobacter spp.	ge_100x	false	12	0	0.75	0.75	0.9137413354205492	0.9324135752714592	high
v1.1	SAMN39551839	65	FN	8373	Enterobacter spp.	ge_100x	false	12	0	0.3333333333333333	0.6666666666666666	0.7362779683315532	0.844962454110034	high
v1.1	SAMN39551839	75	FN	3270	Enterobacter spp.	ge_100x	false	12	0	0.75	0.75	0.7896899118601343	0.68262118358818	high
v1.1	SAMN39551839	77	FN	2770	Enterobacter spp.	ge_100x	false	12	0	0.4166666666666667	0.5833333333333334	0.8800141858960508	0.8653589818331037	high
v1.1	SAMN39551839	84	FN	1687	Enterobacter spp.	ge_100x	false	12	0	0.4166666666666667	0.5833333333333334	0.9918788646503687	0.823473667876149	high
v1.1	SAMN39551839	91	FN	1242	Enterobacter spp.	ge_100x	false	12	0	0.7	0.7	0.9047139508530975	0.9473913944464033	high
v1.1	SAMN39551839	92	FN	1241	Enterobacter spp.	ge_100x	false	12	0	0.6666666666666666	0.6666666666666666	0.9387888901759281	0.9483735651886557	high
v1.1	SAMN39551859	11	FN	95337	Enterobacter spp.	ge_100x	false	12	0	0.75	0.75	0.937435332346856	0.9097244523819046	high
v1.1	SAMN39551859	14	FN	80780	Enterobacter spp.	ge_100x	true	12	0	0.9090909090909091	0.9090909090909091	0.9857568595095695	0.9278156421691592	high
v1.1	SAMN39551859	19	FN	23485	Enterobacter spp.	ge_100x	true	12	0	0.9090909090909091	0.9090909090909091	0.9857568595095695	0.9488517476812601	high
v1.1	SAMN39551859	20	FN	9682	Enterobacter spp.	ge_100x	true	12	0	0.8333333333333334	0.8333333333333334	0.9508635198395291	0.7014419642504071	high
v1.1	SAMN39551862	33	FN	38214	Enterobacter spp.	ge_100x	false	12	0	0.9166666666666666	0.9166666666666666	0.9986702433695193	0.8933118720706955	high
v1.1	SAMN39551862	47	FN	16596	Enterobacter spp.	ge_100x	false	12	0	0.8333333333333334	0.8333333333333334	0.9508635198395291	0.5894387024089759	high
v1.1	SAMN39551862	53	FN	6653	Enterobacter spp.	ge_100x	false	12	0	0.8333333333333334	0.8333333333333334	0.9508635198395291	0.46556026075954765	high
v1.1	SAMN39551862	54	FN	6556	Enterobacter spp.	ge_100x	false	12	0	0.75	0.75	0.7944342199327958	0.4084626164806429	high
v1.1	SAMN39551862	56	FN	6061	Enterobacter spp.	ge_100x	false	12	0	0.8333333333333334	0.8333333333333334	0.9508635198395291	0.46556026075954765	high
v1.1	SAMN39551862	57	FN	4265	Enterobacter spp.	ge_100x	false	12	0	0.08333333333333333	0.9166666666666666	0.0023477360266118638	0.0003976366672270445	high
v1.1	SAMN39551862	58	FN	4096	Enterobacter spp.	ge_100x	false	12	0	1.0	1.0	0.999822425133984	0.909550217808742	high
v1.1	SAMN39551862	59	FN	3762	Enterobacter spp.	ge_100x	false	12	0	0.8333333333333334	0.8333333333333334	0.9996808922850248	0.9086202508972312	high
v1.1	SAMN39551862	60	FN	3460	Enterobacter spp.	ge_100x	false	12	0	0.6666666666666666	0.6666666666666666	0.666508408198521	0.595683452148735	high
v1.1	SAMN39551862	61	FN	2914	Enterobacter spp.	ge_100x	false	12	0	0.75	0.75	0.7849934510745252	0.38823890534135064	high
v1.1	SAMN39551862	64	FN	2495	Enterobacter spp.	ge_100x	false	12	0	0.08333333333333333	0.9166666666666666	0.0023477360266118638	0.0003976366672270445	high
v1.1	SAMN39551862	69	FN	1338	Enterobacter spp.	ge_100x	false	12	0	0.7272727272727273	0.7272727272727273	0.8178592258974834	0.6225508568614073	high
v1.1	SAMN39634308	25	FN	18912	Enterococcus faecalis	ge_100x	false	12	0	0.9090909090909091	0.9090909090909091	0.976121211009001	0.8108334596460932	high
v1.1	SAMN39634308	30	FN	14169	Enterococcus faecalis	ge_100x	false	12	0	0.9090909090909091	0.9090909090909091	0.976121211009001	0.7915139874454217	high
v1.1	SAMN39634308	37	FN	9527	Enterococcus faecalis	ge_100x	false	12	0	0.7272727272727273	0.7272727272727273	0.8175024816909233	0.5385490394182119	high
v1.1	SAMN39634308	38	FN	8170	Enterococcus faecalis	ge_100x	false	12	0	1.0	1.0	0.9970512777653625	0.785335323251766	high
v1.1	SAMN39634308	40	FN	6633	Enterococcus faecalis	ge_100x	false	12	0	0.8181818181818182	0.8181818181818182	0.9760297891223917	0.4895592636604442	high
v1.1	SAMN39634308	47	FN	3935	Enterococcus faecalis	ge_100x	false	12	0	0.9	0.9	0.9029070398528599	0.4832377082605236	high
v1.1	SAMN39634308	48	FN	3911	Enterococcus faecalis	ge_100x	false	12	0	0.6363636363636364	0.6363636363636364	0.5924523728855021	0.2894745137427261	high
v1.1	SAMN39634308	50	FN	2877	Enterococcus faecalis	ge_100x	false	12	0	0.8181818181818182	0.8181818181818182	0.8488630723085183	0.20325600300868835	high
v1.1	SAMN39634308	52	FN	2461	Enterococcus faecalis	ge_100x	false	12	0	0.7272727272727273	0.7272727272727273	0.8483601213458016	0.13245312679103832	high
v1.1	SAMN39634308	53	FN	1918	Enterococcus faecalis	ge_100x	true	12	0	0.5454545454545454	0.5454545454545454	0.1827815051923714	0.11861535707623845	high
v1.1	SAMN39634308	56	FN	1744	Enterococcus faecalis	ge_100x	false	12	0	0.8181818181818182	0.8181818181818182	0.9760297891223917	0.42955336563985325	high
v1.1	SAMN39634310	4	FN	181156	Enterococcus faecalis	ge_100x	false	12	0	0.08333333333333333	0.9166666666666666	0.0008875923849391506	0.0003417903337840612	high
v1.1	SAMN39634310	10	FN	120360	Enterococcus faecalis	ge_100x	false	12	0	0.2727272727272727	0.7272727272727273	0.0017488125703686084	0.001970205892693217	high
v1.1	SAMN39634310	11	FN	103366	Enterococcus faecalis	ge_100x	false	12	0	0.0	1.0	0.0005025181506132203	0.0003417903337840612	high
v1.1	SAMN39634310	14	FN	98898	Enterococcus faecalis	ge_100x	false	12	0	0.0	1.0	0.0005025181506132203	0.0003417903337840612	high
v1.1	SAMN39634310	17	FN	71276	Enterococcus faecalis	ge_100x	false	12	0	0.8	0.8	0.919752115213786	0.922237922862156	high
v1.1	SAMN39634310	20	FN	42784	Enterococcus faecalis	ge_100x	false	12	0	0.0	1.0	0.004013241517556705	0.001758677318658165	high
v1.1	SAMN39634310	25	FN	26531	Enterococcus faecalis	ge_100x	false	12	0	0.09090909090909091	0.9090909090909091	0.018944664021705894	0.002487911699179033	high
v1.1	SAMN39634310	26	FN	25735	Enterococcus faecalis	ge_100x	false	12	0	0.45454545454545453	0.5454545454545454	0.027430054711151987	0.78501287180964	high
v1.1	SAMN39634310	27	FN	22449	Enterococcus faecalis	ge_100x	false	12	0	0.0	1.0	0.004013241517556705	0.00187787284264091	high
v1.1	SAMN39634310	29	FN	18316	Enterococcus faecalis	ge_100x	false	12	0	0.9	0.9	0.9514953540315986	0.9105799489926673	high
v1.1	SAMN39634310	30	FN	15356	Enterococcus faecalis	ge_100x	false	12	0	0.09090909090909091	0.9090909090909091	0.05262730758006551	0.004431971344582929	high
v1.1	SAMN39634310	31	FN	12405	Enterococcus faecalis	ge_100x	false	12	0	0.09090909090909091	0.9090909090909091	0.018944664021705894	0.0032817325230362865	high
v1.1	SAMN39634310	32	FN	11125	Enterococcus faecalis	ge_100x	false	12	0	0.36363636363636365	0.6363636363636364	0.0033203465540687076	0.3180228524939811	high
v1.1	SAMN39634310	33	FN	10808	Enterococcus faecalis	ge_100x	false	12	0	0.5	0.5	0.3367783791382501	0.6324580124027566	high
v1.1	SAMN39634310	34	FN	10636	Enterococcus faecalis	ge_100x	false	12	0	0.7272727272727273	0.7272727272727273	0.8483601213458016	0.8487547271735166	high
v1.1	SAMN39634310	36	FN	7825	Enterococcus faecalis	ge_100x	false	12	0	0.08333333333333333	0.9166666666666666	0.01874023391234934	0.0037887513698301057	high
v1.1	SAMN39634310	38	FN	5407	Enterococcus faecalis	ge_100x	false	12	0	0.08333333333333333	0.9166666666666666	0.01874023391234934	0.0037887513698301057	high
v1.1	SAMN39634310	40	FN	4961	Enterococcus faecalis	ge_100x	false	12	0	0.8	0.8	0.7979923847373591	0.8420733450499406	high
v1.1	SAMN39634310	41	FN	3721	Enterococcus faecalis	ge_100x	false	12	0	0.0	1.0	0.019011907462895737	0.002618643692293967	high
v1.1	SAMN39724761	33	FN	27700	Klebsiella pneumoniae	ge_100x	false	12	0	0.9166666666666666	0.9166666666666666	0.9986702433695193	0.844625985703963	high
v1.1	SAMN39724761	38	FN	15377	Klebsiella pneumoniae	ge_100x	false	12	0	0.8333333333333334	0.8333333333333334	0.9666370174996789	0.91495197316281	high
v1.1	SAMN39724761	41	FN	9657	Klebsiella pneumoniae	ge_100x	true	12	0	0.9166666666666666	0.9166666666666666	0.9931544050611385	0.8912496130916091	high
v1.1	SAMN39724761	43	FN	7714	Klebsiella pneumoniae	ge_100x	false	12	0	0.4166666666666667	0.5833333333333334	0.9918788646503687	0.5538120506111538	high
v1.1	SAMN39724761	44	FN	7336	Klebsiella pneumoniae	ge_100x	true	12	0	0.9166666666666666	0.9166666666666666	0.9931544050611385	0.8879144831155961	high
v1.1	SAMN39724761	45	FN	6511	Klebsiella pneumoniae	ge_100x	false	12	0	0.8333333333333334	0.8333333333333334	0.9932642968525297	0.7499190703885522	high
v1.1	SAMN39724761	46	FN	5934	Klebsiella pneumoniae	ge_100x	true	12	0	1.0	1.0	0.9998869742013504	0.9202517633208327	high
v1.1	SAMN39724761	47	FN	5096	Klebsiella pneumoniae	ge_100x	true	12	0	0.9166666666666666	0.9166666666666666	0.9931544050611385	0.9007032353933848	high
v1.1	SAMN39724761	50	FN	4067	Klebsiella pneumoniae	ge_100x	true	12	0	0.9166666666666666	0.9166666666666666	0.9931544050611385	0.8444463000759739	high
v1.1	SAMN39724761	51	FN	3612	Klebsiella pneumoniae	ge_100x	false	12	0	0.9166666666666666	0.9166666666666666	0.9986702433695193	0.5511428822701162	high
v1.1	SAMN39724761	52	FN	3417	Klebsiella pneumoniae	ge_100x	false	12	0	0.6363636363636364	0.6363636363636364	0.9711359822684135	0.33776391213817847	high
v1.1	SAMN39724761	53	FN	3232	Klebsiella pneumoniae	ge_100x	true	12	0	0.9166666666666666	0.9166666666666666	0.9931544050611385	0.8444463000759739	high
v1.1	SAMN39724761	55	FN	2540	Klebsiella pneumoniae	ge_100x	false	12	0	0.9166666666666666	0.9166666666666666	0.9931544050611385	0.8444463000759739	high
v1.1	SAMN39724761	56	FN	2082	Klebsiella pneumoniae	ge_100x	false	12	0	0.8333333333333334	0.8333333333333334	0.9932642968525297	0.6481116023347863	high
v1.1	SAMN39724761	60	FN	1631	Klebsiella pneumoniae	ge_100x	false	12	0	0.8333333333333334	0.8333333333333334	0.9929225458808841	0.7545585021994823	high
v1.1	SAMN39724761	61	FN	1550	Klebsiella pneumoniae	ge_100x	false	12	0	0.8181818181818182	0.8181818181818182	0.9703096995214244	0.8210858752283638	high
v1.1	SAMN39724761	63	FN	1355	Klebsiella pneumoniae	ge_100x	false	12	0	0.8181818181818182	0.8181818181818182	0.9703096995214244	0.8721833012608501	high
v1.1	SAMN39724761	69	FN	1003	Klebsiella pneumoniae	ge_100x	false	12	0	0.8181818181818182	0.8181818181818182	0.9703096995214244	0.8721833012608501	high
v1.1	SAMN39888444	11	FN	63313	Enterococcus faecalis	ge_100x	false	11	1	0.8	0.8	0.7486629953529299	0.8418935125306549	high
v1.1	SAMN39888444	12	FN	46423	Enterococcus faecalis	ge_100x	false	11	1	0.7	0.7	0.37493867099893713	0.8095266709725519	high
v1.1	SAMN39939912	9	FN	50754	Enterococcus faecalis	ge_100x	false	12	0	0.7272727272727273	0.7272727272727273	0.9586583895217733	0.799921982791562	high
v1.1	SAMN39939912	10	FN	45596	Enterococcus faecalis	ge_100x	true	12	0	0.5833333333333334	0.5833333333333334	0.9900777876987795	0.8016253178104994	high
v1.1	SAMN39939912	15	FN	7625	Enterococcus faecalis	ge_100x	true	12	0	0.7272727272727273	0.7272727272727273	0.85466062100911	0.6439740107630815	high
v1.1	SAMN39939912	16	FN	3910	Enterococcus faecalis	ge_100x	false	12	0	0.6363636363636364	0.6363636363636364	0.5350721749515018	0.6439740107630815	high
v1.1	SAMN40123770	19	FN	111294	Klebsiella pneumoniae	ge_100x	true	12	0	0.8333333333333334	0.8333333333333334	0.9986249460710745	0.7686682189784926	high
v1.1	SAMN40123770	24	FN	51799	Klebsiella pneumoniae	ge_100x	false	12	0	0.8333333333333334	0.8333333333333334	0.9508635198395291	0.7686682189784926	high
v1.1	SAMN40123770	27	FN	47844	Klebsiella pneumoniae	ge_100x	false	12	0	0.8181818181818182	0.8181818181818182	0.9343710701839543	0.8976961009592817	high
v1.1	SAMN40123770	42	FN	13565	Klebsiella pneumoniae	ge_100x	false	12	0	0.75	0.75	0.8453536497494889	0.9288100866079247	high
v1.1	SAMN40123770	48	FN	10094	Klebsiella pneumoniae	ge_100x	false	12	0	0.3333333333333333	0.6666666666666666	0.6909218837525446	0.6227489337208495	high
v1.1	SAMN40123770	49	FN	9836	Klebsiella pneumoniae	ge_100x	false	12	0	0.9166666666666666	0.9166666666666666	0.9931544050611385	0.9418372926047404	high
v1.1	SAMN40123770	51	FN	7885	Klebsiella pneumoniae	ge_100x	false	12	0	1.0	1.0	0.999822425133984	0.9399490415472347	high
v1.1	SAMN40123770	52	FN	7638	Klebsiella pneumoniae	ge_100x	false	12	0	0.9166666666666666	0.9166666666666666	0.9931544050611385	0.9399490415472347	high
v1.1	SAMN40123770	53	FN	7573	Klebsiella pneumoniae	ge_100x	false	12	0	0.9166666666666666	0.9166666666666666	0.9931544050611385	0.9399490415472347	high
v1.1	SAMN40123770	54	FN	5761	Klebsiella pneumoniae	ge_100x	false	12	0	0.8333333333333334	0.8333333333333334	0.9508635198395291	0.4934477072496227	high
v1.1	SAMN40123770	55	FN	5243	Klebsiella pneumoniae	ge_100x	false	12	0	0.9166666666666666	0.9166666666666666	0.9931544050611385	0.9471541005323327	high
v1.1	SAMN40123770	56	FN	4924	Klebsiella pneumoniae	ge_100x	false	12	0	0.6666666666666666	0.6666666666666666	0.7495178318541625	0.9212024086075086	high
v1.1	SAMN40123770	58	FN	2758	Klebsiella pneumoniae	ge_100x	false	12	0	0.8181818181818182	0.8181818181818182	0.870955385716696	0.8765057495534319	high
v1.1	SAMN40123770	60	FN	2494	Klebsiella pneumoniae	ge_100x	true	12	0	0.75	0.75	0.9635954046298301	0.7945132669438971	high
v1.1	SAMN40123770	61	FN	2476	Klebsiella pneumoniae	ge_100x	false	12	0	0.8333333333333334	0.8333333333333334	0.9508635198395291	0.4778008002215242	high
v1.1	SAMN40123770	63	FN	2133	Klebsiella pneumoniae	ge_100x	false	12	0	0.8333333333333334	0.8333333333333334	0.9929225458808841	0.7926691076506399	high
v1.1	SAMN40123770	64	FN	2127	Klebsiella pneumoniae	ge_100x	true	12	0	0.8181818181818182	0.8181818181818182	0.9703096995214244	0.8509076139467217	high
v1.1	SAMN40123770	66	FN	1580	Klebsiella pneumoniae	ge_100x	false	12	0	0.75	0.75	0.993036133590978	0.8151274574912584	high
v1.1	SAMN40123770	67	FN	1536	Klebsiella pneumoniae	ge_100x	false	12	0	0.8181818181818182	0.8181818181818182	0.9717122553050875	0.8928574913836184	high
v1.1	SAMN40123770	71	FN	1432	Klebsiella pneumoniae	ge_100x	false	12	0	0.8333333333333334	0.8333333333333334	0.9929225458808841	0.90031896656762	high
v1.1	SAMN40123770	72	FN	1357	Klebsiella pneumoniae	ge_100x	false	12	0	0.8181818181818182	0.8181818181818182	0.9703096995214244	0.9309529931903515	high
v1.1	SAMN40123770	73	FN	1338	Klebsiella pneumoniae	ge_100x	false	12	0	0.8181818181818182	0.8181818181818182	0.9703096995214244	0.9309529931903515	high
v1.1	SAMN40123770	74	FN	1100	Klebsiella pneumoniae	ge_100x	false	12	0	0.5454545454545454	0.5454545454545454	0.18483783893615535	0.8645062171491219	high
v1.1	SAMN40123770	75	FN	1085	Klebsiella pneumoniae	ge_100x	true	12	0	0.8181818181818182	0.8181818181818182	0.9703096995214244	0.9309529931903515	high
v1.1	SAMN40123770	76	FN	1036	Klebsiella pneumoniae	ge_100x	false	12	0	0.8181818181818182	0.8181818181818182	0.9703096995214244	0.9309529931903515	high
v1.1	SAMN40323370	11	FN	57972	Enterococcus faecalis	ge_100x	false	11	1	0.7	0.7	0.37493867099893713	0.4490389199737038	high
v1.1	SAMN40323370	21	FN	5437	Enterococcus faecalis	ge_100x	false	11	1	1.0	1.0	0.9728332078463173	0.5207246488686605	high
v1.1	SAMN40323370	22	FN	5153	Enterococcus faecalis	ge_100x	false	11	1	0.9	0.9	0.9543847964573413	0.6097195904691141	high
v1.1	SAMN40323370	25	FN	4146	Enterococcus faecalis	ge_100x	true	11	1	0.9	0.9	0.8841666413000097	0.501868996938223	high
v1.1	SAMN40323370	27	FN	2767	Enterococcus faecalis	ge_100x	false	11	1	0.9	0.9	0.9736569688240874	0.4239858599210235	high
v1.1	SAMN40323370	28	FN	2514	Enterococcus faecalis	ge_100x	true	11	1	0.5	0.5	0.9872711255076303	0.17327813192639102	high
v1.1	SAMN40323370	29	FN	2465	Enterococcus faecalis	ge_100x	false	11	1	0.9	0.9	0.9736569688240874	0.4239858599210235	high
v1.1	SAMN40323371	28	FN	32597	Enterococcus faecium	50_to_75x	false	12	0	0.6	0.6	0.71603894108483	0.9138675447821764	high
v1.1	SAMN40323371	44	FN	12799	Enterococcus faecium	50_to_75x	false	12	0	0.6363636363636364	0.6363636363636364	0.22095549681520935	0.9428775322257009	high
v1.1	SAMN40323371	48	FN	10679	Enterococcus faecium	50_to_75x	false	12	0	0.36363636363636365	0.6363636363636364	0.965894039127876	0.7837606157569194	high
v1.1	SAMN40323371	57	FN	7118	Enterococcus faecium	50_to_75x	false	12	0	0.5	0.5	0.13516633235692813	0.8690989608022368	high
v1.1	SAMN40323371	68	FN	3661	Enterococcus faecium	50_to_75x	false	12	0	0.7272727272727273	0.7272727272727273	0.8760331721200042	0.863660580203619	high
v1.1	SAMN40323371	69	FN	3486	Enterococcus faecium	50_to_75x	false	12	0	0.6363636363636364	0.6363636363636364	0.8252686979418431	0.9033739599699832	high
v1.1	SAMN40323371	71	FN	3013	Enterococcus faecium	50_to_75x	false	12	0	0.8181818181818182	0.8181818181818182	0.9584194035239814	0.9498331906217918	high
v1.1	SAMN40323371	74	FN	2512	Enterococcus faecium	50_to_75x	true	12	0	0.45454545454545453	0.5454545454545454	0.9817700205696802	0.6857149812954805	high
v1.1	SAMN40323371	79	FN	1733	Enterococcus faecium	50_to_75x	false	12	0	0.6363636363636364	0.6363636363636364	0.47957140434164397	0.8949049034497977	high
v1.1	SAMN40323371	81	FN	1372	Enterococcus faecium	50_to_75x	false	12	0	0.2	0.8	0.014520324261954938	0.006458638371598739	high
v1.1	SAMN40323371	87	FN	1018	Enterococcus faecium	50_to_75x	false	12	0	0.18181818181818182	0.8181818181818182	0.21024831444111577	0.006458638371598739	high
v1.1	SAMN41071126	12	FN	89291	Enterobacter spp.	75_to_100x	false	11	1	0.8181818181818182	0.8181818181818182	0.9987920460174654	0.8163698326283305	high
v1.1	SAMN41479334	7	FN	209857	Enterobacter spp.	75_to_100x	false	12	0	0.9166666666666666	0.9166666666666666	0.9986702433695193	0.8021082760430593	high
v1.1	SAMN42382017	23	FN	2669	Serratia spp.	30_to_50x	false	12	0	0.75	0.75	0.937435332346856	0.7550343907043199	high
v1.1	SAMN42392509	10	FN	119159	Enterobacter spp.	30_to_50x	false	12	0	0.8333333333333334	0.8333333333333334	0.9975734539370398	0.4600768466697741	high
v1.1	SAMN42392509	19	FN	14908	Enterobacter spp.	30_to_50x	false	12	0	0.6666666666666666	0.6666666666666666	0.6790244802303577	0.5278142784664308	high
v1.1	SAMN42392509	20	FN	12325	Enterobacter spp.	30_to_50x	true	12	0	0.6666666666666666	0.6666666666666666	0.6790244802303577	0.5278142784664308	high
v1.1	SAMN42392509	21	FN	6625	Enterobacter spp.	30_to_50x	false	12	0	0.6666666666666666	0.6666666666666666	0.6790244802303577	0.511352024654024	high
v1.1	SAMN42392509	23	FN	2695	Enterobacter spp.	30_to_50x	false	12	0	0.5833333333333334	0.5833333333333334	0.9123720989070611	0.44149219734870926	high
v1.1	SAMN42392509	24	FN	2425	Enterobacter spp.	30_to_50x	false	12	0	0.6666666666666666	0.6666666666666666	0.9110606383483703	0.44149219734870926	high
v1.1	SAMN42392509	27	FN	1382	Enterobacter spp.	30_to_50x	false	12	0	0.3333333333333333	0.6666666666666666	0.900702896221801	0.28734732022004483	high
v1.1	SAMN42392509	28	FN	1331	Enterobacter spp.	30_to_50x	false	12	0	0.5454545454545454	0.5454545454545454	0.3424688900484892	0.3826157109118204	high
v1.1	SAMN43047201	13	FN	71866	Enterobacter spp.	ge_100x	false	12	0	0.9166666666666666	0.9166666666666666	0.9986702433695193	0.930847529442232	high
v1.1	SAMN43047201	14	FN	35406	Enterobacter spp.	ge_100x	false	12	0	1.0	1.0	0.9996166454176644	0.9483125020307662	high
v1.1	SAMN43844647	35	FN	4537	Klebsiella pneumoniae	ge_100x	false	12	0	0.8333333333333334	0.8333333333333334	0.9666370174996789	0.9414487408540125	high
v1.1	SAMN43844647	38	FN	3106	Klebsiella pneumoniae	ge_100x	false	12	0	0.8333333333333334	0.8333333333333334	0.9647539237935542	0.9155864147188475	high
v1.1	SAMN43844647	40	FN	2561	Klebsiella pneumoniae	ge_100x	false	12	0	0.5454545454545454	0.5454545454545454	0.995526801987208	0.8426771166622402	high
v1.1	SAMN43844647	41	FN	2486	Klebsiella pneumoniae	ge_100x	false	12	0	0.6363636363636364	0.6363636363636364	0.5664503588529591	0.9471178858975738	high
v1.1	SAMN43844647	42	FN	1699	Klebsiella pneumoniae	ge_100x	false	12	0	0.75	0.75	0.993036133590978	0.9170616784527151	high
v1.1	SAMN43844647	43	FN	1478	Klebsiella pneumoniae	ge_100x	false	12	0	0.8333333333333334	0.8333333333333334	0.9929225458808841	0.9437727821772566	high
v1.1	SAMN44510955	32	FN	10478	Citrobacter spp.	75_to_100x	true	12	0	0.8333333333333334	0.8333333333333334	0.9647539237935542	0.9050204699639626	high
v1.1	SAMN44510955	34	FN	6972	Citrobacter spp.	75_to_100x	false	12	0	0.6666666666666666	0.6666666666666666	0.47943545985272534	0.6920005348380276	high
v1.1	SAMN44510955	36	FN	6031	Citrobacter spp.	75_to_100x	true	12	0	0.9166666666666666	0.9166666666666666	0.9931544050611385	0.8879144831155961	high
v1.1	SAMN44510955	37	FN	5941	Citrobacter spp.	75_to_100x	true	12	0	0.8333333333333334	0.8333333333333334	0.9647539237935542	0.7458175698010712	high
v1.1	SAMN44510955	58	FN	1316	Citrobacter spp.	75_to_100x	true	12	0	0.8	0.8	0.9420308381334653	0.6957223780699942	high
v1.1	SAMN44510955	61	FN	1122	Citrobacter spp.	75_to_100x	false	12	0	0.8	0.8	0.9420308381334653	0.6957223780699942	high
v1.1	SAMN46230708	16	FN	56913	Enterococcus faecalis	ge_100x	false	11	1	0.7	0.7	0.37493867099893713	0.4490389199737038	high
v1.1	SAMN46230708	20	FN	33441	Enterococcus faecalis	ge_100x	true	11	1	1.0	1.0	0.9951618360350462	0.9490327496792533	high
v1.1	SAMN46230708	27	FN	5165	Enterococcus faecalis	ge_100x	false	11	1	1.0	1.0	0.9728332078463173	0.5207246488686605	high
v1.1	SAMN46230708	28	FN	4943	Enterococcus faecalis	ge_100x	false	11	1	0.7777777777777778	0.7777777777777778	0.9273057891077453	0.5367259465200046	high
v1.1	SAMN46230708	30	FN	1918	Enterococcus faecalis	ge_100x	true	11	1	0.5	0.5	0.11658508298662129	0.12267824166857876	high
v1.1	SAMN46230709	9	FN	68610	Enterococcus faecalis	30_to_50x	false	12	0	0.8181818181818182	0.8181818181818182	0.9916887540217667	0.8335854211131304	high
v1.1	SAMN46230709	11	FN	48117	Enterococcus faecalis	30_to_50x	false	12	0	0.7272727272727273	0.7272727272727273	0.9586583895217733	0.799921982791562	high
v1.1	SAMN46230709	12	FN	30416	Enterococcus faecalis	30_to_50x	false	12	0	0.2727272727272727	0.7272727272727273	0.7439602219814591	0.01808313241699039	high
v1.1	SAMN46230709	17	FN	5122	Enterococcus faecalis	30_to_50x	false	12	0	1.0	1.0	0.9993511297168415	0.8400127852509048	high
v1.1	SAMN46230709	24	FN	1262	Enterococcus faecalis	30_to_50x	false	12	0	0.5454545454545454	0.5454545454545454	0.3935474404745652	0.6141043450026448	high
v1.1	SAMN46230710	13	FN	59278	Enterococcus faecalis	ge_100x	false	12	0	0.7272727272727273	0.7272727272727273	0.5218803117744132	0.6708548184600552	high
v1.1	SAMN46230710	15	FN	49777	Enterococcus faecalis	ge_100x	false	12	0	0.8181818181818182	0.8181818181818182	0.9941097538018421	0.7265590491952786	high
v1.1	SAMN46343359	14	FN	67690	Citrobacter spp.	75_to_100x	false	12	0	0.75	0.75	0.937435332346856	0.8830566380071808	high
v1.1	SAMN46343359	18	FN	16129	Citrobacter spp.	75_to_100x	false	12	0	0.6666666666666666	0.6666666666666666	0.7495178318541625	0.8418627344849303	high
v1.1	SAMN46343359	28	FN	2581	Citrobacter spp.	75_to_100x	false	12	0	0.6363636363636364	0.6363636363636364	0.9462727517358582	0.6876181811958672	high
v1.1	SAMN46343359	31	FN	1889	Citrobacter spp.	75_to_100x	false	12	0	0.3333333333333333	0.6666666666666666	0.9276949578552948	0.39676822043454824	high
v1.1	SAMN46474773	20	FN	86578	Serratia spp.	ge_100x	false	12	0	0.75	0.75	0.9137413354205492	0.46417691851908305	high
v1.1	SAMN46474773	21	FN	83261	Serratia spp.	ge_100x	false	12	0	0.25	0.75	0.7327042193500809	0.003726610852604671	high
v1.1	SAMN46474773	28	FN	42316	Serratia spp.	ge_100x	false	12	0	0.75	0.75	0.9137413354205492	0.5030192256018056	high
v1.1	SAMN46474773	33	FN	33229	Serratia spp.	ge_100x	false	12	0	0.45454545454545453	0.5454545454545454	0.015714500485257007	0.04314412993503462	high
v1.1	SAMN46474773	40	FN	13587	Serratia spp.	ge_100x	false	12	0	0.75	0.75	0.9137413354205492	0.40683897504113525	high
v1.1	SAMN46474773	41	FN	13483	Serratia spp.	ge_100x	false	12	0	0.6666666666666666	0.6666666666666666	0.6790244802303577	0.39805312477696403	high
v1.1	SAMN46474823	20	FN	48724	Serratia spp.	ge_100x	false	12	0	0.8333333333333334	0.8333333333333334	0.9982832549348645	0.9197533347400181	high
v1.1	SAMN46474823	23	FN	40341	Serratia spp.	ge_100x	false	12	0	0.6666666666666666	0.6666666666666666	0.666508408198521	0.5740946398760095	high
v1.1	SAMN46474823	32	FN	25551	Serratia spp.	ge_100x	false	12	0	0.25	0.75	0.32322501598904907	0.005322256287911205	high
v1.1	SAMN46474823	36	FN	21078	Serratia spp.	ge_100x	false	12	0	0.5833333333333334	0.5833333333333334	0.3351738164934949	0.87289619775845	high
v1.1	SAMN46474823	40	FN	11519	Serratia spp.	ge_100x	false	12	0	0.5	0.5	0.13281070588314375	0.22422764777421647	high
v1.1	SAMN46474823	41	FN	11362	Serratia spp.	ge_100x	false	12	0	0.6666666666666666	0.6666666666666666	0.6790244802303577	0.4886318481647841	high
v1.1	SAMN46474823	44	FN	8715	Serratia spp.	ge_100x	false	12	0	0.16666666666666666	0.8333333333333334	0.03425517176597511	0.00255713428628264	high
v1.1	SAMN46474823	45	FN	7323	Serratia spp.	ge_100x	false	12	0	0.08333333333333333	0.9166666666666666	0.01874023391234934	0.002063377814315519	high
v1.1	SAMN46474823	49	FN	5526	Serratia spp.	ge_100x	false	12	0	0.5833333333333334	0.5833333333333334	0.28526982757881375	0.4721696359839275	high
v1.1	SAMN46474823	50	FN	5302	Serratia spp.	ge_100x	false	12	0	0.5	0.5	0.06300945799490247	0.2339777032307853	high
v1.1	SAMN46474823	51	FN	5010	Serratia spp.	ge_100x	false	12	0	0.7272727272727273	0.7272727272727273	0.8892312567067122	0.7343673748893629	high
v1.1	SAMN46474823	55	FN	1812	Serratia spp.	ge_100x	false	12	0	0.3	0.7	0.21880726043725096	0.004430525243676141	high
v1.1	SAMN46474823	62	FN	1064	Serratia spp.	ge_100x	false	12	0	0.16666666666666666	0.8333333333333334	0.08205545950840865	0.005069139447332432	high
v1.1	SAMN46544982	88	FN	2231	Klebsiella pneumoniae	50_to_75x	true	12	0	0.75	0.75	0.9492724375550261	0.920801058408718	high
v1.1	SAMN46544982	90	FN	2186	Klebsiella pneumoniae	50_to_75x	true	12	0	0.75	0.75	0.9635954046298301	0.9389327156973939	high
v1.1	SAMN46544982	91	FN	2137	Klebsiella pneumoniae	50_to_75x	true	12	0	0.75	0.75	0.9492724375550261	0.920801058408718	high
v1.1	SAMN46544982	109	FN	1159	Klebsiella pneumoniae	50_to_75x	false	12	0	0.45454545454545453	0.5454545454545454	0.636548494491201	0.9283915868745917	high
v1.1	SAMN46716616	17	FN	38985	Enterococcus faecium	ge_100x	false	12	0	0.8181818181818182	0.8181818181818182	0.9584194035239814	0.5087204006005054	high
v1.1	SAMN46716616	20	FN	36048	Enterococcus faecium	ge_100x	false	12	0	0.8181818181818182	0.8181818181818182	0.9584194035239814	0.5087204006005054	high
v1.1	SAMN46716616	47	FN	19411	Enterococcus faecium	ge_100x	false	12	0	0.7272727272727273	0.7272727272727273	0.9582631066501253	0.3202175628660562	high
v1.1	SAMN46716616	81	FN	9960	Enterococcus faecium	ge_100x	false	12	0	0.9090909090909091	0.9090909090909091	0.976121211009001	0.9298102287657625	high
v1.1	SAMN46716616	89	FN	9296	Enterococcus faecium	ge_100x	false	12	0	0.8888888888888888	0.8888888888888888	0.8181153136535995	0.9205752605052169	high
v1.1	SAMN46716616	93	FN	8557	Enterococcus faecium	ge_100x	false	12	0	0.8181818181818182	0.8181818181818182	0.9584194035239814	0.44910750239831676	high
v1.1	SAMN46716616	99	FN	7703	Enterococcus faecium	ge_100x	true	12	0	0.9090909090909091	0.9090909090909091	0.976121211009001	0.8684213988561268	high
v1.1	SAMN46716616	108	FN	6664	Enterococcus faecium	ge_100x	false	12	0	0.8181818181818182	0.8181818181818182	0.9584194035239814	0.4407217477304493	high
v1.1	SAMN46716616	111	FN	6070	Enterococcus faecium	ge_100x	false	12	0	0.6666666666666666	0.6666666666666666	0.7840650748740505	0.08389023606483663	high
v1.1	SAMN46716616	120	FN	5082	Enterococcus faecium	ge_100x	false	12	0	0.8181818181818182	0.8181818181818182	0.9760297891223917	0.83588787328351	high
v1.1	SAMN46716616	124	FN	4804	Enterococcus faecium	ge_100x	false	12	0	0.8181818181818182	0.8181818181818182	0.9584194035239814	0.4457341273418065	high
v1.1	SAMN46716616	126	FN	4716	Enterococcus faecium	ge_100x	false	12	0	0.8181818181818182	0.8181818181818182	0.9760297891223917	0.83588787328351	high
v1.1	SAMN46716616	130	FN	4422	Enterococcus faecium	ge_100x	false	12	0	0.7272727272727273	0.7272727272727273	0.9582631066501253	0.28872003683064335	high
v1.1	SAMN46716616	133	FN	4208	Enterococcus faecium	ge_100x	false	12	0	0.7272727272727273	0.7272727272727273	0.9582631066501253	0.28872003683064335	high
v1.1	SAMN46716616	137	FN	3883	Enterococcus faecium	ge_100x	false	12	0	0.9090909090909091	0.9090909090909091	0.976121211009001	0.7979772823185088	high
v1.1	SAMN46716616	138	FN	3869	Enterococcus faecium	ge_100x	false	12	0	0.7272727272727273	0.7272727272727273	0.7600160144229514	0.2154713481661654	high
v1.1	SAMN46716616	139	FN	3769	Enterococcus faecium	ge_100x	false	12	0	0.8181818181818182	0.8181818181818182	0.9584194035239814	0.35192298908256864	high
v1.1	SAMN46716616	141	FN	3697	Enterococcus faecium	ge_100x	false	12	0	0.8181818181818182	0.8181818181818182	0.9584194035239814	0.35192298908256864	high
v1.1	SAMN46716616	143	FN	3512	Enterococcus faecium	ge_100x	false	12	0	0.9	0.9	0.9514953540315986	0.8430837647031937	high
v1.1	SAMN46716616	148	FN	3222	Enterococcus faecium	ge_100x	false	12	0	0.8181818181818182	0.8181818181818182	0.9760297891223917	0.7891388931876211	high
v1.1	SAMN46716616	149	FN	3219	Enterococcus faecium	ge_100x	false	12	0	0.8181818181818182	0.8181818181818182	0.9584194035239814	0.35192298908256864	high
v1.1	SAMN46716616	151	FN	3207	Enterococcus faecium	ge_100x	true	12	0	0.75	0.75	0.5641119225002442	0.43337734897181424	high
v1.1	SAMN46716616	154	FN	3070	Enterococcus faecium	ge_100x	false	12	0	0.6666666666666666	0.6666666666666666	0.5191034953371234	0.8029753818238592	high
v1.1	SAMN46716616	157	FN	2964	Enterococcus faecium	ge_100x	false	12	0	0.8	0.8	0.919752115213786	0.4361665327127485	high
v1.1	SAMN46716616	161	FN	2740	Enterococcus faecium	ge_100x	false	12	0	0.8	0.8	0.919752115213786	0.4361665327127485	high
v1.1	SAMN46716616	162	FN	2716	Enterococcus faecium	ge_100x	false	12	0	0.8181818181818182	0.8181818181818182	0.9760297891223917	0.7891388931876211	high
v1.1	SAMN46716616	165	FN	2635	Enterococcus faecium	ge_100x	false	12	0	0.6363636363636364	0.6363636363636364	0.7593012364223598	0.2154713481661654	high
v1.1	SAMN46716616	166	FN	2622	Enterococcus faecium	ge_100x	false	12	0	0.9090909090909091	0.9090909090909091	0.976121211009001	0.7979772823185088	high
v1.1	SAMN46716616	167	FN	2605	Enterococcus faecium	ge_100x	false	12	0	0.7272727272727273	0.7272727272727273	0.7600160144229514	0.2154713481661654	high
v1.1	SAMN46716616	168	FN	2573	Enterococcus faecium	ge_100x	false	12	0	0.9090909090909091	0.9090909090909091	0.976121211009001	0.7979772823185088	high
v1.1	SAMN46716616	169	FN	2544	Enterococcus faecium	ge_100x	false	12	0	1.0	1.0	0.9993511297168415	0.8925075258633948	high
v1.1	SAMN46716616	172	FN	2417	Enterococcus faecium	ge_100x	true	12	0	0.8	0.8	0.9529348266788944	0.8500786417364861	high
v1.1	SAMN46716616	173	FN	2354	Enterococcus faecium	ge_100x	false	12	0	0.8181818181818182	0.8181818181818182	0.9760297891223917	0.7649794304126	high
v1.1	SAMN46716616	176	FN	2288	Enterococcus faecium	ge_100x	false	12	0	0.7272727272727273	0.7272727272727273	0.8483601213458016	0.6407423642723972	high
v1.1	SAMN46716616	178	FN	2195	Enterococcus faecium	ge_100x	false	12	0	0.6363636363636364	0.6363636363636364	0.7593012364223598	0.20086752162254973	high
v1.1	SAMN46716616	179	FN	2134	Enterococcus faecium	ge_100x	false	12	0	0.8181818181818182	0.8181818181818182	0.9760297891223917	0.7649794304126	high
v1.1	SAMN46716616	180	FN	2073	Enterococcus faecium	ge_100x	false	12	0	0.7	0.7	0.9220564628012747	0.27997730877448457	high
v1.1	SAMN46716616	184	FN	2015	Enterococcus faecium	ge_100x	false	12	0	0.8181818181818182	0.8181818181818182	0.9760297891223917	0.7649794304126	high
v1.1	SAMN46716616	186	FN	1945	Enterococcus faecium	ge_100x	false	12	0	0.8	0.8	0.9529348266788944	0.8314097030089823	high
v1.1	SAMN46716616	188	FN	1896	Enterococcus faecium	ge_100x	false	12	0	0.7	0.7	0.9220564628012747	0.27997730877448457	high
v1.1	SAMN46716616	189	FN	1788	Enterococcus faecium	ge_100x	false	12	0	0.8	0.8	0.9529348266788944	0.8422830474601544	high
v1.1	SAMN46716616	193	FN	1646	Enterococcus faecium	ge_100x	false	12	0	0.45454545454545453	0.5454545454545454	0.07564026549790245	0.0936439280912632	high
v1.1	SAMN46716616	194	FN	1579	Enterococcus faecium	ge_100x	false	12	0	0.8181818181818182	0.8181818181818182	0.9760297891223917	0.7789983624311053	high
v1.1	SAMN46716616	196	FN	1541	Enterococcus faecium	ge_100x	false	12	0	0.6363636363636364	0.6363636363636364	0.7593012364223598	0.2139600647395701	high
v1.1	SAMN46716616	197	FN	1539	Enterococcus faecium	ge_100x	false	12	0	0.8181818181818182	0.8181818181818182	0.9952781857616739	0.7965115784805739	high
v1.1	SAMN46716616	201	FN	1528	Enterococcus faecium	ge_100x	false	12	0	0.8181818181818182	0.8181818181818182	0.9760297891223917	0.7789983624311053	high
v1.1	SAMN46716616	203	FN	1437	Enterococcus faecium	ge_100x	false	12	0	0.7272727272727273	0.7272727272727273	0.9582631066501253	0.22815234774400717	high
v1.1	SAMN46716616	206	FN	1411	Enterococcus faecium	ge_100x	true	12	0	0.7272727272727273	0.7272727272727273	0.9305445811467162	0.8184204328487092	high
v1.1	SAMN46716616	207	FN	1408	Enterococcus faecium	ge_100x	false	12	0	0.7272727272727273	0.7272727272727273	0.9582631066501253	0.22815234774400717	high
v1.1	SAMN46716616	211	FN	1353	Enterococcus faecium	ge_100x	false	12	0	0.7	0.7	0.9220564628012747	0.2963142692994298	high
v1.1	SAMN46716616	216	FN	1296	Enterococcus faecium	ge_100x	false	12	0	0.2727272727272727	0.7272727272727273	0.67258603090158	0.0018365485796481289	high
v1.1	SAMN46716616	217	FN	1288	Enterococcus faecium	ge_100x	false	12	0	0.6363636363636364	0.6363636363636364	0.7593012364223598	0.2139600647395701	high
v1.1	SAMN46716616	218	FN	1274	Enterococcus faecium	ge_100x	false	12	0	0.5454545454545454	0.5454545454545454	0.3800626999791391	0.2139600647395701	high
v1.1	SAMN46716616	220	FN	1208	Enterococcus faecium	ge_100x	false	12	0	0.8	0.8	0.9529348266788944	0.8422830474601544	high
v1.1	SAMN46716616	222	FN	1140	Enterococcus faecium	ge_100x	false	12	0	0.7272727272727273	0.7272727272727273	0.8483601213458016	0.6588672998537486	high
v1.1	SAMN46716616	223	FN	1106	Enterococcus faecium	ge_100x	false	12	0	0.7	0.7	0.9220564628012747	0.2963142692994298	high
v1.1	SAMN46716616	224	FN	1102	Enterococcus faecium	ge_100x	false	12	0	0.4444444444444444	0.5555555555555556	0.08572491556055821	0.1940301556867613	high
v1.1	SAMN46716616	225	FN	1091	Enterococcus faecium	ge_100x	false	12	0	0.8	0.8	0.9529348266788944	0.8422830474601544	high
v1.1	SAMN46716619	40	FN	25463	Enterococcus faecium	ge_100x	false	12	0	0.8181818181818182	0.8181818181818182	0.8488630723085183	0.9331016215238109	high
v1.1	SAMN46716619	60	FN	13728	Enterococcus faecium	ge_100x	false	12	0	0.7272727272727273	0.7272727272727273	0.7600160144229514	0.3367781134262019	high
v1.1	SAMN46716619	66	FN	12498	Enterococcus faecium	ge_100x	false	12	0	0.8181818181818182	0.8181818181818182	0.8488630723085183	0.8891960394183239	high
v1.1	SAMN46716619	71	FN	10538	Enterococcus faecium	ge_100x	false	12	0	0.8333333333333334	0.8333333333333334	0.9508635198395291	0.9085785099845443	high
v1.1	SAMN46716619	73	FN	9747	Enterococcus faecium	ge_100x	false	12	0	0.7272727272727273	0.7272727272727273	0.8483601213458016	0.7896646183346219	high
v1.1	SAMN46716619	74	FN	9489	Enterococcus faecium	ge_100x	false	12	0	0.8181818181818182	0.8181818181818182	0.8488630723085183	0.8838378924585432	high
v1.1	SAMN46716619	75	FN	9288	Enterococcus faecium	ge_100x	false	12	0	0.7272727272727273	0.7272727272727273	0.7600160144229514	0.33008157063266286	high
v1.1	SAMN46716619	83	FN	6572	Enterococcus faecium	ge_100x	false	12	0	0.8	0.8	0.9529348266788944	0.922335817884494	high
v1.1	SAMN46716619	84	FN	6476	Enterococcus faecium	ge_100x	false	12	0	0.8181818181818182	0.8181818181818182	0.8488630723085183	0.8838378924585432	high
v1.1	SAMN46716619	88	FN	6225	Enterococcus faecium	ge_100x	false	12	0	0.7272727272727273	0.7272727272727273	0.770510343820904	0.7427861444451626	high
v1.1	SAMN46716619	89	FN	6081	Enterococcus faecium	ge_100x	false	12	0	0.9090909090909091	0.9090909090909091	0.9988498180665119	0.6111122739190463	high
v1.1	SAMN46716619	90	FN	5880	Enterococcus faecium	ge_100x	false	12	0	0.8181818181818182	0.8181818181818182	0.8488630723085183	0.8838378924585432	high
v1.1	SAMN46716619	92	FN	5760	Enterococcus faecium	ge_100x	false	12	0	0.75	0.75	0.9492724375550261	0.8554964828597951	high
v1.1	SAMN46716619	94	FN	5341	Enterococcus faecium	ge_100x	false	12	0	0.8	0.8	0.919752115213786	0.6380789289075074	high
v1.1	SAMN46716619	96	FN	5175	Enterococcus faecium	ge_100x	true	12	0	0.8888888888888888	0.8888888888888888	0.9698708433446674	0.9469134543453483	high
v1.1	SAMN46716619	98	FN	4815	Enterococcus faecium	ge_100x	false	12	0	0.8181818181818182	0.8181818181818182	0.8488630723085183	0.8838378924585432	high
v1.1	SAMN46716619	99	FN	4611	Enterococcus faecium	ge_100x	false	12	0	0.8181818181818182	0.8181818181818182	0.8488630723085183	0.8838378924585432	high
v1.1	SAMN46716619	100	FN	4559	Enterococcus faecium	ge_100x	false	12	0	0.9090909090909091	0.9090909090909091	0.9988498180665119	0.6159283637207502	high
v1.1	SAMN46716619	108	FN	3818	Enterococcus faecium	ge_100x	false	12	0	0.8	0.8	0.9529348266788944	0.8971833841512576	high
v1.1	SAMN46716619	109	FN	3726	Enterococcus faecium	ge_100x	false	12	0	0.9090909090909091	0.9090909090909091	0.9952965484376111	0.894849709567249	high
v1.1	SAMN46716619	110	FN	3612	Enterococcus faecium	ge_100x	false	12	0	0.8181818181818182	0.8181818181818182	0.9760297891223917	0.8520584684399752	high
v1.1	SAMN46716619	112	FN	3118	Enterococcus faecium	ge_100x	false	12	0	0.75	0.75	0.9137413354205492	0.4213165434105585	high
v1.1	SAMN46716619	117	FN	2362	Enterococcus faecium	ge_100x	false	12	0	0.6363636363636364	0.6363636363636364	0.7593012364223598	0.31515443211466815	high
v1.1	SAMN46716619	118	FN	2255	Enterococcus faecium	ge_100x	false	12	0	0.6363636363636364	0.6363636363636364	0.5350721749515018	0.7569697986923898	high
v1.1	SAMN46716619	119	FN	2006	Enterococcus faecium	ge_100x	false	12	0	0.7272727272727273	0.7272727272727273	0.8483601213458016	0.7655474948526491	high
v1.1	SAMN46716619	120	FN	2005	Enterococcus faecium	ge_100x	false	12	0	0.7272727272727273	0.7272727272727273	0.9582631066501253	0.29580784493045664	high
v1.1	SAMN46716619	125	FN	1769	Enterococcus faecium	ge_100x	false	12	0	0.6666666666666666	0.6666666666666666	0.8251901391048131	0.7807061792498857	high
v1.1	SAMN46716619	126	FN	1674	Enterococcus faecium	ge_100x	true	12	0	0.8181818181818182	0.8181818181818182	0.9760297891223917	0.844346970973892	high
v1.1	SAMN46716619	135	FN	1265	Enterococcus faecium	ge_100x	false	12	0	0.5454545454545454	0.5454545454545454	0.3935474404745652	0.32220252022088414	high
v1.1	SAMN46716619	136	FN	1252	Enterococcus faecium	ge_100x	false	12	0	0.7	0.7	0.9220564628012747	0.39321549515465115	high
v1.1	SAMN46716619	143	FN	1007	Enterococcus faecium	ge_100x	false	12	0	0.36363636363636365	0.6363636363636364	0.965894039127876	0.2040028856576717	high
v1.1	SAMN46716619	145	FN	1004	Enterococcus faecium	ge_100x	false	12	0	0.7272727272727273	0.7272727272727273	0.8483601213458016	0.7795423071588461	high
v1.1	SAMN46716648	22	FN	38719	Enterococcus faecium	ge_100x	false	12	0	0.8181818181818182	0.8181818181818182	0.9584194035239814	0.5087204006005054	high
v1.1	SAMN46716648	25	FN	36862	Enterococcus faecium	ge_100x	false	12	0	0.8181818181818182	0.8181818181818182	0.9584194035239814	0.5087204006005054	high
v1.1	SAMN46716648	38	FN	27015	Enterococcus faecium	ge_100x	false	12	0	0.7272727272727273	0.7272727272727273	0.7600160144229514	0.24929971306092738	high
v1.1	SAMN46716648	58	FN	14536	Enterococcus faecium	ge_100x	false	12	0	0.8181818181818182	0.8181818181818182	0.9584194035239814	0.4827355241789921	high
v1.1	SAMN46716648	75	FN	10024	Enterococcus faecium	ge_100x	false	12	0	0.9	0.9	0.9514953540315986	0.8935282014291328	high
v1.1	SAMN46716648	77	FN	9727	Enterococcus faecium	ge_100x	false	12	0	0.8	0.8	0.919752115213786	0.5288750737043378	high
v1.1	SAMN46716648	82	FN	8557	Enterococcus faecium	ge_100x	false	12	0	0.7272727272727273	0.7272727272727273	0.7600160144229514	0.21205765797758466	high
v1.1	SAMN46716648	86	FN	7703	Enterococcus faecium	ge_100x	true	12	0	0.9090909090909091	0.9090909090909091	0.976121211009001	0.8684213988561268	high
v1.1	SAMN46716648	91	FN	7220	Enterococcus faecium	ge_100x	false	12	0	0.9090909090909091	0.9090909090909091	0.976121211009001	0.8684213988561268	high
v1.1	SAMN46716648	93	FN	6883	Enterococcus faecium	ge_100x	false	12	0	0.7272727272727273	0.7272727272727273	0.7600160144229514	0.21205765797758466	high
v1.1	SAMN46716648	99	FN	6069	Enterococcus faecium	ge_100x	false	12	0	0.6666666666666666	0.6666666666666666	0.46943185639990775	0.5026303552898591	high
v1.1	SAMN46716648	101	FN	5946	Enterococcus faecium	ge_100x	false	12	0	0.9090909090909091	0.9090909090909091	0.9988498180665119	0.5052234832211744	high
v1.1	SAMN46716648	104	FN	5728	Enterococcus faecium	ge_100x	false	12	0	0.8181818181818182	0.8181818181818182	0.8488630723085183	0.8060485981083086	high
v1.1	SAMN46716648	107	FN	5348	Enterococcus faecium	ge_100x	false	12	0	0.8181818181818182	0.8181818181818182	0.9916887540217667	0.3523858427614404	high
v1.1	SAMN46716648	108	FN	5132	Enterococcus faecium	ge_100x	false	12	0	0.9090909090909091	0.9090909090909091	0.976121211009001	0.8684213988561268	high
v1.1	SAMN46716648	109	FN	5082	Enterococcus faecium	ge_100x	false	12	0	0.7272727272727273	0.7272727272727273	0.8483601213458016	0.6722004853130973	high
v1.1	SAMN46716648	112	FN	4659	Enterococcus faecium	ge_100x	false	12	0	1.0	1.0	0.9993511297168415	0.9327667224820465	high
v1.1	SAMN46716648	115	FN	4422	Enterococcus faecium	ge_100x	false	12	0	0.7272727272727273	0.7272727272727273	0.7600160144229514	0.2154713481661654	high
v1.1	SAMN46716648	116	FN	3882	Enterococcus faecium	ge_100x	false	12	0	0.9090909090909091	0.9090909090909091	0.976121211009001	0.7979772823185088	high
v1.1	SAMN46716648	117	FN	3837	Enterococcus faecium	ge_100x	false	12	0	0.9090909090909091	0.9090909090909091	0.976121211009001	0.7979772823185088	high
v1.1	SAMN46716648	118	FN	3691	Enterococcus faecium	ge_100x	false	12	0	0.7272727272727273	0.7272727272727273	0.7600160144229514	0.2154713481661654	high
v1.1	SAMN46716648	119	FN	3288	Enterococcus faecium	ge_100x	false	12	0	0.8181818181818182	0.8181818181818182	0.8488630723085183	0.8060485981083086	high
v1.1	SAMN46716648	120	FN	3286	Enterococcus faecium	ge_100x	false	12	0	0.8181818181818182	0.8181818181818182	0.9584194035239814	0.35192298908256864	high
v1.1	SAMN46716648	122	FN	3244	Enterococcus faecium	ge_100x	false	12	0	0.8181818181818182	0.8181818181818182	0.8488630723085183	0.8060485981083086	high
v1.1	SAMN46716648	125	FN	3223	Enterococcus faecium	ge_100x	false	12	0	0.8181818181818182	0.8181818181818182	0.9760297891223917	0.7891388931876211	high
v1.1	SAMN46716648	126	FN	3206	Enterococcus faecium	ge_100x	true	12	0	0.75	0.75	0.5641119225002442	0.43337734897181424	high
v1.1	SAMN46716648	128	FN	3093	Enterococcus faecium	ge_100x	false	12	0	0.7272727272727273	0.7272727272727273	0.7600160144229514	0.2154713481661654	high
v1.1	SAMN46716648	129	FN	3078	Enterococcus faecium	ge_100x	false	12	0	0.8181818181818182	0.8181818181818182	0.8488630723085183	0.8060485981083086	high
v1.1	SAMN46716648	132	FN	2790	Enterococcus faecium	ge_100x	false	12	0	0.8181818181818182	0.8181818181818182	0.8488630723085183	0.8060485981083086	high
v1.1	SAMN46716648	134	FN	2417	Enterococcus faecium	ge_100x	true	12	0	0.8181818181818182	0.8181818181818182	0.9760297891223917	0.7891388931876211	high
v1.1	SAMN46716648	136	FN	2354	Enterococcus faecium	ge_100x	false	12	0	0.8181818181818182	0.8181818181818182	0.9760297891223917	0.7649794304126	high
v1.1	SAMN46716648	137	FN	2273	Enterococcus faecium	ge_100x	false	12	0	0.6363636363636364	0.6363636363636364	0.7593012364223598	0.20086752162254973	high
v1.1	SAMN46716648	139	FN	2072	Enterococcus faecium	ge_100x	false	12	0	0.6363636363636364	0.6363636363636364	0.7593012364223598	0.20086752162254973	high
v1.1	SAMN46716648	140	FN	2059	Enterococcus faecium	ge_100x	false	12	0	0.8181818181818182	0.8181818181818182	0.9760297891223917	0.7649794304126	high
v1.1	SAMN46716648	141	FN	2027	Enterococcus faecium	ge_100x	false	12	0	0.7272727272727273	0.7272727272727273	0.9582631066501253	0.21442826583797642	high
v1.1	SAMN46716648	145	FN	1813	Enterococcus faecium	ge_100x	false	12	0	0.7272727272727273	0.7272727272727273	0.9582631066501253	0.22815234774400717	high
v1.1	SAMN46716648	146	FN	1756	Enterococcus faecium	ge_100x	false	12	0	0.6363636363636364	0.6363636363636364	0.8169176780525376	0.22815234774400717	high
v1.1	SAMN46716648	152	FN	1474	Enterococcus faecium	ge_100x	false	12	0	0.6363636363636364	0.6363636363636364	0.8252686979418431	0.22815234774400717	high
v1.1	SAMN46716648	155	FN	1421	Enterococcus faecium	ge_100x	false	12	0	0.5	0.5	0.851466321464642	0.6170050690661771	high
v1.1	SAMN46716648	157	FN	1411	Enterococcus faecium	ge_100x	true	12	0	0.7272727272727273	0.7272727272727273	0.9305445811467162	0.8184204328487092	high
v1.1	SAMN46716648	158	FN	1408	Enterococcus faecium	ge_100x	false	12	0	0.6363636363636364	0.6363636363636364	0.7593012364223598	0.2139600647395701	high
v1.1	SAMN46716648	163	FN	1363	Enterococcus faecium	ge_100x	false	12	0	0.6	0.6	0.71603894108483	0.2963142692994298	high
v1.1	SAMN46716648	164	FN	1343	Enterococcus faecium	ge_100x	false	12	0	0.7	0.7	0.6716956763018966	0.7272187239936514	high
v1.1	SAMN46716648	167	FN	1248	Enterococcus faecium	ge_100x	false	12	0	0.8181818181818182	0.8181818181818182	0.9760297891223917	0.7789983624311053	high
v1.1	SAMN46716648	169	FN	1218	Enterococcus faecium	ge_100x	false	12	0	0.7	0.7	0.8118825015391135	0.7249066052856756	high
v1.1	SAMN46716648	171	FN	1139	Enterococcus faecium	ge_100x	false	12	0	0.6	0.6	0.71603894108483	0.2963142692994298	high
v1.1	SAMN46716649	12	FN	56238	Enterococcus faecium	ge_100x	false	11	1	0.8	0.8	0.97912821798411	0.6089973117511754	high
v1.1	SAMN46716649	14	FN	54076	Enterococcus faecium	ge_100x	false	11	1	0.6363636363636364	0.6363636363636364	0.810067933878807	0.4837537187756103	high
v1.1	SAMN46716649	33	FN	27899	Enterococcus faecium	ge_100x	false	11	1	0.8	0.8	0.97912821798411	0.6089973117511754	high
v1.1	SAMN46716649	48	FN	19611	Enterococcus faecium	ge_100x	false	11	1	0.7272727272727273	0.7272727272727273	0.8889690295622059	0.9032380394397348	high
v1.1	SAMN46716649	50	FN	18949	Enterococcus faecium	ge_100x	true	11	1	0.8	0.8	0.8727752321470728	0.8743634496584034	high
v1.1	SAMN46716649	56	FN	16183	Enterococcus faecium	ge_100x	false	11	1	0.9	0.9	0.9975998089098806	0.9023708223524719	high
v1.1	SAMN46716649	59	FN	15419	Enterococcus faecium	ge_100x	false	11	1	0.8	0.8	0.97912821798411	0.5839789094317624	high
v1.1	SAMN46716649	61	FN	14918	Enterococcus faecium	ge_100x	false	11	1	0.8	0.8	0.9195556048878598	0.9031424066002206	high
v1.1	SAMN46716649	70	FN	11426	Enterococcus faecium	ge_100x	false	11	1	0.9	0.9	0.9876984956600176	0.9476998742628764	high
v1.1	SAMN46716649	72	FN	10667	Enterococcus faecium	ge_100x	false	11	1	0.6	0.6	0.8733125935987981	0.3316866719252991	high
v1.1	SAMN46716649	77	FN	9116	Enterococcus faecium	ge_100x	false	11	1	0.9	0.9	0.9876984956600176	0.9213161953879779	high
v1.1	SAMN46716649	79	FN	8277	Enterococcus faecium	ge_100x	false	11	1	0.6363636363636364	0.6363636363636364	0.5166343287597372	0.10604264163419287	high
v1.1	SAMN46716649	86	FN	6683	Enterococcus faecium	ge_100x	false	11	1	0.8	0.8	0.9195556048878598	0.9172416707301149	high
v1.1	SAMN46716649	87	FN	6519	Enterococcus faecium	ge_100x	false	11	1	0.7272727272727273	0.7272727272727273	0.9748546538054432	0.8960920266612674	high
v1.1	SAMN46716649	88	FN	5881	Enterococcus faecium	ge_100x	false	11	1	0.8	0.8	0.9195556048878598	0.9172416707301149	high
v1.1	SAMN46716649	92	FN	5209	Enterococcus faecium	ge_100x	false	11	1	0.8888888888888888	0.8888888888888888	0.9987893949979315	0.6307336540277361	high
v1.1	SAMN46716649	94	FN	4815	Enterococcus faecium	ge_100x	false	11	1	0.7	0.7	0.869770701700701	0.329513634386102	high
v1.1	SAMN46716649	96	FN	4505	Enterococcus faecium	ge_100x	false	11	1	0.9	0.9	0.9876984956600176	0.9188191513413613	high
v1.1	SAMN46716649	97	FN	4461	Enterococcus faecium	ge_100x	false	11	1	0.8	0.8	0.97912821798411	0.5474300711351455	high
v1.1	SAMN46716649	98	FN	3820	Enterococcus faecium	ge_100x	false	11	1	0.7	0.7	0.9218651159683652	0.8454124947665329	high
v1.1	SAMN46716649	99	FN	3794	Enterococcus faecium	ge_100x	false	11	1	0.9	0.9	0.9876984956600176	0.8842937472673933	high
v1.1	SAMN46716649	102	FN	3126	Enterococcus faecium	ge_100x	false	11	1	0.7	0.7	0.9218651159683652	0.8454124947665329	high
v1.1	SAMN46716649	103	FN	3067	Enterococcus faecium	ge_100x	false	11	1	0.9	0.9	0.9876984956600176	0.8842937472673933	high
v1.1	SAMN46716649	104	FN	3044	Enterococcus faecium	ge_100x	false	11	1	1.0	1.0	0.9996575818603082	0.9470733646743758	high
v1.1	SAMN46716649	106	FN	2545	Enterococcus faecium	ge_100x	false	11	1	0.8888888888888888	0.8888888888888888	0.9748967830208755	0.9205036549367615	high
v1.1	SAMN46716649	107	FN	2470	Enterococcus faecium	ge_100x	false	11	1	0.7	0.7	0.9218651159683652	0.8454124947665329	high
v1.1	SAMN46716649	108	FN	2452	Enterococcus faecium	ge_100x	false	11	1	0.8	0.8	0.9880770305422819	0.8934996200198101	high
v1.1	SAMN46716649	110	FN	2363	Enterococcus faecium	ge_100x	false	11	1	0.6	0.6	0.8733125935987981	0.3102369804246304	high
v1.1	SAMN46716649	112	FN	2169	Enterococcus faecium	ge_100x	false	11	1	0.7777777777777778	0.7777777777777778	0.9766704196600473	0.8516327409267098	high
v1.1	SAMN46716649	113	FN	2066	Enterococcus faecium	ge_100x	false	11	1	0.6	0.6	0.7154978866905327	0.8268174609900435	high
v1.1	SAMN46716649	114	FN	2006	Enterococcus faecium	ge_100x	false	11	1	0.6666666666666666	0.6666666666666666	0.9793536627501443	0.8516327409267098	high
v1.1	SAMN46716649	116	FN	1761	Enterococcus faecium	ge_100x	false	11	1	0.7	0.7	0.9218651159683652	0.8442374797763327	high
v1.1	SAMN46716649	117	FN	1662	Enterococcus faecium	ge_100x	true	11	1	0.7777777777777778	0.7777777777777778	0.9766704196600473	0.8614191896834398	high
v1.1	SAMN46716649	123	FN	1392	Enterococcus faecium	ge_100x	false	11	1	0.7	0.7	0.9464229915171819	0.796482268882542	high
v1.1	SAMN46716649	127	FN	1313	Enterococcus faecium	ge_100x	false	11	1	0.6	0.6	0.7154978866905327	0.8379292494141416	high
v1.1	SAMN46716649	129	FN	1136	Enterococcus faecium	ge_100x	false	11	1	0.5	0.5	0.9801957050238258	0.6876700619084237	high
v1.1	SAMN46716649	134	FN	1060	Enterococcus faecium	ge_100x	false	11	1	0.6666666666666666	0.6666666666666666	0.9031002293855562	0.8556878560108176	high
v1.1	SAMN46778011	36	FN	41100	Klebsiella pneumoniae	50_to_75x	false	12	0	0.8333333333333334	0.8333333333333334	0.9929919758226197	0.9432023545193051	high
v1.1	SAMN46778011	39	FN	37771	Klebsiella pneumoniae	50_to_75x	false	12	0	0.75	0.75	0.7944342199327958	0.9119138296862782	high
v1.1	SAMN46778011	52	FN	25668	Klebsiella pneumoniae	50_to_75x	false	12	0	0.8333333333333334	0.8333333333333334	0.9508635198395291	0.9432023545193051	high
v1.1	SAMN46778011	56	FN	23022	Klebsiella pneumoniae	50_to_75x	true	12	0	0.9166666666666666	0.9166666666666666	0.9996756519149296	0.8850095633525192	high
v1.1	SAMN46778011	66	FN	14747	Klebsiella pneumoniae	50_to_75x	false	12	0	0.6666666666666666	0.6666666666666666	0.666508408198521	0.44467442385504424	high
v1.1	SAMN46778011	70	FN	12709	Klebsiella pneumoniae	50_to_75x	false	12	0	0.7272727272727273	0.7272727272727273	0.8892312567067122	0.6044002861545151	high
v1.1	SAMN46778011	72	FN	11077	Klebsiella pneumoniae	50_to_75x	false	12	0	0.6666666666666666	0.6666666666666666	0.9150169547806626	0.44467442385504424	high
v1.1	SAMN46778011	79	FN	7563	Klebsiella pneumoniae	50_to_75x	false	12	0	0.8333333333333334	0.8333333333333334	0.9508635198395291	0.9005842851509673	high
v1.1	SAMN46778011	85	FN	5904	Klebsiella pneumoniae	50_to_75x	false	12	0	0.5	0.5	0.9975107036737277	0.9059561427701243	high
v1.1	SAMN46778011	86	FN	5484	Klebsiella pneumoniae	50_to_75x	false	12	0	0.8181818181818182	0.8181818181818182	0.93079718255601	0.9432790430327597	high
v1.1	SAMN46778011	90	FN	4322	Klebsiella pneumoniae	50_to_75x	false	12	0	0.6666666666666666	0.6666666666666666	0.9383841856029046	0.6229298431323886	high
v1.1	SAMN46778011	93	FN	4095	Klebsiella pneumoniae	50_to_75x	false	12	0	0.8181818181818182	0.8181818181818182	0.8184416904444722	0.9414179023242721	high
v1.1	SAMN46778011	97	FN	3117	Klebsiella pneumoniae	50_to_75x	false	12	0	0.8333333333333334	0.8333333333333334	0.9508635198395291	0.89483313849263	high
v1.1	SAMN46778011	98	FN	2793	Klebsiella pneumoniae	50_to_75x	false	12	0	0.7272727272727273	0.7272727272727273	0.9712455191531575	0.8901127145605289	high
v1.1	SAMN46778011	100	FN	2749	Klebsiella pneumoniae	50_to_75x	false	12	0	0.8333333333333334	0.8333333333333334	0.9875647758701592	0.6314494769720186	high
v1.1	SAMN46778011	103	FN	2582	Klebsiella pneumoniae	50_to_75x	false	12	0	0.75	0.75	0.7849934510745252	0.844747070683002	high
v1.1	SAMN46778011	106	FN	2348	Klebsiella pneumoniae	50_to_75x	false	12	0	0.7272727272727273	0.7272727272727273	0.8251658420119253	0.8568547117366316	high
v1.1	SAMN46778011	107	FN	2336	Klebsiella pneumoniae	50_to_75x	false	12	0	0.75	0.75	0.9492724375550261	0.7961345721222082	high
v1.1	SAMN46778011	108	FN	2285	Klebsiella pneumoniae	50_to_75x	false	12	0	0.9166666666666666	0.9166666666666666	0.9931544050611385	0.950924551748171	high
v1.1	SAMN46778011	110	FN	2200	Klebsiella pneumoniae	50_to_75x	false	12	0	0.75	0.75	0.937435332346856	0.4462454147580557	high
v1.1	SAMN46778011	112	FN	2075	Klebsiella pneumoniae	50_to_75x	false	12	0	0.8333333333333334	0.8333333333333334	0.9932642968525297	0.8901717504619543	high
v1.1	SAMN46778011	113	FN	1958	Klebsiella pneumoniae	50_to_75x	false	12	0	0.7272727272727273	0.7272727272727273	0.9749197634439232	0.44716894114973366	high
v1.1	SAMN46778011	114	FN	1917	Klebsiella pneumoniae	50_to_75x	false	12	0	0.75	0.75	0.9996700107116724	0.4672023815551215	high
v1.1	SAMN46778011	116	FN	1901	Klebsiella pneumoniae	50_to_75x	false	12	0	0.3333333333333333	0.6666666666666666	0.900702896221801	0.21840527440496618	high
v1.1	SAMN46778011	117	FN	1840	Klebsiella pneumoniae	50_to_75x	false	12	0	0.7272727272727273	0.7272727272727273	0.9863347625751863	0.8350332244882086	high
v1.1	SAMN46778011	118	FN	1717	Klebsiella pneumoniae	50_to_75x	false	12	0	0.75	0.75	0.9877632919681095	0.5302005723165784	high
v1.1	SAMN46778011	120	FN	1705	Klebsiella pneumoniae	50_to_75x	false	12	0	0.7272727272727273	0.7272727272727273	0.8178592258974834	0.8934247039493078	high
v1.1	SAMN46778011	121	FN	1665	Klebsiella pneumoniae	50_to_75x	false	12	0	0.5	0.5	0.9822296396125867	0.8612315011862479	high
v1.1	SAMN46778011	123	FN	1466	Klebsiella pneumoniae	50_to_75x	false	12	0	0.4166666666666667	0.5833333333333334	0.9674910531027611	0.8132500536849324	high
v1.1	SAMN46778011	125	FN	1391	Klebsiella pneumoniae	50_to_75x	false	12	0	0.7	0.7	0.7759819264665878	0.9120100997549213	high
v1.1	SAMN46778011	127	FN	1365	Klebsiella pneumoniae	50_to_75x	false	12	0	0.6363636363636364	0.6363636363636364	0.7268704781781318	0.4296597071746281	high
v1.1	SAMN46778011	128	FN	1351	Klebsiella pneumoniae	50_to_75x	false	12	0	0.6363636363636364	0.6363636363636364	0.9334544901322671	0.8739976974924303	high
v1.1	SAMN46778011	129	FN	1303	Klebsiella pneumoniae	50_to_75x	false	12	0	0.7272727272727273	0.7272727272727273	0.9863347625751863	0.8763737207101502	high
v1.1	SAMN46778011	131	FN	1201	Klebsiella pneumoniae	50_to_75x	false	12	0	0.5454545454545454	0.5454545454545454	0.7260925572808957	0.4296597071746281	high
v1.1	SAMN46778011	133	FN	1133	Klebsiella pneumoniae	50_to_75x	false	12	0	0.7272727272727273	0.7272727272727273	0.8251658420119253	0.8934247039493078	high
v1.1	SAMN46778011	135	FN	1080	Klebsiella pneumoniae	50_to_75x	false	12	0	0.7272727272727273	0.7272727272727273	0.8251658420119253	0.8934247039493078	high
v1.1	SAMN46778011	136	FN	1079	Klebsiella pneumoniae	50_to_75x	false	12	0	0.6363636363636364	0.6363636363636364	0.7268704781781318	0.4296597071746281	high
v1.1	SAMN46778011	137	FN	1062	Klebsiella pneumoniae	50_to_75x	false	12	0	0.6363636363636364	0.6363636363636364	0.7268704781781318	0.4296597071746281	high
v1.1	SAMN46862811	33	FN	19211	Klebsiella pneumoniae	50_to_75x	false	12	0	0.8333333333333334	0.8333333333333334	0.9666370174996789	0.9494470970329791	high
v1.1	SAMN46862811	38	FN	7799	Klebsiella pneumoniae	50_to_75x	false	12	0	0.9090909090909091	0.9090909090909091	0.9993203294198868	0.7955214731790335	high
v1.1	SAMN46862811	40	FN	7262	Klebsiella pneumoniae	50_to_75x	false	12	0	0.9166666666666666	0.9166666666666666	0.9931544050611385	0.8879144831155961	high
v1.1	SAMN46862811	41	FN	7046	Klebsiella pneumoniae	50_to_75x	false	12	0	1.0	1.0	0.9996166454176644	0.7639241145418175	high
v1.1	SAMN46862811	42	FN	6662	Klebsiella pneumoniae	50_to_75x	false	12	0	0.9166666666666666	0.9166666666666666	0.9931544050611385	0.8879144831155961	high
v1.1	SAMN46862811	44	FN	2455	Klebsiella pneumoniae	50_to_75x	false	12	0	0.7272727272727273	0.7272727272727273	0.8705147387133599	0.7444524795808309	high
v1.1	SAMN46862811	45	FN	2319	Klebsiella pneumoniae	50_to_75x	false	12	0	0.75	0.75	0.9996700107116724	0.7921677688258428	high
v1.1	SAMN46862811	47	FN	1978	Klebsiella pneumoniae	50_to_75x	false	12	0	0.6363636363636364	0.6363636363636364	0.9928097344085779	0.7921371662812579	high
v1.1	SAMN46862811	49	FN	1679	Klebsiella pneumoniae	50_to_75x	false	12	0	0.7272727272727273	0.7272727272727273	0.9863347625751863	0.42782437503165577	high
v1.1	SAMN46862811	50	FN	1622	Klebsiella pneumoniae	50_to_75x	false	12	0	0.45454545454545453	0.5454545454545454	0.877863828984629	0.5471127083702946	high
v1.1	SAMN46862811	51	FN	1448	Klebsiella pneumoniae	50_to_75x	false	12	0	0.6363636363636364	0.6363636363636364	0.9600615606038537	0.5772327783952306	high
v1.1	SAMN46862811	53	FN	1414	Klebsiella pneumoniae	50_to_75x	false	12	0	0.75	0.75	0.9635954046298301	0.7645137975416003	high
v1.1	SAMN46862811	57	FN	1086	Klebsiella pneumoniae	50_to_75x	false	12	0	0.4166666666666667	0.5833333333333334	0.9918788646503687	0.642376124992664	high
v1.1	SAMN46862811	58	FN	1086	Klebsiella pneumoniae	50_to_75x	false	12	0	0.6666666666666666	0.6666666666666666	0.987351162218125	0.8989189122871756	high
v1.1	SAMN46862817	56	FN	15884	Klebsiella pneumoniae	50_to_75x	false	12	0	0.08333333333333333	0.9166666666666666	0.0009329050566734367	0.0017499740792468077	high
v1.1	SAMN46862817	64	FN	8587	Klebsiella pneumoniae	50_to_75x	false	12	0	0.75	0.75	0.9137413354205492	0.9324135752714592	high
v1.1	SAMN46862817	81	FN	2443	Klebsiella pneumoniae	50_to_75x	false	12	0	0.5833333333333334	0.5833333333333334	0.9123720989070611	0.9311654718610074	high
v1.1	SAMN46862817	84	FN	1799	Klebsiella pneumoniae	50_to_75x	false	12	0	0.6363636363636364	0.6363636363636364	0.8888450515253362	0.9430680952883254	high
v1.1	SAMN46862817	85	FN	1756	Klebsiella pneumoniae	50_to_75x	false	12	0	0.6363636363636364	0.6363636363636364	0.9760184397863514	0.9485202026373054	high
v1.1	SAMN46862817	86	FN	1652	Klebsiella pneumoniae	50_to_75x	false	12	0	0.16666666666666666	0.8333333333333334	0.05896520028769574	0.040815189178199304	high
v1.1	SAMN46862817	87	FN	1445	Klebsiella pneumoniae	50_to_75x	false	12	0	0.5833333333333334	0.5833333333333334	0.6590116123903239	0.9333328086697654	high
v1.1	SAMN46862817	89	FN	1259	Klebsiella pneumoniae	50_to_75x	false	12	0	0.5833333333333334	0.5833333333333334	0.6716704421602296	0.9263970521281538	high
v1.1	SAMN46862834	28	FN	61547	Klebsiella pneumoniae	30_to_50x	false	12	0	0.8333333333333334	0.8333333333333334	0.9508635198395291	0.5394509234327366	high
v1.1	SAMN46862834	34	FN	35477	Klebsiella pneumoniae	30_to_50x	false	12	0	0.75	0.75	0.7944342199327958	0.5561309454350964	high
v1.1	SAMN46862834	37	FN	26000	Klebsiella pneumoniae	30_to_50x	false	12	0	0.8333333333333334	0.8333333333333334	0.9508635198395291	0.5394509234327366	high
v1.1	SAMN46862834	38	FN	24169	Klebsiella pneumoniae	30_to_50x	false	12	0	0.8333333333333334	0.8333333333333334	0.9508635198395291	0.5394509234327366	high
v1.1	SAMN46862834	41	FN	12154	Klebsiella pneumoniae	30_to_50x	false	12	0	0.8333333333333334	0.8333333333333334	0.9986249460710745	0.2642557050240308	high
v1.1	SAMN46862834	43	FN	10310	Klebsiella pneumoniae	30_to_50x	false	12	0	0.8181818181818182	0.8181818181818182	0.8184416904444722	0.3074077044758095	high
v1.1	SAMN46862834	45	FN	6898	Klebsiella pneumoniae	30_to_50x	false	12	0	0.9090909090909091	0.9090909090909091	0.9857568595095695	0.37588157326822585	high
v1.1	SAMN46862834	46	FN	4718	Klebsiella pneumoniae	30_to_50x	false	12	0	0.75	0.75	0.9492724375550261	0.1870487173621684	high
v1.1	SAMN46862834	47	FN	4327	Klebsiella pneumoniae	30_to_50x	false	12	0	0.9166666666666666	0.9166666666666666	0.9931544050611385	0.756050379592885	high
v1.1	SAMN46862834	48	FN	3584	Klebsiella pneumoniae	30_to_50x	false	12	0	0.8333333333333334	0.8333333333333334	0.9875647758701592	0.733335355439824	high
v1.1	SAMN46862834	49	FN	3526	Klebsiella pneumoniae	30_to_50x	true	12	0	0.9166666666666666	0.9166666666666666	0.9931544050611385	0.6843940580603347	high
v1.1	SAMN46862834	50	FN	2450	Klebsiella pneumoniae	30_to_50x	false	12	0	0.75	0.75	0.9492724375550261	0.15877164791715492	high
v1.1	SAMN46862834	51	FN	2204	Klebsiella pneumoniae	30_to_50x	false	12	0	0.75	0.75	0.9492724375550261	0.11703406000153614	high
v1.1	SAMN46862848	16	FN	95439	Klebsiella pneumoniae	30_to_50x	false	12	0	1.0	1.0	0.999822425133984	0.9261240951177258	high
v1.1	SAMN46862848	24	FN	18197	Klebsiella pneumoniae	30_to_50x	false	12	0	0.8333333333333334	0.8333333333333334	0.9508635198395291	0.4782224071139092	high
v1.1	SAMN46862848	26	FN	7389	Klebsiella pneumoniae	30_to_50x	false	12	0	0.9090909090909091	0.9090909090909091	0.9857568595095695	0.42512591864000665	high
v1.1	SAMN46862848	28	FN	5211	Klebsiella pneumoniae	30_to_50x	false	12	0	0.5	0.5	0.9956109046684241	0.5668213241905228	high
v1.1	SAMN46862848	31	FN	2896	Klebsiella pneumoniae	30_to_50x	false	12	0	0.36363636363636365	0.6363636363636364	0.8467535683042626	0.1600917651060396	high
v1.1	SAMN46897905	23	FN	77476	Klebsiella pneumoniae	ge_100x	false	12	0	0.8333333333333334	0.8333333333333334	0.9508635198395291	0.5737337714415608	high
v1.1	SAMN46897905	26	FN	43883	Klebsiella pneumoniae	ge_100x	false	12	0	0.9166666666666666	0.9166666666666666	0.9986702433695193	0.5861162453655074	high
v1.1	SAMN46897905	28	FN	41168	Klebsiella pneumoniae	ge_100x	false	12	0	0.8333333333333334	0.8333333333333334	0.9508635198395291	0.5737337714415608	high
v1.1	SAMN46897905	32	FN	27791	Klebsiella pneumoniae	ge_100x	false	12	0	0.8333333333333334	0.8333333333333334	0.9508635198395291	0.5737337714415608	high
v1.1	SAMN46897905	40	FN	4686	Klebsiella pneumoniae	ge_100x	false	12	0	0.9166666666666666	0.9166666666666666	0.9996756519149296	0.6614501361796218	high
v1.1	SAMN47264607	15	FN	49394	Enterococcus faecalis	ge_100x	false	12	0	1.0	1.0	0.9993511297168415	0.9125395451088238	high
v1.1	SAMN47264607	16	FN	43908	Enterococcus faecalis	ge_100x	true	12	0	0.8333333333333334	0.8333333333333334	0.9804785529293271	0.7688614662852257	high
v1.1	SAMN47264607	23	FN	8096	Enterococcus faecalis	ge_100x	false	12	0	0.7272727272727273	0.7272727272727273	0.887808295433477	0.443001223819087	high
v1.1	SAMN47264607	26	FN	3934	Enterococcus faecalis	ge_100x	false	12	0	0.9	0.9	0.9029070398528599	0.5367401381312834	high
v1.1	SAMN47788335	18	FN	93611	Citrobacter spp.	ge_100x	true	12	0	0.9166666666666666	0.9166666666666666	0.9986702433695193	0.897728723028265	high
v1.1	SAMN47788335	41	FN	13505	Citrobacter spp.	ge_100x	false	12	0	0.9166666666666666	0.9166666666666666	0.9986702433695193	0.7897610300002544	high
v1.1	SAMN47788335	43	FN	11259	Citrobacter spp.	ge_100x	false	12	0	0.4166666666666667	0.5833333333333334	0.7995388125059335	0.11732209964556763	high
v1.1	SAMN47788335	44	FN	10771	Citrobacter spp.	ge_100x	false	12	0	0.75	0.75	0.9492724375550261	0.5298907955394615	high
v1.1	SAMN47788335	46	FN	4504	Citrobacter spp.	ge_100x	false	12	0	0.8333333333333334	0.8333333333333334	0.9508635198395291	0.5272825895654845	high
v1.1	SAMN47788335	47	FN	4440	Citrobacter spp.	ge_100x	true	12	0	0.75	0.75	0.7849934510745252	0.4638481689389482	high
v1.1	SAMN47788335	49	FN	4322	Citrobacter spp.	ge_100x	false	12	0	0.75	0.75	0.7944342199327958	0.46926176460237157	high
v1.1	SAMN47788335	50	FN	4292	Citrobacter spp.	ge_100x	false	12	0	1.0	1.0	0.999822425133984	0.9471541005323327	high
v1.1	SAMN47788335	51	FN	4235	Citrobacter spp.	ge_100x	true	12	0	0.9	0.9	0.9402787710327908	0.8088760419111204	high
v1.1	SAMN47788335	53	FN	3506	Citrobacter spp.	ge_100x	false	12	0	0.8	0.8	0.9914747909742175	0.7306736459962243	high
v1.1	SAMN47788335	55	FN	2442	Citrobacter spp.	ge_100x	false	12	0	0.6666666666666666	0.6666666666666666	0.7889023520731259	0.42038277556513487	high
v1.1	SAMN47788335	57	FN	2348	Citrobacter spp.	ge_100x	false	12	0	0.8333333333333334	0.8333333333333334	0.9996645917049077	0.9007030906632802	high
v1.1	SAMN47788335	58	FN	2225	Citrobacter spp.	ge_100x	true	12	0	0.8333333333333334	0.8333333333333334	0.9929225458808841	0.7926691076506399	high
v1.1	SAMN47788335	59	FN	1749	Citrobacter spp.	ge_100x	true	12	0	0.8333333333333334	0.8333333333333334	0.9929225458808841	0.8586464473735844	high
v1.1	SAMN47788335	60	FN	1705	Citrobacter spp.	ge_100x	false	12	0	0.75	0.75	0.9492724375550261	0.4472904361053311	high
v1.1	SAMN47788335	61	FN	1597	Citrobacter spp.	ge_100x	true	12	0	0.8	0.8	0.9420308381334653	0.7610712464701294	high
v1.1	SAMN47788335	64	FN	1500	Citrobacter spp.	ge_100x	true	12	0	0.75	0.75	0.9635954046298301	0.8118270654358617	high
v1.1	SAMN47788335	66	FN	1209	Citrobacter spp.	ge_100x	false	12	0	0.6666666666666666	0.6666666666666666	0.7792781134159518	0.5407355600225483	high
v1.1	SAMN47788335	71	FN	1064	Citrobacter spp.	ge_100x	false	12	0	0.7272727272727273	0.7272727272727273	0.8178592258974834	0.6484325151523073	high
v1.1	SAMN47788335	72	FN	1046	Citrobacter spp.	ge_100x	true	12	0	0.8	0.8	0.9420308381334653	0.8256695824460172	high
v1.1	SAMN47788336	15	FN	132386	Enterobacter spp.	75_to_100x	true	12	0	0.9166666666666666	0.9166666666666666	0.9986702433695193	0.7456371815856173	high
v1.1	SAMN47788336	24	FN	74792	Enterobacter spp.	75_to_100x	false	12	0	0.9166666666666666	0.9166666666666666	0.9986702433695193	0.7557586111225081	high
v1.1	SAMN47788336	38	FN	9663	Enterobacter spp.	75_to_100x	false	12	0	0.9166666666666666	0.9166666666666666	0.9996756519149296	0.9008446655947592	high
v1.1	SAMN47788336	46	FN	3223	Enterobacter spp.	75_to_100x	false	12	0	0.9166666666666666	0.9166666666666666	0.9931544050611385	0.6843940580603347	high
v1.1	SAMN47788336	50	FN	2731	Enterobacter spp.	75_to_100x	true	12	0	0.8333333333333334	0.8333333333333334	0.9929919758226197	0.14723050416405092	high
v1.1	SAMN48144070	33	FN	28639	Enterococcus faecium	ge_100x	false	12	0	0.8181818181818182	0.8181818181818182	0.9584194035239814	0.9517023018256033	high
v1.1	SAMN48144070	40	FN	25098	Enterococcus faecium	ge_100x	false	12	0	0.8181818181818182	0.8181818181818182	0.9584194035239814	0.9517023018256033	high
v1.1	SAMN48144070	65	FN	10666	Enterococcus faecium	ge_100x	false	12	0	0.7272727272727273	0.7272727272727273	0.9582631066501253	0.8996382051133937	high
v1.1	SAMN48144070	75	FN	6646	Enterococcus faecium	ge_100x	false	12	0	0.7272727272727273	0.7272727272727273	0.7600160144229514	0.8718539975370728	high
v1.1	SAMN48144070	76	FN	6173	Enterococcus faecium	ge_100x	false	12	0	0.9090909090909091	0.9090909090909091	0.9988498180665119	0.949188224776463	high
v1.1	SAMN48144070	77	FN	6049	Enterococcus faecium	ge_100x	false	12	0	0.6666666666666666	0.6666666666666666	0.7840650748740505	0.6353773934984777	high
v1.1	SAMN48144070	78	FN	5941	Enterococcus faecium	ge_100x	false	12	0	0.9090909090909091	0.9090909090909091	0.9988498180665119	0.949188224776463	high
v1.1	SAMN48144070	80	FN	5346	Enterococcus faecium	ge_100x	false	12	0	0.9090909090909091	0.9090909090909091	0.9988498180665119	0.9501589599638095	high
v1.1	SAMN48144070	82	FN	4590	Enterococcus faecium	ge_100x	false	12	0	0.8181818181818182	0.8181818181818182	0.9584194035239814	0.938662316220313	high
v1.1	SAMN48144070	84	FN	4422	Enterococcus faecium	ge_100x	false	12	0	0.7272727272727273	0.7272727272727273	0.8483601213458016	0.9178794638486784	high
v1.1	SAMN48144070	85	FN	4340	Enterococcus faecium	ge_100x	false	12	0	0.8181818181818182	0.8181818181818182	0.9584194035239814	0.938662316220313	high
v1.1	SAMN48144070	89	FN	3870	Enterococcus faecium	ge_100x	false	12	0	0.8181818181818182	0.8181818181818182	0.9584194035239814	0.9117656034365316	high
v1.1	SAMN48144070	91	FN	3619	Enterococcus faecium	ge_100x	false	12	0	0.9090909090909091	0.9090909090909091	0.976121211009001	0.9456469883889824	high
v1.1	SAMN48144070	92	FN	3356	Enterococcus faecium	ge_100x	true	12	0	0.8333333333333334	0.8333333333333334	0.8727648359652314	0.8807740483773893	high
v1.1	SAMN48144070	94	FN	2994	Enterococcus faecium	ge_100x	false	12	0	0.8181818181818182	0.8181818181818182	0.9584194035239814	0.9117656034365316	high
v1.1	SAMN48144070	95	FN	2903	Enterococcus faecium	ge_100x	false	12	0	0.7	0.7	0.709562350662087	0.869793093795735	high
v1.1	SAMN48144070	96	FN	2823	Enterococcus faecium	ge_100x	false	12	0	0.8181818181818182	0.8181818181818182	0.9760297891223917	0.9448938339373458	high
v1.1	SAMN48144070	98	FN	2463	Enterococcus faecium	ge_100x	false	12	0	0.8181818181818182	0.8181818181818182	0.9760297891223917	0.9448938339373458	high
v1.1	SAMN48144070	100	FN	2273	Enterococcus faecium	ge_100x	false	12	0	0.8181818181818182	0.8181818181818182	0.9760297891223917	0.9371589378865519	high
v1.1	SAMN48144070	103	FN	2064	Enterococcus faecium	ge_100x	false	12	0	0.6363636363636364	0.6363636363636364	0.8169176780525376	0.8385592063836613	high
v1.1	SAMN48144070	104	FN	1954	Enterococcus faecium	ge_100x	false	12	0	0.8181818181818182	0.8181818181818182	0.9760297891223917	0.9371589378865519	high
v1.1	SAMN48144070	105	FN	1710	Enterococcus faecium	ge_100x	false	12	0	0.8181818181818182	0.8181818181818182	0.9760297891223917	0.9416902513002803	high
v1.1	SAMN48144070	118	FN	1254	Enterococcus faecium	ge_100x	false	12	0	0.7272727272727273	0.7272727272727273	0.8933479043144746	0.8837390456792353	high
v1.1	SAMN48144070	121	FN	1162	Enterococcus faecium	ge_100x	false	12	0	0.7	0.7	0.8486686844154954	0.8460992296129196	high
v1.1	SAMN48144087	36	FN	8427	Enterococcus faecium	ge_100x	false	12	0	0.8181818181818182	0.8181818181818182	0.9916887540217667	0.8598864142437883	high
v1.1	SAMN48185768	24	FN	49745	Klebsiella pneumoniae	ge_100x	false	12	0	1.0	1.0	0.9996166454176644	0.9361419661214727	high
v1.1	SAMN48185768	32	FN	20168	Klebsiella pneumoniae	ge_100x	false	12	0	0.8333333333333334	0.8333333333333334	0.9508635198395291	0.6188482511961779	high
v1.1	SAMN48185768	34	FN	19610	Klebsiella pneumoniae	ge_100x	false	12	0	0.75	0.75	0.7944342199327958	0.5627463315834573	high
v1.1	SAMN48185768	35	FN	19285	Klebsiella pneumoniae	ge_100x	false	12	0	0.5	0.5	0.9822296396125867	0.5068960523782208	high
v1.1	SAMN48185768	38	FN	13465	Klebsiella pneumoniae	ge_100x	true	12	0	0.9090909090909091	0.9090909090909091	0.9857568595095695	0.7199229552869205	high
v1.1	SAMN48185768	40	FN	7866	Klebsiella pneumoniae	ge_100x	false	12	0	1.0	1.0	0.9996166454176644	0.7639241145418175	high
v1.1	SAMN48185768	41	FN	7386	Klebsiella pneumoniae	ge_100x	false	12	0	0.9166666666666666	0.9166666666666666	0.9931544050611385	0.8879144831155961	high
v1.1	SAMN48185768	42	FN	6727	Klebsiella pneumoniae	ge_100x	true	12	0	0.8333333333333334	0.8333333333333334	0.9929225458808841	0.7499190703885522	high
v1.1	SAMN48185768	43	FN	6485	Klebsiella pneumoniae	ge_100x	false	12	0	0.8333333333333334	0.8333333333333334	0.9929225458808841	0.7499190703885522	high
v1.1	SAMN48185768	44	FN	4777	Klebsiella pneumoniae	ge_100x	false	12	0	0.8333333333333334	0.8333333333333334	0.9875647758701592	0.8985371794724136	high
v1.1	SAMN48185768	45	FN	4388	Klebsiella pneumoniae	ge_100x	false	12	0	0.9090909090909091	0.9090909090909091	0.9857568595095695	0.6380361391485732	high
v1.1	SAMN48185768	47	FN	3881	Klebsiella pneumoniae	ge_100x	false	12	0	0.9166666666666666	0.9166666666666666	0.9931544050611385	0.8444463000759739	high
v1.1	SAMN48185768	49	FN	2231	Klebsiella pneumoniae	ge_100x	true	12	0	0.8333333333333334	0.8333333333333334	0.9929225458808841	0.6592763365168313	high
v1.1	SAMN48185768	52	FN	1557	Klebsiella pneumoniae	ge_100x	false	12	0	0.4166666666666667	0.5833333333333334	0.9674910531027611	0.27192380975833386	high
v1.1	SAMN48185768	54	FN	1432	Klebsiella pneumoniae	ge_100x	false	12	0	0.8333333333333334	0.8333333333333334	0.9929225458808841	0.8205023772869244	high
v1.1	SAMN48185768	55	FN	1341	Klebsiella pneumoniae	ge_100x	false	12	0	0.8	0.8	0.9420308381334653	0.6957223780699942	high
v1.1	SAMN48185768	56	FN	1333	Klebsiella pneumoniae	ge_100x	false	12	0	0.6666666666666666	0.6666666666666666	0.9110606383483703	0.6052786241099629	high
v1.1	SAMN48185768	57	FN	1201	Klebsiella pneumoniae	ge_100x	false	12	0	0.8181818181818182	0.8181818181818182	0.9703096995214244	0.8721833012608501	high
v1.1	SAMN48185768	59	FN	1070	Klebsiella pneumoniae	ge_100x	false	12	0	0.8181818181818182	0.8181818181818182	0.9857017881103314	0.5986660485652113	high
v1.1	SAMN48324032	81	FN	3346	Klebsiella pneumoniae	75_to_100x	false	12	0	0.7272727272727273	0.7272727272727273	0.9602114022460203	0.8391205817286522	high
v1.1	SAMN48324032	88	FN	2306	Klebsiella pneumoniae	75_to_100x	false	12	0	0.75	0.75	0.9655381836056843	0.9374571352045088	high
v1.1	SAMN48324032	91	FN	2186	Klebsiella pneumoniae	75_to_100x	true	12	0	0.75	0.75	0.9635954046298301	0.9389327156973939	high
v1.1	SAMN48324032	93	FN	2092	Klebsiella pneumoniae	75_to_100x	false	12	0	0.6363636363636364	0.6363636363636364	0.7337646477914976	0.9336245957283996	high
v1.1	SAMN48324032	94	FN	2033	Klebsiella pneumoniae	75_to_100x	false	12	0	0.75	0.75	0.993036133590978	0.9401680854523903	high
v1.1	SAMN48324032	95	FN	1487	Klebsiella pneumoniae	75_to_100x	false	12	0	0.4166666666666667	0.5833333333333334	0.9918788646503687	0.823473667876149	high
v1.1	SAMN48324032	101	FN	1321	Klebsiella pneumoniae	75_to_100x	false	12	0	0.7272727272727273	0.7272727272727273	0.9749197634439232	0.9485202026373054	high
v1.1	SAMN48324032	107	FN	1161	Klebsiella pneumoniae	75_to_100x	false	12	0	0.75	0.75	0.987146047145738	0.952322788786098	high
v1.1	SAMN48324061	24	FN	35209	Enterococcus faecium	ge_100x	false	12	0	0.8181818181818182	0.8181818181818182	0.8488630723085183	0.8642460237200635	high
v1.1	SAMN48324061	48	FN	20046	Enterococcus faecium	ge_100x	false	12	0	0.8181818181818182	0.8181818181818182	0.8881976497022714	0.9253784317701642	high
v1.1	SAMN48324061	59	FN	15347	Enterococcus faecium	ge_100x	false	12	0	0.9090909090909091	0.9090909090909091	0.976121211009001	0.9259144686807741	high
v1.1	SAMN48324061	66	FN	13678	Enterococcus faecium	ge_100x	true	12	0	0.9090909090909091	0.9090909090909091	0.976121211009001	0.9171471905892916	high
v1.1	SAMN48324061	69	FN	13350	Enterococcus faecium	ge_100x	false	12	0	0.9090909090909091	0.9090909090909091	0.976121211009001	0.9171471905892916	high
v1.1	SAMN48324061	73	FN	11299	Enterococcus faecium	ge_100x	false	12	0	0.8	0.8	0.7979923847373591	0.8718160965679965	high
v1.1	SAMN48324061	84	FN	9669	Enterococcus faecium	ge_100x	false	12	0	0.8181818181818182	0.8181818181818182	0.9760297891223917	0.8149234993406449	high
v1.1	SAMN48324061	85	FN	9477	Enterococcus faecium	ge_100x	false	12	0	0.8181818181818182	0.8181818181818182	0.9584194035239814	0.4051979375453351	high
v1.1	SAMN48324061	93	FN	7829	Enterococcus faecium	ge_100x	false	12	0	0.8333333333333334	0.8333333333333334	0.9929225458808841	0.8853204337260596	high
v1.1	SAMN48324061	97	FN	7089	Enterococcus faecium	ge_100x	false	12	0	0.8181818181818182	0.8181818181818182	0.9760297891223917	0.8097472927991083	high
v1.1	SAMN48324061	99	FN	6646	Enterococcus faecium	ge_100x	false	12	0	0.8181818181818182	0.8181818181818182	0.9584194035239814	0.39704115647319976	high
v1.1	SAMN48324061	103	FN	5880	Enterococcus faecium	ge_100x	false	12	0	0.7272727272727273	0.7272727272727273	0.8483601213458016	0.6314817606993443	high
v1.1	SAMN48324061	105	FN	5149	Enterococcus faecium	ge_100x	false	12	0	0.9090909090909091	0.9090909090909091	0.976121211009001	0.8465113621146377	high
v1.1	SAMN48324061	107	FN	5027	Enterococcus faecium	ge_100x	false	12	0	0.8181818181818182	0.8181818181818182	0.9760297891223917	0.8097472927991083	high
v1.1	SAMN48324061	109	FN	4959	Enterococcus faecium	ge_100x	false	12	0	0.5833333333333334	0.5833333333333334	0.4065497721990849	0.0724338086986341	high
v1.1	SAMN48324061	111	FN	4815	Enterococcus faecium	ge_100x	false	12	0	0.8181818181818182	0.8181818181818182	0.9584194035239814	0.40191375551468256	high
v1.1	SAMN48324061	112	FP	4809	Enterococcus faecium	ge_100x	true	12	0	1.0	1.0	0.999822425133984	0.9607584343001326	high
v1.1	SAMN48324061	118	FN	3958	Enterococcus faecium	ge_100x	false	12	0	0.8181818181818182	0.8181818181818182	0.9760297891223917	0.7577103152584147	high
v1.1	SAMN48324061	120	FN	3793	Enterococcus faecium	ge_100x	false	12	0	0.9090909090909091	0.9090909090909091	0.976121211009001	0.7674778937296931	high
v1.1	SAMN48324061	124	FN	3353	Enterococcus faecium	ge_100x	false	12	0	0.9090909090909091	0.9090909090909091	0.976121211009001	0.7674778937296931	high
v1.1	SAMN48324061	126	FN	3202	Enterococcus faecium	ge_100x	false	12	0	0.8181818181818182	0.8181818181818182	0.9760297891223917	0.7577103152584147	high
v1.1	SAMN48324061	127	FN	3080	Enterococcus faecium	ge_100x	false	12	0	0.6363636363636364	0.6363636363636364	0.8169176780525376	0.19950577680947093	high
v1.1	SAMN48324061	128	FN	3071	Enterococcus faecium	ge_100x	false	12	0	0.6363636363636364	0.6363636363636364	0.5209033701734538	0.6264054973932562	high
v1.1	SAMN48324061	130	FN	2718	Enterococcus faecium	ge_100x	false	12	0	0.7272727272727273	0.7272727272727273	0.7600160144229514	0.18666450884535918	high
v1.1	SAMN48324061	134	FN	2006	Enterococcus faecium	ge_100x	false	12	0	0.7272727272727273	0.7272727272727273	0.9770809823080131	0.5730285380394181	high
v1.1	SAMN48324061	135	FN	1937	Enterococcus faecium	ge_100x	false	12	0	0.8181818181818182	0.8181818181818182	0.9952781857616739	0.7512694198895168	high
v1.1	SAMN48324061	139	FN	1757	Enterococcus faecium	ge_100x	false	12	0	0.6363636363636364	0.6363636363636364	0.8169176780525376	0.1980782006901268	high
v1.1	SAMN48324061	142	FN	1528	Enterococcus faecium	ge_100x	false	12	0	0.7272727272727273	0.7272727272727273	0.887808295433477	0.5871338447231688	high
v1.1	SAMN48324061	146	FN	1486	Enterococcus faecium	ge_100x	true	12	0	0.5833333333333334	0.5833333333333334	0.7431680099185886	0.4055113399862152	high
v1.1	SAMN48324061	147	FN	1476	Enterococcus faecium	ge_100x	false	12	0	0.6666666666666666	0.6666666666666666	0.5048983372430645	0.7675814542589875	high
v1.1	SAMN48324061	151	FN	1380	Enterococcus faecium	ge_100x	true	12	0	0.6363636363636364	0.6363636363636364	0.8252686979418431	0.1980782006901268	high
v1.1	SAMN48324061	152	FN	1322	Enterococcus faecium	ge_100x	false	12	0	0.18181818181818182	0.8181818181818182	0.17407431260259637	0.0015007329747298197	high
v1.1	SAMN48324061	156	FN	1201	Enterococcus faecium	ge_100x	false	12	0	0.7272727272727273	0.7272727272727273	0.9582631066501253	0.1980782006901268	high
v1.1	SAMN48324061	162	FN	1058	Enterococcus faecium	ge_100x	false	12	0	0.5555555555555556	0.5555555555555556	0.18502344628014403	0.713392439520786	high
v1.1	SAMN48387103	20	FN	29714	Enterococcus faecalis	ge_100x	false	11	1	0.7	0.7	0.8204970208933287	0.493664650167229	high
v1.1	SAMN48387103	26	FN	13844	Enterococcus faecalis	ge_100x	false	11	1	0.8	0.8	0.8873677037439187	0.5577694927246775	high
v1.1	SAMN48387103	27	FN	12360	Enterococcus faecalis	ge_100x	false	11	1	1.0	1.0	0.9825370756784113	0.7932849255732428	high
v1.1	SAMN48387103	28	FN	11716	Enterococcus faecalis	ge_100x	false	11	1	0.9	0.9	0.8841666413000097	0.5556004111161228	high
v1.1	SAMN48387103	29	FN	11669	Enterococcus faecalis	ge_100x	false	11	1	0.8	0.8	0.8168427499818484	0.4972863354097403	high
v1.1	SAMN48387103	32	FN	8478	Enterococcus faecalis	ge_100x	false	11	1	1.0	1.0	0.9728332078463173	0.5181416229461933	high
v1.1	SAMN48387103	33	FN	8030	Enterococcus faecalis	ge_100x	false	11	1	0.9	0.9	0.8782151597783769	0.27797227468669544	high
v1.1	SAMN48387103	34	FN	7107	Enterococcus faecalis	ge_100x	false	11	1	1.0	1.0	0.9728332078463173	0.5096593888189997	high
v1.1	SAMN48387103	35	FN	6926	Enterococcus faecalis	ge_100x	false	11	1	1.0	1.0	0.9728332078463173	0.5096593888189997	high
v1.1	SAMN48387103	37	FN	5107	Enterococcus faecalis	ge_100x	false	11	1	1.0	1.0	0.9728332078463173	0.5096593888189997	high
v1.1	SAMN48387103	38	FN	3796	Enterococcus faecalis	ge_100x	false	11	1	0.5555555555555556	0.5555555555555556	0.1451054765625252	0.18958589130873646	high
v1.1	SAMN48387103	40	FN	2914	Enterococcus faecalis	ge_100x	false	11	1	0.9	0.9	0.8782151597783769	0.2330887825445125	high
v1.1	SAMN48387103	41	FN	2490	Enterococcus faecalis	ge_100x	false	11	1	0.8	0.8	0.9557425076485256	0.4284391680289876	high
v1.1	SAMN48387103	42	FN	2426	Enterococcus faecalis	ge_100x	false	11	1	0.7777777777777778	0.7777777777777778	0.6406030436342399	0.24398509666520288	high
v1.1	SAMN48387103	43	FN	2402	Enterococcus faecalis	ge_100x	false	11	1	0.75	0.75	0.4792225999296653	0.1533005063410862	high
v1.1	SAMN48387103	44	FN	1883	Enterococcus faecalis	ge_100x	false	11	1	0.7	0.7	0.82152876598849	0.30516795959672055	high
v1.1	SAMN48387103	45	FN	1756	Enterococcus faecalis	ge_100x	false	11	1	0.8	0.8	0.9557425076485256	0.44864787028550496	high
v1.1	SAMN48387103	46	FN	1732	Enterococcus faecalis	ge_100x	false	11	1	0.9	0.9	0.9736569688240874	0.26705037051896896	high
v1.1	SAMN48387103	50	FN	1307	Enterococcus faecalis	ge_100x	false	11	1	0.7777777777777778	0.7777777777777778	0.8379661733967948	0.4398526357411335	high
v1.1	SAMN48387103	52	FN	1071	Enterococcus faecalis	ge_100x	false	11	1	0.4	0.6	0.9753984760480788	0.142367795503214	high
v1.1	SAMN48387105	21	FN	55383	Enterococcus faecalis	ge_100x	false	12	0	0.7272727272727273	0.7272727272727273	0.7600160144229514	0.8237406913765171	high
v1.1	SAMN48387105	28	FN	31180	Enterococcus faecalis	ge_100x	false	12	0	0.18181818181818182	0.8181818181818182	0.17407431260259637	0.004134446060822323	high
v1.1	SAMN48387105	29	FN	26480	Enterococcus faecalis	ge_100x	false	12	0	0.8181818181818182	0.8181818181818182	0.8488630723085183	0.9377075652695194	high
v1.1	SAMN48387105	35	FN	9665	Enterococcus faecalis	ge_100x	false	12	0	0.9	0.9	0.9514953540315986	0.8437895552109963	high
v1.1	SAMN48387105	39	FN	6717	Enterococcus faecalis	ge_100x	false	12	0	1.0	1.0	0.9985999618194983	0.9166037362823627	high
v1.1	SAMN48387105	41	FN	6070	Enterococcus faecalis	ge_100x	false	12	0	0.9090909090909091	0.9090909090909091	0.976121211009001	0.9099932149689105	high
v1.1	SAMN48387105	42	FN	5269	Enterococcus faecalis	ge_100x	true	12	0	0.6363636363636364	0.6363636363636364	0.4503306221323281	0.7945769580865198	high
v1.1	SAMN48387105	47	FN	1938	Enterococcus faecalis	ge_100x	true	12	0	0.7272727272727273	0.7272727272727273	0.8933479043144746	0.7632563384592572	high
v1.1	SAMN48387105	48	FN	1918	Enterococcus faecalis	ge_100x	true	12	0	0.6363636363636364	0.6363636363636364	0.6194629902269139	0.7593033706211205	high
v1.1	SAMN48387105	50	FN	1621	Enterococcus faecalis	ge_100x	false	12	0	0.8	0.8	0.9529348266788944	0.7703743677326783	high
v1.1	SAMN48451385	34	FN	53914	Citrobacter spp.	75_to_100x	false	12	0	0.75	0.75	0.9492724375550261	0.9156323239589587	high
v1.1	SAMN48451385	38	FN	47510	Citrobacter spp.	75_to_100x	false	12	0	0.8333333333333334	0.8333333333333334	0.9986249460710745	0.9452765342494782	high
v1.1	SAMN48451385	43	FN	40985	Citrobacter spp.	75_to_100x	true	12	0	0.8333333333333334	0.8333333333333334	0.9508635198395291	0.9452765342494782	high
v1.1	SAMN48451385	45	FN	34981	Citrobacter spp.	75_to_100x	false	12	0	0.8333333333333334	0.8333333333333334	0.9508635198395291	0.9452765342494782	high
v1.1	SAMN48451385	52	FN	30963	Citrobacter spp.	75_to_100x	false	12	0	0.8333333333333334	0.8333333333333334	0.9508635198395291	0.9452765342494782	high
v1.1	SAMN48451385	59	FN	25234	Citrobacter spp.	75_to_100x	false	12	0	0.8333333333333334	0.8333333333333334	0.9508635198395291	0.9452765342494782	high
v1.1	SAMN48451385	62	FN	19648	Citrobacter spp.	75_to_100x	false	12	0	0.0	1.0	0.0005025181506132203	0.00033583104148357274	high
v1.1	SAMN48451385	63	FN	19421	Citrobacter spp.	75_to_100x	false	12	0	0.3333333333333333	0.6666666666666666	0.900702896221801	0.25684668391110654	high
v1.1	SAMN48451385	66	FN	16913	Citrobacter spp.	75_to_100x	false	12	0	0.8333333333333334	0.8333333333333334	0.9508635198395291	0.9181716067750901	high
v1.1	SAMN48451385	71	FN	13610	Citrobacter spp.	75_to_100x	false	12	0	0.9090909090909091	0.9090909090909091	0.9991779581661044	0.938329703763291	high
v1.1	SAMN48451385	72	FN	13169	Citrobacter spp.	75_to_100x	false	12	0	0.8333333333333334	0.8333333333333334	0.9508635198395291	0.9085785099845443	high
v1.1	SAMN48451385	75	FN	11920	Citrobacter spp.	75_to_100x	false	12	0	0.8333333333333334	0.8333333333333334	0.9508635198395291	0.9085785099845443	high
v1.1	SAMN48451385	80	FN	9981	Citrobacter spp.	75_to_100x	true	12	0	0.8333333333333334	0.8333333333333334	0.9508635198395291	0.9085785099845443	high
v1.1	SAMN48451385	81	FN	9893	Citrobacter spp.	75_to_100x	false	12	0	0.8333333333333334	0.8333333333333334	0.9508635198395291	0.9040565096220001	high
v1.1	SAMN48451385	83	FN	8637	Citrobacter spp.	75_to_100x	false	12	0	0.6666666666666666	0.6666666666666666	0.7681944219408894	0.7493251902755822	high
v1.1	SAMN48451385	86	FN	7723	Citrobacter spp.	75_to_100x	false	12	0	0.8333333333333334	0.8333333333333334	0.9508635198395291	0.9040565096220001	high
v1.1	SAMN48451385	88	FN	7570	Citrobacter spp.	75_to_100x	false	12	0	0.6666666666666666	0.6666666666666666	0.33370955273112396	0.1082313436081047	high
v1.1	SAMN48451385	89	FN	7557	Citrobacter spp.	75_to_100x	false	12	0	0.8333333333333334	0.8333333333333334	0.9929225458808841	0.9342864977048259	high
v1.1	SAMN48451385	92	FN	6571	Citrobacter spp.	75_to_100x	false	12	0	0.75	0.75	0.9137413354205492	0.4316706443503394	high
v1.1	SAMN48451385	93	FN	6570	Citrobacter spp.	75_to_100x	false	12	0	0.6666666666666666	0.6666666666666666	0.9110606383483703	0.4372468851788089	high
v1.1	SAMN48451385	94	FN	5567	Citrobacter spp.	75_to_100x	false	12	0	0.5	0.5	0.7199770375228083	0.6661398356999052	high
v1.1	SAMN48451385	95	FN	5468	Citrobacter spp.	75_to_100x	false	12	0	0.75	0.75	0.8299760205088481	0.8114044968486327	high
v1.1	SAMN48451385	96	FN	5171	Citrobacter spp.	75_to_100x	false	12	0	0.25	0.75	0.03994339101956933	0.00045475645337781224	high
v1.1	SAMN48451385	100	FN	4435	Citrobacter spp.	75_to_100x	false	12	0	0.8333333333333334	0.8333333333333334	0.9975734539370398	0.5855203948718594	high
v1.1	SAMN48451385	101	FN	4360	Citrobacter spp.	75_to_100x	false	12	0	0.2727272727272727	0.7272727272727273	0.009962496472082768	0.0028427211557275926	high
v1.1	SAMN48451385	104	FN	4215	Citrobacter spp.	75_to_100x	false	12	0	0.75	0.75	0.9516192321271825	0.8714485557554784	high
v1.1	SAMN48451385	105	FN	4037	Citrobacter spp.	75_to_100x	false	12	0	0.6666666666666666	0.6666666666666666	0.9110606383483703	0.4758732680655004	high
v1.1	SAMN48451385	106	FN	3745	Citrobacter spp.	75_to_100x	false	12	0	0.08333333333333333	0.9166666666666666	0.01874023391234934	0.0021934225313877684	high
v1.1	SAMN48451385	107	FN	3526	Citrobacter spp.	75_to_100x	true	12	0	0.8333333333333334	0.8333333333333334	0.9508635198395291	0.8984835870929028	high
v1.1	SAMN48451385	108	FN	3350	Citrobacter spp.	75_to_100x	false	12	0	0.3333333333333333	0.6666666666666666	0.6124642966684529	0.1701789283138429	high
v1.1	SAMN48451385	109	FN	3260	Citrobacter spp.	75_to_100x	false	12	0	0.9090909090909091	0.9090909090909091	0.9857568595095695	0.924878214040276	high
v1.1	SAMN48451385	110	FN	3255	Citrobacter spp.	75_to_100x	false	12	0	0.75	0.75	0.9137413354205492	0.4213165434105585	high
v1.1	SAMN48451385	111	FN	3134	Citrobacter spp.	75_to_100x	false	12	0	0.7272727272727273	0.7272727272727273	0.8892312567067122	0.48967513762235293	high
v1.1	SAMN48451385	112	FN	2857	Citrobacter spp.	75_to_100x	false	12	0	0.5833333333333334	0.5833333333333334	0.28526982757881375	0.41535370094563234	high
v1.1	SAMN48451385	114	FN	2587	Citrobacter spp.	75_to_100x	false	12	0	0.2727272727272727	0.7272727272727273	0.26357456464185913	0.0016343448605119753	high
v1.1	SAMN48451385	115	FN	2582	Citrobacter spp.	75_to_100x	false	12	0	0.6666666666666666	0.6666666666666666	0.7495178318541625	0.5155266872082597	high
v1.1	SAMN48451385	116	FN	2380	Citrobacter spp.	75_to_100x	false	12	0	0.5833333333333334	0.5833333333333334	0.7820679522767201	0.7925813934339057	high
v1.1	SAMN48451385	119	FN	2313	Citrobacter spp.	75_to_100x	false	12	0	0.4166666666666667	0.5833333333333334	0.9918788646503687	0.33571089480103944	high
v1.1	SAMN48451385	121	FN	2268	Citrobacter spp.	75_to_100x	false	12	0	0.25	0.75	0.45973247158771274	0.0014045401145128791	high
v1.1	SAMN48451385	122	FN	2197	Citrobacter spp.	75_to_100x	false	12	0	0.0	1.0	0.0005025181506132203	0.0004031743064177074	high
v1.1	SAMN48451385	123	FN	1973	Citrobacter spp.	75_to_100x	false	12	0	0.2727272727272727	0.7272727272727273	0.8145780231310671	0.0015477502186793874	high
v1.1	SAMN48451385	124	FN	1940	Citrobacter spp.	75_to_100x	false	12	0	0.2727272727272727	0.7272727272727273	0.8145780231310671	0.0015477502186793874	high
v1.1	SAMN48451385	127	FN	1742	Citrobacter spp.	75_to_100x	false	12	0	0.6666666666666666	0.6666666666666666	0.9500513350318119	0.8454184843684849	high
v1.1	SAMN48451385	128	FN	1687	Citrobacter spp.	75_to_100x	false	12	0	0.6666666666666666	0.6666666666666666	0.9641626823889388	0.8785314855159608	high
v1.1	SAMN48451385	129	FN	1558	Citrobacter spp.	75_to_100x	false	12	0	0.6666666666666666	0.6666666666666666	0.9500513350318119	0.8454184843684849	high
v1.1	SAMN48451385	130	FN	1530	Citrobacter spp.	75_to_100x	false	12	0	0.5833333333333334	0.5833333333333334	0.41351818300752446	0.8361912371060384	high
v1.1	SAMN48451385	131	FN	1529	Citrobacter spp.	75_to_100x	false	12	0	0.36363636363636365	0.6363636363636364	0.9429416484296633	0.8557507748064171	high
v1.1	SAMN48451385	132	FN	1520	Citrobacter spp.	75_to_100x	false	12	0	0.18181818181818182	0.8181818181818182	0.0012162518860161882	0.007380508026805812	high
v1.1	SAMN48451385	135	FN	1399	Citrobacter spp.	75_to_100x	true	12	0	0.75	0.75	0.9492724375550261	0.8454184843684849	high
v1.1	SAMN48451385	136	FN	1374	Citrobacter spp.	75_to_100x	false	12	0	0.7272727272727273	0.7272727272727273	0.8178592258974834	0.8934247039493078	high
v1.1	SAMN48451385	137	FN	1369	Citrobacter spp.	75_to_100x	false	12	0	0.8181818181818182	0.8181818181818182	0.9760297891223917	0.844346970973892	high
v1.1	SAMN48451385	141	FN	1299	Citrobacter spp.	75_to_100x	false	12	0	0.75	0.75	0.993036133590978	0.8808336719005362	high
v1.1	SAMN48451385	142	FN	1291	Citrobacter spp.	75_to_100x	false	12	0	0.8181818181818182	0.8181818181818182	0.9993176651584125	0.6431269179933256	high
v1.1	SAMN48451385	143	FN	1275	Citrobacter spp.	75_to_100x	false	12	0	0.5	0.5	0.6626635377643523	0.374300311058508	high
v1.1	SAMN48451385	146	FN	1197	Citrobacter spp.	75_to_100x	false	12	0	0.45454545454545453	0.5454545454545454	0.7124196388009779	0.864689071464396	high
v1.1	SAMN48451385	148	FN	1127	Citrobacter spp.	75_to_100x	false	12	0	0.8181818181818182	0.8181818181818182	0.9857017881103314	0.9202317855377906	high
v1.1	SAMN48451385	151	FN	1099	Citrobacter spp.	75_to_100x	false	12	0	0.6363636363636364	0.6363636363636364	0.9334544901322671	0.8739976974924303	high
v1.1	SAMN48451385	152	FN	1073	Citrobacter spp.	75_to_100x	false	12	0	0.75	0.75	0.993036133590978	0.8808336719005362	high
v1.1	SAMN48451385	153	FN	1054	Citrobacter spp.	75_to_100x	false	12	0	0.5833333333333334	0.5833333333333334	0.9123720989070611	0.43527555208305574	high
v1.1	SAMN48451385	154	FN	1044	Citrobacter spp.	75_to_100x	false	12	0	0.6363636363636364	0.6363636363636364	0.8246003264020063	0.8934247039493078	high
v1.1	SAMN48451385	155	FN	1003	Citrobacter spp.	75_to_100x	false	12	0	0.0	1.0	0.019011907462895737	0.0016524973571762811	high
v1.1	SAMN48541670	34	FN	25497	Enterococcus faecium	ge_100x	false	12	0	0.8181818181818182	0.8181818181818182	0.9584194035239814	0.6144319458217147	high
v1.1	SAMN48541670	36	FN	24094	Enterococcus faecium	ge_100x	false	12	0	0.8181818181818182	0.8181818181818182	0.9584194035239814	0.6144319458217147	high
v1.1	SAMN48541670	72	FN	7466	Enterococcus faecium	ge_100x	false	12	0	0.9090909090909091	0.9090909090909091	0.976121211009001	0.91037056935107	high
v1.1	SAMN48541670	73	FN	7454	Enterococcus faecium	ge_100x	false	12	0	0.9090909090909091	0.9090909090909091	0.976121211009001	0.91037056935107	high
v1.1	SAMN48541670	74	FN	7414	Enterococcus faecium	ge_100x	false	12	0	0.8181818181818182	0.8181818181818182	0.9584194035239814	0.5480665842795138	high
v1.1	SAMN48541670	75	FN	7402	Enterococcus faecium	ge_100x	true	12	0	0.75	0.75	0.9655381836056843	0.8949680816254132	high
v1.1	SAMN48541670	76	FN	7312	Enterococcus faecium	ge_100x	false	12	0	0.9090909090909091	0.9090909090909091	0.976121211009001	0.91037056935107	high
v1.1	SAMN48541670	83	FN	5700	Enterococcus faecium	ge_100x	true	12	0	0.9090909090909091	0.9090909090909091	0.976121211009001	0.91037056935107	high
v1.1	SAMN48541670	84	FN	5623	Enterococcus faecium	ge_100x	false	12	0	0.8181818181818182	0.8181818181818182	0.9760297891223917	0.886857869430843	high
v1.1	SAMN48541670	86	FN	5043	Enterococcus faecium	ge_100x	false	12	0	0.9	0.9	0.9992932156914133	0.5550020333331626	high
v1.1	SAMN48541670	89	FN	4790	Enterococcus faecium	ge_100x	true	12	0	0.9090909090909091	0.9090909090909091	0.976121211009001	0.91037056935107	high
v1.1	SAMN48541670	91	FN	4427	Enterococcus faecium	ge_100x	false	12	0	0.8333333333333334	0.8333333333333334	0.9929225458808841	0.9421291326617611	high
v1.1	SAMN48541670	92	FN	4422	Enterococcus faecium	ge_100x	false	12	0	0.7272727272727273	0.7272727272727273	0.9582631066501253	0.38449475944282185	high
v1.1	SAMN48541670	93	FN	4305	Enterococcus faecium	ge_100x	false	12	0	0.8181818181818182	0.8181818181818182	0.9584194035239814	0.5530924668064939	high
v1.1	SAMN48541670	94	FN	4186	Enterococcus faecium	ge_100x	false	12	0	0.8181818181818182	0.8181818181818182	0.9584194035239814	0.5530924668064939	high
v1.1	SAMN48541670	96	FN	4074	Enterococcus faecium	ge_100x	false	12	0	0.9090909090909091	0.9090909090909091	0.9966701551639537	0.856072254319335	high
v1.1	SAMN48541670	98	FN	4036	Enterococcus faecium	ge_100x	false	12	0	0.8181818181818182	0.8181818181818182	0.9760297891223917	0.8520584684399752	high
v1.1	SAMN48541670	99	FN	3869	Enterococcus faecium	ge_100x	false	12	0	0.9090909090909091	0.9090909090909091	0.976121211009001	0.8587316615886275	high
v1.1	SAMN48541670	100	FN	3678	Enterococcus faecium	ge_100x	false	12	0	1.0	1.0	0.9993511297168415	0.9274194814804455	high
v1.1	SAMN48541670	101	FN	3582	Enterococcus faecium	ge_100x	false	12	0	0.9090909090909091	0.9090909090909091	0.976121211009001	0.8587316615886275	high
v1.1	SAMN48541670	102	FN	3405	Enterococcus faecium	ge_100x	false	12	0	0.8181818181818182	0.8181818181818182	0.9584194035239814	0.4552446472569246	high
v1.1	SAMN48541670	104	FN	3258	Enterococcus faecium	ge_100x	false	12	0	0.9090909090909091	0.9090909090909091	0.976121211009001	0.8587316615886275	high
v1.1	SAMN48541670	105	FN	3223	Enterococcus faecium	ge_100x	false	12	0	0.8181818181818182	0.8181818181818182	0.9760297891223917	0.8520584684399752	high
v1.1	SAMN48541670	106	FN	3221	Enterococcus faecium	ge_100x	false	12	0	0.8	0.8	0.8445604366929245	0.4495762696513227	high
v1.1	SAMN48541670	108	FN	3106	Enterococcus faecium	ge_100x	false	12	0	0.8181818181818182	0.8181818181818182	0.9584194035239814	0.4552446472569246	high
v1.1	SAMN48541670	109	FN	3029	Enterococcus faecium	ge_100x	false	12	0	0.8181818181818182	0.8181818181818182	0.9584194035239814	0.4552446472569246	high
v1.1	SAMN48541670	110	FN	3020	Enterococcus faecium	ge_100x	false	12	0	0.7272727272727273	0.7272727272727273	0.8175024816909233	0.2966735814437225	high
v1.1	SAMN48541670	111	FN	2915	Enterococcus faecium	ge_100x	false	12	0	0.8181818181818182	0.8181818181818182	0.8881976497022714	0.8381616066050322	high
v1.1	SAMN48541670	112	FN	2845	Enterococcus faecium	ge_100x	true	12	0	0.9090909090909091	0.9090909090909091	0.976121211009001	0.8587316615886275	high
v1.1	SAMN48541670	115	FN	2654	Enterococcus faecium	ge_100x	false	12	0	0.8181818181818182	0.8181818181818182	0.9584194035239814	0.4552446472569246	high
v1.1	SAMN48541670	116	FN	2583	Enterococcus faecium	ge_100x	false	12	0	1.0	1.0	0.9993511297168415	0.9274194814804455	high
v1.1	SAMN48541670	118	FN	2412	Enterococcus faecium	ge_100x	false	12	0	0.7272727272727273	0.7272727272727273	0.9582631066501253	0.29580784493045664	high
v1.1	SAMN48541670	119	FN	2371	Enterococcus faecium	ge_100x	false	12	0	0.8181818181818182	0.8181818181818182	0.9760297891223917	0.8335878049418689	high
v1.1	SAMN48541670	120	FN	2273	Enterococcus faecium	ge_100x	false	12	0	0.8181818181818182	0.8181818181818182	0.9760297891223917	0.8335878049418689	high
v1.1	SAMN48541670	121	FN	2214	Enterococcus faecium	ge_100x	false	12	0	0.8181818181818182	0.8181818181818182	0.9760297891223917	0.8335878049418689	high
v1.1	SAMN48541670	123	FN	2121	Enterococcus faecium	ge_100x	false	12	0	0.7272727272727273	0.7272727272727273	0.9582631066501253	0.29580784493045664	high
v1.1	SAMN48541670	124	FN	2100	Enterococcus faecium	ge_100x	false	12	0	0.6363636363636364	0.6363636363636364	0.8252686979418431	0.2860713470850552	high
v1.1	SAMN48541670	125	FN	2100	Enterococcus faecium	ge_100x	false	12	0	0.7272727272727273	0.7272727272727273	0.8933479043144746	0.7021775261345994	high
v1.1	SAMN48541670	126	FN	2068	Enterococcus faecium	ge_100x	false	12	0	0.8181818181818182	0.8181818181818182	0.9584194035239814	0.4333667667518442	high
v1.1	SAMN48541670	127	FN	2007	Enterococcus faecium	ge_100x	false	12	0	0.6363636363636364	0.6363636363636364	0.9600615606038537	0.29580784493045664	high
v1.1	SAMN48541670	132	FN	1762	Enterococcus faecium	ge_100x	false	12	0	0.8	0.8	0.9056454774147001	0.8926436990019393	high
v1.1	SAMN48541670	133	FN	1747	Enterococcus faecium	ge_100x	false	12	0	0.8	0.8	0.9056454774147001	0.8926436990019393	high
v1.1	SAMN48541670	135	FN	1651	Enterococcus faecium	ge_100x	false	12	0	0.7272727272727273	0.7272727272727273	0.9582631066501253	0.31266740763829526	high
v1.1	SAMN48541670	138	FN	1504	Enterococcus faecium	ge_100x	false	12	0	0.8181818181818182	0.8181818181818182	0.9771684887504359	0.8329194256824276	high
v1.1	SAMN48541670	139	FN	1495	Enterococcus faecium	ge_100x	false	12	0	0.75	0.75	0.987146047145738	0.5511758995548853	high
v1.1	SAMN48541670	145	FN	1362	Enterococcus faecium	ge_100x	false	12	0	0.7272727272727273	0.7272727272727273	0.9582631066501253	0.31266740763829526	high
v1.1	SAMN48541670	148	FN	1249	Enterococcus faecium	ge_100x	false	12	0	0.8181818181818182	0.8181818181818182	0.9584194035239814	0.45302274014595245	high
v1.1	SAMN48541670	150	FN	1248	Enterococcus faecium	ge_100x	false	12	0	0.8181818181818182	0.8181818181818182	0.9760297891223917	0.844346970973892	high
v1.1	SAMN48541670	151	FN	1227	Enterococcus faecium	ge_100x	false	12	0	0.6363636363636364	0.6363636363636364	0.8252686979418431	0.3026144505381817	high
v1.1	SAMN48541670	154	FN	1108	Enterococcus faecium	ge_100x	false	12	0	0.8181818181818182	0.8181818181818182	0.8937203351298281	0.8262471624916715	high
v1.1	SAMN48668204	19	FN	38435	Enterococcus faecium	ge_100x	true	12	0	0.9090909090909091	0.9090909090909091	0.9988498180665119	0.5729783532890248	high
v1.1	SAMN48668204	50	FN	20321	Enterococcus faecium	ge_100x	false	12	0	0.8181818181818182	0.8181818181818182	0.9584194035239814	0.4827355241789921	high
v1.1	SAMN48668204	66	FN	13349	Enterococcus faecium	ge_100x	false	12	0	0.9090909090909091	0.9090909090909091	0.976121211009001	0.9298102287657625	high
v1.1	SAMN48668204	74	FN	10666	Enterococcus faecium	ge_100x	false	12	0	0.7	0.7	0.9220564628012747	0.36866994880985826	high
v1.1	SAMN48668204	75	FN	9669	Enterococcus faecium	ge_100x	false	12	0	0.9090909090909091	0.9090909090909091	0.976121211009001	0.8722531006071402	high
v1.1	SAMN48668204	76	FN	9508	Enterococcus faecium	ge_100x	false	12	0	1.0	1.0	0.9993511297168415	0.9348651654537883	high
v1.1	SAMN48668204	77	FN	9447	Enterococcus faecium	ge_100x	false	12	0	0.7272727272727273	0.7272727272727273	0.7600160144229514	0.21205765797758466	high
v1.1	SAMN48668204	79	FN	9316	Enterococcus faecium	ge_100x	false	12	0	1.0	1.0	0.9993511297168415	0.9348651654537883	high
v1.1	SAMN48668204	84	FN	8693	Enterococcus faecium	ge_100x	false	12	0	0.9090909090909091	0.9090909090909091	0.976121211009001	0.8722531006071402	high
v1.1	SAMN48668204	87	FN	8203	Enterococcus faecium	ge_100x	false	12	0	0.8	0.8	0.8445604366929245	0.4350897730339039	high
v1.1	SAMN48668204	88	FN	7786	Enterococcus faecium	ge_100x	false	12	0	0.9	0.9	0.9514953540315986	0.8883532413767673	high
v1.1	SAMN48668204	92	FN	6865	Enterococcus faecium	ge_100x	false	12	0	0.9090909090909091	0.9090909090909091	0.976121211009001	0.8684213988561268	high
v1.1	SAMN48668204	93	FN	6672	Enterococcus faecium	ge_100x	true	12	0	0.75	0.75	0.9655381836056843	0.8530378731781654	high
v1.1	SAMN48668204	94	FN	6646	Enterococcus faecium	ge_100x	false	12	0	0.8181818181818182	0.8181818181818182	0.9584194035239814	0.4407217477304493	high
v1.1	SAMN48668204	97	FN	6298	Enterococcus faecium	ge_100x	false	12	0	0.9090909090909091	0.9090909090909091	0.976121211009001	0.8684213988561268	high
v1.1	SAMN48668204	98	FN	6258	Enterococcus faecium	ge_100x	true	12	0	0.9090909090909091	0.9090909090909091	0.976121211009001	0.8684213988561268	high
v1.1	SAMN48668204	100	FN	6138	Enterococcus faecium	ge_100x	false	12	0	0.6666666666666666	0.6666666666666666	0.7840650748740505	0.08389023606483663	high
v1.1	SAMN48668204	101	FN	5881	Enterococcus faecium	ge_100x	false	12	0	0.8181818181818182	0.8181818181818182	0.8488630723085183	0.8060485981083086	high
v1.1	SAMN48668204	102	FN	5760	Enterococcus faecium	ge_100x	false	12	0	0.75	0.75	0.9492724375550261	0.7638000912865567	high
v1.1	SAMN48668204	103	FN	5685	Enterococcus faecium	ge_100x	false	12	0	0.8	0.8	0.5696980024516697	0.8582336083676007	high
v1.1	SAMN48668204	104	FN	5676	Enterococcus faecium	ge_100x	false	12	0	0.9	0.9	0.9029070398528599	0.8843938723503636	high
v1.1	SAMN48668204	106	FN	5262	Enterococcus faecium	ge_100x	false	12	0	0.9090909090909091	0.9090909090909091	0.9988498180665119	0.5103001057547083	high
v1.1	SAMN48668204	107	FN	5167	Enterococcus faecium	ge_100x	false	12	0	0.9090909090909091	0.9090909090909091	0.976121211009001	0.8684213988561268	high
v1.1	SAMN48668204	108	FN	5046	Enterococcus faecium	ge_100x	false	12	0	0.9090909090909091	0.9090909090909091	0.9952965484376111	0.8433891625434792	high
v1.1	SAMN48668204	111	FN	4815	Enterococcus faecium	ge_100x	false	12	0	0.9	0.9	0.9514953540315986	0.8883532413767673	high
v1.1	SAMN48668204	116	FN	4027	Enterococcus faecium	ge_100x	false	12	0	1.0	1.0	0.9995869254907979	0.9236336569285993	high
v1.1	SAMN48668204	117	FN	3958	Enterococcus faecium	ge_100x	false	12	0	0.8181818181818182	0.8181818181818182	0.9760297891223917	0.7891388931876211	high
v1.1	SAMN48668204	118	FN	3849	Enterococcus faecium	ge_100x	false	12	0	0.9	0.9	0.9029070398528599	0.8378120895521575	high
v1.1	SAMN48668204	124	FN	3326	Enterococcus faecium	ge_100x	false	12	0	0.9090909090909091	0.9090909090909091	0.976121211009001	0.7979772823185088	high
v1.1	SAMN48668204	125	FN	3307	Enterococcus faecium	ge_100x	false	12	0	0.8181818181818182	0.8181818181818182	0.9584194035239814	0.35192298908256864	high
v1.1	SAMN48668204	128	FN	2925	Enterococcus faecium	ge_100x	false	12	0	0.8181818181818182	0.8181818181818182	0.9760297891223917	0.7891388931876211	high
v1.1	SAMN48668204	129	FN	2747	Enterococcus faecium	ge_100x	false	12	0	0.9	0.9	0.9029070398528599	0.8378120895521575	high
v1.1	SAMN48668204	134	FN	2402	Enterococcus faecium	ge_100x	false	12	0	0.7272727272727273	0.7272727272727273	0.9582631066501253	0.21442826583797642	high
v1.1	SAMN48668204	135	FN	2373	Enterococcus faecium	ge_100x	false	12	0	0.8181818181818182	0.8181818181818182	0.9760297891223917	0.7649794304126	high
v1.1	SAMN48668204	136	FN	2172	Enterococcus faecium	ge_100x	true	12	0	0.8181818181818182	0.8181818181818182	0.9760297891223917	0.7649794304126	high
v1.1	SAMN48668204	138	FN	2033	Enterococcus faecium	ge_100x	false	12	0	0.6363636363636364	0.6363636363636364	0.7593012364223598	0.20086752162254973	high
v1.1	SAMN48668204	139	FN	2006	Enterococcus faecium	ge_100x	false	12	0	0.7	0.7	0.956457020611626	0.7087393466125336	high
v1.1	SAMN48668204	140	FN	1879	Enterococcus faecium	ge_100x	false	12	0	0.7272727272727273	0.7272727272727273	0.8483601213458016	0.6407423642723972	high
v1.1	SAMN48668204	143	FN	1772	Enterococcus faecium	ge_100x	false	12	0	0.9090909090909091	0.9090909090909091	0.9993485861116903	0.7970018149171245	high
v1.1	SAMN48668204	145	FN	1683	Enterococcus faecium	ge_100x	false	12	0	0.7272727272727273	0.7272727272727273	0.8483601213458016	0.6588672998537486	high
v1.1	SAMN48668204	158	FN	1314	Enterococcus faecium	ge_100x	false	12	0	0.7272727272727273	0.7272727272727273	0.8933479043144746	0.6349372387023224	high
v1.1	SAMN48668204	159	FN	1248	Enterococcus faecium	ge_100x	false	12	0	0.8	0.8	0.9529348266788944	0.8422830474601544	high
v1.1	SAMN48668204	170	FN	1006	Enterococcus faecium	ge_100x	false	12	0	0.5454545454545454	0.5454545454545454	0.3935474404745652	0.2139600647395701	high
v1.1	SAMN49384630	25	FN	37339	Enterococcus faecium	ge_100x	false	12	0	0.8181818181818182	0.8181818181818182	0.9584194035239814	0.5087204006005054	high
v1.1	SAMN49384630	32	FN	32092	Enterococcus faecium	ge_100x	false	12	0	0.8181818181818182	0.8181818181818182	0.9584194035239814	0.5087204006005054	high
v1.1	SAMN49384630	36	FN	28639	Enterococcus faecium	ge_100x	false	12	0	0.7272727272727273	0.7272727272727273	0.7600160144229514	0.24929971306092738	high
v1.1	SAMN49384630	62	FN	13447	Enterococcus faecium	ge_100x	false	12	0	0.8	0.8	0.919752115213786	0.5363755688450256	high
v1.1	SAMN49384630	65	FN	12042	Enterococcus faecium	ge_100x	false	12	0	0.8181818181818182	0.8181818181818182	0.8488630723085183	0.8142407572231117	high
v1.1	SAMN49384630	69	FN	10757	Enterococcus faecium	ge_100x	false	12	0	0.8181818181818182	0.8181818181818182	0.8488630723085183	0.8142407572231117	high
v1.1	SAMN49384630	72	FN	10458	Enterococcus faecium	ge_100x	false	12	0	0.0	1.0	0.019011907462895737	0.001830090611554166	high
v1.1	SAMN49384630	73	FN	10073	Enterococcus faecium	ge_100x	true	12	0	0.6363636363636364	0.6363636363636364	0.39448219766981507	0.21713587055315453	high
v1.1	SAMN49384630	77	FN	9302	Enterococcus faecium	ge_100x	false	12	0	0.0	1.0	0.004013241517556705	0.0011512493064297924	high
v1.1	SAMN49384630	81	FN	8817	Enterococcus faecium	ge_100x	false	12	0	0.7272727272727273	0.7272727272727273	0.9582631066501253	0.29153012661596817	high
v1.1	SAMN49384630	87	FN	7852	Enterococcus faecium	ge_100x	false	12	0	0.2	0.8	0.014520324261954938	0.0013283791384453957	high
v1.1	SAMN49384630	89	FN	6800	Enterococcus faecium	ge_100x	true	12	0	0.8181818181818182	0.8181818181818182	0.9584194035239814	0.4407217477304493	high
v1.1	SAMN49384630	90	FN	6646	Enterococcus faecium	ge_100x	false	12	0	0.8181818181818182	0.8181818181818182	0.9584194035239814	0.4407217477304493	high
v1.1	SAMN49384630	91	FN	6550	Enterococcus faecium	ge_100x	false	12	0	0.8181818181818182	0.8181818181818182	0.9584194035239814	0.4407217477304493	high
v1.1	SAMN49384630	93	FN	6353	Enterococcus faecium	ge_100x	false	12	0	0.9090909090909091	0.9090909090909091	0.9988498180665119	0.5052234832211744	high
v1.1	SAMN49384630	94	FN	6338	Enterococcus faecium	ge_100x	false	12	0	0.8	0.8	0.919752115213786	0.5288750737043378	high
v1.1	SAMN49384630	95	FN	6322	Enterococcus faecium	ge_100x	false	12	0	0.9090909090909091	0.9090909090909091	0.976121211009001	0.8684213988561268	high
v1.1	SAMN49384630	96	FN	6173	Enterococcus faecium	ge_100x	false	12	0	0.9090909090909091	0.9090909090909091	0.9988498180665119	0.5052234832211744	high
v1.1	SAMN49384630	100	FN	5906	Enterococcus faecium	ge_100x	false	12	0	0.1111111111111111	0.8888888888888888	0.005146278803228531	0.0016948451588021482	high
v1.1	SAMN49384630	101	FN	5695	Enterococcus faecium	ge_100x	false	12	0	0.8181818181818182	0.8181818181818182	0.8488630723085183	0.8060485981083086	high
v1.1	SAMN49384630	106	FN	5237	Enterococcus faecium	ge_100x	false	12	0	0.9	0.9	0.9514953540315986	0.8883532413767673	high
v1.1	SAMN49384630	107	FN	5224	Enterococcus faecium	ge_100x	false	12	0	0.0	1.0	0.0010125226022510867	0.001812240781315472	high
v1.1	SAMN49384630	108	FN	5056	Enterococcus faecium	ge_100x	false	12	0	0.9090909090909091	0.9090909090909091	0.976121211009001	0.8684213988561268	high
v1.1	SAMN49384630	109	FN	5054	Enterococcus faecium	ge_100x	false	12	0	0.6666666666666666	0.6666666666666666	0.7840650748740505	0.0854644847030891	high
v1.1	SAMN49384630	111	FN	4610	Enterococcus faecium	ge_100x	false	12	0	0.9090909090909091	0.9090909090909091	0.976121211009001	0.8684213988561268	high
v1.1	SAMN49384630	112	FN	4528	Enterococcus faecium	ge_100x	false	12	0	0.0	1.0	0.004013241517556705	0.0011748443176053903	high
v1.1	SAMN49384630	113	FN	4528	Enterococcus faecium	ge_100x	false	12	0	1.0	1.0	0.9993511297168415	0.9327667224820465	high
v1.1	SAMN49384630	114	FN	4461	Enterococcus faecium	ge_100x	false	12	0	0.8181818181818182	0.8181818181818182	0.9584194035239814	0.4457341273418065	high
v1.1	SAMN49384630	115	FN	4427	Enterococcus faecium	ge_100x	false	12	0	0.75	0.75	0.9492724375550261	0.7873586815693663	high
v1.1	SAMN49384630	116	FN	4422	Enterococcus faecium	ge_100x	false	12	0	0.7272727272727273	0.7272727272727273	0.7600160144229514	0.2154713481661654	high
v1.1	SAMN49384630	117	FN	4331	Enterococcus faecium	ge_100x	false	12	0	0.8	0.8	0.919752115213786	0.5339328881322516	high
v1.1	SAMN49384630	118	FN	4130	Enterococcus faecium	ge_100x	false	12	0	0.9090909090909091	0.9090909090909091	0.976121211009001	0.8684213988561268	high
v1.1	SAMN49384630	119	FN	4053	Enterococcus faecium	ge_100x	false	12	0	0.8181818181818182	0.8181818181818182	0.9760297891223917	0.7891388931876211	high
v1.1	SAMN49384630	120	FN	4010	Enterococcus faecium	ge_100x	false	12	0	0.75	0.75	0.9406882464325212	0.4147257247895045	high
v1.1	SAMN49384630	121	FN	4005	Enterococcus faecium	ge_100x	false	12	0	0.0	1.0	0.004013241517556705	0.0011748443176053903	high
v1.1	SAMN49384630	122	FN	3891	Enterococcus faecium	ge_100x	false	12	0	0.8	0.8	0.919752115213786	0.4361665327127485	high
v1.1	SAMN49384630	123	FN	3870	Enterococcus faecium	ge_100x	false	12	0	0.9090909090909091	0.9090909090909091	0.976121211009001	0.7979772823185088	high
v1.1	SAMN49384630	124	FN	3789	Enterococcus faecium	ge_100x	false	12	0	0.0	1.0	0.0005025181506132203	0.00033429076502390864	high
v1.1	SAMN49384630	126	FN	3637	Enterococcus faecium	ge_100x	false	12	0	0.9	0.9	0.9514953540315986	0.8430837647031937	high
v1.1	SAMN49384630	127	FN	3587	Enterococcus faecium	ge_100x	false	12	0	0.7272727272727273	0.7272727272727273	0.7600160144229514	0.2154713481661654	high
v1.1	SAMN49384630	128	FN	3405	Enterococcus faecium	ge_100x	false	12	0	0.8181818181818182	0.8181818181818182	0.9584194035239814	0.35192298908256864	high
v1.1	SAMN49384630	132	FN	2791	Enterococcus faecium	ge_100x	false	12	0	1.0	1.0	0.9993511297168415	0.8925075258633948	high
v1.1	SAMN49384630	134	FN	2747	Enterococcus faecium	ge_100x	false	12	0	0.9090909090909091	0.9090909090909091	0.976121211009001	0.7979772823185088	high
v1.1	SAMN49384630	138	FN	2354	Enterococcus faecium	ge_100x	false	12	0	0.8181818181818182	0.8181818181818182	0.9760297891223917	0.7649794304126	high
v1.1	SAMN49384630	139	FN	2271	Enterococcus faecium	ge_100x	false	12	0	0.7272727272727273	0.7272727272727273	0.8483601213458016	0.6407423642723972	high
v1.1	SAMN49384630	142	FN	2231	Enterococcus faecium	ge_100x	false	12	0	0.8181818181818182	0.8181818181818182	0.9760297891223917	0.7649794304126	high
v1.1	SAMN49384630	143	FN	2231	Enterococcus faecium	ge_100x	true	12	0	0.5833333333333334	0.5833333333333334	0.7431680099185886	0.3682389320189895	high
v1.1	SAMN49384630	144	FN	2170	Enterococcus faecium	ge_100x	false	12	0	0.8181818181818182	0.8181818181818182	0.9760297891223917	0.7649794304126	high
v1.1	SAMN49384630	146	FN	2007	Enterococcus faecium	ge_100x	false	12	0	0.7272727272727273	0.7272727272727273	0.9770809823080131	0.6162813375747407	high
v1.1	SAMN49384630	148	FN	1896	Enterococcus faecium	ge_100x	true	12	0	0.7272727272727273	0.7272727272727273	0.9582631066501253	0.21442826583797642	high
v1.1	SAMN49384630	153	FN	1800	Enterococcus faecium	ge_100x	false	12	0	0.8	0.8	0.9056454774147001	0.8438211798287509	high
v1.1	SAMN49384630	154	FN	1779	Enterococcus faecium	ge_100x	true	12	0	0.6363636363636364	0.6363636363636364	0.8923014615233407	0.629880675823485	high
v1.1	SAMN49384630	156	FN	1705	Enterococcus faecium	ge_100x	false	12	0	0.7272727272727273	0.7272727272727273	0.9582631066501253	0.22815234774400717	high
v1.1	SAMN49384630	157	FN	1699	Enterococcus faecium	ge_100x	true	12	0	0.8181818181818182	0.8181818181818182	0.9857017881103314	0.8823012488032587	high
v1.1	SAMN49384630	158	FN	1604	Enterococcus faecium	ge_100x	false	12	0	0.7	0.7	0.9220564628012747	0.2963142692994298	high
v1.1	SAMN49384630	160	FN	1523	Enterococcus faecium	ge_100x	false	12	0	0.6666666666666666	0.6666666666666666	0.8460108058394284	0.8015535199466604	high
v1.1	SAMN49384630	166	FN	1479	Enterococcus faecium	ge_100x	false	12	0	0.09090909090909091	0.9090909090909091	0.013355287801932665	0.014228421890125452	high
v1.1	SAMN49384630	168	FN	1474	Enterococcus faecium	ge_100x	false	12	0	0.7	0.7	0.9220564628012747	0.2963142692994298	high
v1.1	SAMN49384630	169	FN	1474	Enterococcus faecium	ge_100x	false	12	0	0.6363636363636364	0.6363636363636364	0.8252686979418431	0.22815234774400717	high
v1.1	SAMN49384630	172	FN	1378	Enterococcus faecium	ge_100x	false	12	0	0.6666666666666666	0.6666666666666666	0.5191034953371234	0.8015535199466604	high
v1.1	SAMN49384630	174	FN	1354	Enterococcus faecium	ge_100x	false	12	0	0.7777777777777778	0.7777777777777778	0.8290234405911397	0.8015535199466604	high
v1.1	SAMN49384630	178	FN	1248	Enterococcus faecium	ge_100x	false	12	0	0.8181818181818182	0.8181818181818182	0.9760297891223917	0.7789983624311053	high
v1.1	SAMN49384630	181	FN	1193	Enterococcus faecium	ge_100x	false	12	0	0.6363636363636364	0.6363636363636364	0.6194629902269139	0.629880675823485	high
v1.1	SAMN49384630	185	FN	1009	Enterococcus faecium	ge_100x	false	12	0	0.7	0.7	0.8486686844154954	0.2241481036445486	high
v1.1	SAMN49384630	187	FN	1005	Enterococcus faecium	ge_100x	false	12	0	0.6363636363636364	0.6363636363636364	0.8252686979418431	0.22815234774400717	high
v1.1	SAMN49850456	11	FN	9293	Citrobacter spp.	ge_100x	false	12	0	1.0	1.0	0.999822425133984	0.9040251157186696	high
v1.1	SAMN49947234	50	FN	6609	Enterococcus faecium	ge_100x	false	12	0	0.6666666666666666	0.6666666666666666	0.7840650748740505	0.761496746203756	high
v1.1	SAMN49947234	52	FN	6250	Enterococcus faecium	ge_100x	false	12	0	0.6363636363636364	0.6363636363636364	0.8169176780525376	0.9327430698853513	high
v1.1	SAMN49947234	55	FN	5814	Enterococcus faecium	ge_100x	false	12	0	0.7272727272727273	0.7272727272727273	0.8258325137717292	0.9257508404174581	high
v1.1	SAMN49947234	56	FN	5174	Enterococcus faecium	ge_100x	false	12	0	0.36363636363636365	0.6363636363636364	0.9139151480889973	0.7823251751800582	high
v1.1	SAMN49947234	57	FN	5123	Enterococcus faecium	ge_100x	false	12	0	0.5454545454545454	0.5454545454545454	0.45045520157690894	0.6441736227224095	high
v1.1	SAMN49947234	61	FN	4067	Enterococcus faecium	ge_100x	false	12	0	0.6363636363636364	0.6363636363636364	0.8242539482520607	0.905273726303409	high
v1.1	SAMN49947234	66	FN	3191	Enterococcus faecium	ge_100x	false	12	0	0.7272727272727273	0.7272727272727273	0.8175024816909233	0.905273726303409	high
v1.1	SAMN49947234	67	FN	3132	Enterococcus faecium	ge_100x	false	12	0	0.7272727272727273	0.7272727272727273	0.8258325137717292	0.8957449020806686	high
v1.1	SAMN49947234	69	FN	2600	Enterococcus faecium	ge_100x	false	12	0	0.6363636363636364	0.6363636363636364	0.7682914022582797	0.9271227831462956	high
v1.1	SAMN49947234	70	FN	2353	Enterococcus faecium	ge_100x	false	12	0	0.7272727272727273	0.7272727272727273	0.887808295433477	0.9505972431332407	high
v1.1	SAMN49947234	75	FN	1643	Enterococcus faecium	ge_100x	false	12	0	0.75	0.75	0.868993273587535	0.9005737628204598	high
v1.1	SAMN49947234	79	FN	1527	Enterococcus faecium	ge_100x	false	12	0	0.7	0.7	0.9220564628012747	0.9362324090342802	high
v1.1	SAMN49947234	82	FP	1387	Enterococcus faecium	ge_100x	false	12	0	0.7	0.7	0.5774360994936356	0.9773358989893424	high
v1.1	SAMN50584031	69	FP	8787	Enterobacter spp.	75_to_100x	false	12	0	0.8181818181818182	0.8181818181818182	0.9343710701839543	0.979702329928501	high
v1.1	SAMN50584031	95	FN	1839	Enterobacter spp.	75_to_100x	false	12	0	0.4	0.6	0.28784870065228013	0.8855903528357424	high
v1.1	SAMN50584031	101	FN	1467	Enterobacter spp.	75_to_100x	false	12	0	0.4166666666666667	0.5833333333333334	0.9674910531027611	0.9283915868745917	high
v1.1	SAMN50584031	102	FN	1464	Enterobacter spp.	75_to_100x	false	12	0	0.6666666666666666	0.6666666666666666	0.7889023520731259	0.9395101218024469	high
v1.1	SAMN50584031	107	FN	1220	Enterobacter spp.	75_to_100x	false	12	0	0.36363636363636365	0.6363636363636364	0.34269161010499044	0.7557329153056801	high
v1.1	SAMN50713126	17	FN	3526	Citrobacter spp.	75_to_100x	true	12	0	0.9166666666666666	0.9166666666666666	0.9931544050611385	0.8643274901155388	high
v1.1	SAMN50713126	18	FN	3376	Citrobacter spp.	75_to_100x	false	12	0	0.75	0.75	0.998310953729748	0.9457136714406867	high
v1.1	SAMN50713126	19	FN	2313	Citrobacter spp.	75_to_100x	false	12	0	0.8333333333333334	0.8333333333333334	0.9929225458808841	0.8458366590620616	high
v1.1	SAMN50713126	20	FN	2231	Citrobacter spp.	75_to_100x	true	12	0	0.8333333333333334	0.8333333333333334	0.9929225458808841	0.8458366590620616	high
v1.1	SAMN50713126	21	FN	1653	Citrobacter spp.	75_to_100x	true	12	0	0.6666666666666666	0.6666666666666666	0.84091765654465	0.9075533404476234	high
v1.1	SAMN50713126	23	FN	1201	Citrobacter spp.	75_to_100x	false	12	0	0.8181818181818182	0.8181818181818182	0.9703096995214244	0.950857734568173	high
v1.1	SAMN51335551	25	FN	72263	Citrobacter spp.	75_to_100x	false	12	0	0.75	0.75	0.9137413354205492	0.9389493446683005	high
v1.1	SAMN51335551	37	FP	22779	Citrobacter spp.	75_to_100x	false	12	0	0.75	0.75	0.7944342199327958	0.9782389051005506	high
v1.1	SAMN51335551	69	FN	3187	Citrobacter spp.	75_to_100x	true	12	0	0.7272727272727273	0.7272727272727273	0.9749197634439232	0.9468184715404284	high
v1.1	SAMN51335551	71	FN	2242	Citrobacter spp.	75_to_100x	false	12	0	0.6666666666666666	0.6666666666666666	0.9500513350318119	0.9443128630214459	high
v1.1	SAMN51335551	87	FN	1016	Citrobacter spp.	75_to_100x	false	12	0	0.6363636363636364	0.6363636363636364	0.8831021646495479	0.9485202026373054	high
v1.1	SAMN51335576	36	FN	32864	Enterobacter spp.	75_to_100x	true	12	0	0.75	0.75	0.7849934510745252	0.7152959648030646	high
v1.1	SAMN51335576	48	FN	13977	Enterobacter spp.	75_to_100x	false	12	0	0.75	0.75	0.7849934510745252	0.5019847779134418	high
v1.1	SAMN51335576	49	FN	11945	Enterobacter spp.	75_to_100x	false	12	0	0.5	0.5	0.9956109046684241	0.7729173671717171	high
v1.1	SAMN51335576	50	FN	11531	Enterobacter spp.	75_to_100x	false	12	0	0.6363636363636364	0.6363636363636364	0.18336701473265307	0.2922023285050998	high
v1.1	SAMN51335576	51	FN	11355	Enterobacter spp.	75_to_100x	false	12	0	0.75	0.75	0.7849934510745252	0.5019847779134418	high
v1.1	SAMN51335576	53	FN	7781	Enterobacter spp.	75_to_100x	false	12	0	0.8333333333333334	0.8333333333333334	0.9647539237935542	0.8446043775617385	high
v1.1	SAMN51335576	55	FN	6360	Enterobacter spp.	75_to_100x	false	12	0	0.7272727272727273	0.7272727272727273	0.4669708707795387	0.49602081794556074	high
v1.1	SAMN51335576	56	FN	5611	Enterobacter spp.	75_to_100x	false	12	0	0.75	0.75	0.7944342199327958	0.4084626164806429	high
v1.1	SAMN51335576	60	FN	2961	Enterobacter spp.	75_to_100x	false	12	0	0.4166666666666667	0.5833333333333334	0.8530807746042097	0.36570458159591257	high
v1.1	SAMN51335576	62	FN	1774	Enterobacter spp.	75_to_100x	false	12	0	0.6363636363636364	0.6363636363636364	0.6194629902269139	0.44958839712131315	high
v1.1	SAMN51335576	67	FN	1250	Enterobacter spp.	75_to_100x	false	12	0	0.2727272727272727	0.7272727272727273	0.6022492638104996	0.011653634308451082	high
router	SAMD00499712	128	FN	2868	Citrobacter spp.	50_to_75x	false	12	0	0.6363636363636364	0.6363636363636364	0.8242539482520607	0.2966735814437225	high
router	SAMD00565567	44	FN	22197	Enterococcus faecium	75_to_100x	false	12	0	0.6363636363636364	0.6363636363636364	0.7593012364223598	0.24929971306092738	high
router	SAMD00565567	59	FN	14645	Enterococcus faecium	75_to_100x	false	12	0	0.7272727272727273	0.7272727272727273	0.7600160144229514	0.21713587055315453	high
router	SAMD00565567	84	FN	8300	Enterococcus faecium	75_to_100x	false	12	0	0.7272727272727273	0.7272727272727273	0.8483601213458016	0.6722004853130973	high
router	SAMD00565567	88	FN	7428	Enterococcus faecium	75_to_100x	false	12	0	0.6666666666666666	0.6666666666666666	0.4146671239479616	0.08389023606483663	high
router	SAMD00565567	91	FN	6668	Enterococcus faecium	75_to_100x	false	12	0	0.6363636363636364	0.6363636363636364	0.8169176780525376	0.2845668052551718	high
router	SAMD00565567	92	FN	6421	Enterococcus faecium	75_to_100x	false	12	0	0.7	0.7	0.6977069436403512	0.3616850906639446	high
router	SAMD00565567	110	FN	4420	Enterococcus faecium	75_to_100x	false	12	0	0.7272727272727273	0.7272727272727273	0.7600160144229514	0.2154713481661654	high
router	SAMD00565567	112	FN	4372	Enterococcus faecium	75_to_100x	false	12	0	0.7272727272727273	0.7272727272727273	0.8175024816909233	0.28872003683064335	high
router	SAMD00565567	118	FN	3663	Enterococcus faecium	75_to_100x	true	12	0	0.8181818181818182	0.8181818181818182	0.8937203351298281	0.7747394878307946	high
router	SAMD00565567	122	FN	3403	Enterococcus faecium	75_to_100x	false	12	0	0.8	0.8	0.919752115213786	0.4361665327127485	high
router	SAMD00565567	123	FN	3330	Enterococcus faecium	75_to_100x	false	12	0	0.7	0.7	0.8030443944307281	0.7324491154537194	high
router	SAMD00565567	128	FN	2697	Enterococcus faecium	75_to_100x	false	12	0	0.8	0.8	0.919752115213786	0.4361665327127485	high
router	SAMD00565567	134	FN	2273	Enterococcus faecium	75_to_100x	false	12	0	0.6363636363636364	0.6363636363636364	0.7593012364223598	0.20086752162254973	high
router	SAMD00565567	140	FN	1940	Enterococcus faecium	75_to_100x	false	12	0	0.7777777777777778	0.7777777777777778	0.8290234405911397	0.7885770309259507	high
router	SAMD00565567	141	FN	1918	Enterococcus faecium	75_to_100x	true	12	0	0.45454545454545453	0.5454545454545454	0.08394183598879341	0.12818288956295684	high
router	SAMD00565567	144	FN	1829	Enterococcus faecium	75_to_100x	false	12	0	0.7	0.7	0.9220564628012747	0.27997730877448457	high
router	SAMD00565567	147	FN	1703	Enterococcus faecium	75_to_100x	true	12	0	0.8	0.8	0.9420308381334653	0.9199380248267619	high
router	SAMD00565567	149	FN	1545	Enterococcus faecium	75_to_100x	false	12	0	0.7272727272727273	0.7272727272727273	0.8483601213458016	0.6588672998537486	high
router	SAMD00565567	151	FN	1487	Enterococcus faecium	75_to_100x	false	12	0	0.8	0.8	0.9056454774147001	0.8438211798287509	high
router	SAMD00565567	154	FN	1425	Enterococcus faecium	75_to_100x	false	12	0	0.6363636363636364	0.6363636363636364	0.5350721749515018	0.6588672998537486	high
router	SAMD00565567	157	FN	1364	Enterococcus faecium	75_to_100x	false	12	0	0.6363636363636364	0.6363636363636364	0.8252686979418431	0.22815234774400717	high
router	SAMD00565567	158	FN	1355	Enterococcus faecium	75_to_100x	false	12	0	0.6363636363636364	0.6363636363636364	0.8252686979418431	0.22815234774400717	high
router	SAMD00565567	159	FN	1339	Enterococcus faecium	75_to_100x	true	12	0	0.8	0.8	0.9420308381334653	0.9199380248267619	high
router	SAMD00565567	162	FN	1249	Enterococcus faecium	75_to_100x	false	12	0	0.7272727272727273	0.7272727272727273	0.8483601213458016	0.6588672998537486	high
router	SAMD00565567	163	FN	1238	Enterococcus faecium	75_to_100x	false	12	0	0.6363636363636364	0.6363636363636364	0.8252686979418431	0.22815234774400717	high
router	SAMD00565567	165	FN	1083	Enterococcus faecium	75_to_100x	false	12	0	0.7	0.7	0.8118825015391135	0.7249066052856756	high
router	SAMD00565567	166	FN	1075	Enterococcus faecium	75_to_100x	false	12	0	0.7	0.7	0.9220564628012747	0.2963142692994298	high
router	SAMD00577372	21	FN	55848	Enterococcus faecium	ge_100x	true	12	0	0.6666666666666666	0.6666666666666666	0.84091765654465	0.9483005706731379	high
router	SAMD00577372	30	FN	19566	Enterococcus faecium	ge_100x	true	12	0	0.75	0.75	0.8453536497494889	0.937056872346118	high
router	SAMD00577372	35	FN	10012	Enterococcus faecium	ge_100x	true	12	0	0.9090909090909091	0.9090909090909091	0.976121211009001	0.7915139874454217	high
router	SAMD00577372	37	FN	7622	Enterococcus faecium	ge_100x	false	12	0	0.7272727272727273	0.7272727272727273	0.8258325137717292	0.5153242777171051	high
router	SAMD00577372	38	FN	7538	Enterococcus faecium	ge_100x	true	12	0	0.9090909090909091	0.9090909090909091	0.976121211009001	0.5443729902053174	high
router	SAMD00577372	39	FN	6960	Enterococcus faecium	ge_100x	false	12	0	0.8181818181818182	0.8181818181818182	0.8937203351298281	0.4895592636604442	high
router	SAMD00577372	42	FN	5847	Enterococcus faecium	ge_100x	false	12	0	0.8181818181818182	0.8181818181818182	0.8881976497022714	0.48412510241078377	high
router	SAMD00577372	44	FN	5278	Enterococcus faecium	ge_100x	true	12	0	0.6363636363636364	0.6363636363636364	0.4503306221323281	0.35899409985182373	high
router	SAMD00577372	47	FN	4186	Enterococcus faecium	ge_100x	true	12	0	0.9166666666666666	0.9166666666666666	0.9931544050611385	0.9007032353933848	high
router	SAMD00577372	49	FN	3685	Enterococcus faecium	ge_100x	true	12	0	0.5833333333333334	0.5833333333333334	0.9506805552025154	0.27440079067712975	high
router	SAMD00577372	52	FN	2768	Enterococcus faecium	ge_100x	false	12	0	0.8181818181818182	0.8181818181818182	0.8881976497022714	0.38788856277136696	high
router	SAMD00577372	55	FN	2310	Enterococcus faecium	ge_100x	true	12	0	0.36363636363636365	0.6363636363636364	0.965894039127876	0.13522291146760412	high
router	SAMD00577372	56	FN	2304	Enterococcus faecium	ge_100x	false	12	0	0.6363636363636364	0.6363636363636364	0.8169176780525376	0.43635473609691644	high
router	SAMD00577372	58	FN	2020	Enterococcus faecium	ge_100x	true	12	0	0.6363636363636364	0.6363636363636364	0.6194629902269139	0.2710084882712125	high
router	SAMD00577372	59	FN	1896	Enterococcus faecium	ge_100x	false	12	0	0.6666666666666666	0.6666666666666666	0.5048983372430645	0.25888389390362054	high
router	SAMD00577372	60	FN	1840	Enterococcus faecium	ge_100x	true	12	0	0.8333333333333334	0.8333333333333334	0.9929225458808841	0.6671276352791078	high
router	SAMD00577372	61	FN	1780	Enterococcus faecium	ge_100x	false	12	0	0.6363636363636364	0.6363636363636364	0.6194629902269139	0.3060186272604474	high
router	SAMD00577373	24	FN	12731	Enterococcus faecalis	50_to_75x	true	12	0	0.6363636363636364	0.6363636363636364	0.8252686979418431	0.5937635047887181	high
router	SAMD00623430	68	FN	12331	Enterococcus faecium	ge_100x	true	12	0	0.7272727272727273	0.7272727272727273	0.8483601213458016	0.7983757035910914	high
router	SAMD00623430	71	FN	10666	Enterococcus faecium	ge_100x	false	12	0	0.6363636363636364	0.6363636363636364	0.7593012364223598	0.3367781134262019	high
router	SAMD00623430	93	FN	6138	Enterococcus faecium	ge_100x	false	12	0	0.6666666666666666	0.6666666666666666	0.46943185639990775	0.6491424938371059	high
router	SAMD00623430	104	FN	4814	Enterococcus faecium	ge_100x	false	12	0	0.8181818181818182	0.8181818181818182	0.8488630723085183	0.8838378924585432	high
router	SAMD00623430	105	FN	4410	Enterococcus faecium	ge_100x	false	12	0	0.7272727272727273	0.7272727272727273	0.8483601213458016	0.7896646183346219	high
router	SAMD00623430	112	FN	3275	Enterococcus faecium	ge_100x	true	12	0	0.4166666666666667	0.5833333333333334	0.2126585469214157	0.5953768564262293	high
router	SAMD00623430	122	FN	1835	Enterococcus faecium	ge_100x	false	12	0	0.6363636363636364	0.6363636363636364	0.5209033701734538	0.761620834959316	high
router	SAMD00748008	20	FN	51345	Enterococcus faecalis	ge_100x	true	12	0	0.5	0.5	0.7843329391739225	0.5153300305421361	high
router	SAMEA117852477	29	FN	30442	Enterococcus faecium	75_to_100x	false	12	0	0.7272727272727273	0.7272727272727273	0.5218803117744132	0.8731339774135084	high
router	SAMEA117852477	56	FN	11217	Enterococcus faecium	75_to_100x	false	12	0	0.8888888888888888	0.8888888888888888	0.8181153136535995	0.9351771241381913	high
router	SAMEA117852477	58	FN	10636	Enterococcus faecium	75_to_100x	false	12	0	0.7272727272727273	0.7272727272727273	0.8258325137717292	0.40881230423598414	high
router	SAMEA117852477	66	FN	9306	Enterococcus faecium	75_to_100x	false	12	0	0.8181818181818182	0.8181818181818182	0.8488630723085183	0.8838378924585432	high
router	SAMEA117852477	72	FN	8077	Enterococcus faecium	75_to_100x	false	12	0	0.6	0.6	0.7043377449205257	0.4658127985726866	high
router	SAMEA117852477	84	FN	5565	Enterococcus faecium	75_to_100x	false	12	0	0.75	0.75	0.7896899118601343	0.12108165873732847	high
router	SAMEA117852477	97	FN	3344	Enterococcus faecium	75_to_100x	false	12	0	0.7272727272727273	0.7272727272727273	0.7600160144229514	0.3345884192060537	high
router	SAMEA117852477	101	FN	3183	Enterococcus faecium	75_to_100x	false	12	0	0.7272727272727273	0.7272727272727273	0.8483601213458016	0.7896646183346219	high
router	SAMEA117852477	110	FN	2303	Enterococcus faecium	75_to_100x	false	12	0	0.7272727272727273	0.7272727272727273	0.8483601213458016	0.7655474948526491	high
router	SAMEA117852477	112	FN	2229	Enterococcus faecium	75_to_100x	false	12	0	0.7272727272727273	0.7272727272727273	0.8933479043144746	0.7021775261345994	high
router	SAMEA117852477	126	FN	1355	Enterococcus faecium	75_to_100x	false	12	0	0.6	0.6	0.8510556566253494	0.3275364191991451	high
router	SAMEA117852477	128	FN	1328	Enterococcus faecium	75_to_100x	false	12	0	0.7272727272727273	0.7272727272727273	0.8483601213458016	0.7795423071588461	high
router	SAMEA117852477	129	FN	1180	Enterococcus faecium	75_to_100x	false	12	0	0.45454545454545453	0.5454545454545454	0.08394183598879341	0.20563996890429803	high
router	SAMN10435561	27	FN	9755	Citrobacter spp.	ge_100x	true	12	0	0.8333333333333334	0.8333333333333334	0.9508635198395291	0.1981853306675297	high
router	SAMN10435561	28	FN	6727	Citrobacter spp.	ge_100x	true	12	0	0.75	0.75	0.9492724375550261	0.23702654671400236	high
router	SAMN10435561	29	FN	4965	Citrobacter spp.	ge_100x	true	12	0	0.8333333333333334	0.8333333333333334	0.9508635198395291	0.1981853306675297	high
router	SAMN10435561	33	FN	3745	Citrobacter spp.	ge_100x	true	12	0	0.8333333333333334	0.8333333333333334	0.9929225458808841	0.4453815192866212	high
router	SAMN10435561	34	FN	2600	Citrobacter spp.	ge_100x	true	12	0	0.75	0.75	0.9492724375550261	0.1781228784396463	high
router	SAMN10435561	36	FN	2186	Citrobacter spp.	ge_100x	true	12	0	0.8333333333333334	0.8333333333333334	0.9929225458808841	0.37539711176098517	high
router	SAMN10435561	38	FN	2061	Citrobacter spp.	ge_100x	false	12	0	0.7	0.7	0.7759819264665878	0.2590949518792718	high
router	SAMN10435561	39	FN	1853	Citrobacter spp.	ge_100x	true	12	0	0.8	0.8	0.9420308381334653	0.22834390851128541	high
router	SAMN10435572	52	FN	23802	Citrobacter spp.	50_to_75x	false	12	0	0.7272727272727273	0.7272727272727273	0.5674115540245327	0.9882907218430401	high
router	SAMN10435572	54	FP	21055	Citrobacter spp.	50_to_75x	false	12	0	0.8181818181818182	0.8181818181818182	0.9699349148543481	0.9793439915023808	high
router	SAMN10435572	58	FN	14281	Citrobacter spp.	50_to_75x	false	12	0	0.75	0.75	0.8299760205088481	0.9344920339911679	high
router	SAMN10435572	75	FN	4400	Citrobacter spp.	50_to_75x	false	12	0	0.75	0.75	0.8453536497494889	0.9660128400747513	high
router	SAMN10435572	76	FP	4255	Citrobacter spp.	50_to_75x	false	12	0	0.5	0.5	0.9873709147351248	0.9698190978993854	high
router	SAMN10435572	97	FN	1367	Citrobacter spp.	50_to_75x	false	12	0	0.6363636363636364	0.6363636363636364	0.8252686979418431	0.902588745154687	high
router	SAMN10435572	99	FP	1329	Citrobacter spp.	50_to_75x	false	12	0	0.5	0.5	0.9975107036737277	0.9614974566003511	high
router	SAMN12405233	15	FN	3461	Serratia spp.	75_to_100x	false	11	1	0.45454545454545453	0.5454545454545454	0.7413685061094392	0.1888627834674307	high
router	SAMN13382572	41	FN	23377	Klebsiella pneumoniae	50_to_75x	false	12	0	0.75	0.75	0.7944342199327958	0.9782389051005506	high
router	SAMN13382572	64	FN	5357	Klebsiella pneumoniae	50_to_75x	false	12	0	0.36363636363636365	0.6363636363636364	0.7009887745497694	0.5232434687980169	high
router	SAMN13382572	69	FN	4253	Klebsiella pneumoniae	50_to_75x	false	12	0	0.5833333333333334	0.5833333333333334	0.5344900231595623	0.960250585107899	high
router	SAMN13382572	84	FN	2085	Klebsiella pneumoniae	50_to_75x	false	12	0	0.6666666666666666	0.6666666666666666	0.9150169547806626	0.9090629499823691	high
router	SAMN13382572	88	FN	1743	Klebsiella pneumoniae	50_to_75x	false	12	0	0.4	0.6	0.7374240852756336	0.8028321925364313	high
router	SAMN13382572	96	FN	1101	Klebsiella pneumoniae	50_to_75x	false	12	0	0.5833333333333334	0.5833333333333334	0.9123720989070611	0.9333328086697654	high
router	SAMN13382572	99	FN	1021	Klebsiella pneumoniae	50_to_75x	false	12	0	0.6666666666666666	0.6666666666666666	0.9110606383483703	0.9333328086697654	high
router	SAMN13382579	23	FN	17967	Klebsiella pneumoniae	50_to_75x	false	12	0	0.6666666666666666	0.6666666666666666	0.6790244802303577	0.9289561530208983	high
router	SAMN13382579	25	FN	13603	Klebsiella pneumoniae	50_to_75x	false	12	0	0.6666666666666666	0.6666666666666666	0.7495178318541625	0.9607584200645353	high
router	SAMN13382579	27	FN	12147	Klebsiella pneumoniae	50_to_75x	false	12	0	0.75	0.75	0.8299760205088481	0.9541418154722252	high
router	SAMN13382579	30	FN	7844	Klebsiella pneumoniae	50_to_75x	false	12	0	0.6666666666666666	0.6666666666666666	0.46943185639990775	0.9363874745898759	high
router	SAMN13382579	46	FN	3233	Klebsiella pneumoniae	50_to_75x	false	12	0	0.4166666666666667	0.5833333333333334	0.49745230763798026	0.11143281225775341	high
router	SAMN13382579	56	FN	2198	Klebsiella pneumoniae	50_to_75x	false	12	0	0.25	0.75	0.2524849894255612	0.006789282367002052	high
router	SAMN13382579	57	FN	2159	Klebsiella pneumoniae	50_to_75x	false	12	0	0.5454545454545454	0.5454545454545454	0.44936173666691653	0.9297931059548941	high
router	SAMN13382579	59	FN	2010	Klebsiella pneumoniae	50_to_75x	false	12	0	0.6	0.6	0.9038755821443648	0.9672499915437364	high
router	SAMN13382579	60	FN	1994	Klebsiella pneumoniae	50_to_75x	false	12	0	0.5454545454545454	0.5454545454545454	0.44936173666691653	0.9297931059548941	high
router	SAMN13382579	70	FN	1639	Klebsiella pneumoniae	50_to_75x	false	12	0	0.8	0.8	0.770434191706484	0.9853611145531666	high
router	SAMN13382579	71	FN	1613	Klebsiella pneumoniae	50_to_75x	false	12	0	0.2727272727272727	0.7272727272727273	0.7439602219814591	0.023185008339460404	high
router	SAMN13382579	84	FN	1197	Klebsiella pneumoniae	50_to_75x	false	12	0	0.45454545454545453	0.5454545454545454	0.38302576817414785	0.8816671184950141	high
router	SAMN13382579	85	FN	1157	Klebsiella pneumoniae	50_to_75x	false	12	0	0.36363636363636365	0.6363636363636364	0.907071578704717	0.9448747238277272	high
router	SAMN13382581	60	FN	8653	Klebsiella pneumoniae	ge_100x	false	12	0	0.3333333333333333	0.6666666666666666	0.7627687191722259	0.4216066938720493	high
router	SAMN13382581	61	FN	8564	Klebsiella pneumoniae	ge_100x	false	12	0	0.75	0.75	0.8453536497494889	0.9739952715842103	high
router	SAMN13382581	64	FN	5807	Klebsiella pneumoniae	ge_100x	false	12	0	0.5	0.5	0.7843329391739225	0.9373291515434047	high
router	SAMN13382581	73	FN	3982	Klebsiella pneumoniae	ge_100x	false	12	0	0.7272727272727273	0.7272727272727273	0.8705147387133599	0.9784233548160034	high
router	SAMN13382581	75	FN	3368	Klebsiella pneumoniae	ge_100x	false	12	0	0.3333333333333333	0.6666666666666666	0.38549230572859566	0.33435682615047735	high
router	SAMN13382581	78	FN	2921	Klebsiella pneumoniae	ge_100x	false	12	0	0.3333333333333333	0.6666666666666666	0.024711780572106334	0.7312631469359604	high
router	SAMN13382581	85	FN	1920	Klebsiella pneumoniae	ge_100x	false	12	0	0.16666666666666666	0.8333333333333334	0.08205545950840865	0.0057115192985499235	high
router	SAMN13382581	88	FN	1855	Klebsiella pneumoniae	ge_100x	false	12	0	0.6363636363636364	0.6363636363636364	0.8831021646495479	0.929360785061903	high
router	SAMN13382581	92	FN	1340	Klebsiella pneumoniae	ge_100x	false	12	0	0.45454545454545453	0.5454545454545454	0.07533192841157481	0.9106673056161115	high
router	SAMN13382581	93	FN	1331	Klebsiella pneumoniae	ge_100x	false	12	0	0.08333333333333333	0.9166666666666666	0.01874023391234934	0.0055784346897578985	high
router	SAMN13382597	54	FN	19616	Klebsiella pneumoniae	50_to_75x	false	12	0	0.6666666666666666	0.6666666666666666	0.6790244802303577	0.9320508522207469	high
router	SAMN13382597	57	FN	18909	Klebsiella pneumoniae	50_to_75x	false	12	0	0.75	0.75	0.9137413354205492	0.9342878144895005	high
router	SAMN13382597	67	FN	11979	Klebsiella pneumoniae	50_to_75x	false	12	0	0.6666666666666666	0.6666666666666666	0.6790244802303577	0.9289561530208983	high
router	SAMN13382597	71	FN	8377	Klebsiella pneumoniae	50_to_75x	false	12	0	0.75	0.75	0.9137413354205492	0.9324135752714592	high
router	SAMN13382597	74	FN	5876	Klebsiella pneumoniae	50_to_75x	false	12	0	0.6666666666666666	0.6666666666666666	0.7276803953935368	0.8527666822074961	high
router	SAMN13382597	99	FN	1578	Klebsiella pneumoniae	50_to_75x	false	12	0	0.6666666666666666	0.6666666666666666	0.7792781134159518	0.9409403174460156	high
router	SAMN17766463	30	FN	18431	Klebsiella pneumoniae	30_to_50x	false	12	0	0.6666666666666666	0.6666666666666666	0.7495178318541625	0.8766849913096723	high
router	SAMN17766463	37	FN	7863	Klebsiella pneumoniae	30_to_50x	false	12	0	0.6666666666666666	0.6666666666666666	0.4146671239479616	0.2669992335398035	high
router	SAMN17766463	39	FN	6595	Klebsiella pneumoniae	30_to_50x	false	12	0	0.75	0.75	0.5641119225002442	0.2733595202089573	high
router	SAMN17766463	41	FN	4718	Klebsiella pneumoniae	30_to_50x	false	12	0	0.6666666666666666	0.6666666666666666	0.7792781134159518	0.29461129758733695	high
router	SAMN17766463	43	FN	4327	Klebsiella pneumoniae	30_to_50x	false	12	0	0.75	0.75	0.7849934510745252	0.29461129758733695	high
router	SAMN17766480	22	FN	44958	Klebsiella pneumoniae	50_to_75x	false	12	0	0.08333333333333333	0.9166666666666666	0.0023477360266118638	0.0011962008291016562	high
router	SAMN17766480	25	FN	33192	Klebsiella pneumoniae	50_to_75x	false	12	0	0.75	0.75	0.7944342199327958	0.9782389051005506	high
router	SAMN17766480	29	FN	24086	Klebsiella pneumoniae	50_to_75x	false	12	0	0.6666666666666666	0.6666666666666666	0.7495178318541625	0.9644958727767525	high
router	SAMN17766480	34	FN	13067	Klebsiella pneumoniae	50_to_75x	false	12	0	0.75	0.75	0.8453536497494889	0.9867134736330088	high
router	SAMN17766480	41	FN	7976	Klebsiella pneumoniae	50_to_75x	false	12	0	0.8	0.8	0.770434191706484	0.9903426269154825	high
router	SAMN17766480	66	FN	1969	Klebsiella pneumoniae	50_to_75x	false	12	0	0.3333333333333333	0.6666666666666666	0.9276949578552948	0.7691041147705453	high
router	SAMN17766480	80	FN	1221	Klebsiella pneumoniae	50_to_75x	false	12	0	0.7	0.7	0.7759819264665878	0.9782644157141216	high
router	SAMN17766507	47	FN	4278	Klebsiella pneumoniae	ge_100x	false	12	0	0.5454545454545454	0.5454545454545454	0.9119132674321526	0.697199070606574	high
router	SAMN17766507	50	FP	4026	Klebsiella pneumoniae	ge_100x	false	12	0	0.4166666666666667	0.5833333333333334	0.955116138204435	0.5233083204874529	high
router	SAMN17766507	54	FN	2948	Klebsiella pneumoniae	ge_100x	false	12	0	0.3333333333333333	0.6666666666666666	0.9276949578552948	0.6479974435409349	high
router	SAMN17766507	56	FN	2767	Klebsiella pneumoniae	ge_100x	false	12	0	0.6666666666666666	0.6666666666666666	0.7889023520731259	0.42038277556513487	high
router	SAMN17766507	70	FN	1261	Klebsiella pneumoniae	ge_100x	false	12	0	0.7272727272727273	0.7272727272727273	0.8705147387133599	0.9094928799885752	high
router	SAMN17766507	72	FN	1106	Klebsiella pneumoniae	ge_100x	false	12	0	0.7272727272727273	0.7272727272727273	0.8705147387133599	0.9094928799885752	high
router	SAMN23424528	19	FN	15523	Enterococcus faecium	ge_100x	false	12	0	0.7272727272727273	0.7272727272727273	0.7600160144229514	0.355790916553783	high
router	SAMN23424528	22	FN	7866	Enterococcus faecium	ge_100x	true	12	0	0.5	0.5	0.7199770375228083	0.15268035011868844	high
router	SAMN23424528	23	FN	7011	Enterococcus faecium	ge_100x	false	12	0	0.5833333333333334	0.5833333333333334	0.32629355132464394	0.09595068983942731	high
router	SAMN23424528	27	FN	4506	Enterococcus faecium	ge_100x	true	12	0	0.8	0.8	0.8070027099899361	0.3776762572083569	high
router	SAMN23424528	28	FN	4418	Enterococcus faecium	ge_100x	false	12	0	0.7272727272727273	0.7272727272727273	0.7600160144229514	0.34539920339965535	high
router	SAMN23424528	31	FN	2512	Enterococcus faecium	ge_100x	true	12	0	0.36363636363636365	0.6363636363636364	0.7961839469468747	0.1033505340490062	high
router	SAMN23424528	32	FN	1758	Enterococcus faecium	ge_100x	false	12	0	0.7272727272727273	0.7272727272727273	0.8483601213458016	0.28610077364094455	high
router	SAMN23424532	25	FN	20413	Enterococcus faecium	75_to_100x	true	12	0	0.8333333333333334	0.8333333333333334	0.8727648359652314	0.7707151220070684	high
router	SAMN23424532	27	FN	18976	Enterococcus faecium	75_to_100x	false	12	0	0.7272727272727273	0.7272727272727273	0.7600160144229514	0.2399341425021255	high
router	SAMN23424532	29	FN	17043	Enterococcus faecium	75_to_100x	true	12	0	0.5454545454545454	0.5454545454545454	0.11238132725857243	0.11309002269137497	high
router	SAMN23424532	31	FN	13989	Enterococcus faecium	75_to_100x	false	12	0	0.8181818181818182	0.8181818181818182	0.8488630723085183	0.2987224876394408	high
router	SAMN23424532	33	FN	13141	Enterococcus faecium	75_to_100x	false	12	0	0.2727272727272727	0.7272727272727273	0.2861176979461988	0.0013812939580476274	high
router	SAMN23424532	37	FN	10261	Enterococcus faecium	75_to_100x	false	12	0	0.8181818181818182	0.8181818181818182	0.8488630723085183	0.2987224876394408	high
router	SAMN23424532	38	FN	9922	Enterococcus faecium	75_to_100x	false	12	0	0.8181818181818182	0.8181818181818182	0.8488630723085183	0.20325600300868835	high
router	SAMN23424532	42	FN	6781	Enterococcus faecium	75_to_100x	true	12	0	0.8333333333333334	0.8333333333333334	0.9931845011839687	0.37098070924869414	high
router	SAMN23424532	43	FN	6769	Enterococcus faecium	75_to_100x	true	12	0	0.8333333333333334	0.8333333333333334	0.9666370174996789	0.7499190703885522	high
router	SAMN23424532	44	FN	6202	Enterococcus faecium	75_to_100x	false	12	0	0.7272727272727273	0.7272727272727273	0.8258325137717292	0.5153242777171051	high
router	SAMN23424532	45	FN	5941	Enterococcus faecium	75_to_100x	false	12	0	0.8181818181818182	0.8181818181818182	0.8488630723085183	0.20325600300868835	high
router	SAMN23424532	47	FN	4959	Enterococcus faecium	75_to_100x	true	12	0	0.8181818181818182	0.8181818181818182	0.8937203351298281	0.4895592636604442	high
router	SAMN23424532	50	FN	3807	Enterococcus faecium	75_to_100x	false	12	0	0.7	0.7	0.6716956763018966	0.3805568967738085	high
router	SAMN23424532	51	FN	3645	Enterococcus faecium	75_to_100x	false	12	0	0.8	0.8	0.919752115213786	0.437699353584798	high
router	SAMN23424532	54	FN	2511	Enterococcus faecium	75_to_100x	true	12	0	0.45454545454545453	0.5454545454545454	0.9817700205696802	0.13570923946164412	high
router	SAMN23424532	56	FN	1996	Enterococcus faecium	75_to_100x	false	12	0	0.7	0.7	0.9220564628012747	0.32183854751434704	high
router	SAMN23424532	58	FN	1543	Enterococcus faecium	75_to_100x	false	12	0	0.6363636363636364	0.6363636363636364	0.7593012364223598	0.24664278533475376	high
router	SAMN23424532	63	FN	1305	Enterococcus faecium	75_to_100x	false	12	0	0.6363636363636364	0.6363636363636364	0.5350721749515018	0.1952167055451162	high
router	SAMN23424532	65	FN	1124	Enterococcus faecium	75_to_100x	false	12	0	0.7	0.7	0.9123812468776971	0.5066829925589738	high
router	SAMN23424534	39	FN	18251	Enterococcus faecium	75_to_100x	false	12	0	0.5	0.5	0.08372653146359807	0.5239456590920517	high
router	SAMN23424534	43	FN	16875	Enterococcus faecium	75_to_100x	false	12	0	0.7272727272727273	0.7272727272727273	0.5218803117744132	0.972654565909349	high
router	SAMN23424534	57	FN	7630	Enterococcus faecium	75_to_100x	false	12	0	0.7272727272727273	0.7272727272727273	0.8258325137717292	0.9257508404174581	high
router	SAMN23424534	67	FN	3300	Enterococcus faecium	75_to_100x	false	12	0	0.7272727272727273	0.7272727272727273	0.7600160144229514	0.9271227831462956	high
router	SAMN23424534	70	FN	2774	Enterococcus faecium	75_to_100x	false	12	0	0.8	0.8	0.9056454774147001	0.9852397062632544	high
router	SAMN23424534	71	FN	2691	Enterococcus faecium	75_to_100x	false	12	0	0.8181818181818182	0.8181818181818182	0.8488630723085183	0.983749280185375	high
router	SAMN23424534	73	FN	2309	Enterococcus faecium	75_to_100x	true	12	0	0.45454545454545453	0.5454545454545454	0.9895981887581237	0.9417794648372071	high
router	SAMN26198497	65	FN	3749	Citrobacter spp.	50_to_75x	false	12	0	0.4166666666666667	0.5833333333333334	0.8800141858960508	0.8653589818331037	high
router	SAMN26198497	66	FP	3371	Citrobacter spp.	50_to_75x	false	12	0	0.4166666666666667	0.5833333333333334	0.9439675826435082	0.7493424472562187	high
router	SAMN26198497	79	FN	1687	Citrobacter spp.	50_to_75x	false	12	0	0.3333333333333333	0.6666666666666666	0.9276949578552948	0.823473667876149	high
router	SAMN26198497	84	FN	1400	Citrobacter spp.	50_to_75x	false	12	0	0.36363636363636365	0.6363636363636364	0.907071578704717	0.9448747238277272	high
router	SAMN26198498	44	FN	6637	Citrobacter spp.	75_to_100x	false	12	0	0.6666666666666666	0.6666666666666666	0.84091765654465	0.699324180690077	high
router	SAMN26198498	57	FN	1889	Citrobacter spp.	75_to_100x	false	12	0	0.6666666666666666	0.6666666666666666	0.84091765654465	0.5873582514133486	high
router	SAMN26198498	59	FN	1514	Citrobacter spp.	75_to_100x	false	12	0	0.5833333333333334	0.5833333333333334	0.7431680099185886	0.8493303697829425	high
router	SAMN26198498	61	FN	1250	Citrobacter spp.	75_to_100x	false	12	0	0.7272727272727273	0.7272727272727273	0.863969742776131	0.8326725620542861	high
router	SAMN26567300	52	FN	22899	Klebsiella pneumoniae	ge_100x	false	12	0	0.75	0.75	0.7944342199327958	0.9119138296862782	high
router	SAMN26567300	57	FN	19054	Klebsiella pneumoniae	ge_100x	false	12	0	0.8181818181818182	0.8181818181818182	0.870955385716696	0.9700053698430715	high
router	SAMN26567300	64	FN	16947	Klebsiella pneumoniae	ge_100x	false	12	0	0.4166666666666667	0.5833333333333334	0.014163654967636965	0.20144348374278034	high
router	SAMN26567300	68	FN	12857	Klebsiella pneumoniae	ge_100x	false	12	0	0.6666666666666666	0.6666666666666666	0.6790244802303577	0.43305126389240567	high
router	SAMN26567300	73	FN	9271	Klebsiella pneumoniae	ge_100x	false	12	0	0.75	0.75	0.7944342199327958	0.8495629790531428	high
router	SAMN26567300	78	FN	7750	Klebsiella pneumoniae	ge_100x	false	12	0	0.75	0.75	0.9137413354205492	0.4316706443503394	high
router	SAMN26567300	79	FN	7546	Klebsiella pneumoniae	ge_100x	false	12	0	0.8181818181818182	0.8181818181818182	0.8184416904444722	0.933485686564077	high
router	SAMN26567300	85	FN	6490	Klebsiella pneumoniae	ge_100x	false	12	0	0.6666666666666666	0.6666666666666666	0.7495178318541625	0.574208054220533	high
router	SAMN26567300	88	FN	5283	Klebsiella pneumoniae	ge_100x	false	12	0	0.8181818181818182	0.8181818181818182	0.8184416904444722	0.9414179023242721	high
router	SAMN26567300	97	FN	3536	Klebsiella pneumoniae	ge_100x	false	12	0	0.6	0.6	0.9038755821443648	0.9181695236466568	high
router	SAMN26567300	111	FN	2290	Klebsiella pneumoniae	ge_100x	true	12	0	0.9090909090909091	0.9090909090909091	0.9704222765871559	0.9339037796092907	high
router	SAMN26567300	114	FN	1859	Klebsiella pneumoniae	ge_100x	false	12	0	0.5833333333333334	0.5833333333333334	0.9123720989070611	0.3549935517666913	high
router	SAMN26567300	123	FN	1237	Klebsiella pneumoniae	ge_100x	false	12	0	0.5	0.5	0.9065895287544276	0.8495003241713363	high
router	SAMN26567300	125	FN	1129	Klebsiella pneumoniae	ge_100x	false	12	0	0.5833333333333334	0.5833333333333334	0.9123720989070611	0.43527555208305574	high
router	SAMN26567301	37	FN	42122	Klebsiella pneumoniae	50_to_75x	false	12	0	0.6666666666666666	0.6666666666666666	0.9110606383483703	0.9456938062794361	high
router	SAMN26567301	44	FN	33777	Klebsiella pneumoniae	50_to_75x	false	12	0	0.6666666666666666	0.6666666666666666	0.9110606383483703	0.9456938062794361	high
router	SAMN26567301	52	FN	23366	Klebsiella pneumoniae	50_to_75x	false	12	0	0.75	0.75	0.7944342199327958	0.9782389051005506	high
router	SAMN26567301	68	FN	11870	Klebsiella pneumoniae	50_to_75x	false	12	0	0.6666666666666666	0.6666666666666666	0.42167580725551146	0.9627752452966871	high
router	SAMN26567301	79	FN	4606	Klebsiella pneumoniae	50_to_75x	false	12	0	0.75	0.75	0.7944342199327958	0.9656110990516318	high
router	SAMN26567301	88	FN	2384	Klebsiella pneumoniae	50_to_75x	true	12	0	0.75	0.75	0.9492724375550261	0.9443128630214459	high
router	SAMN26567301	94	FN	1387	Klebsiella pneumoniae	50_to_75x	false	12	0	0.5833333333333334	0.5833333333333334	0.9123720989070611	0.9333328086697654	high
router	SAMN26796377	80	FN	15048	Citrobacter spp.	ge_100x	false	12	0	0.75	0.75	0.7944342199327958	0.7629062471035534	high
router	SAMN26796377	83	FN	12469	Citrobacter spp.	ge_100x	false	12	0	0.75	0.75	0.7944342199327958	0.7402599749803803	high
router	SAMN26796377	93	FN	7750	Citrobacter spp.	ge_100x	false	12	0	0.2727272727272727	0.7272727272727273	0.41452615649798047	0.01661093750427454	high
router	SAMN26796377	100	FN	6001	Citrobacter spp.	ge_100x	false	12	0	0.6666666666666666	0.6666666666666666	0.42167580725551146	0.7255777100334759	high
router	SAMN26796377	103	FN	5560	Citrobacter spp.	ge_100x	false	12	0	0.16666666666666666	0.8333333333333334	0.0030543117989903774	0.007661754743547332	high
router	SAMN26796377	107	FN	5048	Citrobacter spp.	ge_100x	false	12	0	0.36363636363636365	0.6363636363636364	0.10946747615734014	0.13774574881126148	high
router	SAMN26796377	108	FN	4923	Citrobacter spp.	ge_100x	false	12	0	0.7272727272727273	0.7272727272727273	0.8835057081932798	0.496498493217566	high
router	SAMN26796377	112	FN	4199	Citrobacter spp.	ge_100x	true	12	0	0.8333333333333334	0.8333333333333334	0.9929225458808841	0.8983712855035385	high
router	SAMN26796377	114	FP	4123	Citrobacter spp.	ge_100x	false	12	0	0.6666666666666666	0.6666666666666666	0.9315077586253984	0.36792190160745414	high
router	SAMN26796377	116	FN	3941	Citrobacter spp.	ge_100x	false	12	0	0.36363636363636365	0.6363636363636364	0.9139151480889973	0.15819126624168922	high
router	SAMN26796377	117	FN	3888	Citrobacter spp.	ge_100x	false	12	0	0.7	0.7	0.7759819264665878	0.8742131465820017	high
router	SAMN26796377	119	FN	3747	Citrobacter spp.	ge_100x	true	12	0	0.9166666666666666	0.9166666666666666	0.9931544050611385	0.9361126095163923	high
router	SAMN26796377	122	FN	3644	Citrobacter spp.	ge_100x	true	12	0	0.9090909090909091	0.9090909090909091	0.9857568595095695	0.8907061656496978	high
router	SAMN26796377	123	FN	3544	Citrobacter spp.	ge_100x	false	12	0	0.8181818181818182	0.8181818181818182	0.8184416904444722	0.880021295191605	high
router	SAMN26796377	130	FN	2647	Citrobacter spp.	ge_100x	false	12	0	0.6666666666666666	0.6666666666666666	0.9150169547806626	0.25369489418970637	high
router	SAMN26796377	138	FN	1886	Citrobacter spp.	ge_100x	false	12	0	0.2727272727272727	0.7272727272727273	0.13335664771641972	0.0024745801280921906	high
router	SAMN26796377	140	FN	1786	Citrobacter spp.	ge_100x	false	12	0	0.3333333333333333	0.6666666666666666	0.900702896221801	0.16745030651590007	high
router	SAMN26796377	142	FN	1530	Citrobacter spp.	ge_100x	false	12	0	0.08333333333333333	0.9166666666666666	0.006724141415640177	0.00023734297334555366	high
router	SAMN26796377	150	FN	1224	Citrobacter spp.	ge_100x	true	12	0	0.7272727272727273	0.7272727272727273	0.863969742776131	0.8575423580436555	high
router	SAMN26796377	152	FN	1214	Citrobacter spp.	ge_100x	false	12	0	0.3333333333333333	0.6666666666666666	0.8999363944403583	0.834797677901218	high
router	SAMN26796377	157	FN	1030	Citrobacter spp.	ge_100x	false	12	0	0.6666666666666666	0.6666666666666666	0.7473982631231887	0.2559039620789104	high
router	SAMN26796439	12	FN	121821	Citrobacter spp.	ge_100x	false	12	0	0.0	1.0	0.0024123556419008763	0.00013972598844983535	high
router	SAMN26796439	28	FN	15971	Citrobacter spp.	ge_100x	true	12	0	0.8333333333333334	0.8333333333333334	0.9666370174996789	0.8080188858455647	high
router	SAMN26796439	33	FN	10028	Citrobacter spp.	ge_100x	true	12	0	0.75	0.75	0.9137413354205492	0.40683897504113525	high
router	SAMN26796439	36	FN	5020	Citrobacter spp.	ge_100x	true	12	0	0.8333333333333334	0.8333333333333334	0.9666370174996789	0.5398437604128743	high
router	SAMN26796439	37	FN	4703	Citrobacter spp.	ge_100x	true	12	0	0.8333333333333334	0.8333333333333334	0.9875647758701592	0.772339396237257	high
router	SAMN26796439	42	FN	3232	Citrobacter spp.	ge_100x	true	12	0	0.9166666666666666	0.9166666666666666	0.9931544050611385	0.6843940580603347	high
router	SAMN26796439	43	FN	2833	Citrobacter spp.	ge_100x	true	12	0	0.8333333333333334	0.8333333333333334	0.9929225458808841	0.5085567173935194	high
router	SAMN26796439	44	FN	2322	Citrobacter spp.	ge_100x	true	12	0	0.8333333333333334	0.8333333333333334	0.9929225458808841	0.4359587649425991	high
router	SAMN26796439	54	FN	1187	Citrobacter spp.	ge_100x	false	12	0	0.36363636363636365	0.6363636363636364	0.907071578704717	0.23285892379996873	high
router	SAMN28626304	23	FN	3234	Klebsiella pneumoniae	50_to_75x	false	12	0	0.4166666666666667	0.5833333333333334	0.5926862789911801	0.4452781225710407	high
router	SAMN29503689	27	FN	74299	Citrobacter spp.	ge_100x	false	12	0	0.75	0.75	0.9137413354205492	0.9389493446683005	high
router	SAMN29503689	35	FN	46209	Citrobacter spp.	ge_100x	false	12	0	0.7272727272727273	0.7272727272727273	0.8690502371180912	0.9694370443773273	high
router	SAMN29503689	46	FN	20077	Citrobacter spp.	ge_100x	false	12	0	0.75	0.75	0.9137413354205492	0.9371659735277205	high
router	SAMN29503689	47	FN	18296	Citrobacter spp.	ge_100x	false	12	0	0.75	0.75	0.7944342199327958	0.952428356074946	high
router	SAMN29503689	48	FN	18145	Citrobacter spp.	ge_100x	false	12	0	0.2727272727272727	0.7272727272727273	0.8310648430531382	0.02605237298270761	high
router	SAMN29503689	50	FN	13730	Citrobacter spp.	ge_100x	false	12	0	0.8333333333333334	0.8333333333333334	0.8727648359652314	0.9491900404073818	high
router	SAMN29503689	52	FN	12201	Citrobacter spp.	ge_100x	false	12	0	0.75	0.75	0.8453536497494889	0.9807385827456895	high
router	SAMN29503689	56	FN	10378	Citrobacter spp.	ge_100x	false	12	0	0.75	0.75	0.7944342199327958	0.9466178336199182	high
router	SAMN29503689	57	FN	10329	Citrobacter spp.	ge_100x	false	12	0	0.8333333333333334	0.8333333333333334	0.8727648359652314	0.9491900404073818	high
router	SAMN29503689	59	FP	9613	Citrobacter spp.	ge_100x	false	12	0	0.8333333333333334	0.8333333333333334	0.9666370174996789	0.9757030660770367	high
router	SAMN29503689	62	FN	8142	Citrobacter spp.	ge_100x	false	12	0	0.5454545454545454	0.5454545454545454	0.5342913146951923	0.8727992726748769	high
router	SAMN29503689	63	FN	7225	Citrobacter spp.	ge_100x	false	12	0	0.7272727272727273	0.7272727272727273	0.8690502371180912	0.9607706238603446	high
router	SAMN29503689	66	FP	6865	Citrobacter spp.	ge_100x	false	12	0	0.8333333333333334	0.8333333333333334	0.9508635198395291	0.9642467657356093	high
router	SAMN29503689	67	FN	6060	Citrobacter spp.	ge_100x	false	12	0	0.36363636363636365	0.6363636363636364	0.7422227505864292	0.8657702714057915	high
router	SAMN29503689	69	FN	5873	Citrobacter spp.	ge_100x	false	12	0	0.2727272727272727	0.7272727272727273	0.53552361778159	0.015189935551942814	high
router	SAMN29503689	71	FN	5344	Citrobacter spp.	ge_100x	false	12	0	0.3333333333333333	0.6666666666666666	0.8358253160677692	0.8598381124351534	high
router	SAMN29503689	73	FN	4894	Citrobacter spp.	ge_100x	false	12	0	0.75	0.75	0.8453536497494889	0.9660128400747513	high
router	SAMN29503689	74	FN	4655	Citrobacter spp.	ge_100x	false	12	0	0.16666666666666666	0.8333333333333334	0.20455049733383257	0.0074467352450362885	high
router	SAMN29503689	77	FN	3984	Citrobacter spp.	ge_100x	false	12	0	0.6363636363636364	0.6363636363636364	0.7337646477914976	0.9606557920637294	high
router	SAMN29503689	78	FN	3754	Citrobacter spp.	ge_100x	false	12	0	0.8181818181818182	0.8181818181818182	0.8184416904444722	0.9795263600222386	high
router	SAMN29503689	82	FN	2552	Citrobacter spp.	ge_100x	false	12	0	0.75	0.75	0.7944342199327958	0.9404479704782239	high
router	SAMN29503689	86	FP	2023	Citrobacter spp.	ge_100x	true	12	0	0.8	0.8	0.9420308381334653	0.9740873947650031	high
router	SAMN29503689	87	FN	1795	Citrobacter spp.	ge_100x	false	12	0	0.6666666666666666	0.6666666666666666	0.7889023520731259	0.9395101218024469	high
router	SAMN29503689	88	FN	1765	Citrobacter spp.	ge_100x	false	12	0	0.7272727272727273	0.7272727272727273	0.8705147387133599	0.9698577354786537	high
router	SAMN29503689	91	FP	1473	Citrobacter spp.	ge_100x	false	12	0	0.4	0.6	0.9738035845775391	0.9057795197329707	high
router	SAMN29503689	93	FP	1428	Citrobacter spp.	ge_100x	true	12	0	0.8333333333333334	0.8333333333333334	0.9929225458808841	0.9735255790330399	high
router	SAMN29503689	94	FN	1402	Citrobacter spp.	ge_100x	false	12	0	0.5	0.5	0.6967648378535001	0.8209890919250239	high
router	SAMN29503689	97	FN	1338	Citrobacter spp.	ge_100x	false	12	0	0.45454545454545453	0.5454545454545454	0.636548494491201	0.9283915868745917	high
router	SAMN29503689	100	FN	1265	Citrobacter spp.	ge_100x	false	12	0	0.16666666666666666	0.8333333333333334	0.06730614804555231	0.0037168896342867496	high
router	SAMN29503689	102	FP	1208	Citrobacter spp.	ge_100x	false	12	0	0.36363636363636365	0.6363636363636364	0.9429416484296633	0.9426708749852472	high
router	SAMN29503815	44	FN	16758	Citrobacter spp.	ge_100x	false	12	0	0.3333333333333333	0.6666666666666666	0.6124642966684529	0.20851642948962598	high
router	SAMN29503815	45	FN	16419	Citrobacter spp.	ge_100x	false	12	0	0.7272727272727273	0.7272727272727273	0.8892312567067122	0.8188277038862513	high
router	SAMN29503815	58	FN	5614	Citrobacter spp.	ge_100x	false	12	0	0.75	0.75	0.7849934510745252	0.42732049300634767	high
router	SAMN29503815	60	FN	3432	Citrobacter spp.	ge_100x	false	12	0	0.75	0.75	0.9137413354205492	0.6139864998868212	high
router	SAMN29503815	64	FN	1688	Citrobacter spp.	ge_100x	false	12	0	0.3333333333333333	0.6666666666666666	0.900702896221801	0.2922793940594135	high
router	SAMN29503815	66	FN	1400	Citrobacter spp.	ge_100x	false	12	0	0.2727272727272727	0.7272727272727273	0.67258603090158	0.010181982347008095	high
router	SAMN29503815	68	FN	1354	Citrobacter spp.	ge_100x	false	12	0	0.36363636363636365	0.6363636363636364	0.8055014310445797	0.6196167712369371	high
router	SAMN29503815	69	FN	1336	Citrobacter spp.	ge_100x	false	12	0	0.5833333333333334	0.5833333333333334	0.9123720989070611	0.7327937946908838	high
router	SAMN29503815	71	FN	1327	Citrobacter spp.	ge_100x	false	12	0	0.3333333333333333	0.6666666666666666	0.7576555714932637	0.5264240311320413	high
router	SAMN30692055	49	FN	18468	Enterococcus faecium	ge_100x	false	12	0	0.8181818181818182	0.8181818181818182	0.8488630723085183	0.90060048382433	high
router	SAMN30692055	50	FN	18092	Enterococcus faecium	ge_100x	false	12	0	0.7272727272727273	0.7272727272727273	0.7600160144229514	0.3367781134262019	high
router	SAMN30692055	61	FN	14192	Enterococcus faecium	ge_100x	true	12	0	0.8181818181818182	0.8181818181818182	0.9584194035239814	0.5895269004756648	high
router	SAMN30692055	65	FN	13728	Enterococcus faecium	ge_100x	true	12	0	0.8181818181818182	0.8181818181818182	0.9760297891223917	0.9402369955049968	high
router	SAMN30692055	69	FN	12582	Enterococcus faecium	ge_100x	false	12	0	0.8181818181818182	0.8181818181818182	0.8488630723085183	0.8891960394183239	high
router	SAMN30692055	71	FN	12342	Enterococcus faecium	ge_100x	false	12	0	0.6363636363636364	0.6363636363636364	0.7593012364223598	0.3367781134262019	high
router	SAMN30692055	72	FN	12297	Enterococcus faecium	ge_100x	false	12	0	0.7272727272727273	0.7272727272727273	0.6552428571517904	0.17681425445141016	high
router	SAMN30692055	77	FN	10625	Enterococcus faecium	ge_100x	false	12	0	0.7	0.7	0.9220564628012747	0.4733174558453106	high
router	SAMN30692055	92	FN	5880	Enterococcus faecium	ge_100x	false	12	0	0.8181818181818182	0.8181818181818182	0.8488630723085183	0.8838378924585432	high
router	SAMN30692055	95	FN	5699	Enterococcus faecium	ge_100x	true	12	0	0.9090909090909091	0.9090909090909091	0.976121211009001	0.91037056935107	high
router	SAMN30692055	98	FN	5197	Enterococcus faecium	ge_100x	true	12	0	0.8333333333333334	0.8333333333333334	0.9929225458808841	0.9421291326617611	high
router	SAMN30692055	99	FN	5130	Enterococcus faecium	ge_100x	false	12	0	0.7	0.7	0.9220564628012747	0.4708702870373008	high
router	SAMN30692055	101	FN	4814	Enterococcus faecium	ge_100x	false	12	0	0.8181818181818182	0.8181818181818182	0.8488630723085183	0.8838378924585432	high
router	SAMN30692055	110	FN	3404	Enterococcus faecium	ge_100x	false	12	0	0.8	0.8	0.919752115213786	0.5434800287647049	high
router	SAMN30692055	114	FN	2451	Enterococcus faecium	ge_100x	false	12	0	0.7	0.7	0.9220564628012747	0.39535609108588676	high
router	SAMN30692055	121	FN	1936	Enterococcus faecium	ge_100x	false	12	0	0.6363636363636364	0.6363636363636364	0.8252686979418431	0.2860713470850552	high
router	SAMN30692055	122	FN	1918	Enterococcus faecium	ge_100x	true	12	0	0.6363636363636364	0.6363636363636364	0.8252686979418431	0.2860713470850552	high
router	SAMN30692055	130	FN	1489	Enterococcus faecium	ge_100x	false	12	0	0.6363636363636364	0.6363636363636364	0.7593012364223598	0.33259585840684597	high
router	SAMN30692055	139	FN	1203	Enterococcus faecium	ge_100x	false	12	0	0.7272727272727273	0.7272727272727273	0.8483601213458016	0.7795423071588461	high
router	SAMN30692055	145	FN	1033	Enterococcus faecium	ge_100x	false	12	0	0.7272727272727273	0.7272727272727273	0.8933479043144746	0.7185643831472348	high
router	SAMN30974101	32	FN	43500	Citrobacter spp.	50_to_75x	true	12	0	0.9	0.9	0.999582419728892	0.8686683399419655	high
router	SAMN30974101	35	FN	40390	Citrobacter spp.	50_to_75x	false	12	0	0.6666666666666666	0.6666666666666666	0.7495178318541625	0.9309956562058861	high
router	SAMN30974101	45	FP	19234	Citrobacter spp.	50_to_75x	false	12	0	0.8181818181818182	0.8181818181818182	0.9699349148543481	0.7629315222701262	high
router	SAMN30974101	54	FN	5788	Citrobacter spp.	50_to_75x	true	12	0	0.9090909090909091	0.9090909090909091	0.9857568595095695	0.7612660333922775	high
router	SAMN30974101	64	FN	2968	Citrobacter spp.	50_to_75x	true	12	0	0.75	0.75	0.987146047145738	0.8990878791084204	high
router	SAMN30974101	65	FN	2049	Citrobacter spp.	50_to_75x	false	12	0	0.36363636363636365	0.6363636363636364	0.8734310285597717	0.46026137020240754	high
router	SAMN30974101	66	FN	1977	Citrobacter spp.	50_to_75x	true	12	0	0.5833333333333334	0.5833333333333334	0.9123720989070611	0.5490401813251921	high
router	SAMN30974103	49	FN	38377	Serratia spp.	50_to_75x	false	12	0	0.75	0.75	0.9137413354205492	0.9445163902012654	high
router	SAMN30974103	66	FP	17040	Serratia spp.	50_to_75x	false	12	0	0.75	0.75	0.937435332346856	0.9637964161022423	high
router	SAMN30974103	72	FN	10838	Serratia spp.	50_to_75x	false	12	0	0.6666666666666666	0.6666666666666666	0.9110606383483703	0.9356675065586305	high
router	SAMN30974103	87	FN	5043	Serratia spp.	50_to_75x	false	12	0	0.75	0.75	0.7849934510745252	0.9518024214591766	high
router	SAMN30974103	103	FN	1759	Serratia spp.	50_to_75x	true	12	0	0.75	0.75	0.9492724375550261	0.9421375769324504	high
router	SAMN32542113	40	FN	11476	Klebsiella pneumoniae	ge_100x	true	12	0	0.8333333333333334	0.8333333333333334	0.9875647758701592	0.9029365976175341	high
router	SAMN32542113	42	FN	7503	Klebsiella pneumoniae	ge_100x	true	12	0	0.9166666666666666	0.9166666666666666	0.9931544050611385	0.8879144831155961	high
router	SAMN32542113	47	FN	2570	Klebsiella pneumoniae	ge_100x	true	12	0	0.9166666666666666	0.9166666666666666	0.9931544050611385	0.8444463000759739	high
router	SAMN32542113	48	FN	2231	Klebsiella pneumoniae	ge_100x	true	12	0	0.75	0.75	0.9492724375550261	0.1973627015107353	high
router	SAMN32542113	60	FN	1035	Klebsiella pneumoniae	ge_100x	false	12	0	0.5833333333333334	0.5833333333333334	0.4710706068364848	0.7582290435300889	high
router	SAMN32676082	45	FN	13499	Klebsiella pneumoniae	75_to_100x	false	12	0	0.75	0.75	0.7944342199327958	0.5298907955394615	high
router	SAMN33741191	8	FN	52618	Enterococcus faecalis	75_to_100x	true	12	0	0.8333333333333334	0.8333333333333334	0.9726092490393508	0.833010160513679	high
router	SAMN33741209	25	FN	3007	Enterococcus faecalis	ge_100x	false	12	0	0.8	0.8	0.9056454774147001	0.5257659133761657	high
router	SAMN33741222	16	FN	42823	Enterococcus faecalis	ge_100x	false	12	0	0.8181818181818182	0.8181818181818182	0.8488630723085183	0.7231610877649784	high
router	SAMN33741222	23	FN	16167	Enterococcus faecalis	ge_100x	true	12	0	0.8181818181818182	0.8181818181818182	0.9916887540217667	0.4089680906546038	high
router	SAMN33741222	31	FN	5330	Enterococcus faecalis	ge_100x	false	12	0	0.8	0.8	0.8070027099899361	0.3776762572083569	high
router	SAMN33741222	35	FN	2368	Enterococcus faecalis	ge_100x	true	12	0	0.5454545454545454	0.5454545454545454	0.3935474404745652	0.16349611054316232	high
router	SAMN35638176	7	FN	31433	Enterococcus faecalis	75_to_100x	true	12	0	0.6666666666666666	0.6666666666666666	0.9986650419663675	0.9286835823069898	high
router	SAMN35638176	10	FN	9756	Enterococcus faecalis	75_to_100x	true	12	0	0.9090909090909091	0.9090909090909091	0.976121211009001	0.8459698412192301	high
router	SAMN35638176	11	FN	7895	Enterococcus faecalis	75_to_100x	true	12	0	0.3	0.7	0.914941712958847	0.015962649429343542	high
router	SAMN35638176	12	FN	4014	Enterococcus faecalis	75_to_100x	true	12	0	0.9090909090909091	0.9090909090909091	0.976121211009001	0.7878931710978984	high
router	SAMN35638176	14	FN	2020	Enterococcus faecalis	75_to_100x	true	12	0	0.6363636363636364	0.6363636363636364	0.6194629902269139	0.7410933417664173	high
router	SAMN35638176	15	FN	1951	Enterococcus faecalis	75_to_100x	true	12	0	0.8333333333333334	0.8333333333333334	0.9929225458808841	0.8503647657038571	high
router	SAMN35638176	18	FN	1145	Enterococcus faecalis	75_to_100x	true	12	0	0.5454545454545454	0.5454545454545454	0.805956691201089	0.773628010698162	high
router	SAMN35676739	8	FN	128395	Serratia spp.	ge_100x	false	12	0	0.6666666666666666	0.6666666666666666	0.666508408198521	0.7002111517726651	high
router	SAMN35677795	58	FN	21732	Enterobacter spp.	ge_100x	false	12	0	0.75	0.75	0.7849934510745252	0.9699797632726931	high
router	SAMN35677795	80	FN	6420	Enterobacter spp.	ge_100x	false	12	0	0.2727272727272727	0.7272727272727273	0.018607837374030035	0.004896803405353889	high
router	SAMN35677795	89	FN	4838	Enterobacter spp.	ge_100x	false	12	0	0.2727272727272727	0.7272727272727273	0.7439602219814591	0.015496791397751931	high
router	SAMN35677795	95	FN	3070	Enterobacter spp.	ge_100x	false	12	0	0.18181818181818182	0.8181818181818182	0.21024831444111577	0.003567057646359496	high
router	SAMN35677795	98	FN	2669	Enterobacter spp.	ge_100x	false	12	0	0.18181818181818182	0.8181818181818182	0.0017342000604144909	0.0010167144777064698	high
router	SAMN36766197	31	FN	28629	Enterococcus faecium	50_to_75x	false	12	0	0.7272727272727273	0.7272727272727273	0.7600160144229514	0.21722251223349912	high
router	SAMN36766197	40	FN	25518	Enterococcus faecium	50_to_75x	false	12	0	0.8	0.8	0.919752115213786	0.5245816483489983	high
router	SAMN36766197	70	FN	10764	Enterococcus faecium	50_to_75x	false	12	0	0.7272727272727273	0.7272727272727273	0.7600160144229514	0.1881598696206352	high
router	SAMN36766197	74	FN	9836	Enterococcus faecium	50_to_75x	false	12	0	0.8181818181818182	0.8181818181818182	0.8488630723085183	0.7764263353535326	high
router	SAMN36766197	79	FN	8948	Enterococcus faecium	50_to_75x	false	12	0	0.6363636363636364	0.6363636363636364	0.7593012364223598	0.1836003965822594	high
router	SAMN36766197	83	FN	7747	Enterococcus faecium	50_to_75x	true	12	0	0.9090909090909091	0.9090909090909091	0.976121211009001	0.8465113621146377	high
router	SAMN36766197	89	FN	6114	Enterococcus faecium	50_to_75x	false	12	0	0.8181818181818182	0.8181818181818182	0.8488630723085183	0.7764263353535326	high
router	SAMN36766197	94	FN	5236	Enterococcus faecium	50_to_75x	false	12	0	0.7272727272727273	0.7272727272727273	0.7600160144229514	0.18666450884535918	high
router	SAMN36766197	99	FN	5122	Enterococcus faecium	50_to_75x	false	12	0	0.5833333333333334	0.5833333333333334	0.32629355132464394	0.053507038117105304	high
router	SAMN36766197	102	FN	4595	Enterococcus faecium	50_to_75x	true	12	0	0.8333333333333334	0.8333333333333334	0.9647539237935542	0.8963680482296258	high
router	SAMN36766197	107	FN	4377	Enterococcus faecium	50_to_75x	false	12	0	0.7272727272727273	0.7272727272727273	0.8175024816909233	0.25328197883794457	high
router	SAMN36766197	109	FN	4299	Enterococcus faecium	50_to_75x	false	12	0	0.6363636363636364	0.6363636363636364	0.7593012364223598	0.18666450884535918	high
router	SAMN36766197	114	FN	3830	Enterococcus faecium	50_to_75x	false	12	0	0.8181818181818182	0.8181818181818182	0.8488630723085183	0.7764263353535326	high
router	SAMN36766197	118	FN	3404	Enterococcus faecium	50_to_75x	false	12	0	0.8	0.8	0.919752115213786	0.39262047499291447	high
router	SAMN36766197	129	FN	2548	Enterococcus faecium	50_to_75x	true	12	0	0.8333333333333334	0.8333333333333334	0.9929225458808841	0.8696092188678795	high
router	SAMN36766197	132	FN	2273	Enterococcus faecium	50_to_75x	false	12	0	0.7272727272727273	0.7272727272727273	0.8483601213458016	0.598450276157751	high
router	SAMN36766197	133	FN	2231	Enterococcus faecium	50_to_75x	false	12	0	0.7	0.7	0.9220564628012747	0.24524235604480701	high
router	SAMN36766197	137	FN	2012	Enterococcus faecium	50_to_75x	false	12	0	0.7777777777777778	0.7777777777777778	0.8290234405911397	0.7570904861443536	high
router	SAMN36766197	140	FN	1994	Enterococcus faecium	50_to_75x	false	12	0	0.6363636363636364	0.6363636363636364	0.7593012364223598	0.17358111728877867	high
router	SAMN36766197	141	FN	1931	Enterococcus faecium	50_to_75x	true	12	0	0.8	0.8	0.9529348266788944	0.8047224577750984	high
router	SAMN36766197	155	FN	1354	Enterococcus faecium	50_to_75x	false	12	0	0.7777777777777778	0.7777777777777778	0.8290234405911397	0.7714393940428929	high
router	SAMN36766197	164	FN	1020	Enterococcus faecium	50_to_75x	false	12	0	0.5555555555555556	0.5555555555555556	0.39711832664819946	0.2058450513049927	high
router	SAMN36766202	19	FN	39614	Enterococcus faecium	ge_100x	false	12	0	0.8181818181818182	0.8181818181818182	0.8488630723085183	0.8839714852025061	high
router	SAMN36766202	67	FN	13349	Enterococcus faecium	ge_100x	false	12	0	0.8181818181818182	0.8181818181818182	0.8488630723085183	0.8142407572231117	high
router	SAMN36766202	75	FN	10762	Enterococcus faecium	ge_100x	false	12	0	0.8181818181818182	0.8181818181818182	0.8488630723085183	0.8142407572231117	high
router	SAMN36766202	76	FN	10667	Enterococcus faecium	ge_100x	false	12	0	0.6363636363636364	0.6363636363636364	0.7593012364223598	0.21713587055315453	high
router	SAMN36766202	82	FN	8818	Enterococcus faecium	ge_100x	false	12	0	0.6363636363636364	0.6363636363636364	0.7593012364223598	0.21205765797758466	high
router	SAMN36766202	85	FN	8297	Enterococcus faecium	ge_100x	false	12	0	0.7272727272727273	0.7272727272727273	0.8483601213458016	0.6722004853130973	high
router	SAMN36766202	90	FN	7703	Enterococcus faecium	ge_100x	true	12	0	0.9090909090909091	0.9090909090909091	0.976121211009001	0.8684213988561268	high
router	SAMN36766202	94	FN	6376	Enterococcus faecium	ge_100x	false	12	0	0.8181818181818182	0.8181818181818182	0.8488630723085183	0.8060485981083086	high
router	SAMN36766202	98	FN	5956	Enterococcus faecium	ge_100x	true	12	0	0.75	0.75	0.8453536497494889	0.8502899658935983	high
router	SAMN36766202	103	FN	5247	Enterococcus faecium	ge_100x	false	12	0	0.8	0.8	0.8070027099899361	0.8852810444904868	high
router	SAMN36766202	109	FN	4427	Enterococcus faecium	ge_100x	false	12	0	0.6666666666666666	0.6666666666666666	0.9110606383483703	0.33151686333837227	high
router	SAMN36766202	111	FN	4312	Enterococcus faecium	ge_100x	false	12	0	0.8	0.8	0.919752115213786	0.5339328881322516	high
router	SAMN36766202	113	FN	4202	Enterococcus faecium	ge_100x	false	12	0	0.8181818181818182	0.8181818181818182	0.8881976497022714	0.8328821167236976	high
router	SAMN36766202	116	FN	4036	Enterococcus faecium	ge_100x	false	12	0	0.7272727272727273	0.7272727272727273	0.8483601213458016	0.6722004853130973	high
router	SAMN36766202	121	FN	3404	Enterococcus faecium	ge_100x	false	12	0	0.8	0.8	0.919752115213786	0.4361665327127485	high
router	SAMN36766202	122	FN	3319	Enterococcus faecium	ge_100x	true	12	0	0.9090909090909091	0.9090909090909091	0.976121211009001	0.7979772823185088	high
router	SAMN36766202	132	FN	2481	Enterococcus faecium	ge_100x	false	12	0	0.7272727272727273	0.7272727272727273	0.8483601213458016	0.6722004853130973	high
router	SAMN36766202	137	FN	2037	Enterococcus faecium	ge_100x	false	12	0	0.6363636363636364	0.6363636363636364	0.8252686979418431	0.21442826583797642	high
router	SAMN36766202	138	FN	2007	Enterococcus faecium	ge_100x	false	12	0	0.6	0.6	0.9277141959014522	0.27997730877448457	high
router	SAMN36766202	146	FN	1610	Enterococcus faecium	ge_100x	false	12	0	0.7	0.7	0.9220564628012747	0.2963142692994298	high
router	SAMN36766202	156	FN	1354	Enterococcus faecium	ge_100x	false	12	0	0.8	0.8	0.9056454774147001	0.8438211798287509	high
router	SAMN36766202	157	FN	1344	Enterococcus faecium	ge_100x	false	12	0	0.6363636363636364	0.6363636363636364	0.5350721749515018	0.6588672998537486	high
router	SAMN36766202	168	FN	1072	Enterococcus faecium	ge_100x	false	12	0	0.7272727272727273	0.7272727272727273	0.8483601213458016	0.6588672998537486	high
router	SAMN36766202	175	FN	1028	Enterococcus faecium	ge_100x	false	12	0	0.7	0.7	0.6716956763018966	0.7272187239936514	high
router	SAMN36766205	39	FN	27762	Enterococcus faecium	50_to_75x	false	12	0	0.8181818181818182	0.8181818181818182	0.8488630723085183	0.9331016215238109	high
router	SAMN36766205	44	FN	25173	Enterococcus faecium	50_to_75x	false	12	0	0.8181818181818182	0.8181818181818182	0.8937203351298281	0.960274047662727	high
router	SAMN36766205	51	FN	17557	Enterococcus faecium	50_to_75x	false	12	0	0.6666666666666666	0.6666666666666666	0.7840650748740505	0.12724109964392877	high
router	SAMN36766205	68	FN	10497	Enterococcus faecium	50_to_75x	true	12	0	0.5833333333333334	0.5833333333333334	0.7431680099185886	0.6149550247755935	high
router	SAMN36766205	78	FN	7044	Enterococcus faecium	50_to_75x	true	12	0	0.9090909090909091	0.9090909090909091	0.976121211009001	0.91037056935107	high
router	SAMN36766205	89	FN	5284	Enterococcus faecium	50_to_75x	false	12	0	0.6363636363636364	0.6363636363636364	0.8242539482520607	0.38449475944282185	high
router	SAMN36766205	96	FP	4415	Enterococcus faecium	50_to_75x	true	12	0	0.9166666666666666	0.9166666666666666	0.9931544050611385	0.9783032538756922	high
router	SAMN36766205	99	FN	3556	Enterococcus faecium	50_to_75x	false	12	0	0.9	0.9	0.9029070398528599	0.8882643481641083	high
router	SAMN36766205	106	FN	2483	Enterococcus faecium	50_to_75x	true	12	0	0.5833333333333334	0.5833333333333334	0.9506805552025154	0.6256784191407715	high
router	SAMN36766205	112	FN	2303	Enterococcus faecium	50_to_75x	true	12	0	0.6666666666666666	0.6666666666666666	0.8251901391048131	0.7176803483745396	high
router	SAMN36766205	115	FN	2242	Enterococcus faecium	50_to_75x	true	12	0	0.75	0.75	0.987146047145738	0.4672023815551215	high
router	SAMN36766205	141	FN	1114	Enterococcus faecium	50_to_75x	false	12	0	0.6363636363636364	0.6363636363636364	0.7593012364223598	0.33259585840684597	high
router	SAMN36766227	26	FN	26835	Klebsiella pneumoniae	30_to_50x	false	12	0	0.8333333333333334	0.8333333333333334	0.8727648359652314	0.8181182605480358	high
router	SAMN36766227	30	FN	13580	Klebsiella pneumoniae	30_to_50x	true	12	0	0.8333333333333334	0.8333333333333334	0.9508635198395291	0.4398516235060339	high
router	SAMN36766227	31	FN	13121	Klebsiella pneumoniae	30_to_50x	true	12	0	0.5833333333333334	0.5833333333333334	0.9975926180795132	0.8977097434049893	high
router	SAMN36766227	32	FN	11388	Klebsiella pneumoniae	30_to_50x	true	12	0	0.8333333333333334	0.8333333333333334	0.9875647758701592	0.9029365976175341	high
router	SAMN36766227	34	FN	7560	Klebsiella pneumoniae	30_to_50x	false	12	0	0.6666666666666666	0.6666666666666666	0.7889023520731259	0.27154662691389203	high
router	SAMN36766227	35	FN	6841	Klebsiella pneumoniae	30_to_50x	true	12	0	0.9166666666666666	0.9166666666666666	0.9931544050611385	0.8879144831155961	high
router	SAMN36766227	37	FN	4528	Klebsiella pneumoniae	30_to_50x	true	12	0	0.8333333333333334	0.8333333333333334	0.9929225458808841	0.7744533196972883	high
router	SAMN36766227	42	FN	2341	Klebsiella pneumoniae	30_to_50x	false	12	0	0.6666666666666666	0.6666666666666666	0.7792781134159518	0.1939396337091484	high
router	SAMN36766227	47	FN	1648	Klebsiella pneumoniae	30_to_50x	false	12	0	0.6666666666666666	0.6666666666666666	0.7792781134159518	0.27655626292211755	high
router	SAMN36766227	48	FN	1640	Klebsiella pneumoniae	30_to_50x	true	12	0	0.75	0.75	0.9492724375550261	0.28092931525428744	high
router	SAMN36766227	50	FN	1419	Klebsiella pneumoniae	30_to_50x	false	12	0	0.7272727272727273	0.7272727272727273	0.8705147387133599	0.8356813440455678	high
router	SAMN36766227	51	FN	1399	Klebsiella pneumoniae	30_to_50x	false	12	0	0.7272727272727273	0.7272727272727273	0.8705147387133599	0.8356813440455678	high
router	SAMN36766227	52	FN	1380	Klebsiella pneumoniae	30_to_50x	false	12	0	0.7272727272727273	0.7272727272727273	0.8178592258974834	0.47101359190030195	high
router	SAMN36766227	58	FN	1108	Klebsiella pneumoniae	30_to_50x	false	12	0	0.7	0.7	0.5774360994936356	0.27103798336912943	high
router	SAMN36766227	59	FN	1106	Klebsiella pneumoniae	30_to_50x	true	12	0	0.8181818181818182	0.8181818181818182	0.9703096995214244	0.8721833012608501	high
router	SAMN37639060	40	FN	8406	Enterococcus faecalis	ge_100x	false	11	1	0.9	0.9	0.836016931435885	0.31899566177752153	high
router	SAMN37639060	45	FN	5508	Enterococcus faecalis	ge_100x	true	11	1	0.8181818181818182	0.8181818181818182	0.8395815054723568	0.8525206942225872	high
router	SAMN37639060	47	FN	4885	Enterococcus faecalis	ge_100x	false	11	1	0.3	0.7	0.7981520021679929	0.0036996720151891934	high
router	SAMN37639060	54	FN	2402	Enterococcus faecalis	ge_100x	false	11	1	0.7	0.7	0.8130394953315193	0.5562807067030688	high
router	SAMN37639060	56	FN	1918	Enterococcus faecalis	ge_100x	true	11	1	0.7	0.7	0.6133816695249825	0.40780504296276365	high
router	SAMN37639060	58	FN	1794	Enterococcus faecalis	ge_100x	false	11	1	0.8	0.8	0.8815586597602247	0.57713902180708	high
router	SAMN37639060	63	FN	1549	Enterococcus faecalis	ge_100x	false	11	1	0.7	0.7	0.6133816695249825	0.44958839712131315	high
router	SAMN37639060	64	FN	1536	Enterococcus faecalis	ge_100x	false	11	1	0.4444444444444444	0.5555555555555556	0.704270951856979	0.24827962784802018	high
router	SAMN37639060	70	FN	1060	Enterococcus faecalis	ge_100x	false	11	1	0.8	0.8	0.8815586597602247	0.6698972471673545	high
router	SAMN38182635	24	FN	46161	Serratia spp.	ge_100x	true	12	0	0.9166666666666666	0.9166666666666666	0.9990595195282134	0.9476253275789006	high
router	SAMN38203345	9	FN	62697	Enterococcus faecalis	ge_100x	true	12	0	0.8181818181818182	0.8181818181818182	0.9941097538018421	0.9287467386525936	high
router	SAMN38203345	11	FN	9581	Enterococcus faecalis	ge_100x	false	12	0	0.45454545454545453	0.5454545454545454	0.04391113282900423	0.42337438453622794	high
router	SAMN38203345	12	FN	4529	Enterococcus faecalis	ge_100x	false	12	0	0.6363636363636364	0.6363636363636364	0.8242539482520607	0.8610650390222534	high
router	SAMN38203345	13	FN	2638	Enterococcus faecalis	ge_100x	false	12	0	0.6363636363636364	0.6363636363636364	0.8242539482520607	0.8062433412651167	high
router	SAMN38673182	9	FN	68248	Enterococcus faecalis	ge_100x	true	12	0	0.75	0.75	0.8701194241485019	0.8529624972050981	high
router	SAMN38999337	16	FN	54785	Enterococcus faecium	ge_100x	true	12	0	0.7	0.7	0.6977069436403512	0.9128729992525975	high
router	SAMN38999337	20	FN	25386	Enterococcus faecium	ge_100x	false	12	0	0.7272727272727273	0.7272727272727273	0.5218803117744132	0.9481896803496421	high
router	SAMN38999337	21	FN	23466	Enterococcus faecium	ge_100x	false	12	0	0.7272727272727273	0.7272727272727273	0.7600160144229514	0.8853380522776025	high
router	SAMN38999337	23	FN	20118	Enterococcus faecium	ge_100x	false	12	0	0.8	0.8	0.7979923847373591	0.9526255612238385	high
router	SAMN38999337	25	FN	12857	Enterococcus faecium	ge_100x	false	12	0	0.7272727272727273	0.7272727272727273	0.5218803117744132	0.8487547271735166	high
router	SAMN38999337	26	FN	10493	Enterococcus faecium	ge_100x	false	12	0	0.5454545454545454	0.5454545454545454	0.11238132725857243	0.6788162609187567	high
router	SAMN38999337	31	FN	7498	Enterococcus faecium	ge_100x	false	12	0	0.7272727272727273	0.7272727272727273	0.8175024816909233	0.9228943807059237	high
router	SAMN38999337	32	FN	5098	Enterococcus faecium	ge_100x	false	12	0	0.6363636363636364	0.6363636363636364	0.6194629902269139	0.8771723016657909	high
router	SAMN38999337	33	FN	4838	Enterococcus faecium	ge_100x	false	12	0	0.8181818181818182	0.8181818181818182	0.8488630723085183	0.8115833484468905	high
router	SAMN38999337	34	FN	4071	Enterococcus faecium	ge_100x	true	12	0	0.8181818181818182	0.8181818181818182	0.8937203351298281	0.8807346719165097	high
router	SAMN38999337	37	FN	2651	Enterococcus faecium	ge_100x	false	12	0	0.7272727272727273	0.7272727272727273	0.887808295433477	0.8391628961343501	high
router	SAMN38999337	39	FN	2510	Enterococcus faecium	ge_100x	true	12	0	0.45454545454545453	0.5454545454545454	0.9817700205696802	0.5471895519324254	high
router	SAMN38999337	41	FN	2117	Enterococcus faecium	ge_100x	false	12	0	0.6363636363636364	0.6363636363636364	0.5350721749515018	0.6622190741112365	high
router	SAMN38999337	45	FN	1557	Enterococcus faecium	ge_100x	false	12	0	0.45454545454545453	0.5454545454545454	0.060355655881452516	0.5301571964108186	high
router	SAMN38999337	47	FN	1122	Enterococcus faecium	ge_100x	false	12	0	0.5454545454545454	0.5454545454545454	0.8236861132887235	0.8295964712595872	high
router	SAMN38999338	66	FN	9167	Enterococcus faecium	ge_100x	false	12	0	0.7	0.7	0.9220564628012747	0.4658127985726866	high
router	SAMN38999338	72	FN	7381	Enterococcus faecium	ge_100x	true	12	0	0.8181818181818182	0.8181818181818182	0.9584194035239814	0.5480665842795138	high
router	SAMN38999338	73	FN	7212	Enterococcus faecium	ge_100x	true	12	0	0.8333333333333334	0.8333333333333334	0.9508635198395291	0.9005842851509673	high
router	SAMN38999338	80	FN	6137	Enterococcus faecium	ge_100x	false	12	0	0.75	0.75	0.868993273587535	0.6404776384206534	high
router	SAMN38999338	92	FN	4650	Enterococcus faecium	ge_100x	true	12	0	0.9090909090909091	0.9090909090909091	0.976121211009001	0.9071033722549446	high
router	SAMN38999338	96	FN	4374	Enterococcus faecium	ge_100x	false	12	0	0.7272727272727273	0.7272727272727273	0.8175024816909233	0.38449475944282185	high
router	SAMN38999338	105	FN	2888	Enterococcus faecium	ge_100x	false	12	0	0.9	0.9	0.9029070398528599	0.8842937472673933	high
router	SAMN38999338	109	FN	2565	Enterococcus faecium	ge_100x	true	12	0	0.8181818181818182	0.8181818181818182	0.9760297891223917	0.8520584684399752	high
router	SAMN38999338	114	FN	2166	Enterococcus faecium	ge_100x	false	12	0	0.7	0.7	0.9220564628012747	0.37437835809768205	high
router	SAMN38999338	130	FN	1251	Enterococcus faecium	ge_100x	false	12	0	0.7272727272727273	0.7272727272727273	0.8933479043144746	0.7185643831472348	high
router	SAMN38999338	132	FN	1236	Enterococcus faecium	ge_100x	false	12	0	0.6	0.6	0.5445001804891717	0.2978075783239762	high
router	SAMN38999338	134	FN	1224	Enterococcus faecium	ge_100x	false	12	0	0.7272727272727273	0.7272727272727273	0.8933479043144746	0.7185643831472348	high
router	SAMN39551827	20	FN	4603	Enterobacter spp.	ge_100x	false	11	1	0.6363636363636364	0.6363636363636364	0.8646029633938349	0.9551070048013129	high
router	SAMN39551827	24	FN	1101	Enterobacter spp.	ge_100x	false	11	1	0.36363636363636365	0.6363636363636364	0.8642600631251203	0.8763283499132213	high
router	SAMN39551827	25	FN	1018	Enterobacter spp.	ge_100x	false	11	1	0.36363636363636365	0.6363636363636364	0.8642600631251203	0.8763283499132213	high
router	SAMN39551827	26	FN	1014	Enterobacter spp.	ge_100x	false	11	1	0.2727272727272727	0.7272727272727273	0.5705522725490784	0.06380591921904662	high
router	SAMN39551832	64	FP	2865	Enterobacter spp.	ge_100x	false	12	0	0.75	0.75	0.9492724375550261	0.42038277556513487	high
router	SAMN39551833	17	FN	5517	Enterobacter spp.	ge_100x	false	12	0	0.75	0.75	0.9137413354205492	0.8418839094090115	high
router	SAMN39551839	49	FN	20959	Enterobacter spp.	ge_100x	false	12	0	0.75	0.75	0.7849934510745252	0.976353487061496	high
router	SAMN39551839	55	FN	16323	Enterobacter spp.	ge_100x	false	12	0	0.6666666666666666	0.6666666666666666	0.7889023520731259	0.966888588543152	high
router	SAMN39551839	60	FN	11758	Enterobacter spp.	ge_100x	false	12	0	0.6666666666666666	0.6666666666666666	0.7276803953935368	0.8727633262738607	high
router	SAMN39551839	62	FN	8876	Enterobacter spp.	ge_100x	false	12	0	0.6363636363636364	0.6363636363636364	0.6093969934462551	0.957851759774846	high
router	SAMN39551839	63	FN	8747	Enterobacter spp.	ge_100x	false	12	0	0.75	0.75	0.9137413354205492	0.9324135752714592	high
router	SAMN39551839	65	FN	8373	Enterobacter spp.	ge_100x	false	12	0	0.3333333333333333	0.6666666666666666	0.7362779683315532	0.844962454110034	high
router	SAMN39551839	75	FN	3270	Enterobacter spp.	ge_100x	false	12	0	0.75	0.75	0.7896899118601343	0.68262118358818	high
router	SAMN39551839	77	FN	2770	Enterobacter spp.	ge_100x	false	12	0	0.4166666666666667	0.5833333333333334	0.8800141858960508	0.8653589818331037	high
router	SAMN39551839	91	FN	1242	Enterobacter spp.	ge_100x	false	12	0	0.7	0.7	0.9047139508530975	0.9473913944464033	high
router	SAMN39551839	96	FN	1176	Enterobacter spp.	ge_100x	false	12	0	0.7	0.7	0.7759819264665878	0.9782644157141216	high
router	SAMN39551859	14	FN	80780	Enterobacter spp.	ge_100x	true	12	0	0.9090909090909091	0.9090909090909091	0.9857568595095695	0.9278156421691592	high
router	SAMN39551859	19	FN	23485	Enterobacter spp.	ge_100x	true	12	0	0.9090909090909091	0.9090909090909091	0.9857568595095695	0.9488517476812601	high
router	SAMN39551859	20	FN	9682	Enterobacter spp.	ge_100x	true	12	0	0.8333333333333334	0.8333333333333334	0.9508635198395291	0.7014419642504071	high
router	SAMN39551862	54	FN	6556	Enterobacter spp.	ge_100x	false	12	0	0.75	0.75	0.7944342199327958	0.4084626164806429	high
router	SAMN39551862	57	FN	4265	Enterobacter spp.	ge_100x	false	12	0	0.08333333333333333	0.9166666666666666	0.0023477360266118638	0.0003976366672270445	high
router	SAMN39551862	60	FN	3460	Enterobacter spp.	ge_100x	false	12	0	0.6666666666666666	0.6666666666666666	0.666508408198521	0.595683452148735	high
router	SAMN39551862	61	FN	2914	Enterobacter spp.	ge_100x	false	12	0	0.75	0.75	0.7849934510745252	0.38823890534135064	high
router	SAMN39551862	64	FN	2495	Enterobacter spp.	ge_100x	false	12	0	0.08333333333333333	0.9166666666666666	0.0023477360266118638	0.0003976366672270445	high
router	SAMN39551862	69	FN	1338	Enterobacter spp.	ge_100x	false	12	0	0.7272727272727273	0.7272727272727273	0.8178592258974834	0.6225508568614073	high
router	SAMN39634308	37	FN	9527	Enterococcus faecalis	ge_100x	false	12	0	0.7272727272727273	0.7272727272727273	0.8175024816909233	0.5385490394182119	high
router	SAMN39634308	42	FP	6364	Enterococcus faecalis	ge_100x	false	12	0	0.7	0.7	0.932582079750544	0.4499840403989887	high
router	SAMN39634308	47	FN	3935	Enterococcus faecalis	ge_100x	false	12	0	0.9	0.9	0.9029070398528599	0.4832377082605236	high
router	SAMN39634308	48	FN	3911	Enterococcus faecalis	ge_100x	false	12	0	0.6363636363636364	0.6363636363636364	0.5924523728855021	0.2894745137427261	high
router	SAMN39634308	50	FN	2877	Enterococcus faecalis	ge_100x	false	12	0	0.8181818181818182	0.8181818181818182	0.8488630723085183	0.20325600300868835	high
router	SAMN39634308	52	FN	2461	Enterococcus faecalis	ge_100x	false	12	0	0.7272727272727273	0.7272727272727273	0.8483601213458016	0.13245312679103832	high
router	SAMN39634308	53	FN	1918	Enterococcus faecalis	ge_100x	true	12	0	0.5454545454545454	0.5454545454545454	0.1827815051923714	0.11861535707623845	high
router	SAMN39634310	4	FN	181156	Enterococcus faecalis	ge_100x	false	12	0	0.08333333333333333	0.9166666666666666	0.0008875923849391506	0.0003417903337840612	high
router	SAMN39634310	10	FN	120360	Enterococcus faecalis	ge_100x	false	12	0	0.2727272727272727	0.7272727272727273	0.0017488125703686084	0.001970205892693217	high
router	SAMN39634310	11	FN	103366	Enterococcus faecalis	ge_100x	false	12	0	0.0	1.0	0.0005025181506132203	0.0003417903337840612	high
router	SAMN39634310	14	FN	98898	Enterococcus faecalis	ge_100x	false	12	0	0.0	1.0	0.0005025181506132203	0.0003417903337840612	high
router	SAMN39634310	17	FN	71276	Enterococcus faecalis	ge_100x	false	12	0	0.8	0.8	0.919752115213786	0.922237922862156	high
router	SAMN39634310	20	FN	42784	Enterococcus faecalis	ge_100x	false	12	0	0.0	1.0	0.004013241517556705	0.001758677318658165	high
router	SAMN39634310	23	FN	26960	Enterococcus faecalis	ge_100x	false	12	0	0.8181818181818182	0.8181818181818182	0.8488630723085183	0.9591095049131195	high
router	SAMN39634310	25	FN	26531	Enterococcus faecalis	ge_100x	false	12	0	0.09090909090909091	0.9090909090909091	0.018944664021705894	0.002487911699179033	high
router	SAMN39634310	26	FN	25735	Enterococcus faecalis	ge_100x	false	12	0	0.45454545454545453	0.5454545454545454	0.027430054711151987	0.78501287180964	high
router	SAMN39634310	27	FN	22449	Enterococcus faecalis	ge_100x	false	12	0	0.0	1.0	0.004013241517556705	0.00187787284264091	high
router	SAMN39634310	30	FN	15356	Enterococcus faecalis	ge_100x	false	12	0	0.09090909090909091	0.9090909090909091	0.05262730758006551	0.004431971344582929	high
router	SAMN39634310	31	FN	12405	Enterococcus faecalis	ge_100x	false	12	0	0.09090909090909091	0.9090909090909091	0.018944664021705894	0.0032817325230362865	high
router	SAMN39634310	32	FN	11125	Enterococcus faecalis	ge_100x	false	12	0	0.36363636363636365	0.6363636363636364	0.0033203465540687076	0.3180228524939811	high
router	SAMN39634310	33	FN	10808	Enterococcus faecalis	ge_100x	false	12	0	0.5	0.5	0.3367783791382501	0.6324580124027566	high
router	SAMN39634310	34	FN	10636	Enterococcus faecalis	ge_100x	false	12	0	0.7272727272727273	0.7272727272727273	0.8483601213458016	0.8487547271735166	high
router	SAMN39634310	36	FN	7825	Enterococcus faecalis	ge_100x	false	12	0	0.08333333333333333	0.9166666666666666	0.01874023391234934	0.0037887513698301057	high
router	SAMN39634310	38	FN	5407	Enterococcus faecalis	ge_100x	false	12	0	0.08333333333333333	0.9166666666666666	0.01874023391234934	0.0037887513698301057	high
router	SAMN39634310	40	FN	4961	Enterococcus faecalis	ge_100x	false	12	0	0.8	0.8	0.7979923847373591	0.8420733450499406	high
router	SAMN39634310	41	FN	3721	Enterococcus faecalis	ge_100x	false	12	0	0.0	1.0	0.019011907462895737	0.002618643692293967	high
router	SAMN39724761	41	FN	9657	Klebsiella pneumoniae	ge_100x	true	12	0	0.9166666666666666	0.9166666666666666	0.9931544050611385	0.8912496130916091	high
router	SAMN39724761	44	FN	7336	Klebsiella pneumoniae	ge_100x	true	12	0	0.9166666666666666	0.9166666666666666	0.9931544050611385	0.8879144831155961	high
router	SAMN39724761	46	FN	5934	Klebsiella pneumoniae	ge_100x	true	12	0	1.0	1.0	0.9998869742013504	0.9202517633208327	high
router	SAMN39724761	47	FN	5096	Klebsiella pneumoniae	ge_100x	true	12	0	0.9166666666666666	0.9166666666666666	0.9931544050611385	0.9007032353933848	high
router	SAMN39724761	50	FN	4067	Klebsiella pneumoniae	ge_100x	true	12	0	0.9166666666666666	0.9166666666666666	0.9931544050611385	0.8444463000759739	high
router	SAMN39724761	53	FN	3232	Klebsiella pneumoniae	ge_100x	true	12	0	0.9166666666666666	0.9166666666666666	0.9931544050611385	0.8444463000759739	high
router	SAMN39888444	11	FN	63313	Enterococcus faecalis	ge_100x	false	11	1	0.8	0.8	0.7486629953529299	0.8418935125306549	high
router	SAMN39888444	12	FN	46423	Enterococcus faecalis	ge_100x	false	11	1	0.7	0.7	0.37493867099893713	0.8095266709725519	high
router	SAMN39888444	21	FP	3710	Enterococcus faecalis	ge_100x	false	11	1	1.0	1.0	0.9728332078463173	0.7860396246796849	high
router	SAMN39939912	10	FN	45596	Enterococcus faecalis	ge_100x	true	12	0	0.5833333333333334	0.5833333333333334	0.9900777876987795	0.8016253178104994	high
router	SAMN39939912	15	FN	7625	Enterococcus faecalis	ge_100x	true	12	0	0.7272727272727273	0.7272727272727273	0.85466062100911	0.6439740107630815	high
router	SAMN39939912	16	FN	3910	Enterococcus faecalis	ge_100x	false	12	0	0.6363636363636364	0.6363636363636364	0.5350721749515018	0.6439740107630815	high
router	SAMN40123770	19	FN	111294	Klebsiella pneumoniae	ge_100x	true	12	0	0.8333333333333334	0.8333333333333334	0.9986249460710745	0.7686682189784926	high
router	SAMN40123770	42	FN	13565	Klebsiella pneumoniae	ge_100x	false	12	0	0.75	0.75	0.8453536497494889	0.9288100866079247	high
router	SAMN40123770	48	FN	10094	Klebsiella pneumoniae	ge_100x	false	12	0	0.3333333333333333	0.6666666666666666	0.6909218837525446	0.6227489337208495	high
router	SAMN40123770	56	FN	4924	Klebsiella pneumoniae	ge_100x	false	12	0	0.6666666666666666	0.6666666666666666	0.7495178318541625	0.9212024086075086	high
router	SAMN40123770	58	FN	2758	Klebsiella pneumoniae	ge_100x	false	12	0	0.8181818181818182	0.8181818181818182	0.870955385716696	0.8765057495534319	high
router	SAMN40123770	60	FN	2494	Klebsiella pneumoniae	ge_100x	true	12	0	0.75	0.75	0.9635954046298301	0.7945132669438971	high
router	SAMN40123770	64	FN	2127	Klebsiella pneumoniae	ge_100x	true	12	0	0.8181818181818182	0.8181818181818182	0.9703096995214244	0.8509076139467217	high
router	SAMN40123770	74	FN	1100	Klebsiella pneumoniae	ge_100x	false	12	0	0.5454545454545454	0.5454545454545454	0.18483783893615535	0.8645062171491219	high
router	SAMN40123770	75	FN	1085	Klebsiella pneumoniae	ge_100x	true	12	0	0.8181818181818182	0.8181818181818182	0.9703096995214244	0.9309529931903515	high
router	SAMN40323370	11	FN	57972	Enterococcus faecalis	ge_100x	false	11	1	0.7	0.7	0.37493867099893713	0.4490389199737038	high
router	SAMN40323370	25	FN	4146	Enterococcus faecalis	ge_100x	true	11	1	0.9	0.9	0.8841666413000097	0.501868996938223	high
router	SAMN40323370	28	FN	2514	Enterococcus faecalis	ge_100x	true	11	1	0.5	0.5	0.9872711255076303	0.17327813192639102	high
router	SAMN40323371	28	FN	32597	Enterococcus faecium	50_to_75x	false	12	0	0.6	0.6	0.71603894108483	0.9138675447821764	high
router	SAMN40323371	44	FN	12799	Enterococcus faecium	50_to_75x	false	12	0	0.6363636363636364	0.6363636363636364	0.22095549681520935	0.9428775322257009	high
router	SAMN40323371	57	FN	7118	Enterococcus faecium	50_to_75x	false	12	0	0.5	0.5	0.13516633235692813	0.8690989608022368	high
router	SAMN40323371	68	FN	3661	Enterococcus faecium	50_to_75x	false	12	0	0.7272727272727273	0.7272727272727273	0.8760331721200042	0.863660580203619	high
router	SAMN40323371	69	FN	3486	Enterococcus faecium	50_to_75x	false	12	0	0.6363636363636364	0.6363636363636364	0.8252686979418431	0.9033739599699832	high
router	SAMN40323371	74	FN	2512	Enterococcus faecium	50_to_75x	true	12	0	0.45454545454545453	0.5454545454545454	0.9817700205696802	0.6857149812954805	high
router	SAMN40323371	79	FN	1733	Enterococcus faecium	50_to_75x	false	12	0	0.6363636363636364	0.6363636363636364	0.47957140434164397	0.8949049034497977	high
router	SAMN40323371	80	FN	1609	Enterococcus faecium	50_to_75x	false	12	0	0.8181818181818182	0.8181818181818182	0.8881976497022714	0.9748801385232939	high
router	SAMN40323371	81	FN	1372	Enterococcus faecium	50_to_75x	false	12	0	0.2	0.8	0.014520324261954938	0.006458638371598739	high
router	SAMN40323371	87	FN	1018	Enterococcus faecium	50_to_75x	false	12	0	0.18181818181818182	0.8181818181818182	0.21024831444111577	0.006458638371598739	high
router	SAMN42392509	19	FN	14908	Enterobacter spp.	30_to_50x	false	12	0	0.6666666666666666	0.6666666666666666	0.6790244802303577	0.5278142784664308	high
router	SAMN42392509	20	FN	12325	Enterobacter spp.	30_to_50x	true	12	0	0.6666666666666666	0.6666666666666666	0.6790244802303577	0.5278142784664308	high
router	SAMN42392509	21	FN	6625	Enterobacter spp.	30_to_50x	false	12	0	0.6666666666666666	0.6666666666666666	0.6790244802303577	0.511352024654024	high
router	SAMN42392509	23	FN	2695	Enterobacter spp.	30_to_50x	false	12	0	0.5833333333333334	0.5833333333333334	0.9123720989070611	0.44149219734870926	high
router	SAMN42392509	24	FN	2425	Enterobacter spp.	30_to_50x	false	12	0	0.6666666666666666	0.6666666666666666	0.9110606383483703	0.44149219734870926	high
router	SAMN42392509	27	FN	1382	Enterobacter spp.	30_to_50x	false	12	0	0.3333333333333333	0.6666666666666666	0.900702896221801	0.28734732022004483	high
router	SAMN42392509	28	FN	1331	Enterobacter spp.	30_to_50x	false	12	0	0.5454545454545454	0.5454545454545454	0.3424688900484892	0.3826157109118204	high
router	SAMN43844647	41	FN	2486	Klebsiella pneumoniae	ge_100x	false	12	0	0.6363636363636364	0.6363636363636364	0.5664503588529591	0.9471178858975738	high
router	SAMN44510955	32	FN	10478	Citrobacter spp.	75_to_100x	true	12	0	0.8333333333333334	0.8333333333333334	0.9647539237935542	0.9050204699639626	high
router	SAMN44510955	34	FN	6972	Citrobacter spp.	75_to_100x	false	12	0	0.6666666666666666	0.6666666666666666	0.47943545985272534	0.6920005348380276	high
router	SAMN44510955	36	FN	6031	Citrobacter spp.	75_to_100x	true	12	0	0.9166666666666666	0.9166666666666666	0.9931544050611385	0.8879144831155961	high
router	SAMN44510955	37	FN	5941	Citrobacter spp.	75_to_100x	true	12	0	0.8333333333333334	0.8333333333333334	0.9647539237935542	0.7458175698010712	high
router	SAMN44510955	55	FP	1472	Citrobacter spp.	75_to_100x	false	12	0	0.6363636363636364	0.6363636363636364	0.9760184397863514	0.7487351135100208	high
router	SAMN44510955	58	FN	1316	Citrobacter spp.	75_to_100x	true	12	0	0.8	0.8	0.9420308381334653	0.6957223780699942	high
router	SAMN46230708	16	FN	56913	Enterococcus faecalis	ge_100x	false	11	1	0.7	0.7	0.37493867099893713	0.4490389199737038	high
router	SAMN46230708	20	FN	33441	Enterococcus faecalis	ge_100x	true	11	1	1.0	1.0	0.9951618360350462	0.9490327496792533	high
router	SAMN46230708	28	FN	4943	Enterococcus faecalis	ge_100x	false	11	1	0.7777777777777778	0.7777777777777778	0.9273057891077453	0.5367259465200046	high
router	SAMN46230708	30	FN	1918	Enterococcus faecalis	ge_100x	true	11	1	0.5	0.5	0.11658508298662129	0.12267824166857876	high
router	SAMN46230709	12	FN	30416	Enterococcus faecalis	30_to_50x	false	12	0	0.2727272727272727	0.7272727272727273	0.7439602219814591	0.01808313241699039	high
router	SAMN46230709	24	FN	1262	Enterococcus faecalis	30_to_50x	false	12	0	0.5454545454545454	0.5454545454545454	0.3935474404745652	0.6141043450026448	high
router	SAMN46230710	13	FN	59278	Enterococcus faecalis	ge_100x	false	12	0	0.7272727272727273	0.7272727272727273	0.5218803117744132	0.6708548184600552	high
router	SAMN46343359	18	FN	16129	Citrobacter spp.	75_to_100x	false	12	0	0.6666666666666666	0.6666666666666666	0.7495178318541625	0.8418627344849303	high
router	SAMN46343359	31	FN	1889	Citrobacter spp.	75_to_100x	false	12	0	0.3333333333333333	0.6666666666666666	0.9276949578552948	0.39676822043454824	high
router	SAMN46474773	20	FN	86578	Serratia spp.	ge_100x	false	12	0	0.75	0.75	0.9137413354205492	0.46417691851908305	high
router	SAMN46474773	21	FN	83261	Serratia spp.	ge_100x	false	12	0	0.25	0.75	0.7327042193500809	0.003726610852604671	high
router	SAMN46474773	28	FN	42316	Serratia spp.	ge_100x	false	12	0	0.75	0.75	0.9137413354205492	0.5030192256018056	high
router	SAMN46474773	33	FN	33229	Serratia spp.	ge_100x	false	12	0	0.45454545454545453	0.5454545454545454	0.015714500485257007	0.04314412993503462	high
router	SAMN46474773	40	FN	13587	Serratia spp.	ge_100x	false	12	0	0.75	0.75	0.9137413354205492	0.40683897504113525	high
router	SAMN46474773	41	FN	13483	Serratia spp.	ge_100x	false	12	0	0.6666666666666666	0.6666666666666666	0.6790244802303577	0.39805312477696403	high
router	SAMN46474823	23	FN	40341	Serratia spp.	ge_100x	false	12	0	0.6666666666666666	0.6666666666666666	0.666508408198521	0.5740946398760095	high
router	SAMN46474823	32	FN	25551	Serratia spp.	ge_100x	false	12	0	0.25	0.75	0.32322501598904907	0.005322256287911205	high
router	SAMN46474823	36	FN	21078	Serratia spp.	ge_100x	false	12	0	0.5833333333333334	0.5833333333333334	0.3351738164934949	0.87289619775845	high
router	SAMN46474823	40	FN	11519	Serratia spp.	ge_100x	false	12	0	0.5	0.5	0.13281070588314375	0.22422764777421647	high
router	SAMN46474823	41	FN	11362	Serratia spp.	ge_100x	false	12	0	0.6666666666666666	0.6666666666666666	0.6790244802303577	0.4886318481647841	high
router	SAMN46474823	44	FN	8715	Serratia spp.	ge_100x	false	12	0	0.16666666666666666	0.8333333333333334	0.03425517176597511	0.00255713428628264	high
router	SAMN46474823	45	FN	7323	Serratia spp.	ge_100x	false	12	0	0.08333333333333333	0.9166666666666666	0.01874023391234934	0.002063377814315519	high
router	SAMN46474823	49	FN	5526	Serratia spp.	ge_100x	false	12	0	0.5833333333333334	0.5833333333333334	0.28526982757881375	0.4721696359839275	high
router	SAMN46474823	50	FN	5302	Serratia spp.	ge_100x	false	12	0	0.5	0.5	0.06300945799490247	0.2339777032307853	high
router	SAMN46474823	51	FN	5010	Serratia spp.	ge_100x	false	12	0	0.7272727272727273	0.7272727272727273	0.8892312567067122	0.7343673748893629	high
router	SAMN46474823	55	FN	1812	Serratia spp.	ge_100x	false	12	0	0.3	0.7	0.21880726043725096	0.004430525243676141	high
router	SAMN46474823	62	FN	1064	Serratia spp.	ge_100x	false	12	0	0.16666666666666666	0.8333333333333334	0.08205545950840865	0.005069139447332432	high
router	SAMN46544982	88	FN	2231	Klebsiella pneumoniae	50_to_75x	true	12	0	0.75	0.75	0.9492724375550261	0.920801058408718	high
router	SAMN46544982	90	FN	2186	Klebsiella pneumoniae	50_to_75x	true	12	0	0.75	0.75	0.9635954046298301	0.9389327156973939	high
router	SAMN46544982	91	FN	2137	Klebsiella pneumoniae	50_to_75x	true	12	0	0.75	0.75	0.9492724375550261	0.920801058408718	high
router	SAMN46544982	97	FN	1657	Klebsiella pneumoniae	50_to_75x	false	12	0	0.7	0.7	0.7759819264665878	0.9686108905974837	high
router	SAMN46544982	109	FN	1159	Klebsiella pneumoniae	50_to_75x	false	12	0	0.45454545454545453	0.5454545454545454	0.636548494491201	0.9283915868745917	high
router	SAMN46716616	89	FN	9296	Enterococcus faecium	ge_100x	false	12	0	0.8888888888888888	0.8888888888888888	0.8181153136535995	0.9205752605052169	high
router	SAMN46716616	99	FN	7703	Enterococcus faecium	ge_100x	true	12	0	0.9090909090909091	0.9090909090909091	0.976121211009001	0.8684213988561268	high
router	SAMN46716616	111	FN	6070	Enterococcus faecium	ge_100x	false	12	0	0.6666666666666666	0.6666666666666666	0.7840650748740505	0.08389023606483663	high
router	SAMN46716616	138	FN	3869	Enterococcus faecium	ge_100x	false	12	0	0.7272727272727273	0.7272727272727273	0.7600160144229514	0.2154713481661654	high
router	SAMN46716616	151	FN	3207	Enterococcus faecium	ge_100x	true	12	0	0.75	0.75	0.5641119225002442	0.43337734897181424	high
router	SAMN46716616	154	FN	3070	Enterococcus faecium	ge_100x	false	12	0	0.6666666666666666	0.6666666666666666	0.5191034953371234	0.8029753818238592	high
router	SAMN46716616	157	FN	2964	Enterococcus faecium	ge_100x	false	12	0	0.8	0.8	0.919752115213786	0.4361665327127485	high
router	SAMN46716616	161	FN	2740	Enterococcus faecium	ge_100x	false	12	0	0.8	0.8	0.919752115213786	0.4361665327127485	high
router	SAMN46716616	165	FN	2635	Enterococcus faecium	ge_100x	false	12	0	0.6363636363636364	0.6363636363636364	0.7593012364223598	0.2154713481661654	high
router	SAMN46716616	167	FN	2605	Enterococcus faecium	ge_100x	false	12	0	0.7272727272727273	0.7272727272727273	0.7600160144229514	0.2154713481661654	high
router	SAMN46716616	172	FN	2417	Enterococcus faecium	ge_100x	true	12	0	0.8	0.8	0.9529348266788944	0.8500786417364861	high
router	SAMN46716616	176	FN	2288	Enterococcus faecium	ge_100x	false	12	0	0.7272727272727273	0.7272727272727273	0.8483601213458016	0.6407423642723972	high
router	SAMN46716616	178	FN	2195	Enterococcus faecium	ge_100x	false	12	0	0.6363636363636364	0.6363636363636364	0.7593012364223598	0.20086752162254973	high
router	SAMN46716616	180	FN	2073	Enterococcus faecium	ge_100x	false	12	0	0.7	0.7	0.9220564628012747	0.27997730877448457	high
router	SAMN46716616	188	FN	1896	Enterococcus faecium	ge_100x	false	12	0	0.7	0.7	0.9220564628012747	0.27997730877448457	high
router	SAMN46716616	193	FN	1646	Enterococcus faecium	ge_100x	false	12	0	0.45454545454545453	0.5454545454545454	0.07564026549790245	0.0936439280912632	high
router	SAMN46716616	196	FN	1541	Enterococcus faecium	ge_100x	false	12	0	0.6363636363636364	0.6363636363636364	0.7593012364223598	0.2139600647395701	high
router	SAMN46716616	206	FN	1411	Enterococcus faecium	ge_100x	true	12	0	0.7272727272727273	0.7272727272727273	0.9305445811467162	0.8184204328487092	high
router	SAMN46716616	211	FN	1353	Enterococcus faecium	ge_100x	false	12	0	0.7	0.7	0.9220564628012747	0.2963142692994298	high
router	SAMN46716616	216	FN	1296	Enterococcus faecium	ge_100x	false	12	0	0.2727272727272727	0.7272727272727273	0.67258603090158	0.0018365485796481289	high
router	SAMN46716616	217	FN	1288	Enterococcus faecium	ge_100x	false	12	0	0.6363636363636364	0.6363636363636364	0.7593012364223598	0.2139600647395701	high
router	SAMN46716616	218	FN	1274	Enterococcus faecium	ge_100x	false	12	0	0.5454545454545454	0.5454545454545454	0.3800626999791391	0.2139600647395701	high
router	SAMN46716616	222	FN	1140	Enterococcus faecium	ge_100x	false	12	0	0.7272727272727273	0.7272727272727273	0.8483601213458016	0.6588672998537486	high
router	SAMN46716616	223	FN	1106	Enterococcus faecium	ge_100x	false	12	0	0.7	0.7	0.9220564628012747	0.2963142692994298	high
router	SAMN46716616	224	FN	1102	Enterococcus faecium	ge_100x	false	12	0	0.4444444444444444	0.5555555555555556	0.08572491556055821	0.1940301556867613	high
router	SAMN46716619	40	FN	25463	Enterococcus faecium	ge_100x	false	12	0	0.8181818181818182	0.8181818181818182	0.8488630723085183	0.9331016215238109	high
router	SAMN46716619	60	FN	13728	Enterococcus faecium	ge_100x	false	12	0	0.7272727272727273	0.7272727272727273	0.7600160144229514	0.3367781134262019	high
router	SAMN46716619	66	FN	12498	Enterococcus faecium	ge_100x	false	12	0	0.8181818181818182	0.8181818181818182	0.8488630723085183	0.8891960394183239	high
router	SAMN46716619	73	FN	9747	Enterococcus faecium	ge_100x	false	12	0	0.7272727272727273	0.7272727272727273	0.8483601213458016	0.7896646183346219	high
router	SAMN46716619	74	FN	9489	Enterococcus faecium	ge_100x	false	12	0	0.8181818181818182	0.8181818181818182	0.8488630723085183	0.8838378924585432	high
router	SAMN46716619	75	FN	9288	Enterococcus faecium	ge_100x	false	12	0	0.7272727272727273	0.7272727272727273	0.7600160144229514	0.33008157063266286	high
router	SAMN46716619	84	FN	6476	Enterococcus faecium	ge_100x	false	12	0	0.8181818181818182	0.8181818181818182	0.8488630723085183	0.8838378924585432	high
router	SAMN46716619	88	FN	6225	Enterococcus faecium	ge_100x	false	12	0	0.7272727272727273	0.7272727272727273	0.770510343820904	0.7427861444451626	high
router	SAMN46716619	90	FN	5880	Enterococcus faecium	ge_100x	false	12	0	0.8181818181818182	0.8181818181818182	0.8488630723085183	0.8838378924585432	high
router	SAMN46716619	94	FN	5341	Enterococcus faecium	ge_100x	false	12	0	0.8	0.8	0.919752115213786	0.6380789289075074	high
router	SAMN46716619	96	FN	5175	Enterococcus faecium	ge_100x	true	12	0	0.8888888888888888	0.8888888888888888	0.9698708433446674	0.9469134543453483	high
router	SAMN46716619	98	FN	4815	Enterococcus faecium	ge_100x	false	12	0	0.8181818181818182	0.8181818181818182	0.8488630723085183	0.8838378924585432	high
router	SAMN46716619	99	FN	4611	Enterococcus faecium	ge_100x	false	12	0	0.8181818181818182	0.8181818181818182	0.8488630723085183	0.8838378924585432	high
router	SAMN46716619	112	FN	3118	Enterococcus faecium	ge_100x	false	12	0	0.75	0.75	0.9137413354205492	0.4213165434105585	high
router	SAMN46716619	117	FN	2362	Enterococcus faecium	ge_100x	false	12	0	0.6363636363636364	0.6363636363636364	0.7593012364223598	0.31515443211466815	high
router	SAMN46716619	118	FN	2255	Enterococcus faecium	ge_100x	false	12	0	0.6363636363636364	0.6363636363636364	0.5350721749515018	0.7569697986923898	high
router	SAMN46716619	119	FN	2006	Enterococcus faecium	ge_100x	false	12	0	0.7272727272727273	0.7272727272727273	0.8483601213458016	0.7655474948526491	high
router	SAMN46716619	125	FN	1769	Enterococcus faecium	ge_100x	false	12	0	0.6666666666666666	0.6666666666666666	0.8251901391048131	0.7807061792498857	high
router	SAMN46716619	126	FN	1674	Enterococcus faecium	ge_100x	true	12	0	0.8181818181818182	0.8181818181818182	0.9760297891223917	0.844346970973892	high
router	SAMN46716619	135	FN	1265	Enterococcus faecium	ge_100x	false	12	0	0.5454545454545454	0.5454545454545454	0.3935474404745652	0.32220252022088414	high
router	SAMN46716619	136	FN	1252	Enterococcus faecium	ge_100x	false	12	0	0.7	0.7	0.9220564628012747	0.39321549515465115	high
router	SAMN46716619	145	FN	1004	Enterococcus faecium	ge_100x	false	12	0	0.7272727272727273	0.7272727272727273	0.8483601213458016	0.7795423071588461	high
router	SAMN46716648	38	FN	27015	Enterococcus faecium	ge_100x	false	12	0	0.7272727272727273	0.7272727272727273	0.7600160144229514	0.24929971306092738	high
router	SAMN46716648	77	FN	9727	Enterococcus faecium	ge_100x	false	12	0	0.8	0.8	0.919752115213786	0.5288750737043378	high
router	SAMN46716648	82	FN	8557	Enterococcus faecium	ge_100x	false	12	0	0.7272727272727273	0.7272727272727273	0.7600160144229514	0.21205765797758466	high
router	SAMN46716648	86	FN	7703	Enterococcus faecium	ge_100x	true	12	0	0.9090909090909091	0.9090909090909091	0.976121211009001	0.8684213988561268	high
router	SAMN46716648	93	FN	6883	Enterococcus faecium	ge_100x	false	12	0	0.7272727272727273	0.7272727272727273	0.7600160144229514	0.21205765797758466	high
router	SAMN46716648	99	FN	6069	Enterococcus faecium	ge_100x	false	12	0	0.6666666666666666	0.6666666666666666	0.46943185639990775	0.5026303552898591	high
router	SAMN46716648	104	FN	5728	Enterococcus faecium	ge_100x	false	12	0	0.8181818181818182	0.8181818181818182	0.8488630723085183	0.8060485981083086	high
router	SAMN46716648	109	FN	5082	Enterococcus faecium	ge_100x	false	12	0	0.7272727272727273	0.7272727272727273	0.8483601213458016	0.6722004853130973	high
router	SAMN46716648	115	FN	4422	Enterococcus faecium	ge_100x	false	12	0	0.7272727272727273	0.7272727272727273	0.7600160144229514	0.2154713481661654	high
router	SAMN46716648	118	FN	3691	Enterococcus faecium	ge_100x	false	12	0	0.7272727272727273	0.7272727272727273	0.7600160144229514	0.2154713481661654	high
router	SAMN46716648	119	FN	3288	Enterococcus faecium	ge_100x	false	12	0	0.8181818181818182	0.8181818181818182	0.8488630723085183	0.8060485981083086	high
router	SAMN46716648	122	FN	3244	Enterococcus faecium	ge_100x	false	12	0	0.8181818181818182	0.8181818181818182	0.8488630723085183	0.8060485981083086	high
router	SAMN46716648	126	FN	3206	Enterococcus faecium	ge_100x	true	12	0	0.75	0.75	0.5641119225002442	0.43337734897181424	high
router	SAMN46716648	128	FN	3093	Enterococcus faecium	ge_100x	false	12	0	0.7272727272727273	0.7272727272727273	0.7600160144229514	0.2154713481661654	high
router	SAMN46716648	129	FN	3078	Enterococcus faecium	ge_100x	false	12	0	0.8181818181818182	0.8181818181818182	0.8488630723085183	0.8060485981083086	high
router	SAMN46716648	132	FN	2790	Enterococcus faecium	ge_100x	false	12	0	0.8181818181818182	0.8181818181818182	0.8488630723085183	0.8060485981083086	high
router	SAMN46716648	134	FN	2417	Enterococcus faecium	ge_100x	true	12	0	0.8181818181818182	0.8181818181818182	0.9760297891223917	0.7891388931876211	high
router	SAMN46716648	137	FN	2273	Enterococcus faecium	ge_100x	false	12	0	0.6363636363636364	0.6363636363636364	0.7593012364223598	0.20086752162254973	high
router	SAMN46716648	139	FN	2072	Enterococcus faecium	ge_100x	false	12	0	0.6363636363636364	0.6363636363636364	0.7593012364223598	0.20086752162254973	high
router	SAMN46716648	146	FN	1756	Enterococcus faecium	ge_100x	false	12	0	0.6363636363636364	0.6363636363636364	0.8169176780525376	0.22815234774400717	high
router	SAMN46716648	152	FN	1474	Enterococcus faecium	ge_100x	false	12	0	0.6363636363636364	0.6363636363636364	0.8252686979418431	0.22815234774400717	high
router	SAMN46716648	155	FN	1421	Enterococcus faecium	ge_100x	false	12	0	0.5	0.5	0.851466321464642	0.6170050690661771	high
router	SAMN46716648	157	FN	1411	Enterococcus faecium	ge_100x	true	12	0	0.7272727272727273	0.7272727272727273	0.9305445811467162	0.8184204328487092	high
router	SAMN46716648	158	FN	1408	Enterococcus faecium	ge_100x	false	12	0	0.6363636363636364	0.6363636363636364	0.7593012364223598	0.2139600647395701	high
router	SAMN46716648	163	FN	1363	Enterococcus faecium	ge_100x	false	12	0	0.6	0.6	0.71603894108483	0.2963142692994298	high
router	SAMN46716648	164	FN	1343	Enterococcus faecium	ge_100x	false	12	0	0.7	0.7	0.6716956763018966	0.7272187239936514	high
router	SAMN46716648	169	FN	1218	Enterococcus faecium	ge_100x	false	12	0	0.7	0.7	0.8118825015391135	0.7249066052856756	high
router	SAMN46716648	171	FN	1139	Enterococcus faecium	ge_100x	false	12	0	0.6	0.6	0.71603894108483	0.2963142692994298	high
router	SAMN46716649	14	FN	54076	Enterococcus faecium	ge_100x	false	11	1	0.6363636363636364	0.6363636363636364	0.810067933878807	0.4837537187756103	high
router	SAMN46716649	48	FN	19611	Enterococcus faecium	ge_100x	false	11	1	0.7272727272727273	0.7272727272727273	0.8889690295622059	0.9032380394397348	high
router	SAMN46716649	50	FN	18949	Enterococcus faecium	ge_100x	true	11	1	0.8	0.8	0.8727752321470728	0.8743634496584034	high
router	SAMN46716649	61	FN	14918	Enterococcus faecium	ge_100x	false	11	1	0.8	0.8	0.9195556048878598	0.9031424066002206	high
router	SAMN46716649	72	FN	10667	Enterococcus faecium	ge_100x	false	11	1	0.6	0.6	0.8733125935987981	0.3316866719252991	high
router	SAMN46716649	79	FN	8277	Enterococcus faecium	ge_100x	false	11	1	0.6363636363636364	0.6363636363636364	0.5166343287597372	0.10604264163419287	high
router	SAMN46716649	86	FN	6683	Enterococcus faecium	ge_100x	false	11	1	0.8	0.8	0.9195556048878598	0.9172416707301149	high
router	SAMN46716649	88	FN	5881	Enterococcus faecium	ge_100x	false	11	1	0.8	0.8	0.9195556048878598	0.9172416707301149	high
router	SAMN46716649	94	FN	4815	Enterococcus faecium	ge_100x	false	11	1	0.7	0.7	0.869770701700701	0.329513634386102	high
router	SAMN46716649	98	FN	3820	Enterococcus faecium	ge_100x	false	11	1	0.7	0.7	0.9218651159683652	0.8454124947665329	high
router	SAMN46716649	102	FN	3126	Enterococcus faecium	ge_100x	false	11	1	0.7	0.7	0.9218651159683652	0.8454124947665329	high
router	SAMN46716649	107	FN	2470	Enterococcus faecium	ge_100x	false	11	1	0.7	0.7	0.9218651159683652	0.8454124947665329	high
router	SAMN46716649	110	FN	2363	Enterococcus faecium	ge_100x	false	11	1	0.6	0.6	0.8733125935987981	0.3102369804246304	high
router	SAMN46716649	113	FN	2066	Enterococcus faecium	ge_100x	false	11	1	0.6	0.6	0.7154978866905327	0.8268174609900435	high
router	SAMN46716649	116	FN	1761	Enterococcus faecium	ge_100x	false	11	1	0.7	0.7	0.9218651159683652	0.8442374797763327	high
router	SAMN46716649	117	FN	1662	Enterococcus faecium	ge_100x	true	11	1	0.7777777777777778	0.7777777777777778	0.9766704196600473	0.8614191896834398	high
router	SAMN46716649	127	FN	1313	Enterococcus faecium	ge_100x	false	11	1	0.6	0.6	0.7154978866905327	0.8379292494141416	high
router	SAMN46716649	134	FN	1060	Enterococcus faecium	ge_100x	false	11	1	0.6666666666666666	0.6666666666666666	0.9031002293855562	0.8556878560108176	high
router	SAMN46778011	39	FN	37771	Klebsiella pneumoniae	50_to_75x	false	12	0	0.75	0.75	0.7944342199327958	0.9119138296862782	high
router	SAMN46778011	56	FN	23022	Klebsiella pneumoniae	50_to_75x	true	12	0	0.9166666666666666	0.9166666666666666	0.9996756519149296	0.8850095633525192	high
router	SAMN46778011	66	FN	14747	Klebsiella pneumoniae	50_to_75x	false	12	0	0.6666666666666666	0.6666666666666666	0.666508408198521	0.44467442385504424	high
router	SAMN46778011	70	FN	12709	Klebsiella pneumoniae	50_to_75x	false	12	0	0.7272727272727273	0.7272727272727273	0.8892312567067122	0.6044002861545151	high
router	SAMN46778011	72	FN	11077	Klebsiella pneumoniae	50_to_75x	false	12	0	0.6666666666666666	0.6666666666666666	0.9150169547806626	0.44467442385504424	high
router	SAMN46778011	93	FN	4095	Klebsiella pneumoniae	50_to_75x	false	12	0	0.8181818181818182	0.8181818181818182	0.8184416904444722	0.9414179023242721	high
router	SAMN46778011	103	FN	2582	Klebsiella pneumoniae	50_to_75x	false	12	0	0.75	0.75	0.7849934510745252	0.844747070683002	high
router	SAMN46778011	106	FN	2348	Klebsiella pneumoniae	50_to_75x	false	12	0	0.7272727272727273	0.7272727272727273	0.8251658420119253	0.8568547117366316	high
router	SAMN46778011	116	FN	1901	Klebsiella pneumoniae	50_to_75x	false	12	0	0.3333333333333333	0.6666666666666666	0.900702896221801	0.21840527440496618	high
router	SAMN46778011	120	FN	1705	Klebsiella pneumoniae	50_to_75x	false	12	0	0.7272727272727273	0.7272727272727273	0.8178592258974834	0.8934247039493078	high
router	SAMN46778011	125	FN	1391	Klebsiella pneumoniae	50_to_75x	false	12	0	0.7	0.7	0.7759819264665878	0.9120100997549213	high
router	SAMN46778011	127	FN	1365	Klebsiella pneumoniae	50_to_75x	false	12	0	0.6363636363636364	0.6363636363636364	0.7268704781781318	0.4296597071746281	high
router	SAMN46778011	131	FN	1201	Klebsiella pneumoniae	50_to_75x	false	12	0	0.5454545454545454	0.5454545454545454	0.7260925572808957	0.4296597071746281	high
router	SAMN46778011	133	FN	1133	Klebsiella pneumoniae	50_to_75x	false	12	0	0.7272727272727273	0.7272727272727273	0.8251658420119253	0.8934247039493078	high
router	SAMN46778011	135	FN	1080	Klebsiella pneumoniae	50_to_75x	false	12	0	0.7272727272727273	0.7272727272727273	0.8251658420119253	0.8934247039493078	high
router	SAMN46778011	136	FN	1079	Klebsiella pneumoniae	50_to_75x	false	12	0	0.6363636363636364	0.6363636363636364	0.7268704781781318	0.4296597071746281	high
router	SAMN46778011	137	FN	1062	Klebsiella pneumoniae	50_to_75x	false	12	0	0.6363636363636364	0.6363636363636364	0.7268704781781318	0.4296597071746281	high
router	SAMN46862811	44	FN	2455	Klebsiella pneumoniae	50_to_75x	false	12	0	0.7272727272727273	0.7272727272727273	0.8705147387133599	0.7444524795808309	high
router	SAMN46862811	50	FN	1622	Klebsiella pneumoniae	50_to_75x	false	12	0	0.45454545454545453	0.5454545454545454	0.877863828984629	0.5471127083702946	high
router	SAMN46862817	56	FN	15884	Klebsiella pneumoniae	50_to_75x	false	12	0	0.08333333333333333	0.9166666666666666	0.0009329050566734367	0.0017499740792468077	high
router	SAMN46862817	62	FN	10132	Klebsiella pneumoniae	50_to_75x	false	12	0	0.75	0.75	0.7849934510745252	0.9644304092228521	high
router	SAMN46862817	64	FN	8587	Klebsiella pneumoniae	50_to_75x	false	12	0	0.75	0.75	0.9137413354205492	0.9324135752714592	high
router	SAMN46862817	81	FN	2443	Klebsiella pneumoniae	50_to_75x	false	12	0	0.5833333333333334	0.5833333333333334	0.9123720989070611	0.9311654718610074	high
router	SAMN46862817	82	FN	2441	Klebsiella pneumoniae	50_to_75x	false	12	0	0.6	0.6	0.41091622035887077	0.9770396842397339	high
router	SAMN46862817	84	FN	1799	Klebsiella pneumoniae	50_to_75x	false	12	0	0.6363636363636364	0.6363636363636364	0.8888450515253362	0.9430680952883254	high
router	SAMN46862817	86	FN	1652	Klebsiella pneumoniae	50_to_75x	false	12	0	0.16666666666666666	0.8333333333333334	0.05896520028769574	0.040815189178199304	high
router	SAMN46862817	87	FN	1445	Klebsiella pneumoniae	50_to_75x	false	12	0	0.5833333333333334	0.5833333333333334	0.6590116123903239	0.9333328086697654	high
router	SAMN46862817	89	FN	1259	Klebsiella pneumoniae	50_to_75x	false	12	0	0.5833333333333334	0.5833333333333334	0.6716704421602296	0.9263970521281538	high
router	SAMN46862834	34	FN	35477	Klebsiella pneumoniae	30_to_50x	false	12	0	0.75	0.75	0.7944342199327958	0.5561309454350964	high
router	SAMN46862834	43	FN	10310	Klebsiella pneumoniae	30_to_50x	false	12	0	0.8181818181818182	0.8181818181818182	0.8184416904444722	0.3074077044758095	high
router	SAMN46862834	49	FN	3526	Klebsiella pneumoniae	30_to_50x	true	12	0	0.9166666666666666	0.9166666666666666	0.9931544050611385	0.6843940580603347	high
router	SAMN46862848	31	FN	2896	Klebsiella pneumoniae	30_to_50x	false	12	0	0.36363636363636365	0.6363636363636364	0.8467535683042626	0.1600917651060396	high
router	SAMN47264607	16	FN	43908	Enterococcus faecalis	ge_100x	true	12	0	0.8333333333333334	0.8333333333333334	0.9804785529293271	0.7688614662852257	high
router	SAMN47264607	23	FN	8096	Enterococcus faecalis	ge_100x	false	12	0	0.7272727272727273	0.7272727272727273	0.887808295433477	0.443001223819087	high
router	SAMN47264607	26	FN	3934	Enterococcus faecalis	ge_100x	false	12	0	0.9	0.9	0.9029070398528599	0.5367401381312834	high
router	SAMN47788335	18	FN	93611	Citrobacter spp.	ge_100x	true	12	0	0.9166666666666666	0.9166666666666666	0.9986702433695193	0.897728723028265	high
router	SAMN47788335	43	FN	11259	Citrobacter spp.	ge_100x	false	12	0	0.4166666666666667	0.5833333333333334	0.7995388125059335	0.11732209964556763	high
router	SAMN47788335	47	FN	4440	Citrobacter spp.	ge_100x	true	12	0	0.75	0.75	0.7849934510745252	0.4638481689389482	high
router	SAMN47788335	49	FN	4322	Citrobacter spp.	ge_100x	false	12	0	0.75	0.75	0.7944342199327958	0.46926176460237157	high
router	SAMN47788335	51	FN	4235	Citrobacter spp.	ge_100x	true	12	0	0.9	0.9	0.9402787710327908	0.8088760419111204	high
router	SAMN47788335	55	FN	2442	Citrobacter spp.	ge_100x	false	12	0	0.6666666666666666	0.6666666666666666	0.7889023520731259	0.42038277556513487	high
router	SAMN47788335	58	FN	2225	Citrobacter spp.	ge_100x	true	12	0	0.8333333333333334	0.8333333333333334	0.9929225458808841	0.7926691076506399	high
router	SAMN47788335	59	FN	1749	Citrobacter spp.	ge_100x	true	12	0	0.8333333333333334	0.8333333333333334	0.9929225458808841	0.8586464473735844	high
router	SAMN47788335	61	FN	1597	Citrobacter spp.	ge_100x	true	12	0	0.8	0.8	0.9420308381334653	0.7610712464701294	high
router	SAMN47788335	64	FN	1500	Citrobacter spp.	ge_100x	true	12	0	0.75	0.75	0.9635954046298301	0.8118270654358617	high
router	SAMN47788335	66	FN	1209	Citrobacter spp.	ge_100x	false	12	0	0.6666666666666666	0.6666666666666666	0.7792781134159518	0.5407355600225483	high
router	SAMN47788335	71	FN	1064	Citrobacter spp.	ge_100x	false	12	0	0.7272727272727273	0.7272727272727273	0.8178592258974834	0.6484325151523073	high
router	SAMN47788335	72	FN	1046	Citrobacter spp.	ge_100x	true	12	0	0.8	0.8	0.9420308381334653	0.8256695824460172	high
router	SAMN47788336	15	FN	132386	Enterobacter spp.	75_to_100x	true	12	0	0.9166666666666666	0.9166666666666666	0.9986702433695193	0.7456371815856173	high
router	SAMN47788336	31	FP	38808	Enterobacter spp.	75_to_100x	false	12	0	0.9166666666666666	0.9166666666666666	0.9986702433695193	0.7557586111225081	high
router	SAMN47788336	39	FP	8089	Enterobacter spp.	75_to_100x	false	12	0	0.9166666666666666	0.9166666666666666	0.9986702433695193	0.362342531581983	high
router	SAMN47788336	50	FN	2731	Enterobacter spp.	75_to_100x	true	12	0	0.8333333333333334	0.8333333333333334	0.9929919758226197	0.14723050416405092	high
router	SAMN47788336	51	FP	2179	Enterobacter spp.	75_to_100x	false	12	0	0.5833333333333334	0.5833333333333334	0.9364160330401656	0.7020720591783395	high
router	SAMN48144070	75	FN	6646	Enterococcus faecium	ge_100x	false	12	0	0.7272727272727273	0.7272727272727273	0.7600160144229514	0.8718539975370728	high
router	SAMN48144070	77	FN	6049	Enterococcus faecium	ge_100x	false	12	0	0.6666666666666666	0.6666666666666666	0.7840650748740505	0.6353773934984777	high
router	SAMN48144070	84	FN	4422	Enterococcus faecium	ge_100x	false	12	0	0.7272727272727273	0.7272727272727273	0.8483601213458016	0.9178794638486784	high
router	SAMN48144070	92	FN	3356	Enterococcus faecium	ge_100x	true	12	0	0.8333333333333334	0.8333333333333334	0.8727648359652314	0.8807740483773893	high
router	SAMN48144070	95	FN	2903	Enterococcus faecium	ge_100x	false	12	0	0.7	0.7	0.709562350662087	0.869793093795735	high
router	SAMN48144070	103	FN	2064	Enterococcus faecium	ge_100x	false	12	0	0.6363636363636364	0.6363636363636364	0.8169176780525376	0.8385592063836613	high
router	SAMN48144070	118	FN	1254	Enterococcus faecium	ge_100x	false	12	0	0.7272727272727273	0.7272727272727273	0.8933479043144746	0.8837390456792353	high
router	SAMN48144070	121	FN	1162	Enterococcus faecium	ge_100x	false	12	0	0.7	0.7	0.8486686844154954	0.8460992296129196	high
router	SAMN48185768	34	FN	19610	Klebsiella pneumoniae	ge_100x	false	12	0	0.75	0.75	0.7944342199327958	0.5627463315834573	high
router	SAMN48185768	38	FN	13465	Klebsiella pneumoniae	ge_100x	true	12	0	0.9090909090909091	0.9090909090909091	0.9857568595095695	0.7199229552869205	high
router	SAMN48185768	42	FN	6727	Klebsiella pneumoniae	ge_100x	true	12	0	0.8333333333333334	0.8333333333333334	0.9929225458808841	0.7499190703885522	high
router	SAMN48185768	49	FN	2231	Klebsiella pneumoniae	ge_100x	true	12	0	0.8333333333333334	0.8333333333333334	0.9929225458808841	0.6592763365168313	high
router	SAMN48185768	56	FN	1333	Klebsiella pneumoniae	ge_100x	false	12	0	0.6666666666666666	0.6666666666666666	0.9110606383483703	0.6052786241099629	high
router	SAMN48324032	91	FN	2186	Klebsiella pneumoniae	75_to_100x	true	12	0	0.75	0.75	0.9635954046298301	0.9389327156973939	high
router	SAMN48324032	93	FN	2092	Klebsiella pneumoniae	75_to_100x	false	12	0	0.6363636363636364	0.6363636363636364	0.7337646477914976	0.9336245957283996	high
router	SAMN48324061	24	FN	35209	Enterococcus faecium	ge_100x	false	12	0	0.8181818181818182	0.8181818181818182	0.8488630723085183	0.8642460237200635	high
router	SAMN48324061	48	FN	20046	Enterococcus faecium	ge_100x	false	12	0	0.8181818181818182	0.8181818181818182	0.8881976497022714	0.9253784317701642	high
router	SAMN48324061	66	FN	13678	Enterococcus faecium	ge_100x	true	12	0	0.9090909090909091	0.9090909090909091	0.976121211009001	0.9171471905892916	high
router	SAMN48324061	73	FN	11299	Enterococcus faecium	ge_100x	false	12	0	0.8	0.8	0.7979923847373591	0.8718160965679965	high
router	SAMN48324061	103	FN	5880	Enterococcus faecium	ge_100x	false	12	0	0.7272727272727273	0.7272727272727273	0.8483601213458016	0.6314817606993443	high
router	SAMN48324061	109	FN	4959	Enterococcus faecium	ge_100x	false	12	0	0.5833333333333334	0.5833333333333334	0.4065497721990849	0.0724338086986341	high
router	SAMN48324061	112	FP	4809	Enterococcus faecium	ge_100x	true	12	0	1.0	1.0	0.999822425133984	0.9607584343001326	high
router	SAMN48324061	127	FN	3080	Enterococcus faecium	ge_100x	false	12	0	0.6363636363636364	0.6363636363636364	0.8169176780525376	0.19950577680947093	high
router	SAMN48324061	128	FN	3071	Enterococcus faecium	ge_100x	false	12	0	0.6363636363636364	0.6363636363636364	0.5209033701734538	0.6264054973932562	high
router	SAMN48324061	130	FN	2718	Enterococcus faecium	ge_100x	false	12	0	0.7272727272727273	0.7272727272727273	0.7600160144229514	0.18666450884535918	high
router	SAMN48324061	139	FN	1757	Enterococcus faecium	ge_100x	false	12	0	0.6363636363636364	0.6363636363636364	0.8169176780525376	0.1980782006901268	high
router	SAMN48324061	142	FN	1528	Enterococcus faecium	ge_100x	false	12	0	0.7272727272727273	0.7272727272727273	0.887808295433477	0.5871338447231688	high
router	SAMN48324061	146	FN	1486	Enterococcus faecium	ge_100x	true	12	0	0.5833333333333334	0.5833333333333334	0.7431680099185886	0.4055113399862152	high
router	SAMN48324061	147	FN	1476	Enterococcus faecium	ge_100x	false	12	0	0.6666666666666666	0.6666666666666666	0.5048983372430645	0.7675814542589875	high
router	SAMN48324061	151	FN	1380	Enterococcus faecium	ge_100x	true	12	0	0.6363636363636364	0.6363636363636364	0.8252686979418431	0.1980782006901268	high
router	SAMN48324061	152	FN	1322	Enterococcus faecium	ge_100x	false	12	0	0.18181818181818182	0.8181818181818182	0.17407431260259637	0.0015007329747298197	high
router	SAMN48324061	162	FN	1058	Enterococcus faecium	ge_100x	false	12	0	0.5555555555555556	0.5555555555555556	0.18502344628014403	0.713392439520786	high
router	SAMN48387103	20	FN	29714	Enterococcus faecalis	ge_100x	false	11	1	0.7	0.7	0.8204970208933287	0.493664650167229	high
router	SAMN48387103	26	FN	13844	Enterococcus faecalis	ge_100x	false	11	1	0.8	0.8	0.8873677037439187	0.5577694927246775	high
router	SAMN48387103	28	FN	11716	Enterococcus faecalis	ge_100x	false	11	1	0.9	0.9	0.8841666413000097	0.5556004111161228	high
router	SAMN48387103	29	FN	11669	Enterococcus faecalis	ge_100x	false	11	1	0.8	0.8	0.8168427499818484	0.4972863354097403	high
router	SAMN48387103	33	FN	8030	Enterococcus faecalis	ge_100x	false	11	1	0.9	0.9	0.8782151597783769	0.27797227468669544	high
router	SAMN48387103	38	FN	3796	Enterococcus faecalis	ge_100x	false	11	1	0.5555555555555556	0.5555555555555556	0.1451054765625252	0.18958589130873646	high
router	SAMN48387103	40	FN	2914	Enterococcus faecalis	ge_100x	false	11	1	0.9	0.9	0.8782151597783769	0.2330887825445125	high
router	SAMN48387103	42	FN	2426	Enterococcus faecalis	ge_100x	false	11	1	0.7777777777777778	0.7777777777777778	0.6406030436342399	0.24398509666520288	high
router	SAMN48387103	43	FN	2402	Enterococcus faecalis	ge_100x	false	11	1	0.75	0.75	0.4792225999296653	0.1533005063410862	high
router	SAMN48387103	44	FN	1883	Enterococcus faecalis	ge_100x	false	11	1	0.7	0.7	0.82152876598849	0.30516795959672055	high
router	SAMN48387103	50	FN	1307	Enterococcus faecalis	ge_100x	false	11	1	0.7777777777777778	0.7777777777777778	0.8379661733967948	0.4398526357411335	high
router	SAMN48387105	21	FN	55383	Enterococcus faecalis	ge_100x	false	12	0	0.7272727272727273	0.7272727272727273	0.7600160144229514	0.8237406913765171	high
router	SAMN48387105	28	FN	31180	Enterococcus faecalis	ge_100x	false	12	0	0.18181818181818182	0.8181818181818182	0.17407431260259637	0.004134446060822323	high
router	SAMN48387105	29	FN	26480	Enterococcus faecalis	ge_100x	false	12	0	0.8181818181818182	0.8181818181818182	0.8488630723085183	0.9377075652695194	high
router	SAMN48387105	42	FN	5269	Enterococcus faecalis	ge_100x	true	12	0	0.6363636363636364	0.6363636363636364	0.4503306221323281	0.7945769580865198	high
router	SAMN48387105	47	FN	1938	Enterococcus faecalis	ge_100x	true	12	0	0.7272727272727273	0.7272727272727273	0.8933479043144746	0.7632563384592572	high
router	SAMN48387105	48	FN	1918	Enterococcus faecalis	ge_100x	true	12	0	0.6363636363636364	0.6363636363636364	0.6194629902269139	0.7593033706211205	high
router	SAMN48451385	43	FN	40985	Citrobacter spp.	75_to_100x	true	12	0	0.8333333333333334	0.8333333333333334	0.9508635198395291	0.9452765342494782	high
router	SAMN48451385	49	FP	31859	Citrobacter spp.	75_to_100x	false	12	0	0.36363636363636365	0.6363636363636364	0.9500645902282465	0.5109672273729836	high
router	SAMN48451385	62	FN	19648	Citrobacter spp.	75_to_100x	false	12	0	0.0	1.0	0.0005025181506132203	0.00033583104148357274	high
router	SAMN48451385	63	FN	19421	Citrobacter spp.	75_to_100x	false	12	0	0.3333333333333333	0.6666666666666666	0.900702896221801	0.25684668391110654	high
router	SAMN48451385	80	FN	9981	Citrobacter spp.	75_to_100x	true	12	0	0.8333333333333334	0.8333333333333334	0.9508635198395291	0.9085785099845443	high
router	SAMN48451385	83	FN	8637	Citrobacter spp.	75_to_100x	false	12	0	0.6666666666666666	0.6666666666666666	0.7681944219408894	0.7493251902755822	high
router	SAMN48451385	88	FN	7570	Citrobacter spp.	75_to_100x	false	12	0	0.6666666666666666	0.6666666666666666	0.33370955273112396	0.1082313436081047	high
router	SAMN48451385	92	FN	6571	Citrobacter spp.	75_to_100x	false	12	0	0.75	0.75	0.9137413354205492	0.4316706443503394	high
router	SAMN48451385	93	FN	6570	Citrobacter spp.	75_to_100x	false	12	0	0.6666666666666666	0.6666666666666666	0.9110606383483703	0.4372468851788089	high
router	SAMN48451385	94	FN	5567	Citrobacter spp.	75_to_100x	false	12	0	0.5	0.5	0.7199770375228083	0.6661398356999052	high
router	SAMN48451385	95	FN	5468	Citrobacter spp.	75_to_100x	false	12	0	0.75	0.75	0.8299760205088481	0.8114044968486327	high
router	SAMN48451385	96	FN	5171	Citrobacter spp.	75_to_100x	false	12	0	0.25	0.75	0.03994339101956933	0.00045475645337781224	high
router	SAMN48451385	101	FN	4360	Citrobacter spp.	75_to_100x	false	12	0	0.2727272727272727	0.7272727272727273	0.009962496472082768	0.0028427211557275926	high
router	SAMN48451385	105	FN	4037	Citrobacter spp.	75_to_100x	false	12	0	0.6666666666666666	0.6666666666666666	0.9110606383483703	0.4758732680655004	high
router	SAMN48451385	106	FN	3745	Citrobacter spp.	75_to_100x	false	12	0	0.08333333333333333	0.9166666666666666	0.01874023391234934	0.0021934225313877684	high
router	SAMN48451385	107	FN	3526	Citrobacter spp.	75_to_100x	true	12	0	0.8333333333333334	0.8333333333333334	0.9508635198395291	0.8984835870929028	high
router	SAMN48451385	108	FN	3350	Citrobacter spp.	75_to_100x	false	12	0	0.3333333333333333	0.6666666666666666	0.6124642966684529	0.1701789283138429	high
router	SAMN48451385	110	FN	3255	Citrobacter spp.	75_to_100x	false	12	0	0.75	0.75	0.9137413354205492	0.4213165434105585	high
router	SAMN48451385	111	FN	3134	Citrobacter spp.	75_to_100x	false	12	0	0.7272727272727273	0.7272727272727273	0.8892312567067122	0.48967513762235293	high
router	SAMN48451385	112	FN	2857	Citrobacter spp.	75_to_100x	false	12	0	0.5833333333333334	0.5833333333333334	0.28526982757881375	0.41535370094563234	high
router	SAMN48451385	114	FN	2587	Citrobacter spp.	75_to_100x	false	12	0	0.2727272727272727	0.7272727272727273	0.26357456464185913	0.0016343448605119753	high
router	SAMN48451385	115	FN	2582	Citrobacter spp.	75_to_100x	false	12	0	0.6666666666666666	0.6666666666666666	0.7495178318541625	0.5155266872082597	high
router	SAMN48451385	116	FN	2380	Citrobacter spp.	75_to_100x	false	12	0	0.5833333333333334	0.5833333333333334	0.7820679522767201	0.7925813934339057	high
router	SAMN48451385	121	FN	2268	Citrobacter spp.	75_to_100x	false	12	0	0.25	0.75	0.45973247158771274	0.0014045401145128791	high
router	SAMN48451385	122	FN	2197	Citrobacter spp.	75_to_100x	false	12	0	0.0	1.0	0.0005025181506132203	0.0004031743064177074	high
router	SAMN48451385	123	FN	1973	Citrobacter spp.	75_to_100x	false	12	0	0.2727272727272727	0.7272727272727273	0.8145780231310671	0.0015477502186793874	high
router	SAMN48451385	124	FN	1940	Citrobacter spp.	75_to_100x	false	12	0	0.2727272727272727	0.7272727272727273	0.8145780231310671	0.0015477502186793874	high
router	SAMN48451385	130	FN	1530	Citrobacter spp.	75_to_100x	false	12	0	0.5833333333333334	0.5833333333333334	0.41351818300752446	0.8361912371060384	high
router	SAMN48451385	132	FN	1520	Citrobacter spp.	75_to_100x	false	12	0	0.18181818181818182	0.8181818181818182	0.0012162518860161882	0.007380508026805812	high
router	SAMN48451385	135	FN	1399	Citrobacter spp.	75_to_100x	true	12	0	0.75	0.75	0.9492724375550261	0.8454184843684849	high
router	SAMN48451385	136	FN	1374	Citrobacter spp.	75_to_100x	false	12	0	0.7272727272727273	0.7272727272727273	0.8178592258974834	0.8934247039493078	high
router	SAMN48451385	143	FN	1275	Citrobacter spp.	75_to_100x	false	12	0	0.5	0.5	0.6626635377643523	0.374300311058508	high
router	SAMN48451385	146	FN	1197	Citrobacter spp.	75_to_100x	false	12	0	0.45454545454545453	0.5454545454545454	0.7124196388009779	0.864689071464396	high
router	SAMN48451385	153	FN	1054	Citrobacter spp.	75_to_100x	false	12	0	0.5833333333333334	0.5833333333333334	0.9123720989070611	0.43527555208305574	high
router	SAMN48451385	154	FN	1044	Citrobacter spp.	75_to_100x	false	12	0	0.6363636363636364	0.6363636363636364	0.8246003264020063	0.8934247039493078	high
router	SAMN48451385	155	FN	1003	Citrobacter spp.	75_to_100x	false	12	0	0.0	1.0	0.019011907462895737	0.0016524973571762811	high
router	SAMN48541670	75	FN	7402	Enterococcus faecium	ge_100x	true	12	0	0.75	0.75	0.9655381836056843	0.8949680816254132	high
router	SAMN48541670	83	FN	5700	Enterococcus faecium	ge_100x	true	12	0	0.9090909090909091	0.9090909090909091	0.976121211009001	0.91037056935107	high
router	SAMN48541670	89	FN	4790	Enterococcus faecium	ge_100x	true	12	0	0.9090909090909091	0.9090909090909091	0.976121211009001	0.91037056935107	high
router	SAMN48541670	106	FN	3221	Enterococcus faecium	ge_100x	false	12	0	0.8	0.8	0.8445604366929245	0.4495762696513227	high
router	SAMN48541670	110	FN	3020	Enterococcus faecium	ge_100x	false	12	0	0.7272727272727273	0.7272727272727273	0.8175024816909233	0.2966735814437225	high
router	SAMN48541670	111	FN	2915	Enterococcus faecium	ge_100x	false	12	0	0.8181818181818182	0.8181818181818182	0.8881976497022714	0.8381616066050322	high
router	SAMN48541670	112	FN	2845	Enterococcus faecium	ge_100x	true	12	0	0.9090909090909091	0.9090909090909091	0.976121211009001	0.8587316615886275	high
router	SAMN48541670	124	FN	2100	Enterococcus faecium	ge_100x	false	12	0	0.6363636363636364	0.6363636363636364	0.8252686979418431	0.2860713470850552	high
router	SAMN48541670	125	FN	2100	Enterococcus faecium	ge_100x	false	12	0	0.7272727272727273	0.7272727272727273	0.8933479043144746	0.7021775261345994	high
router	SAMN48541670	132	FN	1762	Enterococcus faecium	ge_100x	false	12	0	0.8	0.8	0.9056454774147001	0.8926436990019393	high
router	SAMN48541670	133	FN	1747	Enterococcus faecium	ge_100x	false	12	0	0.8	0.8	0.9056454774147001	0.8926436990019393	high
router	SAMN48541670	151	FN	1227	Enterococcus faecium	ge_100x	false	12	0	0.6363636363636364	0.6363636363636364	0.8252686979418431	0.3026144505381817	high
router	SAMN48541670	154	FN	1108	Enterococcus faecium	ge_100x	false	12	0	0.8181818181818182	0.8181818181818182	0.8937203351298281	0.8262471624916715	high
router	SAMN48668204	19	FN	38435	Enterococcus faecium	ge_100x	true	12	0	0.9090909090909091	0.9090909090909091	0.9988498180665119	0.5729783532890248	high
router	SAMN48668204	74	FN	10666	Enterococcus faecium	ge_100x	false	12	0	0.7	0.7	0.9220564628012747	0.36866994880985826	high
router	SAMN48668204	77	FN	9447	Enterococcus faecium	ge_100x	false	12	0	0.7272727272727273	0.7272727272727273	0.7600160144229514	0.21205765797758466	high
router	SAMN48668204	87	FN	8203	Enterococcus faecium	ge_100x	false	12	0	0.8	0.8	0.8445604366929245	0.4350897730339039	high
router	SAMN48668204	93	FN	6672	Enterococcus faecium	ge_100x	true	12	0	0.75	0.75	0.9655381836056843	0.8530378731781654	high
router	SAMN48668204	98	FN	6258	Enterococcus faecium	ge_100x	true	12	0	0.9090909090909091	0.9090909090909091	0.976121211009001	0.8684213988561268	high
router	SAMN48668204	100	FN	6138	Enterococcus faecium	ge_100x	false	12	0	0.6666666666666666	0.6666666666666666	0.7840650748740505	0.08389023606483663	high
router	SAMN48668204	101	FN	5881	Enterococcus faecium	ge_100x	false	12	0	0.8181818181818182	0.8181818181818182	0.8488630723085183	0.8060485981083086	high
router	SAMN48668204	103	FN	5685	Enterococcus faecium	ge_100x	false	12	0	0.8	0.8	0.5696980024516697	0.8582336083676007	high
router	SAMN48668204	104	FN	5676	Enterococcus faecium	ge_100x	false	12	0	0.9	0.9	0.9029070398528599	0.8843938723503636	high
router	SAMN48668204	118	FN	3849	Enterococcus faecium	ge_100x	false	12	0	0.9	0.9	0.9029070398528599	0.8378120895521575	high
router	SAMN48668204	129	FN	2747	Enterococcus faecium	ge_100x	false	12	0	0.9	0.9	0.9029070398528599	0.8378120895521575	high
router	SAMN48668204	136	FN	2172	Enterococcus faecium	ge_100x	true	12	0	0.8181818181818182	0.8181818181818182	0.9760297891223917	0.7649794304126	high
router	SAMN48668204	138	FN	2033	Enterococcus faecium	ge_100x	false	12	0	0.6363636363636364	0.6363636363636364	0.7593012364223598	0.20086752162254973	high
router	SAMN48668204	140	FN	1879	Enterococcus faecium	ge_100x	false	12	0	0.7272727272727273	0.7272727272727273	0.8483601213458016	0.6407423642723972	high
router	SAMN48668204	145	FN	1683	Enterococcus faecium	ge_100x	false	12	0	0.7272727272727273	0.7272727272727273	0.8483601213458016	0.6588672998537486	high
router	SAMN48668204	158	FN	1314	Enterococcus faecium	ge_100x	false	12	0	0.7272727272727273	0.7272727272727273	0.8933479043144746	0.6349372387023224	high
router	SAMN48668204	170	FN	1006	Enterococcus faecium	ge_100x	false	12	0	0.5454545454545454	0.5454545454545454	0.3935474404745652	0.2139600647395701	high
router	SAMN49384630	36	FN	28639	Enterococcus faecium	ge_100x	false	12	0	0.7272727272727273	0.7272727272727273	0.7600160144229514	0.24929971306092738	high
router	SAMN49384630	62	FN	13447	Enterococcus faecium	ge_100x	false	12	0	0.8	0.8	0.919752115213786	0.5363755688450256	high
router	SAMN49384630	65	FN	12042	Enterococcus faecium	ge_100x	false	12	0	0.8181818181818182	0.8181818181818182	0.8488630723085183	0.8142407572231117	high
router	SAMN49384630	69	FN	10757	Enterococcus faecium	ge_100x	false	12	0	0.8181818181818182	0.8181818181818182	0.8488630723085183	0.8142407572231117	high
router	SAMN49384630	72	FN	10458	Enterococcus faecium	ge_100x	false	12	0	0.0	1.0	0.019011907462895737	0.001830090611554166	high
router	SAMN49384630	73	FN	10073	Enterococcus faecium	ge_100x	true	12	0	0.6363636363636364	0.6363636363636364	0.39448219766981507	0.21713587055315453	high
router	SAMN49384630	77	FN	9302	Enterococcus faecium	ge_100x	false	12	0	0.0	1.0	0.004013241517556705	0.0011512493064297924	high
router	SAMN49384630	87	FN	7852	Enterococcus faecium	ge_100x	false	12	0	0.2	0.8	0.014520324261954938	0.0013283791384453957	high
router	SAMN49384630	89	FN	6800	Enterococcus faecium	ge_100x	true	12	0	0.8181818181818182	0.8181818181818182	0.9584194035239814	0.4407217477304493	high
router	SAMN49384630	94	FN	6338	Enterococcus faecium	ge_100x	false	12	0	0.8	0.8	0.919752115213786	0.5288750737043378	high
router	SAMN49384630	100	FN	5906	Enterococcus faecium	ge_100x	false	12	0	0.1111111111111111	0.8888888888888888	0.005146278803228531	0.0016948451588021482	high
router	SAMN49384630	101	FN	5695	Enterococcus faecium	ge_100x	false	12	0	0.8181818181818182	0.8181818181818182	0.8488630723085183	0.8060485981083086	high
router	SAMN49384630	107	FN	5224	Enterococcus faecium	ge_100x	false	12	0	0.0	1.0	0.0010125226022510867	0.001812240781315472	high
router	SAMN49384630	109	FN	5054	Enterococcus faecium	ge_100x	false	12	0	0.6666666666666666	0.6666666666666666	0.7840650748740505	0.0854644847030891	high
router	SAMN49384630	112	FN	4528	Enterococcus faecium	ge_100x	false	12	0	0.0	1.0	0.004013241517556705	0.0011748443176053903	high
router	SAMN49384630	116	FN	4422	Enterococcus faecium	ge_100x	false	12	0	0.7272727272727273	0.7272727272727273	0.7600160144229514	0.2154713481661654	high
router	SAMN49384630	117	FN	4331	Enterococcus faecium	ge_100x	false	12	0	0.8	0.8	0.919752115213786	0.5339328881322516	high
router	SAMN49384630	121	FN	4005	Enterococcus faecium	ge_100x	false	12	0	0.0	1.0	0.004013241517556705	0.0011748443176053903	high
router	SAMN49384630	122	FN	3891	Enterococcus faecium	ge_100x	false	12	0	0.8	0.8	0.919752115213786	0.4361665327127485	high
router	SAMN49384630	124	FN	3789	Enterococcus faecium	ge_100x	false	12	0	0.0	1.0	0.0005025181506132203	0.00033429076502390864	high
router	SAMN49384630	127	FN	3587	Enterococcus faecium	ge_100x	false	12	0	0.7272727272727273	0.7272727272727273	0.7600160144229514	0.2154713481661654	high
router	SAMN49384630	139	FN	2271	Enterococcus faecium	ge_100x	false	12	0	0.7272727272727273	0.7272727272727273	0.8483601213458016	0.6407423642723972	high
router	SAMN49384630	143	FN	2231	Enterococcus faecium	ge_100x	true	12	0	0.5833333333333334	0.5833333333333334	0.7431680099185886	0.3682389320189895	high
router	SAMN49384630	148	FN	1896	Enterococcus faecium	ge_100x	true	12	0	0.7272727272727273	0.7272727272727273	0.9582631066501253	0.21442826583797642	high
router	SAMN49384630	153	FN	1800	Enterococcus faecium	ge_100x	false	12	0	0.8	0.8	0.9056454774147001	0.8438211798287509	high
router	SAMN49384630	154	FN	1779	Enterococcus faecium	ge_100x	true	12	0	0.6363636363636364	0.6363636363636364	0.8923014615233407	0.629880675823485	high
router	SAMN49384630	157	FN	1699	Enterococcus faecium	ge_100x	true	12	0	0.8181818181818182	0.8181818181818182	0.9857017881103314	0.8823012488032587	high
router	SAMN49384630	158	FN	1604	Enterococcus faecium	ge_100x	false	12	0	0.7	0.7	0.9220564628012747	0.2963142692994298	high
router	SAMN49384630	160	FN	1523	Enterococcus faecium	ge_100x	false	12	0	0.6666666666666666	0.6666666666666666	0.8460108058394284	0.8015535199466604	high
router	SAMN49384630	166	FN	1479	Enterococcus faecium	ge_100x	false	12	0	0.09090909090909091	0.9090909090909091	0.013355287801932665	0.014228421890125452	high
router	SAMN49384630	168	FN	1474	Enterococcus faecium	ge_100x	false	12	0	0.7	0.7	0.9220564628012747	0.2963142692994298	high
router	SAMN49384630	169	FN	1474	Enterococcus faecium	ge_100x	false	12	0	0.6363636363636364	0.6363636363636364	0.8252686979418431	0.22815234774400717	high
router	SAMN49384630	172	FN	1378	Enterococcus faecium	ge_100x	false	12	0	0.6666666666666666	0.6666666666666666	0.5191034953371234	0.8015535199466604	high
router	SAMN49384630	174	FN	1354	Enterococcus faecium	ge_100x	false	12	0	0.7777777777777778	0.7777777777777778	0.8290234405911397	0.8015535199466604	high
router	SAMN49384630	181	FN	1193	Enterococcus faecium	ge_100x	false	12	0	0.6363636363636364	0.6363636363636364	0.6194629902269139	0.629880675823485	high
router	SAMN49384630	185	FN	1009	Enterococcus faecium	ge_100x	false	12	0	0.7	0.7	0.8486686844154954	0.2241481036445486	high
router	SAMN49384630	187	FN	1005	Enterococcus faecium	ge_100x	false	12	0	0.6363636363636364	0.6363636363636364	0.8252686979418431	0.22815234774400717	high
router	SAMN49947234	48	FN	7106	Enterococcus faecium	ge_100x	false	12	0	0.8181818181818182	0.8181818181818182	0.8488630723085183	0.983749280185375	high
router	SAMN49947234	50	FN	6609	Enterococcus faecium	ge_100x	false	12	0	0.6666666666666666	0.6666666666666666	0.7840650748740505	0.761496746203756	high
router	SAMN49947234	52	FN	6250	Enterococcus faecium	ge_100x	false	12	0	0.6363636363636364	0.6363636363636364	0.8169176780525376	0.9327430698853513	high
router	SAMN49947234	55	FN	5814	Enterococcus faecium	ge_100x	false	12	0	0.7272727272727273	0.7272727272727273	0.8258325137717292	0.9257508404174581	high
router	SAMN49947234	56	FN	5174	Enterococcus faecium	ge_100x	false	12	0	0.36363636363636365	0.6363636363636364	0.9139151480889973	0.7823251751800582	high
router	SAMN49947234	57	FN	5123	Enterococcus faecium	ge_100x	false	12	0	0.5454545454545454	0.5454545454545454	0.45045520157690894	0.6441736227224095	high
router	SAMN49947234	61	FN	4067	Enterococcus faecium	ge_100x	false	12	0	0.6363636363636364	0.6363636363636364	0.8242539482520607	0.905273726303409	high
router	SAMN49947234	63	FN	3444	Enterococcus faecium	ge_100x	false	12	0	0.8181818181818182	0.8181818181818182	0.8881976497022714	0.9763061236639584	high
router	SAMN49947234	65	FN	3208	Enterococcus faecium	ge_100x	false	12	0	0.8	0.8	0.8070027099899361	0.9838346246514406	high
router	SAMN49947234	66	FN	3191	Enterococcus faecium	ge_100x	false	12	0	0.7272727272727273	0.7272727272727273	0.8175024816909233	0.905273726303409	high
router	SAMN49947234	67	FN	3132	Enterococcus faecium	ge_100x	false	12	0	0.7272727272727273	0.7272727272727273	0.8258325137717292	0.8957449020806686	high
router	SAMN49947234	69	FN	2600	Enterococcus faecium	ge_100x	false	12	0	0.6363636363636364	0.6363636363636364	0.7682914022582797	0.9271227831462956	high
router	SAMN49947234	70	FN	2353	Enterococcus faecium	ge_100x	false	12	0	0.7272727272727273	0.7272727272727273	0.887808295433477	0.9505972431332407	high
router	SAMN49947234	73	FN	2125	Enterococcus faecium	ge_100x	false	12	0	0.7272727272727273	0.7272727272727273	0.8483601213458016	0.9629340125816108	high
router	SAMN49947234	75	FN	1643	Enterococcus faecium	ge_100x	false	12	0	0.75	0.75	0.868993273587535	0.9005737628204598	high
router	SAMN49947234	77	FN	1590	Enterococcus faecium	ge_100x	false	12	0	0.7272727272727273	0.7272727272727273	0.887808295433477	0.954206902738424	high
router	SAMN49947234	79	FN	1527	Enterococcus faecium	ge_100x	false	12	0	0.7	0.7	0.9220564628012747	0.9362324090342802	high
router	SAMN49947234	84	FN	1088	Enterococcus faecium	ge_100x	false	12	0	0.7777777777777778	0.7777777777777778	0.8290234405911397	0.980180579288563	high
router	SAMN50584031	69	FP	8787	Enterobacter spp.	75_to_100x	false	12	0	0.8181818181818182	0.8181818181818182	0.9343710701839543	0.979702329928501	high
router	SAMN50584031	90	FN	2581	Enterobacter spp.	75_to_100x	false	12	0	0.8181818181818182	0.8181818181818182	0.8184416904444722	0.9751525035503804	high
router	SAMN50584031	91	FN	2527	Enterobacter spp.	75_to_100x	false	12	0	0.7272727272727273	0.7272727272727273	0.8251658420119253	0.9601843744757297	high
router	SAMN50584031	92	FN	2246	Enterobacter spp.	75_to_100x	false	12	0	0.7272727272727273	0.7272727272727273	0.8705147387133599	0.9582903785802507	high
router	SAMN50584031	95	FN	1839	Enterobacter spp.	75_to_100x	false	12	0	0.4	0.6	0.28784870065228013	0.8855903528357424	high
router	SAMN50584031	102	FN	1464	Enterobacter spp.	75_to_100x	false	12	0	0.6666666666666666	0.6666666666666666	0.7889023520731259	0.9395101218024469	high
router	SAMN50584031	107	FN	1220	Enterobacter spp.	75_to_100x	false	12	0	0.36363636363636365	0.6363636363636364	0.34269161010499044	0.7557329153056801	high
router	SAMN50713126	17	FN	3526	Citrobacter spp.	75_to_100x	true	12	0	0.9166666666666666	0.9166666666666666	0.9931544050611385	0.8643274901155388	high
router	SAMN50713126	20	FN	2231	Citrobacter spp.	75_to_100x	true	12	0	0.8333333333333334	0.8333333333333334	0.9929225458808841	0.8458366590620616	high
router	SAMN50713126	21	FN	1653	Citrobacter spp.	75_to_100x	true	12	0	0.6666666666666666	0.6666666666666666	0.84091765654465	0.9075533404476234	high
router	SAMN51335551	25	FN	72263	Citrobacter spp.	75_to_100x	false	12	0	0.75	0.75	0.9137413354205492	0.9389493446683005	high
router	SAMN51335551	39	FN	21377	Citrobacter spp.	75_to_100x	false	12	0	0.75	0.75	0.7944342199327958	0.9782389051005506	high
router	SAMN51335551	69	FN	3187	Citrobacter spp.	75_to_100x	true	12	0	0.7272727272727273	0.7272727272727273	0.9749197634439232	0.9468184715404284	high
router	SAMN51335551	70	FP	2900	Citrobacter spp.	75_to_100x	false	12	0	0.4166666666666667	0.5833333333333334	0.959724830623704	0.8055375466955882	high
router	SAMN51335551	87	FN	1016	Citrobacter spp.	75_to_100x	false	12	0	0.6363636363636364	0.6363636363636364	0.8831021646495479	0.9485202026373054	high
router	SAMN51335576	36	FN	32864	Enterobacter spp.	75_to_100x	true	12	0	0.75	0.75	0.7849934510745252	0.7152959648030646	high
router	SAMN51335576	48	FN	13977	Enterobacter spp.	75_to_100x	false	12	0	0.75	0.75	0.7849934510745252	0.5019847779134418	high
router	SAMN51335576	50	FN	11531	Enterobacter spp.	75_to_100x	false	12	0	0.6363636363636364	0.6363636363636364	0.18336701473265307	0.2922023285050998	high
router	SAMN51335576	51	FN	11355	Enterobacter spp.	75_to_100x	false	12	0	0.75	0.75	0.7849934510745252	0.5019847779134418	high
router	SAMN51335576	55	FN	6360	Enterobacter spp.	75_to_100x	false	12	0	0.7272727272727273	0.7272727272727273	0.4669708707795387	0.49602081794556074	high
router	SAMN51335576	56	FN	5611	Enterobacter spp.	75_to_100x	false	12	0	0.75	0.75	0.7944342199327958	0.4084626164806429	high
router	SAMN51335576	60	FN	2961	Enterobacter spp.	75_to_100x	false	12	0	0.4166666666666667	0.5833333333333334	0.8530807746042097	0.36570458159591257	high
router	SAMN51335576	62	FN	1774	Enterobacter spp.	75_to_100x	false	12	0	0.6363636363636364	0.6363636363636364	0.6194629902269139	0.44958839712131315	high
router	SAMN51335576	67	FN	1250	Enterobacter spp.	75_to_100x	false	12	0	0.2727272727272727	0.7272727272727273	0.6022492638104996	0.011653634308451082	high
